solid OpenSCAD_Model
  facet normal 1 -0 0
    outer loop
      vertex 25 15 3
      vertex 25 18 0
      vertex 25 18 3
    endloop
  endfacet
  facet normal 1 0 0
    outer loop
      vertex 25 18 0
      vertex 25 15 3
      vertex 25 15 0
    endloop
  endfacet
  facet normal -1 0 0
    outer loop
      vertex 37 15 0
      vertex 37 18 3
      vertex 37 18 0
    endloop
  endfacet
  facet normal -1 -0 0
    outer loop
      vertex 37 18 3
      vertex 37 15 0
      vertex 37 15 3
    endloop
  endfacet
  facet normal 0 -1 0
    outer loop
      vertex 25 18 0
      vertex 37 18 3
      vertex 25 18 3
    endloop
  endfacet
  facet normal 0 -1 -0
    outer loop
      vertex 37 18 3
      vertex 25 18 0
      vertex 37 18 0
    endloop
  endfacet
  facet normal 0 1 -0
    outer loop
      vertex 37 15 0
      vertex 25 15 3
      vertex 37 15 3
    endloop
  endfacet
  facet normal 0 1 0
    outer loop
      vertex 25 15 3
      vertex 37 15 0
      vertex 25 15 0
    endloop
  endfacet
  facet normal 1 -0 0
    outer loop
      vertex 47 15 3
      vertex 47 18 0
      vertex 47 18 3
    endloop
  endfacet
  facet normal 1 0 0
    outer loop
      vertex 47 18 0
      vertex 47 15 3
      vertex 47 15 0
    endloop
  endfacet
  facet normal -1 0 0
    outer loop
      vertex 59 15 0
      vertex 59 18 3
      vertex 59 18 0
    endloop
  endfacet
  facet normal -1 -0 0
    outer loop
      vertex 59 18 3
      vertex 59 15 0
      vertex 59 15 3
    endloop
  endfacet
  facet normal 0 1 -0
    outer loop
      vertex 59 15 0
      vertex 47 15 3
      vertex 59 15 3
    endloop
  endfacet
  facet normal 0 1 0
    outer loop
      vertex 47 15 3
      vertex 59 15 0
      vertex 47 15 0
    endloop
  endfacet
  facet normal 0 -1 0
    outer loop
      vertex 47 18 0
      vertex 59 18 3
      vertex 47 18 3
    endloop
  endfacet
  facet normal 0 -1 -0
    outer loop
      vertex 59 18 3
      vertex 47 18 0
      vertex 59 18 0
    endloop
  endfacet
  facet normal 1 -0 0
    outer loop
      vertex 69 15 3
      vertex 69 18 0
      vertex 69 18 3
    endloop
  endfacet
  facet normal 1 0 0
    outer loop
      vertex 69 18 0
      vertex 69 15 3
      vertex 69 15 0
    endloop
  endfacet
  facet normal -1 0 0
    outer loop
      vertex 81 15 0
      vertex 81 18 3
      vertex 81 18 0
    endloop
  endfacet
  facet normal -1 -0 0
    outer loop
      vertex 81 18 3
      vertex 81 15 0
      vertex 81 15 3
    endloop
  endfacet
  facet normal 0 -1 0
    outer loop
      vertex 69 18 0
      vertex 81 18 3
      vertex 69 18 3
    endloop
  endfacet
  facet normal 0 -1 -0
    outer loop
      vertex 81 18 3
      vertex 69 18 0
      vertex 81 18 0
    endloop
  endfacet
  facet normal 0 1 -0
    outer loop
      vertex 81 15 0
      vertex 69 15 3
      vertex 81 15 3
    endloop
  endfacet
  facet normal 0 1 0
    outer loop
      vertex 69 15 3
      vertex 81 15 0
      vertex 69 15 0
    endloop
  endfacet
  facet normal 1 -0 0
    outer loop
      vertex 91 15 3
      vertex 91 18 0
      vertex 91 18 3
    endloop
  endfacet
  facet normal 1 0 0
    outer loop
      vertex 91 18 0
      vertex 91 15 3
      vertex 91 15 0
    endloop
  endfacet
  facet normal -1 0 0
    outer loop
      vertex 103 16 1.56551
      vertex 103 18 0
      vertex 103 16 0
    endloop
  endfacet
  facet normal -1 0 0
    outer loop
      vertex 103 18 0
      vertex 103 16 1.56551
      vertex 103 18 3
    endloop
  endfacet
  facet normal -1 0 0
    outer loop
      vertex 103 15 3
      vertex 103 16 1.56551
      vertex 103 15 1.56551
    endloop
  endfacet
  facet normal -1 0 0
    outer loop
      vertex 103 16 1.56551
      vertex 103 15 3
      vertex 103 18 3
    endloop
  endfacet
  facet normal 0 1 -0
    outer loop
      vertex 100 15 0
      vertex 91 15 3
      vertex 100 15 3
    endloop
  endfacet
  facet normal 0 1 0
    outer loop
      vertex 91 15 3
      vertex 100 15 0
      vertex 91 15 0
    endloop
  endfacet
  facet normal 0 1 0
    outer loop
      vertex 103 15 3
      vertex 102.258 15 2.82847
      vertex 102.25 15 3
    endloop
  endfacet
  facet normal 0 1 0
    outer loop
      vertex 103 15 3
      vertex 102.284 15 2.65859
      vertex 102.258 15 2.82847
    endloop
  endfacet
  facet normal 0 1 0
    outer loop
      vertex 103 15 3
      vertex 102.325 15 2.492
      vertex 102.284 15 2.65859
    endloop
  endfacet
  facet normal 0 1 0
    outer loop
      vertex 103 15 3
      vertex 102.383 15 2.3303
      vertex 102.325 15 2.492
    endloop
  endfacet
  facet normal 0 1 0
    outer loop
      vertex 103 15 3
      vertex 102.457 15 2.17506
      vertex 102.383 15 2.3303
    endloop
  endfacet
  facet normal 0 1 0
    outer loop
      vertex 103 15 3
      vertex 102.545 15 2.02775
      vertex 102.457 15 2.17506
    endloop
  endfacet
  facet normal 0 1 0
    outer loop
      vertex 103 15 3
      vertex 102.647 15 1.88981
      vertex 102.545 15 2.02775
    endloop
  endfacet
  facet normal 0 1 0
    outer loop
      vertex 103 15 3
      vertex 102.763 15 1.76256
      vertex 102.647 15 1.88981
    endloop
  endfacet
  facet normal 0 1 0
    outer loop
      vertex 103 15 3
      vertex 102.89 15 1.64723
      vertex 102.763 15 1.76256
    endloop
  endfacet
  facet normal -0 1 0
    outer loop
      vertex 102.89 15 1.64723
      vertex 103 15 3
      vertex 103 15 1.56551
    endloop
  endfacet
  facet normal 0 -1 0
    outer loop
      vertex 91 18 0
      vertex 103 18 3
      vertex 91 18 3
    endloop
  endfacet
  facet normal 0 -1 -0
    outer loop
      vertex 103 18 3
      vertex 91 18 0
      vertex 103 18 0
    endloop
  endfacet
  facet normal 0 0 -1
    outer loop
      vertex 115 0 0
      vertex 120 5 0
      vertex 119.976 4.5099 0
    endloop
  endfacet
  facet normal 0 0 -1
    outer loop
      vertex 120 5 0
      vertex 103 18 0
      vertex 120 75 0
    endloop
  endfacet
  facet normal 0 0 -1
    outer loop
      vertex 115 0 0
      vertex 119.976 4.5099 0
      vertex 119.904 4.02454 0
    endloop
  endfacet
  facet normal 0 0 -1
    outer loop
      vertex 91 18 0
      vertex 120 75 0
      vertex 103 18 0
    endloop
  endfacet
  facet normal 0 0 -1
    outer loop
      vertex 115 0 0
      vertex 119.904 4.02454 0
      vertex 119.785 3.54857 0
    endloop
  endfacet
  facet normal 0 -0 -1
    outer loop
      vertex 115 80 0
      vertex 120 75 0
      vertex 91 18 0
    endloop
  endfacet
  facet normal 0 0 -1
    outer loop
      vertex 115 0 0
      vertex 119.785 3.54857 0
      vertex 119.619 3.08658 0
    endloop
  endfacet
  facet normal 0 0 -1
    outer loop
      vertex 120 75 0
      vertex 115 80 0
      vertex 119.976 75.4901 0
    endloop
  endfacet
  facet normal 0 0 -1
    outer loop
      vertex 115 0 0
      vertex 119.619 3.08658 0
      vertex 119.41 2.64301 0
    endloop
  endfacet
  facet normal 0 0 -1
    outer loop
      vertex 119.904 75.9754 0
      vertex 115 80 0
      vertex 119.785 76.4514 0
    endloop
  endfacet
  facet normal 0 0 -1
    outer loop
      vertex 115 0 0
      vertex 119.41 2.64301 0
      vertex 119.157 2.22214 0
    endloop
  endfacet
  facet normal 0 0 -1
    outer loop
      vertex 119.785 76.4514 0
      vertex 115 80 0
      vertex 119.619 76.9134 0
    endloop
  endfacet
  facet normal 0 0 -1
    outer loop
      vertex 115 0 0
      vertex 119.157 2.22214 0
      vertex 118.865 1.82803 0
    endloop
  endfacet
  facet normal 0 0 -1
    outer loop
      vertex 119.619 76.9134 0
      vertex 115 80 0
      vertex 119.41 77.357 0
    endloop
  endfacet
  facet normal 0 0 -1
    outer loop
      vertex 115 0 0
      vertex 118.865 1.82803 0
      vertex 118.536 1.46446 0
    endloop
  endfacet
  facet normal 0 0 -1
    outer loop
      vertex 119.41 77.357 0
      vertex 115 80 0
      vertex 119.157 77.7778 0
    endloop
  endfacet
  facet normal 0 0 -1
    outer loop
      vertex 115 0 0
      vertex 118.536 1.46446 0
      vertex 118.172 1.13493 0
    endloop
  endfacet
  facet normal 0 0 -1
    outer loop
      vertex 119.157 77.7778 0
      vertex 115 80 0
      vertex 118.865 78.172 0
    endloop
  endfacet
  facet normal 0 0 -1
    outer loop
      vertex 115 0 0
      vertex 118.172 1.13493 0
      vertex 117.778 0.842651 0
    endloop
  endfacet
  facet normal 0 0 -1
    outer loop
      vertex 118.865 78.172 0
      vertex 115 80 0
      vertex 118.536 78.5355 0
    endloop
  endfacet
  facet normal 0 0 -1
    outer loop
      vertex 115 0 0
      vertex 117.778 0.842651 0
      vertex 117.357 0.590393 0
    endloop
  endfacet
  facet normal 0 0 -1
    outer loop
      vertex 118.536 78.5355 0
      vertex 115 80 0
      vertex 118.172 78.8651 0
    endloop
  endfacet
  facet normal 0 0 -1
    outer loop
      vertex 115 0 0
      vertex 117.357 0.590393 0
      vertex 116.913 0.3806 0
    endloop
  endfacet
  facet normal 0 0 -1
    outer loop
      vertex 118.172 78.8651 0
      vertex 115 80 0
      vertex 117.778 79.1573 0
    endloop
  endfacet
  facet normal 0 0 -1
    outer loop
      vertex 115 0 0
      vertex 116.913 0.3806 0
      vertex 116.451 0.215286 0
    endloop
  endfacet
  facet normal 0 0 -1
    outer loop
      vertex 117.778 79.1573 0
      vertex 115 80 0
      vertex 117.357 79.4096 0
    endloop
  endfacet
  facet normal 0 0 -1
    outer loop
      vertex 115 0 0
      vertex 116.451 0.215286 0
      vertex 115.975 0.0960693 0
    endloop
  endfacet
  facet normal 0 0 -1
    outer loop
      vertex 117.357 79.4096 0
      vertex 115 80 0
      vertex 116.913 79.6194 0
    endloop
  endfacet
  facet normal 0 0 -1
    outer loop
      vertex 115 0 0
      vertex 115.975 0.0960693 0
      vertex 115.49 0.0240631 0
    endloop
  endfacet
  facet normal 0 0 -1
    outer loop
      vertex 116.913 79.6194 0
      vertex 115 80 0
      vertex 116.451 79.7847 0
    endloop
  endfacet
  facet normal -0 0 -1
    outer loop
      vertex 120 5 0
      vertex 115 0 0
      vertex 103 16 0
    endloop
  endfacet
  facet normal 0 0 -1
    outer loop
      vertex 116.451 79.7847 0
      vertex 115 80 0
      vertex 115.975 79.9039 0
    endloop
  endfacet
  facet normal 0 0 -1
    outer loop
      vertex 120 5 0
      vertex 103 16 0
      vertex 103 18 0
    endloop
  endfacet
  facet normal 0 0 -1
    outer loop
      vertex 115 0 0
      vertex 100 15 0
      vertex 103 16 0
    endloop
  endfacet
  facet normal 0 0 -1
    outer loop
      vertex 115 0 0
      vertex 91 15 0
      vertex 100 15 0
    endloop
  endfacet
  facet normal 0 0 -1
    outer loop
      vertex 91 15 0
      vertex 81 15 0
      vertex 91 18 0
    endloop
  endfacet
  facet normal 0 0 -1
    outer loop
      vertex 115 0 0
      vertex 81 15 0
      vertex 91 15 0
    endloop
  endfacet
  facet normal 0 0 -1
    outer loop
      vertex 115 0 0
      vertex 69 15 0
      vertex 81 15 0
    endloop
  endfacet
  facet normal 0 0 -1
    outer loop
      vertex 69 15 0
      vertex 59 15 0
      vertex 69 18 0
    endloop
  endfacet
  facet normal 0 0 -1
    outer loop
      vertex 115 0 0
      vertex 59 15 0
      vertex 69 15 0
    endloop
  endfacet
  facet normal 0 0 -1
    outer loop
      vertex 5 0 0
      vertex 59 15 0
      vertex 115 0 0
    endloop
  endfacet
  facet normal 0 0 -1
    outer loop
      vertex 47 15 0
      vertex 37 15 0
      vertex 47 18 0
    endloop
  endfacet
  facet normal -0 0 -1
    outer loop
      vertex 59 15 0
      vertex 5 0 0
      vertex 47 15 0
    endloop
  endfacet
  facet normal -0 0 -1
    outer loop
      vertex 47 15 0
      vertex 5 0 0
      vertex 37 15 0
    endloop
  endfacet
  facet normal 0 0 -1
    outer loop
      vertex 0 5 0
      vertex 25 15 0
      vertex 5 0 0
    endloop
  endfacet
  facet normal -0 0 -1
    outer loop
      vertex 37 15 0
      vertex 5 0 0
      vertex 25 15 0
    endloop
  endfacet
  facet normal 0 0 -1
    outer loop
      vertex 115.975 79.9039 0
      vertex 115 80 0
      vertex 115.49 79.9759 0
    endloop
  endfacet
  facet normal 0 0 -1
    outer loop
      vertex 119.976 75.4901 0
      vertex 115 80 0
      vertex 119.904 75.9754 0
    endloop
  endfacet
  facet normal 0 0 -1
    outer loop
      vertex 81 18 0
      vertex 91 18 0
      vertex 81 15 0
    endloop
  endfacet
  facet normal 0 0 -1
    outer loop
      vertex 91 18 0
      vertex 81 18 0
      vertex 115 80 0
    endloop
  endfacet
  facet normal 0 0 -1
    outer loop
      vertex 69 18 0
      vertex 115 80 0
      vertex 81 18 0
    endloop
  endfacet
  facet normal 0 0 -1
    outer loop
      vertex 59 18 0
      vertex 69 18 0
      vertex 59 15 0
    endloop
  endfacet
  facet normal 0 0 -1
    outer loop
      vertex 69 18 0
      vertex 59 18 0
      vertex 115 80 0
    endloop
  endfacet
  facet normal 0 0 -1
    outer loop
      vertex 5 80 0
      vertex 59 18 0
      vertex 47 18 0
    endloop
  endfacet
  facet normal 0 0 -1
    outer loop
      vertex 37 18 0
      vertex 47 18 0
      vertex 37 15 0
    endloop
  endfacet
  facet normal 0 0 -1
    outer loop
      vertex 5 80 0
      vertex 47 18 0
      vertex 37 18 0
    endloop
  endfacet
  facet normal 0 0 -1
    outer loop
      vertex 5 80 0
      vertex 37 18 0
      vertex 25 18 0
    endloop
  endfacet
  facet normal 0 0 -1
    outer loop
      vertex 59 18 0
      vertex 5 80 0
      vertex 115 80 0
    endloop
  endfacet
  facet normal -0 0 -1
    outer loop
      vertex 25 15 0
      vertex 0 5 0
      vertex 25 18 0
    endloop
  endfacet
  facet normal 0 0 -1
    outer loop
      vertex 0 5 0
      vertex 5 0 0
      vertex 4.5099 0.0240631 0
    endloop
  endfacet
  facet normal 0 0 -1
    outer loop
      vertex 0 75 0
      vertex 25 18 0
      vertex 0 5 0
    endloop
  endfacet
  facet normal 0 0 -1
    outer loop
      vertex 0 5 0
      vertex 4.5099 0.0240631 0
      vertex 4.02454 0.0960693 0
    endloop
  endfacet
  facet normal 0 0 -1
    outer loop
      vertex 25 18 0
      vertex 0 75 0
      vertex 5 80 0
    endloop
  endfacet
  facet normal 0 0 -1
    outer loop
      vertex 0 5 0
      vertex 4.02454 0.0960693 0
      vertex 3.54857 0.215286 0
    endloop
  endfacet
  facet normal 0 0 -1
    outer loop
      vertex 5 80 0
      vertex 0 75 0
      vertex 4.5099 79.9759 0
    endloop
  endfacet
  facet normal 0 0 -1
    outer loop
      vertex 0 5 0
      vertex 3.54857 0.215286 0
      vertex 3.08658 0.3806 0
    endloop
  endfacet
  facet normal 0 0 -1
    outer loop
      vertex 4.5099 79.9759 0
      vertex 0 75 0
      vertex 4.02454 79.9039 0
    endloop
  endfacet
  facet normal 0 0 -1
    outer loop
      vertex 0 5 0
      vertex 3.08658 0.3806 0
      vertex 2.64301 0.590393 0
    endloop
  endfacet
  facet normal 0 0 -1
    outer loop
      vertex 4.02454 79.9039 0
      vertex 0 75 0
      vertex 3.54857 79.7847 0
    endloop
  endfacet
  facet normal 0 0 -1
    outer loop
      vertex 0 5 0
      vertex 2.64301 0.590393 0
      vertex 2.22214 0.842651 0
    endloop
  endfacet
  facet normal 0 0 -1
    outer loop
      vertex 3.54857 79.7847 0
      vertex 0 75 0
      vertex 3.08658 79.6194 0
    endloop
  endfacet
  facet normal 0 0 -1
    outer loop
      vertex 0 5 0
      vertex 2.22214 0.842651 0
      vertex 1.82803 1.13493 0
    endloop
  endfacet
  facet normal 0 0 -1
    outer loop
      vertex 3.08658 79.6194 0
      vertex 0 75 0
      vertex 2.64301 79.4096 0
    endloop
  endfacet
  facet normal 0 0 -1
    outer loop
      vertex 0 5 0
      vertex 1.82803 1.13493 0
      vertex 1.46446 1.46446 0
    endloop
  endfacet
  facet normal 0 0 -1
    outer loop
      vertex 2.64301 79.4096 0
      vertex 0 75 0
      vertex 2.22214 79.1573 0
    endloop
  endfacet
  facet normal 0 0 -1
    outer loop
      vertex 0 5 0
      vertex 1.46446 1.46446 0
      vertex 1.13493 1.82803 0
    endloop
  endfacet
  facet normal 0 0 -1
    outer loop
      vertex 2.22214 79.1573 0
      vertex 0 75 0
      vertex 1.82803 78.8651 0
    endloop
  endfacet
  facet normal 0 0 -1
    outer loop
      vertex 0 5 0
      vertex 1.13493 1.82803 0
      vertex 0.842651 2.22214 0
    endloop
  endfacet
  facet normal 0 0 -1
    outer loop
      vertex 1.82803 78.8651 0
      vertex 0 75 0
      vertex 1.46446 78.5355 0
    endloop
  endfacet
  facet normal 0 0 -1
    outer loop
      vertex 0 5 0
      vertex 0.842651 2.22214 0
      vertex 0.590393 2.64301 0
    endloop
  endfacet
  facet normal 0 0 -1
    outer loop
      vertex 1.46446 78.5355 0
      vertex 0 75 0
      vertex 1.13493 78.172 0
    endloop
  endfacet
  facet normal 0 0 -1
    outer loop
      vertex 0 5 0
      vertex 0.590393 2.64301 0
      vertex 0.3806 3.08658 0
    endloop
  endfacet
  facet normal 0 0 -1
    outer loop
      vertex 1.13493 78.172 0
      vertex 0 75 0
      vertex 0.842651 77.7778 0
    endloop
  endfacet
  facet normal 0 0 -1
    outer loop
      vertex 0 5 0
      vertex 0.3806 3.08658 0
      vertex 0.215286 3.54857 0
    endloop
  endfacet
  facet normal 0 0 -1
    outer loop
      vertex 0.842651 77.7778 0
      vertex 0 75 0
      vertex 0.590393 77.357 0
    endloop
  endfacet
  facet normal 0 0 -1
    outer loop
      vertex 0 5 0
      vertex 0.215286 3.54857 0
      vertex 0.0960693 4.02454 0
    endloop
  endfacet
  facet normal 0 0 -1
    outer loop
      vertex 0.590393 77.357 0
      vertex 0 75 0
      vertex 0.3806 76.9134 0
    endloop
  endfacet
  facet normal 0 0 -1
    outer loop
      vertex 0 5 0
      vertex 0.0960693 4.02454 0
      vertex 0.0240631 4.5099 0
    endloop
  endfacet
  facet normal 0 0 -1
    outer loop
      vertex 0.3806 76.9134 0
      vertex 0 75 0
      vertex 0.215286 76.4514 0
    endloop
  endfacet
  facet normal 0 0 -1
    outer loop
      vertex 0.215286 76.4514 0
      vertex 0 75 0
      vertex 0.0960693 75.9754 0
    endloop
  endfacet
  facet normal 0 0 -1
    outer loop
      vertex 0.0960693 75.9754 0
      vertex 0 75 0
      vertex 0.0240631 75.4901 0
    endloop
  endfacet
  facet normal -0 0 -1
    outer loop
      vertex 103 16 0
      vertex 100 15 0
      vertex 100 16 0
    endloop
  endfacet
  facet normal -0.989174 -0.14675 0
    outer loop
      vertex 0.0960693 4.02454 0
      vertex 0.0240631 4.5099 42
      vertex 0.0240631 4.5099 0
    endloop
  endfacet
  facet normal -0.989174 -0.14675 0
    outer loop
      vertex 0.0240631 4.5099 42
      vertex 0.0960693 4.02454 0
      vertex 0.0960693 4.02454 42
    endloop
  endfacet
  facet normal -1 0 0
    outer loop
      vertex 0 5 0
      vertex 0 75 42
      vertex 0 75 0
    endloop
  endfacet
  facet normal -1 -0 0
    outer loop
      vertex 0 75 42
      vertex 0 5 0
      vertex 0 5 42
    endloop
  endfacet
  facet normal 0.998803 0.048911 0
    outer loop
      vertex 120 75 42
      vertex 119.976 75.4901 0
      vertex 119.976 75.4901 42
    endloop
  endfacet
  facet normal 0.998803 0.048911 0
    outer loop
      vertex 119.976 75.4901 0
      vertex 120 75 42
      vertex 120 75 0
    endloop
  endfacet
  facet normal -0.998797 -0.0490393 0
    outer loop
      vertex 0.0240631 4.5099 0
      vertex 0 5 42
      vertex 0 5 0
    endloop
  endfacet
  facet normal -0.998797 -0.0490393 0
    outer loop
      vertex 0 5 42
      vertex 0.0240631 4.5099 0
      vertex 0.0240631 4.5099 42
    endloop
  endfacet
  facet normal 0 1 -0
    outer loop
      vertex 115 80 0
      vertex 5 80 42
      vertex 115 80 42
    endloop
  endfacet
  facet normal 0 1 0
    outer loop
      vertex 5 80 42
      vertex 115 80 0
      vertex 5 80 0
    endloop
  endfacet
  facet normal 0.513983 -0.8578 0
    outer loop
      vertex 117.357 0.590393 0
      vertex 117.778 0.842651 42
      vertex 117.357 0.590393 42
    endloop
  endfacet
  facet normal 0.513983 -0.8578 0
    outer loop
      vertex 117.778 0.842651 42
      vertex 117.357 0.590393 0
      vertex 117.778 0.842651 0
    endloop
  endfacet
  facet normal -0 0 1
    outer loop
      vertex 117.539 75.0243 42
      vertex 120 75 42
      vertex 119.976 75.4901 42
    endloop
  endfacet
  facet normal 0 0 1
    outer loop
      vertex 120 75 42
      vertex 117.6 74.4 42
      vertex 120 5 42
    endloop
  endfacet
  facet normal 0 0 1
    outer loop
      vertex 117.462 75.3289 42
      vertex 119.976 75.4901 42
      vertex 119.904 75.9754 42
    endloop
  endfacet
  facet normal -0 0 1
    outer loop
      vertex 117.6 5.6 42
      vertex 120 5 42
      vertex 117.6 74.4 42
    endloop
  endfacet
  facet normal 0 0 1
    outer loop
      vertex 117.462 75.3289 42
      vertex 119.904 75.9754 42
      vertex 119.785 76.4514 42
    endloop
  endfacet
  facet normal -0 0 1
    outer loop
      vertex 117.585 5.28634 42
      vertex 120 5 42
      vertex 117.6 5.6 42
    endloop
  endfacet
  facet normal 0 0 1
    outer loop
      vertex 117.356 75.6246 42
      vertex 119.785 76.4514 42
      vertex 119.619 76.9134 42
    endloop
  endfacet
  facet normal 0 0 1
    outer loop
      vertex 117.539 4.9757 42
      vertex 120 5 42
      vertex 117.585 5.28634 42
    endloop
  endfacet
  facet normal 0 0 1
    outer loop
      vertex 117.222 75.9085 42
      vertex 119.619 76.9134 42
      vertex 119.41 77.357 42
    endloop
  endfacet
  facet normal 0 0 1
    outer loop
      vertex 120 5 42
      vertex 117.539 4.9757 42
      vertex 119.976 4.5099 42
    endloop
  endfacet
  facet normal 0 0 1
    outer loop
      vertex 117.061 76.1778 42
      vertex 119.41 77.357 42
      vertex 119.157 77.7778 42
    endloop
  endfacet
  facet normal -0 0 1
    outer loop
      vertex 117.462 4.67109 42
      vertex 119.976 4.5099 42
      vertex 117.539 4.9757 42
    endloop
  endfacet
  facet normal 0 0 1
    outer loop
      vertex 116.874 76.43 42
      vertex 119.157 77.7778 42
      vertex 118.865 78.172 42
    endloop
  endfacet
  facet normal 0 0 1
    outer loop
      vertex 119.976 4.5099 42
      vertex 117.462 4.67109 42
      vertex 119.904 4.02454 42
    endloop
  endfacet
  facet normal 0 0 1
    outer loop
      vertex 116.663 76.6627 42
      vertex 118.865 78.172 42
      vertex 118.536 78.5355 42
    endloop
  endfacet
  facet normal 0 0 1
    outer loop
      vertex 119.904 4.02454 42
      vertex 117.462 4.67109 42
      vertex 119.785 3.54857 42
    endloop
  endfacet
  facet normal 0 0 1
    outer loop
      vertex 116.663 76.6627 42
      vertex 118.536 78.5355 42
      vertex 118.172 78.8651 42
    endloop
  endfacet
  facet normal -0 0 1
    outer loop
      vertex 117.356 4.3754 42
      vertex 119.785 3.54857 42
      vertex 117.462 4.67109 42
    endloop
  endfacet
  facet normal 0 0 1
    outer loop
      vertex 116.43 76.8736 42
      vertex 118.172 78.8651 42
      vertex 117.778 79.1573 42
    endloop
  endfacet
  facet normal 0 0 1
    outer loop
      vertex 119.785 3.54857 42
      vertex 117.356 4.3754 42
      vertex 119.619 3.08658 42
    endloop
  endfacet
  facet normal -0 0 1
    outer loop
      vertex 117.222 4.09153 42
      vertex 119.619 3.08658 42
      vertex 117.356 4.3754 42
    endloop
  endfacet
  facet normal 0 0 1
    outer loop
      vertex 120 75 42
      vertex 117.585 74.7136 42
      vertex 117.6 74.4 42
    endloop
  endfacet
  facet normal 0 0 1
    outer loop
      vertex 120 75 42
      vertex 117.539 75.0243 42
      vertex 117.585 74.7136 42
    endloop
  endfacet
  facet normal 0 0 1
    outer loop
      vertex 119.976 75.4901 42
      vertex 117.462 75.3289 42
      vertex 117.539 75.0243 42
    endloop
  endfacet
  facet normal 0 0 1
    outer loop
      vertex 116.178 77.0607 42
      vertex 117.778 79.1573 42
      vertex 117.357 79.4096 42
    endloop
  endfacet
  facet normal 0 0 1
    outer loop
      vertex 119.785 76.4514 42
      vertex 117.356 75.6246 42
      vertex 117.462 75.3289 42
    endloop
  endfacet
  facet normal 0 0 1
    outer loop
      vertex 119.619 76.9134 42
      vertex 117.222 75.9085 42
      vertex 117.356 75.6246 42
    endloop
  endfacet
  facet normal 0 0 1
    outer loop
      vertex 119.41 77.357 42
      vertex 117.061 76.1778 42
      vertex 117.222 75.9085 42
    endloop
  endfacet
  facet normal 0 0 1
    outer loop
      vertex 115.908 77.2221 42
      vertex 117.357 79.4096 42
      vertex 116.913 79.6194 42
    endloop
  endfacet
  facet normal 0 0 1
    outer loop
      vertex 119.157 77.7778 42
      vertex 116.874 76.43 42
      vertex 117.061 76.1778 42
    endloop
  endfacet
  facet normal 0 0 1
    outer loop
      vertex 118.865 78.172 42
      vertex 116.663 76.6627 42
      vertex 116.874 76.43 42
    endloop
  endfacet
  facet normal 0 0 1
    outer loop
      vertex 115.625 77.3564 42
      vertex 116.913 79.6194 42
      vertex 116.451 79.7847 42
    endloop
  endfacet
  facet normal 0 0 1
    outer loop
      vertex 118.172 78.8651 42
      vertex 116.43 76.8736 42
      vertex 116.663 76.6627 42
    endloop
  endfacet
  facet normal 0 0 1
    outer loop
      vertex 117.778 79.1573 42
      vertex 116.178 77.0607 42
      vertex 116.43 76.8736 42
    endloop
  endfacet
  facet normal 0 0 1
    outer loop
      vertex 115.625 77.3564 42
      vertex 116.451 79.7847 42
      vertex 115.975 79.9039 42
    endloop
  endfacet
  facet normal 0 0 1
    outer loop
      vertex 117.357 79.4096 42
      vertex 115.908 77.2221 42
      vertex 116.178 77.0607 42
    endloop
  endfacet
  facet normal 0 0 1
    outer loop
      vertex 116.913 79.6194 42
      vertex 115.625 77.3564 42
      vertex 115.908 77.2221 42
    endloop
  endfacet
  facet normal 0 0 1
    outer loop
      vertex 115.329 77.4622 42
      vertex 115.975 79.9039 42
      vertex 115.49 79.9759 42
    endloop
  endfacet
  facet normal 0 0 1
    outer loop
      vertex 115.975 79.9039 42
      vertex 115.329 77.4622 42
      vertex 115.625 77.3564 42
    endloop
  endfacet
  facet normal 0 0 1
    outer loop
      vertex 115.49 79.9759 42
      vertex 115.024 77.5385 42
      vertex 115.329 77.4622 42
    endloop
  endfacet
  facet normal 0 0 1
    outer loop
      vertex 115 80 42
      vertex 115.024 77.5385 42
      vertex 115.49 79.9759 42
    endloop
  endfacet
  facet normal 0 0 1
    outer loop
      vertex 115 80 42
      vertex 114.714 77.5846 42
      vertex 115.024 77.5385 42
    endloop
  endfacet
  facet normal 0 0 1
    outer loop
      vertex 115 80 42
      vertex 114.4 77.6 42
      vertex 114.714 77.5846 42
    endloop
  endfacet
  facet normal 0 0 1
    outer loop
      vertex 115 80 42
      vertex 5.6 77.6 42
      vertex 114.4 77.6 42
    endloop
  endfacet
  facet normal -0 0 1
    outer loop
      vertex 5 80 42
      vertex 5.6 77.6 42
      vertex 115 80 42
    endloop
  endfacet
  facet normal 0 0 1
    outer loop
      vertex 5 80 42
      vertex 5.28634 77.5846 42
      vertex 5.6 77.6 42
    endloop
  endfacet
  facet normal 0 0 1
    outer loop
      vertex 5 80 42
      vertex 4.9757 77.5385 42
      vertex 5.28634 77.5846 42
    endloop
  endfacet
  facet normal -0 0 1
    outer loop
      vertex 4.5099 79.9759 42
      vertex 4.9757 77.5385 42
      vertex 5 80 42
    endloop
  endfacet
  facet normal 0 0 1
    outer loop
      vertex 4.9757 77.5385 42
      vertex 4.5099 79.9759 42
      vertex 4.67109 77.4622 42
    endloop
  endfacet
  facet normal -0 0 1
    outer loop
      vertex 4.02454 79.9039 42
      vertex 4.67109 77.4622 42
      vertex 4.5099 79.9759 42
    endloop
  endfacet
  facet normal 0 0 1
    outer loop
      vertex 4.67109 77.4622 42
      vertex 4.02454 79.9039 42
      vertex 4.3754 77.3564 42
    endloop
  endfacet
  facet normal -0 0 1
    outer loop
      vertex 3.54857 79.7847 42
      vertex 4.3754 77.3564 42
      vertex 4.02454 79.9039 42
    endloop
  endfacet
  facet normal -0 0 1
    outer loop
      vertex 3.08658 79.6194 42
      vertex 4.3754 77.3564 42
      vertex 3.54857 79.7847 42
    endloop
  endfacet
  facet normal 0 0 1
    outer loop
      vertex 4.3754 77.3564 42
      vertex 3.08658 79.6194 42
      vertex 4.09153 77.2221 42
    endloop
  endfacet
  facet normal -0 0 1
    outer loop
      vertex 2.64301 79.4096 42
      vertex 4.09153 77.2221 42
      vertex 3.08658 79.6194 42
    endloop
  endfacet
  facet normal 0 0 1
    outer loop
      vertex 4.09153 77.2221 42
      vertex 2.64301 79.4096 42
      vertex 3.82216 77.0607 42
    endloop
  endfacet
  facet normal -0 0 1
    outer loop
      vertex 2.22214 79.1573 42
      vertex 3.82216 77.0607 42
      vertex 2.64301 79.4096 42
    endloop
  endfacet
  facet normal 0 0 1
    outer loop
      vertex 3.82216 77.0607 42
      vertex 2.22214 79.1573 42
      vertex 3.56994 76.8736 42
    endloop
  endfacet
  facet normal -0 0 1
    outer loop
      vertex 1.82803 78.8651 42
      vertex 3.56994 76.8736 42
      vertex 2.22214 79.1573 42
    endloop
  endfacet
  facet normal 0 0 1
    outer loop
      vertex 3.56994 76.8736 42
      vertex 1.82803 78.8651 42
      vertex 3.33726 76.6627 42
    endloop
  endfacet
  facet normal -0 0 1
    outer loop
      vertex 1.46446 78.5355 42
      vertex 3.33726 76.6627 42
      vertex 1.82803 78.8651 42
    endloop
  endfacet
  facet normal -0 0 1
    outer loop
      vertex 1.13493 78.172 42
      vertex 3.33726 76.6627 42
      vertex 1.46446 78.5355 42
    endloop
  endfacet
  facet normal 0 0 1
    outer loop
      vertex 3.33726 76.6627 42
      vertex 1.13493 78.172 42
      vertex 3.12636 76.43 42
    endloop
  endfacet
  facet normal -0 0 1
    outer loop
      vertex 0.842651 77.7778 42
      vertex 3.12636 76.43 42
      vertex 1.13493 78.172 42
    endloop
  endfacet
  facet normal 0 0 1
    outer loop
      vertex 3.12636 76.43 42
      vertex 0.842651 77.7778 42
      vertex 2.93929 76.1778 42
    endloop
  endfacet
  facet normal -0 0 1
    outer loop
      vertex 0.590393 77.357 42
      vertex 2.93929 76.1778 42
      vertex 0.842651 77.7778 42
    endloop
  endfacet
  facet normal -0 0 1
    outer loop
      vertex 0.3806 76.9134 42
      vertex 2.77784 75.9085 42
      vertex 0.590393 77.357 42
    endloop
  endfacet
  facet normal 0 0 1
    outer loop
      vertex 2.93929 76.1778 42
      vertex 0.590393 77.357 42
      vertex 2.77784 75.9085 42
    endloop
  endfacet
  facet normal 0 0 1
    outer loop
      vertex 119.619 3.08658 42
      vertex 117.222 4.09153 42
      vertex 119.41 2.64301 42
    endloop
  endfacet
  facet normal -0 0 1
    outer loop
      vertex 117.061 3.82216 42
      vertex 119.41 2.64301 42
      vertex 117.222 4.09153 42
    endloop
  endfacet
  facet normal 0 0 1
    outer loop
      vertex 119.41 2.64301 42
      vertex 117.061 3.82216 42
      vertex 119.157 2.22214 42
    endloop
  endfacet
  facet normal -0 0 1
    outer loop
      vertex 116.874 3.56994 42
      vertex 119.157 2.22214 42
      vertex 117.061 3.82216 42
    endloop
  endfacet
  facet normal 0 0 1
    outer loop
      vertex 119.157 2.22214 42
      vertex 116.874 3.56994 42
      vertex 118.865 1.82803 42
    endloop
  endfacet
  facet normal -0 0 1
    outer loop
      vertex 116.663 3.33726 42
      vertex 118.865 1.82803 42
      vertex 116.874 3.56994 42
    endloop
  endfacet
  facet normal 0 0 1
    outer loop
      vertex 118.865 1.82803 42
      vertex 116.663 3.33726 42
      vertex 118.536 1.46446 42
    endloop
  endfacet
  facet normal 0 0 1
    outer loop
      vertex 118.536 1.46446 42
      vertex 116.663 3.33726 42
      vertex 118.172 1.13493 42
    endloop
  endfacet
  facet normal -0 0 1
    outer loop
      vertex 116.43 3.12636 42
      vertex 118.172 1.13493 42
      vertex 116.663 3.33726 42
    endloop
  endfacet
  facet normal 0 0 1
    outer loop
      vertex 118.172 1.13493 42
      vertex 116.43 3.12636 42
      vertex 117.778 0.842651 42
    endloop
  endfacet
  facet normal -0 0 1
    outer loop
      vertex 116.178 2.93929 42
      vertex 117.778 0.842651 42
      vertex 116.43 3.12636 42
    endloop
  endfacet
  facet normal 0 0 1
    outer loop
      vertex 117.778 0.842651 42
      vertex 116.178 2.93929 42
      vertex 117.357 0.590393 42
    endloop
  endfacet
  facet normal -0 0 1
    outer loop
      vertex 115.908 2.77784 42
      vertex 117.357 0.590393 42
      vertex 116.178 2.93929 42
    endloop
  endfacet
  facet normal 0 0 1
    outer loop
      vertex 117.357 0.590393 42
      vertex 115.908 2.77784 42
      vertex 116.913 0.3806 42
    endloop
  endfacet
  facet normal -0 0 1
    outer loop
      vertex 115.625 2.64358 42
      vertex 116.913 0.3806 42
      vertex 115.908 2.77784 42
    endloop
  endfacet
  facet normal 0 0 1
    outer loop
      vertex 116.913 0.3806 42
      vertex 115.625 2.64358 42
      vertex 116.451 0.215286 42
    endloop
  endfacet
  facet normal 0 0 1
    outer loop
      vertex 116.451 0.215286 42
      vertex 115.625 2.64358 42
      vertex 115.975 0.0960693 42
    endloop
  endfacet
  facet normal -0 0 1
    outer loop
      vertex 115.329 2.53779 42
      vertex 115.975 0.0960693 42
      vertex 115.625 2.64358 42
    endloop
  endfacet
  facet normal 0 0 1
    outer loop
      vertex 115.975 0.0960693 42
      vertex 115.329 2.53779 42
      vertex 115.49 0.0240631 42
    endloop
  endfacet
  facet normal -0 0 1
    outer loop
      vertex 115.024 2.46148 42
      vertex 115.49 0.0240631 42
      vertex 115.329 2.53779 42
    endloop
  endfacet
  facet normal 0 0 1
    outer loop
      vertex 115.024 2.46148 42
      vertex 115 0 42
      vertex 115.49 0.0240631 42
    endloop
  endfacet
  facet normal -0 0 1
    outer loop
      vertex 114.714 2.4154 42
      vertex 115 0 42
      vertex 115.024 2.46148 42
    endloop
  endfacet
  facet normal -0 0 1
    outer loop
      vertex 114.4 2.4 42
      vertex 115 0 42
      vertex 114.714 2.4154 42
    endloop
  endfacet
  facet normal -0 0 1
    outer loop
      vertex 5.6 2.4 42
      vertex 115 0 42
      vertex 114.4 2.4 42
    endloop
  endfacet
  facet normal 0 0 1
    outer loop
      vertex 5.6 2.4 42
      vertex 5 0 42
      vertex 115 0 42
    endloop
  endfacet
  facet normal 0 0 1
    outer loop
      vertex 5.28634 2.4154 42
      vertex 5 0 42
      vertex 5.6 2.4 42
    endloop
  endfacet
  facet normal 0 0 1
    outer loop
      vertex 4.9757 2.46148 42
      vertex 5 0 42
      vertex 5.28634 2.4154 42
    endloop
  endfacet
  facet normal 0 0 1
    outer loop
      vertex 4.5099 0.0240631 42
      vertex 4.9757 2.46148 42
      vertex 4.67109 2.53779 42
    endloop
  endfacet
  facet normal 0 0 1
    outer loop
      vertex 4.9757 2.46148 42
      vertex 4.5099 0.0240631 42
      vertex 5 0 42
    endloop
  endfacet
  facet normal 0 0 1
    outer loop
      vertex 4.02454 0.0960693 42
      vertex 4.67109 2.53779 42
      vertex 4.3754 2.64358 42
    endloop
  endfacet
  facet normal 0 0 1
    outer loop
      vertex 3.08658 0.3806 42
      vertex 4.3754 2.64358 42
      vertex 4.09153 2.77784 42
    endloop
  endfacet
  facet normal 0 0 1
    outer loop
      vertex 4.67109 2.53779 42
      vertex 4.02454 0.0960693 42
      vertex 4.5099 0.0240631 42
    endloop
  endfacet
  facet normal 0 0 1
    outer loop
      vertex 2.64301 0.590393 42
      vertex 4.09153 2.77784 42
      vertex 3.82216 2.93929 42
    endloop
  endfacet
  facet normal 0 0 1
    outer loop
      vertex 2.22214 0.842651 42
      vertex 3.82216 2.93929 42
      vertex 3.56994 3.12636 42
    endloop
  endfacet
  facet normal 0 0 1
    outer loop
      vertex 4.3754 2.64358 42
      vertex 3.54857 0.215286 42
      vertex 4.02454 0.0960693 42
    endloop
  endfacet
  facet normal 0 0 1
    outer loop
      vertex 1.82803 1.13493 42
      vertex 3.56994 3.12636 42
      vertex 3.33726 3.33726 42
    endloop
  endfacet
  facet normal 0 0 1
    outer loop
      vertex 1.13493 1.82803 42
      vertex 3.33726 3.33726 42
      vertex 3.12636 3.56994 42
    endloop
  endfacet
  facet normal 0 0 1
    outer loop
      vertex 4.3754 2.64358 42
      vertex 3.08658 0.3806 42
      vertex 3.54857 0.215286 42
    endloop
  endfacet
  facet normal 0 0 1
    outer loop
      vertex 0.842651 2.22214 42
      vertex 3.12636 3.56994 42
      vertex 2.93929 3.82216 42
    endloop
  endfacet
  facet normal 0 0 1
    outer loop
      vertex 0.590393 2.64301 42
      vertex 2.93929 3.82216 42
      vertex 2.77784 4.09153 42
    endloop
  endfacet
  facet normal 0 0 1
    outer loop
      vertex 0.3806 3.08658 42
      vertex 2.77784 4.09153 42
      vertex 2.64358 4.3754 42
    endloop
  endfacet
  facet normal 0 0 1
    outer loop
      vertex 4.09153 2.77784 42
      vertex 2.64301 0.590393 42
      vertex 3.08658 0.3806 42
    endloop
  endfacet
  facet normal 0 0 1
    outer loop
      vertex 0.215286 3.54857 42
      vertex 2.64358 4.3754 42
      vertex 2.53779 4.67109 42
    endloop
  endfacet
  facet normal 0 0 1
    outer loop
      vertex 0.0240631 4.5099 42
      vertex 2.53779 4.67109 42
      vertex 2.46148 4.9757 42
    endloop
  endfacet
  facet normal -0 0 1
    outer loop
      vertex 0 5 42
      vertex 2.46148 4.9757 42
      vertex 2.4154 5.28634 42
    endloop
  endfacet
  facet normal 0 0 1
    outer loop
      vertex 0 5 42
      vertex 2.4154 5.28634 42
      vertex 2.4 5.6 42
    endloop
  endfacet
  facet normal 0 0 1
    outer loop
      vertex 3.82216 2.93929 42
      vertex 2.22214 0.842651 42
      vertex 2.64301 0.590393 42
    endloop
  endfacet
  facet normal 0 0 1
    outer loop
      vertex 2.4 74.4 42
      vertex 0 75 42
      vertex 2.4 5.6 42
    endloop
  endfacet
  facet normal 0 0 1
    outer loop
      vertex 2.77784 75.9085 42
      vertex 0.3806 76.9134 42
      vertex 2.64358 75.6246 42
    endloop
  endfacet
  facet normal 0 0 1
    outer loop
      vertex 0 5 42
      vertex 2.4 5.6 42
      vertex 0 75 42
    endloop
  endfacet
  facet normal -0 0 1
    outer loop
      vertex 0.215286 76.4514 42
      vertex 2.64358 75.6246 42
      vertex 0.3806 76.9134 42
    endloop
  endfacet
  facet normal 0 0 1
    outer loop
      vertex 2.46148 4.9757 42
      vertex 0 5 42
      vertex 0.0240631 4.5099 42
    endloop
  endfacet
  facet normal 0 0 1
    outer loop
      vertex 2.64358 75.6246 42
      vertex 0.215286 76.4514 42
      vertex 2.53779 75.3289 42
    endloop
  endfacet
  facet normal 0 0 1
    outer loop
      vertex 3.56994 3.12636 42
      vertex 1.82803 1.13493 42
      vertex 2.22214 0.842651 42
    endloop
  endfacet
  facet normal -0 0 1
    outer loop
      vertex 0.0960693 75.9754 42
      vertex 2.53779 75.3289 42
      vertex 0.215286 76.4514 42
    endloop
  endfacet
  facet normal 0 0 1
    outer loop
      vertex 3.33726 3.33726 42
      vertex 1.46446 1.46446 42
      vertex 1.82803 1.13493 42
    endloop
  endfacet
  facet normal -0 0 1
    outer loop
      vertex 0.0240631 75.4901 42
      vertex 2.53779 75.3289 42
      vertex 0.0960693 75.9754 42
    endloop
  endfacet
  facet normal 0 0 1
    outer loop
      vertex 3.33726 3.33726 42
      vertex 1.13493 1.82803 42
      vertex 1.46446 1.46446 42
    endloop
  endfacet
  facet normal 0 0 1
    outer loop
      vertex 2.53779 75.3289 42
      vertex 0.0240631 75.4901 42
      vertex 2.46148 75.0243 42
    endloop
  endfacet
  facet normal 0 0 1
    outer loop
      vertex 3.12636 3.56994 42
      vertex 0.842651 2.22214 42
      vertex 1.13493 1.82803 42
    endloop
  endfacet
  facet normal 0 0 1
    outer loop
      vertex 0 75 42
      vertex 2.46148 75.0243 42
      vertex 0.0240631 75.4901 42
    endloop
  endfacet
  facet normal 0 0 1
    outer loop
      vertex 2.93929 3.82216 42
      vertex 0.590393 2.64301 42
      vertex 0.842651 2.22214 42
    endloop
  endfacet
  facet normal 0 0 1
    outer loop
      vertex 2.46148 75.0243 42
      vertex 0 75 42
      vertex 2.4154 74.7136 42
    endloop
  endfacet
  facet normal 0 0 1
    outer loop
      vertex 2.77784 4.09153 42
      vertex 0.3806 3.08658 42
      vertex 0.590393 2.64301 42
    endloop
  endfacet
  facet normal 0 0 1
    outer loop
      vertex 2.4154 74.7136 42
      vertex 0 75 42
      vertex 2.4 74.4 42
    endloop
  endfacet
  facet normal 0 0 1
    outer loop
      vertex 2.64358 4.3754 42
      vertex 0.215286 3.54857 42
      vertex 0.3806 3.08658 42
    endloop
  endfacet
  facet normal 0 0 1
    outer loop
      vertex 2.53779 4.67109 42
      vertex 0.0960693 4.02454 42
      vertex 0.215286 3.54857 42
    endloop
  endfacet
  facet normal 0 0 1
    outer loop
      vertex 2.53779 4.67109 42
      vertex 0.0240631 4.5099 42
      vertex 0.0960693 4.02454 42
    endloop
  endfacet
  facet normal 1 -0 0
    outer loop
      vertex 120 5 42
      vertex 120 75 0
      vertex 120 75 42
    endloop
  endfacet
  facet normal 1 0 0
    outer loop
      vertex 120 75 0
      vertex 120 5 42
      vertex 120 5 0
    endloop
  endfacet
  facet normal 0 -1 0
    outer loop
      vertex 21.1611 0 16.8278
      vertex 5 0 42
      vertex 20.7804 0 16.9231
    endloop
  endfacet
  facet normal 0 -1 0
    outer loop
      vertex 115 0 42
      vertex 99.6079 0 16.9807
      vertex 100 0 17
    endloop
  endfacet
  facet normal 0 -1 0
    outer loop
      vertex 21.5307 0 16.6955
      vertex 5 0 42
      vertex 21.1611 0 16.8278
    endloop
  endfacet
  facet normal 0 -1 0
    outer loop
      vertex 115 0 42
      vertex 99.2196 0 16.9231
      vertex 99.6079 0 16.9807
    endloop
  endfacet
  facet normal 0 -1 0
    outer loop
      vertex 21.8856 0 16.5277
      vertex 5 0 42
      vertex 21.5307 0 16.6955
    endloop
  endfacet
  facet normal 0 -1 0
    outer loop
      vertex 115 0 42
      vertex 98.8389 0 16.8278
      vertex 99.2196 0 16.9231
    endloop
  endfacet
  facet normal 0 -1 0
    outer loop
      vertex 22.2223 0 16.3259
      vertex 5 0 42
      vertex 21.8856 0 16.5277
    endloop
  endfacet
  facet normal 0 -1 0
    outer loop
      vertex 115 0 42
      vertex 98.4693 0 16.6955
      vertex 98.8389 0 16.8278
    endloop
  endfacet
  facet normal 0 -1 0
    outer loop
      vertex 22.5376 0 16.092
      vertex 5 0 42
      vertex 22.2223 0 16.3259
    endloop
  endfacet
  facet normal 0 -1 0
    outer loop
      vertex 115 0 42
      vertex 98.1144 0 16.5277
      vertex 98.4693 0 16.6955
    endloop
  endfacet
  facet normal 0 -1 0
    outer loop
      vertex 5 0 42
      vertex 22.5376 0 16.092
      vertex 115 0 42
    endloop
  endfacet
  facet normal 0 -1 0
    outer loop
      vertex 115 0 42
      vertex 97.7777 0 16.3259
      vertex 98.1144 0 16.5277
    endloop
  endfacet
  facet normal 0 -1 0
    outer loop
      vertex 97.4624 0 16.092
      vertex 115 0 42
      vertex 22.5376 0 16.092
    endloop
  endfacet
  facet normal 0 -1 0
    outer loop
      vertex 115 0 42
      vertex 97.4624 0 16.092
      vertex 97.7777 0 16.3259
    endloop
  endfacet
  facet normal 0 -1 0
    outer loop
      vertex 22.8284 0 15.8284
      vertex 97.4624 0 16.092
      vertex 22.5376 0 16.092
    endloop
  endfacet
  facet normal 0 -1 0
    outer loop
      vertex 22.8284 0 15.8284
      vertex 97.1716 0 15.8284
      vertex 97.4624 0 16.092
    endloop
  endfacet
  facet normal 0 -1 0
    outer loop
      vertex 23.092 0 15.5376
      vertex 97.1716 0 15.8284
      vertex 22.8284 0 15.8284
    endloop
  endfacet
  facet normal 0 -1 0
    outer loop
      vertex 23.092 0 15.5376
      vertex 96.908 0 15.5376
      vertex 97.1716 0 15.8284
    endloop
  endfacet
  facet normal 0 -1 0
    outer loop
      vertex 23.3259 0 15.2223
      vertex 96.908 0 15.5376
      vertex 23.092 0 15.5376
    endloop
  endfacet
  facet normal 0 -1 0
    outer loop
      vertex 23.3259 0 15.2223
      vertex 96.6741 0 15.2223
      vertex 96.908 0 15.5376
    endloop
  endfacet
  facet normal 0 -1 0
    outer loop
      vertex 23.5277 0 14.8856
      vertex 96.6741 0 15.2223
      vertex 23.3259 0 15.2223
    endloop
  endfacet
  facet normal 0 -1 0
    outer loop
      vertex 23.5277 0 14.8856
      vertex 96.4723 0 14.8856
      vertex 96.6741 0 15.2223
    endloop
  endfacet
  facet normal 0 -1 0
    outer loop
      vertex 23.6955 0 14.5307
      vertex 96.4723 0 14.8856
      vertex 23.5277 0 14.8856
    endloop
  endfacet
  facet normal 0 -1 0
    outer loop
      vertex 23.6955 0 14.5307
      vertex 96.3045 0 14.5307
      vertex 96.4723 0 14.8856
    endloop
  endfacet
  facet normal 0 -1 0
    outer loop
      vertex 23.8278 0 14.1611
      vertex 96.3045 0 14.5307
      vertex 23.6955 0 14.5307
    endloop
  endfacet
  facet normal 0 -1 0
    outer loop
      vertex 23.8278 0 14.1611
      vertex 96.1722 0 14.1611
      vertex 96.3045 0 14.5307
    endloop
  endfacet
  facet normal 0 -1 0
    outer loop
      vertex 23.9231 0 13.7804
      vertex 96.1722 0 14.1611
      vertex 23.8278 0 14.1611
    endloop
  endfacet
  facet normal 0 -1 0
    outer loop
      vertex 23.9231 0 13.7804
      vertex 96.0769 0 13.7804
      vertex 96.1722 0 14.1611
    endloop
  endfacet
  facet normal 0 -1 0
    outer loop
      vertex 23.9807 0 13.3921
      vertex 96.0769 0 13.7804
      vertex 23.9231 0 13.7804
    endloop
  endfacet
  facet normal 0 -1 0
    outer loop
      vertex 23.9807 0 13.3921
      vertex 96.0193 0 13.3921
      vertex 96.0769 0 13.7804
    endloop
  endfacet
  facet normal 0 -1 0
    outer loop
      vertex 24 0 13
      vertex 96.0193 0 13.3921
      vertex 23.9807 0 13.3921
    endloop
  endfacet
  facet normal 0 -1 0
    outer loop
      vertex 24 0 13
      vertex 96 0 13
      vertex 96.0193 0 13.3921
    endloop
  endfacet
  facet normal 0 -1 0
    outer loop
      vertex 23.9807 0 12.6079
      vertex 96 0 13
      vertex 24 0 13
    endloop
  endfacet
  facet normal 0 -1 0
    outer loop
      vertex 23.9807 0 12.6079
      vertex 96.0193 0 12.6079
      vertex 96 0 13
    endloop
  endfacet
  facet normal 0 -1 0
    outer loop
      vertex 23.9231 0 12.2196
      vertex 96.0193 0 12.6079
      vertex 23.9807 0 12.6079
    endloop
  endfacet
  facet normal 0 -1 0
    outer loop
      vertex 23.9231 0 12.2196
      vertex 96.0769 0 12.2196
      vertex 96.0193 0 12.6079
    endloop
  endfacet
  facet normal 0 -1 0
    outer loop
      vertex 23.8278 0 11.8389
      vertex 96.0769 0 12.2196
      vertex 23.9231 0 12.2196
    endloop
  endfacet
  facet normal 0 -1 0
    outer loop
      vertex 23.8278 0 11.8389
      vertex 96.1722 0 11.8389
      vertex 96.0769 0 12.2196
    endloop
  endfacet
  facet normal 0 -1 0
    outer loop
      vertex 23.6955 0 11.4693
      vertex 96.1722 0 11.8389
      vertex 23.8278 0 11.8389
    endloop
  endfacet
  facet normal 0 -1 0
    outer loop
      vertex 23.6955 0 11.4693
      vertex 96.3045 0 11.4693
      vertex 96.1722 0 11.8389
    endloop
  endfacet
  facet normal 0 -1 0
    outer loop
      vertex 23.5277 0 11.1144
      vertex 96.3045 0 11.4693
      vertex 23.6955 0 11.4693
    endloop
  endfacet
  facet normal 0 -1 0
    outer loop
      vertex 23.5277 0 11.1144
      vertex 96.4723 0 11.1144
      vertex 96.3045 0 11.4693
    endloop
  endfacet
  facet normal 0 -1 0
    outer loop
      vertex 23.3259 0 10.7777
      vertex 96.4723 0 11.1144
      vertex 23.5277 0 11.1144
    endloop
  endfacet
  facet normal 0 -1 0
    outer loop
      vertex 23.3259 0 10.7777
      vertex 96.6741 0 10.7777
      vertex 96.4723 0 11.1144
    endloop
  endfacet
  facet normal 0 -1 0
    outer loop
      vertex 23.092 0 10.4624
      vertex 96.6741 0 10.7777
      vertex 23.3259 0 10.7777
    endloop
  endfacet
  facet normal 0 -1 0
    outer loop
      vertex 23.092 0 10.4624
      vertex 96.908 0 10.4624
      vertex 96.6741 0 10.7777
    endloop
  endfacet
  facet normal 0 -1 0
    outer loop
      vertex 22.8284 0 10.1716
      vertex 96.908 0 10.4624
      vertex 23.092 0 10.4624
    endloop
  endfacet
  facet normal 0 -1 0
    outer loop
      vertex 22.8284 0 10.1716
      vertex 97.1716 0 10.1716
      vertex 96.908 0 10.4624
    endloop
  endfacet
  facet normal 0 -1 0
    outer loop
      vertex 22.5376 0 9.90796
      vertex 97.1716 0 10.1716
      vertex 22.8284 0 10.1716
    endloop
  endfacet
  facet normal 0 -1 0
    outer loop
      vertex 22.5376 0 9.90796
      vertex 97.4624 0 9.90796
      vertex 97.1716 0 10.1716
    endloop
  endfacet
  facet normal 0 -1 0
    outer loop
      vertex 22.2223 0 9.67412
      vertex 97.4624 0 9.90796
      vertex 22.5376 0 9.90796
    endloop
  endfacet
  facet normal 0 -1 0
    outer loop
      vertex 22.2223 0 9.67412
      vertex 97.7777 0 9.67412
      vertex 97.4624 0 9.90796
    endloop
  endfacet
  facet normal 0 -1 0
    outer loop
      vertex 21.8856 0 9.47231
      vertex 97.7777 0 9.67412
      vertex 22.2223 0 9.67412
    endloop
  endfacet
  facet normal 0 -1 0
    outer loop
      vertex 21.8856 0 9.47231
      vertex 98.1144 0 9.47231
      vertex 97.7777 0 9.67412
    endloop
  endfacet
  facet normal 0 -1 0
    outer loop
      vertex 21.5307 0 9.30448
      vertex 98.1144 0 9.47231
      vertex 21.8856 0 9.47231
    endloop
  endfacet
  facet normal 0 -1 0
    outer loop
      vertex 21.5307 0 9.30448
      vertex 98.4693 0 9.30448
      vertex 98.1144 0 9.47231
    endloop
  endfacet
  facet normal 0 -1 0
    outer loop
      vertex 5 0 0
      vertex 21.5307 0 9.30448
      vertex 21.1611 0 9.17224
    endloop
  endfacet
  facet normal 0 -1 -0
    outer loop
      vertex 21.5307 0 9.30448
      vertex 5 0 0
      vertex 98.4693 0 9.30448
    endloop
  endfacet
  facet normal 0 -1 0
    outer loop
      vertex 5 0 0
      vertex 21.1611 0 9.17224
      vertex 20.7804 0 9.07686
    endloop
  endfacet
  facet normal 0 -1 0
    outer loop
      vertex 115 0 0
      vertex 98.4693 0 9.30448
      vertex 5 0 0
    endloop
  endfacet
  facet normal 0 -1 0
    outer loop
      vertex 5 0 0
      vertex 20.7804 0 9.07686
      vertex 20.3921 0 9.01926
    endloop
  endfacet
  facet normal 0 -1 0
    outer loop
      vertex 98.4693 0 9.30448
      vertex 115 0 0
      vertex 98.8389 0 9.17224
    endloop
  endfacet
  facet normal 0 -1 0
    outer loop
      vertex 5 0 0
      vertex 20.3921 0 9.01926
      vertex 20 0 9
    endloop
  endfacet
  facet normal 0 -1 0
    outer loop
      vertex 98.8389 0 9.17224
      vertex 115 0 0
      vertex 99.2196 0 9.07686
    endloop
  endfacet
  facet normal 0 -1 0
    outer loop
      vertex 20.3921 0 16.9807
      vertex 5 0 42
      vertex 20 0 17
    endloop
  endfacet
  facet normal 0 -1 0
    outer loop
      vertex 5 0 42
      vertex 19.6079 0 16.9807
      vertex 20 0 17
    endloop
  endfacet
  facet normal 0 -1 0
    outer loop
      vertex 5 0 42
      vertex 19.2196 0 16.9231
      vertex 19.6079 0 16.9807
    endloop
  endfacet
  facet normal 0 -1 0
    outer loop
      vertex 5 0 42
      vertex 18.8389 0 16.8278
      vertex 19.2196 0 16.9231
    endloop
  endfacet
  facet normal 0 -1 0
    outer loop
      vertex 5 0 42
      vertex 18.4693 0 16.6955
      vertex 18.8389 0 16.8278
    endloop
  endfacet
  facet normal 0 -1 0
    outer loop
      vertex 5 0 42
      vertex 18.1144 0 16.5277
      vertex 18.4693 0 16.6955
    endloop
  endfacet
  facet normal 0 -1 0
    outer loop
      vertex 5 0 42
      vertex 17.7777 0 16.3259
      vertex 18.1144 0 16.5277
    endloop
  endfacet
  facet normal 0 -1 0
    outer loop
      vertex 5 0 42
      vertex 17.4624 0 16.092
      vertex 17.7777 0 16.3259
    endloop
  endfacet
  facet normal 0 -1 0
    outer loop
      vertex 5 0 42
      vertex 17.1716 0 15.8284
      vertex 17.4624 0 16.092
    endloop
  endfacet
  facet normal 0 -1 0
    outer loop
      vertex 5 0 42
      vertex 16.908 0 15.5376
      vertex 17.1716 0 15.8284
    endloop
  endfacet
  facet normal 0 -1 0
    outer loop
      vertex 5 0 42
      vertex 16.6741 0 15.2223
      vertex 16.908 0 15.5376
    endloop
  endfacet
  facet normal 0 -1 0
    outer loop
      vertex 5 0 42
      vertex 16.4723 0 14.8856
      vertex 16.6741 0 15.2223
    endloop
  endfacet
  facet normal 0 -1 0
    outer loop
      vertex 5 0 42
      vertex 16.3045 0 14.5307
      vertex 16.4723 0 14.8856
    endloop
  endfacet
  facet normal 0 -1 0
    outer loop
      vertex 5 0 42
      vertex 16.1722 0 14.1611
      vertex 16.3045 0 14.5307
    endloop
  endfacet
  facet normal 0 -1 0
    outer loop
      vertex 5 0 0
      vertex 16.1722 0 14.1611
      vertex 5 0 42
    endloop
  endfacet
  facet normal 0 -1 0
    outer loop
      vertex 16.1722 0 14.1611
      vertex 5 0 0
      vertex 16.0769 0 13.7804
    endloop
  endfacet
  facet normal 0 -1 0
    outer loop
      vertex 16.0769 0 13.7804
      vertex 5 0 0
      vertex 16.0193 0 13.3921
    endloop
  endfacet
  facet normal 0 -1 0
    outer loop
      vertex 16.0193 0 13.3921
      vertex 5 0 0
      vertex 16 0 13
    endloop
  endfacet
  facet normal 0 -1 -0
    outer loop
      vertex 16 0 13
      vertex 5 0 0
      vertex 16.0193 0 12.6079
    endloop
  endfacet
  facet normal 0 -1 -0
    outer loop
      vertex 16.0193 0 12.6079
      vertex 5 0 0
      vertex 16.0769 0 12.2196
    endloop
  endfacet
  facet normal 0 -1 -0
    outer loop
      vertex 16.0769 0 12.2196
      vertex 5 0 0
      vertex 16.1722 0 11.8389
    endloop
  endfacet
  facet normal 0 -1 0
    outer loop
      vertex 99.2196 0 9.07686
      vertex 115 0 0
      vertex 99.6079 0 9.01926
    endloop
  endfacet
  facet normal 0 -1 -0
    outer loop
      vertex 19.6079 0 9.01926
      vertex 5 0 0
      vertex 20 0 9
    endloop
  endfacet
  facet normal 0 -1 -0
    outer loop
      vertex 19.2196 0 9.07686
      vertex 5 0 0
      vertex 19.6079 0 9.01926
    endloop
  endfacet
  facet normal 0 -1 -0
    outer loop
      vertex 18.8389 0 9.17224
      vertex 5 0 0
      vertex 19.2196 0 9.07686
    endloop
  endfacet
  facet normal 0 -1 -0
    outer loop
      vertex 18.4693 0 9.30448
      vertex 5 0 0
      vertex 18.8389 0 9.17224
    endloop
  endfacet
  facet normal 0 -1 -0
    outer loop
      vertex 18.1144 0 9.47231
      vertex 5 0 0
      vertex 18.4693 0 9.30448
    endloop
  endfacet
  facet normal 0 -1 -0
    outer loop
      vertex 17.7777 0 9.67412
      vertex 5 0 0
      vertex 18.1144 0 9.47231
    endloop
  endfacet
  facet normal 0 -1 -0
    outer loop
      vertex 17.4624 0 9.90796
      vertex 5 0 0
      vertex 17.7777 0 9.67412
    endloop
  endfacet
  facet normal 0 -1 -0
    outer loop
      vertex 17.1716 0 10.1716
      vertex 5 0 0
      vertex 17.4624 0 9.90796
    endloop
  endfacet
  facet normal 0 -1 -0
    outer loop
      vertex 16.908 0 10.4624
      vertex 5 0 0
      vertex 17.1716 0 10.1716
    endloop
  endfacet
  facet normal 0 -1 -0
    outer loop
      vertex 16.6741 0 10.7777
      vertex 5 0 0
      vertex 16.908 0 10.4624
    endloop
  endfacet
  facet normal 0 -1 -0
    outer loop
      vertex 16.4723 0 11.1144
      vertex 5 0 0
      vertex 16.6741 0 10.7777
    endloop
  endfacet
  facet normal 0 -1 -0
    outer loop
      vertex 16.3045 0 11.4693
      vertex 5 0 0
      vertex 16.4723 0 11.1144
    endloop
  endfacet
  facet normal 0 -1 -0
    outer loop
      vertex 16.1722 0 11.8389
      vertex 5 0 0
      vertex 16.3045 0 11.4693
    endloop
  endfacet
  facet normal 0 -1 0
    outer loop
      vertex 20.7804 0 16.9231
      vertex 5 0 42
      vertex 20.3921 0 16.9807
    endloop
  endfacet
  facet normal 0 -1 0
    outer loop
      vertex 100.392 0 16.9807
      vertex 115 0 42
      vertex 100 0 17
    endloop
  endfacet
  facet normal 0 -1 0
    outer loop
      vertex 100.78 0 16.9231
      vertex 115 0 42
      vertex 100.392 0 16.9807
    endloop
  endfacet
  facet normal 0 -1 0
    outer loop
      vertex 101.161 0 16.8278
      vertex 115 0 42
      vertex 100.78 0 16.9231
    endloop
  endfacet
  facet normal 0 -1 0
    outer loop
      vertex 101.531 0 16.6955
      vertex 115 0 42
      vertex 101.161 0 16.8278
    endloop
  endfacet
  facet normal 0 -1 0
    outer loop
      vertex 101.886 0 16.5277
      vertex 115 0 42
      vertex 101.531 0 16.6955
    endloop
  endfacet
  facet normal 0 -1 0
    outer loop
      vertex 102.222 0 16.3259
      vertex 115 0 42
      vertex 101.886 0 16.5277
    endloop
  endfacet
  facet normal 0 -1 0
    outer loop
      vertex 102.538 0 16.092
      vertex 115 0 42
      vertex 102.222 0 16.3259
    endloop
  endfacet
  facet normal 0 -1 0
    outer loop
      vertex 102.828 0 15.8284
      vertex 115 0 42
      vertex 102.538 0 16.092
    endloop
  endfacet
  facet normal 0 -1 0
    outer loop
      vertex 103.092 0 15.5376
      vertex 115 0 42
      vertex 102.828 0 15.8284
    endloop
  endfacet
  facet normal 0 -1 0
    outer loop
      vertex 103.326 0 15.2223
      vertex 115 0 42
      vertex 103.092 0 15.5376
    endloop
  endfacet
  facet normal 0 -1 0
    outer loop
      vertex 103.528 0 14.8856
      vertex 115 0 42
      vertex 103.326 0 15.2223
    endloop
  endfacet
  facet normal 0 -1 0
    outer loop
      vertex 103.696 0 14.5307
      vertex 115 0 42
      vertex 103.528 0 14.8856
    endloop
  endfacet
  facet normal 0 -1 0
    outer loop
      vertex 103.828 0 14.1611
      vertex 115 0 42
      vertex 103.696 0 14.5307
    endloop
  endfacet
  facet normal 0 -1 0
    outer loop
      vertex 115 0 0
      vertex 103.828 0 14.1611
      vertex 103.923 0 13.7804
    endloop
  endfacet
  facet normal 0 -1 0
    outer loop
      vertex 115 0 0
      vertex 103.923 0 13.7804
      vertex 103.981 0 13.3921
    endloop
  endfacet
  facet normal 0 -1 0
    outer loop
      vertex 115 0 0
      vertex 103.981 0 13.3921
      vertex 104 0 13
    endloop
  endfacet
  facet normal 0 -1 0
    outer loop
      vertex 115 0 0
      vertex 104 0 13
      vertex 103.981 0 12.6079
    endloop
  endfacet
  facet normal 0 -1 0
    outer loop
      vertex 115 0 0
      vertex 103.981 0 12.6079
      vertex 103.923 0 12.2196
    endloop
  endfacet
  facet normal 0 -1 0
    outer loop
      vertex 115 0 0
      vertex 103.923 0 12.2196
      vertex 103.828 0 11.8389
    endloop
  endfacet
  facet normal 0 -1 0
    outer loop
      vertex 115 0 0
      vertex 103.828 0 11.8389
      vertex 103.696 0 11.4693
    endloop
  endfacet
  facet normal 0 -1 0
    outer loop
      vertex 99.6079 0 9.01926
      vertex 115 0 0
      vertex 100 0 9
    endloop
  endfacet
  facet normal 0 -1 0
    outer loop
      vertex 103.828 0 14.1611
      vertex 115 0 0
      vertex 115 0 42
    endloop
  endfacet
  facet normal 0 -1 0
    outer loop
      vertex 103.528 0 11.1144
      vertex 115 0 0
      vertex 103.696 0 11.4693
    endloop
  endfacet
  facet normal 0 -1 0
    outer loop
      vertex 103.326 0 10.7777
      vertex 115 0 0
      vertex 103.528 0 11.1144
    endloop
  endfacet
  facet normal 0 -1 0
    outer loop
      vertex 103.092 0 10.4624
      vertex 115 0 0
      vertex 103.326 0 10.7777
    endloop
  endfacet
  facet normal 0 -1 0
    outer loop
      vertex 102.828 0 10.1716
      vertex 115 0 0
      vertex 103.092 0 10.4624
    endloop
  endfacet
  facet normal 0 -1 0
    outer loop
      vertex 102.538 0 9.90796
      vertex 115 0 0
      vertex 102.828 0 10.1716
    endloop
  endfacet
  facet normal 0 -1 0
    outer loop
      vertex 102.222 0 9.67412
      vertex 115 0 0
      vertex 102.538 0 9.90796
    endloop
  endfacet
  facet normal 0 -1 0
    outer loop
      vertex 101.886 0 9.47231
      vertex 115 0 0
      vertex 102.222 0 9.67412
    endloop
  endfacet
  facet normal 0 -1 0
    outer loop
      vertex 101.531 0 9.30448
      vertex 115 0 0
      vertex 101.886 0 9.47231
    endloop
  endfacet
  facet normal 0 -1 0
    outer loop
      vertex 101.161 0 9.17224
      vertex 115 0 0
      vertex 101.531 0 9.30448
    endloop
  endfacet
  facet normal 0 -1 0
    outer loop
      vertex 100.78 0 9.07686
      vertex 115 0 0
      vertex 101.161 0 9.17224
    endloop
  endfacet
  facet normal 0 -1 0
    outer loop
      vertex 100.392 0 9.01926
      vertex 115 0 0
      vertex 100.78 0 9.07686
    endloop
  endfacet
  facet normal 0 -1 0
    outer loop
      vertex 100 0 9
      vertex 115 0 0
      vertex 100.392 0 9.01926
    endloop
  endfacet
  facet normal -0.941539 0.336904 0
    outer loop
      vertex 0.215286 76.4514 0
      vertex 0.3806 76.9134 42
      vertex 0.3806 76.9134 0
    endloop
  endfacet
  facet normal -0.941539 0.336904 0
    outer loop
      vertex 0.3806 76.9134 42
      vertex 0.215286 76.4514 0
      vertex 0.215286 76.4514 42
    endloop
  endfacet
  facet normal -0.595578 0.803297 0
    outer loop
      vertex 2.22214 79.1573 0
      vertex 1.82803 78.8651 42
      vertex 2.22214 79.1573 42
    endloop
  endfacet
  facet normal -0.595578 0.803297 0
    outer loop
      vertex 1.82803 78.8651 42
      vertex 2.22214 79.1573 0
      vertex 1.82803 78.8651 0
    endloop
  endfacet
  facet normal -0.671648 0.740871 0
    outer loop
      vertex 1.82803 78.8651 0
      vertex 1.46446 78.5355 42
      vertex 1.82803 78.8651 42
    endloop
  endfacet
  facet normal -0.671648 0.740871 0
    outer loop
      vertex 1.46446 78.5355 42
      vertex 1.82803 78.8651 0
      vertex 1.46446 78.5355 0
    endloop
  endfacet
  facet normal 0.671134 -0.741336 0
    outer loop
      vertex 118.172 1.13493 0
      vertex 118.536 1.46446 42
      vertex 118.172 1.13493 42
    endloop
  endfacet
  facet normal 0.671134 -0.741336 0
    outer loop
      vertex 118.536 1.46446 42
      vertex 118.172 1.13493 0
      vertex 118.536 1.46446 0
    endloop
  endfacet
  facet normal 0.998803 -0.048911 0
    outer loop
      vertex 119.976 4.5099 42
      vertex 120 5 0
      vertex 120 5 42
    endloop
  endfacet
  facet normal 0.998803 -0.048911 0
    outer loop
      vertex 120 5 0
      vertex 119.976 4.5099 42
      vertex 119.976 4.5099 0
    endloop
  endfacet
  facet normal -0.740942 -0.671569 0
    outer loop
      vertex 1.46446 1.46446 0
      vertex 1.13493 1.82803 42
      vertex 1.13493 1.82803 0
    endloop
  endfacet
  facet normal -0.740942 -0.671569 0
    outer loop
      vertex 1.13493 1.82803 42
      vertex 1.46446 1.46446 0
      vertex 1.46446 1.46446 42
    endloop
  endfacet
  facet normal -0.0490393 -0.998797 0
    outer loop
      vertex 4.5099 0.0240631 0
      vertex 5 0 42
      vertex 4.5099 0.0240631 42
    endloop
  endfacet
  facet normal -0.0490393 -0.998797 -0
    outer loop
      vertex 5 0 42
      vertex 4.5099 0.0240631 0
      vertex 5 0 0
    endloop
  endfacet
  facet normal 0.336904 -0.941539 0
    outer loop
      vertex 116.451 0.215286 0
      vertex 116.913 0.3806 42
      vertex 116.451 0.215286 42
    endloop
  endfacet
  facet normal 0.336904 -0.941539 0
    outer loop
      vertex 116.913 0.3806 42
      vertex 116.451 0.215286 0
      vertex 116.913 0.3806 0
    endloop
  endfacet
  facet normal 0.941095 0.338142 0
    outer loop
      vertex 119.785 76.4514 42
      vertex 119.619 76.9134 0
      vertex 119.619 76.9134 42
    endloop
  endfacet
  facet normal 0.941095 0.338142 0
    outer loop
      vertex 119.619 76.9134 0
      vertex 119.785 76.4514 42
      vertex 119.785 76.4514 0
    endloop
  endfacet
  facet normal 0.336879 0.941548 -0
    outer loop
      vertex 116.913 79.6194 0
      vertex 116.451 79.7847 42
      vertex 116.913 79.6194 42
    endloop
  endfacet
  facet normal 0.336879 0.941548 0
    outer loop
      vertex 116.451 79.7847 42
      vertex 116.913 79.6194 0
      vertex 116.451 79.7847 0
    endloop
  endfacet
  facet normal -0.427567 0.903984 0
    outer loop
      vertex 3.08658 79.6194 0
      vertex 2.64301 79.4096 42
      vertex 3.08658 79.6194 42
    endloop
  endfacet
  facet normal -0.427567 0.903984 0
    outer loop
      vertex 2.64301 79.4096 42
      vertex 3.08658 79.6194 0
      vertex 2.64301 79.4096 0
    endloop
  endfacet
  facet normal -0.242934 0.970043 0
    outer loop
      vertex 4.02454 79.9039 0
      vertex 3.54857 79.7847 42
      vertex 4.02454 79.9039 42
    endloop
  endfacet
  facet normal -0.242934 0.970043 0
    outer loop
      vertex 3.54857 79.7847 42
      vertex 4.02454 79.9039 0
      vertex 3.54857 79.7847 0
    endloop
  endfacet
  facet normal -0.0491143 0.998793 0
    outer loop
      vertex 5 80 0
      vertex 4.5099 79.9759 42
      vertex 5 80 42
    endloop
  endfacet
  facet normal -0.0491143 0.998793 0
    outer loop
      vertex 4.5099 79.9759 42
      vertex 5 80 0
      vertex 4.5099 79.9759 0
    endloop
  endfacet
  facet normal -0.998797 0.0490393 0
    outer loop
      vertex 0 75 0
      vertex 0.0240631 75.4901 42
      vertex 0.0240631 75.4901 0
    endloop
  endfacet
  facet normal -0.998797 0.0490393 0
    outer loop
      vertex 0.0240631 75.4901 42
      vertex 0 75 0
      vertex 0 75 42
    endloop
  endfacet
  facet normal -0.857692 0.514163 0
    outer loop
      vertex 0.590393 77.357 0
      vertex 0.842651 77.7778 42
      vertex 0.842651 77.7778 0
    endloop
  endfacet
  facet normal -0.857692 0.514163 0
    outer loop
      vertex 0.842651 77.7778 42
      vertex 0.590393 77.357 0
      vertex 0.590393 77.357 42
    endloop
  endfacet
  facet normal -0.989171 0.146768 0
    outer loop
      vertex 0.0240631 75.4901 0
      vertex 0.0960693 75.9754 42
      vertex 0.0960693 75.9754 0
    endloop
  endfacet
  facet normal -0.989171 0.146768 0
    outer loop
      vertex 0.0960693 75.9754 42
      vertex 0.0240631 75.4901 0
      vertex 0.0240631 75.4901 42
    endloop
  endfacet
  facet normal -0.803285 0.595595 0
    outer loop
      vertex 0.842651 77.7778 0
      vertex 1.13493 78.172 42
      vertex 1.13493 78.172 0
    endloop
  endfacet
  facet normal -0.803285 0.595595 0
    outer loop
      vertex 1.13493 78.172 42
      vertex 0.842651 77.7778 0
      vertex 0.842651 77.7778 42
    endloop
  endfacet
  facet normal 0.59579 -0.803141 0
    outer loop
      vertex 117.778 0.842651 0
      vertex 118.172 1.13493 42
      vertex 117.778 0.842651 42
    endloop
  endfacet
  facet normal 0.59579 -0.803141 0
    outer loop
      vertex 118.172 1.13493 42
      vertex 117.778 0.842651 0
      vertex 118.172 1.13493 0
    endloop
  endfacet
  facet normal 0.857063 -0.515211 0
    outer loop
      vertex 119.157 2.22214 42
      vertex 119.41 2.64301 0
      vertex 119.41 2.64301 42
    endloop
  endfacet
  facet normal 0.857063 -0.515211 0
    outer loop
      vertex 119.41 2.64301 0
      vertex 119.157 2.22214 42
      vertex 119.157 2.22214 0
    endloop
  endfacet
  facet normal -0.80322 -0.595682 0
    outer loop
      vertex 1.13493 1.82803 0
      vertex 0.842651 2.22214 42
      vertex 0.842651 2.22214 0
    endloop
  endfacet
  facet normal -0.80322 -0.595682 0
    outer loop
      vertex 0.842651 2.22214 42
      vertex 1.13493 1.82803 0
      vertex 1.13493 1.82803 42
    endloop
  endfacet
  facet normal 0.0490493 -0.998796 0
    outer loop
      vertex 115 0 0
      vertex 115.49 0.0240631 42
      vertex 115 0 42
    endloop
  endfacet
  facet normal 0.0490493 -0.998796 0
    outer loop
      vertex 115.49 0.0240631 42
      vertex 115 0 0
      vertex 115.49 0.0240631 0
    endloop
  endfacet
  facet normal 0.904625 0.426209 0
    outer loop
      vertex 119.619 76.9134 42
      vertex 119.41 77.357 0
      vertex 119.41 77.357 42
    endloop
  endfacet
  facet normal 0.904625 0.426209 0
    outer loop
      vertex 119.41 77.357 0
      vertex 119.619 76.9134 42
      vertex 119.619 76.9134 0
    endloop
  endfacet
  facet normal 0.741415 0.671047 0
    outer loop
      vertex 118.865 78.172 42
      vertex 118.536 78.5355 0
      vertex 118.536 78.5355 42
    endloop
  endfacet
  facet normal 0.741415 0.671047 0
    outer loop
      vertex 118.536 78.5355 0
      vertex 118.865 78.172 42
      vertex 118.865 78.172 0
    endloop
  endfacet
  facet normal 0.514046 0.857762 -0
    outer loop
      vertex 117.778 79.1573 0
      vertex 117.357 79.4096 42
      vertex 117.778 79.1573 42
    endloop
  endfacet
  facet normal 0.514046 0.857762 0
    outer loop
      vertex 117.357 79.4096 42
      vertex 117.778 79.1573 0
      vertex 117.357 79.4096 0
    endloop
  endfacet
  facet normal 0.0491243 0.998793 -0
    outer loop
      vertex 115.49 79.9759 0
      vertex 115 80 42
      vertex 115.49 79.9759 42
    endloop
  endfacet
  facet normal 0.0491243 0.998793 0
    outer loop
      vertex 115 80 42
      vertex 115.49 79.9759 0
      vertex 115 80 0
    endloop
  endfacet
  facet normal -0.336885 0.941546 0
    outer loop
      vertex 3.54857 79.7847 0
      vertex 3.08658 79.6194 42
      vertex 3.54857 79.7847 42
    endloop
  endfacet
  facet normal -0.336885 0.941546 0
    outer loop
      vertex 3.08658 79.6194 42
      vertex 3.54857 79.7847 0
      vertex 3.08658 79.6194 0
    endloop
  endfacet
  facet normal -0.146738 0.989175 0
    outer loop
      vertex 4.5099 79.9759 0
      vertex 4.02454 79.9039 42
      vertex 4.5099 79.9759 42
    endloop
  endfacet
  facet normal -0.146738 0.989175 0
    outer loop
      vertex 4.02454 79.9039 42
      vertex 4.5099 79.9759 0
      vertex 4.02454 79.9039 0
    endloop
  endfacet
  facet normal -0.904 0.427531 0
    outer loop
      vertex 0.3806 76.9134 0
      vertex 0.590393 77.357 42
      vertex 0.590393 77.357 0
    endloop
  endfacet
  facet normal -0.904 0.427531 0
    outer loop
      vertex 0.590393 77.357 42
      vertex 0.3806 76.9134 0
      vertex 0.3806 76.9134 42
    endloop
  endfacet
  facet normal -0.970039 0.242951 0
    outer loop
      vertex 0.0960693 75.9754 0
      vertex 0.215286 76.4514 42
      vertex 0.215286 76.4514 0
    endloop
  endfacet
  facet normal -0.970039 0.242951 0
    outer loop
      vertex 0.215286 76.4514 42
      vertex 0.0960693 75.9754 0
      vertex 0.0960693 75.9754 42
    endloop
  endfacet
  facet normal -0.514163 0.857692 0
    outer loop
      vertex 2.64301 79.4096 0
      vertex 2.22214 79.1573 42
      vertex 2.64301 79.4096 42
    endloop
  endfacet
  facet normal -0.514163 0.857692 0
    outer loop
      vertex 2.22214 79.1573 42
      vertex 2.64301 79.4096 0
      vertex 2.22214 79.1573 0
    endloop
  endfacet
  facet normal -0.740877 0.67164 0
    outer loop
      vertex 1.13493 78.172 0
      vertex 1.46446 78.5355 42
      vertex 1.46446 78.5355 0
    endloop
  endfacet
  facet normal -0.740877 0.67164 0
    outer loop
      vertex 1.46446 78.5355 42
      vertex 1.13493 78.172 0
      vertex 1.13493 78.172 42
    endloop
  endfacet
  facet normal 0.803492 -0.595315 0
    outer loop
      vertex 118.865 1.82803 42
      vertex 119.157 2.22214 0
      vertex 119.157 2.22214 42
    endloop
  endfacet
  facet normal 0.803492 -0.595315 0
    outer loop
      vertex 119.157 2.22214 0
      vertex 118.865 1.82803 42
      vertex 118.865 1.82803 0
    endloop
  endfacet
  facet normal 0.970139 -0.24255 0
    outer loop
      vertex 119.785 3.54857 42
      vertex 119.904 4.02454 0
      vertex 119.904 4.02454 42
    endloop
  endfacet
  facet normal 0.970139 -0.24255 0
    outer loop
      vertex 119.904 4.02454 0
      vertex 119.785 3.54857 42
      vertex 119.785 3.54857 0
    endloop
  endfacet
  facet normal 0.904613 -0.426233 0
    outer loop
      vertex 119.41 2.64301 42
      vertex 119.619 3.08658 0
      vertex 119.619 3.08658 42
    endloop
  endfacet
  facet normal 0.904613 -0.426233 0
    outer loop
      vertex 119.619 3.08658 0
      vertex 119.41 2.64301 42
      vertex 119.41 2.64301 0
    endloop
  endfacet
  facet normal 0.941093 -0.338149 0
    outer loop
      vertex 119.619 3.08658 42
      vertex 119.785 3.54857 0
      vertex 119.785 3.54857 42
    endloop
  endfacet
  facet normal 0.941093 -0.338149 0
    outer loop
      vertex 119.785 3.54857 0
      vertex 119.619 3.08658 42
      vertex 119.619 3.08658 0
    endloop
  endfacet
  facet normal -0.595682 -0.80322 0
    outer loop
      vertex 1.82803 1.13493 0
      vertex 2.22214 0.842651 42
      vertex 1.82803 1.13493 42
    endloop
  endfacet
  facet normal -0.595682 -0.80322 -0
    outer loop
      vertex 2.22214 0.842651 42
      vertex 1.82803 1.13493 0
      vertex 2.22214 0.842651 0
    endloop
  endfacet
  facet normal -0.427555 -0.903989 0
    outer loop
      vertex 2.64301 0.590393 0
      vertex 3.08658 0.3806 42
      vertex 2.64301 0.590393 42
    endloop
  endfacet
  facet normal -0.427555 -0.903989 -0
    outer loop
      vertex 3.08658 0.3806 42
      vertex 2.64301 0.590393 0
      vertex 3.08658 0.3806 0
    endloop
  endfacet
  facet normal -0.242966 -0.970035 0
    outer loop
      vertex 3.54857 0.215286 0
      vertex 4.02454 0.0960693 42
      vertex 3.54857 0.215286 42
    endloop
  endfacet
  facet normal -0.242966 -0.970035 -0
    outer loop
      vertex 4.02454 0.0960693 42
      vertex 3.54857 0.215286 0
      vertex 4.02454 0.0960693 0
    endloop
  endfacet
  facet normal -0.671569 -0.740942 0
    outer loop
      vertex 1.46446 1.46446 0
      vertex 1.82803 1.13493 42
      vertex 1.46446 1.46446 42
    endloop
  endfacet
  facet normal -0.671569 -0.740942 -0
    outer loop
      vertex 1.82803 1.13493 42
      vertex 1.46446 1.46446 0
      vertex 1.82803 1.13493 0
    endloop
  endfacet
  facet normal -0.903989 -0.427555 0
    outer loop
      vertex 0.590393 2.64301 0
      vertex 0.3806 3.08658 42
      vertex 0.3806 3.08658 0
    endloop
  endfacet
  facet normal -0.903989 -0.427555 0
    outer loop
      vertex 0.3806 3.08658 42
      vertex 0.590393 2.64301 0
      vertex 0.590393 2.64301 42
    endloop
  endfacet
  facet normal -0.970035 -0.242966 0
    outer loop
      vertex 0.215286 3.54857 0
      vertex 0.0960693 4.02454 42
      vertex 0.0960693 4.02454 0
    endloop
  endfacet
  facet normal -0.970035 -0.242966 0
    outer loop
      vertex 0.0960693 4.02454 42
      vertex 0.215286 3.54857 0
      vertex 0.215286 3.54857 42
    endloop
  endfacet
  facet normal -0.85773 -0.5141 0
    outer loop
      vertex 0.842651 2.22214 0
      vertex 0.590393 2.64301 42
      vertex 0.590393 2.64301 0
    endloop
  endfacet
  facet normal -0.85773 -0.5141 0
    outer loop
      vertex 0.590393 2.64301 42
      vertex 0.842651 2.22214 0
      vertex 0.842651 2.22214 42
    endloop
  endfacet
  facet normal 0.146857 -0.989158 0
    outer loop
      vertex 115.49 0.0240631 0
      vertex 115.975 0.0960693 42
      vertex 115.49 0.0240631 42
    endloop
  endfacet
  facet normal 0.146857 -0.989158 0
    outer loop
      vertex 115.975 0.0960693 42
      vertex 115.49 0.0240631 0
      vertex 115.975 0.0960693 0
    endloop
  endfacet
  facet normal 0.242951 -0.970039 0
    outer loop
      vertex 115.975 0.0960693 0
      vertex 116.451 0.215286 42
      vertex 115.975 0.0960693 42
    endloop
  endfacet
  facet normal 0.242951 -0.970039 0
    outer loop
      vertex 116.451 0.215286 42
      vertex 115.975 0.0960693 0
      vertex 116.451 0.215286 0
    endloop
  endfacet
  facet normal 0.427217 -0.904149 0
    outer loop
      vertex 116.913 0.3806 0
      vertex 117.357 0.590393 42
      vertex 116.913 0.3806 42
    endloop
  endfacet
  facet normal 0.427217 -0.904149 0
    outer loop
      vertex 117.357 0.590393 42
      vertex 116.913 0.3806 0
      vertex 117.357 0.590393 0
    endloop
  endfacet
  facet normal 0.671212 0.741266 -0
    outer loop
      vertex 118.536 78.5355 0
      vertex 118.172 78.8651 42
      vertex 118.536 78.5355 42
    endloop
  endfacet
  facet normal 0.671212 0.741266 0
    outer loop
      vertex 118.172 78.8651 42
      vertex 118.536 78.5355 0
      vertex 118.172 78.8651 0
    endloop
  endfacet
  facet normal 0.427228 0.904144 -0
    outer loop
      vertex 117.357 79.4096 0
      vertex 116.913 79.6194 42
      vertex 117.357 79.4096 42
    endloop
  endfacet
  facet normal 0.427228 0.904144 0
    outer loop
      vertex 116.913 79.6194 42
      vertex 117.357 79.4096 0
      vertex 116.913 79.6194 0
    endloop
  endfacet
  facet normal 0.146844 0.98916 -0
    outer loop
      vertex 115.975 79.9039 0
      vertex 115.49 79.9759 42
      vertex 115.975 79.9039 42
    endloop
  endfacet
  facet normal 0.146844 0.98916 0
    outer loop
      vertex 115.49 79.9759 42
      vertex 115.975 79.9039 0
      vertex 115.49 79.9759 0
    endloop
  endfacet
  facet normal 0.242919 0.970047 -0
    outer loop
      vertex 116.451 79.7847 0
      vertex 115.975 79.9039 42
      vertex 116.451 79.7847 42
    endloop
  endfacet
  facet normal 0.242919 0.970047 0
    outer loop
      vertex 115.975 79.9039 42
      vertex 116.451 79.7847 0
      vertex 115.975 79.9039 0
    endloop
  endfacet
  facet normal 0.741479 -0.670976 0
    outer loop
      vertex 118.536 1.46446 42
      vertex 118.865 1.82803 0
      vertex 118.865 1.82803 42
    endloop
  endfacet
  facet normal 0.741479 -0.670976 0
    outer loop
      vertex 118.865 1.82803 0
      vertex 118.536 1.46446 42
      vertex 118.536 1.46446 0
    endloop
  endfacet
  facet normal 0.989175 -0.146738 0
    outer loop
      vertex 119.904 4.02454 42
      vertex 119.976 4.5099 0
      vertex 119.976 4.5099 42
    endloop
  endfacet
  facet normal 0.989175 -0.146738 0
    outer loop
      vertex 119.976 4.5099 0
      vertex 119.904 4.02454 42
      vertex 119.904 4.02454 0
    endloop
  endfacet
  facet normal -0.5141 -0.85773 0
    outer loop
      vertex 2.22214 0.842651 0
      vertex 2.64301 0.590393 42
      vertex 2.22214 0.842651 42
    endloop
  endfacet
  facet normal -0.5141 -0.85773 -0
    outer loop
      vertex 2.64301 0.590393 42
      vertex 2.22214 0.842651 0
      vertex 2.64301 0.590393 0
    endloop
  endfacet
  facet normal -0.33691 -0.941537 0
    outer loop
      vertex 3.08658 0.3806 0
      vertex 3.54857 0.215286 42
      vertex 3.08658 0.3806 42
    endloop
  endfacet
  facet normal -0.33691 -0.941537 -0
    outer loop
      vertex 3.54857 0.215286 42
      vertex 3.08658 0.3806 0
      vertex 3.54857 0.215286 0
    endloop
  endfacet
  facet normal -0.14675 -0.989174 0
    outer loop
      vertex 4.02454 0.0960693 0
      vertex 4.5099 0.0240631 42
      vertex 4.02454 0.0960693 42
    endloop
  endfacet
  facet normal -0.14675 -0.989174 -0
    outer loop
      vertex 4.5099 0.0240631 42
      vertex 4.02454 0.0960693 0
      vertex 4.5099 0.0240631 0
    endloop
  endfacet
  facet normal -0.941537 -0.33691 0
    outer loop
      vertex 0.3806 3.08658 0
      vertex 0.215286 3.54857 42
      vertex 0.215286 3.54857 0
    endloop
  endfacet
  facet normal -0.941537 -0.33691 0
    outer loop
      vertex 0.215286 3.54857 42
      vertex 0.3806 3.08658 0
      vertex 0.3806 3.08658 42
    endloop
  endfacet
  facet normal 0.595686 0.803218 -0
    outer loop
      vertex 118.172 78.8651 0
      vertex 117.778 79.1573 42
      vertex 118.172 78.8651 42
    endloop
  endfacet
  facet normal 0.595686 0.803218 0
    outer loop
      vertex 117.778 79.1573 42
      vertex 118.172 78.8651 0
      vertex 117.778 79.1573 0
    endloop
  endfacet
  facet normal 0.970143 0.242536 0
    outer loop
      vertex 119.904 75.9754 42
      vertex 119.785 76.4514 0
      vertex 119.785 76.4514 42
    endloop
  endfacet
  facet normal 0.970143 0.242536 0
    outer loop
      vertex 119.785 76.4514 0
      vertex 119.904 75.9754 42
      vertex 119.904 75.9754 0
    endloop
  endfacet
  facet normal 0.803557 0.595228 0
    outer loop
      vertex 119.157 77.7778 42
      vertex 118.865 78.172 0
      vertex 118.865 78.172 42
    endloop
  endfacet
  facet normal 0.803557 0.595228 0
    outer loop
      vertex 118.865 78.172 0
      vertex 119.157 77.7778 42
      vertex 119.157 77.7778 0
    endloop
  endfacet
  facet normal 0.857025 0.515274 0
    outer loop
      vertex 119.41 77.357 42
      vertex 119.157 77.7778 0
      vertex 119.157 77.7778 42
    endloop
  endfacet
  facet normal 0.857025 0.515274 0
    outer loop
      vertex 119.157 77.7778 0
      vertex 119.41 77.357 42
      vertex 119.41 77.357 0
    endloop
  endfacet
  facet normal 0.989173 0.146755 0
    outer loop
      vertex 119.976 75.4901 42
      vertex 119.904 75.9754 0
      vertex 119.904 75.9754 42
    endloop
  endfacet
  facet normal 0.989173 0.146755 0
    outer loop
      vertex 119.904 75.9754 0
      vertex 119.976 75.4901 42
      vertex 119.976 75.4901 0
    endloop
  endfacet
  facet normal 0 0 1
    outer loop
      vertex 63.6582 40.0916 3
      vertex 67.0149 40.0916 3
      vertex 67.0095 40.2928 3
    endloop
  endfacet
  facet normal 0 0 1
    outer loop
      vertex 67.0149 40.0916 3
      vertex 63.6582 40.0916 3
      vertex 67.0095 39.881 3
    endloop
  endfacet
  facet normal -0 0 1
    outer loop
      vertex 63.6637 40.2945 3
      vertex 67.0095 40.2928 3
      vertex 66.9932 40.4841 3
    endloop
  endfacet
  facet normal -0 -0 1
    outer loop
      vertex 63.6638 39.8868 3
      vertex 67.0095 39.881 3
      vertex 63.6582 40.0916 3
    endloop
  endfacet
  facet normal -0 0 1
    outer loop
      vertex 63.6799 40.4872 3
      vertex 66.9932 40.4841 3
      vertex 66.9661 40.6655 3
    endloop
  endfacet
  facet normal 0 0 1
    outer loop
      vertex 67.0095 39.881 3
      vertex 63.6638 39.8868 3
      vertex 66.9933 39.6814 3
    endloop
  endfacet
  facet normal -0 0 1
    outer loop
      vertex 63.7071 40.6696 3
      vertex 66.9661 40.6655 3
      vertex 66.9281 40.8371 3
    endloop
  endfacet
  facet normal -0 -0 1
    outer loop
      vertex 63.6804 39.6919 3
      vertex 66.9933 39.6814 3
      vertex 63.6638 39.8868 3
    endloop
  endfacet
  facet normal -0 0 1
    outer loop
      vertex 63.745 40.8419 3
      vertex 66.9281 40.8371 3
      vertex 66.8793 40.9987 3
    endloop
  endfacet
  facet normal 0 -0 1
    outer loop
      vertex 63.7082 39.5069 3
      vertex 66.9933 39.6814 3
      vertex 63.6804 39.6919 3
    endloop
  endfacet
  facet normal 0 0 1
    outer loop
      vertex 65.5146 42.0666 3
      vertex 66.8793 40.9987 3
      vertex 66.8196 41.1504 3
    endloop
  endfacet
  facet normal 0 0 1
    outer loop
      vertex 66.9933 39.6814 3
      vertex 63.7082 39.5069 3
      vertex 66.9663 39.4926 3
    endloop
  endfacet
  facet normal 0 0 1
    outer loop
      vertex 65.5146 42.0666 3
      vertex 66.8196 41.1504 3
      vertex 66.7491 41.2922 3
    endloop
  endfacet
  facet normal 0 -0 1
    outer loop
      vertex 63.747 39.3317 3
      vertex 66.9663 39.4926 3
      vertex 63.7082 39.5069 3
    endloop
  endfacet
  facet normal 0 0 1
    outer loop
      vertex 65.6778 42.0471 3
      vertex 66.7491 41.2922 3
      vertex 66.6677 41.4241 3
    endloop
  endfacet
  facet normal 0 0 1
    outer loop
      vertex 66.9663 39.4926 3
      vertex 63.747 39.3317 3
      vertex 66.9285 39.3149 3
    endloop
  endfacet
  facet normal 0 0 1
    outer loop
      vertex 65.6778 42.0471 3
      vertex 66.6677 41.4241 3
      vertex 66.5755 41.5462 3
    endloop
  endfacet
  facet normal 0 -0 1
    outer loop
      vertex 63.797 39.1665 3
      vertex 66.9285 39.3149 3
      vertex 63.747 39.3317 3
    endloop
  endfacet
  facet normal 0 0 1
    outer loop
      vertex 65.8323 42.0145 3
      vertex 66.5755 41.5462 3
      vertex 66.4735 41.6568 3
    endloop
  endfacet
  facet normal 0 0 1
    outer loop
      vertex 66.9285 39.3149 3
      vertex 63.797 39.1665 3
      vertex 66.8799 39.1481 3
    endloop
  endfacet
  facet normal 0 0 1
    outer loop
      vertex 65.8323 42.0145 3
      vertex 66.4735 41.6568 3
      vertex 66.3627 41.7543 3
    endloop
  endfacet
  facet normal 0 -0 1
    outer loop
      vertex 65.3345 38.0613 3
      vertex 66.8799 39.1481 3
      vertex 63.797 39.1665 3
    endloop
  endfacet
  facet normal 0 0 1
    outer loop
      vertex 65.8323 42.0145 3
      vertex 66.3627 41.7543 3
      vertex 66.2432 41.8389 3
    endloop
  endfacet
  facet normal 0 0 1
    outer loop
      vertex 66.8205 38.9922 3
      vertex 65.509 38.0678 3
      vertex 66.7503 38.8473 3
    endloop
  endfacet
  facet normal 0 0 1
    outer loop
      vertex 65.8323 42.0145 3
      vertex 66.2432 41.8389 3
      vertex 66.115 41.9104 3
    endloop
  endfacet
  facet normal 0 0 1
    outer loop
      vertex 65.8323 42.0145 3
      vertex 66.115 41.9104 3
      vertex 65.978 41.969 3
    endloop
  endfacet
  facet normal 0 -0 1
    outer loop
      vertex 65.6744 38.0874 3
      vertex 66.7503 38.8473 3
      vertex 65.509 38.0678 3
    endloop
  endfacet
  facet normal 0 0 1
    outer loop
      vertex 66.5755 41.5462 3
      vertex 65.8323 42.0145 3
      vertex 65.6778 42.0471 3
    endloop
  endfacet
  facet normal 0 0 1
    outer loop
      vertex 66.7503 38.8473 3
      vertex 65.6744 38.0874 3
      vertex 66.6693 38.7133 3
    endloop
  endfacet
  facet normal 0 0 1
    outer loop
      vertex 66.7491 41.2922 3
      vertex 65.6778 42.0471 3
      vertex 65.5146 42.0666 3
    endloop
  endfacet
  facet normal 0 -0 1
    outer loop
      vertex 65.8307 38.1201 3
      vertex 66.6693 38.7133 3
      vertex 65.6744 38.0874 3
    endloop
  endfacet
  facet normal 0 0 1
    outer loop
      vertex 66.8793 40.9987 3
      vertex 65.5146 42.0666 3
      vertex 65.3427 42.0731 3
    endloop
  endfacet
  facet normal 0 0 1
    outer loop
      vertex 66.6693 38.7133 3
      vertex 65.8307 38.1201 3
      vertex 66.5775 38.5903 3
    endloop
  endfacet
  facet normal 0 0 1
    outer loop
      vertex 66.8793 40.9987 3
      vertex 65.3427 42.0731 3
      vertex 63.745 40.8419 3
    endloop
  endfacet
  facet normal 0 0 1
    outer loop
      vertex 66.245 38.2964 3
      vertex 65.8307 38.1201 3
      vertex 66.116 38.2246 3
    endloop
  endfacet
  facet normal 0 0 1
    outer loop
      vertex 63.745 40.8419 3
      vertex 65.3427 42.0731 3
      vertex 65.1682 42.0666 3
    endloop
  endfacet
  facet normal 0 0 1
    outer loop
      vertex 66.116 38.2246 3
      vertex 65.8307 38.1201 3
      vertex 65.9779 38.1658 3
    endloop
  endfacet
  facet normal 0 0 1
    outer loop
      vertex 66.365 38.3813 3
      vertex 65.8307 38.1201 3
      vertex 66.245 38.2964 3
    endloop
  endfacet
  facet normal 0 0 1
    outer loop
      vertex 63.7939 41.004 3
      vertex 65.1682 42.0666 3
      vertex 65.0027 42.0473 3
    endloop
  endfacet
  facet normal 0 0 1
    outer loop
      vertex 66.4758 38.4793 3
      vertex 65.8307 38.1201 3
      vertex 66.365 38.3813 3
    endloop
  endfacet
  facet normal 0 0 1
    outer loop
      vertex 63.8535 41.1558 3
      vertex 65.0027 42.0473 3
      vertex 64.8463 42.015 3
    endloop
  endfacet
  facet normal 0 0 1
    outer loop
      vertex 66.5775 38.5903 3
      vertex 65.8307 38.1201 3
      vertex 66.4758 38.4793 3
    endloop
  endfacet
  facet normal 0 0 1
    outer loop
      vertex 63.924 41.2975 3
      vertex 64.8463 42.015 3
      vertex 64.6989 41.9698 3
    endloop
  endfacet
  facet normal 0 0 1
    outer loop
      vertex 66.8799 39.1481 3
      vertex 65.509 38.0678 3
      vertex 66.8205 38.9922 3
    endloop
  endfacet
  facet normal 0 0 1
    outer loop
      vertex 64.0054 41.429 3
      vertex 64.6989 41.9698 3
      vertex 64.5606 41.9117 3
    endloop
  endfacet
  facet normal 0 -0 1
    outer loop
      vertex 65.509 38.0678 3
      vertex 66.8799 39.1481 3
      vertex 65.3345 38.0613 3
    endloop
  endfacet
  facet normal 0 0 1
    outer loop
      vertex 64.0054 41.429 3
      vertex 64.5606 41.9117 3
      vertex 64.4313 41.8407 3
    endloop
  endfacet
  facet normal -0 -0 1
    outer loop
      vertex 63.858 39.0112 3
      vertex 65.3345 38.0613 3
      vertex 63.797 39.1665 3
    endloop
  endfacet
  facet normal 0 0 1
    outer loop
      vertex 64.0054 41.429 3
      vertex 64.4313 41.8407 3
      vertex 64.311 41.7568 3
    endloop
  endfacet
  facet normal 0 0 1
    outer loop
      vertex 65.3345 38.0613 3
      vertex 63.858 39.0112 3
      vertex 65.1659 38.068 3
    endloop
  endfacet
  facet normal 0 0 1
    outer loop
      vertex 64.0976 41.5502 3
      vertex 64.311 41.7568 3
      vertex 64.1998 41.66 3
    endloop
  endfacet
  facet normal -0 -0 1
    outer loop
      vertex 63.9302 38.8657 3
      vertex 65.1659 38.068 3
      vertex 63.858 39.0112 3
    endloop
  endfacet
  facet normal 0 0 1
    outer loop
      vertex 64.0054 41.429 3
      vertex 64.311 41.7568 3
      vertex 64.0976 41.5502 3
    endloop
  endfacet
  facet normal 0 0 1
    outer loop
      vertex 65.1659 38.068 3
      vertex 63.9302 38.8657 3
      vertex 65.0053 38.0881 3
    endloop
  endfacet
  facet normal 0 0 1
    outer loop
      vertex 64.6989 41.9698 3
      vertex 64.0054 41.429 3
      vertex 63.924 41.2975 3
    endloop
  endfacet
  facet normal 0 0 1
    outer loop
      vertex 65.0053 38.0881 3
      vertex 64.0135 38.7301 3
      vertex 64.8528 38.1217 3
    endloop
  endfacet
  facet normal 0 0 1
    outer loop
      vertex 64.8463 42.015 3
      vertex 63.924 41.2975 3
      vertex 63.8535 41.1558 3
    endloop
  endfacet
  facet normal -0 -0 1
    outer loop
      vertex 64.1078 38.6045 3
      vertex 64.8528 38.1217 3
      vertex 64.0135 38.7301 3
    endloop
  endfacet
  facet normal 0 0 1
    outer loop
      vertex 65.0027 42.0473 3
      vertex 63.8535 41.1558 3
      vertex 63.7939 41.004 3
    endloop
  endfacet
  facet normal 0 0 1
    outer loop
      vertex 64.4439 38.3027 3
      vertex 64.2118 38.4905 3
      vertex 64.3238 38.3899 3
    endloop
  endfacet
  facet normal 0 0 1
    outer loop
      vertex 65.1682 42.0666 3
      vertex 63.7939 41.004 3
      vertex 63.745 40.8419 3
    endloop
  endfacet
  facet normal 0 0 1
    outer loop
      vertex 64.4439 38.3027 3
      vertex 64.1078 38.6045 3
      vertex 64.2118 38.4905 3
    endloop
  endfacet
  facet normal 0 0 1
    outer loop
      vertex 66.9281 40.8371 3
      vertex 63.745 40.8419 3
      vertex 63.7071 40.6696 3
    endloop
  endfacet
  facet normal 0 0 1
    outer loop
      vertex 64.8528 38.1217 3
      vertex 64.1078 38.6045 3
      vertex 64.7085 38.1686 3
    endloop
  endfacet
  facet normal 0 0 1
    outer loop
      vertex 66.9661 40.6655 3
      vertex 63.7071 40.6696 3
      vertex 63.6799 40.4872 3
    endloop
  endfacet
  facet normal 0 0 1
    outer loop
      vertex 64.5721 38.229 3
      vertex 64.1078 38.6045 3
      vertex 64.4439 38.3027 3
    endloop
  endfacet
  facet normal 0 0 1
    outer loop
      vertex 66.9932 40.4841 3
      vertex 63.6799 40.4872 3
      vertex 63.6637 40.2945 3
    endloop
  endfacet
  facet normal 0 0 1
    outer loop
      vertex 64.7085 38.1686 3
      vertex 64.1078 38.6045 3
      vertex 64.5721 38.229 3
    endloop
  endfacet
  facet normal 0 0 1
    outer loop
      vertex 67.0095 40.2928 3
      vertex 63.6637 40.2945 3
      vertex 63.6582 40.0916 3
    endloop
  endfacet
  facet normal -0 -0 1
    outer loop
      vertex 64.0135 38.7301 3
      vertex 65.0053 38.0881 3
      vertex 63.9302 38.8657 3
    endloop
  endfacet
  facet normal 0 0 1
    outer loop
      vertex 59.8203 41.9903 3
      vertex 60.3323 41.3285 3
      vertex 60.3293 41.4117 3
    endloop
  endfacet
  facet normal 0 0 1
    outer loop
      vertex 60.3323 41.3285 3
      vertex 59.843 40.6752 3
      vertex 60.3295 41.2521 3
    endloop
  endfacet
  facet normal 0 0 1
    outer loop
      vertex 59.8956 41.9682 3
      vertex 60.3293 41.4117 3
      vertex 60.3201 41.4893 3
    endloop
  endfacet
  facet normal 0 -0 1
    outer loop
      vertex 59.9182 40.6992 3
      vertex 60.3295 41.2521 3
      vertex 59.843 40.6752 3
    endloop
  endfacet
  facet normal 0 0 1
    outer loop
      vertex 59.965 41.9421 3
      vertex 60.3201 41.4893 3
      vertex 60.305 41.5614 3
    endloop
  endfacet
  facet normal 0 0 1
    outer loop
      vertex 60.3293 41.4117 3
      vertex 59.8956 41.9682 3
      vertex 59.8203 41.9903 3
    endloop
  endfacet
  facet normal 0 0 1
    outer loop
      vertex 60.0285 41.9119 3
      vertex 60.305 41.5614 3
      vertex 60.2837 41.6279 3
    endloop
  endfacet
  facet normal 0 0 1
    outer loop
      vertex 60.3295 41.2521 3
      vertex 59.9182 40.6992 3
      vertex 60.321 41.1799 3
    endloop
  endfacet
  facet normal 0 0 1
    outer loop
      vertex 60.0285 41.9119 3
      vertex 60.2837 41.6279 3
      vertex 60.2563 41.6889 3
    endloop
  endfacet
  facet normal 0 0 1
    outer loop
      vertex 60.3201 41.4893 3
      vertex 59.965 41.9421 3
      vertex 59.8956 41.9682 3
    endloop
  endfacet
  facet normal 0 0 1
    outer loop
      vertex 60.0861 41.8778 3
      vertex 60.2563 41.6889 3
      vertex 60.2229 41.7444 3
    endloop
  endfacet
  facet normal 0 -0 1
    outer loop
      vertex 59.9865 40.7276 3
      vertex 60.3068 41.1122 3
      vertex 59.9182 40.6992 3
    endloop
  endfacet
  facet normal 0 0 1
    outer loop
      vertex 60.0861 41.8778 3
      vertex 60.2229 41.7444 3
      vertex 60.1834 41.7944 3
    endloop
  endfacet
  facet normal 0 0 1
    outer loop
      vertex 60.305 41.5614 3
      vertex 60.0285 41.9119 3
      vertex 59.965 41.9421 3
    endloop
  endfacet
  facet normal 0 0 1
    outer loop
      vertex 60.0861 41.8778 3
      vertex 60.1834 41.7944 3
      vertex 60.1378 41.8389 3
    endloop
  endfacet
  facet normal 0 0 1
    outer loop
      vertex 60.3068 41.1122 3
      vertex 59.9865 40.7276 3
      vertex 60.2869 41.0488 3
    endloop
  endfacet
  facet normal 0 0 1
    outer loop
      vertex 60.2563 41.6889 3
      vertex 60.0861 41.8778 3
      vertex 60.0285 41.9119 3
    endloop
  endfacet
  facet normal 0 0 1
    outer loop
      vertex 60.2301 40.9352 3
      vertex 59.9865 40.7276 3
      vertex 60.1932 40.8849 3
    endloop
  endfacet
  facet normal 0 0 1
    outer loop
      vertex 60.1932 40.8849 3
      vertex 59.9865 40.7276 3
      vertex 60.1507 40.8391 3
    endloop
  endfacet
  facet normal 0 0 1
    outer loop
      vertex 60.1507 40.8391 3
      vertex 60.0479 40.7604 3
      vertex 60.1024 40.7975 3
    endloop
  endfacet
  facet normal 0 0 1
    outer loop
      vertex 60.1507 40.8391 3
      vertex 59.9865 40.7276 3
      vertex 60.0479 40.7604 3
    endloop
  endfacet
  facet normal 0 0 1
    outer loop
      vertex 60.2614 40.9898 3
      vertex 59.9865 40.7276 3
      vertex 60.2301 40.9352 3
    endloop
  endfacet
  facet normal 0 0 1
    outer loop
      vertex 60.2869 41.0488 3
      vertex 59.9865 40.7276 3
      vertex 60.2614 40.9898 3
    endloop
  endfacet
  facet normal 0 0 1
    outer loop
      vertex 60.321 41.1799 3
      vertex 59.9182 40.6992 3
      vertex 60.3068 41.1122 3
    endloop
  endfacet
  facet normal 0 0 1
    outer loop
      vertex 60.3323 41.3285 3
      vertex 59.8203 41.9903 3
      vertex 59.843 40.6752 3
    endloop
  endfacet
  facet normal 0 0 1
    outer loop
      vertex 59.8203 41.9903 3
      vertex 59.761 40.6555 3
      vertex 59.843 40.6752 3
    endloop
  endfacet
  facet normal 0 0 1
    outer loop
      vertex 59.7392 42.0084 3
      vertex 59.761 40.6555 3
      vertex 59.8203 41.9903 3
    endloop
  endfacet
  facet normal 0 0 1
    outer loop
      vertex 59.7392 42.0084 3
      vertex 59.6721 40.6402 3
      vertex 59.761 40.6555 3
    endloop
  endfacet
  facet normal 0 0 1
    outer loop
      vertex 59.6522 42.0225 3
      vertex 59.6721 40.6402 3
      vertex 59.7392 42.0084 3
    endloop
  endfacet
  facet normal 0 0 1
    outer loop
      vertex 59.6522 42.0225 3
      vertex 59.5762 40.6293 3
      vertex 59.6721 40.6402 3
    endloop
  endfacet
  facet normal 0 0 1
    outer loop
      vertex 59.5593 42.0325 3
      vertex 59.5762 40.6293 3
      vertex 59.6522 42.0225 3
    endloop
  endfacet
  facet normal 0 0 1
    outer loop
      vertex 59.5593 42.0325 3
      vertex 59.4736 40.6227 3
      vertex 59.5762 40.6293 3
    endloop
  endfacet
  facet normal 0 0 1
    outer loop
      vertex 59.4605 42.0386 3
      vertex 59.4736 40.6227 3
      vertex 59.5593 42.0325 3
    endloop
  endfacet
  facet normal 0 0 1
    outer loop
      vertex 59.4605 42.0386 3
      vertex 59.364 40.6205 3
      vertex 59.4736 40.6227 3
    endloop
  endfacet
  facet normal 0 0 1
    outer loop
      vertex 59.3558 42.0406 3
      vertex 59.364 40.6205 3
      vertex 59.4605 42.0386 3
    endloop
  endfacet
  facet normal -0 0 1
    outer loop
      vertex 57.9887 42.0406 3
      vertex 59.364 40.6205 3
      vertex 59.3558 42.0406 3
    endloop
  endfacet
  facet normal 0 0 1
    outer loop
      vertex 59.364 40.6205 3
      vertex 57.9887 42.0406 3
      vertex 57.9887 40.6205 3
    endloop
  endfacet
  facet normal -0 0 1
    outer loop
      vertex 49.1164 41.9592 3
      vertex 49.2263 41.7679 3
      vertex 49.1407 42.0487 3
    endloop
  endfacet
  facet normal -0 0 1
    outer loop
      vertex 49.1071 41.9261 3
      vertex 49.2263 41.7679 3
      vertex 49.1164 41.9592 3
    endloop
  endfacet
  facet normal -0 0 1
    outer loop
      vertex 49.0975 41.8921 3
      vertex 49.2263 41.7679 3
      vertex 49.1071 41.9261 3
    endloop
  endfacet
  facet normal -0 0 1
    outer loop
      vertex 49.0874 41.857 3
      vertex 49.2263 41.7679 3
      vertex 49.0975 41.8921 3
    endloop
  endfacet
  facet normal -0 0 1
    outer loop
      vertex 49.077 41.8209 3
      vertex 49.2263 41.7679 3
      vertex 49.0874 41.857 3
    endloop
  endfacet
  facet normal -0 0 1
    outer loop
      vertex 49.0661 41.7839 3
      vertex 49.2263 41.7679 3
      vertex 49.077 41.8209 3
    endloop
  endfacet
  facet normal 0 0 1
    outer loop
      vertex 49.0549 41.7458 3
      vertex 49.2263 41.7679 3
      vertex 49.0661 41.7839 3
    endloop
  endfacet
  facet normal 0 0 1
    outer loop
      vertex 49.0432 41.7067 3
      vertex 49.2263 41.7679 3
      vertex 49.0549 41.7458 3
    endloop
  endfacet
  facet normal 0 0 1
    outer loop
      vertex 49.0312 41.6666 3
      vertex 49.2263 41.7679 3
      vertex 49.0432 41.7067 3
    endloop
  endfacet
  facet normal 0 0 1
    outer loop
      vertex 49.0187 41.6255 3
      vertex 49.2263 41.7679 3
      vertex 49.0312 41.6666 3
    endloop
  endfacet
  facet normal 0 0 1
    outer loop
      vertex 48.9988 41.5632 3
      vertex 49.2263 41.7679 3
      vertex 49.0187 41.6255 3
    endloop
  endfacet
  facet normal 0 0 1
    outer loop
      vertex 49.2263 41.7679 3
      vertex 48.9988 41.5632 3
      vertex 49.4012 41.2146 3
    endloop
  endfacet
  facet normal -0 0 1
    outer loop
      vertex 48.9645 41.4592 3
      vertex 49.4012 41.2146 3
      vertex 48.9988 41.5632 3
    endloop
  endfacet
  facet normal -0 0 1
    outer loop
      vertex 48.9156 41.3136 3
      vertex 49.4012 41.2146 3
      vertex 48.9645 41.4592 3
    endloop
  endfacet
  facet normal 0 0 1
    outer loop
      vertex 48.8524 41.1264 3
      vertex 49.4012 41.2146 3
      vertex 48.9156 41.3136 3
    endloop
  endfacet
  facet normal 0 0 1
    outer loop
      vertex 48.7746 40.8977 3
      vertex 49.4012 41.2146 3
      vertex 48.8524 41.1264 3
    endloop
  endfacet
  facet normal 0 0 1
    outer loop
      vertex 48.6824 40.6273 3
      vertex 49.4012 41.2146 3
      vertex 48.7746 40.8977 3
    endloop
  endfacet
  facet normal 0 0 1
    outer loop
      vertex 49.4012 41.2146 3
      vertex 48.6824 40.6273 3
      vertex 49.9667 39.5668 3
    endloop
  endfacet
  facet normal -0 0 1
    outer loop
      vertex 48.5757 40.3154 3
      vertex 49.9667 39.5668 3
      vertex 48.6824 40.6273 3
    endloop
  endfacet
  facet normal -0 0 1
    outer loop
      vertex 48.4545 39.9619 3
      vertex 49.9667 39.5668 3
      vertex 48.5757 40.3154 3
    endloop
  endfacet
  facet normal 0 0 1
    outer loop
      vertex 49.9667 39.5668 3
      vertex 48.4545 39.9619 3
      vertex 48.3189 39.5668 3
    endloop
  endfacet
  facet normal 0 0 1
    outer loop
      vertex 60.1011 38.1545 3
      vertex 60.6627 38.8374 3
      vertex 60.666 38.928 3
    endloop
  endfacet
  facet normal 0 0 1
    outer loop
      vertex 60.1524 39.6441 3
      vertex 60.666 38.928 3
      vertex 60.6517 39.097 3
    endloop
  endfacet
  facet normal 0 0 1
    outer loop
      vertex 60.1011 38.1545 3
      vertex 60.666 38.928 3
      vertex 60.1524 39.6441 3
    endloop
  endfacet
  facet normal 0 0 1
    outer loop
      vertex 60.6627 38.8374 3
      vertex 60.1011 38.1545 3
      vertex 60.6528 38.7521 3
    endloop
  endfacet
  facet normal 0 0 1
    outer loop
      vertex 60.3093 39.5744 3
      vertex 60.6517 39.097 3
      vertex 60.6089 39.2462 3
    endloop
  endfacet
  facet normal 0 -0 1
    outer loop
      vertex 60.1872 38.1829 3
      vertex 60.6528 38.7521 3
      vertex 60.1011 38.1545 3
    endloop
  endfacet
  facet normal 0 0 1
    outer loop
      vertex 60.6517 39.097 3
      vertex 60.3093 39.5744 3
      vertex 60.1524 39.6441 3
    endloop
  endfacet
  facet normal 0 0 1
    outer loop
      vertex 60.4377 39.4849 3
      vertex 60.6089 39.2462 3
      vertex 60.5376 39.3755 3
    endloop
  endfacet
  facet normal 0 -0 1
    outer loop
      vertex 60.2656 38.2166 3
      vertex 60.6364 38.6719 3
      vertex 60.1872 38.1829 3
    endloop
  endfacet
  facet normal 0 0 1
    outer loop
      vertex 60.6133 38.5968 3
      vertex 60.2656 38.2166 3
      vertex 60.5837 38.527 3
    endloop
  endfacet
  facet normal 0 0 1
    outer loop
      vertex 60.6089 39.2462 3
      vertex 60.4377 39.4849 3
      vertex 60.3093 39.5744 3
    endloop
  endfacet
  facet normal 0 0 1
    outer loop
      vertex 60.5475 38.4623 3
      vertex 60.2656 38.2166 3
      vertex 60.5047 38.4028 3
    endloop
  endfacet
  facet normal 0 0 1
    outer loop
      vertex 60.5047 38.4028 3
      vertex 60.2656 38.2166 3
      vertex 60.4554 38.3485 3
    endloop
  endfacet
  facet normal 0 0 1
    outer loop
      vertex 60.4554 38.3485 3
      vertex 60.3364 38.2554 3
      vertex 60.3994 38.2993 3
    endloop
  endfacet
  facet normal 0 0 1
    outer loop
      vertex 60.4554 38.3485 3
      vertex 60.2656 38.2166 3
      vertex 60.3364 38.2554 3
    endloop
  endfacet
  facet normal 0 0 1
    outer loop
      vertex 60.5837 38.527 3
      vertex 60.2656 38.2166 3
      vertex 60.5475 38.4623 3
    endloop
  endfacet
  facet normal 0 0 1
    outer loop
      vertex 60.6364 38.6719 3
      vertex 60.2656 38.2166 3
      vertex 60.6133 38.5968 3
    endloop
  endfacet
  facet normal 0 0 1
    outer loop
      vertex 60.6528 38.7521 3
      vertex 60.1872 38.1829 3
      vertex 60.6364 38.6719 3
    endloop
  endfacet
  facet normal 0 0 1
    outer loop
      vertex 60.1524 39.6441 3
      vertex 60.0073 38.1312 3
      vertex 60.1011 38.1545 3
    endloop
  endfacet
  facet normal 0 0 1
    outer loop
      vertex 59.9669 39.6938 3
      vertex 60.0073 38.1312 3
      vertex 60.1524 39.6441 3
    endloop
  endfacet
  facet normal 0 0 1
    outer loop
      vertex 59.9669 39.6938 3
      vertex 59.9058 38.1131 3
      vertex 60.0073 38.1312 3
    endloop
  endfacet
  facet normal 0 0 1
    outer loop
      vertex 59.9669 39.6938 3
      vertex 59.7966 38.1002 3
      vertex 59.9058 38.1131 3
    endloop
  endfacet
  facet normal 0 0 1
    outer loop
      vertex 59.753 39.7236 3
      vertex 59.7966 38.1002 3
      vertex 59.9669 39.6938 3
    endloop
  endfacet
  facet normal 0 0 1
    outer loop
      vertex 59.753 39.7236 3
      vertex 59.6797 38.0924 3
      vertex 59.7966 38.1002 3
    endloop
  endfacet
  facet normal 0 0 1
    outer loop
      vertex 59.753 39.7236 3
      vertex 59.5552 38.0898 3
      vertex 59.6797 38.0924 3
    endloop
  endfacet
  facet normal 0 0 1
    outer loop
      vertex 59.5104 39.7336 3
      vertex 59.5552 38.0898 3
      vertex 59.753 39.7236 3
    endloop
  endfacet
  facet normal 0 0 1
    outer loop
      vertex 57.9887 38.0898 3
      vertex 59.5104 39.7336 3
      vertex 57.9887 39.7336 3
    endloop
  endfacet
  facet normal 0 0 1
    outer loop
      vertex 59.5104 39.7336 3
      vertex 57.9887 38.0898 3
      vertex 59.5552 38.0898 3
    endloop
  endfacet
  facet normal 0 0 1
    outer loop
      vertex 95 56 3
      vertex 73.9227 37.1988 3
      vertex 95 24.2 3
    endloop
  endfacet
  facet normal 0 0 1
    outer loop
      vertex 95 56 3
      vertex 73.7559 42.9316 3
      vertex 73.9227 37.1988 3
    endloop
  endfacet
  facet normal 0 0 1
    outer loop
      vertex 95 56 3
      vertex 72.4946 42.9316 3
      vertex 73.7559 42.9316 3
    endloop
  endfacet
  facet normal 0 0 1
    outer loop
      vertex 72.4946 42.9316 3
      vertex 69.9475 42.9316 3
      vertex 71.2211 40.9054 3
    endloop
  endfacet
  facet normal 0 0 1
    outer loop
      vertex 95 56 3
      vertex 69.9475 42.9316 3
      vertex 72.4946 42.9316 3
    endloop
  endfacet
  facet normal 0 0 1
    outer loop
      vertex 95 56 3
      vertex 68.6781 42.9316 3
      vertex 69.9475 42.9316 3
    endloop
  endfacet
  facet normal 0 0 1
    outer loop
      vertex 68.2352 39.8954 3
      vertex 70.4968 40.2137 3
      vertex 68.2396 40.0916 3
    endloop
  endfacet
  facet normal 0 0 1
    outer loop
      vertex 70.4968 40.2137 3
      vertex 68.2301 40.3874 3
      vertex 68.2396 40.0916 3
    endloop
  endfacet
  facet normal 0 0 1
    outer loop
      vertex 70.4968 40.2137 3
      vertex 68.2017 40.6687 3
      vertex 68.2301 40.3874 3
    endloop
  endfacet
  facet normal 0 0 1
    outer loop
      vertex 70.4968 40.2137 3
      vertex 68.1544 40.9357 3
      vertex 68.2017 40.6687 3
    endloop
  endfacet
  facet normal 0 0 1
    outer loop
      vertex 70.4968 40.2137 3
      vertex 68.0881 41.1883 3
      vertex 68.1544 40.9357 3
    endloop
  endfacet
  facet normal 0 0 1
    outer loop
      vertex 68.6781 42.9316 3
      vertex 68.0029 41.4265 3
      vertex 68.0881 41.1883 3
    endloop
  endfacet
  facet normal 0 0 1
    outer loop
      vertex 68.6781 42.9316 3
      vertex 67.8987 41.6504 3
      vertex 68.0029 41.4265 3
    endloop
  endfacet
  facet normal 0 0 1
    outer loop
      vertex 68.6781 42.9316 3
      vertex 67.7756 41.8599 3
      vertex 67.8987 41.6504 3
    endloop
  endfacet
  facet normal 0 0 1
    outer loop
      vertex 68.6781 42.9316 3
      vertex 67.6336 42.0551 3
      vertex 67.7756 41.8599 3
    endloop
  endfacet
  facet normal 0 0 1
    outer loop
      vertex 68.6781 42.9316 3
      vertex 67.4726 42.2359 3
      vertex 67.6336 42.0551 3
    endloop
  endfacet
  facet normal 0 0 1
    outer loop
      vertex 68.6781 42.9316 3
      vertex 67.2948 42.3998 3
      vertex 67.4726 42.2359 3
    endloop
  endfacet
  facet normal -0 0 1
    outer loop
      vertex 65.6382 43.0074 3
      vertex 68.6781 42.9316 3
      vertex 95 56 3
    endloop
  endfacet
  facet normal 0 0 1
    outer loop
      vertex 68.6781 42.9316 3
      vertex 67.1023 42.5445 3
      vertex 67.2948 42.3998 3
    endloop
  endfacet
  facet normal 0 0 1
    outer loop
      vertex 68.6781 42.9316 3
      vertex 66.8951 42.6699 3
      vertex 67.1023 42.5445 3
    endloop
  endfacet
  facet normal 0 0 1
    outer loop
      vertex 68.6781 42.9316 3
      vertex 66.6732 42.776 3
      vertex 66.8951 42.6699 3
    endloop
  endfacet
  facet normal 0 0 1
    outer loop
      vertex 68.6781 42.9316 3
      vertex 66.4365 42.8627 3
      vertex 66.6732 42.776 3
    endloop
  endfacet
  facet normal 0 0 1
    outer loop
      vertex 68.6781 42.9316 3
      vertex 66.1851 42.9303 3
      vertex 66.4365 42.8627 3
    endloop
  endfacet
  facet normal 0 0 1
    outer loop
      vertex 68.6781 42.9316 3
      vertex 65.919 42.9785 3
      vertex 66.1851 42.9303 3
    endloop
  endfacet
  facet normal 0 0 1
    outer loop
      vertex 68.6781 42.9316 3
      vertex 65.6382 43.0074 3
      vertex 65.919 42.9785 3
    endloop
  endfacet
  facet normal 0 0 1
    outer loop
      vertex 95 56 3
      vertex 65.3427 43.0171 3
      vertex 65.6382 43.0074 3
    endloop
  endfacet
  facet normal 0 0 1
    outer loop
      vertex 95 56 3
      vertex 65.0472 43.0075 3
      vertex 65.3427 43.0171 3
    endloop
  endfacet
  facet normal 0 0 1
    outer loop
      vertex 59.6397 42.9271 3
      vertex 65.0472 43.0075 3
      vertex 95 56 3
    endloop
  endfacet
  facet normal 0 -0 1
    outer loop
      vertex 59.8541 42.9136 3
      vertex 65.0472 43.0075 3
      vertex 59.6397 42.9271 3
    endloop
  endfacet
  facet normal 0 0 1
    outer loop
      vertex 65.0472 43.0075 3
      vertex 59.8541 42.9136 3
      vertex 64.7664 42.9789 3
    endloop
  endfacet
  facet normal 0 0 1
    outer loop
      vertex 64.7664 42.9789 3
      vertex 60.0558 42.8912 3
      vertex 64.5005 42.9312 3
    endloop
  endfacet
  facet normal 0 0 1
    outer loop
      vertex 61.5061 39.7763 3
      vertex 62.4498 40.0916 3
      vertex 62.4592 40.3907 3
    endloop
  endfacet
  facet normal 0 0 1
    outer loop
      vertex 61.377 40.8241 3
      vertex 62.4592 40.3907 3
      vertex 62.4875 40.6747 3
    endloop
  endfacet
  facet normal 0 0 1
    outer loop
      vertex 61.4873 41.0874 3
      vertex 62.4875 40.6747 3
      vertex 62.5348 40.9438 3
    endloop
  endfacet
  facet normal 0 0 1
    outer loop
      vertex 61.5273 41.2818 3
      vertex 62.5348 40.9438 3
      vertex 62.6009 41.1979 3
    endloop
  endfacet
  facet normal 0 0 1
    outer loop
      vertex 62.4498 40.0916 3
      vertex 61.8658 38.9618 3
      vertex 61.8703 38.8344 3
    endloop
  endfacet
  facet normal 0 0 1
    outer loop
      vertex 62.4498 40.0916 3
      vertex 61.8523 39.0835 3
      vertex 61.8658 38.9618 3
    endloop
  endfacet
  facet normal 0 0 1
    outer loop
      vertex 62.4498 40.0916 3
      vertex 61.8298 39.1995 3
      vertex 61.8523 39.0835 3
    endloop
  endfacet
  facet normal 0 0 1
    outer loop
      vertex 61.5407 41.4913 3
      vertex 62.6009 41.1979 3
      vertex 62.6859 41.4371 3
    endloop
  endfacet
  facet normal 0 0 1
    outer loop
      vertex 62.4498 40.0916 3
      vertex 61.7984 39.3098 3
      vertex 61.8298 39.1995 3
    endloop
  endfacet
  facet normal 0 0 1
    outer loop
      vertex 62.4498 40.0916 3
      vertex 61.7579 39.4145 3
      vertex 61.7984 39.3098 3
    endloop
  endfacet
  facet normal 0 0 1
    outer loop
      vertex 62.4498 40.0916 3
      vertex 61.7085 39.5134 3
      vertex 61.7579 39.4145 3
    endloop
  endfacet
  facet normal 0 0 1
    outer loop
      vertex 61.5141 41.7905 3
      vertex 62.6859 41.4371 3
      vertex 62.7897 41.6612 3
    endloop
  endfacet
  facet normal 0 0 1
    outer loop
      vertex 62.4498 40.0916 3
      vertex 61.65 39.6067 3
      vertex 61.7085 39.5134 3
    endloop
  endfacet
  facet normal 0 0 1
    outer loop
      vertex 62.4498 40.0916 3
      vertex 61.5826 39.6944 3
      vertex 61.65 39.6067 3
    endloop
  endfacet
  facet normal 0 0 1
    outer loop
      vertex 61.4808 41.9273 3
      vertex 62.7897 41.6612 3
      vertex 62.9125 41.8705 3
    endloop
  endfacet
  facet normal 0 0 1
    outer loop
      vertex 62.6009 41.1979 3
      vertex 61.5407 41.4913 3
      vertex 61.5374 41.3847 3
    endloop
  endfacet
  facet normal -0 0 1
    outer loop
      vertex 61.4342 42.0555 3
      vertex 62.9125 41.8705 3
      vertex 63.0542 42.0647 3
    endloop
  endfacet
  facet normal 0 0 1
    outer loop
      vertex 61.3011 42.286 3
      vertex 63.0542 42.0647 3
      vertex 63.2147 42.244 3
    endloop
  endfacet
  facet normal -0 0 1
    outer loop
      vertex 61.2146 42.3884 3
      vertex 63.2147 42.244 3
      vertex 63.3921 42.4062 3
    endloop
  endfacet
  facet normal -0 0 1
    outer loop
      vertex 61.1147 42.4822 3
      vertex 63.3921 42.4062 3
      vertex 63.5842 42.5494 3
    endloop
  endfacet
  facet normal -0 0 1
    outer loop
      vertex 61.0016 42.5674 3
      vertex 63.5842 42.5494 3
      vertex 63.7911 42.6735 3
    endloop
  endfacet
  facet normal 0 0 1
    outer loop
      vertex 62.6859 41.4371 3
      vertex 61.5341 41.6452 3
      vertex 61.5407 41.4913 3
    endloop
  endfacet
  facet normal -0 0 1
    outer loop
      vertex 60.7368 42.7113 3
      vertex 63.7911 42.6735 3
      vertex 64.0128 42.7785 3
    endloop
  endfacet
  facet normal 0 0 1
    outer loop
      vertex 62.6859 41.4371 3
      vertex 61.5141 41.7905 3
      vertex 61.5341 41.6452 3
    endloop
  endfacet
  facet normal 0 -0 1
    outer loop
      vertex 60.245 42.8597 3
      vertex 64.5005 42.9312 3
      vertex 60.0558 42.8912 3
    endloop
  endfacet
  facet normal 0 0 1
    outer loop
      vertex 62.7897 41.6612 3
      vertex 61.4808 41.9273 3
      vertex 61.5141 41.7905 3
    endloop
  endfacet
  facet normal 0 0 1
    outer loop
      vertex 62.9125 41.8705 3
      vertex 61.4342 42.0555 3
      vertex 61.4808 41.9273 3
    endloop
  endfacet
  facet normal 0 0 1
    outer loop
      vertex 63.0542 42.0647 3
      vertex 61.3743 42.175 3
      vertex 61.4342 42.0555 3
    endloop
  endfacet
  facet normal 0 0 1
    outer loop
      vertex 63.0542 42.0647 3
      vertex 61.3011 42.286 3
      vertex 61.3743 42.175 3
    endloop
  endfacet
  facet normal 0 0 1
    outer loop
      vertex 63.2147 42.244 3
      vertex 61.2146 42.3884 3
      vertex 61.3011 42.286 3
    endloop
  endfacet
  facet normal 0 0 1
    outer loop
      vertex 63.3921 42.4062 3
      vertex 61.1147 42.4822 3
      vertex 61.2146 42.3884 3
    endloop
  endfacet
  facet normal 0 0 1
    outer loop
      vertex 63.5842 42.5494 3
      vertex 61.0016 42.5674 3
      vertex 61.1147 42.4822 3
    endloop
  endfacet
  facet normal 0 0 1
    outer loop
      vertex 63.7911 42.6735 3
      vertex 60.8755 42.6439 3
      vertex 61.0016 42.5674 3
    endloop
  endfacet
  facet normal 0 0 1
    outer loop
      vertex 63.7911 42.6735 3
      vertex 60.7368 42.7113 3
      vertex 60.8755 42.6439 3
    endloop
  endfacet
  facet normal 0 0 1
    outer loop
      vertex 64.0128 42.7785 3
      vertex 60.5855 42.7698 3
      vertex 60.7368 42.7113 3
    endloop
  endfacet
  facet normal 0 0 1
    outer loop
      vertex 64.2493 42.8643 3
      vertex 60.5855 42.7698 3
      vertex 64.0128 42.7785 3
    endloop
  endfacet
  facet normal 0 -0 1
    outer loop
      vertex 60.5855 42.7698 3
      vertex 64.2493 42.8643 3
      vertex 60.4215 42.8192 3
    endloop
  endfacet
  facet normal 0 -0 1
    outer loop
      vertex 60.4215 42.8192 3
      vertex 64.2493 42.8643 3
      vertex 60.245 42.8597 3
    endloop
  endfacet
  facet normal 0 0 1
    outer loop
      vertex 64.5005 42.9312 3
      vertex 60.245 42.8597 3
      vertex 64.2493 42.8643 3
    endloop
  endfacet
  facet normal 0 -0 1
    outer loop
      vertex 60.0558 42.8912 3
      vertex 64.7664 42.9789 3
      vertex 59.8541 42.9136 3
    endloop
  endfacet
  facet normal 0 0 1
    outer loop
      vertex 95 56 3
      vertex 59.4128 42.9316 3
      vertex 59.6397 42.9271 3
    endloop
  endfacet
  facet normal -0 0 1
    outer loop
      vertex 25 56 3
      vertex 59.4128 42.9316 3
      vertex 95 56 3
    endloop
  endfacet
  facet normal 0 0 1
    outer loop
      vertex 56.7884 42.9316 3
      vertex 51.9319 37.1988 3
      vertex 56.7884 37.1988 3
    endloop
  endfacet
  facet normal 0 0 1
    outer loop
      vertex 56.7884 42.9316 3
      vertex 49.8488 42.9316 3
      vertex 51.9319 37.1988 3
    endloop
  endfacet
  facet normal 0 0 1
    outer loop
      vertex 59.4128 42.9316 3
      vertex 25 56 3
      vertex 56.7884 42.9316 3
    endloop
  endfacet
  facet normal 0 0 1
    outer loop
      vertex 56.7884 42.9316 3
      vertex 25 56 3
      vertex 49.8488 42.9316 3
    endloop
  endfacet
  facet normal 0 0 1
    outer loop
      vertex 48.4328 42.9316 3
      vertex 25 56 3
      vertex 46.3414 37.1988 3
    endloop
  endfacet
  facet normal 0 0 1
    outer loop
      vertex 49.8488 42.9316 3
      vertex 25 56 3
      vertex 48.4328 42.9316 3
    endloop
  endfacet
  facet normal 0 0 1
    outer loop
      vertex 108 16 3
      vertex 95 56 3
      vertex 103 18 3
    endloop
  endfacet
  facet normal -0 0 1
    outer loop
      vertex 95 24.2 3
      vertex 103 18 3
      vertex 95 56 3
    endloop
  endfacet
  facet normal -0 0 1
    outer loop
      vertex 95 22 3
      vertex 103 18 3
      vertex 95 24.2 3
    endloop
  endfacet
  facet normal 0 0 1
    outer loop
      vertex 95 22 3
      vertex 91 18 3
      vertex 103 18 3
    endloop
  endfacet
  facet normal 0 0 1
    outer loop
      vertex 91 18 3
      vertex 81 18 3
      vertex 91 15 3
    endloop
  endfacet
  facet normal 0 0 1
    outer loop
      vertex 95 22 3
      vertex 81 18 3
      vertex 91 18 3
    endloop
  endfacet
  facet normal 0 0 1
    outer loop
      vertex 95 22 3
      vertex 69 18 3
      vertex 81 18 3
    endloop
  endfacet
  facet normal 0 0 1
    outer loop
      vertex 69 18 3
      vertex 59 18 3
      vertex 69 15 3
    endloop
  endfacet
  facet normal 0 0 1
    outer loop
      vertex 95 22 3
      vertex 59 18 3
      vertex 69 18 3
    endloop
  endfacet
  facet normal -0 0 1
    outer loop
      vertex 25 22 3
      vertex 59 18 3
      vertex 95 22 3
    endloop
  endfacet
  facet normal 0 0 1
    outer loop
      vertex 47 18 3
      vertex 37 18 3
      vertex 47 15 3
    endloop
  endfacet
  facet normal 0 0 1
    outer loop
      vertex 59 18 3
      vertex 25 22 3
      vertex 47 18 3
    endloop
  endfacet
  facet normal 0 0 1
    outer loop
      vertex 47 18 3
      vertex 25 22 3
      vertex 37 18 3
    endloop
  endfacet
  facet normal 0 0 1
    outer loop
      vertex 37 18 3
      vertex 25 22 3
      vertex 25 18 3
    endloop
  endfacet
  facet normal 0 0 1
    outer loop
      vertex 100 15 3
      vertex 91 15 3
      vertex 100 8 3
    endloop
  endfacet
  facet normal 0 0 1
    outer loop
      vertex 114.4 77.6 3
      vertex 117.6 74.4 3
      vertex 117.585 74.7136 3
    endloop
  endfacet
  facet normal 0 0 1
    outer loop
      vertex 117.6 74.4 3
      vertex 108 16 3
      vertex 117.6 5.6 3
    endloop
  endfacet
  facet normal 0 0 1
    outer loop
      vertex 114.4 77.6 3
      vertex 117.585 74.7136 3
      vertex 117.539 75.0243 3
    endloop
  endfacet
  facet normal -0 0 1
    outer loop
      vertex 108 8 3
      vertex 117.6 5.6 3
      vertex 108 16 3
    endloop
  endfacet
  facet normal 0 0 1
    outer loop
      vertex 114.4 77.6 3
      vertex 117.539 75.0243 3
      vertex 117.462 75.3289 3
    endloop
  endfacet
  facet normal 0 -0 1
    outer loop
      vertex 114.4 2.4 3
      vertex 117.6 5.6 3
      vertex 108 8 3
    endloop
  endfacet
  facet normal 0 0 1
    outer loop
      vertex 114.4 77.6 3
      vertex 117.462 75.3289 3
      vertex 117.356 75.6246 3
    endloop
  endfacet
  facet normal 0 0 1
    outer loop
      vertex 117.6 5.6 3
      vertex 114.4 2.4 3
      vertex 117.585 5.28634 3
    endloop
  endfacet
  facet normal 0 0 1
    outer loop
      vertex 114.4 77.6 3
      vertex 117.356 75.6246 3
      vertex 117.222 75.9085 3
    endloop
  endfacet
  facet normal 0 0 1
    outer loop
      vertex 117.585 5.28634 3
      vertex 114.4 2.4 3
      vertex 117.539 4.9757 3
    endloop
  endfacet
  facet normal 0 0 1
    outer loop
      vertex 114.4 77.6 3
      vertex 117.222 75.9085 3
      vertex 117.061 76.1778 3
    endloop
  endfacet
  facet normal 0 0 1
    outer loop
      vertex 117.539 4.9757 3
      vertex 114.4 2.4 3
      vertex 117.462 4.67109 3
    endloop
  endfacet
  facet normal 0 0 1
    outer loop
      vertex 114.4 77.6 3
      vertex 117.061 76.1778 3
      vertex 116.874 76.43 3
    endloop
  endfacet
  facet normal 0 0 1
    outer loop
      vertex 117.462 4.67109 3
      vertex 114.4 2.4 3
      vertex 117.356 4.3754 3
    endloop
  endfacet
  facet normal 0 0 1
    outer loop
      vertex 114.4 77.6 3
      vertex 116.874 76.43 3
      vertex 116.663 76.6627 3
    endloop
  endfacet
  facet normal 0 0 1
    outer loop
      vertex 117.356 4.3754 3
      vertex 114.4 2.4 3
      vertex 117.222 4.09153 3
    endloop
  endfacet
  facet normal 0 0 1
    outer loop
      vertex 114.4 77.6 3
      vertex 116.663 76.6627 3
      vertex 116.43 76.8736 3
    endloop
  endfacet
  facet normal 0 0 1
    outer loop
      vertex 117.222 4.09153 3
      vertex 114.4 2.4 3
      vertex 117.061 3.82216 3
    endloop
  endfacet
  facet normal 0 0 1
    outer loop
      vertex 114.4 77.6 3
      vertex 116.43 76.8736 3
      vertex 116.178 77.0607 3
    endloop
  endfacet
  facet normal 0 0 1
    outer loop
      vertex 117.061 3.82216 3
      vertex 114.4 2.4 3
      vertex 116.874 3.56994 3
    endloop
  endfacet
  facet normal 0 0 1
    outer loop
      vertex 114.4 77.6 3
      vertex 116.178 77.0607 3
      vertex 115.908 77.2221 3
    endloop
  endfacet
  facet normal 0 0 1
    outer loop
      vertex 116.874 3.56994 3
      vertex 114.4 2.4 3
      vertex 116.663 3.33726 3
    endloop
  endfacet
  facet normal 0 0 1
    outer loop
      vertex 114.4 77.6 3
      vertex 115.908 77.2221 3
      vertex 115.625 77.3564 3
    endloop
  endfacet
  facet normal 0 0 1
    outer loop
      vertex 116.663 3.33726 3
      vertex 114.4 2.4 3
      vertex 116.43 3.12636 3
    endloop
  endfacet
  facet normal 0 0 1
    outer loop
      vertex 114.4 77.6 3
      vertex 115.625 77.3564 3
      vertex 115.329 77.4622 3
    endloop
  endfacet
  facet normal 0 0 1
    outer loop
      vertex 116.43 3.12636 3
      vertex 114.4 2.4 3
      vertex 116.178 2.93929 3
    endloop
  endfacet
  facet normal 0 0 1
    outer loop
      vertex 114.4 77.6 3
      vertex 115.329 77.4622 3
      vertex 115.024 77.5385 3
    endloop
  endfacet
  facet normal 0 0 1
    outer loop
      vertex 116.178 2.93929 3
      vertex 114.4 2.4 3
      vertex 115.908 2.77784 3
    endloop
  endfacet
  facet normal 0 0 1
    outer loop
      vertex 114.4 77.6 3
      vertex 115.024 77.5385 3
      vertex 114.714 77.5846 3
    endloop
  endfacet
  facet normal 0 0 1
    outer loop
      vertex 115.908 2.77784 3
      vertex 114.4 2.4 3
      vertex 115.625 2.64358 3
    endloop
  endfacet
  facet normal 0 0 1
    outer loop
      vertex 117.6 74.4 3
      vertex 114.4 77.6 3
      vertex 95 58.2 3
    endloop
  endfacet
  facet normal 0 0 1
    outer loop
      vertex 115.625 2.64358 3
      vertex 114.4 2.4 3
      vertex 115.329 2.53779 3
    endloop
  endfacet
  facet normal 0 0 1
    outer loop
      vertex 115.329 2.53779 3
      vertex 114.4 2.4 3
      vertex 115.024 2.46148 3
    endloop
  endfacet
  facet normal 0 0 1
    outer loop
      vertex 95 56 3
      vertex 117.6 74.4 3
      vertex 95 58.2 3
    endloop
  endfacet
  facet normal 0 0 1
    outer loop
      vertex 103 15 3
      vertex 105.75 16 3
      vertex 103 18 3
    endloop
  endfacet
  facet normal 0 0 1
    outer loop
      vertex 117.6 74.4 3
      vertex 95 56 3
      vertex 108 16 3
    endloop
  endfacet
  facet normal 0 0 1
    outer loop
      vertex 108 16 3
      vertex 103 18 3
      vertex 105.75 16 3
    endloop
  endfacet
  facet normal 0 0 1
    outer loop
      vertex 114.4 77.6 3
      vertex 25 58.2 3
      vertex 95 58.2 3
    endloop
  endfacet
  facet normal 0 0 1
    outer loop
      vertex 2.4 74.4 3
      vertex 25 56 3
      vertex 25 58.2 3
    endloop
  endfacet
  facet normal 0 0 1
    outer loop
      vertex 25 56 3
      vertex 12 16 3
      vertex 25 24.2 3
    endloop
  endfacet
  facet normal 0 -0 1
    outer loop
      vertex 14.25 16 3
      vertex 25 24.2 3
      vertex 12 16 3
    endloop
  endfacet
  facet normal 0 0 1
    outer loop
      vertex 25 24.2 3
      vertex 17.75 16 3
      vertex 25 22 3
    endloop
  endfacet
  facet normal 0 0 1
    outer loop
      vertex 25 18 3
      vertex 20 16 3
      vertex 25 15 3
    endloop
  endfacet
  facet normal 0 0 1
    outer loop
      vertex 25 22 3
      vertex 20 16 3
      vertex 25 18 3
    endloop
  endfacet
  facet normal 0 0 1
    outer loop
      vertex 17.75 16 3
      vertex 14.25 16 3
      vertex 17.75 8 3
    endloop
  endfacet
  facet normal 0 -0 1
    outer loop
      vertex 20 16 3
      vertex 25 22 3
      vertex 17.75 16 3
    endloop
  endfacet
  facet normal 0 -0 1
    outer loop
      vertex 17.75 16 3
      vertex 25 24.2 3
      vertex 14.25 16 3
    endloop
  endfacet
  facet normal 0 0 1
    outer loop
      vertex 25 56 3
      vertex 2.4 74.4 3
      vertex 12 16 3
    endloop
  endfacet
  facet normal -0 0 1
    outer loop
      vertex 2.4 74.4 3
      vertex 25 58.2 3
      vertex 5.6 77.6 3
    endloop
  endfacet
  facet normal -0 0 1
    outer loop
      vertex 5.6 77.6 3
      vertex 25 58.2 3
      vertex 114.4 77.6 3
    endloop
  endfacet
  facet normal 0 0 1
    outer loop
      vertex 115.024 2.46148 3
      vertex 114.4 2.4 3
      vertex 114.714 2.4154 3
    endloop
  endfacet
  facet normal -0 0 1
    outer loop
      vertex 105.75 8 3
      vertex 114.4 2.4 3
      vertex 108 8 3
    endloop
  endfacet
  facet normal 0 0 1
    outer loop
      vertex 105.75 16 3
      vertex 103 15 3
      vertex 105.75 8 3
    endloop
  endfacet
  facet normal 0 0 1
    outer loop
      vertex 102.25 8 3
      vertex 103 15 3
      vertex 102.25 15 3
    endloop
  endfacet
  facet normal 0 0 1
    outer loop
      vertex 103 15 3
      vertex 102.25 8 3
      vertex 105.75 8 3
    endloop
  endfacet
  facet normal -0 0 1
    outer loop
      vertex 102.25 8 3
      vertex 114.4 2.4 3
      vertex 105.75 8 3
    endloop
  endfacet
  facet normal -0 0 1
    outer loop
      vertex 100 8 3
      vertex 114.4 2.4 3
      vertex 102.25 8 3
    endloop
  endfacet
  facet normal 0 0 1
    outer loop
      vertex 81 15 3
      vertex 91 15 3
      vertex 81 18 3
    endloop
  endfacet
  facet normal 0 0 1
    outer loop
      vertex 91 15 3
      vertex 81 15 3
      vertex 100 8 3
    endloop
  endfacet
  facet normal -0 0 1
    outer loop
      vertex 69 15 3
      vertex 100 8 3
      vertex 81 15 3
    endloop
  endfacet
  facet normal -0 0 1
    outer loop
      vertex 59 15 3
      vertex 100 8 3
      vertex 69 15 3
    endloop
  endfacet
  facet normal 0 0 1
    outer loop
      vertex 59 15 3
      vertex 69 15 3
      vertex 59 18 3
    endloop
  endfacet
  facet normal 0 0 1
    outer loop
      vertex 20 8 3
      vertex 100 8 3
      vertex 59 15 3
    endloop
  endfacet
  facet normal 0 0 1
    outer loop
      vertex 20 8 3
      vertex 59 15 3
      vertex 47 15 3
    endloop
  endfacet
  facet normal 0 0 1
    outer loop
      vertex 37 15 3
      vertex 47 15 3
      vertex 37 18 3
    endloop
  endfacet
  facet normal 0 0 1
    outer loop
      vertex 20 8 3
      vertex 47 15 3
      vertex 37 15 3
    endloop
  endfacet
  facet normal 0 0 1
    outer loop
      vertex 20 8 3
      vertex 37 15 3
      vertex 25 15 3
    endloop
  endfacet
  facet normal 0 0 1
    outer loop
      vertex 20 8 3
      vertex 25 15 3
      vertex 20 16 3
    endloop
  endfacet
  facet normal 0 0 1
    outer loop
      vertex 100 8 3
      vertex 20 8 3
      vertex 114.4 2.4 3
    endloop
  endfacet
  facet normal 0 0 1
    outer loop
      vertex 5.6 2.4 3
      vertex 20 8 3
      vertex 17.75 8 3
    endloop
  endfacet
  facet normal 0 0 1
    outer loop
      vertex 14.25 8 3
      vertex 17.75 8 3
      vertex 14.25 16 3
    endloop
  endfacet
  facet normal 0 0 1
    outer loop
      vertex 5.6 2.4 3
      vertex 17.75 8 3
      vertex 14.25 8 3
    endloop
  endfacet
  facet normal 0 0 1
    outer loop
      vertex 5.6 2.4 3
      vertex 14.25 8 3
      vertex 12 8 3
    endloop
  endfacet
  facet normal 0 0 1
    outer loop
      vertex 20 8 3
      vertex 5.6 2.4 3
      vertex 114.4 2.4 3
    endloop
  endfacet
  facet normal 0 0 1
    outer loop
      vertex 2.4 5.6 3
      vertex 12 16 3
      vertex 2.4 74.4 3
    endloop
  endfacet
  facet normal 0 0 1
    outer loop
      vertex 2.4 74.4 3
      vertex 5.6 77.6 3
      vertex 5.28634 77.5846 3
    endloop
  endfacet
  facet normal 0 0 1
    outer loop
      vertex 12 16 3
      vertex 2.4 5.6 3
      vertex 12 8 3
    endloop
  endfacet
  facet normal 0 0 1
    outer loop
      vertex 2.4 74.4 3
      vertex 5.28634 77.5846 3
      vertex 4.9757 77.5385 3
    endloop
  endfacet
  facet normal 0 0 1
    outer loop
      vertex 12 8 3
      vertex 2.4 5.6 3
      vertex 5.6 2.4 3
    endloop
  endfacet
  facet normal 0 0 1
    outer loop
      vertex 2.4 74.4 3
      vertex 4.9757 77.5385 3
      vertex 4.67109 77.4622 3
    endloop
  endfacet
  facet normal 0 0 1
    outer loop
      vertex 5.6 2.4 3
      vertex 2.4 5.6 3
      vertex 5.28634 2.4154 3
    endloop
  endfacet
  facet normal 0 0 1
    outer loop
      vertex 2.4 74.4 3
      vertex 4.67109 77.4622 3
      vertex 4.3754 77.3564 3
    endloop
  endfacet
  facet normal 0 0 1
    outer loop
      vertex 5.28634 2.4154 3
      vertex 2.4 5.6 3
      vertex 4.9757 2.46148 3
    endloop
  endfacet
  facet normal 0 0 1
    outer loop
      vertex 2.4 74.4 3
      vertex 4.3754 77.3564 3
      vertex 4.09153 77.2221 3
    endloop
  endfacet
  facet normal 0 0 1
    outer loop
      vertex 4.9757 2.46148 3
      vertex 2.4 5.6 3
      vertex 4.67109 2.53779 3
    endloop
  endfacet
  facet normal 0 0 1
    outer loop
      vertex 2.4 74.4 3
      vertex 4.09153 77.2221 3
      vertex 3.82216 77.0607 3
    endloop
  endfacet
  facet normal 0 0 1
    outer loop
      vertex 4.67109 2.53779 3
      vertex 2.4 5.6 3
      vertex 4.3754 2.64358 3
    endloop
  endfacet
  facet normal 0 0 1
    outer loop
      vertex 2.4 74.4 3
      vertex 3.82216 77.0607 3
      vertex 3.56994 76.8736 3
    endloop
  endfacet
  facet normal 0 0 1
    outer loop
      vertex 4.3754 2.64358 3
      vertex 2.4 5.6 3
      vertex 4.09153 2.77784 3
    endloop
  endfacet
  facet normal 0 0 1
    outer loop
      vertex 2.4 74.4 3
      vertex 3.56994 76.8736 3
      vertex 3.33726 76.6627 3
    endloop
  endfacet
  facet normal 0 0 1
    outer loop
      vertex 4.09153 2.77784 3
      vertex 2.4 5.6 3
      vertex 3.82216 2.93929 3
    endloop
  endfacet
  facet normal 0 0 1
    outer loop
      vertex 2.4 74.4 3
      vertex 3.33726 76.6627 3
      vertex 3.12636 76.43 3
    endloop
  endfacet
  facet normal 0 0 1
    outer loop
      vertex 3.82216 2.93929 3
      vertex 2.4 5.6 3
      vertex 3.56994 3.12636 3
    endloop
  endfacet
  facet normal 0 0 1
    outer loop
      vertex 2.4 74.4 3
      vertex 3.12636 76.43 3
      vertex 2.93929 76.1778 3
    endloop
  endfacet
  facet normal 0 0 1
    outer loop
      vertex 3.56994 3.12636 3
      vertex 2.4 5.6 3
      vertex 3.33726 3.33726 3
    endloop
  endfacet
  facet normal 0 0 1
    outer loop
      vertex 2.4 74.4 3
      vertex 2.93929 76.1778 3
      vertex 2.77784 75.9085 3
    endloop
  endfacet
  facet normal 0 0 1
    outer loop
      vertex 3.33726 3.33726 3
      vertex 2.4 5.6 3
      vertex 3.12636 3.56994 3
    endloop
  endfacet
  facet normal 0 0 1
    outer loop
      vertex 2.4 74.4 3
      vertex 2.77784 75.9085 3
      vertex 2.64358 75.6246 3
    endloop
  endfacet
  facet normal 0 0 1
    outer loop
      vertex 3.12636 3.56994 3
      vertex 2.4 5.6 3
      vertex 2.93929 3.82216 3
    endloop
  endfacet
  facet normal 0 0 1
    outer loop
      vertex 2.4 74.4 3
      vertex 2.64358 75.6246 3
      vertex 2.53779 75.3289 3
    endloop
  endfacet
  facet normal 0 0 1
    outer loop
      vertex 2.93929 3.82216 3
      vertex 2.4 5.6 3
      vertex 2.77784 4.09153 3
    endloop
  endfacet
  facet normal 0 0 1
    outer loop
      vertex 2.4 74.4 3
      vertex 2.53779 75.3289 3
      vertex 2.46148 75.0243 3
    endloop
  endfacet
  facet normal 0 0 1
    outer loop
      vertex 2.77784 4.09153 3
      vertex 2.4 5.6 3
      vertex 2.64358 4.3754 3
    endloop
  endfacet
  facet normal 0 0 1
    outer loop
      vertex 2.4 74.4 3
      vertex 2.46148 75.0243 3
      vertex 2.4154 74.7136 3
    endloop
  endfacet
  facet normal 0 0 1
    outer loop
      vertex 2.64358 4.3754 3
      vertex 2.4 5.6 3
      vertex 2.53779 4.67109 3
    endloop
  endfacet
  facet normal 0 0 1
    outer loop
      vertex 2.53779 4.67109 3
      vertex 2.4 5.6 3
      vertex 2.46148 4.9757 3
    endloop
  endfacet
  facet normal 0 0 1
    outer loop
      vertex 2.46148 4.9757 3
      vertex 2.4 5.6 3
      vertex 2.4154 5.28634 3
    endloop
  endfacet
  facet normal -0 0 1
    outer loop
      vertex 72.6614 37.1988 3
      vertex 95 24.2 3
      vertex 73.9227 37.1988 3
    endloop
  endfacet
  facet normal 0 0 1
    outer loop
      vertex 69.7807 37.1988 3
      vertex 72.6614 37.1988 3
      vertex 71.2211 39.4813 3
    endloop
  endfacet
  facet normal -0 0 1
    outer loop
      vertex 69.7807 37.1988 3
      vertex 95 24.2 3
      vertex 72.6614 37.1988 3
    endloop
  endfacet
  facet normal -0 0 1
    outer loop
      vertex 68.5113 37.1988 3
      vertex 95 24.2 3
      vertex 69.7807 37.1988 3
    endloop
  endfacet
  facet normal 0 0 1
    outer loop
      vertex 68.2221 39.7045 3
      vertex 70.4968 40.2137 3
      vertex 68.2352 39.8954 3
    endloop
  endfacet
  facet normal 0 0 1
    outer loop
      vertex 68.2003 39.5189 3
      vertex 70.4968 40.2137 3
      vertex 68.2221 39.7045 3
    endloop
  endfacet
  facet normal 0 0 1
    outer loop
      vertex 68.1697 39.3386 3
      vertex 70.4968 40.2137 3
      vertex 68.2003 39.5189 3
    endloop
  endfacet
  facet normal 0 0 1
    outer loop
      vertex 68.1303 39.1636 3
      vertex 70.4968 40.2137 3
      vertex 68.1697 39.3386 3
    endloop
  endfacet
  facet normal 0 0 1
    outer loop
      vertex 68.0823 38.994 3
      vertex 70.4968 40.2137 3
      vertex 68.1303 39.1636 3
    endloop
  endfacet
  facet normal 0 0 1
    outer loop
      vertex 70.4968 40.2137 3
      vertex 68.0823 38.994 3
      vertex 68.5113 37.1988 3
    endloop
  endfacet
  facet normal -0 0 1
    outer loop
      vertex 68.0255 38.8297 3
      vertex 68.5113 37.1988 3
      vertex 68.0823 38.994 3
    endloop
  endfacet
  facet normal -0 0 1
    outer loop
      vertex 67.9599 38.6707 3
      vertex 68.5113 37.1988 3
      vertex 68.0255 38.8297 3
    endloop
  endfacet
  facet normal -0 0 1
    outer loop
      vertex 67.8856 38.517 3
      vertex 68.5113 37.1988 3
      vertex 67.9599 38.6707 3
    endloop
  endfacet
  facet normal -0 0 1
    outer loop
      vertex 67.8032 38.37 3
      vertex 68.5113 37.1988 3
      vertex 67.8856 38.517 3
    endloop
  endfacet
  facet normal -0 0 1
    outer loop
      vertex 67.7132 38.2308 3
      vertex 68.5113 37.1988 3
      vertex 67.8032 38.37 3
    endloop
  endfacet
  facet normal -0 0 1
    outer loop
      vertex 67.6157 38.0995 3
      vertex 68.5113 37.1988 3
      vertex 67.7132 38.2308 3
    endloop
  endfacet
  facet normal -0 0 1
    outer loop
      vertex 67.5107 37.9762 3
      vertex 68.5113 37.1988 3
      vertex 67.6157 38.0995 3
    endloop
  endfacet
  facet normal -0 0 1
    outer loop
      vertex 67.3981 37.8606 3
      vertex 68.5113 37.1988 3
      vertex 67.5107 37.9762 3
    endloop
  endfacet
  facet normal -0 0 1
    outer loop
      vertex 67.278 37.753 3
      vertex 68.5113 37.1988 3
      vertex 67.3981 37.8606 3
    endloop
  endfacet
  facet normal -0 0 1
    outer loop
      vertex 67.1504 37.6533 3
      vertex 68.5113 37.1988 3
      vertex 67.278 37.753 3
    endloop
  endfacet
  facet normal -0 0 1
    outer loop
      vertex 67.0152 37.5614 3
      vertex 68.5113 37.1988 3
      vertex 67.1504 37.6533 3
    endloop
  endfacet
  facet normal -0 0 1
    outer loop
      vertex 66.8725 37.4775 3
      vertex 68.5113 37.1988 3
      vertex 67.0152 37.5614 3
    endloop
  endfacet
  facet normal -0 0 1
    outer loop
      vertex 66.7233 37.4019 3
      vertex 68.5113 37.1988 3
      vertex 66.8725 37.4775 3
    endloop
  endfacet
  facet normal -0 0 1
    outer loop
      vertex 66.5687 37.3352 3
      vertex 68.5113 37.1988 3
      vertex 66.7233 37.4019 3
    endloop
  endfacet
  facet normal -0 0 1
    outer loop
      vertex 66.4087 37.2774 3
      vertex 68.5113 37.1988 3
      vertex 66.5687 37.3352 3
    endloop
  endfacet
  facet normal -0 0 1
    outer loop
      vertex 66.2432 37.2285 3
      vertex 68.5113 37.1988 3
      vertex 66.4087 37.2774 3
    endloop
  endfacet
  facet normal 0 0 1
    outer loop
      vertex 66.0723 37.1885 3
      vertex 68.5113 37.1988 3
      vertex 66.2432 37.2285 3
    endloop
  endfacet
  facet normal 0 0 1
    outer loop
      vertex 65.896 37.1574 3
      vertex 68.5113 37.1988 3
      vertex 66.0723 37.1885 3
    endloop
  endfacet
  facet normal 0 0 1
    outer loop
      vertex 65.7143 37.1352 3
      vertex 68.5113 37.1988 3
      vertex 65.896 37.1574 3
    endloop
  endfacet
  facet normal 0 0 1
    outer loop
      vertex 68.5113 37.1988 3
      vertex 65.7143 37.1352 3
      vertex 95 24.2 3
    endloop
  endfacet
  facet normal -0 0 1
    outer loop
      vertex 65.5271 37.1218 3
      vertex 95 24.2 3
      vertex 65.7143 37.1352 3
    endloop
  endfacet
  facet normal -0 0 1
    outer loop
      vertex 65.3345 37.1174 3
      vertex 95 24.2 3
      vertex 65.5271 37.1218 3
    endloop
  endfacet
  facet normal 0 0 1
    outer loop
      vertex 65.0415 37.1272 3
      vertex 95 24.2 3
      vertex 65.3345 37.1174 3
    endloop
  endfacet
  facet normal 0 0 1
    outer loop
      vertex 59.8828 37.204 3
      vertex 65.0415 37.1272 3
      vertex 64.763 37.1567 3
    endloop
  endfacet
  facet normal 0 0 1
    outer loop
      vertex 60.3007 37.2462 3
      vertex 64.763 37.1567 3
      vertex 64.4989 37.2058 3
    endloop
  endfacet
  facet normal 0 0 1
    outer loop
      vertex 60.4927 37.2831 3
      vertex 64.4989 37.2058 3
      vertex 64.2491 37.2745 3
    endloop
  endfacet
  facet normal -0 0 1
    outer loop
      vertex 60.6736 37.3306 3
      vertex 64.2491 37.2745 3
      vertex 64.0138 37.3629 3
    endloop
  endfacet
  facet normal 0 0 1
    outer loop
      vertex 61.8703 38.8344 3
      vertex 62.4592 39.7915 3
      vertex 62.4498 40.0916 3
    endloop
  endfacet
  facet normal 0 0 1
    outer loop
      vertex 61.8703 38.8344 3
      vertex 62.4877 39.5058 3
      vertex 62.4592 39.7915 3
    endloop
  endfacet
  facet normal 0 0 1
    outer loop
      vertex 61.8703 38.8344 3
      vertex 62.535 39.2347 3
      vertex 62.4877 39.5058 3
    endloop
  endfacet
  facet normal 0 0 1
    outer loop
      vertex 61.8703 38.8344 3
      vertex 62.6013 38.9781 3
      vertex 62.535 39.2347 3
    endloop
  endfacet
  facet normal 0 0 1
    outer loop
      vertex 61.8631 38.6652 3
      vertex 62.6013 38.9781 3
      vertex 61.8703 38.8344 3
    endloop
  endfacet
  facet normal 0 0 1
    outer loop
      vertex 62.6013 38.9781 3
      vertex 61.8631 38.6652 3
      vertex 62.6865 38.736 3
    endloop
  endfacet
  facet normal 0 0 1
    outer loop
      vertex 61.8414 38.5047 3
      vertex 62.6865 38.736 3
      vertex 61.8631 38.6652 3
    endloop
  endfacet
  facet normal 0 0 1
    outer loop
      vertex 62.6865 38.736 3
      vertex 61.8414 38.5047 3
      vertex 62.7907 38.5084 3
    endloop
  endfacet
  facet normal 0 0 1
    outer loop
      vertex 61.8052 38.353 3
      vertex 62.7907 38.5084 3
      vertex 61.8414 38.5047 3
    endloop
  endfacet
  facet normal 0 0 1
    outer loop
      vertex 62.7907 38.5084 3
      vertex 61.8052 38.353 3
      vertex 62.9138 38.2954 3
    endloop
  endfacet
  facet normal 0 0 1
    outer loop
      vertex 61.7545 38.2099 3
      vertex 62.9138 38.2954 3
      vertex 61.8052 38.353 3
    endloop
  endfacet
  facet normal 0 0 1
    outer loop
      vertex 61.6895 38.0757 3
      vertex 62.9138 38.2954 3
      vertex 61.7545 38.2099 3
    endloop
  endfacet
  facet normal 0 0 1
    outer loop
      vertex 62.9138 38.2954 3
      vertex 61.6895 38.0757 3
      vertex 63.0558 38.0968 3
    endloop
  endfacet
  facet normal 0 0 1
    outer loop
      vertex 61.6099 37.9501 3
      vertex 63.0558 38.0968 3
      vertex 61.6895 38.0757 3
    endloop
  endfacet
  facet normal 0 0 1
    outer loop
      vertex 63.0558 38.0968 3
      vertex 61.6099 37.9501 3
      vertex 63.2168 37.9128 3
    endloop
  endfacet
  facet normal 0 0 1
    outer loop
      vertex 61.5159 37.8333 3
      vertex 63.2168 37.9128 3
      vertex 61.6099 37.9501 3
    endloop
  endfacet
  facet normal 0 0 1
    outer loop
      vertex 63.2168 37.9128 3
      vertex 61.5159 37.8333 3
      vertex 63.3944 37.7459 3
    endloop
  endfacet
  facet normal 0 0 1
    outer loop
      vertex 61.4073 37.7253 3
      vertex 63.3944 37.7459 3
      vertex 61.5159 37.8333 3
    endloop
  endfacet
  facet normal 0 0 1
    outer loop
      vertex 61.2844 37.626 3
      vertex 63.3944 37.7459 3
      vertex 61.4073 37.7253 3
    endloop
  endfacet
  facet normal 0 0 1
    outer loop
      vertex 63.3944 37.7459 3
      vertex 61.2844 37.626 3
      vertex 63.5865 37.5986 3
    endloop
  endfacet
  facet normal 0 0 1
    outer loop
      vertex 61.1486 37.5363 3
      vertex 63.5865 37.5986 3
      vertex 61.2844 37.626 3
    endloop
  endfacet
  facet normal 0 0 1
    outer loop
      vertex 63.5865 37.5986 3
      vertex 61.1486 37.5363 3
      vertex 63.793 37.4709 3
    endloop
  endfacet
  facet normal 0 0 1
    outer loop
      vertex 61.0015 37.4572 3
      vertex 63.793 37.4709 3
      vertex 61.1486 37.5363 3
    endloop
  endfacet
  facet normal 0 0 1
    outer loop
      vertex 63.793 37.4709 3
      vertex 61.0015 37.4572 3
      vertex 64.0138 37.3629 3
    endloop
  endfacet
  facet normal -0 0 1
    outer loop
      vertex 60.8432 37.3886 3
      vertex 64.0138 37.3629 3
      vertex 61.0015 37.4572 3
    endloop
  endfacet
  facet normal 0 0 1
    outer loop
      vertex 60.6736 37.3306 3
      vertex 64.0138 37.3629 3
      vertex 60.8432 37.3886 3
    endloop
  endfacet
  facet normal 0 0 1
    outer loop
      vertex 64.2491 37.2745 3
      vertex 60.6736 37.3306 3
      vertex 60.4927 37.2831 3
    endloop
  endfacet
  facet normal 0 0 1
    outer loop
      vertex 64.4989 37.2058 3
      vertex 60.4927 37.2831 3
      vertex 60.3007 37.2462 3
    endloop
  endfacet
  facet normal 0 0 1
    outer loop
      vertex 64.763 37.1567 3
      vertex 60.3007 37.2462 3
      vertex 60.0973 37.2198 3
    endloop
  endfacet
  facet normal 0 0 1
    outer loop
      vertex 64.763 37.1567 3
      vertex 60.0973 37.2198 3
      vertex 59.8828 37.204 3
    endloop
  endfacet
  facet normal 0 0 1
    outer loop
      vertex 65.0415 37.1272 3
      vertex 59.8828 37.204 3
      vertex 95 24.2 3
    endloop
  endfacet
  facet normal -0 0 1
    outer loop
      vertex 59.6569 37.1988 3
      vertex 95 24.2 3
      vertex 59.8828 37.204 3
    endloop
  endfacet
  facet normal 0 0 1
    outer loop
      vertex 25 24.2 3
      vertex 59.6569 37.1988 3
      vertex 56.7884 37.1988 3
    endloop
  endfacet
  facet normal 0 0 1
    outer loop
      vertex 25 24.2 3
      vertex 56.7884 37.1988 3
      vertex 51.9319 37.1988 3
    endloop
  endfacet
  facet normal 0 0 1
    outer loop
      vertex 25 24.2 3
      vertex 51.9319 37.1988 3
      vertex 50.7439 37.1988 3
    endloop
  endfacet
  facet normal -0 0 1
    outer loop
      vertex 48.0504 38.6635 3
      vertex 50.7439 37.1988 3
      vertex 50.2353 38.6635 3
    endloop
  endfacet
  facet normal 0 0 1
    outer loop
      vertex 47.5417 37.1988 3
      vertex 50.7439 37.1988 3
      vertex 48.0504 38.6635 3
    endloop
  endfacet
  facet normal 0 0 1
    outer loop
      vertex 25 24.2 3
      vertex 50.7439 37.1988 3
      vertex 47.5417 37.1988 3
    endloop
  endfacet
  facet normal 0 0 1
    outer loop
      vertex 25 24.2 3
      vertex 47.5417 37.1988 3
      vertex 46.3414 37.1988 3
    endloop
  endfacet
  facet normal 0 0 1
    outer loop
      vertex 59.6569 37.1988 3
      vertex 25 24.2 3
      vertex 95 24.2 3
    endloop
  endfacet
  facet normal 0 0 1
    outer loop
      vertex 25 24.2 3
      vertex 46.3414 37.1988 3
      vertex 25 56 3
    endloop
  endfacet
  facet normal 0 0 1
    outer loop
      vertex 73.9227 37.1988 3
      vertex 73.7559 42.9316 3
      vertex 72.0144 40.2137 3
    endloop
  endfacet
  facet normal -0 0 1
    outer loop
      vertex 68.0881 41.1883 3
      vertex 70.4968 40.2137 3
      vertex 68.6781 42.9316 3
    endloop
  endfacet
  facet normal 0 0 1
    outer loop
      vertex 62.6009 41.1979 3
      vertex 61.5374 41.3847 3
      vertex 61.5273 41.2818 3
    endloop
  endfacet
  facet normal 0 0 1
    outer loop
      vertex 62.5348 40.9438 3
      vertex 61.5273 41.2818 3
      vertex 61.5106 41.1827 3
    endloop
  endfacet
  facet normal 0 0 1
    outer loop
      vertex 62.5348 40.9438 3
      vertex 61.5106 41.1827 3
      vertex 61.4873 41.0874 3
    endloop
  endfacet
  facet normal 0 0 1
    outer loop
      vertex 62.4875 40.6747 3
      vertex 61.4873 41.0874 3
      vertex 61.4572 40.9959 3
    endloop
  endfacet
  facet normal 0 0 1
    outer loop
      vertex 62.4875 40.6747 3
      vertex 61.4572 40.9959 3
      vertex 61.4204 40.9081 3
    endloop
  endfacet
  facet normal 0 0 1
    outer loop
      vertex 62.4875 40.6747 3
      vertex 61.4204 40.9081 3
      vertex 61.377 40.8241 3
    endloop
  endfacet
  facet normal 0 0 1
    outer loop
      vertex 62.4592 40.3907 3
      vertex 61.377 40.8241 3
      vertex 61.3269 40.7438 3
    endloop
  endfacet
  facet normal 0 0 1
    outer loop
      vertex 62.4498 40.0916 3
      vertex 61.5061 39.7763 3
      vertex 61.5826 39.6944 3
    endloop
  endfacet
  facet normal 0 0 1
    outer loop
      vertex 62.4592 40.3907 3
      vertex 61.3269 40.7438 3
      vertex 61.4211 39.852 3
    endloop
  endfacet
  facet normal 0 0 1
    outer loop
      vertex 62.4592 40.3907 3
      vertex 61.4211 39.852 3
      vertex 61.5061 39.7763 3
    endloop
  endfacet
  facet normal -0 0 1
    outer loop
      vertex 61.2701 40.6673 3
      vertex 61.4211 39.852 3
      vertex 61.3269 40.7438 3
    endloop
  endfacet
  facet normal 0 0 1
    outer loop
      vertex 61.4211 39.852 3
      vertex 61.2701 40.6673 3
      vertex 61.3279 39.921 3
    endloop
  endfacet
  facet normal -0 0 1
    outer loop
      vertex 61.2065 40.5954 3
      vertex 61.3279 39.921 3
      vertex 61.2701 40.6673 3
    endloop
  endfacet
  facet normal 0 0 1
    outer loop
      vertex 61.3279 39.921 3
      vertex 61.2065 40.5954 3
      vertex 61.2265 39.9831 3
    endloop
  endfacet
  facet normal -0 0 1
    outer loop
      vertex 61.1359 40.5289 3
      vertex 61.2265 39.9831 3
      vertex 61.2065 40.5954 3
    endloop
  endfacet
  facet normal 0 0 1
    outer loop
      vertex 61.1359 40.5289 3
      vertex 61.117 40.0385 3
      vertex 61.2265 39.9831 3
    endloop
  endfacet
  facet normal -0 0 1
    outer loop
      vertex 61.0583 40.4678 3
      vertex 61.117 40.0385 3
      vertex 61.1359 40.5289 3
    endloop
  endfacet
  facet normal 0 0 1
    outer loop
      vertex 61.0583 40.4678 3
      vertex 60.9992 40.0871 3
      vertex 61.117 40.0385 3
    endloop
  endfacet
  facet normal -0 0 1
    outer loop
      vertex 60.9738 40.412 3
      vertex 60.9992 40.0871 3
      vertex 61.0583 40.4678 3
    endloop
  endfacet
  facet normal -0 0 1
    outer loop
      vertex 60.8822 40.3616 3
      vertex 60.9992 40.0871 3
      vertex 60.9738 40.412 3
    endloop
  endfacet
  facet normal 0 0 1
    outer loop
      vertex 60.8822 40.3616 3
      vertex 60.8732 40.1289 3
      vertex 60.9992 40.0871 3
    endloop
  endfacet
  facet normal -0 0 1
    outer loop
      vertex 60.7837 40.3165 3
      vertex 60.8732 40.1289 3
      vertex 60.8822 40.3616 3
    endloop
  endfacet
  facet normal 0 0 1
    outer loop
      vertex 60.7837 40.3165 3
      vertex 60.7391 40.164 3
      vertex 60.8732 40.1289 3
    endloop
  endfacet
  facet normal -0 0 1
    outer loop
      vertex 60.6782 40.2769 3
      vertex 60.7391 40.164 3
      vertex 60.7837 40.3165 3
    endloop
  endfacet
  facet normal 0 0 1
    outer loop
      vertex 60.6782 40.2769 3
      vertex 60.5968 40.1922 3
      vertex 60.7391 40.164 3
    endloop
  endfacet
  facet normal -0 0 1
    outer loop
      vertex 60.5657 40.2426 3
      vertex 60.5968 40.1922 3
      vertex 60.6782 40.2769 3
    endloop
  endfacet
  facet normal 0 0 1
    outer loop
      vertex 60.5968 40.1922 3
      vertex 60.5657 40.2426 3
      vertex 60.4462 40.2137 3
    endloop
  endfacet
  facet normal 0.989176 0.146733 0
    outer loop
      vertex 2.46148 4.9757 42
      vertex 2.4154 5.28634 3
      vertex 2.4154 5.28634 42
    endloop
  endfacet
  facet normal 0.989176 0.146733 0
    outer loop
      vertex 2.4154 5.28634 3
      vertex 2.46148 4.9757 42
      vertex 2.46148 4.9757 3
    endloop
  endfacet
  facet normal 1 -0 0
    outer loop
      vertex 2.4 5.6 42
      vertex 2.4 74.4 3
      vertex 2.4 74.4 42
    endloop
  endfacet
  facet normal 1 0 0
    outer loop
      vertex 2.4 74.4 3
      vertex 2.4 5.6 42
      vertex 2.4 5.6 3
    endloop
  endfacet
  facet normal -0.998858 -0.047777 0
    outer loop
      vertex 117.6 74.4 3
      vertex 117.585 74.7136 42
      vertex 117.585 74.7136 3
    endloop
  endfacet
  facet normal -0.998858 -0.047777 0
    outer loop
      vertex 117.585 74.7136 42
      vertex 117.6 74.4 3
      vertex 117.6 74.4 42
    endloop
  endfacet
  facet normal 0.998797 0.0490387 0
    outer loop
      vertex 2.4154 5.28634 42
      vertex 2.4 5.6 3
      vertex 2.4 5.6 42
    endloop
  endfacet
  facet normal 0.998797 0.0490387 0
    outer loop
      vertex 2.4 5.6 3
      vertex 2.4154 5.28634 42
      vertex 2.4154 5.28634 3
    endloop
  endfacet
  facet normal 0 -1 0
    outer loop
      vertex 5.6 77.6 3
      vertex 114.4 77.6 42
      vertex 5.6 77.6 42
    endloop
  endfacet
  facet normal 0 -1 -0
    outer loop
      vertex 114.4 77.6 42
      vertex 5.6 77.6 3
      vertex 114.4 77.6 3
    endloop
  endfacet
  facet normal -1 0 0
    outer loop
      vertex 117.6 5.6 3
      vertex 117.6 74.4 42
      vertex 117.6 74.4 3
    endloop
  endfacet
  facet normal -1 -0 0
    outer loop
      vertex 117.6 74.4 42
      vertex 117.6 5.6 3
      vertex 117.6 5.6 42
    endloop
  endfacet
  facet normal 0 1 0
    outer loop
      vertex 98.8389 2.4 16.8278
      vertex 114.4 2.4 42
      vertex 99.2196 2.4 16.9231
    endloop
  endfacet
  facet normal 0 1 0
    outer loop
      vertex 5.6 2.4 42
      vertex 20.3921 2.4 16.9807
      vertex 20 2.4 17
    endloop
  endfacet
  facet normal 0 1 0
    outer loop
      vertex 98.4693 2.4 16.6955
      vertex 114.4 2.4 42
      vertex 98.8389 2.4 16.8278
    endloop
  endfacet
  facet normal 0 1 0
    outer loop
      vertex 5.6 2.4 42
      vertex 20.7804 2.4 16.9231
      vertex 20.3921 2.4 16.9807
    endloop
  endfacet
  facet normal 0 1 0
    outer loop
      vertex 98.1144 2.4 16.5277
      vertex 114.4 2.4 42
      vertex 98.4693 2.4 16.6955
    endloop
  endfacet
  facet normal 0 1 0
    outer loop
      vertex 5.6 2.4 42
      vertex 21.1611 2.4 16.8278
      vertex 20.7804 2.4 16.9231
    endloop
  endfacet
  facet normal 0 1 0
    outer loop
      vertex 97.7777 2.4 16.3259
      vertex 114.4 2.4 42
      vertex 98.1144 2.4 16.5277
    endloop
  endfacet
  facet normal 0 1 0
    outer loop
      vertex 5.6 2.4 42
      vertex 21.5307 2.4 16.6955
      vertex 21.1611 2.4 16.8278
    endloop
  endfacet
  facet normal 0 1 0
    outer loop
      vertex 97.4624 2.4 16.092
      vertex 114.4 2.4 42
      vertex 97.7777 2.4 16.3259
    endloop
  endfacet
  facet normal 0 1 0
    outer loop
      vertex 5.6 2.4 42
      vertex 21.8856 2.4 16.5277
      vertex 21.5307 2.4 16.6955
    endloop
  endfacet
  facet normal 0 1 0
    outer loop
      vertex 114.4 2.4 42
      vertex 97.4624 2.4 16.092
      vertex 5.6 2.4 42
    endloop
  endfacet
  facet normal 0 1 0
    outer loop
      vertex 5.6 2.4 42
      vertex 22.2223 2.4 16.3259
      vertex 21.8856 2.4 16.5277
    endloop
  endfacet
  facet normal 0 1 -0
    outer loop
      vertex 22.5376 2.4 16.092
      vertex 5.6 2.4 42
      vertex 97.4624 2.4 16.092
    endloop
  endfacet
  facet normal 0 1 0
    outer loop
      vertex 5.6 2.4 42
      vertex 22.5376 2.4 16.092
      vertex 22.2223 2.4 16.3259
    endloop
  endfacet
  facet normal 0 1 -0
    outer loop
      vertex 97.1716 2.4 15.8284
      vertex 22.5376 2.4 16.092
      vertex 97.4624 2.4 16.092
    endloop
  endfacet
  facet normal 0 1 0
    outer loop
      vertex 97.1716 2.4 15.8284
      vertex 22.8284 2.4 15.8284
      vertex 22.5376 2.4 16.092
    endloop
  endfacet
  facet normal 0 1 -0
    outer loop
      vertex 96.908 2.4 15.5376
      vertex 22.8284 2.4 15.8284
      vertex 97.1716 2.4 15.8284
    endloop
  endfacet
  facet normal 0 1 0
    outer loop
      vertex 96.908 2.4 15.5376
      vertex 23.092 2.4 15.5376
      vertex 22.8284 2.4 15.8284
    endloop
  endfacet
  facet normal 0 1 -0
    outer loop
      vertex 96.6741 2.4 15.2223
      vertex 23.092 2.4 15.5376
      vertex 96.908 2.4 15.5376
    endloop
  endfacet
  facet normal 0 1 0
    outer loop
      vertex 96.6741 2.4 15.2223
      vertex 23.3259 2.4 15.2223
      vertex 23.092 2.4 15.5376
    endloop
  endfacet
  facet normal 0 1 -0
    outer loop
      vertex 96.4723 2.4 14.8856
      vertex 23.3259 2.4 15.2223
      vertex 96.6741 2.4 15.2223
    endloop
  endfacet
  facet normal 0 1 0
    outer loop
      vertex 96.4723 2.4 14.8856
      vertex 23.5277 2.4 14.8856
      vertex 23.3259 2.4 15.2223
    endloop
  endfacet
  facet normal 0 1 -0
    outer loop
      vertex 96.3045 2.4 14.5307
      vertex 23.5277 2.4 14.8856
      vertex 96.4723 2.4 14.8856
    endloop
  endfacet
  facet normal 0 1 0
    outer loop
      vertex 96.3045 2.4 14.5307
      vertex 23.6955 2.4 14.5307
      vertex 23.5277 2.4 14.8856
    endloop
  endfacet
  facet normal 0 1 -0
    outer loop
      vertex 96.1722 2.4 14.1611
      vertex 23.6955 2.4 14.5307
      vertex 96.3045 2.4 14.5307
    endloop
  endfacet
  facet normal 0 1 0
    outer loop
      vertex 96.1722 2.4 14.1611
      vertex 23.8278 2.4 14.1611
      vertex 23.6955 2.4 14.5307
    endloop
  endfacet
  facet normal 0 1 -0
    outer loop
      vertex 96.0769 2.4 13.7804
      vertex 23.8278 2.4 14.1611
      vertex 96.1722 2.4 14.1611
    endloop
  endfacet
  facet normal 0 1 0
    outer loop
      vertex 96.0769 2.4 13.7804
      vertex 23.9231 2.4 13.7804
      vertex 23.8278 2.4 14.1611
    endloop
  endfacet
  facet normal 0 1 -0
    outer loop
      vertex 96.0193 2.4 13.3921
      vertex 23.9231 2.4 13.7804
      vertex 96.0769 2.4 13.7804
    endloop
  endfacet
  facet normal 0 1 0
    outer loop
      vertex 96.0193 2.4 13.3921
      vertex 23.9807 2.4 13.3921
      vertex 23.9231 2.4 13.7804
    endloop
  endfacet
  facet normal 0 1 -0
    outer loop
      vertex 96 2.4 13
      vertex 23.9807 2.4 13.3921
      vertex 96.0193 2.4 13.3921
    endloop
  endfacet
  facet normal 0 1 0
    outer loop
      vertex 96 2.4 13
      vertex 24 2.4 13
      vertex 23.9807 2.4 13.3921
    endloop
  endfacet
  facet normal 0 1 0
    outer loop
      vertex 96.0193 2.4 12.6079
      vertex 24 2.4 13
      vertex 96 2.4 13
    endloop
  endfacet
  facet normal 0 1 0
    outer loop
      vertex 96.0193 2.4 12.6079
      vertex 23.9807 2.4 12.6079
      vertex 24 2.4 13
    endloop
  endfacet
  facet normal 0 1 0
    outer loop
      vertex 96.0769 2.4 12.2196
      vertex 23.9807 2.4 12.6079
      vertex 96.0193 2.4 12.6079
    endloop
  endfacet
  facet normal 0 1 0
    outer loop
      vertex 96.0769 2.4 12.2196
      vertex 23.9231 2.4 12.2196
      vertex 23.9807 2.4 12.6079
    endloop
  endfacet
  facet normal 0 1 0
    outer loop
      vertex 96.1722 2.4 11.8389
      vertex 23.9231 2.4 12.2196
      vertex 96.0769 2.4 12.2196
    endloop
  endfacet
  facet normal 0 1 0
    outer loop
      vertex 96.1722 2.4 11.8389
      vertex 23.8278 2.4 11.8389
      vertex 23.9231 2.4 12.2196
    endloop
  endfacet
  facet normal 0 1 0
    outer loop
      vertex 96.3045 2.4 11.4693
      vertex 23.8278 2.4 11.8389
      vertex 96.1722 2.4 11.8389
    endloop
  endfacet
  facet normal 0 1 0
    outer loop
      vertex 96.3045 2.4 11.4693
      vertex 23.6955 2.4 11.4693
      vertex 23.8278 2.4 11.8389
    endloop
  endfacet
  facet normal 0 1 0
    outer loop
      vertex 96.4723 2.4 11.1144
      vertex 23.6955 2.4 11.4693
      vertex 96.3045 2.4 11.4693
    endloop
  endfacet
  facet normal 0 1 0
    outer loop
      vertex 96.4723 2.4 11.1144
      vertex 23.5277 2.4 11.1144
      vertex 23.6955 2.4 11.4693
    endloop
  endfacet
  facet normal 0 1 0
    outer loop
      vertex 96.6741 2.4 10.7777
      vertex 23.5277 2.4 11.1144
      vertex 96.4723 2.4 11.1144
    endloop
  endfacet
  facet normal 0 1 0
    outer loop
      vertex 96.6741 2.4 10.7777
      vertex 23.3259 2.4 10.7777
      vertex 23.5277 2.4 11.1144
    endloop
  endfacet
  facet normal 0 1 0
    outer loop
      vertex 96.908 2.4 10.4624
      vertex 23.3259 2.4 10.7777
      vertex 96.6741 2.4 10.7777
    endloop
  endfacet
  facet normal 0 1 0
    outer loop
      vertex 96.908 2.4 10.4624
      vertex 23.092 2.4 10.4624
      vertex 23.3259 2.4 10.7777
    endloop
  endfacet
  facet normal 0 1 0
    outer loop
      vertex 97.1716 2.4 10.1716
      vertex 23.092 2.4 10.4624
      vertex 96.908 2.4 10.4624
    endloop
  endfacet
  facet normal 0 1 0
    outer loop
      vertex 97.1716 2.4 10.1716
      vertex 22.8284 2.4 10.1716
      vertex 23.092 2.4 10.4624
    endloop
  endfacet
  facet normal 0 1 0
    outer loop
      vertex 97.4624 2.4 9.90796
      vertex 22.8284 2.4 10.1716
      vertex 97.1716 2.4 10.1716
    endloop
  endfacet
  facet normal 0 1 0
    outer loop
      vertex 97.4624 2.4 9.90796
      vertex 22.5376 2.4 9.90796
      vertex 22.8284 2.4 10.1716
    endloop
  endfacet
  facet normal 0 1 0
    outer loop
      vertex 97.7777 2.4 9.67412
      vertex 22.5376 2.4 9.90796
      vertex 97.4624 2.4 9.90796
    endloop
  endfacet
  facet normal 0 1 0
    outer loop
      vertex 97.7777 2.4 9.67412
      vertex 22.2223 2.4 9.67412
      vertex 22.5376 2.4 9.90796
    endloop
  endfacet
  facet normal 0 1 0
    outer loop
      vertex 98.1144 2.4 9.47231
      vertex 22.2223 2.4 9.67412
      vertex 97.7777 2.4 9.67412
    endloop
  endfacet
  facet normal 0 1 0
    outer loop
      vertex 98.1144 2.4 9.47231
      vertex 21.8856 2.4 9.47231
      vertex 22.2223 2.4 9.67412
    endloop
  endfacet
  facet normal 0 1 0
    outer loop
      vertex 98.4693 2.4 9.30448
      vertex 21.8856 2.4 9.47231
      vertex 98.1144 2.4 9.47231
    endloop
  endfacet
  facet normal 0 1 0
    outer loop
      vertex 98.4693 2.4 9.30448
      vertex 21.5307 2.4 9.30448
      vertex 21.8856 2.4 9.47231
    endloop
  endfacet
  facet normal 0 1 0
    outer loop
      vertex 98.8389 2.4 9.17224
      vertex 21.5307 2.4 9.30448
      vertex 98.4693 2.4 9.30448
    endloop
  endfacet
  facet normal 0 1 0
    outer loop
      vertex 98.8389 2.4 9.17224
      vertex 21.1611 2.4 9.17224
      vertex 21.5307 2.4 9.30448
    endloop
  endfacet
  facet normal 0 1 0
    outer loop
      vertex 114.4 2.4 3
      vertex 98.8389 2.4 9.17224
      vertex 99.2196 2.4 9.07686
    endloop
  endfacet
  facet normal 0 1 0
    outer loop
      vertex 98.8389 2.4 9.17224
      vertex 114.4 2.4 3
      vertex 21.1611 2.4 9.17224
    endloop
  endfacet
  facet normal 0 1 0
    outer loop
      vertex 114.4 2.4 3
      vertex 99.2196 2.4 9.07686
      vertex 99.6079 2.4 9.01926
    endloop
  endfacet
  facet normal 0 1 0
    outer loop
      vertex 5.6 2.4 3
      vertex 21.1611 2.4 9.17224
      vertex 114.4 2.4 3
    endloop
  endfacet
  facet normal 0 1 0
    outer loop
      vertex 114.4 2.4 3
      vertex 99.6079 2.4 9.01926
      vertex 100 2.4 9
    endloop
  endfacet
  facet normal 0 1 0
    outer loop
      vertex 21.1611 2.4 9.17224
      vertex 5.6 2.4 3
      vertex 20.7804 2.4 9.07686
    endloop
  endfacet
  facet normal 0 1 0
    outer loop
      vertex 99.6079 2.4 16.9807
      vertex 114.4 2.4 42
      vertex 100 2.4 17
    endloop
  endfacet
  facet normal 0 1 0
    outer loop
      vertex 114.4 2.4 42
      vertex 100.392 2.4 16.9807
      vertex 100 2.4 17
    endloop
  endfacet
  facet normal 0 1 0
    outer loop
      vertex 114.4 2.4 42
      vertex 100.78 2.4 16.9231
      vertex 100.392 2.4 16.9807
    endloop
  endfacet
  facet normal 0 1 0
    outer loop
      vertex 114.4 2.4 42
      vertex 101.161 2.4 16.8278
      vertex 100.78 2.4 16.9231
    endloop
  endfacet
  facet normal 0 1 0
    outer loop
      vertex 114.4 2.4 42
      vertex 101.531 2.4 16.6955
      vertex 101.161 2.4 16.8278
    endloop
  endfacet
  facet normal 0 1 0
    outer loop
      vertex 114.4 2.4 42
      vertex 101.886 2.4 16.5277
      vertex 101.531 2.4 16.6955
    endloop
  endfacet
  facet normal 0 1 0
    outer loop
      vertex 114.4 2.4 42
      vertex 102.222 2.4 16.3259
      vertex 101.886 2.4 16.5277
    endloop
  endfacet
  facet normal 0 1 0
    outer loop
      vertex 114.4 2.4 42
      vertex 102.538 2.4 16.092
      vertex 102.222 2.4 16.3259
    endloop
  endfacet
  facet normal 0 1 0
    outer loop
      vertex 114.4 2.4 42
      vertex 102.828 2.4 15.8284
      vertex 102.538 2.4 16.092
    endloop
  endfacet
  facet normal 0 1 0
    outer loop
      vertex 114.4 2.4 42
      vertex 103.092 2.4 15.5376
      vertex 102.828 2.4 15.8284
    endloop
  endfacet
  facet normal 0 1 0
    outer loop
      vertex 114.4 2.4 42
      vertex 103.326 2.4 15.2223
      vertex 103.092 2.4 15.5376
    endloop
  endfacet
  facet normal 0 1 0
    outer loop
      vertex 114.4 2.4 42
      vertex 103.528 2.4 14.8856
      vertex 103.326 2.4 15.2223
    endloop
  endfacet
  facet normal 0 1 0
    outer loop
      vertex 114.4 2.4 42
      vertex 103.696 2.4 14.5307
      vertex 103.528 2.4 14.8856
    endloop
  endfacet
  facet normal 0 1 -0
    outer loop
      vertex 114.4 2.4 3
      vertex 103.696 2.4 14.5307
      vertex 114.4 2.4 42
    endloop
  endfacet
  facet normal 0 1 0
    outer loop
      vertex 103.696 2.4 14.5307
      vertex 114.4 2.4 3
      vertex 103.828 2.4 14.1611
    endloop
  endfacet
  facet normal 0 1 0
    outer loop
      vertex 103.828 2.4 14.1611
      vertex 114.4 2.4 3
      vertex 103.923 2.4 13.7804
    endloop
  endfacet
  facet normal 0 1 0
    outer loop
      vertex 103.923 2.4 13.7804
      vertex 114.4 2.4 3
      vertex 103.981 2.4 13.3921
    endloop
  endfacet
  facet normal 0 1 0
    outer loop
      vertex 103.981 2.4 13.3921
      vertex 114.4 2.4 3
      vertex 104 2.4 13
    endloop
  endfacet
  facet normal 0 1 0
    outer loop
      vertex 104 2.4 13
      vertex 114.4 2.4 3
      vertex 103.981 2.4 12.6079
    endloop
  endfacet
  facet normal 0 1 0
    outer loop
      vertex 103.981 2.4 12.6079
      vertex 114.4 2.4 3
      vertex 103.923 2.4 12.2196
    endloop
  endfacet
  facet normal 0 1 0
    outer loop
      vertex 20.7804 2.4 9.07686
      vertex 5.6 2.4 3
      vertex 20.3921 2.4 9.01926
    endloop
  endfacet
  facet normal 0 1 0
    outer loop
      vertex 100.392 2.4 9.01926
      vertex 114.4 2.4 3
      vertex 100 2.4 9
    endloop
  endfacet
  facet normal 0 1 0
    outer loop
      vertex 100.78 2.4 9.07686
      vertex 114.4 2.4 3
      vertex 100.392 2.4 9.01926
    endloop
  endfacet
  facet normal 0 1 0
    outer loop
      vertex 101.161 2.4 9.17224
      vertex 114.4 2.4 3
      vertex 100.78 2.4 9.07686
    endloop
  endfacet
  facet normal 0 1 0
    outer loop
      vertex 101.531 2.4 9.30448
      vertex 114.4 2.4 3
      vertex 101.161 2.4 9.17224
    endloop
  endfacet
  facet normal 0 1 0
    outer loop
      vertex 101.886 2.4 9.47231
      vertex 114.4 2.4 3
      vertex 101.531 2.4 9.30448
    endloop
  endfacet
  facet normal 0 1 0
    outer loop
      vertex 102.222 2.4 9.67412
      vertex 114.4 2.4 3
      vertex 101.886 2.4 9.47231
    endloop
  endfacet
  facet normal 0 1 0
    outer loop
      vertex 102.538 2.4 9.90796
      vertex 114.4 2.4 3
      vertex 102.222 2.4 9.67412
    endloop
  endfacet
  facet normal 0 1 0
    outer loop
      vertex 102.828 2.4 10.1716
      vertex 114.4 2.4 3
      vertex 102.538 2.4 9.90796
    endloop
  endfacet
  facet normal 0 1 0
    outer loop
      vertex 103.092 2.4 10.4624
      vertex 114.4 2.4 3
      vertex 102.828 2.4 10.1716
    endloop
  endfacet
  facet normal 0 1 0
    outer loop
      vertex 103.326 2.4 10.7777
      vertex 114.4 2.4 3
      vertex 103.092 2.4 10.4624
    endloop
  endfacet
  facet normal 0 1 0
    outer loop
      vertex 103.528 2.4 11.1144
      vertex 114.4 2.4 3
      vertex 103.326 2.4 10.7777
    endloop
  endfacet
  facet normal 0 1 0
    outer loop
      vertex 103.696 2.4 11.4693
      vertex 114.4 2.4 3
      vertex 103.528 2.4 11.1144
    endloop
  endfacet
  facet normal 0 1 0
    outer loop
      vertex 103.828 2.4 11.8389
      vertex 114.4 2.4 3
      vertex 103.696 2.4 11.4693
    endloop
  endfacet
  facet normal 0 1 0
    outer loop
      vertex 103.923 2.4 12.2196
      vertex 114.4 2.4 3
      vertex 103.828 2.4 11.8389
    endloop
  endfacet
  facet normal 0 1 0
    outer loop
      vertex 99.2196 2.4 16.9231
      vertex 114.4 2.4 42
      vertex 99.6079 2.4 16.9807
    endloop
  endfacet
  facet normal 0 1 -0
    outer loop
      vertex 19.6079 2.4 16.9807
      vertex 5.6 2.4 42
      vertex 20 2.4 17
    endloop
  endfacet
  facet normal 0 1 -0
    outer loop
      vertex 19.2196 2.4 16.9231
      vertex 5.6 2.4 42
      vertex 19.6079 2.4 16.9807
    endloop
  endfacet
  facet normal 0 1 -0
    outer loop
      vertex 18.8389 2.4 16.8278
      vertex 5.6 2.4 42
      vertex 19.2196 2.4 16.9231
    endloop
  endfacet
  facet normal 0 1 -0
    outer loop
      vertex 18.4693 2.4 16.6955
      vertex 5.6 2.4 42
      vertex 18.8389 2.4 16.8278
    endloop
  endfacet
  facet normal 0 1 -0
    outer loop
      vertex 18.1144 2.4 16.5277
      vertex 5.6 2.4 42
      vertex 18.4693 2.4 16.6955
    endloop
  endfacet
  facet normal 0 1 -0
    outer loop
      vertex 17.7777 2.4 16.3259
      vertex 5.6 2.4 42
      vertex 18.1144 2.4 16.5277
    endloop
  endfacet
  facet normal 0 1 -0
    outer loop
      vertex 17.4624 2.4 16.092
      vertex 5.6 2.4 42
      vertex 17.7777 2.4 16.3259
    endloop
  endfacet
  facet normal 0 1 -0
    outer loop
      vertex 17.1716 2.4 15.8284
      vertex 5.6 2.4 42
      vertex 17.4624 2.4 16.092
    endloop
  endfacet
  facet normal 0 1 -0
    outer loop
      vertex 16.908 2.4 15.5376
      vertex 5.6 2.4 42
      vertex 17.1716 2.4 15.8284
    endloop
  endfacet
  facet normal 0 1 -0
    outer loop
      vertex 16.6741 2.4 15.2223
      vertex 5.6 2.4 42
      vertex 16.908 2.4 15.5376
    endloop
  endfacet
  facet normal 0 1 -0
    outer loop
      vertex 16.4723 2.4 14.8856
      vertex 5.6 2.4 42
      vertex 16.6741 2.4 15.2223
    endloop
  endfacet
  facet normal 0 1 -0
    outer loop
      vertex 16.3045 2.4 14.5307
      vertex 5.6 2.4 42
      vertex 16.4723 2.4 14.8856
    endloop
  endfacet
  facet normal 0 1 0
    outer loop
      vertex 5.6 2.4 3
      vertex 16.3045 2.4 14.5307
      vertex 16.1722 2.4 14.1611
    endloop
  endfacet
  facet normal 0 1 0
    outer loop
      vertex 5.6 2.4 3
      vertex 16.1722 2.4 14.1611
      vertex 16.0769 2.4 13.7804
    endloop
  endfacet
  facet normal 0 1 0
    outer loop
      vertex 5.6 2.4 3
      vertex 16.0769 2.4 13.7804
      vertex 16.0193 2.4 13.3921
    endloop
  endfacet
  facet normal 0 1 0
    outer loop
      vertex 5.6 2.4 3
      vertex 16.0193 2.4 13.3921
      vertex 16 2.4 13
    endloop
  endfacet
  facet normal 0 1 0
    outer loop
      vertex 5.6 2.4 3
      vertex 16 2.4 13
      vertex 16.0193 2.4 12.6079
    endloop
  endfacet
  facet normal 0 1 0
    outer loop
      vertex 5.6 2.4 3
      vertex 16.0193 2.4 12.6079
      vertex 16.0769 2.4 12.2196
    endloop
  endfacet
  facet normal 0 1 0
    outer loop
      vertex 5.6 2.4 3
      vertex 16.0769 2.4 12.2196
      vertex 16.1722 2.4 11.8389
    endloop
  endfacet
  facet normal 0 1 0
    outer loop
      vertex 20.3921 2.4 9.01926
      vertex 5.6 2.4 3
      vertex 20 2.4 9
    endloop
  endfacet
  facet normal 0 1 0
    outer loop
      vertex 16.3045 2.4 14.5307
      vertex 5.6 2.4 3
      vertex 5.6 2.4 42
    endloop
  endfacet
  facet normal 0 1 0
    outer loop
      vertex 16.3045 2.4 11.4693
      vertex 5.6 2.4 3
      vertex 16.1722 2.4 11.8389
    endloop
  endfacet
  facet normal 0 1 0
    outer loop
      vertex 16.4723 2.4 11.1144
      vertex 5.6 2.4 3
      vertex 16.3045 2.4 11.4693
    endloop
  endfacet
  facet normal 0 1 0
    outer loop
      vertex 16.6741 2.4 10.7777
      vertex 5.6 2.4 3
      vertex 16.4723 2.4 11.1144
    endloop
  endfacet
  facet normal 0 1 0
    outer loop
      vertex 16.908 2.4 10.4624
      vertex 5.6 2.4 3
      vertex 16.6741 2.4 10.7777
    endloop
  endfacet
  facet normal 0 1 0
    outer loop
      vertex 17.1716 2.4 10.1716
      vertex 5.6 2.4 3
      vertex 16.908 2.4 10.4624
    endloop
  endfacet
  facet normal 0 1 0
    outer loop
      vertex 17.4624 2.4 9.90796
      vertex 5.6 2.4 3
      vertex 17.1716 2.4 10.1716
    endloop
  endfacet
  facet normal 0 1 0
    outer loop
      vertex 17.7777 2.4 9.67412
      vertex 5.6 2.4 3
      vertex 17.4624 2.4 9.90796
    endloop
  endfacet
  facet normal 0 1 0
    outer loop
      vertex 18.1144 2.4 9.47231
      vertex 5.6 2.4 3
      vertex 17.7777 2.4 9.67412
    endloop
  endfacet
  facet normal 0 1 0
    outer loop
      vertex 18.4693 2.4 9.30448
      vertex 5.6 2.4 3
      vertex 18.1144 2.4 9.47231
    endloop
  endfacet
  facet normal 0 1 0
    outer loop
      vertex 18.8389 2.4 9.17224
      vertex 5.6 2.4 3
      vertex 18.4693 2.4 9.30448
    endloop
  endfacet
  facet normal 0 1 0
    outer loop
      vertex 19.2196 2.4 9.07686
      vertex 5.6 2.4 3
      vertex 18.8389 2.4 9.17224
    endloop
  endfacet
  facet normal 0 1 0
    outer loop
      vertex 19.6079 2.4 9.01926
      vertex 5.6 2.4 3
      vertex 19.2196 2.4 9.07686
    endloop
  endfacet
  facet normal 0 1 0
    outer loop
      vertex 20 2.4 9
      vertex 5.6 2.4 3
      vertex 19.6079 2.4 9.01926
    endloop
  endfacet
  facet normal 0.427658 -0.903941 0
    outer loop
      vertex 4.09153 77.2221 3
      vertex 4.3754 77.3564 42
      vertex 4.09153 77.2221 42
    endloop
  endfacet
  facet normal 0.427658 -0.903941 0
    outer loop
      vertex 4.3754 77.3564 42
      vertex 4.09153 77.2221 3
      vertex 4.3754 77.3564 3
    endloop
  endfacet
  facet normal 0.970022 -0.243015 0
    outer loop
      vertex 2.46148 75.0243 42
      vertex 2.53779 75.3289 3
      vertex 2.53779 75.3289 42
    endloop
  endfacet
  facet normal 0.970022 -0.243015 0
    outer loop
      vertex 2.53779 75.3289 3
      vertex 2.46148 75.0243 42
      vertex 2.46148 75.0243 3
    endloop
  endfacet
  facet normal 0.671578 -0.740933 0
    outer loop
      vertex 3.33726 76.6627 3
      vertex 3.56994 76.8736 42
      vertex 3.33726 76.6627 42
    endloop
  endfacet
  facet normal 0.671578 -0.740933 0
    outer loop
      vertex 3.56994 76.8736 42
      vertex 3.33726 76.6627 3
      vertex 3.56994 76.8736 3
    endloop
  endfacet
  facet normal 0.740962 -0.671547 0
    outer loop
      vertex 3.12636 76.43 42
      vertex 3.33726 76.6627 3
      vertex 3.33726 76.6627 42
    endloop
  endfacet
  facet normal 0.740962 -0.671547 0
    outer loop
      vertex 3.33726 76.6627 3
      vertex 3.12636 76.43 42
      vertex 3.12636 76.43 3
    endloop
  endfacet
  facet normal -0.803298 0.595578 0
    outer loop
      vertex 116.874 3.56994 3
      vertex 117.061 3.82216 42
      vertex 117.061 3.82216 3
    endloop
  endfacet
  facet normal -0.803298 0.595578 0
    outer loop
      vertex 117.061 3.82216 42
      vertex 116.874 3.56994 3
      vertex 116.874 3.56994 42
    endloop
  endfacet
  facet normal -0.998858 0.0477679 0
    outer loop
      vertex 117.585 5.28634 3
      vertex 117.6 5.6 42
      vertex 117.6 5.6 3
    endloop
  endfacet
  facet normal -0.998858 0.0477679 0
    outer loop
      vertex 117.6 5.6 42
      vertex 117.585 5.28634 3
      vertex 117.585 5.28634 42
    endloop
  endfacet
  facet normal 0.740933 0.671578 0
    outer loop
      vertex 3.33726 3.33726 42
      vertex 3.12636 3.56994 3
      vertex 3.12636 3.56994 42
    endloop
  endfacet
  facet normal 0.740933 0.671578 0
    outer loop
      vertex 3.12636 3.56994 3
      vertex 3.33726 3.33726 42
      vertex 3.33726 3.33726 3
    endloop
  endfacet
  facet normal 0.146733 0.989176 -0
    outer loop
      vertex 5.28634 2.4154 3
      vertex 4.9757 2.46148 42
      vertex 5.28634 2.4154 42
    endloop
  endfacet
  facet normal 0.146733 0.989176 0
    outer loop
      vertex 4.9757 2.46148 42
      vertex 5.28634 2.4154 3
      vertex 4.9757 2.46148 3
    endloop
  endfacet
  facet normal -0.33655 0.941666 0
    outer loop
      vertex 115.625 2.64358 3
      vertex 115.329 2.53779 42
      vertex 115.625 2.64358 42
    endloop
  endfacet
  facet normal -0.33655 0.941666 0
    outer loop
      vertex 115.329 2.53779 42
      vertex 115.625 2.64358 3
      vertex 115.329 2.53779 3
    endloop
  endfacet
  facet normal -0.941345 -0.337445 0
    outer loop
      vertex 117.462 75.3289 3
      vertex 117.356 75.6246 42
      vertex 117.356 75.6246 3
    endloop
  endfacet
  facet normal -0.941345 -0.337445 0
    outer loop
      vertex 117.356 75.6246 42
      vertex 117.462 75.3289 3
      vertex 117.462 75.3289 42
    endloop
  endfacet
  facet normal -0.428731 -0.903432 0
    outer loop
      vertex 115.625 77.3564 3
      vertex 115.908 77.2221 42
      vertex 115.625 77.3564 42
    endloop
  endfacet
  facet normal -0.428731 -0.903432 -0
    outer loop
      vertex 115.908 77.2221 42
      vertex 115.625 77.3564 3
      vertex 115.908 77.2221 3
    endloop
  endfacet
  facet normal 0.242978 -0.970032 0
    outer loop
      vertex 4.67109 77.4622 3
      vertex 4.9757 77.5385 42
      vertex 4.67109 77.4622 42
    endloop
  endfacet
  facet normal 0.242978 -0.970032 0
    outer loop
      vertex 4.9757 77.5385 42
      vertex 4.67109 77.4622 3
      vertex 4.9757 77.5385 3
    endloop
  endfacet
  facet normal 0.998796 -0.049048 0
    outer loop
      vertex 2.4 74.4 42
      vertex 2.4154 74.7136 3
      vertex 2.4154 74.7136 42
    endloop
  endfacet
  facet normal 0.998796 -0.049048 0
    outer loop
      vertex 2.4154 74.7136 3
      vertex 2.4 74.4 42
      vertex 2.4 74.4 3
    endloop
  endfacet
  facet normal 0.904007 -0.427517 0
    outer loop
      vertex 2.64358 75.6246 42
      vertex 2.77784 75.9085 3
      vertex 2.77784 75.9085 42
    endloop
  endfacet
  facet normal 0.904007 -0.427517 0
    outer loop
      vertex 2.77784 75.9085 3
      vertex 2.64358 75.6246 42
      vertex 2.64358 75.6246 3
    endloop
  endfacet
  facet normal 0.857676 -0.514191 0
    outer loop
      vertex 2.77784 75.9085 42
      vertex 2.93929 76.1778 3
      vertex 2.93929 76.1778 42
    endloop
  endfacet
  facet normal 0.857676 -0.514191 0
    outer loop
      vertex 2.93929 76.1778 3
      vertex 2.77784 75.9085 42
      vertex 2.77784 75.9085 3
    endloop
  endfacet
  facet normal -0.740775 0.671753 0
    outer loop
      vertex 116.663 3.33726 3
      vertex 116.874 3.56994 42
      vertex 116.874 3.56994 3
    endloop
  endfacet
  facet normal -0.740775 0.671753 0
    outer loop
      vertex 116.874 3.56994 42
      vertex 116.663 3.33726 3
      vertex 116.663 3.33726 42
    endloop
  endfacet
  facet normal -0.90431 0.426877 0
    outer loop
      vertex 117.222 4.09153 3
      vertex 117.356 4.3754 42
      vertex 117.356 4.3754 3
    endloop
  endfacet
  facet normal -0.90431 0.426877 0
    outer loop
      vertex 117.356 4.3754 42
      vertex 117.222 4.09153 3
      vertex 117.222 4.09153 42
    endloop
  endfacet
  facet normal -0.989213 0.146484 0
    outer loop
      vertex 117.539 4.9757 3
      vertex 117.585 5.28634 42
      vertex 117.585 5.28634 3
    endloop
  endfacet
  facet normal -0.989213 0.146484 0
    outer loop
      vertex 117.585 5.28634 42
      vertex 117.539 4.9757 3
      vertex 117.539 4.9757 42
    endloop
  endfacet
  facet normal 0.595722 0.803191 -0
    outer loop
      vertex 3.82216 2.93929 3
      vertex 3.56994 3.12636 42
      vertex 3.82216 2.93929 42
    endloop
  endfacet
  facet normal 0.595722 0.803191 0
    outer loop
      vertex 3.56994 3.12636 42
      vertex 3.82216 2.93929 3
      vertex 3.56994 3.12636 3
    endloop
  endfacet
  facet normal 0.941554 0.336863 0
    outer loop
      vertex 2.64358 4.3754 42
      vertex 2.53779 4.67109 3
      vertex 2.53779 4.67109 42
    endloop
  endfacet
  facet normal 0.941554 0.336863 0
    outer loop
      vertex 2.53779 4.67109 3
      vertex 2.64358 4.3754 42
      vertex 2.64358 4.3754 3
    endloop
  endfacet
  facet normal -0.0489857 0.998799 0
    outer loop
      vertex 114.714 2.4154 3
      vertex 114.4 2.4 42
      vertex 114.714 2.4154 42
    endloop
  endfacet
  facet normal -0.0489857 0.998799 0
    outer loop
      vertex 114.4 2.4 42
      vertex 114.714 2.4154 3
      vertex 114.4 2.4 3
    endloop
  endfacet
  facet normal -0.740804 -0.671722 0
    outer loop
      vertex 116.874 76.43 3
      vertex 116.663 76.6627 42
      vertex 116.663 76.6627 3
    endloop
  endfacet
  facet normal -0.740804 -0.671722 0
    outer loop
      vertex 116.663 76.6627 42
      vertex 116.874 76.43 3
      vertex 116.874 76.43 42
    endloop
  endfacet
  facet normal -0.904327 -0.42684 0
    outer loop
      vertex 117.356 75.6246 3
      vertex 117.222 75.9085 42
      vertex 117.222 75.9085 3
    endloop
  endfacet
  facet normal -0.904327 -0.42684 0
    outer loop
      vertex 117.222 75.9085 42
      vertex 117.356 75.6246 3
      vertex 117.356 75.6246 42
    endloop
  endfacet
  facet normal -0.989217 -0.146456 0
    outer loop
      vertex 117.585 74.7136 3
      vertex 117.539 75.0243 42
      vertex 117.539 75.0243 3
    endloop
  endfacet
  facet normal -0.989217 -0.146456 0
    outer loop
      vertex 117.539 75.0243 42
      vertex 117.585 74.7136 3
      vertex 117.585 74.7136 42
    endloop
  endfacet
  facet normal 0.513976 -0.857805 0
    outer loop
      vertex 3.82216 77.0607 3
      vertex 4.09153 77.2221 42
      vertex 3.82216 77.0607 42
    endloop
  endfacet
  facet normal 0.513976 -0.857805 0
    outer loop
      vertex 4.09153 77.2221 42
      vertex 3.82216 77.0607 3
      vertex 4.09153 77.2221 3
    endloop
  endfacet
  facet normal 0.336891 -0.941544 0
    outer loop
      vertex 4.3754 77.3564 3
      vertex 4.67109 77.4622 42
      vertex 4.3754 77.3564 42
    endloop
  endfacet
  facet normal 0.336891 -0.941544 0
    outer loop
      vertex 4.67109 77.4622 42
      vertex 4.3754 77.3564 3
      vertex 4.67109 77.4622 3
    endloop
  endfacet
  facet normal 0.146796 -0.989167 0
    outer loop
      vertex 4.9757 77.5385 3
      vertex 5.28634 77.5846 42
      vertex 4.9757 77.5385 42
    endloop
  endfacet
  facet normal 0.146796 -0.989167 0
    outer loop
      vertex 5.28634 77.5846 42
      vertex 4.9757 77.5385 3
      vertex 5.28634 77.5846 3
    endloop
  endfacet
  facet normal 0.98918 -0.146706 0
    outer loop
      vertex 2.4154 74.7136 42
      vertex 2.46148 75.0243 3
      vertex 2.46148 75.0243 42
    endloop
  endfacet
  facet normal 0.98918 -0.146706 0
    outer loop
      vertex 2.46148 75.0243 3
      vertex 2.4154 74.7136 42
      vertex 2.4154 74.7136 3
    endloop
  endfacet
  facet normal 0.941557 -0.336853 0
    outer loop
      vertex 2.53779 75.3289 42
      vertex 2.64358 75.6246 3
      vertex 2.64358 75.6246 42
    endloop
  endfacet
  facet normal 0.941557 -0.336853 0
    outer loop
      vertex 2.64358 75.6246 3
      vertex 2.53779 75.3289 42
      vertex 2.53779 75.3289 3
    endloop
  endfacet
  facet normal 0.595783 -0.803145 0
    outer loop
      vertex 3.56994 76.8736 3
      vertex 3.82216 77.0607 42
      vertex 3.56994 76.8736 42
    endloop
  endfacet
  facet normal 0.595783 -0.803145 0
    outer loop
      vertex 3.82216 77.0607 42
      vertex 3.56994 76.8736 3
      vertex 3.82216 77.0607 3
    endloop
  endfacet
  facet normal 0.803168 -0.595752 0
    outer loop
      vertex 2.93929 76.1778 42
      vertex 3.12636 76.43 3
      vertex 3.12636 76.43 42
    endloop
  endfacet
  facet normal 0.803168 -0.595752 0
    outer loop
      vertex 3.12636 76.43 3
      vertex 2.93929 76.1778 42
      vertex 2.93929 76.1778 3
    endloop
  endfacet
  facet normal -0.596057 0.802942 0
    outer loop
      vertex 116.43 3.12636 3
      vertex 116.178 2.93929 42
      vertex 116.43 3.12636 42
    endloop
  endfacet
  facet normal -0.596057 0.802942 0
    outer loop
      vertex 116.178 2.93929 42
      vertex 116.43 3.12636 3
      vertex 116.178 2.93929 3
    endloop
  endfacet
  facet normal -0.671072 0.741393 0
    outer loop
      vertex 116.663 3.33726 3
      vertex 116.43 3.12636 42
      vertex 116.663 3.33726 42
    endloop
  endfacet
  facet normal -0.671072 0.741393 0
    outer loop
      vertex 116.43 3.12636 42
      vertex 116.663 3.33726 3
      vertex 116.43 3.12636 3
    endloop
  endfacet
  facet normal -0.858366 0.513038 0
    outer loop
      vertex 117.061 3.82216 3
      vertex 117.222 4.09153 42
      vertex 117.222 4.09153 3
    endloop
  endfacet
  facet normal -0.858366 0.513038 0
    outer loop
      vertex 117.222 4.09153 42
      vertex 117.061 3.82216 3
      vertex 117.061 3.82216 42
    endloop
  endfacet
  facet normal -0.941342 0.337455 0
    outer loop
      vertex 117.356 4.3754 3
      vertex 117.462 4.67109 42
      vertex 117.462 4.67109 3
    endloop
  endfacet
  facet normal -0.941342 0.337455 0
    outer loop
      vertex 117.462 4.67109 42
      vertex 117.356 4.3754 3
      vertex 117.356 4.3754 42
    endloop
  endfacet
  facet normal 0.0490387 0.998797 -0
    outer loop
      vertex 5.6 2.4 3
      vertex 5.28634 2.4154 42
      vertex 5.6 2.4 42
    endloop
  endfacet
  facet normal 0.0490387 0.998797 0
    outer loop
      vertex 5.28634 2.4154 42
      vertex 5.6 2.4 3
      vertex 5.28634 2.4154 3
    endloop
  endfacet
  facet normal 0.514093 0.857734 -0
    outer loop
      vertex 4.09153 2.77784 3
      vertex 3.82216 2.93929 42
      vertex 4.09153 2.77784 42
    endloop
  endfacet
  facet normal 0.514093 0.857734 0
    outer loop
      vertex 3.82216 2.93929 42
      vertex 4.09153 2.77784 3
      vertex 3.82216 2.93929 3
    endloop
  endfacet
  facet normal 0.336863 0.941554 -0
    outer loop
      vertex 4.67109 2.53779 3
      vertex 4.3754 2.64358 42
      vertex 4.67109 2.53779 42
    endloop
  endfacet
  facet normal 0.336863 0.941554 0
    outer loop
      vertex 4.3754 2.64358 42
      vertex 4.67109 2.53779 3
      vertex 4.3754 2.64358 3
    endloop
  endfacet
  facet normal 0.671578 0.740933 -0
    outer loop
      vertex 3.56994 3.12636 3
      vertex 3.33726 3.33726 42
      vertex 3.56994 3.12636 42
    endloop
  endfacet
  facet normal 0.671578 0.740933 0
    outer loop
      vertex 3.33726 3.33726 42
      vertex 3.56994 3.12636 3
      vertex 3.33726 3.33726 3
    endloop
  endfacet
  facet normal 0.857734 0.514093 0
    outer loop
      vertex 2.93929 3.82216 42
      vertex 2.77784 4.09153 3
      vertex 2.77784 4.09153 42
    endloop
  endfacet
  facet normal 0.857734 0.514093 0
    outer loop
      vertex 2.77784 4.09153 3
      vertex 2.93929 3.82216 42
      vertex 2.93929 3.82216 3
    endloop
  endfacet
  facet normal 0.90399 0.427554 0
    outer loop
      vertex 2.77784 4.09153 42
      vertex 2.64358 4.3754 3
      vertex 2.64358 4.3754 42
    endloop
  endfacet
  facet normal 0.90399 0.427554 0
    outer loop
      vertex 2.64358 4.3754 3
      vertex 2.77784 4.09153 42
      vertex 2.77784 4.09153 3
    endloop
  endfacet
  facet normal 0.970024 0.243008 0
    outer loop
      vertex 2.53779 4.67109 42
      vertex 2.46148 4.9757 3
      vertex 2.46148 4.9757 42
    endloop
  endfacet
  facet normal 0.970024 0.243008 0
    outer loop
      vertex 2.46148 4.9757 3
      vertex 2.53779 4.67109 42
      vertex 2.53779 4.67109 3
    endloop
  endfacet
  facet normal -0.14703 0.989132 0
    outer loop
      vertex 115.024 2.46148 3
      vertex 114.714 2.4154 42
      vertex 115.024 2.46148 42
    endloop
  endfacet
  facet normal -0.14703 0.989132 0
    outer loop
      vertex 114.714 2.4154 42
      vertex 115.024 2.46148 3
      vertex 114.714 2.4154 3
    endloop
  endfacet
  facet normal -0.51321 0.858263 0
    outer loop
      vertex 116.178 2.93929 3
      vertex 115.908 2.77784 42
      vertex 116.178 2.93929 42
    endloop
  endfacet
  facet normal -0.51321 0.858263 0
    outer loop
      vertex 115.908 2.77784 42
      vertex 116.178 2.93929 3
      vertex 115.908 2.77784 3
    endloop
  endfacet
  facet normal -0.803275 -0.595608 0
    outer loop
      vertex 117.061 76.1778 3
      vertex 116.874 76.43 42
      vertex 116.874 76.43 3
    endloop
  endfacet
  facet normal -0.803275 -0.595608 0
    outer loop
      vertex 116.874 76.43 42
      vertex 117.061 76.1778 3
      vertex 117.061 76.1778 42
    endloop
  endfacet
  facet normal -0.513093 -0.858333 0
    outer loop
      vertex 115.908 77.2221 3
      vertex 116.178 77.0607 42
      vertex 115.908 77.2221 42
    endloop
  endfacet
  facet normal -0.513093 -0.858333 -0
    outer loop
      vertex 116.178 77.0607 42
      vertex 115.908 77.2221 3
      vertex 116.178 77.0607 3
    endloop
  endfacet
  facet normal -0.0489857 -0.998799 0
    outer loop
      vertex 114.4 77.6 3
      vertex 114.714 77.5846 42
      vertex 114.4 77.6 42
    endloop
  endfacet
  facet normal -0.0489857 -0.998799 -0
    outer loop
      vertex 114.714 77.5846 42
      vertex 114.4 77.6 3
      vertex 114.714 77.5846 3
    endloop
  endfacet
  facet normal -0.147092 -0.989123 0
    outer loop
      vertex 114.714 77.5846 3
      vertex 115.024 77.5385 42
      vertex 114.714 77.5846 42
    endloop
  endfacet
  facet normal -0.147092 -0.989123 -0
    outer loop
      vertex 115.024 77.5385 42
      vertex 114.714 77.5846 3
      vertex 115.024 77.5385 3
    endloop
  endfacet
  facet normal -0.242685 -0.970105 0
    outer loop
      vertex 115.024 77.5385 3
      vertex 115.329 77.4622 42
      vertex 115.024 77.5385 42
    endloop
  endfacet
  facet normal -0.242685 -0.970105 -0
    outer loop
      vertex 115.329 77.4622 42
      vertex 115.024 77.5385 3
      vertex 115.329 77.4622 3
    endloop
  endfacet
  facet normal -0.336578 -0.941656 0
    outer loop
      vertex 115.329 77.4622 3
      vertex 115.625 77.3564 42
      vertex 115.329 77.4622 42
    endloop
  endfacet
  facet normal -0.336578 -0.941656 -0
    outer loop
      vertex 115.625 77.3564 42
      vertex 115.329 77.4622 3
      vertex 115.625 77.3564 3
    endloop
  endfacet
  facet normal 0.0490387 -0.998797 0
    outer loop
      vertex 5.28634 77.5846 3
      vertex 5.6 77.6 42
      vertex 5.28634 77.5846 42
    endloop
  endfacet
  facet normal 0.0490387 -0.998797 0
    outer loop
      vertex 5.6 77.6 42
      vertex 5.28634 77.5846 3
      vertex 5.6 77.6 3
    endloop
  endfacet
  facet normal -0.969504 0.245074 0
    outer loop
      vertex 117.462 4.67109 3
      vertex 117.539 4.9757 42
      vertex 117.539 4.9757 3
    endloop
  endfacet
  facet normal -0.969504 0.245074 0
    outer loop
      vertex 117.539 4.9757 42
      vertex 117.462 4.67109 3
      vertex 117.462 4.67109 42
    endloop
  endfacet
  facet normal 0.427554 0.90399 -0
    outer loop
      vertex 4.3754 2.64358 3
      vertex 4.09153 2.77784 42
      vertex 4.3754 2.64358 42
    endloop
  endfacet
  facet normal 0.427554 0.90399 0
    outer loop
      vertex 4.09153 2.77784 42
      vertex 4.3754 2.64358 3
      vertex 4.09153 2.77784 3
    endloop
  endfacet
  facet normal 0.243008 0.970024 -0
    outer loop
      vertex 4.9757 2.46148 3
      vertex 4.67109 2.53779 42
      vertex 4.9757 2.46148 42
    endloop
  endfacet
  facet normal 0.243008 0.970024 0
    outer loop
      vertex 4.67109 2.53779 42
      vertex 4.9757 2.46148 3
      vertex 4.67109 2.53779 3
    endloop
  endfacet
  facet normal 0.803191 0.595722 0
    outer loop
      vertex 3.12636 3.56994 42
      vertex 2.93929 3.82216 3
      vertex 2.93929 3.82216 42
    endloop
  endfacet
  facet normal 0.803191 0.595722 0
    outer loop
      vertex 2.93929 3.82216 3
      vertex 3.12636 3.56994 42
      vertex 3.12636 3.56994 3
    endloop
  endfacet
  facet normal -0.242715 0.970098 0
    outer loop
      vertex 115.329 2.53779 3
      vertex 115.024 2.46148 42
      vertex 115.329 2.53779 42
    endloop
  endfacet
  facet normal -0.242715 0.970098 0
    outer loop
      vertex 115.024 2.46148 42
      vertex 115.329 2.53779 3
      vertex 115.024 2.46148 3
    endloop
  endfacet
  facet normal -0.428627 0.903482 0
    outer loop
      vertex 115.908 2.77784 3
      vertex 115.625 2.64358 42
      vertex 115.908 2.77784 42
    endloop
  endfacet
  facet normal -0.428627 0.903482 0
    outer loop
      vertex 115.625 2.64358 42
      vertex 115.908 2.77784 3
      vertex 115.625 2.64358 3
    endloop
  endfacet
  facet normal -0.858307 -0.513136 0
    outer loop
      vertex 117.222 75.9085 3
      vertex 117.061 76.1778 42
      vertex 117.061 76.1778 3
    endloop
  endfacet
  facet normal -0.858307 -0.513136 0
    outer loop
      vertex 117.061 76.1778 42
      vertex 117.222 75.9085 3
      vertex 117.222 75.9085 42
    endloop
  endfacet
  facet normal -0.969503 -0.245081 0
    outer loop
      vertex 117.539 75.0243 3
      vertex 117.462 75.3289 42
      vertex 117.462 75.3289 3
    endloop
  endfacet
  facet normal -0.969503 -0.245081 0
    outer loop
      vertex 117.462 75.3289 42
      vertex 117.539 75.0243 3
      vertex 117.539 75.0243 42
    endloop
  endfacet
  facet normal -0.671072 -0.741393 0
    outer loop
      vertex 116.43 76.8736 3
      vertex 116.663 76.6627 42
      vertex 116.43 76.8736 42
    endloop
  endfacet
  facet normal -0.671072 -0.741393 -0
    outer loop
      vertex 116.663 76.6627 42
      vertex 116.43 76.8736 3
      vertex 116.663 76.6627 3
    endloop
  endfacet
  facet normal -0.596119 -0.802896 0
    outer loop
      vertex 116.178 77.0607 3
      vertex 116.43 76.8736 42
      vertex 116.178 77.0607 42
    endloop
  endfacet
  facet normal -0.596119 -0.802896 -0
    outer loop
      vertex 116.43 76.8736 42
      vertex 116.178 77.0607 3
      vertex 116.43 76.8736 3
    endloop
  endfacet
  facet normal -0.85774 0 0.514084
    outer loop
      vertex 23.3259 0 10.7777
      vertex 23.5277 2.4 11.1144
      vertex 23.3259 2.4 10.7777
    endloop
  endfacet
  facet normal -0.85774 0 0.514084
    outer loop
      vertex 23.5277 2.4 11.1144
      vertex 23.3259 0 10.7777
      vertex 23.5277 0 11.1144
    endloop
  endfacet
  facet normal -0.336879 0 0.941548
    outer loop
      vertex 21.1611 2.4 9.17224
      vertex 21.5307 0 9.30448
      vertex 21.5307 2.4 9.30448
    endloop
  endfacet
  facet normal -0.336879 0 0.941548
    outer loop
      vertex 21.5307 0 9.30448
      vertex 21.1611 2.4 9.17224
      vertex 21.1611 0 9.17224
    endloop
  endfacet
  facet normal 0.427503 0 0.904014
    outer loop
      vertex 18.1144 2.4 9.47231
      vertex 18.4693 0 9.30448
      vertex 18.4693 2.4 9.30448
    endloop
  endfacet
  facet normal 0.427503 0 0.904014
    outer loop
      vertex 18.4693 0 9.30448
      vertex 18.1144 2.4 9.47231
      vertex 18.1144 0 9.47231
    endloop
  endfacet
  facet normal 0.9415 -0 0.337014
    outer loop
      vertex 16.1722 0 11.8389
      vertex 16.3045 2.4 11.4693
      vertex 16.1722 2.4 11.8389
    endloop
  endfacet
  facet normal 0.9415 0 0.337014
    outer loop
      vertex 16.3045 2.4 11.4693
      vertex 16.1722 0 11.8389
      vertex 16.3045 0 11.4693
    endloop
  endfacet
  facet normal -0.998791 0 -0.0491626
    outer loop
      vertex 24 0 13
      vertex 23.9807 2.4 13.3921
      vertex 24 2.4 13
    endloop
  endfacet
  facet normal -0.998791 -0 -0.0491626
    outer loop
      vertex 23.9807 2.4 13.3921
      vertex 24 0 13
      vertex 23.9807 0 13.3921
    endloop
  endfacet
  facet normal -0.514102 0 0.857729
    outer loop
      vertex 21.8856 2.4 9.47231
      vertex 22.2223 0 9.67412
      vertex 22.2223 2.4 9.67412
    endloop
  endfacet
  facet normal -0.514102 0 0.857729
    outer loop
      vertex 22.2223 0 9.67412
      vertex 21.8856 2.4 9.47231
      vertex 21.8856 0 9.47231
    endloop
  endfacet
  facet normal 0.803137 -0 0.595794
    outer loop
      vertex 16.6741 0 10.7777
      vertex 16.908 2.4 10.4624
      vertex 16.6741 2.4 10.7777
    endloop
  endfacet
  facet normal 0.803137 0 0.595794
    outer loop
      vertex 16.908 2.4 10.4624
      vertex 16.6741 0 10.7777
      vertex 16.908 0 10.4624
    endloop
  endfacet
  facet normal 0.243027 0 0.970019
    outer loop
      vertex 18.8389 2.4 9.17224
      vertex 19.2196 0 9.07686
      vertex 19.2196 2.4 9.07686
    endloop
  endfacet
  facet normal 0.243027 0 0.970019
    outer loop
      vertex 19.2196 0 9.07686
      vertex 18.8389 2.4 9.17224
      vertex 18.8389 0 9.17224
    endloop
  endfacet
  facet normal -0.514084 0 -0.85774
    outer loop
      vertex 21.8856 0 16.5277
      vertex 22.2223 2.4 16.3259
      vertex 22.2223 0 16.3259
    endloop
  endfacet
  facet normal -0.514084 0 -0.85774
    outer loop
      vertex 22.2223 2.4 16.3259
      vertex 21.8856 0 16.5277
      vertex 21.8856 2.4 16.5277
    endloop
  endfacet
  facet normal 0.595794 0 -0.803137
    outer loop
      vertex 17.4624 0 16.092
      vertex 17.7777 2.4 16.3259
      vertex 17.7777 0 16.3259
    endloop
  endfacet
  facet normal 0.595794 0 -0.803137
    outer loop
      vertex 17.7777 2.4 16.3259
      vertex 17.4624 0 16.092
      vertex 17.4624 2.4 16.092
    endloop
  endfacet
  facet normal -0.803137 0 0.595794
    outer loop
      vertex 23.092 0 10.4624
      vertex 23.3259 2.4 10.7777
      vertex 23.092 2.4 10.4624
    endloop
  endfacet
  facet normal -0.803137 0 0.595794
    outer loop
      vertex 23.3259 2.4 10.7777
      vertex 23.092 0 10.4624
      vertex 23.3259 0 10.7777
    endloop
  endfacet
  facet normal -0.671663 0 0.740857
    outer loop
      vertex 22.5376 2.4 9.90796
      vertex 22.8284 0 10.1716
      vertex 22.8284 2.4 10.1716
    endloop
  endfacet
  facet normal -0.671663 0 0.740857
    outer loop
      vertex 22.8284 0 10.1716
      vertex 22.5376 2.4 9.90796
      vertex 22.5376 0 9.90796
    endloop
  endfacet
  facet normal -0.740908 0 0.671607
    outer loop
      vertex 22.8284 0 10.1716
      vertex 23.092 2.4 10.4624
      vertex 22.8284 2.4 10.1716
    endloop
  endfacet
  facet normal -0.740908 0 0.671607
    outer loop
      vertex 23.092 2.4 10.4624
      vertex 22.8284 0 10.1716
      vertex 23.092 0 10.4624
    endloop
  endfacet
  facet normal 0.049061 0 0.998796
    outer loop
      vertex 19.6079 2.4 9.01926
      vertex 20 0 9
      vertex 20 2.4 9
    endloop
  endfacet
  facet normal 0.049061 0 0.998796
    outer loop
      vertex 20 0 9
      vertex 19.6079 2.4 9.01926
      vertex 19.6079 0 9.01926
    endloop
  endfacet
  facet normal -0.243027 0 0.970019
    outer loop
      vertex 20.7804 2.4 9.07686
      vertex 21.1611 0 9.17224
      vertex 21.1611 2.4 9.17224
    endloop
  endfacet
  facet normal -0.243027 0 0.970019
    outer loop
      vertex 21.1611 0 9.17224
      vertex 20.7804 2.4 9.07686
      vertex 20.7804 0 9.07686
    endloop
  endfacet
  facet normal -0.146733 0 0.989176
    outer loop
      vertex 20.3921 2.4 9.01926
      vertex 20.7804 0 9.07686
      vertex 20.7804 2.4 9.07686
    endloop
  endfacet
  facet normal -0.146733 0 0.989176
    outer loop
      vertex 20.7804 0 9.07686
      vertex 20.3921 2.4 9.01926
      vertex 20.3921 0 9.01926
    endloop
  endfacet
  facet normal -0.427503 0 0.904014
    outer loop
      vertex 21.5307 2.4 9.30448
      vertex 21.8856 0 9.47231
      vertex 21.8856 2.4 9.47231
    endloop
  endfacet
  facet normal -0.427503 0 0.904014
    outer loop
      vertex 21.8856 0 9.47231
      vertex 21.5307 2.4 9.30448
      vertex 21.5307 0 9.30448
    endloop
  endfacet
  facet normal -0.595695 0 0.80321
    outer loop
      vertex 22.2223 2.4 9.67412
      vertex 22.5376 0 9.90796
      vertex 22.5376 2.4 9.90796
    endloop
  endfacet
  facet normal -0.595695 0 0.80321
    outer loop
      vertex 22.5376 0 9.90796
      vertex 22.2223 2.4 9.67412
      vertex 22.2223 0 9.67412
    endloop
  endfacet
  facet normal 0.998791 0 -0.0491626
    outer loop
      vertex 16.0193 0 13.3921
      vertex 16 2.4 13
      vertex 16.0193 2.4 13.3921
    endloop
  endfacet
  facet normal 0.998791 0 -0.0491626
    outer loop
      vertex 16 2.4 13
      vertex 16.0193 0 13.3921
      vertex 16 0 13
    endloop
  endfacet
  facet normal 0.970068 -0 0.242835
    outer loop
      vertex 16.0769 0 12.2196
      vertex 16.1722 2.4 11.8389
      vertex 16.0769 2.4 12.2196
    endloop
  endfacet
  facet normal 0.970068 0 0.242835
    outer loop
      vertex 16.1722 2.4 11.8389
      vertex 16.0769 0 12.2196
      vertex 16.1722 0 11.8389
    endloop
  endfacet
  facet normal 0.989176 -0 0.146733
    outer loop
      vertex 16.0193 0 12.6079
      vertex 16.0769 2.4 12.2196
      vertex 16.0193 2.4 12.6079
    endloop
  endfacet
  facet normal 0.989176 0 0.146733
    outer loop
      vertex 16.0769 2.4 12.2196
      vertex 16.0193 0 12.6079
      vertex 16.0769 0 12.2196
    endloop
  endfacet
  facet normal 0.904044 -0 0.42744
    outer loop
      vertex 16.3045 0 11.4693
      vertex 16.4723 2.4 11.1144
      vertex 16.3045 2.4 11.4693
    endloop
  endfacet
  facet normal 0.904044 0 0.42744
    outer loop
      vertex 16.4723 2.4 11.1144
      vertex 16.3045 0 11.4693
      vertex 16.4723 0 11.1144
    endloop
  endfacet
  facet normal 0.85774 -0 0.514084
    outer loop
      vertex 16.4723 0 11.1144
      vertex 16.6741 2.4 10.7777
      vertex 16.4723 2.4 11.1144
    endloop
  endfacet
  facet normal 0.85774 0 0.514084
    outer loop
      vertex 16.6741 2.4 10.7777
      vertex 16.4723 0 11.1144
      vertex 16.6741 0 10.7777
    endloop
  endfacet
  facet normal 0.336879 0 0.941548
    outer loop
      vertex 18.4693 2.4 9.30448
      vertex 18.8389 0 9.17224
      vertex 18.8389 2.4 9.17224
    endloop
  endfacet
  facet normal 0.336879 0 0.941548
    outer loop
      vertex 18.8389 0 9.17224
      vertex 18.4693 2.4 9.30448
      vertex 18.4693 0 9.30448
    endloop
  endfacet
  facet normal 0.146733 0 0.989176
    outer loop
      vertex 19.2196 2.4 9.07686
      vertex 19.6079 0 9.01926
      vertex 19.6079 2.4 9.01926
    endloop
  endfacet
  facet normal 0.146733 0 0.989176
    outer loop
      vertex 19.6079 0 9.01926
      vertex 19.2196 2.4 9.07686
      vertex 19.2196 0 9.07686
    endloop
  endfacet
  facet normal 0.595695 0 0.80321
    outer loop
      vertex 17.4624 2.4 9.90796
      vertex 17.7777 0 9.67412
      vertex 17.7777 2.4 9.67412
    endloop
  endfacet
  facet normal 0.595695 0 0.80321
    outer loop
      vertex 17.7777 0 9.67412
      vertex 17.4624 2.4 9.90796
      vertex 17.4624 0 9.90796
    endloop
  endfacet
  facet normal 0.671663 0 0.740857
    outer loop
      vertex 17.1716 2.4 10.1716
      vertex 17.4624 0 9.90796
      vertex 17.4624 2.4 9.90796
    endloop
  endfacet
  facet normal 0.671663 0 0.740857
    outer loop
      vertex 17.4624 0 9.90796
      vertex 17.1716 2.4 10.1716
      vertex 17.1716 0 10.1716
    endloop
  endfacet
  facet normal 0.514102 0 0.857729
    outer loop
      vertex 17.7777 2.4 9.67412
      vertex 18.1144 0 9.47231
      vertex 18.1144 2.4 9.47231
    endloop
  endfacet
  facet normal 0.514102 0 0.857729
    outer loop
      vertex 18.1144 0 9.47231
      vertex 17.7777 2.4 9.67412
      vertex 17.7777 0 9.67412
    endloop
  endfacet
  facet normal 0.740908 -0 0.671607
    outer loop
      vertex 16.908 0 10.4624
      vertex 17.1716 2.4 10.1716
      vertex 16.908 2.4 10.4624
    endloop
  endfacet
  facet normal 0.740908 0 0.671607
    outer loop
      vertex 17.1716 2.4 10.1716
      vertex 16.908 0 10.4624
      vertex 17.1716 0 10.1716
    endloop
  endfacet
  facet normal -0.998791 0 0.0491626
    outer loop
      vertex 23.9807 0 12.6079
      vertex 24 2.4 13
      vertex 23.9807 2.4 12.6079
    endloop
  endfacet
  facet normal -0.998791 0 0.0491626
    outer loop
      vertex 24 2.4 13
      vertex 23.9807 0 12.6079
      vertex 24 0 13
    endloop
  endfacet
  facet normal -0.970068 0 -0.242835
    outer loop
      vertex 23.9231 0 13.7804
      vertex 23.8278 2.4 14.1611
      vertex 23.9231 2.4 13.7804
    endloop
  endfacet
  facet normal -0.970068 -0 -0.242835
    outer loop
      vertex 23.8278 2.4 14.1611
      vertex 23.9231 0 13.7804
      vertex 23.8278 0 14.1611
    endloop
  endfacet
  facet normal 0.740908 0 -0.671607
    outer loop
      vertex 17.1716 0 15.8284
      vertex 16.908 2.4 15.5376
      vertex 17.1716 2.4 15.8284
    endloop
  endfacet
  facet normal 0.740908 0 -0.671607
    outer loop
      vertex 16.908 2.4 15.5376
      vertex 17.1716 0 15.8284
      vertex 16.908 0 15.5376
    endloop
  endfacet
  facet normal -0.904044 0 0.42744
    outer loop
      vertex 23.5277 0 11.1144
      vertex 23.6955 2.4 11.4693
      vertex 23.5277 2.4 11.1144
    endloop
  endfacet
  facet normal -0.904044 0 0.42744
    outer loop
      vertex 23.6955 2.4 11.4693
      vertex 23.5277 0 11.1144
      vertex 23.6955 0 11.4693
    endloop
  endfacet
  facet normal -0.9415 0 0.337014
    outer loop
      vertex 23.6955 0 11.4693
      vertex 23.8278 2.4 11.8389
      vertex 23.6955 2.4 11.4693
    endloop
  endfacet
  facet normal -0.9415 0 0.337014
    outer loop
      vertex 23.8278 2.4 11.8389
      vertex 23.6955 0 11.4693
      vertex 23.8278 0 11.8389
    endloop
  endfacet
  facet normal -0.970068 0 0.242835
    outer loop
      vertex 23.8278 0 11.8389
      vertex 23.9231 2.4 12.2196
      vertex 23.8278 2.4 11.8389
    endloop
  endfacet
  facet normal -0.970068 0 0.242835
    outer loop
      vertex 23.9231 2.4 12.2196
      vertex 23.8278 0 11.8389
      vertex 23.9231 0 12.2196
    endloop
  endfacet
  facet normal -0.049061 0 0.998796
    outer loop
      vertex 20 2.4 9
      vertex 20.3921 0 9.01926
      vertex 20.3921 2.4 9.01926
    endloop
  endfacet
  facet normal -0.049061 0 0.998796
    outer loop
      vertex 20.3921 0 9.01926
      vertex 20 2.4 9
      vertex 20 0 9
    endloop
  endfacet
  facet normal 0.998791 -0 0.0491626
    outer loop
      vertex 16 0 13
      vertex 16.0193 2.4 12.6079
      vertex 16 2.4 13
    endloop
  endfacet
  facet normal 0.998791 0 0.0491626
    outer loop
      vertex 16.0193 2.4 12.6079
      vertex 16 0 13
      vertex 16.0193 0 12.6079
    endloop
  endfacet
  facet normal -0.989176 0 -0.146733
    outer loop
      vertex 23.9807 0 13.3921
      vertex 23.9231 2.4 13.7804
      vertex 23.9807 2.4 13.3921
    endloop
  endfacet
  facet normal -0.989176 -0 -0.146733
    outer loop
      vertex 23.9231 2.4 13.7804
      vertex 23.9807 0 13.3921
      vertex 23.9231 0 13.7804
    endloop
  endfacet
  facet normal -0.671607 0 -0.740908
    outer loop
      vertex 22.5376 0 16.092
      vertex 22.8284 2.4 15.8284
      vertex 22.8284 0 15.8284
    endloop
  endfacet
  facet normal -0.671607 0 -0.740908
    outer loop
      vertex 22.8284 2.4 15.8284
      vertex 22.5376 0 16.092
      vertex 22.5376 2.4 16.092
    endloop
  endfacet
  facet normal -0.85774 0 -0.514084
    outer loop
      vertex 23.5277 0 14.8856
      vertex 23.3259 2.4 15.2223
      vertex 23.5277 2.4 14.8856
    endloop
  endfacet
  facet normal -0.85774 -0 -0.514084
    outer loop
      vertex 23.3259 2.4 15.2223
      vertex 23.5277 0 14.8856
      vertex 23.3259 0 15.2223
    endloop
  endfacet
  facet normal -0.904044 0 -0.42744
    outer loop
      vertex 23.6955 0 14.5307
      vertex 23.5277 2.4 14.8856
      vertex 23.6955 2.4 14.5307
    endloop
  endfacet
  facet normal -0.904044 -0 -0.42744
    outer loop
      vertex 23.5277 2.4 14.8856
      vertex 23.6955 0 14.5307
      vertex 23.5277 0 14.8856
    endloop
  endfacet
  facet normal 0.337014 0 -0.9415
    outer loop
      vertex 18.4693 0 16.6955
      vertex 18.8389 2.4 16.8278
      vertex 18.8389 0 16.8278
    endloop
  endfacet
  facet normal 0.337014 0 -0.9415
    outer loop
      vertex 18.8389 2.4 16.8278
      vertex 18.4693 0 16.6955
      vertex 18.4693 2.4 16.6955
    endloop
  endfacet
  facet normal -0.0491626 0 -0.998791
    outer loop
      vertex 20 0 17
      vertex 20.3921 2.4 16.9807
      vertex 20.3921 0 16.9807
    endloop
  endfacet
  facet normal -0.0491626 0 -0.998791
    outer loop
      vertex 20.3921 2.4 16.9807
      vertex 20 0 17
      vertex 20 2.4 17
    endloop
  endfacet
  facet normal 0.904044 0 -0.42744
    outer loop
      vertex 16.4723 0 14.8856
      vertex 16.3045 2.4 14.5307
      vertex 16.4723 2.4 14.8856
    endloop
  endfacet
  facet normal 0.904044 0 -0.42744
    outer loop
      vertex 16.3045 2.4 14.5307
      vertex 16.4723 0 14.8856
      vertex 16.3045 0 14.5307
    endloop
  endfacet
  facet normal 0.9415 0 -0.337014
    outer loop
      vertex 16.3045 0 14.5307
      vertex 16.1722 2.4 14.1611
      vertex 16.3045 2.4 14.5307
    endloop
  endfacet
  facet normal 0.9415 0 -0.337014
    outer loop
      vertex 16.1722 2.4 14.1611
      vertex 16.3045 0 14.5307
      vertex 16.1722 0 14.1611
    endloop
  endfacet
  facet normal 0.671607 0 -0.740908
    outer loop
      vertex 17.1716 0 15.8284
      vertex 17.4624 2.4 16.092
      vertex 17.4624 0 16.092
    endloop
  endfacet
  facet normal 0.671607 0 -0.740908
    outer loop
      vertex 17.4624 2.4 16.092
      vertex 17.1716 0 15.8284
      vertex 17.1716 2.4 15.8284
    endloop
  endfacet
  facet normal -0.146733 0 -0.989176
    outer loop
      vertex 20.3921 0 16.9807
      vertex 20.7804 2.4 16.9231
      vertex 20.7804 0 16.9231
    endloop
  endfacet
  facet normal -0.146733 0 -0.989176
    outer loop
      vertex 20.7804 2.4 16.9231
      vertex 20.3921 0 16.9807
      vertex 20.3921 2.4 16.9807
    endloop
  endfacet
  facet normal -0.42744 0 -0.904044
    outer loop
      vertex 21.5307 0 16.6955
      vertex 21.8856 2.4 16.5277
      vertex 21.8856 0 16.5277
    endloop
  endfacet
  facet normal -0.42744 0 -0.904044
    outer loop
      vertex 21.8856 2.4 16.5277
      vertex 21.5307 0 16.6955
      vertex 21.5307 2.4 16.6955
    endloop
  endfacet
  facet normal -0.337014 0 -0.9415
    outer loop
      vertex 21.1611 0 16.8278
      vertex 21.5307 2.4 16.6955
      vertex 21.5307 0 16.6955
    endloop
  endfacet
  facet normal -0.337014 0 -0.9415
    outer loop
      vertex 21.5307 2.4 16.6955
      vertex 21.1611 0 16.8278
      vertex 21.1611 2.4 16.8278
    endloop
  endfacet
  facet normal -0.989176 0 0.146733
    outer loop
      vertex 23.9231 0 12.2196
      vertex 23.9807 2.4 12.6079
      vertex 23.9231 2.4 12.2196
    endloop
  endfacet
  facet normal -0.989176 0 0.146733
    outer loop
      vertex 23.9807 2.4 12.6079
      vertex 23.9231 0 12.2196
      vertex 23.9807 0 12.6079
    endloop
  endfacet
  facet normal -0.803137 0 -0.595794
    outer loop
      vertex 23.3259 0 15.2223
      vertex 23.092 2.4 15.5376
      vertex 23.3259 2.4 15.2223
    endloop
  endfacet
  facet normal -0.803137 -0 -0.595794
    outer loop
      vertex 23.092 2.4 15.5376
      vertex 23.3259 0 15.2223
      vertex 23.092 0 15.5376
    endloop
  endfacet
  facet normal -0.9415 0 -0.337014
    outer loop
      vertex 23.8278 0 14.1611
      vertex 23.6955 2.4 14.5307
      vertex 23.8278 2.4 14.1611
    endloop
  endfacet
  facet normal -0.9415 -0 -0.337014
    outer loop
      vertex 23.6955 2.4 14.5307
      vertex 23.8278 0 14.1611
      vertex 23.6955 0 14.5307
    endloop
  endfacet
  facet normal 0.0491626 0 -0.998791
    outer loop
      vertex 19.6079 0 16.9807
      vertex 20 2.4 17
      vertex 20 0 17
    endloop
  endfacet
  facet normal 0.0491626 0 -0.998791
    outer loop
      vertex 20 2.4 17
      vertex 19.6079 0 16.9807
      vertex 19.6079 2.4 16.9807
    endloop
  endfacet
  facet normal 0.42744 0 -0.904044
    outer loop
      vertex 18.1144 0 16.5277
      vertex 18.4693 2.4 16.6955
      vertex 18.4693 0 16.6955
    endloop
  endfacet
  facet normal 0.42744 0 -0.904044
    outer loop
      vertex 18.4693 2.4 16.6955
      vertex 18.1144 0 16.5277
      vertex 18.1144 2.4 16.5277
    endloop
  endfacet
  facet normal 0.970068 0 -0.242835
    outer loop
      vertex 16.1722 0 14.1611
      vertex 16.0769 2.4 13.7804
      vertex 16.1722 2.4 14.1611
    endloop
  endfacet
  facet normal 0.970068 0 -0.242835
    outer loop
      vertex 16.0769 2.4 13.7804
      vertex 16.1722 0 14.1611
      vertex 16.0769 0 13.7804
    endloop
  endfacet
  facet normal 0.989176 0 -0.146733
    outer loop
      vertex 16.0769 0 13.7804
      vertex 16.0193 2.4 13.3921
      vertex 16.0769 2.4 13.7804
    endloop
  endfacet
  facet normal 0.989176 0 -0.146733
    outer loop
      vertex 16.0193 2.4 13.3921
      vertex 16.0769 0 13.7804
      vertex 16.0193 0 13.3921
    endloop
  endfacet
  facet normal 0.803137 0 -0.595794
    outer loop
      vertex 16.908 0 15.5376
      vertex 16.6741 2.4 15.2223
      vertex 16.908 2.4 15.5376
    endloop
  endfacet
  facet normal 0.803137 0 -0.595794
    outer loop
      vertex 16.6741 2.4 15.2223
      vertex 16.908 0 15.5376
      vertex 16.6741 0 15.2223
    endloop
  endfacet
  facet normal 0.85774 0 -0.514084
    outer loop
      vertex 16.6741 0 15.2223
      vertex 16.4723 2.4 14.8856
      vertex 16.6741 2.4 15.2223
    endloop
  endfacet
  facet normal 0.85774 0 -0.514084
    outer loop
      vertex 16.4723 2.4 14.8856
      vertex 16.6741 0 15.2223
      vertex 16.4723 0 14.8856
    endloop
  endfacet
  facet normal -0.242835 0 -0.970068
    outer loop
      vertex 20.7804 0 16.9231
      vertex 21.1611 2.4 16.8278
      vertex 21.1611 0 16.8278
    endloop
  endfacet
  facet normal -0.242835 0 -0.970068
    outer loop
      vertex 21.1611 2.4 16.8278
      vertex 20.7804 0 16.9231
      vertex 20.7804 2.4 16.9231
    endloop
  endfacet
  facet normal -0.740908 0 -0.671607
    outer loop
      vertex 23.092 0 15.5376
      vertex 22.8284 2.4 15.8284
      vertex 23.092 2.4 15.5376
    endloop
  endfacet
  facet normal -0.740908 -0 -0.671607
    outer loop
      vertex 22.8284 2.4 15.8284
      vertex 23.092 0 15.5376
      vertex 22.8284 0 15.8284
    endloop
  endfacet
  facet normal -0.595794 0 -0.803137
    outer loop
      vertex 22.2223 0 16.3259
      vertex 22.5376 2.4 16.092
      vertex 22.5376 0 16.092
    endloop
  endfacet
  facet normal -0.595794 0 -0.803137
    outer loop
      vertex 22.5376 2.4 16.092
      vertex 22.2223 0 16.3259
      vertex 22.2223 2.4 16.3259
    endloop
  endfacet
  facet normal 0.514084 0 -0.85774
    outer loop
      vertex 17.7777 0 16.3259
      vertex 18.1144 2.4 16.5277
      vertex 18.1144 0 16.5277
    endloop
  endfacet
  facet normal 0.514084 0 -0.85774
    outer loop
      vertex 18.1144 2.4 16.5277
      vertex 17.7777 0 16.3259
      vertex 17.7777 2.4 16.3259
    endloop
  endfacet
  facet normal 0.146733 0 -0.989176
    outer loop
      vertex 19.2196 0 16.9231
      vertex 19.6079 2.4 16.9807
      vertex 19.6079 0 16.9807
    endloop
  endfacet
  facet normal 0.146733 0 -0.989176
    outer loop
      vertex 19.6079 2.4 16.9807
      vertex 19.2196 0 16.9231
      vertex 19.2196 2.4 16.9231
    endloop
  endfacet
  facet normal 0.242835 0 -0.970068
    outer loop
      vertex 18.8389 0 16.8278
      vertex 19.2196 2.4 16.9231
      vertex 19.2196 0 16.9231
    endloop
  endfacet
  facet normal 0.242835 0 -0.970068
    outer loop
      vertex 19.2196 2.4 16.9231
      vertex 18.8389 0 16.8278
      vertex 18.8389 2.4 16.8278
    endloop
  endfacet
  facet normal -0.857515 0 0.514458
    outer loop
      vertex 103.326 0 10.7777
      vertex 103.528 2.4 11.1144
      vertex 103.326 2.4 10.7777
    endloop
  endfacet
  facet normal -0.857515 0 0.514458
    outer loop
      vertex 103.528 2.4 11.1144
      vertex 103.326 0 10.7777
      vertex 103.528 0 11.1144
    endloop
  endfacet
  facet normal -0.336556 0 0.941664
    outer loop
      vertex 101.161 2.4 9.17224
      vertex 101.531 0 9.30448
      vertex 101.531 2.4 9.30448
    endloop
  endfacet
  facet normal -0.336556 0 0.941664
    outer loop
      vertex 101.531 0 9.30448
      vertex 101.161 2.4 9.17224
      vertex 101.161 0 9.17224
    endloop
  endfacet
  facet normal 0.427503 0 0.904014
    outer loop
      vertex 98.1144 2.4 9.47231
      vertex 98.4693 0 9.30448
      vertex 98.4693 2.4 9.30448
    endloop
  endfacet
  facet normal 0.427503 0 0.904014
    outer loop
      vertex 98.4693 0 9.30448
      vertex 98.1144 2.4 9.47231
      vertex 98.1144 0 9.47231
    endloop
  endfacet
  facet normal 0.9415 -0 0.337014
    outer loop
      vertex 96.1722 0 11.8389
      vertex 96.3045 2.4 11.4693
      vertex 96.1722 2.4 11.8389
    endloop
  endfacet
  facet normal 0.9415 0 0.337014
    outer loop
      vertex 96.3045 2.4 11.4693
      vertex 96.1722 0 11.8389
      vertex 96.3045 0 11.4693
    endloop
  endfacet
  facet normal -0.998828 0 -0.0484002
    outer loop
      vertex 104 0 13
      vertex 103.981 2.4 13.3921
      vertex 104 2.4 13
    endloop
  endfacet
  facet normal -0.998828 -0 -0.0484002
    outer loop
      vertex 103.981 2.4 13.3921
      vertex 104 0 13
      vertex 103.981 0 13.3921
    endloop
  endfacet
  facet normal -0.0490735 0 0.998795
    outer loop
      vertex 100 2.4 9
      vertex 100.392 0 9.01926
      vertex 100.392 2.4 9.01926
    endloop
  endfacet
  facet normal -0.0490735 0 0.998795
    outer loop
      vertex 100.392 0 9.01926
      vertex 100 2.4 9
      vertex 100 0 9
    endloop
  endfacet
  facet normal -0.51489 0 0.857256
    outer loop
      vertex 101.886 2.4 9.47231
      vertex 102.222 0 9.67412
      vertex 102.222 2.4 9.67412
    endloop
  endfacet
  facet normal -0.51489 0 0.857256
    outer loop
      vertex 102.222 0 9.67412
      vertex 101.886 2.4 9.47231
      vertex 101.886 0 9.47231
    endloop
  endfacet
  facet normal 0.998791 -0 0.0491626
    outer loop
      vertex 96 0 13
      vertex 96.0193 2.4 12.6079
      vertex 96 2.4 13
    endloop
  endfacet
  facet normal 0.998791 0 0.0491626
    outer loop
      vertex 96.0193 2.4 12.6079
      vertex 96 0 13
      vertex 96.0193 0 12.6079
    endloop
  endfacet
  facet normal 0.803137 -0 0.595794
    outer loop
      vertex 96.6741 0 10.7777
      vertex 96.908 2.4 10.4624
      vertex 96.6741 2.4 10.7777
    endloop
  endfacet
  facet normal 0.803137 0 0.595794
    outer loop
      vertex 96.908 2.4 10.4624
      vertex 96.6741 0 10.7777
      vertex 96.908 0 10.4624
    endloop
  endfacet
  facet normal 0.243027 0 0.970019
    outer loop
      vertex 98.8389 2.4 9.17224
      vertex 99.2196 0 9.07686
      vertex 99.2196 2.4 9.07686
    endloop
  endfacet
  facet normal 0.243027 0 0.970019
    outer loop
      vertex 99.2196 0 9.07686
      vertex 98.8389 2.4 9.17224
      vertex 98.8389 0 9.17224
    endloop
  endfacet
  facet normal 0.595794 0 -0.803137
    outer loop
      vertex 97.4624 0 16.092
      vertex 97.7777 2.4 16.3259
      vertex 97.7777 0 16.3259
    endloop
  endfacet
  facet normal 0.595794 0 -0.803137
    outer loop
      vertex 97.7777 2.4 16.3259
      vertex 97.4624 0 16.092
      vertex 97.4624 2.4 16.092
    endloop
  endfacet
  facet normal -0.989028 0 0.14773
    outer loop
      vertex 103.923 0 12.2196
      vertex 103.981 2.4 12.6079
      vertex 103.923 2.4 12.2196
    endloop
  endfacet
  facet normal -0.989028 0 0.14773
    outer loop
      vertex 103.981 2.4 12.6079
      vertex 103.923 0 12.2196
      vertex 103.981 0 12.6079
    endloop
  endfacet
  facet normal -0.803015 0 0.595958
    outer loop
      vertex 103.092 0 10.4624
      vertex 103.326 2.4 10.7777
      vertex 103.092 2.4 10.4624
    endloop
  endfacet
  facet normal -0.803015 0 0.595958
    outer loop
      vertex 103.326 2.4 10.7777
      vertex 103.092 0 10.4624
      vertex 103.326 0 10.7777
    endloop
  endfacet
  facet normal -0.672678 0 0.739935
    outer loop
      vertex 102.538 2.4 9.90796
      vertex 102.828 0 10.1716
      vertex 102.828 2.4 10.1716
    endloop
  endfacet
  facet normal -0.672678 0 0.739935
    outer loop
      vertex 102.828 0 10.1716
      vertex 102.538 2.4 9.90796
      vertex 102.538 0 9.90796
    endloop
  endfacet
  facet normal -0.740401 0 0.672166
    outer loop
      vertex 102.828 0 10.1716
      vertex 103.092 2.4 10.4624
      vertex 102.828 2.4 10.1716
    endloop
  endfacet
  facet normal -0.740401 0 0.672166
    outer loop
      vertex 103.092 2.4 10.4624
      vertex 102.828 0 10.1716
      vertex 103.092 0 10.4624
    endloop
  endfacet
  facet normal 0.049061 0 0.998796
    outer loop
      vertex 99.6079 2.4 9.01926
      vertex 100 0 9
      vertex 100 2.4 9
    endloop
  endfacet
  facet normal 0.049061 0 0.998796
    outer loop
      vertex 100 0 9
      vertex 99.6079 2.4 9.01926
      vertex 99.6079 0 9.01926
    endloop
  endfacet
  facet normal -0.242847 0 0.970065
    outer loop
      vertex 100.78 2.4 9.07686
      vertex 101.161 0 9.17224
      vertex 101.161 2.4 9.17224
    endloop
  endfacet
  facet normal -0.242847 0 0.970065
    outer loop
      vertex 101.161 0 9.17224
      vertex 100.78 2.4 9.07686
      vertex 100.78 0 9.07686
    endloop
  endfacet
  facet normal -0.146844 0 0.98916
    outer loop
      vertex 100.392 2.4 9.01926
      vertex 100.78 0 9.07686
      vertex 100.78 2.4 9.07686
    endloop
  endfacet
  facet normal -0.146844 0 0.98916
    outer loop
      vertex 100.78 0 9.07686
      vertex 100.392 2.4 9.01926
      vertex 100.392 0 9.01926
    endloop
  endfacet
  facet normal -0.427404 0 0.904061
    outer loop
      vertex 101.531 2.4 9.30448
      vertex 101.886 0 9.47231
      vertex 101.886 2.4 9.47231
    endloop
  endfacet
  facet normal -0.427404 0 0.904061
    outer loop
      vertex 101.886 0 9.47231
      vertex 101.531 2.4 9.30448
      vertex 101.531 0 9.30448
    endloop
  endfacet
  facet normal -0.594843 0 0.803842
    outer loop
      vertex 102.222 2.4 9.67412
      vertex 102.538 0 9.90796
      vertex 102.538 2.4 9.90796
    endloop
  endfacet
  facet normal -0.594843 0 0.803842
    outer loop
      vertex 102.538 0 9.90796
      vertex 102.222 2.4 9.67412
      vertex 102.222 0 9.67412
    endloop
  endfacet
  facet normal 0.998791 0 -0.0491626
    outer loop
      vertex 96.0193 0 13.3921
      vertex 96 2.4 13
      vertex 96.0193 2.4 13.3921
    endloop
  endfacet
  facet normal 0.998791 0 -0.0491626
    outer loop
      vertex 96 2.4 13
      vertex 96.0193 0 13.3921
      vertex 96 0 13
    endloop
  endfacet
  facet normal 0.970068 -0 0.242835
    outer loop
      vertex 96.0769 0 12.2196
      vertex 96.1722 2.4 11.8389
      vertex 96.0769 2.4 12.2196
    endloop
  endfacet
  facet normal 0.970068 0 0.242835
    outer loop
      vertex 96.1722 2.4 11.8389
      vertex 96.0769 0 12.2196
      vertex 96.1722 0 11.8389
    endloop
  endfacet
  facet normal 0.989176 -0 0.146733
    outer loop
      vertex 96.0193 0 12.6079
      vertex 96.0769 2.4 12.2196
      vertex 96.0193 2.4 12.6079
    endloop
  endfacet
  facet normal 0.989176 0 0.146733
    outer loop
      vertex 96.0769 2.4 12.2196
      vertex 96.0193 0 12.6079
      vertex 96.0769 0 12.2196
    endloop
  endfacet
  facet normal 0.904044 -0 0.42744
    outer loop
      vertex 96.3045 0 11.4693
      vertex 96.4723 2.4 11.1144
      vertex 96.3045 2.4 11.4693
    endloop
  endfacet
  facet normal 0.904044 0 0.42744
    outer loop
      vertex 96.4723 2.4 11.1144
      vertex 96.3045 0 11.4693
      vertex 96.4723 0 11.1144
    endloop
  endfacet
  facet normal 0.85774 -0 0.514084
    outer loop
      vertex 96.4723 0 11.1144
      vertex 96.6741 2.4 10.7777
      vertex 96.4723 2.4 11.1144
    endloop
  endfacet
  facet normal 0.85774 0 0.514084
    outer loop
      vertex 96.6741 2.4 10.7777
      vertex 96.4723 0 11.1144
      vertex 96.6741 0 10.7777
    endloop
  endfacet
  facet normal 0.336879 0 0.941548
    outer loop
      vertex 98.4693 2.4 9.30448
      vertex 98.8389 0 9.17224
      vertex 98.8389 2.4 9.17224
    endloop
  endfacet
  facet normal 0.336879 0 0.941548
    outer loop
      vertex 98.8389 0 9.17224
      vertex 98.4693 2.4 9.30448
      vertex 98.4693 0 9.30448
    endloop
  endfacet
  facet normal 0.146733 0 0.989176
    outer loop
      vertex 99.2196 2.4 9.07686
      vertex 99.6079 0 9.01926
      vertex 99.6079 2.4 9.01926
    endloop
  endfacet
  facet normal 0.146733 0 0.989176
    outer loop
      vertex 99.6079 0 9.01926
      vertex 99.2196 2.4 9.07686
      vertex 99.2196 0 9.07686
    endloop
  endfacet
  facet normal 0.595695 0 0.80321
    outer loop
      vertex 97.4624 2.4 9.90796
      vertex 97.7777 0 9.67412
      vertex 97.7777 2.4 9.67412
    endloop
  endfacet
  facet normal 0.595695 0 0.80321
    outer loop
      vertex 97.7777 0 9.67412
      vertex 97.4624 2.4 9.90796
      vertex 97.4624 0 9.90796
    endloop
  endfacet
  facet normal 0.671663 0 0.740857
    outer loop
      vertex 97.1716 2.4 10.1716
      vertex 97.4624 0 9.90796
      vertex 97.4624 2.4 9.90796
    endloop
  endfacet
  facet normal 0.671663 0 0.740857
    outer loop
      vertex 97.4624 0 9.90796
      vertex 97.1716 2.4 10.1716
      vertex 97.1716 0 10.1716
    endloop
  endfacet
  facet normal 0.514102 0 0.857729
    outer loop
      vertex 97.7777 2.4 9.67412
      vertex 98.1144 0 9.47231
      vertex 98.1144 2.4 9.47231
    endloop
  endfacet
  facet normal 0.514102 0 0.857729
    outer loop
      vertex 98.1144 0 9.47231
      vertex 97.7777 2.4 9.67412
      vertex 97.7777 0 9.67412
    endloop
  endfacet
  facet normal 0.740908 -0 0.671607
    outer loop
      vertex 96.908 0 10.4624
      vertex 97.1716 2.4 10.1716
      vertex 96.908 2.4 10.4624
    endloop
  endfacet
  facet normal 0.740908 0 0.671607
    outer loop
      vertex 97.1716 2.4 10.1716
      vertex 96.908 0 10.4624
      vertex 97.1716 0 10.1716
    endloop
  endfacet
  facet normal -0.998828 0 0.0484002
    outer loop
      vertex 103.981 0 12.6079
      vertex 104 2.4 13
      vertex 103.981 2.4 12.6079
    endloop
  endfacet
  facet normal -0.998828 0 0.0484002
    outer loop
      vertex 104 2.4 13
      vertex 103.981 0 12.6079
      vertex 104 0 13
    endloop
  endfacet
  facet normal -0.970247 0 -0.242116
    outer loop
      vertex 103.923 0 13.7804
      vertex 103.828 2.4 14.1611
      vertex 103.923 2.4 13.7804
    endloop
  endfacet
  facet normal -0.970247 -0 -0.242116
    outer loop
      vertex 103.828 2.4 14.1611
      vertex 103.923 0 13.7804
      vertex 103.828 0 14.1611
    endloop
  endfacet
  facet normal 0.740908 0 -0.671607
    outer loop
      vertex 97.1716 0 15.8284
      vertex 96.908 2.4 15.5376
      vertex 97.1716 2.4 15.8284
    endloop
  endfacet
  facet normal 0.740908 0 -0.671607
    outer loop
      vertex 96.908 2.4 15.5376
      vertex 97.1716 0 15.8284
      vertex 96.908 0 15.5376
    endloop
  endfacet
  facet normal -0.903847 0 0.427856
    outer loop
      vertex 103.528 0 11.1144
      vertex 103.696 2.4 11.4693
      vertex 103.528 2.4 11.1144
    endloop
  endfacet
  facet normal -0.903847 0 0.427856
    outer loop
      vertex 103.696 2.4 11.4693
      vertex 103.528 0 11.1144
      vertex 103.696 0 11.4693
    endloop
  endfacet
  facet normal -0.941742 0 0.336336
    outer loop
      vertex 103.696 0 11.4693
      vertex 103.828 2.4 11.8389
      vertex 103.696 2.4 11.4693
    endloop
  endfacet
  facet normal -0.941742 0 0.336336
    outer loop
      vertex 103.828 2.4 11.8389
      vertex 103.696 0 11.4693
      vertex 103.828 0 11.8389
    endloop
  endfacet
  facet normal -0.970247 0 0.242116
    outer loop
      vertex 103.828 0 11.8389
      vertex 103.923 2.4 12.2196
      vertex 103.828 2.4 11.8389
    endloop
  endfacet
  facet normal -0.970247 0 0.242116
    outer loop
      vertex 103.923 2.4 12.2196
      vertex 103.828 0 11.8389
      vertex 103.923 0 12.2196
    endloop
  endfacet
  facet normal -0.857515 0 -0.514458
    outer loop
      vertex 103.528 0 14.8856
      vertex 103.326 2.4 15.2223
      vertex 103.528 2.4 14.8856
    endloop
  endfacet
  facet normal -0.857515 -0 -0.514458
    outer loop
      vertex 103.326 2.4 15.2223
      vertex 103.528 0 14.8856
      vertex 103.326 0 15.2223
    endloop
  endfacet
  facet normal -0.903847 0 -0.427856
    outer loop
      vertex 103.696 0 14.5307
      vertex 103.528 2.4 14.8856
      vertex 103.696 2.4 14.5307
    endloop
  endfacet
  facet normal -0.903847 -0 -0.427856
    outer loop
      vertex 103.528 2.4 14.8856
      vertex 103.696 0 14.5307
      vertex 103.528 0 14.8856
    endloop
  endfacet
  facet normal 0.0491626 0 -0.998791
    outer loop
      vertex 99.6079 0 16.9807
      vertex 100 2.4 17
      vertex 100 0 17
    endloop
  endfacet
  facet normal 0.0491626 0 -0.998791
    outer loop
      vertex 100 2.4 17
      vertex 99.6079 0 16.9807
      vertex 99.6079 2.4 16.9807
    endloop
  endfacet
  facet normal 0.989176 0 -0.146733
    outer loop
      vertex 96.0769 0 13.7804
      vertex 96.0193 2.4 13.3921
      vertex 96.0769 2.4 13.7804
    endloop
  endfacet
  facet normal 0.989176 0 -0.146733
    outer loop
      vertex 96.0193 2.4 13.3921
      vertex 96.0769 0 13.7804
      vertex 96.0193 0 13.3921
    endloop
  endfacet
  facet normal 0.904044 0 -0.42744
    outer loop
      vertex 96.4723 0 14.8856
      vertex 96.3045 2.4 14.5307
      vertex 96.4723 2.4 14.8856
    endloop
  endfacet
  facet normal 0.904044 0 -0.42744
    outer loop
      vertex 96.3045 2.4 14.5307
      vertex 96.4723 0 14.8856
      vertex 96.3045 0 14.5307
    endloop
  endfacet
  facet normal 0.9415 0 -0.337014
    outer loop
      vertex 96.3045 0 14.5307
      vertex 96.1722 2.4 14.1611
      vertex 96.3045 2.4 14.5307
    endloop
  endfacet
  facet normal 0.9415 0 -0.337014
    outer loop
      vertex 96.1722 2.4 14.1611
      vertex 96.3045 0 14.5307
      vertex 96.1722 0 14.1611
    endloop
  endfacet
  facet normal 0.671607 0 -0.740908
    outer loop
      vertex 97.1716 0 15.8284
      vertex 97.4624 2.4 16.092
      vertex 97.4624 0 16.092
    endloop
  endfacet
  facet normal 0.671607 0 -0.740908
    outer loop
      vertex 97.4624 2.4 16.092
      vertex 97.1716 0 15.8284
      vertex 97.1716 2.4 15.8284
    endloop
  endfacet
  facet normal -0.146844 0 -0.98916
    outer loop
      vertex 100.392 0 16.9807
      vertex 100.78 2.4 16.9231
      vertex 100.78 0 16.9231
    endloop
  endfacet
  facet normal -0.146844 0 -0.98916
    outer loop
      vertex 100.78 2.4 16.9231
      vertex 100.392 0 16.9807
      vertex 100.392 2.4 16.9807
    endloop
  endfacet
  facet normal -0.427342 0 -0.90409
    outer loop
      vertex 101.531 0 16.6955
      vertex 101.886 2.4 16.5277
      vertex 101.886 0 16.5277
    endloop
  endfacet
  facet normal -0.427342 0 -0.90409
    outer loop
      vertex 101.886 2.4 16.5277
      vertex 101.531 0 16.6955
      vertex 101.531 2.4 16.6955
    endloop
  endfacet
  facet normal -0.336691 0 -0.941615
    outer loop
      vertex 101.161 0 16.8278
      vertex 101.531 2.4 16.6955
      vertex 101.531 0 16.6955
    endloop
  endfacet
  facet normal -0.336691 0 -0.941615
    outer loop
      vertex 101.531 2.4 16.6955
      vertex 101.161 0 16.8278
      vertex 101.161 2.4 16.8278
    endloop
  endfacet
  facet normal -0.989028 0 -0.14773
    outer loop
      vertex 103.981 0 13.3921
      vertex 103.923 2.4 13.7804
      vertex 103.981 2.4 13.3921
    endloop
  endfacet
  facet normal -0.989028 -0 -0.14773
    outer loop
      vertex 103.923 2.4 13.7804
      vertex 103.981 0 13.3921
      vertex 103.923 0 13.7804
    endloop
  endfacet
  facet normal -0.803015 0 -0.595958
    outer loop
      vertex 103.326 0 15.2223
      vertex 103.092 2.4 15.5376
      vertex 103.326 2.4 15.2223
    endloop
  endfacet
  facet normal -0.803015 -0 -0.595958
    outer loop
      vertex 103.092 2.4 15.5376
      vertex 103.326 0 15.2223
      vertex 103.092 0 15.5376
    endloop
  endfacet
  facet normal -0.941742 0 -0.336336
    outer loop
      vertex 103.828 0 14.1611
      vertex 103.696 2.4 14.5307
      vertex 103.828 2.4 14.1611
    endloop
  endfacet
  facet normal -0.941742 -0 -0.336336
    outer loop
      vertex 103.696 2.4 14.5307
      vertex 103.828 0 14.1611
      vertex 103.696 0 14.5307
    endloop
  endfacet
  facet normal -0.0491751 0 -0.99879
    outer loop
      vertex 100 0 17
      vertex 100.392 2.4 16.9807
      vertex 100.392 0 16.9807
    endloop
  endfacet
  facet normal -0.0491751 0 -0.99879
    outer loop
      vertex 100.392 2.4 16.9807
      vertex 100 0 17
      vertex 100 2.4 17
    endloop
  endfacet
  facet normal 0.42744 0 -0.904044
    outer loop
      vertex 98.1144 0 16.5277
      vertex 98.4693 2.4 16.6955
      vertex 98.4693 0 16.6955
    endloop
  endfacet
  facet normal 0.42744 0 -0.904044
    outer loop
      vertex 98.4693 2.4 16.6955
      vertex 98.1144 0 16.5277
      vertex 98.1144 2.4 16.5277
    endloop
  endfacet
  facet normal 0.242835 0 -0.970068
    outer loop
      vertex 98.8389 0 16.8278
      vertex 99.2196 2.4 16.9231
      vertex 99.2196 0 16.9231
    endloop
  endfacet
  facet normal 0.242835 0 -0.970068
    outer loop
      vertex 99.2196 2.4 16.9231
      vertex 98.8389 0 16.8278
      vertex 98.8389 2.4 16.8278
    endloop
  endfacet
  facet normal 0.970068 0 -0.242835
    outer loop
      vertex 96.1722 0 14.1611
      vertex 96.0769 2.4 13.7804
      vertex 96.1722 2.4 14.1611
    endloop
  endfacet
  facet normal 0.970068 0 -0.242835
    outer loop
      vertex 96.0769 2.4 13.7804
      vertex 96.1722 0 14.1611
      vertex 96.0769 0 13.7804
    endloop
  endfacet
  facet normal 0.803137 0 -0.595794
    outer loop
      vertex 96.908 0 15.5376
      vertex 96.6741 2.4 15.2223
      vertex 96.908 2.4 15.5376
    endloop
  endfacet
  facet normal 0.803137 0 -0.595794
    outer loop
      vertex 96.6741 2.4 15.2223
      vertex 96.908 0 15.5376
      vertex 96.6741 0 15.2223
    endloop
  endfacet
  facet normal 0.85774 0 -0.514084
    outer loop
      vertex 96.6741 0 15.2223
      vertex 96.4723 2.4 14.8856
      vertex 96.6741 2.4 15.2223
    endloop
  endfacet
  facet normal 0.85774 0 -0.514084
    outer loop
      vertex 96.4723 2.4 14.8856
      vertex 96.6741 0 15.2223
      vertex 96.4723 0 14.8856
    endloop
  endfacet
  facet normal -0.242655 0 -0.970113
    outer loop
      vertex 100.78 0 16.9231
      vertex 101.161 2.4 16.8278
      vertex 101.161 0 16.8278
    endloop
  endfacet
  facet normal -0.242655 0 -0.970113
    outer loop
      vertex 101.161 2.4 16.8278
      vertex 100.78 0 16.9231
      vertex 100.78 2.4 16.9231
    endloop
  endfacet
  facet normal -0.740401 0 -0.672166
    outer loop
      vertex 103.092 0 15.5376
      vertex 102.828 2.4 15.8284
      vertex 103.092 2.4 15.5376
    endloop
  endfacet
  facet normal -0.740401 -0 -0.672166
    outer loop
      vertex 102.828 2.4 15.8284
      vertex 103.092 0 15.5376
      vertex 102.828 0 15.8284
    endloop
  endfacet
  facet normal -0.672622 0 -0.739986
    outer loop
      vertex 102.538 0 16.092
      vertex 102.828 2.4 15.8284
      vertex 102.828 0 15.8284
    endloop
  endfacet
  facet normal -0.672622 0 -0.739986
    outer loop
      vertex 102.828 2.4 15.8284
      vertex 102.538 0 16.092
      vertex 102.538 2.4 16.092
    endloop
  endfacet
  facet normal -0.594942 0 -0.803769
    outer loop
      vertex 102.222 0 16.3259
      vertex 102.538 2.4 16.092
      vertex 102.538 0 16.092
    endloop
  endfacet
  facet normal -0.594942 0 -0.803769
    outer loop
      vertex 102.538 2.4 16.092
      vertex 102.222 0 16.3259
      vertex 102.222 2.4 16.3259
    endloop
  endfacet
  facet normal -0.514871 0 -0.857268
    outer loop
      vertex 101.886 0 16.5277
      vertex 102.222 2.4 16.3259
      vertex 102.222 0 16.3259
    endloop
  endfacet
  facet normal -0.514871 0 -0.857268
    outer loop
      vertex 102.222 2.4 16.3259
      vertex 101.886 0 16.5277
      vertex 101.886 2.4 16.5277
    endloop
  endfacet
  facet normal 0.514084 0 -0.85774
    outer loop
      vertex 97.7777 0 16.3259
      vertex 98.1144 2.4 16.5277
      vertex 98.1144 0 16.5277
    endloop
  endfacet
  facet normal 0.514084 0 -0.85774
    outer loop
      vertex 98.1144 2.4 16.5277
      vertex 97.7777 0 16.3259
      vertex 97.7777 2.4 16.3259
    endloop
  endfacet
  facet normal 0.337014 0 -0.9415
    outer loop
      vertex 98.4693 0 16.6955
      vertex 98.8389 2.4 16.8278
      vertex 98.8389 0 16.8278
    endloop
  endfacet
  facet normal 0.337014 0 -0.9415
    outer loop
      vertex 98.8389 2.4 16.8278
      vertex 98.4693 0 16.6955
      vertex 98.4693 2.4 16.6955
    endloop
  endfacet
  facet normal 0.146733 0 -0.989176
    outer loop
      vertex 99.2196 0 16.9231
      vertex 99.6079 2.4 16.9807
      vertex 99.6079 0 16.9807
    endloop
  endfacet
  facet normal 0.146733 0 -0.989176
    outer loop
      vertex 99.6079 2.4 16.9807
      vertex 99.2196 0 16.9231
      vertex 99.2196 2.4 16.9231
    endloop
  endfacet
  facet normal -1 0 0
    outer loop
      vertex 25 22 3
      vertex 25 24.2 7
      vertex 25 24.2 3
    endloop
  endfacet
  facet normal -1 -0 0
    outer loop
      vertex 25 24.2 7
      vertex 25 22 3
      vertex 25 22 7
    endloop
  endfacet
  facet normal -0 0 1
    outer loop
      vertex 25 24.2 7
      vertex 95 22 7
      vertex 95 24.2 7
    endloop
  endfacet
  facet normal 0 0 1
    outer loop
      vertex 95 22 7
      vertex 25 24.2 7
      vertex 25 22 7
    endloop
  endfacet
  facet normal 1 -0 0
    outer loop
      vertex 95 22 7
      vertex 95 24.2 3
      vertex 95 24.2 7
    endloop
  endfacet
  facet normal 1 0 0
    outer loop
      vertex 95 24.2 3
      vertex 95 22 7
      vertex 95 22 3
    endloop
  endfacet
  facet normal 0 1 -0
    outer loop
      vertex 95 24.2 3
      vertex 25 24.2 7
      vertex 95 24.2 7
    endloop
  endfacet
  facet normal 0 1 0
    outer loop
      vertex 25 24.2 7
      vertex 95 24.2 3
      vertex 25 24.2 3
    endloop
  endfacet
  facet normal 0 -1 0
    outer loop
      vertex 25 22 3
      vertex 95 22 7
      vertex 25 22 7
    endloop
  endfacet
  facet normal 0 -1 -0
    outer loop
      vertex 95 22 7
      vertex 25 22 3
      vertex 95 22 3
    endloop
  endfacet
  facet normal -1 0 0
    outer loop
      vertex 25 56 3
      vertex 25 58.2 7
      vertex 25 58.2 3
    endloop
  endfacet
  facet normal -1 -0 0
    outer loop
      vertex 25 58.2 7
      vertex 25 56 3
      vertex 25 56 7
    endloop
  endfacet
  facet normal -0 0 1
    outer loop
      vertex 25 58.2 7
      vertex 95 56 7
      vertex 95 58.2 7
    endloop
  endfacet
  facet normal 0 0 1
    outer loop
      vertex 95 56 7
      vertex 25 58.2 7
      vertex 25 56 7
    endloop
  endfacet
  facet normal 1 -0 0
    outer loop
      vertex 95 56 7
      vertex 95 58.2 3
      vertex 95 58.2 7
    endloop
  endfacet
  facet normal 1 0 0
    outer loop
      vertex 95 58.2 3
      vertex 95 56 7
      vertex 95 56 3
    endloop
  endfacet
  facet normal 0 1 -0
    outer loop
      vertex 95 58.2 3
      vertex 25 58.2 7
      vertex 95 58.2 7
    endloop
  endfacet
  facet normal 0 1 0
    outer loop
      vertex 25 58.2 7
      vertex 95 58.2 3
      vertex 25 58.2 3
    endloop
  endfacet
  facet normal 0 -1 0
    outer loop
      vertex 25 56 3
      vertex 95 56 7
      vertex 25 56 7
    endloop
  endfacet
  facet normal 0 -1 -0
    outer loop
      vertex 95 56 7
      vertex 25 56 3
      vertex 95 56 3
    endloop
  endfacet
  facet normal -1 0 0
    outer loop
      vertex 12 8 3
      vertex 12 16 6
      vertex 12 16 3
    endloop
  endfacet
  facet normal -1 -0 0
    outer loop
      vertex 12 16 6
      vertex 12 8 3
      vertex 12 8 6
    endloop
  endfacet
  facet normal -0 0 1
    outer loop
      vertex 12 16 6
      vertex 20 8 6
      vertex 20 16 6
    endloop
  endfacet
  facet normal 0 0 1
    outer loop
      vertex 20 8 6
      vertex 12 16 6
      vertex 12 8 6
    endloop
  endfacet
  facet normal 1 -0 0
    outer loop
      vertex 20 8 6
      vertex 20 16 3
      vertex 20 16 6
    endloop
  endfacet
  facet normal 1 0 0
    outer loop
      vertex 20 16 3
      vertex 20 8 6
      vertex 20 8 3
    endloop
  endfacet
  facet normal 0 -1 0
    outer loop
      vertex 12 8 6
      vertex 16 8 4.75
      vertex 20 8 6
    endloop
  endfacet
  facet normal 0 -1 0
    outer loop
      vertex 12 8 6
      vertex 15.8285 8 4.74157
      vertex 16 8 4.75
    endloop
  endfacet
  facet normal 0 -1 0
    outer loop
      vertex 12 8 6
      vertex 15.6586 8 4.71637
      vertex 15.8285 8 4.74157
    endloop
  endfacet
  facet normal 0 -1 0
    outer loop
      vertex 12 8 6
      vertex 15.492 8 4.67465
      vertex 15.6586 8 4.71637
    endloop
  endfacet
  facet normal 0 -1 0
    outer loop
      vertex 12 8 6
      vertex 15.3303 8 4.61679
      vertex 15.492 8 4.67465
    endloop
  endfacet
  facet normal 0 -1 0
    outer loop
      vertex 12 8 6
      vertex 15.1751 8 4.54336
      vertex 15.3303 8 4.61679
    endloop
  endfacet
  facet normal 0 -1 0
    outer loop
      vertex 12 8 6
      vertex 15.0278 8 4.45507
      vertex 15.1751 8 4.54336
    endloop
  endfacet
  facet normal 0 -1 0
    outer loop
      vertex 12 8 6
      vertex 14.8898 8 4.35277
      vertex 15.0278 8 4.45507
    endloop
  endfacet
  facet normal 0 -1 0
    outer loop
      vertex 12 8 6
      vertex 14.7626 8 4.23744
      vertex 14.8898 8 4.35277
    endloop
  endfacet
  facet normal 0 -1 0
    outer loop
      vertex 12 8 6
      vertex 14.6472 8 4.11019
      vertex 14.7626 8 4.23744
    endloop
  endfacet
  facet normal 0 -1 0
    outer loop
      vertex 12 8 6
      vertex 14.5449 8 3.97225
      vertex 14.6472 8 4.11019
    endloop
  endfacet
  facet normal 0 -1 0
    outer loop
      vertex 12 8 6
      vertex 14.4566 8 3.82494
      vertex 14.5449 8 3.97225
    endloop
  endfacet
  facet normal 0 -1 0
    outer loop
      vertex 12 8 6
      vertex 14.3832 8 3.6697
      vertex 14.4566 8 3.82494
    endloop
  endfacet
  facet normal 0 -1 0
    outer loop
      vertex 12 8 3
      vertex 14.3832 8 3.6697
      vertex 12 8 6
    endloop
  endfacet
  facet normal 0 -1 0
    outer loop
      vertex 14.3832 8 3.6697
      vertex 12 8 3
      vertex 14.3254 8 3.508
    endloop
  endfacet
  facet normal 0 -1 0
    outer loop
      vertex 14.3254 8 3.508
      vertex 12 8 3
      vertex 14.2836 8 3.34141
    endloop
  endfacet
  facet normal 0 -1 0
    outer loop
      vertex 14.2836 8 3.34141
      vertex 12 8 3
      vertex 14.2584 8 3.17153
    endloop
  endfacet
  facet normal 0 -1 0
    outer loop
      vertex 14.2584 8 3.17153
      vertex 12 8 3
      vertex 14.25 8 3
    endloop
  endfacet
  facet normal 0 -1 0
    outer loop
      vertex 16.1715 8 4.74157
      vertex 20 8 6
      vertex 16 8 4.75
    endloop
  endfacet
  facet normal 0 -1 0
    outer loop
      vertex 16.3414 8 4.71637
      vertex 20 8 6
      vertex 16.1715 8 4.74157
    endloop
  endfacet
  facet normal 0 -1 0
    outer loop
      vertex 16.508 8 4.67465
      vertex 20 8 6
      vertex 16.3414 8 4.71637
    endloop
  endfacet
  facet normal 0 -1 0
    outer loop
      vertex 16.6697 8 4.61679
      vertex 20 8 6
      vertex 16.508 8 4.67465
    endloop
  endfacet
  facet normal 0 -1 0
    outer loop
      vertex 16.8249 8 4.54336
      vertex 20 8 6
      vertex 16.6697 8 4.61679
    endloop
  endfacet
  facet normal 0 -1 0
    outer loop
      vertex 16.9722 8 4.45507
      vertex 20 8 6
      vertex 16.8249 8 4.54336
    endloop
  endfacet
  facet normal 0 -1 0
    outer loop
      vertex 17.1102 8 4.35277
      vertex 20 8 6
      vertex 16.9722 8 4.45507
    endloop
  endfacet
  facet normal 0 -1 0
    outer loop
      vertex 17.2374 8 4.23744
      vertex 20 8 6
      vertex 17.1102 8 4.35277
    endloop
  endfacet
  facet normal 0 -1 0
    outer loop
      vertex 17.3528 8 4.11019
      vertex 20 8 6
      vertex 17.2374 8 4.23744
    endloop
  endfacet
  facet normal 0 -1 0
    outer loop
      vertex 17.4551 8 3.97225
      vertex 20 8 6
      vertex 17.3528 8 4.11019
    endloop
  endfacet
  facet normal 0 -1 0
    outer loop
      vertex 17.5434 8 3.82494
      vertex 20 8 6
      vertex 17.4551 8 3.97225
    endloop
  endfacet
  facet normal 0 -1 0
    outer loop
      vertex 17.6168 8 3.6697
      vertex 20 8 6
      vertex 17.5434 8 3.82494
    endloop
  endfacet
  facet normal 0 -1 0
    outer loop
      vertex 20 8 3
      vertex 17.6168 8 3.6697
      vertex 17.6746 8 3.508
    endloop
  endfacet
  facet normal 0 -1 0
    outer loop
      vertex 20 8 3
      vertex 17.6746 8 3.508
      vertex 17.7164 8 3.34141
    endloop
  endfacet
  facet normal 0 -1 0
    outer loop
      vertex 20 8 3
      vertex 17.7164 8 3.34141
      vertex 17.7416 8 3.17153
    endloop
  endfacet
  facet normal 0 -1 0
    outer loop
      vertex 20 8 3
      vertex 17.7416 8 3.17153
      vertex 17.75 8 3
    endloop
  endfacet
  facet normal 0 -1 0
    outer loop
      vertex 17.6168 8 3.6697
      vertex 20 8 3
      vertex 20 8 6
    endloop
  endfacet
  facet normal 0 1 0
    outer loop
      vertex 20 16 6
      vertex 16 16 4.75
      vertex 12 16 6
    endloop
  endfacet
  facet normal 0 1 0
    outer loop
      vertex 20 16 6
      vertex 16.1715 16 4.74157
      vertex 16 16 4.75
    endloop
  endfacet
  facet normal 0 1 0
    outer loop
      vertex 20 16 6
      vertex 16.3414 16 4.71637
      vertex 16.1715 16 4.74157
    endloop
  endfacet
  facet normal 0 1 0
    outer loop
      vertex 20 16 6
      vertex 16.508 16 4.67465
      vertex 16.3414 16 4.71637
    endloop
  endfacet
  facet normal 0 1 0
    outer loop
      vertex 20 16 6
      vertex 16.6697 16 4.61679
      vertex 16.508 16 4.67465
    endloop
  endfacet
  facet normal 0 1 0
    outer loop
      vertex 20 16 6
      vertex 16.8249 16 4.54336
      vertex 16.6697 16 4.61679
    endloop
  endfacet
  facet normal 0 1 0
    outer loop
      vertex 20 16 6
      vertex 16.9722 16 4.45507
      vertex 16.8249 16 4.54336
    endloop
  endfacet
  facet normal 0 1 0
    outer loop
      vertex 20 16 6
      vertex 17.1102 16 4.35277
      vertex 16.9722 16 4.45507
    endloop
  endfacet
  facet normal 0 1 0
    outer loop
      vertex 20 16 6
      vertex 17.2374 16 4.23744
      vertex 17.1102 16 4.35277
    endloop
  endfacet
  facet normal 0 1 0
    outer loop
      vertex 20 16 6
      vertex 17.3528 16 4.11019
      vertex 17.2374 16 4.23744
    endloop
  endfacet
  facet normal 0 1 0
    outer loop
      vertex 20 16 6
      vertex 17.4551 16 3.97225
      vertex 17.3528 16 4.11019
    endloop
  endfacet
  facet normal 0 1 0
    outer loop
      vertex 20 16 6
      vertex 17.5434 16 3.82494
      vertex 17.4551 16 3.97225
    endloop
  endfacet
  facet normal 0 1 0
    outer loop
      vertex 20 16 6
      vertex 17.6168 16 3.6697
      vertex 17.5434 16 3.82494
    endloop
  endfacet
  facet normal 0 1 -0
    outer loop
      vertex 20 16 3
      vertex 17.6168 16 3.6697
      vertex 20 16 6
    endloop
  endfacet
  facet normal 0 1 0
    outer loop
      vertex 17.6168 16 3.6697
      vertex 20 16 3
      vertex 17.6746 16 3.508
    endloop
  endfacet
  facet normal 0 1 0
    outer loop
      vertex 17.6746 16 3.508
      vertex 20 16 3
      vertex 17.7164 16 3.34141
    endloop
  endfacet
  facet normal 0 1 0
    outer loop
      vertex 17.7164 16 3.34141
      vertex 20 16 3
      vertex 17.7416 16 3.17153
    endloop
  endfacet
  facet normal 0 1 0
    outer loop
      vertex 17.7416 16 3.17153
      vertex 20 16 3
      vertex 17.75 16 3
    endloop
  endfacet
  facet normal 0 1 -0
    outer loop
      vertex 15.8285 16 4.74157
      vertex 12 16 6
      vertex 16 16 4.75
    endloop
  endfacet
  facet normal 0 1 -0
    outer loop
      vertex 15.6586 16 4.71637
      vertex 12 16 6
      vertex 15.8285 16 4.74157
    endloop
  endfacet
  facet normal 0 1 -0
    outer loop
      vertex 15.492 16 4.67465
      vertex 12 16 6
      vertex 15.6586 16 4.71637
    endloop
  endfacet
  facet normal 0 1 -0
    outer loop
      vertex 15.3303 16 4.61679
      vertex 12 16 6
      vertex 15.492 16 4.67465
    endloop
  endfacet
  facet normal 0 1 -0
    outer loop
      vertex 15.1751 16 4.54336
      vertex 12 16 6
      vertex 15.3303 16 4.61679
    endloop
  endfacet
  facet normal 0 1 -0
    outer loop
      vertex 15.0278 16 4.45507
      vertex 12 16 6
      vertex 15.1751 16 4.54336
    endloop
  endfacet
  facet normal 0 1 -0
    outer loop
      vertex 14.8898 16 4.35277
      vertex 12 16 6
      vertex 15.0278 16 4.45507
    endloop
  endfacet
  facet normal 0 1 -0
    outer loop
      vertex 14.7626 16 4.23744
      vertex 12 16 6
      vertex 14.8898 16 4.35277
    endloop
  endfacet
  facet normal 0 1 -0
    outer loop
      vertex 14.6472 16 4.11019
      vertex 12 16 6
      vertex 14.7626 16 4.23744
    endloop
  endfacet
  facet normal 0 1 -0
    outer loop
      vertex 14.5449 16 3.97225
      vertex 12 16 6
      vertex 14.6472 16 4.11019
    endloop
  endfacet
  facet normal 0 1 -0
    outer loop
      vertex 14.4566 16 3.82494
      vertex 12 16 6
      vertex 14.5449 16 3.97225
    endloop
  endfacet
  facet normal 0 1 -0
    outer loop
      vertex 14.3832 16 3.6697
      vertex 12 16 6
      vertex 14.4566 16 3.82494
    endloop
  endfacet
  facet normal 0 1 0
    outer loop
      vertex 12 16 3
      vertex 14.3832 16 3.6697
      vertex 14.3254 16 3.508
    endloop
  endfacet
  facet normal 0 1 0
    outer loop
      vertex 12 16 3
      vertex 14.3254 16 3.508
      vertex 14.2836 16 3.34141
    endloop
  endfacet
  facet normal 0 1 0
    outer loop
      vertex 12 16 3
      vertex 14.2836 16 3.34141
      vertex 14.2584 16 3.17153
    endloop
  endfacet
  facet normal 0 1 0
    outer loop
      vertex 12 16 3
      vertex 14.2584 16 3.17153
      vertex 14.25 16 3
    endloop
  endfacet
  facet normal 0 1 0
    outer loop
      vertex 14.3832 16 3.6697
      vertex 12 16 3
      vertex 12 16 6
    endloop
  endfacet
  facet normal -0.998803 0 -0.0489124
    outer loop
      vertex 17.75 8 3
      vertex 17.7416 16 3.17153
      vertex 17.75 16 3
    endloop
  endfacet
  facet normal -0.998803 -0 -0.0489124
    outer loop
      vertex 17.7416 16 3.17153
      vertex 17.75 8 3
      vertex 17.7416 8 3.17153
    endloop
  endfacet
  facet normal -0.59552 0 -0.803341
    outer loop
      vertex 16.9722 8 4.45507
      vertex 17.1102 16 4.35277
      vertex 17.1102 8 4.35277
    endloop
  endfacet
  facet normal -0.59552 0 -0.803341
    outer loop
      vertex 17.1102 16 4.35277
      vertex 16.9722 8 4.45507
      vertex 16.9722 16 4.45507
    endloop
  endfacet
  facet normal 0.336904 0 -0.941539
    outer loop
      vertex 15.3303 8 4.61679
      vertex 15.492 16 4.67465
      vertex 15.492 8 4.67465
    endloop
  endfacet
  facet normal 0.336904 0 -0.941539
    outer loop
      vertex 15.492 16 4.67465
      vertex 15.3303 8 4.61679
      vertex 15.3303 16 4.61679
    endloop
  endfacet
  facet normal 0.904041 0 -0.427445
    outer loop
      vertex 14.4566 8 3.82494
      vertex 14.3832 16 3.6697
      vertex 14.4566 16 3.82494
    endloop
  endfacet
  facet normal 0.904041 0 -0.427445
    outer loop
      vertex 14.3832 16 3.6697
      vertex 14.4566 8 3.82494
      vertex 14.3832 8 3.6697
    endloop
  endfacet
  facet normal -0.904041 0 -0.427445
    outer loop
      vertex 17.6168 8 3.6697
      vertex 17.5434 16 3.82494
      vertex 17.6168 16 3.6697
    endloop
  endfacet
  facet normal -0.904041 -0 -0.427445
    outer loop
      vertex 17.5434 16 3.82494
      vertex 17.6168 8 3.6697
      vertex 17.5434 8 3.82494
    endloop
  endfacet
  facet normal -0.427678 0 -0.903931
    outer loop
      vertex 16.6697 8 4.61679
      vertex 16.8249 16 4.54336
      vertex 16.8249 8 4.54336
    endloop
  endfacet
  facet normal -0.427678 0 -0.903931
    outer loop
      vertex 16.8249 16 4.54336
      vertex 16.6697 8 4.61679
      vertex 16.6697 16 4.61679
    endloop
  endfacet
  facet normal 0.146717 0 -0.989178
    outer loop
      vertex 15.6586 8 4.71637
      vertex 15.8285 16 4.74157
      vertex 15.8285 8 4.74157
    endloop
  endfacet
  facet normal 0.146717 0 -0.989178
    outer loop
      vertex 15.8285 16 4.74157
      vertex 15.6586 8 4.71637
      vertex 15.6586 16 4.71637
    endloop
  endfacet
  facet normal -0.989176 0 -0.146734
    outer loop
      vertex 17.7416 8 3.17153
      vertex 17.7164 16 3.34141
      vertex 17.7416 16 3.17153
    endloop
  endfacet
  facet normal -0.989176 -0 -0.146734
    outer loop
      vertex 17.7164 16 3.34141
      vertex 17.7416 8 3.17153
      vertex 17.7164 8 3.34141
    endloop
  endfacet
  facet normal -0.969933 0 -0.243371
    outer loop
      vertex 17.7164 8 3.34141
      vertex 17.6746 16 3.508
      vertex 17.7164 16 3.34141
    endloop
  endfacet
  facet normal -0.969933 -0 -0.243371
    outer loop
      vertex 17.6746 16 3.508
      vertex 17.7164 8 3.34141
      vertex 17.6746 8 3.508
    endloop
  endfacet
  facet normal -0.803217 0 -0.595687
    outer loop
      vertex 17.4551 8 3.97225
      vertex 17.3528 16 4.11019
      vertex 17.4551 16 3.97225
    endloop
  endfacet
  facet normal -0.803217 -0 -0.595687
    outer loop
      vertex 17.3528 16 4.11019
      vertex 17.4551 8 3.97225
      vertex 17.3528 8 4.11019
    endloop
  endfacet
  facet normal -0.857714 0 -0.514128
    outer loop
      vertex 17.5434 8 3.82494
      vertex 17.4551 16 3.97225
      vertex 17.5434 16 3.82494
    endloop
  endfacet
  facet normal -0.857714 -0 -0.514128
    outer loop
      vertex 17.4551 16 3.97225
      vertex 17.5434 8 3.82494
      vertex 17.4551 8 3.97225
    endloop
  endfacet
  facet normal -0.0490952 0 -0.998794
    outer loop
      vertex 16 8 4.75
      vertex 16.1715 16 4.74157
      vertex 16.1715 8 4.74157
    endloop
  endfacet
  facet normal -0.0490952 0 -0.998794
    outer loop
      vertex 16.1715 16 4.74157
      vertex 16 8 4.75
      vertex 16 16 4.75
    endloop
  endfacet
  facet normal -0.336904 0 -0.941539
    outer loop
      vertex 16.508 8 4.67465
      vertex 16.6697 16 4.61679
      vertex 16.6697 8 4.61679
    endloop
  endfacet
  facet normal -0.336904 0 -0.941539
    outer loop
      vertex 16.6697 16 4.61679
      vertex 16.508 8 4.67465
      vertex 16.508 16 4.67465
    endloop
  endfacet
  facet normal -0.242919 0 -0.970047
    outer loop
      vertex 16.3414 8 4.71637
      vertex 16.508 16 4.67465
      vertex 16.508 8 4.67465
    endloop
  endfacet
  facet normal -0.242919 0 -0.970047
    outer loop
      vertex 16.508 16 4.67465
      vertex 16.3414 8 4.71637
      vertex 16.3414 16 4.71637
    endloop
  endfacet
  facet normal 0.998803 0 -0.0489124
    outer loop
      vertex 14.2584 8 3.17153
      vertex 14.25 16 3
      vertex 14.2584 16 3.17153
    endloop
  endfacet
  facet normal 0.998803 0 -0.0489124
    outer loop
      vertex 14.25 16 3
      vertex 14.2584 8 3.17153
      vertex 14.25 8 3
    endloop
  endfacet
  facet normal 0.94165 0 -0.336595
    outer loop
      vertex 14.3832 8 3.6697
      vertex 14.3254 16 3.508
      vertex 14.3832 16 3.6697
    endloop
  endfacet
  facet normal 0.94165 0 -0.336595
    outer loop
      vertex 14.3254 16 3.508
      vertex 14.3832 8 3.6697
      vertex 14.3254 8 3.508
    endloop
  endfacet
  facet normal 0.969933 0 -0.243371
    outer loop
      vertex 14.3254 8 3.508
      vertex 14.2836 16 3.34141
      vertex 14.3254 16 3.508
    endloop
  endfacet
  facet normal 0.969933 0 -0.243371
    outer loop
      vertex 14.2836 16 3.34141
      vertex 14.3254 8 3.508
      vertex 14.2836 8 3.34141
    endloop
  endfacet
  facet normal 0.803217 0 -0.595687
    outer loop
      vertex 14.6472 8 4.11019
      vertex 14.5449 16 3.97225
      vertex 14.6472 16 4.11019
    endloop
  endfacet
  facet normal 0.803217 0 -0.595687
    outer loop
      vertex 14.5449 16 3.97225
      vertex 14.6472 8 4.11019
      vertex 14.5449 8 3.97225
    endloop
  endfacet
  facet normal 0.740756 0 -0.671774
    outer loop
      vertex 14.7626 8 4.23744
      vertex 14.6472 16 4.11019
      vertex 14.7626 16 4.23744
    endloop
  endfacet
  facet normal 0.740756 0 -0.671774
    outer loop
      vertex 14.6472 16 4.11019
      vertex 14.7626 8 4.23744
      vertex 14.6472 8 4.11019
    endloop
  endfacet
  facet normal 0.0490952 0 -0.998794
    outer loop
      vertex 15.8285 8 4.74157
      vertex 16 16 4.75
      vertex 16 8 4.75
    endloop
  endfacet
  facet normal 0.0490952 0 -0.998794
    outer loop
      vertex 16 16 4.75
      vertex 15.8285 8 4.74157
      vertex 15.8285 16 4.74157
    endloop
  endfacet
  facet normal 0.51411 0 -0.857724
    outer loop
      vertex 15.0278 8 4.45507
      vertex 15.1751 16 4.54336
      vertex 15.1751 8 4.54336
    endloop
  endfacet
  facet normal 0.51411 0 -0.857724
    outer loop
      vertex 15.1751 16 4.54336
      vertex 15.0278 8 4.45507
      vertex 15.0278 16 4.45507
    endloop
  endfacet
  facet normal 0.427678 0 -0.903931
    outer loop
      vertex 15.1751 8 4.54336
      vertex 15.3303 16 4.61679
      vertex 15.3303 8 4.61679
    endloop
  endfacet
  facet normal 0.427678 0 -0.903931
    outer loop
      vertex 15.3303 16 4.61679
      vertex 15.1751 8 4.54336
      vertex 15.1751 16 4.54336
    endloop
  endfacet
  facet normal -0.94165 0 -0.336595
    outer loop
      vertex 17.6746 8 3.508
      vertex 17.6168 16 3.6697
      vertex 17.6746 16 3.508
    endloop
  endfacet
  facet normal -0.94165 -0 -0.336595
    outer loop
      vertex 17.6168 16 3.6697
      vertex 17.6746 8 3.508
      vertex 17.6168 8 3.6697
    endloop
  endfacet
  facet normal -0.740756 0 -0.671774
    outer loop
      vertex 17.3528 8 4.11019
      vertex 17.2374 16 4.23744
      vertex 17.3528 16 4.11019
    endloop
  endfacet
  facet normal -0.740756 -0 -0.671774
    outer loop
      vertex 17.2374 16 4.23744
      vertex 17.3528 8 4.11019
      vertex 17.2374 8 4.23744
    endloop
  endfacet
  facet normal -0.671695 0 -0.740828
    outer loop
      vertex 17.1102 8 4.35277
      vertex 17.2374 16 4.23744
      vertex 17.2374 8 4.23744
    endloop
  endfacet
  facet normal -0.671695 0 -0.740828
    outer loop
      vertex 17.2374 16 4.23744
      vertex 17.1102 8 4.35277
      vertex 17.1102 16 4.35277
    endloop
  endfacet
  facet normal -0.51411 0 -0.857724
    outer loop
      vertex 16.8249 8 4.54336
      vertex 16.9722 16 4.45507
      vertex 16.9722 8 4.45507
    endloop
  endfacet
  facet normal -0.51411 0 -0.857724
    outer loop
      vertex 16.9722 16 4.45507
      vertex 16.8249 8 4.54336
      vertex 16.8249 16 4.54336
    endloop
  endfacet
  facet normal -0.146717 0 -0.989178
    outer loop
      vertex 16.1715 8 4.74157
      vertex 16.3414 16 4.71637
      vertex 16.3414 8 4.71637
    endloop
  endfacet
  facet normal -0.146717 0 -0.989178
    outer loop
      vertex 16.3414 16 4.71637
      vertex 16.1715 8 4.74157
      vertex 16.1715 16 4.74157
    endloop
  endfacet
  facet normal 0.989176 0 -0.146734
    outer loop
      vertex 14.2836 8 3.34141
      vertex 14.2584 16 3.17153
      vertex 14.2836 16 3.34141
    endloop
  endfacet
  facet normal 0.989176 0 -0.146734
    outer loop
      vertex 14.2584 16 3.17153
      vertex 14.2836 8 3.34141
      vertex 14.2584 8 3.17153
    endloop
  endfacet
  facet normal 0.857714 0 -0.514128
    outer loop
      vertex 14.5449 8 3.97225
      vertex 14.4566 16 3.82494
      vertex 14.5449 16 3.97225
    endloop
  endfacet
  facet normal 0.857714 0 -0.514128
    outer loop
      vertex 14.4566 16 3.82494
      vertex 14.5449 8 3.97225
      vertex 14.4566 8 3.82494
    endloop
  endfacet
  facet normal 0.242919 0 -0.970047
    outer loop
      vertex 15.492 8 4.67465
      vertex 15.6586 16 4.71637
      vertex 15.6586 8 4.71637
    endloop
  endfacet
  facet normal 0.242919 0 -0.970047
    outer loop
      vertex 15.6586 16 4.71637
      vertex 15.492 8 4.67465
      vertex 15.492 16 4.67465
    endloop
  endfacet
  facet normal 0.59552 0 -0.803341
    outer loop
      vertex 14.8898 8 4.35277
      vertex 15.0278 16 4.45507
      vertex 15.0278 8 4.45507
    endloop
  endfacet
  facet normal 0.59552 0 -0.803341
    outer loop
      vertex 15.0278 16 4.45507
      vertex 14.8898 8 4.35277
      vertex 14.8898 16 4.35277
    endloop
  endfacet
  facet normal 0.671695 0 -0.740828
    outer loop
      vertex 14.7626 8 4.23744
      vertex 14.8898 16 4.35277
      vertex 14.8898 8 4.35277
    endloop
  endfacet
  facet normal 0.671695 0 -0.740828
    outer loop
      vertex 14.8898 16 4.35277
      vertex 14.7626 8 4.23744
      vertex 14.7626 16 4.23744
    endloop
  endfacet
  facet normal -1 0 0
    outer loop
      vertex 100 15 3
      vertex 100 16 0
      vertex 100 15 0
    endloop
  endfacet
  facet normal -1 0 0
    outer loop
      vertex 100 16 0
      vertex 100 15 3
      vertex 100 16 6
    endloop
  endfacet
  facet normal -1 0 0
    outer loop
      vertex 100 8 6
      vertex 100 15 3
      vertex 100 8 3
    endloop
  endfacet
  facet normal -1 0 0
    outer loop
      vertex 100 15 3
      vertex 100 8 6
      vertex 100 16 6
    endloop
  endfacet
  facet normal -0 0 1
    outer loop
      vertex 100 16 6
      vertex 108 8 6
      vertex 108 16 6
    endloop
  endfacet
  facet normal 0 0 1
    outer loop
      vertex 108 8 6
      vertex 100 16 6
      vertex 100 8 6
    endloop
  endfacet
  facet normal 1 -0 0
    outer loop
      vertex 108 8 6
      vertex 108 16 3
      vertex 108 16 6
    endloop
  endfacet
  facet normal 1 0 0
    outer loop
      vertex 108 16 3
      vertex 108 8 6
      vertex 108 8 3
    endloop
  endfacet
  facet normal 0 -1 0
    outer loop
      vertex 100 8 6
      vertex 104 8 4.75
      vertex 108 8 6
    endloop
  endfacet
  facet normal 0 -1 0
    outer loop
      vertex 100 8 6
      vertex 103.828 8 4.74157
      vertex 104 8 4.75
    endloop
  endfacet
  facet normal 0 -1 0
    outer loop
      vertex 100 8 6
      vertex 103.659 8 4.71637
      vertex 103.828 8 4.74157
    endloop
  endfacet
  facet normal 0 -1 0
    outer loop
      vertex 100 8 6
      vertex 103.492 8 4.67465
      vertex 103.659 8 4.71637
    endloop
  endfacet
  facet normal 0 -1 0
    outer loop
      vertex 100 8 6
      vertex 103.33 8 4.61679
      vertex 103.492 8 4.67465
    endloop
  endfacet
  facet normal 0 -1 0
    outer loop
      vertex 100 8 6
      vertex 103.175 8 4.54336
      vertex 103.33 8 4.61679
    endloop
  endfacet
  facet normal 0 -1 0
    outer loop
      vertex 100 8 6
      vertex 103.028 8 4.45507
      vertex 103.175 8 4.54336
    endloop
  endfacet
  facet normal 0 -1 0
    outer loop
      vertex 100 8 6
      vertex 102.89 8 4.35277
      vertex 103.028 8 4.45507
    endloop
  endfacet
  facet normal 0 -1 0
    outer loop
      vertex 100 8 6
      vertex 102.763 8 4.23744
      vertex 102.89 8 4.35277
    endloop
  endfacet
  facet normal 0 -1 0
    outer loop
      vertex 100 8 6
      vertex 102.647 8 4.11019
      vertex 102.763 8 4.23744
    endloop
  endfacet
  facet normal 0 -1 0
    outer loop
      vertex 100 8 6
      vertex 102.545 8 3.97225
      vertex 102.647 8 4.11019
    endloop
  endfacet
  facet normal 0 -1 0
    outer loop
      vertex 100 8 6
      vertex 102.457 8 3.82494
      vertex 102.545 8 3.97225
    endloop
  endfacet
  facet normal 0 -1 0
    outer loop
      vertex 100 8 6
      vertex 102.383 8 3.6697
      vertex 102.457 8 3.82494
    endloop
  endfacet
  facet normal 0 -1 0
    outer loop
      vertex 100 8 3
      vertex 102.383 8 3.6697
      vertex 100 8 6
    endloop
  endfacet
  facet normal 0 -1 0
    outer loop
      vertex 102.383 8 3.6697
      vertex 100 8 3
      vertex 102.325 8 3.508
    endloop
  endfacet
  facet normal 0 -1 0
    outer loop
      vertex 102.325 8 3.508
      vertex 100 8 3
      vertex 102.284 8 3.34141
    endloop
  endfacet
  facet normal 0 -1 0
    outer loop
      vertex 102.284 8 3.34141
      vertex 100 8 3
      vertex 102.258 8 3.17153
    endloop
  endfacet
  facet normal 0 -1 0
    outer loop
      vertex 102.258 8 3.17153
      vertex 100 8 3
      vertex 102.25 8 3
    endloop
  endfacet
  facet normal 0 -1 0
    outer loop
      vertex 104.172 8 4.74157
      vertex 108 8 6
      vertex 104 8 4.75
    endloop
  endfacet
  facet normal 0 -1 0
    outer loop
      vertex 104.341 8 4.71637
      vertex 108 8 6
      vertex 104.172 8 4.74157
    endloop
  endfacet
  facet normal 0 -1 0
    outer loop
      vertex 104.508 8 4.67465
      vertex 108 8 6
      vertex 104.341 8 4.71637
    endloop
  endfacet
  facet normal 0 -1 0
    outer loop
      vertex 104.67 8 4.61679
      vertex 108 8 6
      vertex 104.508 8 4.67465
    endloop
  endfacet
  facet normal 0 -1 0
    outer loop
      vertex 104.825 8 4.54336
      vertex 108 8 6
      vertex 104.67 8 4.61679
    endloop
  endfacet
  facet normal 0 -1 0
    outer loop
      vertex 104.972 8 4.45507
      vertex 108 8 6
      vertex 104.825 8 4.54336
    endloop
  endfacet
  facet normal 0 -1 0
    outer loop
      vertex 105.11 8 4.35277
      vertex 108 8 6
      vertex 104.972 8 4.45507
    endloop
  endfacet
  facet normal 0 -1 0
    outer loop
      vertex 105.237 8 4.23744
      vertex 108 8 6
      vertex 105.11 8 4.35277
    endloop
  endfacet
  facet normal 0 -1 0
    outer loop
      vertex 105.353 8 4.11019
      vertex 108 8 6
      vertex 105.237 8 4.23744
    endloop
  endfacet
  facet normal 0 -1 0
    outer loop
      vertex 105.455 8 3.97225
      vertex 108 8 6
      vertex 105.353 8 4.11019
    endloop
  endfacet
  facet normal 0 -1 0
    outer loop
      vertex 105.543 8 3.82494
      vertex 108 8 6
      vertex 105.455 8 3.97225
    endloop
  endfacet
  facet normal 0 -1 0
    outer loop
      vertex 105.617 8 3.6697
      vertex 108 8 6
      vertex 105.543 8 3.82494
    endloop
  endfacet
  facet normal 0 -1 0
    outer loop
      vertex 108 8 3
      vertex 105.617 8 3.6697
      vertex 105.675 8 3.508
    endloop
  endfacet
  facet normal 0 -1 0
    outer loop
      vertex 108 8 3
      vertex 105.675 8 3.508
      vertex 105.716 8 3.34141
    endloop
  endfacet
  facet normal 0 -1 0
    outer loop
      vertex 108 8 3
      vertex 105.716 8 3.34141
      vertex 105.742 8 3.17153
    endloop
  endfacet
  facet normal 0 -1 0
    outer loop
      vertex 108 8 3
      vertex 105.742 8 3.17153
      vertex 105.75 8 3
    endloop
  endfacet
  facet normal 0 -1 0
    outer loop
      vertex 105.617 8 3.6697
      vertex 108 8 3
      vertex 108 8 6
    endloop
  endfacet
  facet normal 0 1 0
    outer loop
      vertex 108 16 6
      vertex 104 16 4.75
      vertex 100 16 6
    endloop
  endfacet
  facet normal 0 1 0
    outer loop
      vertex 108 16 6
      vertex 104.172 16 4.74157
      vertex 104 16 4.75
    endloop
  endfacet
  facet normal 0 1 0
    outer loop
      vertex 108 16 6
      vertex 104.341 16 4.71637
      vertex 104.172 16 4.74157
    endloop
  endfacet
  facet normal 0 1 0
    outer loop
      vertex 108 16 6
      vertex 104.508 16 4.67465
      vertex 104.341 16 4.71637
    endloop
  endfacet
  facet normal 0 1 0
    outer loop
      vertex 108 16 6
      vertex 104.67 16 4.61679
      vertex 104.508 16 4.67465
    endloop
  endfacet
  facet normal 0 1 0
    outer loop
      vertex 108 16 6
      vertex 104.825 16 4.54336
      vertex 104.67 16 4.61679
    endloop
  endfacet
  facet normal 0 1 0
    outer loop
      vertex 108 16 6
      vertex 104.972 16 4.45507
      vertex 104.825 16 4.54336
    endloop
  endfacet
  facet normal 0 1 0
    outer loop
      vertex 108 16 6
      vertex 105.11 16 4.35277
      vertex 104.972 16 4.45507
    endloop
  endfacet
  facet normal 0 1 0
    outer loop
      vertex 108 16 6
      vertex 105.237 16 4.23744
      vertex 105.11 16 4.35277
    endloop
  endfacet
  facet normal 0 1 0
    outer loop
      vertex 108 16 6
      vertex 105.353 16 4.11019
      vertex 105.237 16 4.23744
    endloop
  endfacet
  facet normal 0 1 0
    outer loop
      vertex 108 16 6
      vertex 105.455 16 3.97225
      vertex 105.353 16 4.11019
    endloop
  endfacet
  facet normal 0 1 0
    outer loop
      vertex 108 16 6
      vertex 105.543 16 3.82494
      vertex 105.455 16 3.97225
    endloop
  endfacet
  facet normal 0 1 0
    outer loop
      vertex 108 16 6
      vertex 105.617 16 3.6697
      vertex 105.543 16 3.82494
    endloop
  endfacet
  facet normal 0 1 -0
    outer loop
      vertex 108 16 3
      vertex 105.617 16 3.6697
      vertex 108 16 6
    endloop
  endfacet
  facet normal 0 1 0
    outer loop
      vertex 105.617 16 3.6697
      vertex 108 16 3
      vertex 105.675 16 3.508
    endloop
  endfacet
  facet normal 0 1 0
    outer loop
      vertex 105.675 16 3.508
      vertex 108 16 3
      vertex 105.716 16 3.34141
    endloop
  endfacet
  facet normal 0 1 0
    outer loop
      vertex 105.716 16 3.34141
      vertex 108 16 3
      vertex 105.742 16 3.17153
    endloop
  endfacet
  facet normal 0 1 0
    outer loop
      vertex 105.742 16 3.17153
      vertex 108 16 3
      vertex 105.75 16 3
    endloop
  endfacet
  facet normal 0 1 -0
    outer loop
      vertex 103.828 16 4.74157
      vertex 100 16 6
      vertex 104 16 4.75
    endloop
  endfacet
  facet normal 0 1 -0
    outer loop
      vertex 103.659 16 4.71637
      vertex 100 16 6
      vertex 103.828 16 4.74157
    endloop
  endfacet
  facet normal 0 1 -0
    outer loop
      vertex 103.492 16 4.67465
      vertex 100 16 6
      vertex 103.659 16 4.71637
    endloop
  endfacet
  facet normal 0 1 -0
    outer loop
      vertex 103.33 16 4.61679
      vertex 100 16 6
      vertex 103.492 16 4.67465
    endloop
  endfacet
  facet normal 0 1 -0
    outer loop
      vertex 103.175 16 4.54336
      vertex 100 16 6
      vertex 103.33 16 4.61679
    endloop
  endfacet
  facet normal 0 1 -0
    outer loop
      vertex 103.028 16 4.45507
      vertex 100 16 6
      vertex 103.175 16 4.54336
    endloop
  endfacet
  facet normal 0 1 -0
    outer loop
      vertex 102.89 16 4.35277
      vertex 100 16 6
      vertex 103.028 16 4.45507
    endloop
  endfacet
  facet normal 0 1 -0
    outer loop
      vertex 102.763 16 4.23744
      vertex 100 16 6
      vertex 102.89 16 4.35277
    endloop
  endfacet
  facet normal 0 1 -0
    outer loop
      vertex 102.647 16 4.11019
      vertex 100 16 6
      vertex 102.763 16 4.23744
    endloop
  endfacet
  facet normal 0 1 -0
    outer loop
      vertex 102.545 16 3.97225
      vertex 100 16 6
      vertex 102.647 16 4.11019
    endloop
  endfacet
  facet normal 0 1 -0
    outer loop
      vertex 102.457 16 3.82494
      vertex 100 16 6
      vertex 102.545 16 3.97225
    endloop
  endfacet
  facet normal 0 1 -0
    outer loop
      vertex 102.383 16 3.6697
      vertex 100 16 6
      vertex 102.457 16 3.82494
    endloop
  endfacet
  facet normal 0 1 -0
    outer loop
      vertex 102.325 16 3.508
      vertex 100 16 6
      vertex 102.383 16 3.6697
    endloop
  endfacet
  facet normal 0 1 -0
    outer loop
      vertex 102.284 16 3.34141
      vertex 100 16 6
      vertex 102.325 16 3.508
    endloop
  endfacet
  facet normal 0 1 -0
    outer loop
      vertex 102.258 16 3.17153
      vertex 100 16 6
      vertex 102.284 16 3.34141
    endloop
  endfacet
  facet normal 0 1 -0
    outer loop
      vertex 102.25 16 3
      vertex 100 16 6
      vertex 102.258 16 3.17153
    endloop
  endfacet
  facet normal 0 1 0
    outer loop
      vertex 100 16 0
      vertex 102.25 16 3
      vertex 102.258 16 2.82847
    endloop
  endfacet
  facet normal 0 1 0
    outer loop
      vertex 100 16 0
      vertex 102.258 16 2.82847
      vertex 102.284 16 2.65859
    endloop
  endfacet
  facet normal 0 1 0
    outer loop
      vertex 100 16 0
      vertex 102.284 16 2.65859
      vertex 102.325 16 2.492
    endloop
  endfacet
  facet normal 0 1 0
    outer loop
      vertex 100 16 0
      vertex 102.325 16 2.492
      vertex 102.383 16 2.3303
    endloop
  endfacet
  facet normal 0 1 0
    outer loop
      vertex 100 16 0
      vertex 102.383 16 2.3303
      vertex 102.457 16 2.17506
    endloop
  endfacet
  facet normal 0 1 0
    outer loop
      vertex 100 16 0
      vertex 102.457 16 2.17506
      vertex 102.545 16 2.02775
    endloop
  endfacet
  facet normal 0 1 -0
    outer loop
      vertex 103 16 0
      vertex 102.89 16 1.64723
      vertex 103 16 1.56551
    endloop
  endfacet
  facet normal 0 1 0
    outer loop
      vertex 103 16 0
      vertex 102.763 16 1.76256
      vertex 102.89 16 1.64723
    endloop
  endfacet
  facet normal 0 1 0
    outer loop
      vertex 100 16 0
      vertex 102.763 16 1.76256
      vertex 103 16 0
    endloop
  endfacet
  facet normal 0 1 0
    outer loop
      vertex 102.763 16 1.76256
      vertex 100 16 0
      vertex 102.647 16 1.88981
    endloop
  endfacet
  facet normal 0 1 0
    outer loop
      vertex 102.647 16 1.88981
      vertex 100 16 0
      vertex 102.545 16 2.02775
    endloop
  endfacet
  facet normal 0 1 0
    outer loop
      vertex 102.25 16 3
      vertex 100 16 0
      vertex 100 16 6
    endloop
  endfacet
  facet normal -0.998914 0 -0.0465884
    outer loop
      vertex 105.75 8 3
      vertex 105.742 16 3.17153
      vertex 105.75 16 3
    endloop
  endfacet
  facet normal -0.998914 -0 -0.0465884
    outer loop
      vertex 105.742 16 3.17153
      vertex 105.75 8 3
      vertex 105.742 8 3.17153
    endloop
  endfacet
  facet normal -0.59552 0 -0.803341
    outer loop
      vertex 104.972 8 4.45507
      vertex 105.11 16 4.35277
      vertex 105.11 8 4.35277
    endloop
  endfacet
  facet normal -0.59552 0 -0.803341
    outer loop
      vertex 105.11 16 4.35277
      vertex 104.972 8 4.45507
      vertex 104.972 16 4.45507
    endloop
  endfacet
  facet normal 0.336351 0 -0.941737
    outer loop
      vertex 103.33 8 4.61679
      vertex 103.492 16 4.67465
      vertex 103.492 8 4.67465
    endloop
  endfacet
  facet normal 0.336351 0 -0.941737
    outer loop
      vertex 103.492 16 4.67465
      vertex 103.33 8 4.61679
      vertex 103.33 16 4.61679
    endloop
  endfacet
  facet normal 0.902688 0 -0.430295
    outer loop
      vertex 102.457 8 3.82494
      vertex 102.383 16 3.6697
      vertex 102.457 16 3.82494
    endloop
  endfacet
  facet normal 0.902688 0 -0.430295
    outer loop
      vertex 102.383 16 3.6697
      vertex 102.457 8 3.82494
      vertex 102.383 8 3.6697
    endloop
  endfacet
  facet normal -0.902688 0 -0.430295
    outer loop
      vertex 105.617 8 3.6697
      vertex 105.543 16 3.82494
      vertex 105.617 16 3.6697
    endloop
  endfacet
  facet normal -0.902688 -0 -0.430295
    outer loop
      vertex 105.543 16 3.82494
      vertex 105.617 8 3.6697
      vertex 105.543 8 3.82494
    endloop
  endfacet
  facet normal -0.428129 0 -0.903718
    outer loop
      vertex 104.67 8 4.61679
      vertex 104.825 16 4.54336
      vertex 104.825 8 4.54336
    endloop
  endfacet
  facet normal -0.428129 0 -0.903718
    outer loop
      vertex 104.825 16 4.54336
      vertex 104.67 8 4.61679
      vertex 104.67 16 4.61679
    endloop
  endfacet
  facet normal 0.147482 0 -0.989065
    outer loop
      vertex 103.659 8 4.71637
      vertex 103.828 16 4.74157
      vertex 103.828 8 4.74157
    endloop
  endfacet
  facet normal 0.147482 0 -0.989065
    outer loop
      vertex 103.828 16 4.74157
      vertex 103.659 8 4.71637
      vertex 103.659 16 4.71637
    endloop
  endfacet
  facet normal -0.98849 0 -0.151288
    outer loop
      vertex 105.742 8 3.17153
      vertex 105.716 16 3.34141
      vertex 105.742 16 3.17153
    endloop
  endfacet
  facet normal -0.98849 -0 -0.151288
    outer loop
      vertex 105.716 16 3.34141
      vertex 105.742 8 3.17153
      vertex 105.716 8 3.34141
    endloop
  endfacet
  facet normal -0.971024 0 -0.238982
    outer loop
      vertex 105.716 8 3.34141
      vertex 105.675 16 3.508
      vertex 105.716 16 3.34141
    endloop
  endfacet
  facet normal -0.971024 -0 -0.238982
    outer loop
      vertex 105.675 16 3.508
      vertex 105.716 8 3.34141
      vertex 105.675 8 3.508
    endloop
  endfacet
  facet normal -0.804053 0 -0.594558
    outer loop
      vertex 105.455 8 3.97225
      vertex 105.353 16 4.11019
      vertex 105.455 16 3.97225
    endloop
  endfacet
  facet normal -0.804053 -0 -0.594558
    outer loop
      vertex 105.353 16 4.11019
      vertex 105.455 8 3.97225
      vertex 105.353 8 4.11019
    endloop
  endfacet
  facet normal -0.858484 0 -0.512841
    outer loop
      vertex 105.543 8 3.82494
      vertex 105.455 16 3.97225
      vertex 105.543 16 3.82494
    endloop
  endfacet
  facet normal -0.858484 -0 -0.512841
    outer loop
      vertex 105.455 16 3.97225
      vertex 105.543 8 3.82494
      vertex 105.455 8 3.97225
    endloop
  endfacet
  facet normal -0.0489529 0 -0.998801
    outer loop
      vertex 104 8 4.75
      vertex 104.172 16 4.74157
      vertex 104.172 8 4.74157
    endloop
  endfacet
  facet normal -0.0489529 0 -0.998801
    outer loop
      vertex 104.172 16 4.74157
      vertex 104 8 4.75
      vertex 104 16 4.75
    endloop
  endfacet
  facet normal -0.336351 0 -0.941737
    outer loop
      vertex 104.508 8 4.67465
      vertex 104.67 16 4.61679
      vertex 104.67 8 4.61679
    endloop
  endfacet
  facet normal -0.336351 0 -0.941737
    outer loop
      vertex 104.67 16 4.61679
      vertex 104.508 8 4.67465
      vertex 104.508 16 4.67465
    endloop
  endfacet
  facet normal -0.242372 0 -0.970183
    outer loop
      vertex 104.341 8 4.71637
      vertex 104.508 16 4.67465
      vertex 104.508 8 4.67465
    endloop
  endfacet
  facet normal -0.242372 0 -0.970183
    outer loop
      vertex 104.508 16 4.67465
      vertex 104.341 8 4.71637
      vertex 104.341 16 4.71637
    endloop
  endfacet
  facet normal 0.998914 0 -0.0465884
    outer loop
      vertex 102.258 16 3.17153
      vertex 102.25 15 3
      vertex 102.25 16 3
    endloop
  endfacet
  facet normal 0.998914 0 -0.0465884
    outer loop
      vertex 102.258 8 3.17153
      vertex 102.25 15 3
      vertex 102.258 16 3.17153
    endloop
  endfacet
  facet normal 0.998914 0 -0.0465884
    outer loop
      vertex 102.25 15 3
      vertex 102.258 8 3.17153
      vertex 102.25 8 3
    endloop
  endfacet
  facet normal 0.94128 0 -0.337627
    outer loop
      vertex 102.383 8 3.6697
      vertex 102.325 16 3.508
      vertex 102.383 16 3.6697
    endloop
  endfacet
  facet normal 0.94128 0 -0.337627
    outer loop
      vertex 102.325 16 3.508
      vertex 102.383 8 3.6697
      vertex 102.325 8 3.508
    endloop
  endfacet
  facet normal 0.971024 0 -0.238982
    outer loop
      vertex 102.325 8 3.508
      vertex 102.284 16 3.34141
      vertex 102.325 16 3.508
    endloop
  endfacet
  facet normal 0.971024 0 -0.238982
    outer loop
      vertex 102.284 16 3.34141
      vertex 102.325 8 3.508
      vertex 102.284 8 3.34141
    endloop
  endfacet
  facet normal 0.804053 0 -0.594558
    outer loop
      vertex 102.647 8 4.11019
      vertex 102.545 16 3.97225
      vertex 102.647 16 4.11019
    endloop
  endfacet
  facet normal 0.804053 0 -0.594558
    outer loop
      vertex 102.545 16 3.97225
      vertex 102.647 8 4.11019
      vertex 102.545 8 3.97225
    endloop
  endfacet
  facet normal 0.73902 0 -0.673684
    outer loop
      vertex 102.763 8 4.23744
      vertex 102.647 16 4.11019
      vertex 102.763 16 4.23744
    endloop
  endfacet
  facet normal 0.73902 0 -0.673684
    outer loop
      vertex 102.647 16 4.11019
      vertex 102.763 8 4.23744
      vertex 102.647 8 4.11019
    endloop
  endfacet
  facet normal 0.0489529 0 -0.998801
    outer loop
      vertex 103.828 8 4.74157
      vertex 104 16 4.75
      vertex 104 8 4.75
    endloop
  endfacet
  facet normal 0.0489529 0 -0.998801
    outer loop
      vertex 104 16 4.75
      vertex 103.828 8 4.74157
      vertex 103.828 16 4.74157
    endloop
  endfacet
  facet normal 0.514882 0 -0.857261
    outer loop
      vertex 103.028 8 4.45507
      vertex 103.175 16 4.54336
      vertex 103.175 8 4.54336
    endloop
  endfacet
  facet normal 0.514882 0 -0.857261
    outer loop
      vertex 103.175 16 4.54336
      vertex 103.028 8 4.45507
      vertex 103.028 16 4.45507
    endloop
  endfacet
  facet normal 0.428129 0 -0.903718
    outer loop
      vertex 103.175 8 4.54336
      vertex 103.33 16 4.61679
      vertex 103.33 8 4.61679
    endloop
  endfacet
  facet normal 0.428129 0 -0.903718
    outer loop
      vertex 103.33 16 4.61679
      vertex 103.175 8 4.54336
      vertex 103.175 16 4.54336
    endloop
  endfacet
  facet normal 0.672275 0 0.740301
    outer loop
      vertex 102.763 16 1.76256
      vertex 102.89 15 1.64723
      vertex 102.89 16 1.64723
    endloop
  endfacet
  facet normal 0.672275 0 0.740301
    outer loop
      vertex 102.89 15 1.64723
      vertex 102.763 16 1.76256
      vertex 102.763 15 1.76256
    endloop
  endfacet
  facet normal 0.998914 -0 0.0465884
    outer loop
      vertex 102.25 15 3
      vertex 102.258 16 2.82847
      vertex 102.25 16 3
    endloop
  endfacet
  facet normal 0.998914 0 0.0465884
    outer loop
      vertex 102.258 16 2.82847
      vertex 102.25 15 3
      vertex 102.258 15 2.82847
    endloop
  endfacet
  facet normal 0.804053 -0 0.594558
    outer loop
      vertex 102.545 15 2.02775
      vertex 102.647 16 1.88981
      vertex 102.545 16 2.02775
    endloop
  endfacet
  facet normal 0.804053 0 0.594558
    outer loop
      vertex 102.647 16 1.88981
      vertex 102.545 15 2.02775
      vertex 102.647 15 1.88981
    endloop
  endfacet
  facet normal -0.94128 0 -0.337627
    outer loop
      vertex 105.675 8 3.508
      vertex 105.617 16 3.6697
      vertex 105.675 16 3.508
    endloop
  endfacet
  facet normal -0.94128 -0 -0.337627
    outer loop
      vertex 105.617 16 3.6697
      vertex 105.675 8 3.508
      vertex 105.617 8 3.6697
    endloop
  endfacet
  facet normal -0.73902 0 -0.673684
    outer loop
      vertex 105.353 8 4.11019
      vertex 105.237 16 4.23744
      vertex 105.353 16 4.11019
    endloop
  endfacet
  facet normal -0.73902 -0 -0.673684
    outer loop
      vertex 105.237 16 4.23744
      vertex 105.353 8 4.11019
      vertex 105.237 8 4.23744
    endloop
  endfacet
  facet normal -0.672275 0 -0.740301
    outer loop
      vertex 105.11 8 4.35277
      vertex 105.237 16 4.23744
      vertex 105.237 8 4.23744
    endloop
  endfacet
  facet normal -0.672275 0 -0.740301
    outer loop
      vertex 105.237 16 4.23744
      vertex 105.11 8 4.35277
      vertex 105.11 16 4.35277
    endloop
  endfacet
  facet normal -0.514882 0 -0.857261
    outer loop
      vertex 104.825 8 4.54336
      vertex 104.972 16 4.45507
      vertex 104.972 8 4.45507
    endloop
  endfacet
  facet normal -0.514882 0 -0.857261
    outer loop
      vertex 104.972 16 4.45507
      vertex 104.825 8 4.54336
      vertex 104.825 16 4.54336
    endloop
  endfacet
  facet normal -0.147482 0 -0.989065
    outer loop
      vertex 104.172 8 4.74157
      vertex 104.341 16 4.71637
      vertex 104.341 8 4.71637
    endloop
  endfacet
  facet normal -0.147482 0 -0.989065
    outer loop
      vertex 104.341 16 4.71637
      vertex 104.172 8 4.74157
      vertex 104.172 16 4.74157
    endloop
  endfacet
  facet normal 0.98849 0 -0.151288
    outer loop
      vertex 102.284 8 3.34141
      vertex 102.258 16 3.17153
      vertex 102.284 16 3.34141
    endloop
  endfacet
  facet normal 0.98849 0 -0.151288
    outer loop
      vertex 102.258 16 3.17153
      vertex 102.284 8 3.34141
      vertex 102.258 8 3.17153
    endloop
  endfacet
  facet normal 0.858484 0 -0.512841
    outer loop
      vertex 102.545 8 3.97225
      vertex 102.457 16 3.82494
      vertex 102.545 16 3.97225
    endloop
  endfacet
  facet normal 0.858484 0 -0.512841
    outer loop
      vertex 102.457 16 3.82494
      vertex 102.545 8 3.97225
      vertex 102.457 8 3.82494
    endloop
  endfacet
  facet normal 0.242372 0 -0.970183
    outer loop
      vertex 103.492 8 4.67465
      vertex 103.659 16 4.71637
      vertex 103.659 8 4.71637
    endloop
  endfacet
  facet normal 0.242372 0 -0.970183
    outer loop
      vertex 103.659 16 4.71637
      vertex 103.492 8 4.67465
      vertex 103.492 16 4.67465
    endloop
  endfacet
  facet normal 0.59552 0 -0.803341
    outer loop
      vertex 102.89 8 4.35277
      vertex 103.028 16 4.45507
      vertex 103.028 8 4.45507
    endloop
  endfacet
  facet normal 0.59552 0 -0.803341
    outer loop
      vertex 103.028 16 4.45507
      vertex 102.89 8 4.35277
      vertex 102.89 16 4.35277
    endloop
  endfacet
  facet normal 0.672275 0 -0.740301
    outer loop
      vertex 102.763 8 4.23744
      vertex 102.89 16 4.35277
      vertex 102.89 8 4.35277
    endloop
  endfacet
  facet normal 0.672275 0 -0.740301
    outer loop
      vertex 102.89 16 4.35277
      vertex 102.763 8 4.23744
      vertex 102.763 16 4.23744
    endloop
  endfacet
  facet normal 0.596351 0 0.802724
    outer loop
      vertex 102.89 16 1.64723
      vertex 103 15 1.56551
      vertex 103 16 1.56551
    endloop
  endfacet
  facet normal 0.596351 0 0.802724
    outer loop
      vertex 103 15 1.56551
      vertex 102.89 16 1.64723
      vertex 102.89 15 1.64723
    endloop
  endfacet
  facet normal 0.971024 -0 0.238982
    outer loop
      vertex 102.284 15 2.65859
      vertex 102.325 16 2.492
      vertex 102.284 16 2.65859
    endloop
  endfacet
  facet normal 0.971024 0 0.238982
    outer loop
      vertex 102.325 16 2.492
      vertex 102.284 15 2.65859
      vertex 102.325 15 2.492
    endloop
  endfacet
  facet normal 0.94128 -0 0.337627
    outer loop
      vertex 102.325 15 2.492
      vertex 102.383 16 2.3303
      vertex 102.325 16 2.492
    endloop
  endfacet
  facet normal 0.94128 0 0.337627
    outer loop
      vertex 102.383 16 2.3303
      vertex 102.325 15 2.492
      vertex 102.383 15 2.3303
    endloop
  endfacet
  facet normal 0.98849 -0 0.151288
    outer loop
      vertex 102.258 15 2.82847
      vertex 102.284 16 2.65859
      vertex 102.258 16 2.82847
    endloop
  endfacet
  facet normal 0.98849 0 0.151288
    outer loop
      vertex 102.284 16 2.65859
      vertex 102.258 15 2.82847
      vertex 102.284 15 2.65859
    endloop
  endfacet
  facet normal 0.902688 -0 0.430295
    outer loop
      vertex 102.383 15 2.3303
      vertex 102.457 16 2.17506
      vertex 102.383 16 2.3303
    endloop
  endfacet
  facet normal 0.902688 0 0.430295
    outer loop
      vertex 102.457 16 2.17506
      vertex 102.383 15 2.3303
      vertex 102.457 15 2.17506
    endloop
  endfacet
  facet normal 0.858484 -0 0.512841
    outer loop
      vertex 102.457 15 2.17506
      vertex 102.545 16 2.02775
      vertex 102.457 16 2.17506
    endloop
  endfacet
  facet normal 0.858484 0 0.512841
    outer loop
      vertex 102.545 16 2.02775
      vertex 102.457 15 2.17506
      vertex 102.545 15 2.02775
    endloop
  endfacet
  facet normal 0.73902 -0 0.673684
    outer loop
      vertex 102.647 15 1.88981
      vertex 102.763 16 1.76256
      vertex 102.647 16 1.88981
    endloop
  endfacet
  facet normal 0.73902 0 0.673684
    outer loop
      vertex 102.763 16 1.76256
      vertex 102.647 15 1.88981
      vertex 102.763 15 1.76256
    endloop
  endfacet
  facet normal -0 0 1
    outer loop
      vertex 67.0095 40.2928 3.55
      vertex 68.2396 40.0916 3.55
      vertex 68.2301 40.3874 3.55
    endloop
  endfacet
  facet normal 0 0 1
    outer loop
      vertex 68.2396 40.0916 3.55
      vertex 67.0149 40.0916 3.55
      vertex 68.2352 39.8954 3.55
    endloop
  endfacet
  facet normal -0 0 1
    outer loop
      vertex 66.9932 40.4841 3.55
      vertex 68.2301 40.3874 3.55
      vertex 68.2017 40.6687 3.55
    endloop
  endfacet
  facet normal 0 0 1
    outer loop
      vertex 67.0095 39.881 3.55
      vertex 68.2352 39.8954 3.55
      vertex 67.0149 40.0916 3.55
    endloop
  endfacet
  facet normal 0 0 1
    outer loop
      vertex 68.2352 39.8954 3.55
      vertex 67.0095 39.881 3.55
      vertex 68.2221 39.7045 3.55
    endloop
  endfacet
  facet normal 0 0 1
    outer loop
      vertex 66.9661 40.6655 3.55
      vertex 68.2017 40.6687 3.55
      vertex 68.1544 40.9357 3.55
    endloop
  endfacet
  facet normal 0 0 1
    outer loop
      vertex 66.9933 39.6814 3.55
      vertex 68.2221 39.7045 3.55
      vertex 67.0095 39.881 3.55
    endloop
  endfacet
  facet normal 0 0 1
    outer loop
      vertex 66.9281 40.8371 3.55
      vertex 68.1544 40.9357 3.55
      vertex 68.0881 41.1883 3.55
    endloop
  endfacet
  facet normal 0 0 1
    outer loop
      vertex 68.2221 39.7045 3.55
      vertex 66.9933 39.6814 3.55
      vertex 68.2003 39.5189 3.55
    endloop
  endfacet
  facet normal 0 0 1
    outer loop
      vertex 68.2003 39.5189 3.55
      vertex 66.9933 39.6814 3.55
      vertex 68.1697 39.3386 3.55
    endloop
  endfacet
  facet normal 0 0 1
    outer loop
      vertex 66.8793 40.9987 3.55
      vertex 68.0881 41.1883 3.55
      vertex 68.0029 41.4265 3.55
    endloop
  endfacet
  facet normal -0 0 1
    outer loop
      vertex 66.9663 39.4926 3.55
      vertex 68.1697 39.3386 3.55
      vertex 66.9933 39.6814 3.55
    endloop
  endfacet
  facet normal 0 0 1
    outer loop
      vertex 66.8793 40.9987 3.55
      vertex 68.0029 41.4265 3.55
      vertex 67.8987 41.6504 3.55
    endloop
  endfacet
  facet normal 0 0 1
    outer loop
      vertex 68.1697 39.3386 3.55
      vertex 66.9663 39.4926 3.55
      vertex 68.1303 39.1636 3.55
    endloop
  endfacet
  facet normal -0 0 1
    outer loop
      vertex 66.9285 39.3149 3.55
      vertex 68.1303 39.1636 3.55
      vertex 66.9663 39.4926 3.55
    endloop
  endfacet
  facet normal 0 0 1
    outer loop
      vertex 66.8196 41.1504 3.55
      vertex 67.8987 41.6504 3.55
      vertex 67.7756 41.8599 3.55
    endloop
  endfacet
  facet normal 0 0 1
    outer loop
      vertex 68.1303 39.1636 3.55
      vertex 66.9285 39.3149 3.55
      vertex 68.0823 38.994 3.55
    endloop
  endfacet
  facet normal 0 0 1
    outer loop
      vertex 66.7491 41.2922 3.55
      vertex 67.7756 41.8599 3.55
      vertex 67.6336 42.0551 3.55
    endloop
  endfacet
  facet normal 0 0 1
    outer loop
      vertex 68.0823 38.994 3.55
      vertex 66.9285 39.3149 3.55
      vertex 68.0255 38.8297 3.55
    endloop
  endfacet
  facet normal -0 0 1
    outer loop
      vertex 66.8799 39.1481 3.55
      vertex 68.0255 38.8297 3.55
      vertex 66.9285 39.3149 3.55
    endloop
  endfacet
  facet normal 0 0 1
    outer loop
      vertex 66.6677 41.4241 3.55
      vertex 67.6336 42.0551 3.55
      vertex 67.4726 42.2359 3.55
    endloop
  endfacet
  facet normal 0 0 1
    outer loop
      vertex 68.0255 38.8297 3.55
      vertex 66.8799 39.1481 3.55
      vertex 67.9599 38.6707 3.55
    endloop
  endfacet
  facet normal 0 0 1
    outer loop
      vertex 66.5755 41.5462 3.55
      vertex 67.4726 42.2359 3.55
      vertex 67.2948 42.3998 3.55
    endloop
  endfacet
  facet normal -0 0 1
    outer loop
      vertex 66.8205 38.9922 3.55
      vertex 67.9599 38.6707 3.55
      vertex 66.8799 39.1481 3.55
    endloop
  endfacet
  facet normal 0 0 1
    outer loop
      vertex 67.9599 38.6707 3.55
      vertex 66.8205 38.9922 3.55
      vertex 67.8856 38.517 3.55
    endloop
  endfacet
  facet normal 0 0 1
    outer loop
      vertex 66.4735 41.6568 3.55
      vertex 67.2948 42.3998 3.55
      vertex 67.1023 42.5445 3.55
    endloop
  endfacet
  facet normal 0 0 1
    outer loop
      vertex 67.8856 38.517 3.55
      vertex 66.8205 38.9922 3.55
      vertex 67.8032 38.37 3.55
    endloop
  endfacet
  facet normal -0 0 1
    outer loop
      vertex 66.7503 38.8473 3.55
      vertex 67.8032 38.37 3.55
      vertex 66.8205 38.9922 3.55
    endloop
  endfacet
  facet normal 0 0 1
    outer loop
      vertex 68.2396 40.0916 3.55
      vertex 67.0095 40.2928 3.55
      vertex 67.0149 40.0916 3.55
    endloop
  endfacet
  facet normal 0 0 1
    outer loop
      vertex 68.2301 40.3874 3.55
      vertex 66.9932 40.4841 3.55
      vertex 67.0095 40.2928 3.55
    endloop
  endfacet
  facet normal 0 0 1
    outer loop
      vertex 68.2017 40.6687 3.55
      vertex 66.9661 40.6655 3.55
      vertex 66.9932 40.4841 3.55
    endloop
  endfacet
  facet normal 0 0 1
    outer loop
      vertex 68.1544 40.9357 3.55
      vertex 66.9281 40.8371 3.55
      vertex 66.9661 40.6655 3.55
    endloop
  endfacet
  facet normal 0 0 1
    outer loop
      vertex 66.3627 41.7543 3.55
      vertex 67.1023 42.5445 3.55
      vertex 66.8951 42.6699 3.55
    endloop
  endfacet
  facet normal 0 0 1
    outer loop
      vertex 68.0881 41.1883 3.55
      vertex 66.8793 40.9987 3.55
      vertex 66.9281 40.8371 3.55
    endloop
  endfacet
  facet normal 0 0 1
    outer loop
      vertex 67.8987 41.6504 3.55
      vertex 66.8196 41.1504 3.55
      vertex 66.8793 40.9987 3.55
    endloop
  endfacet
  facet normal 0 0 1
    outer loop
      vertex 67.7756 41.8599 3.55
      vertex 66.7491 41.2922 3.55
      vertex 66.8196 41.1504 3.55
    endloop
  endfacet
  facet normal 0 0 1
    outer loop
      vertex 66.2432 41.8389 3.55
      vertex 66.8951 42.6699 3.55
      vertex 66.6732 42.776 3.55
    endloop
  endfacet
  facet normal 0 0 1
    outer loop
      vertex 67.6336 42.0551 3.55
      vertex 66.6677 41.4241 3.55
      vertex 66.7491 41.2922 3.55
    endloop
  endfacet
  facet normal 0 0 1
    outer loop
      vertex 67.4726 42.2359 3.55
      vertex 66.5755 41.5462 3.55
      vertex 66.6677 41.4241 3.55
    endloop
  endfacet
  facet normal 0 0 1
    outer loop
      vertex 67.2948 42.3998 3.55
      vertex 66.4735 41.6568 3.55
      vertex 66.5755 41.5462 3.55
    endloop
  endfacet
  facet normal 0 0 1
    outer loop
      vertex 66.115 41.9104 3.55
      vertex 66.6732 42.776 3.55
      vertex 66.4365 42.8627 3.55
    endloop
  endfacet
  facet normal 0 0 1
    outer loop
      vertex 67.1023 42.5445 3.55
      vertex 66.3627 41.7543 3.55
      vertex 66.4735 41.6568 3.55
    endloop
  endfacet
  facet normal 0 0 1
    outer loop
      vertex 66.8951 42.6699 3.55
      vertex 66.2432 41.8389 3.55
      vertex 66.3627 41.7543 3.55
    endloop
  endfacet
  facet normal 0 0 1
    outer loop
      vertex 65.978 41.969 3.55
      vertex 66.4365 42.8627 3.55
      vertex 66.1851 42.9303 3.55
    endloop
  endfacet
  facet normal 0 0 1
    outer loop
      vertex 66.6732 42.776 3.55
      vertex 66.115 41.9104 3.55
      vertex 66.2432 41.8389 3.55
    endloop
  endfacet
  facet normal 0 0 1
    outer loop
      vertex 66.4365 42.8627 3.55
      vertex 65.978 41.969 3.55
      vertex 66.115 41.9104 3.55
    endloop
  endfacet
  facet normal 0 0 1
    outer loop
      vertex 65.8323 42.0145 3.55
      vertex 66.1851 42.9303 3.55
      vertex 65.919 42.9785 3.55
    endloop
  endfacet
  facet normal 0 0 1
    outer loop
      vertex 66.1851 42.9303 3.55
      vertex 65.8323 42.0145 3.55
      vertex 65.978 41.969 3.55
    endloop
  endfacet
  facet normal 0 0 1
    outer loop
      vertex 65.919 42.9785 3.55
      vertex 65.6778 42.0471 3.55
      vertex 65.8323 42.0145 3.55
    endloop
  endfacet
  facet normal 0 0 1
    outer loop
      vertex 65.6382 43.0074 3.55
      vertex 65.6778 42.0471 3.55
      vertex 65.919 42.9785 3.55
    endloop
  endfacet
  facet normal 0 0 1
    outer loop
      vertex 65.6382 43.0074 3.55
      vertex 65.5146 42.0666 3.55
      vertex 65.6778 42.0471 3.55
    endloop
  endfacet
  facet normal 0 0 1
    outer loop
      vertex 65.3427 43.0171 3.55
      vertex 65.5146 42.0666 3.55
      vertex 65.6382 43.0074 3.55
    endloop
  endfacet
  facet normal 0 0 1
    outer loop
      vertex 65.3427 43.0171 3.55
      vertex 65.3427 42.0731 3.55
      vertex 65.5146 42.0666 3.55
    endloop
  endfacet
  facet normal 0 0 1
    outer loop
      vertex 65.3427 43.0171 3.55
      vertex 65.1682 42.0666 3.55
      vertex 65.3427 42.0731 3.55
    endloop
  endfacet
  facet normal -0 0 1
    outer loop
      vertex 65.0472 43.0075 3.55
      vertex 65.1682 42.0666 3.55
      vertex 65.3427 43.0171 3.55
    endloop
  endfacet
  facet normal 0 0 1
    outer loop
      vertex 65.0472 43.0075 3.55
      vertex 65.0027 42.0473 3.55
      vertex 65.1682 42.0666 3.55
    endloop
  endfacet
  facet normal -0 0 1
    outer loop
      vertex 64.7664 42.9789 3.55
      vertex 65.0027 42.0473 3.55
      vertex 65.0472 43.0075 3.55
    endloop
  endfacet
  facet normal 0 0 1
    outer loop
      vertex 65.0027 42.0473 3.55
      vertex 64.7664 42.9789 3.55
      vertex 64.8463 42.015 3.55
    endloop
  endfacet
  facet normal -0 0 1
    outer loop
      vertex 64.5005 42.9312 3.55
      vertex 64.8463 42.015 3.55
      vertex 64.7664 42.9789 3.55
    endloop
  endfacet
  facet normal 0 0 1
    outer loop
      vertex 64.8463 42.015 3.55
      vertex 64.5005 42.9312 3.55
      vertex 64.6989 41.9698 3.55
    endloop
  endfacet
  facet normal -0 0 1
    outer loop
      vertex 64.2493 42.8643 3.55
      vertex 64.6989 41.9698 3.55
      vertex 64.5005 42.9312 3.55
    endloop
  endfacet
  facet normal 0 0 1
    outer loop
      vertex 64.6989 41.9698 3.55
      vertex 64.2493 42.8643 3.55
      vertex 64.5606 41.9117 3.55
    endloop
  endfacet
  facet normal -0 0 1
    outer loop
      vertex 64.0128 42.7785 3.55
      vertex 64.5606 41.9117 3.55
      vertex 64.2493 42.8643 3.55
    endloop
  endfacet
  facet normal 0 0 1
    outer loop
      vertex 64.5606 41.9117 3.55
      vertex 64.0128 42.7785 3.55
      vertex 64.4313 41.8407 3.55
    endloop
  endfacet
  facet normal -0 0 1
    outer loop
      vertex 63.7911 42.6735 3.55
      vertex 64.4313 41.8407 3.55
      vertex 64.0128 42.7785 3.55
    endloop
  endfacet
  facet normal 0 0 1
    outer loop
      vertex 64.4313 41.8407 3.55
      vertex 63.7911 42.6735 3.55
      vertex 64.311 41.7568 3.55
    endloop
  endfacet
  facet normal -0 0 1
    outer loop
      vertex 63.5842 42.5494 3.55
      vertex 64.311 41.7568 3.55
      vertex 63.7911 42.6735 3.55
    endloop
  endfacet
  facet normal 0 0 1
    outer loop
      vertex 64.311 41.7568 3.55
      vertex 63.5842 42.5494 3.55
      vertex 64.1998 41.66 3.55
    endloop
  endfacet
  facet normal -0 0 1
    outer loop
      vertex 63.3921 42.4062 3.55
      vertex 64.1998 41.66 3.55
      vertex 63.5842 42.5494 3.55
    endloop
  endfacet
  facet normal 0 0 1
    outer loop
      vertex 64.1998 41.66 3.55
      vertex 63.3921 42.4062 3.55
      vertex 64.0976 41.5502 3.55
    endloop
  endfacet
  facet normal -0 0 1
    outer loop
      vertex 63.2147 42.244 3.55
      vertex 64.0976 41.5502 3.55
      vertex 63.3921 42.4062 3.55
    endloop
  endfacet
  facet normal 0 0 1
    outer loop
      vertex 64.0976 41.5502 3.55
      vertex 63.2147 42.244 3.55
      vertex 64.0054 41.429 3.55
    endloop
  endfacet
  facet normal -0 0 1
    outer loop
      vertex 63.0542 42.0647 3.55
      vertex 64.0054 41.429 3.55
      vertex 63.2147 42.244 3.55
    endloop
  endfacet
  facet normal 0 0 1
    outer loop
      vertex 64.0054 41.429 3.55
      vertex 63.0542 42.0647 3.55
      vertex 63.924 41.2975 3.55
    endloop
  endfacet
  facet normal -0 0 1
    outer loop
      vertex 62.9125 41.8705 3.55
      vertex 63.924 41.2975 3.55
      vertex 63.0542 42.0647 3.55
    endloop
  endfacet
  facet normal 0 0 1
    outer loop
      vertex 63.924 41.2975 3.55
      vertex 62.9125 41.8705 3.55
      vertex 63.8535 41.1558 3.55
    endloop
  endfacet
  facet normal 0 0 1
    outer loop
      vertex 62.4498 40.0916 3.55
      vertex 63.6582 40.0916 3.55
      vertex 63.6637 40.2945 3.55
    endloop
  endfacet
  facet normal -0 0 1
    outer loop
      vertex 62.7897 41.6612 3.55
      vertex 63.8535 41.1558 3.55
      vertex 62.9125 41.8705 3.55
    endloop
  endfacet
  facet normal 0 0 1
    outer loop
      vertex 63.8535 41.1558 3.55
      vertex 62.7897 41.6612 3.55
      vertex 63.7939 41.004 3.55
    endloop
  endfacet
  facet normal 0 0 1
    outer loop
      vertex 63.6582 40.0916 3.55
      vertex 62.4498 40.0916 3.55
      vertex 62.4592 39.7915 3.55
    endloop
  endfacet
  facet normal -0 0 1
    outer loop
      vertex 62.6859 41.4371 3.55
      vertex 63.7939 41.004 3.55
      vertex 62.7897 41.6612 3.55
    endloop
  endfacet
  facet normal 0 0 1
    outer loop
      vertex 63.6582 40.0916 3.55
      vertex 62.4592 39.7915 3.55
      vertex 62.4877 39.5058 3.55
    endloop
  endfacet
  facet normal -0 0 1
    outer loop
      vertex 62.6009 41.1979 3.55
      vertex 63.7939 41.004 3.55
      vertex 62.6859 41.4371 3.55
    endloop
  endfacet
  facet normal 0 0 1
    outer loop
      vertex 63.6582 40.0916 3.55
      vertex 63.3944 37.7459 3.55
      vertex 63.5865 37.5986 3.55
    endloop
  endfacet
  facet normal 0 0 1
    outer loop
      vertex 63.7939 41.004 3.55
      vertex 62.6009 41.1979 3.55
      vertex 63.745 40.8419 3.55
    endloop
  endfacet
  facet normal 0 0 1
    outer loop
      vertex 63.6582 40.0916 3.55
      vertex 63.2168 37.9128 3.55
      vertex 63.3944 37.7459 3.55
    endloop
  endfacet
  facet normal -0 0 1
    outer loop
      vertex 62.5348 40.9438 3.55
      vertex 63.745 40.8419 3.55
      vertex 62.6009 41.1979 3.55
    endloop
  endfacet
  facet normal 0 0 1
    outer loop
      vertex 63.6582 40.0916 3.55
      vertex 63.0558 38.0968 3.55
      vertex 63.2168 37.9128 3.55
    endloop
  endfacet
  facet normal 0 0 1
    outer loop
      vertex 63.745 40.8419 3.55
      vertex 62.5348 40.9438 3.55
      vertex 63.7071 40.6696 3.55
    endloop
  endfacet
  facet normal 0 0 1
    outer loop
      vertex 63.6582 40.0916 3.55
      vertex 62.9138 38.2954 3.55
      vertex 63.0558 38.0968 3.55
    endloop
  endfacet
  facet normal -0 0 1
    outer loop
      vertex 62.4875 40.6747 3.55
      vertex 63.7071 40.6696 3.55
      vertex 62.5348 40.9438 3.55
    endloop
  endfacet
  facet normal 0 0 1
    outer loop
      vertex 63.6582 40.0916 3.55
      vertex 62.7907 38.5084 3.55
      vertex 62.9138 38.2954 3.55
    endloop
  endfacet
  facet normal 0 0 1
    outer loop
      vertex 63.7071 40.6696 3.55
      vertex 62.4875 40.6747 3.55
      vertex 63.6799 40.4872 3.55
    endloop
  endfacet
  facet normal 0 0 1
    outer loop
      vertex 63.6582 40.0916 3.55
      vertex 62.6865 38.736 3.55
      vertex 62.7907 38.5084 3.55
    endloop
  endfacet
  facet normal 0 0 1
    outer loop
      vertex 62.4592 40.3907 3.55
      vertex 63.6799 40.4872 3.55
      vertex 62.4875 40.6747 3.55
    endloop
  endfacet
  facet normal 0 0 1
    outer loop
      vertex 63.6582 40.0916 3.55
      vertex 62.535 39.2347 3.55
      vertex 62.6013 38.9781 3.55
    endloop
  endfacet
  facet normal 0 0 1
    outer loop
      vertex 63.6799 40.4872 3.55
      vertex 62.4592 40.3907 3.55
      vertex 63.6637 40.2945 3.55
    endloop
  endfacet
  facet normal 0 0 1
    outer loop
      vertex 63.6582 40.0916 3.55
      vertex 62.6013 38.9781 3.55
      vertex 62.6865 38.736 3.55
    endloop
  endfacet
  facet normal 0 0 1
    outer loop
      vertex 63.6637 40.2945 3.55
      vertex 62.4592 40.3907 3.55
      vertex 62.4498 40.0916 3.55
    endloop
  endfacet
  facet normal 0 0 1
    outer loop
      vertex 63.6582 40.0916 3.55
      vertex 62.4877 39.5058 3.55
      vertex 62.535 39.2347 3.55
    endloop
  endfacet
  facet normal 0 0 1
    outer loop
      vertex 67.8032 38.37 3.55
      vertex 66.7503 38.8473 3.55
      vertex 67.7132 38.2308 3.55
    endloop
  endfacet
  facet normal 0 0 1
    outer loop
      vertex 67.7132 38.2308 3.55
      vertex 66.7503 38.8473 3.55
      vertex 67.6157 38.0995 3.55
    endloop
  endfacet
  facet normal -0 0 1
    outer loop
      vertex 66.6693 38.7133 3.55
      vertex 67.6157 38.0995 3.55
      vertex 66.7503 38.8473 3.55
    endloop
  endfacet
  facet normal 0 0 1
    outer loop
      vertex 67.6157 38.0995 3.55
      vertex 66.6693 38.7133 3.55
      vertex 67.5107 37.9762 3.55
    endloop
  endfacet
  facet normal -0 0 1
    outer loop
      vertex 66.5775 38.5903 3.55
      vertex 67.5107 37.9762 3.55
      vertex 66.6693 38.7133 3.55
    endloop
  endfacet
  facet normal 0 0 1
    outer loop
      vertex 67.5107 37.9762 3.55
      vertex 66.5775 38.5903 3.55
      vertex 67.3981 37.8606 3.55
    endloop
  endfacet
  facet normal 0 0 1
    outer loop
      vertex 67.3981 37.8606 3.55
      vertex 66.5775 38.5903 3.55
      vertex 67.278 37.753 3.55
    endloop
  endfacet
  facet normal -0 0 1
    outer loop
      vertex 66.4758 38.4793 3.55
      vertex 67.278 37.753 3.55
      vertex 66.5775 38.5903 3.55
    endloop
  endfacet
  facet normal 0 0 1
    outer loop
      vertex 67.278 37.753 3.55
      vertex 66.4758 38.4793 3.55
      vertex 67.1504 37.6533 3.55
    endloop
  endfacet
  facet normal 0 0 1
    outer loop
      vertex 67.1504 37.6533 3.55
      vertex 66.4758 38.4793 3.55
      vertex 67.0152 37.5614 3.55
    endloop
  endfacet
  facet normal -0 0 1
    outer loop
      vertex 66.365 38.3813 3.55
      vertex 67.0152 37.5614 3.55
      vertex 66.4758 38.4793 3.55
    endloop
  endfacet
  facet normal 0 0 1
    outer loop
      vertex 67.0152 37.5614 3.55
      vertex 66.365 38.3813 3.55
      vertex 66.8725 37.4775 3.55
    endloop
  endfacet
  facet normal -0 0 1
    outer loop
      vertex 66.245 38.2964 3.55
      vertex 66.8725 37.4775 3.55
      vertex 66.365 38.3813 3.55
    endloop
  endfacet
  facet normal 0 0 1
    outer loop
      vertex 66.8725 37.4775 3.55
      vertex 66.245 38.2964 3.55
      vertex 66.7233 37.4019 3.55
    endloop
  endfacet
  facet normal 0 0 1
    outer loop
      vertex 66.7233 37.4019 3.55
      vertex 66.245 38.2964 3.55
      vertex 66.5687 37.3352 3.55
    endloop
  endfacet
  facet normal -0 0 1
    outer loop
      vertex 66.116 38.2246 3.55
      vertex 66.5687 37.3352 3.55
      vertex 66.245 38.2964 3.55
    endloop
  endfacet
  facet normal 0 0 1
    outer loop
      vertex 66.5687 37.3352 3.55
      vertex 66.116 38.2246 3.55
      vertex 66.4087 37.2774 3.55
    endloop
  endfacet
  facet normal -0 0 1
    outer loop
      vertex 65.9779 38.1658 3.55
      vertex 66.4087 37.2774 3.55
      vertex 66.116 38.2246 3.55
    endloop
  endfacet
  facet normal 0 0 1
    outer loop
      vertex 66.4087 37.2774 3.55
      vertex 65.9779 38.1658 3.55
      vertex 66.2432 37.2285 3.55
    endloop
  endfacet
  facet normal 0 0 1
    outer loop
      vertex 66.2432 37.2285 3.55
      vertex 65.9779 38.1658 3.55
      vertex 66.0723 37.1885 3.55
    endloop
  endfacet
  facet normal -0 0 1
    outer loop
      vertex 65.8307 38.1201 3.55
      vertex 66.0723 37.1885 3.55
      vertex 65.9779 38.1658 3.55
    endloop
  endfacet
  facet normal 0 0 1
    outer loop
      vertex 66.0723 37.1885 3.55
      vertex 65.8307 38.1201 3.55
      vertex 65.896 37.1574 3.55
    endloop
  endfacet
  facet normal -0 0 1
    outer loop
      vertex 65.6744 38.0874 3.55
      vertex 65.896 37.1574 3.55
      vertex 65.8307 38.1201 3.55
    endloop
  endfacet
  facet normal 0 0 1
    outer loop
      vertex 65.896 37.1574 3.55
      vertex 65.6744 38.0874 3.55
      vertex 65.7143 37.1352 3.55
    endloop
  endfacet
  facet normal -0 0 1
    outer loop
      vertex 65.509 38.0678 3.55
      vertex 65.7143 37.1352 3.55
      vertex 65.6744 38.0874 3.55
    endloop
  endfacet
  facet normal 0 0 1
    outer loop
      vertex 65.7143 37.1352 3.55
      vertex 65.509 38.0678 3.55
      vertex 65.5271 37.1218 3.55
    endloop
  endfacet
  facet normal -0 0 1
    outer loop
      vertex 65.3345 38.0613 3.55
      vertex 65.5271 37.1218 3.55
      vertex 65.509 38.0678 3.55
    endloop
  endfacet
  facet normal 0 0 1
    outer loop
      vertex 65.3345 38.0613 3.55
      vertex 65.3345 37.1174 3.55
      vertex 65.5271 37.1218 3.55
    endloop
  endfacet
  facet normal 0 0 1
    outer loop
      vertex 65.1659 38.068 3.55
      vertex 65.3345 37.1174 3.55
      vertex 65.3345 38.0613 3.55
    endloop
  endfacet
  facet normal 0 0 1
    outer loop
      vertex 65.1659 38.068 3.55
      vertex 65.0415 37.1272 3.55
      vertex 65.3345 37.1174 3.55
    endloop
  endfacet
  facet normal 0 0 1
    outer loop
      vertex 65.0053 38.0881 3.55
      vertex 65.0415 37.1272 3.55
      vertex 65.1659 38.068 3.55
    endloop
  endfacet
  facet normal 0 0 1
    outer loop
      vertex 64.763 37.1567 3.55
      vertex 65.0053 38.0881 3.55
      vertex 64.8528 38.1217 3.55
    endloop
  endfacet
  facet normal 0 0 1
    outer loop
      vertex 65.0053 38.0881 3.55
      vertex 64.763 37.1567 3.55
      vertex 65.0415 37.1272 3.55
    endloop
  endfacet
  facet normal 0 0 1
    outer loop
      vertex 64.4989 37.2058 3.55
      vertex 64.8528 38.1217 3.55
      vertex 64.7085 38.1686 3.55
    endloop
  endfacet
  facet normal 0 0 1
    outer loop
      vertex 64.2491 37.2745 3.55
      vertex 64.7085 38.1686 3.55
      vertex 64.5721 38.229 3.55
    endloop
  endfacet
  facet normal 0 0 1
    outer loop
      vertex 64.8528 38.1217 3.55
      vertex 64.4989 37.2058 3.55
      vertex 64.763 37.1567 3.55
    endloop
  endfacet
  facet normal 0 0 1
    outer loop
      vertex 64.0138 37.3629 3.55
      vertex 64.5721 38.229 3.55
      vertex 64.4439 38.3027 3.55
    endloop
  endfacet
  facet normal 0 0 1
    outer loop
      vertex 63.793 37.4709 3.55
      vertex 64.4439 38.3027 3.55
      vertex 64.3238 38.3899 3.55
    endloop
  endfacet
  facet normal 0 0 1
    outer loop
      vertex 64.7085 38.1686 3.55
      vertex 64.2491 37.2745 3.55
      vertex 64.4989 37.2058 3.55
    endloop
  endfacet
  facet normal 0 0 1
    outer loop
      vertex 63.5865 37.5986 3.55
      vertex 64.3238 38.3899 3.55
      vertex 64.2118 38.4905 3.55
    endloop
  endfacet
  facet normal 0 0 1
    outer loop
      vertex 63.5865 37.5986 3.55
      vertex 64.2118 38.4905 3.55
      vertex 64.1078 38.6045 3.55
    endloop
  endfacet
  facet normal 0 0 1
    outer loop
      vertex 64.5721 38.229 3.55
      vertex 64.0138 37.3629 3.55
      vertex 64.2491 37.2745 3.55
    endloop
  endfacet
  facet normal 0 0 1
    outer loop
      vertex 63.5865 37.5986 3.55
      vertex 64.1078 38.6045 3.55
      vertex 64.0135 38.7301 3.55
    endloop
  endfacet
  facet normal 0 0 1
    outer loop
      vertex 63.5865 37.5986 3.55
      vertex 64.0135 38.7301 3.55
      vertex 63.9302 38.8657 3.55
    endloop
  endfacet
  facet normal 0 0 1
    outer loop
      vertex 63.5865 37.5986 3.55
      vertex 63.9302 38.8657 3.55
      vertex 63.858 39.0112 3.55
    endloop
  endfacet
  facet normal 0 0 1
    outer loop
      vertex 63.5865 37.5986 3.55
      vertex 63.858 39.0112 3.55
      vertex 63.797 39.1665 3.55
    endloop
  endfacet
  facet normal 0 0 1
    outer loop
      vertex 64.4439 38.3027 3.55
      vertex 63.793 37.4709 3.55
      vertex 64.0138 37.3629 3.55
    endloop
  endfacet
  facet normal 0 0 1
    outer loop
      vertex 63.5865 37.5986 3.55
      vertex 63.797 39.1665 3.55
      vertex 63.747 39.3317 3.55
    endloop
  endfacet
  facet normal 0 0 1
    outer loop
      vertex 63.5865 37.5986 3.55
      vertex 63.747 39.3317 3.55
      vertex 63.7082 39.5069 3.55
    endloop
  endfacet
  facet normal 0 0 1
    outer loop
      vertex 63.5865 37.5986 3.55
      vertex 63.7082 39.5069 3.55
      vertex 63.6804 39.6919 3.55
    endloop
  endfacet
  facet normal 0 0 1
    outer loop
      vertex 63.5865 37.5986 3.55
      vertex 63.6804 39.6919 3.55
      vertex 63.6638 39.8868 3.55
    endloop
  endfacet
  facet normal 0 0 1
    outer loop
      vertex 64.3238 38.3899 3.55
      vertex 63.5865 37.5986 3.55
      vertex 63.793 37.4709 3.55
    endloop
  endfacet
  facet normal 0 0 1
    outer loop
      vertex 63.5865 37.5986 3.55
      vertex 63.6638 39.8868 3.55
      vertex 63.6582 40.0916 3.55
    endloop
  endfacet
  facet normal 0 0 1
    outer loop
      vertex 51.9319 37.1988 3.55
      vertex 50.2353 38.6635 3.55
      vertex 50.7439 37.1988 3.55
    endloop
  endfacet
  facet normal 0 0 1
    outer loop
      vertex 51.9319 37.1988 3.55
      vertex 49.9667 39.5668 3.55
      vertex 50.2353 38.6635 3.55
    endloop
  endfacet
  facet normal 0 0 1
    outer loop
      vertex 49.8488 42.9316 3.55
      vertex 49.9667 39.5668 3.55
      vertex 51.9319 37.1988 3.55
    endloop
  endfacet
  facet normal 0 0 1
    outer loop
      vertex 49.8488 42.9316 3.55
      vertex 49.4012 41.2146 3.55
      vertex 49.9667 39.5668 3.55
    endloop
  endfacet
  facet normal 0 0 1
    outer loop
      vertex 49.8488 42.9316 3.55
      vertex 49.2263 41.7679 3.55
      vertex 49.4012 41.2146 3.55
    endloop
  endfacet
  facet normal 0 0 1
    outer loop
      vertex 49.8488 42.9316 3.55
      vertex 49.1407 42.0487 3.55
      vertex 49.2263 41.7679 3.55
    endloop
  endfacet
  facet normal 0 0 1
    outer loop
      vertex 48.4328 42.9316 3.55
      vertex 49.1164 41.9592 3.55
      vertex 49.1407 42.0487 3.55
    endloop
  endfacet
  facet normal 0 0 1
    outer loop
      vertex 49.1164 41.9592 3.55
      vertex 48.4328 42.9316 3.55
      vertex 49.1071 41.9261 3.55
    endloop
  endfacet
  facet normal 0 0 1
    outer loop
      vertex 49.1071 41.9261 3.55
      vertex 48.4328 42.9316 3.55
      vertex 49.0975 41.8921 3.55
    endloop
  endfacet
  facet normal 0 0 1
    outer loop
      vertex 49.0975 41.8921 3.55
      vertex 48.4328 42.9316 3.55
      vertex 49.0874 41.857 3.55
    endloop
  endfacet
  facet normal 0 0 1
    outer loop
      vertex 49.0874 41.857 3.55
      vertex 48.4328 42.9316 3.55
      vertex 49.077 41.8209 3.55
    endloop
  endfacet
  facet normal 0 0 1
    outer loop
      vertex 49.077 41.8209 3.55
      vertex 48.4328 42.9316 3.55
      vertex 49.0661 41.7839 3.55
    endloop
  endfacet
  facet normal 0 0 1
    outer loop
      vertex 49.0661 41.7839 3.55
      vertex 48.4328 42.9316 3.55
      vertex 49.0549 41.7458 3.55
    endloop
  endfacet
  facet normal 0 0 1
    outer loop
      vertex 49.0549 41.7458 3.55
      vertex 48.4328 42.9316 3.55
      vertex 49.0432 41.7067 3.55
    endloop
  endfacet
  facet normal 0 0 1
    outer loop
      vertex 49.0432 41.7067 3.55
      vertex 48.4328 42.9316 3.55
      vertex 49.0312 41.6666 3.55
    endloop
  endfacet
  facet normal 0 0 1
    outer loop
      vertex 49.0312 41.6666 3.55
      vertex 48.4328 42.9316 3.55
      vertex 49.0187 41.6255 3.55
    endloop
  endfacet
  facet normal 0 0 1
    outer loop
      vertex 49.0187 41.6255 3.55
      vertex 48.4328 42.9316 3.55
      vertex 48.9988 41.5632 3.55
    endloop
  endfacet
  facet normal 0 0 1
    outer loop
      vertex 48.9988 41.5632 3.55
      vertex 48.4328 42.9316 3.55
      vertex 48.9645 41.4592 3.55
    endloop
  endfacet
  facet normal 0 0 1
    outer loop
      vertex 48.9645 41.4592 3.55
      vertex 48.4328 42.9316 3.55
      vertex 48.9156 41.3136 3.55
    endloop
  endfacet
  facet normal 0 0 1
    outer loop
      vertex 48.9156 41.3136 3.55
      vertex 48.4328 42.9316 3.55
      vertex 48.8524 41.1264 3.55
    endloop
  endfacet
  facet normal 0 0 1
    outer loop
      vertex 48.8524 41.1264 3.55
      vertex 48.4328 42.9316 3.55
      vertex 48.7746 40.8977 3.55
    endloop
  endfacet
  facet normal 0 0 1
    outer loop
      vertex 48.7746 40.8977 3.55
      vertex 48.4328 42.9316 3.55
      vertex 48.6824 40.6273 3.55
    endloop
  endfacet
  facet normal 0 0 1
    outer loop
      vertex 48.6824 40.6273 3.55
      vertex 48.4328 42.9316 3.55
      vertex 48.5757 40.3154 3.55
    endloop
  endfacet
  facet normal -0 0 1
    outer loop
      vertex 48.4328 42.9316 3.55
      vertex 49.1407 42.0487 3.55
      vertex 49.8488 42.9316 3.55
    endloop
  endfacet
  facet normal 0 0 1
    outer loop
      vertex 48.5757 40.3154 3.55
      vertex 48.4328 42.9316 3.55
      vertex 48.4545 39.9619 3.55
    endloop
  endfacet
  facet normal 0 0 1
    outer loop
      vertex 48.4328 42.9316 3.55
      vertex 48.3189 39.5668 3.55
      vertex 48.4545 39.9619 3.55
    endloop
  endfacet
  facet normal 0 0 1
    outer loop
      vertex 46.3414 37.1988 3.55
      vertex 48.3189 39.5668 3.55
      vertex 48.4328 42.9316 3.55
    endloop
  endfacet
  facet normal 0 0 1
    outer loop
      vertex 48.3189 39.5668 3.55
      vertex 46.3414 37.1988 3.55
      vertex 48.0504 38.6635 3.55
    endloop
  endfacet
  facet normal 0 0 1
    outer loop
      vertex 48.0504 38.6635 3.55
      vertex 46.3414 37.1988 3.55
      vertex 47.5417 37.1988 3.55
    endloop
  endfacet
  facet normal -0 0 1
    outer loop
      vertex 48.3189 39.5668 3.55
      vertex 50.2353 38.6635 3.55
      vertex 49.9667 39.5668 3.55
    endloop
  endfacet
  facet normal 0 0 1
    outer loop
      vertex 50.2353 38.6635 3.55
      vertex 48.3189 39.5668 3.55
      vertex 48.0504 38.6635 3.55
    endloop
  endfacet
  facet normal 0 0 1
    outer loop
      vertex 61.5374 41.3847 3.55
      vertex 60.3293 41.4117 3.55
      vertex 60.3323 41.3285 3.55
    endloop
  endfacet
  facet normal 0 0 1
    outer loop
      vertex 60.5855 42.7698 3.55
      vertex 60.3201 41.4893 3.55
      vertex 60.3293 41.4117 3.55
    endloop
  endfacet
  facet normal 0 0 1
    outer loop
      vertex 60.5855 42.7698 3.55
      vertex 60.305 41.5614 3.55
      vertex 60.3201 41.4893 3.55
    endloop
  endfacet
  facet normal 0 0 1
    outer loop
      vertex 60.5855 42.7698 3.55
      vertex 60.2837 41.6279 3.55
      vertex 60.305 41.5614 3.55
    endloop
  endfacet
  facet normal 0 0 1
    outer loop
      vertex 60.5855 42.7698 3.55
      vertex 60.2563 41.6889 3.55
      vertex 60.2837 41.6279 3.55
    endloop
  endfacet
  facet normal 0 0 1
    outer loop
      vertex 60.0285 41.9119 3.55
      vertex 60.4215 42.8192 3.55
      vertex 60.245 42.8597 3.55
    endloop
  endfacet
  facet normal 0 0 1
    outer loop
      vertex 60.5855 42.7698 3.55
      vertex 60.2229 41.7444 3.55
      vertex 60.2563 41.6889 3.55
    endloop
  endfacet
  facet normal 0 0 1
    outer loop
      vertex 60.5855 42.7698 3.55
      vertex 60.1834 41.7944 3.55
      vertex 60.2229 41.7444 3.55
    endloop
  endfacet
  facet normal 0 0 1
    outer loop
      vertex 60.5855 42.7698 3.55
      vertex 60.1378 41.8389 3.55
      vertex 60.1834 41.7944 3.55
    endloop
  endfacet
  facet normal 0 0 1
    outer loop
      vertex 60.5855 42.7698 3.55
      vertex 60.0861 41.8778 3.55
      vertex 60.1378 41.8389 3.55
    endloop
  endfacet
  facet normal 0 0 1
    outer loop
      vertex 59.8956 41.9682 3.55
      vertex 60.245 42.8597 3.55
      vertex 60.0558 42.8912 3.55
    endloop
  endfacet
  facet normal 0 0 1
    outer loop
      vertex 60.4215 42.8192 3.55
      vertex 60.0285 41.9119 3.55
      vertex 60.0861 41.8778 3.55
    endloop
  endfacet
  facet normal 0 0 1
    outer loop
      vertex 60.245 42.8597 3.55
      vertex 59.965 41.9421 3.55
      vertex 60.0285 41.9119 3.55
    endloop
  endfacet
  facet normal 0 0 1
    outer loop
      vertex 60.245 42.8597 3.55
      vertex 59.8956 41.9682 3.55
      vertex 59.965 41.9421 3.55
    endloop
  endfacet
  facet normal 0 0 1
    outer loop
      vertex 59.8203 41.9903 3.55
      vertex 60.0558 42.8912 3.55
      vertex 59.8541 42.9136 3.55
    endloop
  endfacet
  facet normal 0 0 1
    outer loop
      vertex 60.0558 42.8912 3.55
      vertex 59.8203 41.9903 3.55
      vertex 59.8956 41.9682 3.55
    endloop
  endfacet
  facet normal 0 0 1
    outer loop
      vertex 59.8541 42.9136 3.55
      vertex 59.7392 42.0084 3.55
      vertex 59.8203 41.9903 3.55
    endloop
  endfacet
  facet normal 0 0 1
    outer loop
      vertex 59.8541 42.9136 3.55
      vertex 59.6522 42.0225 3.55
      vertex 59.7392 42.0084 3.55
    endloop
  endfacet
  facet normal 0 0 1
    outer loop
      vertex 59.6397 42.9271 3.55
      vertex 59.6522 42.0225 3.55
      vertex 59.8541 42.9136 3.55
    endloop
  endfacet
  facet normal 0 0 1
    outer loop
      vertex 59.6397 42.9271 3.55
      vertex 59.5593 42.0325 3.55
      vertex 59.6522 42.0225 3.55
    endloop
  endfacet
  facet normal 0 0 1
    outer loop
      vertex 59.6397 42.9271 3.55
      vertex 59.4605 42.0386 3.55
      vertex 59.5593 42.0325 3.55
    endloop
  endfacet
  facet normal 0 0 1
    outer loop
      vertex 59.4128 42.9316 3.55
      vertex 59.4605 42.0386 3.55
      vertex 59.6397 42.9271 3.55
    endloop
  endfacet
  facet normal 0 0 1
    outer loop
      vertex 59.4128 42.9316 3.55
      vertex 59.3558 42.0406 3.55
      vertex 59.4605 42.0386 3.55
    endloop
  endfacet
  facet normal 0 0 1
    outer loop
      vertex 59.4128 42.9316 3.55
      vertex 57.9887 42.0406 3.55
      vertex 59.3558 42.0406 3.55
    endloop
  endfacet
  facet normal 0 0 1
    outer loop
      vertex 56.7884 42.9316 3.55
      vertex 57.9887 40.6205 3.55
      vertex 57.9887 42.0406 3.55
    endloop
  endfacet
  facet normal 0 0 1
    outer loop
      vertex 57.9887 40.6205 3.55
      vertex 56.7884 42.9316 3.55
      vertex 57.9887 39.7336 3.55
    endloop
  endfacet
  facet normal 0 0 1
    outer loop
      vertex 56.7884 37.1988 3.55
      vertex 57.9887 39.7336 3.55
      vertex 56.7884 42.9316 3.55
    endloop
  endfacet
  facet normal -0 0 1
    outer loop
      vertex 56.7884 42.9316 3.55
      vertex 57.9887 42.0406 3.55
      vertex 59.4128 42.9316 3.55
    endloop
  endfacet
  facet normal 0 0 1
    outer loop
      vertex 60.3293 41.4117 3.55
      vertex 61.5407 41.4913 3.55
      vertex 61.5341 41.6452 3.55
    endloop
  endfacet
  facet normal -0 0 1
    outer loop
      vertex 60.3293 41.4117 3.55
      vertex 61.5374 41.3847 3.55
      vertex 61.5407 41.4913 3.55
    endloop
  endfacet
  facet normal 0 0 1
    outer loop
      vertex 60.3293 41.4117 3.55
      vertex 61.5341 41.6452 3.55
      vertex 61.5141 41.7905 3.55
    endloop
  endfacet
  facet normal 0 0 1
    outer loop
      vertex 61.5374 41.3847 3.55
      vertex 60.3323 41.3285 3.55
      vertex 61.5273 41.2818 3.55
    endloop
  endfacet
  facet normal 0 0 1
    outer loop
      vertex 61.5273 41.2818 3.55
      vertex 60.3323 41.3285 3.55
      vertex 61.5106 41.1827 3.55
    endloop
  endfacet
  facet normal 0 0 1
    outer loop
      vertex 60.3293 41.4117 3.55
      vertex 61.5141 41.7905 3.55
      vertex 61.4808 41.9273 3.55
    endloop
  endfacet
  facet normal 0 0 1
    outer loop
      vertex 61.5106 41.1827 3.55
      vertex 60.3323 41.3285 3.55
      vertex 61.4873 41.0874 3.55
    endloop
  endfacet
  facet normal 0 0 1
    outer loop
      vertex 60.3293 41.4117 3.55
      vertex 61.4808 41.9273 3.55
      vertex 61.4342 42.0555 3.55
    endloop
  endfacet
  facet normal -0 0 1
    outer loop
      vertex 60.3295 41.2521 3.55
      vertex 61.4873 41.0874 3.55
      vertex 60.3323 41.3285 3.55
    endloop
  endfacet
  facet normal 0 0 1
    outer loop
      vertex 61.4873 41.0874 3.55
      vertex 60.3295 41.2521 3.55
      vertex 61.4572 40.9959 3.55
    endloop
  endfacet
  facet normal 0 0 1
    outer loop
      vertex 60.3293 41.4117 3.55
      vertex 61.4342 42.0555 3.55
      vertex 61.3743 42.175 3.55
    endloop
  endfacet
  facet normal 0 0 1
    outer loop
      vertex 61.4572 40.9959 3.55
      vertex 60.3295 41.2521 3.55
      vertex 61.4204 40.9081 3.55
    endloop
  endfacet
  facet normal 0 0 1
    outer loop
      vertex 60.3293 41.4117 3.55
      vertex 61.3743 42.175 3.55
      vertex 61.3011 42.286 3.55
    endloop
  endfacet
  facet normal -0 0 1
    outer loop
      vertex 60.321 41.1799 3.55
      vertex 61.4204 40.9081 3.55
      vertex 60.3295 41.2521 3.55
    endloop
  endfacet
  facet normal 0 0 1
    outer loop
      vertex 60.3293 41.4117 3.55
      vertex 61.3011 42.286 3.55
      vertex 61.2146 42.3884 3.55
    endloop
  endfacet
  facet normal 0 0 1
    outer loop
      vertex 61.4204 40.9081 3.55
      vertex 60.321 41.1799 3.55
      vertex 61.377 40.8241 3.55
    endloop
  endfacet
  facet normal 0 0 1
    outer loop
      vertex 61.377 40.8241 3.55
      vertex 60.321 41.1799 3.55
      vertex 61.3269 40.7438 3.55
    endloop
  endfacet
  facet normal 0 0 1
    outer loop
      vertex 60.3293 41.4117 3.55
      vertex 61.2146 42.3884 3.55
      vertex 61.1147 42.4822 3.55
    endloop
  endfacet
  facet normal 0 0 1
    outer loop
      vertex 61.3269 40.7438 3.55
      vertex 60.321 41.1799 3.55
      vertex 61.2701 40.6673 3.55
    endloop
  endfacet
  facet normal 0 0 1
    outer loop
      vertex 60.3293 41.4117 3.55
      vertex 61.1147 42.4822 3.55
      vertex 61.0016 42.5674 3.55
    endloop
  endfacet
  facet normal -0 0 1
    outer loop
      vertex 60.3068 41.1122 3.55
      vertex 61.2701 40.6673 3.55
      vertex 60.321 41.1799 3.55
    endloop
  endfacet
  facet normal 0 0 1
    outer loop
      vertex 61.2701 40.6673 3.55
      vertex 60.3068 41.1122 3.55
      vertex 61.2065 40.5954 3.55
    endloop
  endfacet
  facet normal 0 0 1
    outer loop
      vertex 60.3293 41.4117 3.55
      vertex 61.0016 42.5674 3.55
      vertex 60.8755 42.6439 3.55
    endloop
  endfacet
  facet normal 0 0 1
    outer loop
      vertex 61.2065 40.5954 3.55
      vertex 60.3068 41.1122 3.55
      vertex 61.1359 40.5289 3.55
    endloop
  endfacet
  facet normal 0 0 1
    outer loop
      vertex 60.3293 41.4117 3.55
      vertex 60.8755 42.6439 3.55
      vertex 60.7368 42.7113 3.55
    endloop
  endfacet
  facet normal -0 0 1
    outer loop
      vertex 60.2869 41.0488 3.55
      vertex 61.1359 40.5289 3.55
      vertex 60.3068 41.1122 3.55
    endloop
  endfacet
  facet normal 0 0 1
    outer loop
      vertex 60.3293 41.4117 3.55
      vertex 60.7368 42.7113 3.55
      vertex 60.5855 42.7698 3.55
    endloop
  endfacet
  facet normal 0 0 1
    outer loop
      vertex 61.1359 40.5289 3.55
      vertex 60.2869 41.0488 3.55
      vertex 61.0583 40.4678 3.55
    endloop
  endfacet
  facet normal 0 0 1
    outer loop
      vertex 61.0583 40.4678 3.55
      vertex 60.2869 41.0488 3.55
      vertex 60.9738 40.412 3.55
    endloop
  endfacet
  facet normal 0 0 1
    outer loop
      vertex 60.0861 41.8778 3.55
      vertex 60.5855 42.7698 3.55
      vertex 60.4215 42.8192 3.55
    endloop
  endfacet
  facet normal -0 0 1
    outer loop
      vertex 60.2614 40.9898 3.55
      vertex 60.9738 40.412 3.55
      vertex 60.2869 41.0488 3.55
    endloop
  endfacet
  facet normal 0 0 1
    outer loop
      vertex 60.9738 40.412 3.55
      vertex 60.2614 40.9898 3.55
      vertex 60.8822 40.3616 3.55
    endloop
  endfacet
  facet normal 0 0 1
    outer loop
      vertex 60.8822 40.3616 3.55
      vertex 60.2614 40.9898 3.55
      vertex 60.7837 40.3165 3.55
    endloop
  endfacet
  facet normal -0 0 1
    outer loop
      vertex 60.2301 40.9352 3.55
      vertex 60.7837 40.3165 3.55
      vertex 60.2614 40.9898 3.55
    endloop
  endfacet
  facet normal 0 0 1
    outer loop
      vertex 60.7837 40.3165 3.55
      vertex 60.2301 40.9352 3.55
      vertex 60.6782 40.2769 3.55
    endloop
  endfacet
  facet normal -0 0 1
    outer loop
      vertex 60.1932 40.8849 3.55
      vertex 60.6782 40.2769 3.55
      vertex 60.2301 40.9352 3.55
    endloop
  endfacet
  facet normal 0 0 1
    outer loop
      vertex 60.6782 40.2769 3.55
      vertex 60.1932 40.8849 3.55
      vertex 60.5657 40.2426 3.55
    endloop
  endfacet
  facet normal -0 0 1
    outer loop
      vertex 60.1507 40.8391 3.55
      vertex 60.5657 40.2426 3.55
      vertex 60.1932 40.8849 3.55
    endloop
  endfacet
  facet normal 0 0 1
    outer loop
      vertex 60.5657 40.2426 3.55
      vertex 60.1507 40.8391 3.55
      vertex 60.4462 40.2137 3.55
    endloop
  endfacet
  facet normal 0 0 1
    outer loop
      vertex 60.4462 40.2137 3.55
      vertex 60.3093 39.5744 3.55
      vertex 60.4377 39.4849 3.55
    endloop
  endfacet
  facet normal -0 0 1
    outer loop
      vertex 60.1024 40.7975 3.55
      vertex 60.4462 40.2137 3.55
      vertex 60.1507 40.8391 3.55
    endloop
  endfacet
  facet normal -0 0 1
    outer loop
      vertex 60.0479 40.7604 3.55
      vertex 60.4462 40.2137 3.55
      vertex 60.1024 40.7975 3.55
    endloop
  endfacet
  facet normal 0 0 1
    outer loop
      vertex 60.4462 40.2137 3.55
      vertex 60.1524 39.6441 3.55
      vertex 60.3093 39.5744 3.55
    endloop
  endfacet
  facet normal -0 0 1
    outer loop
      vertex 59.9865 40.7276 3.55
      vertex 60.4462 40.2137 3.55
      vertex 60.0479 40.7604 3.55
    endloop
  endfacet
  facet normal -0 0 1
    outer loop
      vertex 59.9182 40.6992 3.55
      vertex 60.4462 40.2137 3.55
      vertex 59.9865 40.7276 3.55
    endloop
  endfacet
  facet normal 0 0 1
    outer loop
      vertex 60.4462 40.2137 3.55
      vertex 59.9669 39.6938 3.55
      vertex 60.1524 39.6441 3.55
    endloop
  endfacet
  facet normal -0 0 1
    outer loop
      vertex 59.843 40.6752 3.55
      vertex 60.4462 40.2137 3.55
      vertex 59.9182 40.6992 3.55
    endloop
  endfacet
  facet normal 0 0 1
    outer loop
      vertex 60.4462 40.2137 3.55
      vertex 59.843 40.6752 3.55
      vertex 59.9669 39.6938 3.55
    endloop
  endfacet
  facet normal 0 0 1
    outer loop
      vertex 59.753 39.7236 3.55
      vertex 59.843 40.6752 3.55
      vertex 59.761 40.6555 3.55
    endloop
  endfacet
  facet normal 0 0 1
    outer loop
      vertex 59.843 40.6752 3.55
      vertex 59.753 39.7236 3.55
      vertex 59.9669 39.6938 3.55
    endloop
  endfacet
  facet normal -0 0 1
    outer loop
      vertex 59.6721 40.6402 3.55
      vertex 59.753 39.7236 3.55
      vertex 59.761 40.6555 3.55
    endloop
  endfacet
  facet normal -0 0 1
    outer loop
      vertex 59.5762 40.6293 3.55
      vertex 59.753 39.7236 3.55
      vertex 59.6721 40.6402 3.55
    endloop
  endfacet
  facet normal 0 0 1
    outer loop
      vertex 59.5762 40.6293 3.55
      vertex 59.5104 39.7336 3.55
      vertex 59.753 39.7236 3.55
    endloop
  endfacet
  facet normal -0 0 1
    outer loop
      vertex 59.4736 40.6227 3.55
      vertex 59.5104 39.7336 3.55
      vertex 59.5762 40.6293 3.55
    endloop
  endfacet
  facet normal -0 0 1
    outer loop
      vertex 59.364 40.6205 3.55
      vertex 59.5104 39.7336 3.55
      vertex 59.4736 40.6227 3.55
    endloop
  endfacet
  facet normal 0 0 1
    outer loop
      vertex 57.9887 39.7336 3.55
      vertex 59.364 40.6205 3.55
      vertex 57.9887 40.6205 3.55
    endloop
  endfacet
  facet normal 0 0 1
    outer loop
      vertex 59.364 40.6205 3.55
      vertex 57.9887 39.7336 3.55
      vertex 59.5104 39.7336 3.55
    endloop
  endfacet
  facet normal -0 0 1
    outer loop
      vertex 60.666 38.928 3.55
      vertex 61.8703 38.8344 3.55
      vertex 61.8658 38.9618 3.55
    endloop
  endfacet
  facet normal 0 0 1
    outer loop
      vertex 60.666 38.928 3.55
      vertex 61.8658 38.9618 3.55
      vertex 61.8523 39.0835 3.55
    endloop
  endfacet
  facet normal 0 0 1
    outer loop
      vertex 61.8703 38.8344 3.55
      vertex 60.6627 38.8374 3.55
      vertex 61.8631 38.6652 3.55
    endloop
  endfacet
  facet normal 0 0 1
    outer loop
      vertex 60.666 38.928 3.55
      vertex 61.8523 39.0835 3.55
      vertex 61.8298 39.1995 3.55
    endloop
  endfacet
  facet normal -0 0 1
    outer loop
      vertex 60.6528 38.7521 3.55
      vertex 61.8631 38.6652 3.55
      vertex 60.6627 38.8374 3.55
    endloop
  endfacet
  facet normal 0 0 1
    outer loop
      vertex 60.6517 39.097 3.55
      vertex 61.8298 39.1995 3.55
      vertex 61.7984 39.3098 3.55
    endloop
  endfacet
  facet normal 0 0 1
    outer loop
      vertex 60.6517 39.097 3.55
      vertex 61.7984 39.3098 3.55
      vertex 61.7579 39.4145 3.55
    endloop
  endfacet
  facet normal 0 0 1
    outer loop
      vertex 61.8631 38.6652 3.55
      vertex 60.6528 38.7521 3.55
      vertex 61.8414 38.5047 3.55
    endloop
  endfacet
  facet normal 0 0 1
    outer loop
      vertex 60.6517 39.097 3.55
      vertex 61.7579 39.4145 3.55
      vertex 61.7085 39.5134 3.55
    endloop
  endfacet
  facet normal -0 0 1
    outer loop
      vertex 60.6364 38.6719 3.55
      vertex 61.8414 38.5047 3.55
      vertex 60.6528 38.7521 3.55
    endloop
  endfacet
  facet normal 0 0 1
    outer loop
      vertex 60.6517 39.097 3.55
      vertex 61.7085 39.5134 3.55
      vertex 61.65 39.6067 3.55
    endloop
  endfacet
  facet normal 0 0 1
    outer loop
      vertex 61.8414 38.5047 3.55
      vertex 60.6364 38.6719 3.55
      vertex 61.8052 38.353 3.55
    endloop
  endfacet
  facet normal 0 0 1
    outer loop
      vertex 60.6517 39.097 3.55
      vertex 61.65 39.6067 3.55
      vertex 61.5826 39.6944 3.55
    endloop
  endfacet
  facet normal 0 0 1
    outer loop
      vertex 61.8052 38.353 3.55
      vertex 60.6364 38.6719 3.55
      vertex 61.7545 38.2099 3.55
    endloop
  endfacet
  facet normal 0 0 1
    outer loop
      vertex 60.6089 39.2462 3.55
      vertex 61.5826 39.6944 3.55
      vertex 61.5061 39.7763 3.55
    endloop
  endfacet
  facet normal 0 0 1
    outer loop
      vertex 60.6089 39.2462 3.55
      vertex 61.5061 39.7763 3.55
      vertex 61.4211 39.852 3.55
    endloop
  endfacet
  facet normal -0 0 1
    outer loop
      vertex 60.6133 38.5968 3.55
      vertex 61.7545 38.2099 3.55
      vertex 60.6364 38.6719 3.55
    endloop
  endfacet
  facet normal 0 0 1
    outer loop
      vertex 60.6089 39.2462 3.55
      vertex 61.4211 39.852 3.55
      vertex 61.3279 39.921 3.55
    endloop
  endfacet
  facet normal 0 0 1
    outer loop
      vertex 61.7545 38.2099 3.55
      vertex 60.6133 38.5968 3.55
      vertex 61.6895 38.0757 3.55
    endloop
  endfacet
  facet normal 0 0 1
    outer loop
      vertex 60.6089 39.2462 3.55
      vertex 61.3279 39.921 3.55
      vertex 61.2265 39.9831 3.55
    endloop
  endfacet
  facet normal 0 0 1
    outer loop
      vertex 61.6895 38.0757 3.55
      vertex 60.6133 38.5968 3.55
      vertex 61.6099 37.9501 3.55
    endloop
  endfacet
  facet normal 0 0 1
    outer loop
      vertex 60.5376 39.3755 3.55
      vertex 61.2265 39.9831 3.55
      vertex 61.117 40.0385 3.55
    endloop
  endfacet
  facet normal -0 0 1
    outer loop
      vertex 60.5837 38.527 3.55
      vertex 61.6099 37.9501 3.55
      vertex 60.6133 38.5968 3.55
    endloop
  endfacet
  facet normal 0 0 1
    outer loop
      vertex 60.5376 39.3755 3.55
      vertex 61.117 40.0385 3.55
      vertex 60.9992 40.0871 3.55
    endloop
  endfacet
  facet normal 0 0 1
    outer loop
      vertex 60.5376 39.3755 3.55
      vertex 60.9992 40.0871 3.55
      vertex 60.8732 40.1289 3.55
    endloop
  endfacet
  facet normal 0 0 1
    outer loop
      vertex 61.8703 38.8344 3.55
      vertex 60.666 38.928 3.55
      vertex 60.6627 38.8374 3.55
    endloop
  endfacet
  facet normal 0 0 1
    outer loop
      vertex 60.4377 39.4849 3.55
      vertex 60.8732 40.1289 3.55
      vertex 60.7391 40.164 3.55
    endloop
  endfacet
  facet normal 0 0 1
    outer loop
      vertex 61.6099 37.9501 3.55
      vertex 60.5837 38.527 3.55
      vertex 61.5159 37.8333 3.55
    endloop
  endfacet
  facet normal -0 0 1
    outer loop
      vertex 60.5475 38.4623 3.55
      vertex 61.5159 37.8333 3.55
      vertex 60.5837 38.527 3.55
    endloop
  endfacet
  facet normal 0 0 1
    outer loop
      vertex 61.8298 39.1995 3.55
      vertex 60.6517 39.097 3.55
      vertex 60.666 38.928 3.55
    endloop
  endfacet
  facet normal 0 0 1
    outer loop
      vertex 61.5826 39.6944 3.55
      vertex 60.6089 39.2462 3.55
      vertex 60.6517 39.097 3.55
    endloop
  endfacet
  facet normal 0 0 1
    outer loop
      vertex 60.4377 39.4849 3.55
      vertex 60.7391 40.164 3.55
      vertex 60.5968 40.1922 3.55
    endloop
  endfacet
  facet normal 0 0 1
    outer loop
      vertex 61.2265 39.9831 3.55
      vertex 60.5376 39.3755 3.55
      vertex 60.6089 39.2462 3.55
    endloop
  endfacet
  facet normal 0 0 1
    outer loop
      vertex 60.4377 39.4849 3.55
      vertex 60.5968 40.1922 3.55
      vertex 60.4462 40.2137 3.55
    endloop
  endfacet
  facet normal 0 0 1
    outer loop
      vertex 60.8732 40.1289 3.55
      vertex 60.4377 39.4849 3.55
      vertex 60.5376 39.3755 3.55
    endloop
  endfacet
  facet normal 0 0 1
    outer loop
      vertex 61.5159 37.8333 3.55
      vertex 60.5475 38.4623 3.55
      vertex 61.4073 37.7253 3.55
    endloop
  endfacet
  facet normal 0 0 1
    outer loop
      vertex 61.4073 37.7253 3.55
      vertex 60.5475 38.4623 3.55
      vertex 61.2844 37.626 3.55
    endloop
  endfacet
  facet normal -0 0 1
    outer loop
      vertex 60.5047 38.4028 3.55
      vertex 61.2844 37.626 3.55
      vertex 60.5475 38.4623 3.55
    endloop
  endfacet
  facet normal 0 0 1
    outer loop
      vertex 61.2844 37.626 3.55
      vertex 60.5047 38.4028 3.55
      vertex 61.1486 37.5363 3.55
    endloop
  endfacet
  facet normal -0 0 1
    outer loop
      vertex 60.4554 38.3485 3.55
      vertex 61.1486 37.5363 3.55
      vertex 60.5047 38.4028 3.55
    endloop
  endfacet
  facet normal 0 0 1
    outer loop
      vertex 61.1486 37.5363 3.55
      vertex 60.4554 38.3485 3.55
      vertex 61.0015 37.4572 3.55
    endloop
  endfacet
  facet normal -0 0 1
    outer loop
      vertex 60.3994 38.2993 3.55
      vertex 61.0015 37.4572 3.55
      vertex 60.4554 38.3485 3.55
    endloop
  endfacet
  facet normal 0 0 1
    outer loop
      vertex 61.0015 37.4572 3.55
      vertex 60.3994 38.2993 3.55
      vertex 60.8432 37.3886 3.55
    endloop
  endfacet
  facet normal -0 0 1
    outer loop
      vertex 60.3364 38.2554 3.55
      vertex 60.8432 37.3886 3.55
      vertex 60.3994 38.2993 3.55
    endloop
  endfacet
  facet normal 0 0 1
    outer loop
      vertex 60.8432 37.3886 3.55
      vertex 60.3364 38.2554 3.55
      vertex 60.6736 37.3306 3.55
    endloop
  endfacet
  facet normal -0 0 1
    outer loop
      vertex 60.2656 38.2166 3.55
      vertex 60.6736 37.3306 3.55
      vertex 60.3364 38.2554 3.55
    endloop
  endfacet
  facet normal 0 0 1
    outer loop
      vertex 60.6736 37.3306 3.55
      vertex 60.2656 38.2166 3.55
      vertex 60.4927 37.2831 3.55
    endloop
  endfacet
  facet normal -0 0 1
    outer loop
      vertex 60.1872 38.1829 3.55
      vertex 60.4927 37.2831 3.55
      vertex 60.2656 38.2166 3.55
    endloop
  endfacet
  facet normal 0 0 1
    outer loop
      vertex 60.4927 37.2831 3.55
      vertex 60.1872 38.1829 3.55
      vertex 60.3007 37.2462 3.55
    endloop
  endfacet
  facet normal -0 0 1
    outer loop
      vertex 60.1011 38.1545 3.55
      vertex 60.3007 37.2462 3.55
      vertex 60.1872 38.1829 3.55
    endloop
  endfacet
  facet normal -0 0 1
    outer loop
      vertex 60.0073 38.1312 3.55
      vertex 60.3007 37.2462 3.55
      vertex 60.1011 38.1545 3.55
    endloop
  endfacet
  facet normal 0 0 1
    outer loop
      vertex 60.3007 37.2462 3.55
      vertex 60.0073 38.1312 3.55
      vertex 60.0973 37.2198 3.55
    endloop
  endfacet
  facet normal -0 0 1
    outer loop
      vertex 59.9058 38.1131 3.55
      vertex 60.0973 37.2198 3.55
      vertex 60.0073 38.1312 3.55
    endloop
  endfacet
  facet normal 0 0 1
    outer loop
      vertex 59.9058 38.1131 3.55
      vertex 59.8828 37.204 3.55
      vertex 60.0973 37.2198 3.55
    endloop
  endfacet
  facet normal -0 0 1
    outer loop
      vertex 59.7966 38.1002 3.55
      vertex 59.8828 37.204 3.55
      vertex 59.9058 38.1131 3.55
    endloop
  endfacet
  facet normal -0 0 1
    outer loop
      vertex 59.6797 38.0924 3.55
      vertex 59.8828 37.204 3.55
      vertex 59.7966 38.1002 3.55
    endloop
  endfacet
  facet normal 0 0 1
    outer loop
      vertex 59.6797 38.0924 3.55
      vertex 59.6569 37.1988 3.55
      vertex 59.8828 37.204 3.55
    endloop
  endfacet
  facet normal -0 0 1
    outer loop
      vertex 59.5552 38.0898 3.55
      vertex 59.6569 37.1988 3.55
      vertex 59.6797 38.0924 3.55
    endloop
  endfacet
  facet normal -0 0 1
    outer loop
      vertex 57.9887 38.0898 3.55
      vertex 59.6569 37.1988 3.55
      vertex 59.5552 38.0898 3.55
    endloop
  endfacet
  facet normal 0 0 1
    outer loop
      vertex 57.9887 38.0898 3.55
      vertex 56.7884 37.1988 3.55
      vertex 59.6569 37.1988 3.55
    endloop
  endfacet
  facet normal 0 0 1
    outer loop
      vertex 57.9887 39.7336 3.55
      vertex 56.7884 37.1988 3.55
      vertex 57.9887 38.0898 3.55
    endloop
  endfacet
  facet normal -0 0 1
    outer loop
      vertex 72.4946 42.9316 3.55
      vertex 72.0144 40.2137 3.55
      vertex 73.7559 42.9316 3.55
    endloop
  endfacet
  facet normal 0 -0 1
    outer loop
      vertex 72.0144 40.2137 3.55
      vertex 72.4946 42.9316 3.55
      vertex 71.2211 40.9054 3.55
    endloop
  endfacet
  facet normal 0 0 1
    outer loop
      vertex 72.0144 40.2137 3.55
      vertex 72.6614 37.1988 3.55
      vertex 73.9227 37.1988 3.55
    endloop
  endfacet
  facet normal 0 0 1
    outer loop
      vertex 71.2211 39.4813 3.55
      vertex 72.0144 40.2137 3.55
      vertex 71.2211 40.9054 3.55
    endloop
  endfacet
  facet normal 0 0 1
    outer loop
      vertex 72.0144 40.2137 3.55
      vertex 71.2211 39.4813 3.55
      vertex 72.6614 37.1988 3.55
    endloop
  endfacet
  facet normal 0 0 1
    outer loop
      vertex 71.2211 40.9054 3.55
      vertex 70.4968 40.2137 3.55
      vertex 71.2211 39.4813 3.55
    endloop
  endfacet
  facet normal 0 0 1
    outer loop
      vertex 69.9475 42.9316 3.55
      vertex 70.4968 40.2137 3.55
      vertex 71.2211 40.9054 3.55
    endloop
  endfacet
  facet normal 0 0 1
    outer loop
      vertex 70.4968 40.2137 3.55
      vertex 69.9475 42.9316 3.55
      vertex 68.6781 42.9316 3.55
    endloop
  endfacet
  facet normal 0 0 1
    outer loop
      vertex 70.4968 40.2137 3.55
      vertex 69.7807 37.1988 3.55
      vertex 71.2211 39.4813 3.55
    endloop
  endfacet
  facet normal 0 -0 1
    outer loop
      vertex 69.7807 37.1988 3.55
      vertex 70.4968 40.2137 3.55
      vertex 68.5113 37.1988 3.55
    endloop
  endfacet
  facet normal 0.0713985 -0.997448 0
    outer loop
      vertex 65.5271 37.1218 3
      vertex 65.7143 37.1352 3.55
      vertex 65.5271 37.1218 3.55
    endloop
  endfacet
  facet normal 0.0713985 -0.997448 0
    outer loop
      vertex 65.7143 37.1352 3.55
      vertex 65.5271 37.1218 3
      vertex 65.7143 37.1352 3
    endloop
  endfacet
  facet normal 0.121278 -0.992619 0
    outer loop
      vertex 65.7143 37.1352 3
      vertex 65.896 37.1574 3.55
      vertex 65.7143 37.1352 3.55
    endloop
  endfacet
  facet normal 0.121278 -0.992619 0
    outer loop
      vertex 65.896 37.1574 3.55
      vertex 65.7143 37.1352 3
      vertex 65.896 37.1574 3
    endloop
  endfacet
  facet normal 0.173722 -0.984795 0
    outer loop
      vertex 65.896 37.1574 3
      vertex 66.0723 37.1885 3.55
      vertex 65.896 37.1574 3.55
    endloop
  endfacet
  facet normal 0.173722 -0.984795 0
    outer loop
      vertex 66.0723 37.1885 3.55
      vertex 65.896 37.1574 3
      vertex 66.0723 37.1885 3
    endloop
  endfacet
  facet normal 0.227896 -0.973685 0
    outer loop
      vertex 66.0723 37.1885 3
      vertex 66.2432 37.2285 3.55
      vertex 66.0723 37.1885 3.55
    endloop
  endfacet
  facet normal 0.227896 -0.973685 0
    outer loop
      vertex 66.2432 37.2285 3.55
      vertex 66.0723 37.1885 3
      vertex 66.2432 37.2285 3
    endloop
  endfacet
  facet normal 0.283358 -0.959014 0
    outer loop
      vertex 66.2432 37.2285 3
      vertex 66.4087 37.2774 3.55
      vertex 66.2432 37.2285 3.55
    endloop
  endfacet
  facet normal 0.283358 -0.959014 0
    outer loop
      vertex 66.4087 37.2774 3.55
      vertex 66.2432 37.2285 3
      vertex 66.4087 37.2774 3
    endloop
  endfacet
  facet normal 0.33976 -0.940512 0
    outer loop
      vertex 66.4087 37.2774 3
      vertex 66.5687 37.3352 3.55
      vertex 66.4087 37.2774 3.55
    endloop
  endfacet
  facet normal 0.33976 -0.940512 0
    outer loop
      vertex 66.5687 37.3352 3.55
      vertex 66.4087 37.2774 3
      vertex 66.5687 37.3352 3
    endloop
  endfacet
  facet normal 0.39614 -0.91819 0
    outer loop
      vertex 66.5687 37.3352 3
      vertex 66.7233 37.4019 3.55
      vertex 66.5687 37.3352 3.55
    endloop
  endfacet
  facet normal 0.39614 -0.91819 0
    outer loop
      vertex 66.7233 37.4019 3.55
      vertex 66.5687 37.3352 3
      vertex 66.7233 37.4019 3
    endloop
  endfacet
  facet normal 0.45199 -0.892023 0
    outer loop
      vertex 66.7233 37.4019 3
      vertex 66.8725 37.4775 3.55
      vertex 66.7233 37.4019 3.55
    endloop
  endfacet
  facet normal 0.45199 -0.892023 0
    outer loop
      vertex 66.8725 37.4775 3.55
      vertex 66.7233 37.4019 3
      vertex 66.8725 37.4775 3
    endloop
  endfacet
  facet normal 0.506835 -0.862043 0
    outer loop
      vertex 66.8725 37.4775 3
      vertex 67.0152 37.5614 3.55
      vertex 66.8725 37.4775 3.55
    endloop
  endfacet
  facet normal 0.506835 -0.862043 0
    outer loop
      vertex 67.0152 37.5614 3.55
      vertex 66.8725 37.4775 3
      vertex 67.0152 37.5614 3
    endloop
  endfacet
  facet normal 0.562159 -0.827029 0
    outer loop
      vertex 67.0152 37.5614 3
      vertex 67.1504 37.6533 3.55
      vertex 67.0152 37.5614 3.55
    endloop
  endfacet
  facet normal 0.562159 -0.827029 0
    outer loop
      vertex 67.1504 37.6533 3.55
      vertex 67.0152 37.5614 3
      vertex 67.1504 37.6533 3
    endloop
  endfacet
  facet normal 0.615692 -0.787987 0
    outer loop
      vertex 67.1504 37.6533 3
      vertex 67.278 37.753 3.55
      vertex 67.1504 37.6533 3.55
    endloop
  endfacet
  facet normal 0.615692 -0.787987 0
    outer loop
      vertex 67.278 37.753 3.55
      vertex 67.1504 37.6533 3
      vertex 67.278 37.753 3
    endloop
  endfacet
  facet normal 0.667284 -0.744803 0
    outer loop
      vertex 67.278 37.753 3
      vertex 67.3981 37.8606 3.55
      vertex 67.278 37.753 3.55
    endloop
  endfacet
  facet normal 0.667284 -0.744803 0
    outer loop
      vertex 67.3981 37.8606 3.55
      vertex 67.278 37.753 3
      vertex 67.3981 37.8606 3
    endloop
  endfacet
  facet normal 0.716341 -0.697751 0
    outer loop
      vertex 67.3981 37.8606 3.55
      vertex 67.5107 37.9762 3
      vertex 67.5107 37.9762 3.55
    endloop
  endfacet
  facet normal 0.716341 -0.697751 0
    outer loop
      vertex 67.5107 37.9762 3
      vertex 67.3981 37.8606 3.55
      vertex 67.3981 37.8606 3
    endloop
  endfacet
  facet normal 0.761345 -0.648347 0
    outer loop
      vertex 67.5107 37.9762 3.55
      vertex 67.6157 38.0995 3
      vertex 67.6157 38.0995 3.55
    endloop
  endfacet
  facet normal 0.761345 -0.648347 0
    outer loop
      vertex 67.6157 38.0995 3
      vertex 67.5107 37.9762 3.55
      vertex 67.5107 37.9762 3
    endloop
  endfacet
  facet normal 0.802853 -0.596178 0
    outer loop
      vertex 67.6157 38.0995 3.55
      vertex 67.7132 38.2308 3
      vertex 67.7132 38.2308 3.55
    endloop
  endfacet
  facet normal 0.802853 -0.596178 0
    outer loop
      vertex 67.7132 38.2308 3
      vertex 67.6157 38.0995 3.55
      vertex 67.6157 38.0995 3
    endloop
  endfacet
  facet normal 0.839764 -0.542951 0
    outer loop
      vertex 67.7132 38.2308 3.55
      vertex 67.8032 38.37 3
      vertex 67.8032 38.37 3.55
    endloop
  endfacet
  facet normal 0.839764 -0.542951 0
    outer loop
      vertex 67.8032 38.37 3
      vertex 67.7132 38.2308 3.55
      vertex 67.7132 38.2308 3
    endloop
  endfacet
  facet normal 0.872304 -0.488965 0
    outer loop
      vertex 67.8032 38.37 3.55
      vertex 67.8856 38.517 3
      vertex 67.8856 38.517 3.55
    endloop
  endfacet
  facet normal 0.872304 -0.488965 0
    outer loop
      vertex 67.8856 38.517 3
      vertex 67.8032 38.37 3.55
      vertex 67.8032 38.37 3
    endloop
  endfacet
  facet normal 0.900322 -0.435224 0
    outer loop
      vertex 67.8856 38.517 3.55
      vertex 67.9599 38.6707 3
      vertex 67.9599 38.6707 3.55
    endloop
  endfacet
  facet normal 0.900322 -0.435224 0
    outer loop
      vertex 67.9599 38.6707 3
      vertex 67.8856 38.517 3.55
      vertex 67.8856 38.517 3
    endloop
  endfacet
  facet normal 0.924413 -0.381393 0
    outer loop
      vertex 67.9599 38.6707 3.55
      vertex 68.0255 38.8297 3
      vertex 68.0255 38.8297 3.55
    endloop
  endfacet
  facet normal 0.924413 -0.381393 0
    outer loop
      vertex 68.0255 38.8297 3
      vertex 67.9599 38.6707 3.55
      vertex 67.9599 38.6707 3
    endloop
  endfacet
  facet normal 0.945116 -0.326735 0
    outer loop
      vertex 68.0255 38.8297 3.55
      vertex 68.0823 38.994 3
      vertex 68.0823 38.994 3.55
    endloop
  endfacet
  facet normal 0.945116 -0.326735 0
    outer loop
      vertex 68.0823 38.994 3
      vertex 68.0255 38.8297 3.55
      vertex 68.0255 38.8297 3
    endloop
  endfacet
  facet normal 0.962206 -0.272322 0
    outer loop
      vertex 68.0823 38.994 3.55
      vertex 68.1303 39.1636 3
      vertex 68.1303 39.1636 3.55
    endloop
  endfacet
  facet normal 0.962206 -0.272322 0
    outer loop
      vertex 68.1303 39.1636 3
      vertex 68.0823 38.994 3.55
      vertex 68.0823 38.994 3
    endloop
  endfacet
  facet normal 0.97558 -0.219645 0
    outer loop
      vertex 68.1303 39.1636 3.55
      vertex 68.1697 39.3386 3
      vertex 68.1697 39.3386 3.55
    endloop
  endfacet
  facet normal 0.97558 -0.219645 0
    outer loop
      vertex 68.1697 39.3386 3
      vertex 68.1303 39.1636 3.55
      vertex 68.1303 39.1636 3
    endloop
  endfacet
  facet normal 0.985902 -0.167324 0
    outer loop
      vertex 68.1697 39.3386 3.55
      vertex 68.2003 39.5189 3
      vertex 68.2003 39.5189 3.55
    endloop
  endfacet
  facet normal 0.985902 -0.167324 0
    outer loop
      vertex 68.2003 39.5189 3
      vertex 68.1697 39.3386 3.55
      vertex 68.1697 39.3386 3
    endloop
  endfacet
  facet normal 0.993173 -0.116655 0
    outer loop
      vertex 68.2003 39.5189 3.55
      vertex 68.2221 39.7045 3
      vertex 68.2221 39.7045 3.55
    endloop
  endfacet
  facet normal 0.993173 -0.116655 0
    outer loop
      vertex 68.2221 39.7045 3
      vertex 68.2003 39.5189 3.55
      vertex 68.2003 39.5189 3
    endloop
  endfacet
  facet normal 0.997654 -0.0684613 0
    outer loop
      vertex 68.2221 39.7045 3.55
      vertex 68.2352 39.8954 3
      vertex 68.2352 39.8954 3.55
    endloop
  endfacet
  facet normal 0.997654 -0.0684613 0
    outer loop
      vertex 68.2352 39.8954 3
      vertex 68.2221 39.7045 3.55
      vertex 68.2221 39.7045 3
    endloop
  endfacet
  facet normal 0.999749 -0.0224205 0
    outer loop
      vertex 68.2352 39.8954 3.55
      vertex 68.2396 40.0916 3
      vertex 68.2396 40.0916 3.55
    endloop
  endfacet
  facet normal 0.999749 -0.0224205 0
    outer loop
      vertex 68.2396 40.0916 3
      vertex 68.2352 39.8954 3.55
      vertex 68.2352 39.8954 3
    endloop
  endfacet
  facet normal 0.999485 0.0320997 0
    outer loop
      vertex 68.2396 40.0916 3.55
      vertex 68.2301 40.3874 3
      vertex 68.2301 40.3874 3.55
    endloop
  endfacet
  facet normal 0.999485 0.0320997 0
    outer loop
      vertex 68.2301 40.3874 3
      vertex 68.2396 40.0916 3.55
      vertex 68.2396 40.0916 3
    endloop
  endfacet
  facet normal 0.994942 0.100449 0
    outer loop
      vertex 68.2301 40.3874 3.55
      vertex 68.2017 40.6687 3
      vertex 68.2017 40.6687 3.55
    endloop
  endfacet
  facet normal 0.994942 0.100449 0
    outer loop
      vertex 68.2017 40.6687 3
      vertex 68.2301 40.3874 3.55
      vertex 68.2301 40.3874 3
    endloop
  endfacet
  facet normal 0.984668 0.174437 0
    outer loop
      vertex 68.2017 40.6687 3.55
      vertex 68.1544 40.9357 3
      vertex 68.1544 40.9357 3.55
    endloop
  endfacet
  facet normal 0.984668 0.174437 0
    outer loop
      vertex 68.1544 40.9357 3
      vertex 68.2017 40.6687 3.55
      vertex 68.2017 40.6687 3
    endloop
  endfacet
  facet normal 0.967238 0.253871 0
    outer loop
      vertex 68.1544 40.9357 3.55
      vertex 68.0881 41.1883 3
      vertex 68.0881 41.1883 3.55
    endloop
  endfacet
  facet normal 0.967238 0.253871 0
    outer loop
      vertex 68.0881 41.1883 3
      vertex 68.1544 40.9357 3.55
      vertex 68.1544 40.9357 3
    endloop
  endfacet
  facet normal 0.941581 0.336787 0
    outer loop
      vertex 68.0881 41.1883 3.55
      vertex 68.0029 41.4265 3
      vertex 68.0029 41.4265 3.55
    endloop
  endfacet
  facet normal 0.941581 0.336787 0
    outer loop
      vertex 68.0029 41.4265 3
      vertex 68.0881 41.1883 3.55
      vertex 68.0881 41.1883 3
    endloop
  endfacet
  facet normal 0.906627 0.421932 0
    outer loop
      vertex 68.0029 41.4265 3.55
      vertex 67.8987 41.6504 3
      vertex 67.8987 41.6504 3.55
    endloop
  endfacet
  facet normal 0.906627 0.421932 0
    outer loop
      vertex 67.8987 41.6504 3
      vertex 68.0029 41.4265 3.55
      vertex 68.0029 41.4265 3
    endloop
  endfacet
  facet normal 0.862177 0.506606 0
    outer loop
      vertex 67.8987 41.6504 3.55
      vertex 67.7756 41.8599 3
      vertex 67.7756 41.8599 3.55
    endloop
  endfacet
  facet normal 0.862177 0.506606 0
    outer loop
      vertex 67.7756 41.8599 3
      vertex 67.8987 41.6504 3.55
      vertex 67.8987 41.6504 3
    endloop
  endfacet
  facet normal 0.808664 0.58827 0
    outer loop
      vertex 67.7756 41.8599 3.55
      vertex 67.6336 42.0551 3
      vertex 67.6336 42.0551 3.55
    endloop
  endfacet
  facet normal 0.808664 0.58827 0
    outer loop
      vertex 67.6336 42.0551 3
      vertex 67.7756 41.8599 3.55
      vertex 67.7756 41.8599 3
    endloop
  endfacet
  facet normal 0.746816 0.66503 0
    outer loop
      vertex 67.6336 42.0551 3.55
      vertex 67.4726 42.2359 3
      vertex 67.4726 42.2359 3.55
    endloop
  endfacet
  facet normal 0.746816 0.66503 0
    outer loop
      vertex 67.4726 42.2359 3
      vertex 67.6336 42.0551 3.55
      vertex 67.6336 42.0551 3
    endloop
  endfacet
  facet normal 0.677782 0.735263 -0
    outer loop
      vertex 67.4726 42.2359 3
      vertex 67.2948 42.3998 3.55
      vertex 67.4726 42.2359 3.55
    endloop
  endfacet
  facet normal 0.677782 0.735263 0
    outer loop
      vertex 67.2948 42.3998 3.55
      vertex 67.4726 42.2359 3
      vertex 67.2948 42.3998 3
    endloop
  endfacet
  facet normal 0.600863 0.799352 -0
    outer loop
      vertex 67.2948 42.3998 3
      vertex 67.1023 42.5445 3.55
      vertex 67.2948 42.3998 3.55
    endloop
  endfacet
  facet normal 0.600863 0.799352 0
    outer loop
      vertex 67.1023 42.5445 3.55
      vertex 67.2948 42.3998 3
      vertex 67.1023 42.5445 3
    endloop
  endfacet
  facet normal 0.517771 0.855519 -0
    outer loop
      vertex 67.1023 42.5445 3
      vertex 66.8951 42.6699 3.55
      vertex 67.1023 42.5445 3.55
    endloop
  endfacet
  facet normal 0.517771 0.855519 0
    outer loop
      vertex 66.8951 42.6699 3.55
      vertex 67.1023 42.5445 3
      vertex 66.8951 42.6699 3
    endloop
  endfacet
  facet normal 0.431369 0.902175 -0
    outer loop
      vertex 66.8951 42.6699 3
      vertex 66.6732 42.776 3.55
      vertex 66.8951 42.6699 3.55
    endloop
  endfacet
  facet normal 0.431369 0.902175 0
    outer loop
      vertex 66.6732 42.776 3.55
      vertex 66.8951 42.6699 3
      vertex 66.6732 42.776 3
    endloop
  endfacet
  facet normal 0.34394 0.938992 -0
    outer loop
      vertex 66.6732 42.776 3
      vertex 66.4365 42.8627 3.55
      vertex 66.6732 42.776 3.55
    endloop
  endfacet
  facet normal 0.34394 0.938992 0
    outer loop
      vertex 66.4365 42.8627 3.55
      vertex 66.6732 42.776 3
      vertex 66.4365 42.8627 3
    endloop
  endfacet
  facet normal 0.25967 0.965697 -0
    outer loop
      vertex 66.4365 42.8627 3
      vertex 66.1851 42.9303 3.55
      vertex 66.4365 42.8627 3.55
    endloop
  endfacet
  facet normal 0.25967 0.965697 0
    outer loop
      vertex 66.1851 42.9303 3.55
      vertex 66.4365 42.8627 3
      vertex 66.1851 42.9303 3
    endloop
  endfacet
  facet normal 0.178235 0.983988 -0
    outer loop
      vertex 66.1851 42.9303 3
      vertex 65.919 42.9785 3.55
      vertex 66.1851 42.9303 3.55
    endloop
  endfacet
  facet normal 0.178235 0.983988 0
    outer loop
      vertex 65.919 42.9785 3.55
      vertex 66.1851 42.9303 3
      vertex 65.919 42.9785 3
    endloop
  endfacet
  facet normal 0.102379 0.994745 -0
    outer loop
      vertex 65.919 42.9785 3
      vertex 65.6382 43.0074 3.55
      vertex 65.919 42.9785 3.55
    endloop
  endfacet
  facet normal 0.102379 0.994745 0
    outer loop
      vertex 65.6382 43.0074 3.55
      vertex 65.919 42.9785 3
      vertex 65.6382 43.0074 3
    endloop
  endfacet
  facet normal 0.032808 0.999462 -0
    outer loop
      vertex 65.6382 43.0074 3
      vertex 65.3427 43.0171 3.55
      vertex 65.6382 43.0074 3.55
    endloop
  endfacet
  facet normal 0.032808 0.999462 0
    outer loop
      vertex 65.3427 43.0171 3.55
      vertex 65.6382 43.0074 3
      vertex 65.3427 43.0171 3
    endloop
  endfacet
  facet normal -0.0324702 0.999473 0
    outer loop
      vertex 65.3427 43.0171 3
      vertex 65.0472 43.0075 3.55
      vertex 65.3427 43.0171 3.55
    endloop
  endfacet
  facet normal -0.0324702 0.999473 0
    outer loop
      vertex 65.0472 43.0075 3.55
      vertex 65.3427 43.0171 3
      vertex 65.0472 43.0075 3
    endloop
  endfacet
  facet normal -0.101328 0.994853 0
    outer loop
      vertex 65.0472 43.0075 3
      vertex 64.7664 42.9789 3.55
      vertex 65.0472 43.0075 3.55
    endloop
  endfacet
  facet normal -0.101328 0.994853 0
    outer loop
      vertex 64.7664 42.9789 3.55
      vertex 65.0472 43.0075 3
      vertex 64.7664 42.9789 3
    endloop
  endfacet
  facet normal -0.176572 0.984288 0
    outer loop
      vertex 64.7664 42.9789 3
      vertex 64.5005 42.9312 3.55
      vertex 64.7664 42.9789 3.55
    endloop
  endfacet
  facet normal -0.176572 0.984288 0
    outer loop
      vertex 64.5005 42.9312 3.55
      vertex 64.7664 42.9789 3
      vertex 64.5005 42.9312 3
    endloop
  endfacet
  facet normal -0.257351 0.966318 0
    outer loop
      vertex 64.5005 42.9312 3
      vertex 64.2493 42.8643 3.55
      vertex 64.5005 42.9312 3.55
    endloop
  endfacet
  facet normal -0.257351 0.966318 0
    outer loop
      vertex 64.2493 42.8643 3.55
      vertex 64.5005 42.9312 3
      vertex 64.2493 42.8643 3
    endloop
  endfacet
  facet normal -0.341041 0.940048 0
    outer loop
      vertex 64.2493 42.8643 3
      vertex 64.0128 42.7785 3.55
      vertex 64.2493 42.8643 3.55
    endloop
  endfacet
  facet normal -0.341041 0.940048 0
    outer loop
      vertex 64.0128 42.7785 3.55
      vertex 64.2493 42.8643 3
      vertex 64.0128 42.7785 3
    endloop
  endfacet
  facet normal -0.428034 0.903763 0
    outer loop
      vertex 64.0128 42.7785 3
      vertex 63.7911 42.6735 3.55
      vertex 64.0128 42.7785 3.55
    endloop
  endfacet
  facet normal -0.428034 0.903763 0
    outer loop
      vertex 63.7911 42.6735 3.55
      vertex 64.0128 42.7785 3
      vertex 63.7911 42.6735 3
    endloop
  endfacet
  facet normal -0.514374 0.857566 0
    outer loop
      vertex 63.7911 42.6735 3
      vertex 63.5842 42.5494 3.55
      vertex 63.7911 42.6735 3.55
    endloop
  endfacet
  facet normal -0.514374 0.857566 0
    outer loop
      vertex 63.5842 42.5494 3.55
      vertex 63.7911 42.6735 3
      vertex 63.5842 42.5494 3
    endloop
  endfacet
  facet normal -0.59766 0.801749 0
    outer loop
      vertex 63.5842 42.5494 3
      vertex 63.3921 42.4062 3.55
      vertex 63.5842 42.5494 3.55
    endloop
  endfacet
  facet normal -0.59766 0.801749 0
    outer loop
      vertex 63.3921 42.4062 3.55
      vertex 63.5842 42.5494 3
      vertex 63.3921 42.4062 3
    endloop
  endfacet
  facet normal -0.674782 0.738017 0
    outer loop
      vertex 63.3921 42.4062 3
      vertex 63.2147 42.244 3.55
      vertex 63.3921 42.4062 3.55
    endloop
  endfacet
  facet normal -0.674782 0.738017 0
    outer loop
      vertex 63.2147 42.244 3.55
      vertex 63.3921 42.4062 3
      vertex 63.2147 42.244 3
    endloop
  endfacet
  facet normal -0.745089 0.666965 0
    outer loop
      vertex 63.0542 42.0647 3
      vertex 63.2147 42.244 3.55
      vertex 63.2147 42.244 3
    endloop
  endfacet
  facet normal -0.745089 0.666965 0
    outer loop
      vertex 63.2147 42.244 3.55
      vertex 63.0542 42.0647 3
      vertex 63.0542 42.0647 3.55
    endloop
  endfacet
  facet normal -0.807818 0.589432 0
    outer loop
      vertex 62.9125 41.8705 3
      vertex 63.0542 42.0647 3.55
      vertex 63.0542 42.0647 3
    endloop
  endfacet
  facet normal -0.807818 0.589432 0
    outer loop
      vertex 63.0542 42.0647 3.55
      vertex 62.9125 41.8705 3
      vertex 62.9125 41.8705 3.55
    endloop
  endfacet
  facet normal -0.862506 0.506047 0
    outer loop
      vertex 62.7897 41.6612 3
      vertex 62.9125 41.8705 3.55
      vertex 62.9125 41.8705 3
    endloop
  endfacet
  facet normal -0.862506 0.506047 0
    outer loop
      vertex 62.9125 41.8705 3.55
      vertex 62.7897 41.6612 3
      vertex 62.7897 41.6612 3.55
    endloop
  endfacet
  facet normal -0.90739 0.42029 0
    outer loop
      vertex 62.6859 41.4371 3
      vertex 62.7897 41.6612 3.55
      vertex 62.7897 41.6612 3
    endloop
  endfacet
  facet normal -0.90739 0.42029 0
    outer loop
      vertex 62.7897 41.6612 3.55
      vertex 62.6859 41.4371 3
      vertex 62.6859 41.4371 3.55
    endloop
  endfacet
  facet normal -0.942275 0.334839 0
    outer loop
      vertex 62.6009 41.1979 3
      vertex 62.6859 41.4371 3.55
      vertex 62.6859 41.4371 3
    endloop
  endfacet
  facet normal -0.942275 0.334839 0
    outer loop
      vertex 62.6859 41.4371 3.55
      vertex 62.6009 41.1979 3
      vertex 62.6009 41.1979 3.55
    endloop
  endfacet
  facet normal -0.967791 0.251755 0
    outer loop
      vertex 62.5348 40.9438 3
      vertex 62.6009 41.1979 3.55
      vertex 62.6009 41.1979 3
    endloop
  endfacet
  facet normal -0.967791 0.251755 0
    outer loop
      vertex 62.6009 41.1979 3.55
      vertex 62.5348 40.9438 3
      vertex 62.5348 40.9438 3.55
    endloop
  endfacet
  facet normal -0.984901 0.173117 0
    outer loop
      vertex 62.4875 40.6747 3
      vertex 62.5348 40.9438 3.55
      vertex 62.5348 40.9438 3
    endloop
  endfacet
  facet normal -0.984901 0.173117 0
    outer loop
      vertex 62.5348 40.9438 3.55
      vertex 62.4875 40.6747 3
      vertex 62.4875 40.6747 3.55
    endloop
  endfacet
  facet normal -0.995072 0.0991568 0
    outer loop
      vertex 62.4592 40.3907 3
      vertex 62.4875 40.6747 3.55
      vertex 62.4875 40.6747 3
    endloop
  endfacet
  facet normal -0.995072 0.0991568 0
    outer loop
      vertex 62.4875 40.6747 3.55
      vertex 62.4592 40.3907 3
      vertex 62.4592 40.3907 3.55
    endloop
  endfacet
  facet normal -0.999507 0.0314121 0
    outer loop
      vertex 62.4498 40.0916 3
      vertex 62.4592 40.3907 3.55
      vertex 62.4592 40.3907 3
    endloop
  endfacet
  facet normal -0.999507 0.0314121 0
    outer loop
      vertex 62.4592 40.3907 3.55
      vertex 62.4498 40.0916 3
      vertex 62.4498 40.0916 3.55
    endloop
  endfacet
  facet normal -0.99951 -0.0313075 0
    outer loop
      vertex 62.4592 39.7915 3
      vertex 62.4498 40.0916 3.55
      vertex 62.4498 40.0916 3
    endloop
  endfacet
  facet normal -0.99951 -0.0313075 0
    outer loop
      vertex 62.4498 40.0916 3.55
      vertex 62.4592 39.7915 3
      vertex 62.4592 39.7915 3.55
    endloop
  endfacet
  facet normal -0.995061 -0.0992623 0
    outer loop
      vertex 62.4877 39.5058 3
      vertex 62.4592 39.7915 3.55
      vertex 62.4592 39.7915 3
    endloop
  endfacet
  facet normal -0.995061 -0.0992623 0
    outer loop
      vertex 62.4592 39.7915 3.55
      vertex 62.4877 39.5058 3
      vertex 62.4877 39.5058 3.55
    endloop
  endfacet
  facet normal -0.985118 -0.171878 0
    outer loop
      vertex 62.535 39.2347 3
      vertex 62.4877 39.5058 3.55
      vertex 62.4877 39.5058 3
    endloop
  endfacet
  facet normal -0.985118 -0.171878 0
    outer loop
      vertex 62.4877 39.5058 3.55
      vertex 62.535 39.2347 3
      vertex 62.535 39.2347 3.55
    endloop
  endfacet
  facet normal -0.968204 -0.250163 0
    outer loop
      vertex 62.6013 38.9781 3
      vertex 62.535 39.2347 3.55
      vertex 62.535 39.2347 3
    endloop
  endfacet
  facet normal -0.968204 -0.250163 0
    outer loop
      vertex 62.535 39.2347 3.55
      vertex 62.6013 38.9781 3
      vertex 62.6013 38.9781 3.55
    endloop
  endfacet
  facet normal -0.943292 -0.331964 0
    outer loop
      vertex 62.6865 38.736 3
      vertex 62.6013 38.9781 3.55
      vertex 62.6013 38.9781 3
    endloop
  endfacet
  facet normal -0.943292 -0.331964 0
    outer loop
      vertex 62.6013 38.9781 3.55
      vertex 62.6865 38.736 3
      vertex 62.6865 38.736 3.55
    endloop
  endfacet
  facet normal -0.909241 -0.41627 0
    outer loop
      vertex 62.7907 38.5084 3
      vertex 62.6865 38.736 3.55
      vertex 62.6865 38.736 3
    endloop
  endfacet
  facet normal -0.909241 -0.41627 0
    outer loop
      vertex 62.6865 38.736 3.55
      vertex 62.7907 38.5084 3
      vertex 62.7907 38.5084 3.55
    endloop
  endfacet
  facet normal -0.865806 -0.500379 0
    outer loop
      vertex 62.9138 38.2954 3
      vertex 62.7907 38.5084 3.55
      vertex 62.7907 38.5084 3
    endloop
  endfacet
  facet normal -0.865806 -0.500379 0
    outer loop
      vertex 62.7907 38.5084 3.55
      vertex 62.9138 38.2954 3
      vertex 62.9138 38.2954 3.55
    endloop
  endfacet
  facet normal -0.813457 -0.581626 0
    outer loop
      vertex 63.0558 38.0968 3
      vertex 62.9138 38.2954 3.55
      vertex 62.9138 38.2954 3
    endloop
  endfacet
  facet normal -0.813457 -0.581626 0
    outer loop
      vertex 62.9138 38.2954 3.55
      vertex 63.0558 38.0968 3
      vertex 63.0558 38.0968 3.55
    endloop
  endfacet
  facet normal -0.752577 -0.658505 0
    outer loop
      vertex 63.2168 37.9128 3
      vertex 63.0558 38.0968 3.55
      vertex 63.0558 38.0968 3
    endloop
  endfacet
  facet normal -0.752577 -0.658505 0
    outer loop
      vertex 63.0558 38.0968 3.55
      vertex 63.2168 37.9128 3
      vertex 63.2168 37.9128 3.55
    endloop
  endfacet
  facet normal -0.684814 -0.728718 0
    outer loop
      vertex 63.2168 37.9128 3
      vertex 63.3944 37.7459 3.55
      vertex 63.2168 37.9128 3.55
    endloop
  endfacet
  facet normal -0.684814 -0.728718 -0
    outer loop
      vertex 63.3944 37.7459 3.55
      vertex 63.2168 37.9128 3
      vertex 63.3944 37.7459 3
    endloop
  endfacet
  facet normal -0.608492 -0.79356 0
    outer loop
      vertex 63.3944 37.7459 3
      vertex 63.5865 37.5986 3.55
      vertex 63.3944 37.7459 3.55
    endloop
  endfacet
  facet normal -0.608492 -0.79356 -0
    outer loop
      vertex 63.5865 37.5986 3.55
      vertex 63.3944 37.7459 3
      vertex 63.5865 37.5986 3
    endloop
  endfacet
  facet normal -0.525958 -0.850511 0
    outer loop
      vertex 63.5865 37.5986 3
      vertex 63.793 37.4709 3.55
      vertex 63.5865 37.5986 3.55
    endloop
  endfacet
  facet normal -0.525958 -0.850511 -0
    outer loop
      vertex 63.793 37.4709 3.55
      vertex 63.5865 37.5986 3
      vertex 63.793 37.4709 3
    endloop
  endfacet
  facet normal -0.439385 -0.898299 0
    outer loop
      vertex 63.793 37.4709 3
      vertex 64.0138 37.3629 3.55
      vertex 63.793 37.4709 3.55
    endloop
  endfacet
  facet normal -0.439385 -0.898299 -0
    outer loop
      vertex 64.0138 37.3629 3.55
      vertex 63.793 37.4709 3
      vertex 64.0138 37.3629 3
    endloop
  endfacet
  facet normal -0.35169 -0.936116 0
    outer loop
      vertex 64.0138 37.3629 3
      vertex 64.2491 37.2745 3.55
      vertex 64.0138 37.3629 3.55
    endloop
  endfacet
  facet normal -0.35169 -0.936116 -0
    outer loop
      vertex 64.2491 37.2745 3.55
      vertex 64.0138 37.3629 3
      vertex 64.2491 37.2745 3
    endloop
  endfacet
  facet normal -0.265174 -0.9642 0
    outer loop
      vertex 64.2491 37.2745 3
      vertex 64.4989 37.2058 3.55
      vertex 64.2491 37.2745 3.55
    endloop
  endfacet
  facet normal -0.265174 -0.9642 -0
    outer loop
      vertex 64.4989 37.2058 3.55
      vertex 64.2491 37.2745 3
      vertex 64.4989 37.2058 3
    endloop
  endfacet
  facet normal -0.182782 -0.983153 0
    outer loop
      vertex 64.4989 37.2058 3
      vertex 64.763 37.1567 3.55
      vertex 64.4989 37.2058 3.55
    endloop
  endfacet
  facet normal -0.182782 -0.983153 -0
    outer loop
      vertex 64.763 37.1567 3.55
      vertex 64.4989 37.2058 3
      vertex 64.763 37.1567 3
    endloop
  endfacet
  facet normal -0.105335 -0.994437 0
    outer loop
      vertex 64.763 37.1567 3
      vertex 65.0415 37.1272 3.55
      vertex 64.763 37.1567 3.55
    endloop
  endfacet
  facet normal -0.105335 -0.994437 -0
    outer loop
      vertex 65.0415 37.1272 3.55
      vertex 64.763 37.1567 3
      vertex 65.0415 37.1272 3
    endloop
  endfacet
  facet normal -0.0334284 -0.999441 0
    outer loop
      vertex 65.0415 37.1272 3
      vertex 65.3345 37.1174 3.55
      vertex 65.0415 37.1272 3.55
    endloop
  endfacet
  facet normal -0.0334284 -0.999441 -0
    outer loop
      vertex 65.3345 37.1174 3.55
      vertex 65.0415 37.1272 3
      vertex 65.3345 37.1174 3
    endloop
  endfacet
  facet normal 0.0228393 -0.999739 0
    outer loop
      vertex 65.3345 37.1174 3
      vertex 65.5271 37.1218 3.55
      vertex 65.3345 37.1174 3.55
    endloop
  endfacet
  facet normal 0.0228393 -0.999739 0
    outer loop
      vertex 65.5271 37.1218 3.55
      vertex 65.3345 37.1174 3
      vertex 65.5271 37.1218 3
    endloop
  endfacet
  facet normal 0.124187 0.992259 -0
    outer loop
      vertex 65.1659 38.068 3
      vertex 65.0053 38.0881 3.55
      vertex 65.1659 38.068 3.55
    endloop
  endfacet
  facet normal 0.124187 0.992259 0
    outer loop
      vertex 65.0053 38.0881 3.55
      vertex 65.1659 38.068 3
      vertex 65.0053 38.0881 3
    endloop
  endfacet
  facet normal 0.215167 0.976577 -0
    outer loop
      vertex 65.0053 38.0881 3
      vertex 64.8528 38.1217 3.55
      vertex 65.0053 38.0881 3.55
    endloop
  endfacet
  facet normal 0.215167 0.976577 0
    outer loop
      vertex 64.8528 38.1217 3.55
      vertex 65.0053 38.0881 3
      vertex 64.8528 38.1217 3
    endloop
  endfacet
  facet normal 0.309101 0.951029 -0
    outer loop
      vertex 64.8528 38.1217 3
      vertex 64.7085 38.1686 3.55
      vertex 64.8528 38.1217 3.55
    endloop
  endfacet
  facet normal 0.309101 0.951029 0
    outer loop
      vertex 64.7085 38.1686 3.55
      vertex 64.8528 38.1217 3
      vertex 64.7085 38.1686 3
    endloop
  endfacet
  facet normal 0.404894 0.914364 -0
    outer loop
      vertex 64.7085 38.1686 3
      vertex 64.5721 38.229 3.55
      vertex 64.7085 38.1686 3.55
    endloop
  endfacet
  facet normal 0.404894 0.914364 0
    outer loop
      vertex 64.5721 38.229 3.55
      vertex 64.7085 38.1686 3
      vertex 64.5721 38.229 3
    endloop
  endfacet
  facet normal 0.498395 0.86695 -0
    outer loop
      vertex 64.5721 38.229 3
      vertex 64.4439 38.3027 3.55
      vertex 64.5721 38.229 3.55
    endloop
  endfacet
  facet normal 0.498395 0.86695 0
    outer loop
      vertex 64.4439 38.3027 3.55
      vertex 64.5721 38.229 3
      vertex 64.4439 38.3027 3
    endloop
  endfacet
  facet normal 0.587531 0.809202 -0
    outer loop
      vertex 64.4439 38.3027 3
      vertex 64.3238 38.3899 3.55
      vertex 64.4439 38.3027 3.55
    endloop
  endfacet
  facet normal 0.587531 0.809202 0
    outer loop
      vertex 64.3238 38.3899 3.55
      vertex 64.4439 38.3027 3
      vertex 64.3238 38.3899 3
    endloop
  endfacet
  facet normal 0.66823 0.743954 -0
    outer loop
      vertex 64.3238 38.3899 3
      vertex 64.2118 38.4905 3.55
      vertex 64.3238 38.3899 3.55
    endloop
  endfacet
  facet normal 0.66823 0.743954 0
    outer loop
      vertex 64.2118 38.4905 3.55
      vertex 64.3238 38.3899 3
      vertex 64.2118 38.4905 3
    endloop
  endfacet
  facet normal 0.738766 0.673962 0
    outer loop
      vertex 64.2118 38.4905 3.55
      vertex 64.1078 38.6045 3
      vertex 64.1078 38.6045 3.55
    endloop
  endfacet
  facet normal 0.738766 0.673962 0
    outer loop
      vertex 64.1078 38.6045 3
      vertex 64.2118 38.4905 3.55
      vertex 64.2118 38.4905 3
    endloop
  endfacet
  facet normal 0.799694 0.600407 0
    outer loop
      vertex 64.1078 38.6045 3.55
      vertex 64.0135 38.7301 3
      vertex 64.0135 38.7301 3.55
    endloop
  endfacet
  facet normal 0.799694 0.600407 0
    outer loop
      vertex 64.0135 38.7301 3
      vertex 64.1078 38.6045 3.55
      vertex 64.1078 38.6045 3
    endloop
  endfacet
  facet normal 0.852068 0.523431 0
    outer loop
      vertex 64.0135 38.7301 3.55
      vertex 63.9302 38.8657 3
      vertex 63.9302 38.8657 3.55
    endloop
  endfacet
  facet normal 0.852068 0.523431 0
    outer loop
      vertex 63.9302 38.8657 3
      vertex 64.0135 38.7301 3.55
      vertex 64.0135 38.7301 3
    endloop
  endfacet
  facet normal 0.895778 0.444503 0
    outer loop
      vertex 63.9302 38.8657 3.55
      vertex 63.858 39.0112 3
      vertex 63.858 39.0112 3.55
    endloop
  endfacet
  facet normal 0.895778 0.444503 0
    outer loop
      vertex 63.858 39.0112 3
      vertex 63.9302 38.8657 3.55
      vertex 63.9302 38.8657 3
    endloop
  endfacet
  facet normal 0.930773 0.365597 0
    outer loop
      vertex 63.858 39.0112 3.55
      vertex 63.797 39.1665 3
      vertex 63.797 39.1665 3.55
    endloop
  endfacet
  facet normal 0.930773 0.365597 0
    outer loop
      vertex 63.797 39.1665 3
      vertex 63.858 39.0112 3.55
      vertex 63.858 39.0112 3
    endloop
  endfacet
  facet normal 0.957122 0.289686 0
    outer loop
      vertex 63.797 39.1665 3.55
      vertex 63.747 39.3317 3
      vertex 63.747 39.3317 3.55
    endloop
  endfacet
  facet normal 0.957122 0.289686 0
    outer loop
      vertex 63.747 39.3317 3
      vertex 63.797 39.1665 3.55
      vertex 63.797 39.1665 3
    endloop
  endfacet
  facet normal 0.976344 0.216222 0
    outer loop
      vertex 63.747 39.3317 3.55
      vertex 63.7082 39.5069 3
      vertex 63.7082 39.5069 3.55
    endloop
  endfacet
  facet normal 0.976344 0.216222 0
    outer loop
      vertex 63.7082 39.5069 3
      vertex 63.747 39.3317 3.55
      vertex 63.747 39.3317 3
    endloop
  endfacet
  facet normal 0.988897 0.148602 0
    outer loop
      vertex 63.7082 39.5069 3.55
      vertex 63.6804 39.6919 3
      vertex 63.6804 39.6919 3.55
    endloop
  endfacet
  facet normal 0.988897 0.148602 0
    outer loop
      vertex 63.6804 39.6919 3
      vertex 63.7082 39.5069 3.55
      vertex 63.7082 39.5069 3
    endloop
  endfacet
  facet normal 0.996392 0.0848646 0
    outer loop
      vertex 63.6804 39.6919 3.55
      vertex 63.6638 39.8868 3
      vertex 63.6638 39.8868 3.55
    endloop
  endfacet
  facet normal 0.996392 0.0848646 0
    outer loop
      vertex 63.6638 39.8868 3
      vertex 63.6804 39.6919 3.55
      vertex 63.6804 39.6919 3
    endloop
  endfacet
  facet normal 0.999626 0.0273335 0
    outer loop
      vertex 63.6638 39.8868 3.55
      vertex 63.6582 40.0916 3
      vertex 63.6582 40.0916 3.55
    endloop
  endfacet
  facet normal 0.999626 0.0273335 0
    outer loop
      vertex 63.6582 40.0916 3
      vertex 63.6638 39.8868 3.55
      vertex 63.6638 39.8868 3
    endloop
  endfacet
  facet normal 0.999633 -0.027097 0
    outer loop
      vertex 63.6582 40.0916 3.55
      vertex 63.6637 40.2945 3
      vertex 63.6637 40.2945 3.55
    endloop
  endfacet
  facet normal 0.999633 -0.027097 0
    outer loop
      vertex 63.6637 40.2945 3
      vertex 63.6582 40.0916 3.55
      vertex 63.6582 40.0916 3
    endloop
  endfacet
  facet normal 0.996485 -0.083773 0
    outer loop
      vertex 63.6637 40.2945 3.55
      vertex 63.6799 40.4872 3
      vertex 63.6799 40.4872 3.55
    endloop
  endfacet
  facet normal 0.996485 -0.083773 0
    outer loop
      vertex 63.6799 40.4872 3
      vertex 63.6637 40.2945 3.55
      vertex 63.6637 40.2945 3
    endloop
  endfacet
  facet normal 0.989063 -0.147492 0
    outer loop
      vertex 63.6799 40.4872 3.55
      vertex 63.7071 40.6696 3
      vertex 63.7071 40.6696 3.55
    endloop
  endfacet
  facet normal 0.989063 -0.147492 0
    outer loop
      vertex 63.7071 40.6696 3
      vertex 63.6799 40.4872 3.55
      vertex 63.6799 40.4872 3
    endloop
  endfacet
  facet normal 0.976652 -0.214829 0
    outer loop
      vertex 63.7071 40.6696 3.55
      vertex 63.745 40.8419 3
      vertex 63.745 40.8419 3.55
    endloop
  endfacet
  facet normal 0.976652 -0.214829 0
    outer loop
      vertex 63.745 40.8419 3
      vertex 63.7071 40.6696 3.55
      vertex 63.7071 40.6696 3
    endloop
  endfacet
  facet normal 0.957386 -0.288811 0
    outer loop
      vertex 63.745 40.8419 3.55
      vertex 63.7939 41.004 3
      vertex 63.7939 41.004 3.55
    endloop
  endfacet
  facet normal 0.957386 -0.288811 0
    outer loop
      vertex 63.7939 41.004 3
      vertex 63.745 40.8419 3.55
      vertex 63.745 40.8419 3
    endloop
  endfacet
  facet normal 0.930826 -0.365463 0
    outer loop
      vertex 63.7939 41.004 3.55
      vertex 63.8535 41.1558 3
      vertex 63.8535 41.1558 3.55
    endloop
  endfacet
  facet normal 0.930826 -0.365463 0
    outer loop
      vertex 63.8535 41.1558 3
      vertex 63.7939 41.004 3.55
      vertex 63.7939 41.004 3
    endloop
  endfacet
  facet normal 0.89531 -0.445444 0
    outer loop
      vertex 63.8535 41.1558 3.55
      vertex 63.924 41.2975 3
      vertex 63.924 41.2975 3.55
    endloop
  endfacet
  facet normal 0.89531 -0.445444 0
    outer loop
      vertex 63.924 41.2975 3
      vertex 63.8535 41.1558 3.55
      vertex 63.8535 41.1558 3
    endloop
  endfacet
  facet normal 0.850279 -0.526332 0
    outer loop
      vertex 63.924 41.2975 3.55
      vertex 64.0054 41.429 3
      vertex 64.0054 41.429 3.55
    endloop
  endfacet
  facet normal 0.850279 -0.526332 0
    outer loop
      vertex 64.0054 41.429 3
      vertex 63.924 41.2975 3.55
      vertex 63.924 41.2975 3
    endloop
  endfacet
  facet normal 0.795884 -0.60545 0
    outer loop
      vertex 64.0054 41.429 3.55
      vertex 64.0976 41.5502 3
      vertex 64.0976 41.5502 3.55
    endloop
  endfacet
  facet normal 0.795884 -0.60545 0
    outer loop
      vertex 64.0976 41.5502 3
      vertex 64.0054 41.429 3.55
      vertex 64.0054 41.429 3
    endloop
  endfacet
  facet normal 0.731986 -0.68132 0
    outer loop
      vertex 64.0976 41.5502 3.55
      vertex 64.1998 41.66 3
      vertex 64.1998 41.66 3.55
    endloop
  endfacet
  facet normal 0.731986 -0.68132 0
    outer loop
      vertex 64.1998 41.66 3
      vertex 64.0976 41.5502 3.55
      vertex 64.0976 41.5502 3
    endloop
  endfacet
  facet normal 0.656582 -0.754255 0
    outer loop
      vertex 64.1998 41.66 3
      vertex 64.311 41.7568 3.55
      vertex 64.1998 41.66 3.55
    endloop
  endfacet
  facet normal 0.656582 -0.754255 0
    outer loop
      vertex 64.311 41.7568 3.55
      vertex 64.1998 41.66 3
      vertex 64.311 41.7568 3
    endloop
  endfacet
  facet normal 0.572043 -0.820224 0
    outer loop
      vertex 64.311 41.7568 3
      vertex 64.4313 41.8407 3.55
      vertex 64.311 41.7568 3.55
    endloop
  endfacet
  facet normal 0.572043 -0.820224 0
    outer loop
      vertex 64.4313 41.8407 3.55
      vertex 64.311 41.7568 3
      vertex 64.4313 41.8407 3
    endloop
  endfacet
  facet normal 0.48132 -0.876545 0
    outer loop
      vertex 64.4313 41.8407 3
      vertex 64.5606 41.9117 3.55
      vertex 64.4313 41.8407 3.55
    endloop
  endfacet
  facet normal 0.48132 -0.876545 0
    outer loop
      vertex 64.5606 41.9117 3.55
      vertex 64.4313 41.8407 3
      vertex 64.5606 41.9117 3
    endloop
  endfacet
  facet normal 0.387312 -0.921949 0
    outer loop
      vertex 64.5606 41.9117 3
      vertex 64.6989 41.9698 3.55
      vertex 64.5606 41.9117 3.55
    endloop
  endfacet
  facet normal 0.387312 -0.921949 0
    outer loop
      vertex 64.6989 41.9698 3.55
      vertex 64.5606 41.9117 3
      vertex 64.6989 41.9698 3
    endloop
  endfacet
  facet normal 0.293174 -0.956059 0
    outer loop
      vertex 64.6989 41.9698 3
      vertex 64.8463 42.015 3.55
      vertex 64.6989 41.9698 3.55
    endloop
  endfacet
  facet normal 0.293174 -0.956059 0
    outer loop
      vertex 64.8463 42.015 3.55
      vertex 64.6989 41.9698 3
      vertex 64.8463 42.015 3
    endloop
  endfacet
  facet normal 0.202254 -0.979333 0
    outer loop
      vertex 64.8463 42.015 3
      vertex 65.0027 42.0473 3.55
      vertex 64.8463 42.015 3.55
    endloop
  endfacet
  facet normal 0.202254 -0.979333 0
    outer loop
      vertex 65.0027 42.0473 3.55
      vertex 64.8463 42.015 3
      vertex 65.0027 42.0473 3
    endloop
  endfacet
  facet normal 0.115831 -0.993269 0
    outer loop
      vertex 65.0027 42.0473 3
      vertex 65.1682 42.0666 3.55
      vertex 65.0027 42.0473 3.55
    endloop
  endfacet
  facet normal 0.115831 -0.993269 0
    outer loop
      vertex 65.1682 42.0666 3.55
      vertex 65.0027 42.0473 3
      vertex 65.1682 42.0666 3
    endloop
  endfacet
  facet normal 0.0372235 -0.999307 0
    outer loop
      vertex 65.1682 42.0666 3
      vertex 65.3427 42.0731 3.55
      vertex 65.1682 42.0666 3.55
    endloop
  endfacet
  facet normal 0.0372235 -0.999307 0
    outer loop
      vertex 65.3427 42.0731 3.55
      vertex 65.1682 42.0666 3
      vertex 65.3427 42.0731 3
    endloop
  endfacet
  facet normal -0.0377857 -0.999286 0
    outer loop
      vertex 65.3427 42.0731 3
      vertex 65.5146 42.0666 3.55
      vertex 65.3427 42.0731 3.55
    endloop
  endfacet
  facet normal -0.0377857 -0.999286 -0
    outer loop
      vertex 65.5146 42.0666 3.55
      vertex 65.3427 42.0731 3
      vertex 65.5146 42.0666 3
    endloop
  endfacet
  facet normal -0.118641 -0.992937 0
    outer loop
      vertex 65.5146 42.0666 3
      vertex 65.6778 42.0471 3.55
      vertex 65.5146 42.0666 3.55
    endloop
  endfacet
  facet normal -0.118641 -0.992937 -0
    outer loop
      vertex 65.6778 42.0471 3.55
      vertex 65.5146 42.0666 3
      vertex 65.6778 42.0471 3
    endloop
  endfacet
  facet normal -0.206457 -0.978456 0
    outer loop
      vertex 65.6778 42.0471 3
      vertex 65.8323 42.0145 3.55
      vertex 65.6778 42.0471 3.55
    endloop
  endfacet
  facet normal -0.206457 -0.978456 -0
    outer loop
      vertex 65.8323 42.0145 3.55
      vertex 65.6778 42.0471 3
      vertex 65.8323 42.0145 3
    endloop
  endfacet
  facet normal -0.298088 -0.954538 0
    outer loop
      vertex 65.8323 42.0145 3
      vertex 65.978 41.969 3.55
      vertex 65.8323 42.0145 3.55
    endloop
  endfacet
  facet normal -0.298088 -0.954538 -0
    outer loop
      vertex 65.978 41.969 3.55
      vertex 65.8323 42.0145 3
      vertex 65.978 41.969 3
    endloop
  endfacet
  facet normal -0.393271 -0.919423 0
    outer loop
      vertex 65.978 41.969 3
      vertex 66.115 41.9104 3.55
      vertex 65.978 41.969 3.55
    endloop
  endfacet
  facet normal -0.393271 -0.919423 -0
    outer loop
      vertex 66.115 41.9104 3.55
      vertex 65.978 41.969 3
      vertex 66.115 41.9104 3
    endloop
  endfacet
  facet normal -0.487088 -0.873353 0
    outer loop
      vertex 66.115 41.9104 3
      vertex 66.2432 41.8389 3.55
      vertex 66.115 41.9104 3.55
    endloop
  endfacet
  facet normal -0.487088 -0.873353 -0
    outer loop
      vertex 66.2432 41.8389 3.55
      vertex 66.115 41.9104 3
      vertex 66.2432 41.8389 3
    endloop
  endfacet
  facet normal -0.577809 -0.816172 0
    outer loop
      vertex 66.2432 41.8389 3
      vertex 66.3627 41.7543 3.55
      vertex 66.2432 41.8389 3.55
    endloop
  endfacet
  facet normal -0.577809 -0.816172 -0
    outer loop
      vertex 66.3627 41.7543 3.55
      vertex 66.2432 41.8389 3
      vertex 66.3627 41.7543 3
    endloop
  endfacet
  facet normal -0.660613 -0.750727 0
    outer loop
      vertex 66.3627 41.7543 3
      vertex 66.4735 41.6568 3.55
      vertex 66.3627 41.7543 3.55
    endloop
  endfacet
  facet normal -0.660613 -0.750727 -0
    outer loop
      vertex 66.4735 41.6568 3.55
      vertex 66.3627 41.7543 3
      vertex 66.4735 41.6568 3
    endloop
  endfacet
  facet normal -0.735109 -0.677949 0
    outer loop
      vertex 66.5755 41.5462 3
      vertex 66.4735 41.6568 3.55
      vertex 66.4735 41.6568 3
    endloop
  endfacet
  facet normal -0.735109 -0.677949 0
    outer loop
      vertex 66.4735 41.6568 3.55
      vertex 66.5755 41.5462 3
      vertex 66.5755 41.5462 3.55
    endloop
  endfacet
  facet normal -0.798035 -0.602611 0
    outer loop
      vertex 66.6677 41.4241 3
      vertex 66.5755 41.5462 3.55
      vertex 66.5755 41.5462 3
    endloop
  endfacet
  facet normal -0.798035 -0.602611 0
    outer loop
      vertex 66.5755 41.5462 3.55
      vertex 66.6677 41.4241 3
      vertex 66.6677 41.4241 3.55
    endloop
  endfacet
  facet normal -0.850993 -0.525177 0
    outer loop
      vertex 66.7491 41.2922 3
      vertex 66.6677 41.4241 3.55
      vertex 66.6677 41.4241 3
    endloop
  endfacet
  facet normal -0.850993 -0.525177 0
    outer loop
      vertex 66.6677 41.4241 3.55
      vertex 66.7491 41.2922 3
      vertex 66.7491 41.2922 3.55
    endloop
  endfacet
  facet normal -0.895435 -0.445192 0
    outer loop
      vertex 66.8196 41.1504 3
      vertex 66.7491 41.2922 3.55
      vertex 66.7491 41.2922 3
    endloop
  endfacet
  facet normal -0.895435 -0.445192 0
    outer loop
      vertex 66.7491 41.2922 3.55
      vertex 66.8196 41.1504 3
      vertex 66.8196 41.1504 3.55
    endloop
  endfacet
  facet normal -0.930535 -0.366203 0
    outer loop
      vertex 66.8793 40.9987 3
      vertex 66.8196 41.1504 3.55
      vertex 66.8196 41.1504 3
    endloop
  endfacet
  facet normal -0.930535 -0.366203 0
    outer loop
      vertex 66.8196 41.1504 3.55
      vertex 66.8793 40.9987 3
      vertex 66.8793 40.9987 3.55
    endloop
  endfacet
  facet normal -0.957303 -0.289087 0
    outer loop
      vertex 66.9281 40.8371 3
      vertex 66.8793 40.9987 3.55
      vertex 66.8793 40.9987 3
    endloop
  endfacet
  facet normal -0.957303 -0.289087 0
    outer loop
      vertex 66.8793 40.9987 3.55
      vertex 66.9281 40.8371 3
      vertex 66.9281 40.8371 3.55
    endloop
  endfacet
  facet normal -0.976347 -0.216207 0
    outer loop
      vertex 66.9661 40.6655 3
      vertex 66.9281 40.8371 3.55
      vertex 66.9281 40.8371 3
    endloop
  endfacet
  facet normal -0.976347 -0.216207 0
    outer loop
      vertex 66.9281 40.8371 3.55
      vertex 66.9661 40.6655 3
      vertex 66.9661 40.6655 3.55
    endloop
  endfacet
  facet normal -0.989024 -0.147754 0
    outer loop
      vertex 66.9932 40.4841 3
      vertex 66.9661 40.6655 3.55
      vertex 66.9661 40.6655 3
    endloop
  endfacet
  facet normal -0.989024 -0.147754 0
    outer loop
      vertex 66.9661 40.6655 3.55
      vertex 66.9932 40.4841 3
      vertex 66.9932 40.4841 3.55
    endloop
  endfacet
  facet normal -0.99639 -0.0848989 0
    outer loop
      vertex 67.0095 40.2928 3
      vertex 66.9932 40.4841 3.55
      vertex 66.9932 40.4841 3
    endloop
  endfacet
  facet normal -0.99639 -0.0848989 0
    outer loop
      vertex 66.9932 40.4841 3.55
      vertex 67.0095 40.2928 3
      vertex 67.0095 40.2928 3.55
    endloop
  endfacet
  facet normal -0.99964 -0.0268293 0
    outer loop
      vertex 67.0149 40.0916 3
      vertex 67.0095 40.2928 3.55
      vertex 67.0095 40.2928 3
    endloop
  endfacet
  facet normal -0.99964 -0.0268293 0
    outer loop
      vertex 67.0095 40.2928 3.55
      vertex 67.0149 40.0916 3
      vertex 67.0149 40.0916 3.55
    endloop
  endfacet
  facet normal -0.999671 0.0256326 0
    outer loop
      vertex 67.0095 39.881 3
      vertex 67.0149 40.0916 3.55
      vertex 67.0149 40.0916 3
    endloop
  endfacet
  facet normal -0.999671 0.0256326 0
    outer loop
      vertex 67.0149 40.0916 3.55
      vertex 67.0095 39.881 3
      vertex 67.0095 39.881 3.55
    endloop
  endfacet
  facet normal -0.996723 0.0808963 0
    outer loop
      vertex 66.9933 39.6814 3
      vertex 67.0095 39.881 3.55
      vertex 67.0095 39.881 3
    endloop
  endfacet
  facet normal -0.996723 0.0808963 0
    outer loop
      vertex 67.0095 39.881 3.55
      vertex 66.9933 39.6814 3
      vertex 66.9933 39.6814 3.55
    endloop
  endfacet
  facet normal -0.989929 0.141568 0
    outer loop
      vertex 66.9663 39.4926 3
      vertex 66.9933 39.6814 3.55
      vertex 66.9933 39.6814 3
    endloop
  endfacet
  facet normal -0.989929 0.141568 0
    outer loop
      vertex 66.9933 39.6814 3.55
      vertex 66.9663 39.4926 3
      vertex 66.9663 39.4926 3.55
    endloop
  endfacet
  facet normal -0.978115 0.208063 0
    outer loop
      vertex 66.9285 39.3149 3
      vertex 66.9663 39.4926 3.55
      vertex 66.9663 39.4926 3
    endloop
  endfacet
  facet normal -0.978115 0.208063 0
    outer loop
      vertex 66.9663 39.4926 3.55
      vertex 66.9285 39.3149 3
      vertex 66.9285 39.3149 3.55
    endloop
  endfacet
  facet normal -0.960077 0.279735 0
    outer loop
      vertex 66.8799 39.1481 3
      vertex 66.9285 39.3149 3.55
      vertex 66.9285 39.3149 3
    endloop
  endfacet
  facet normal -0.960077 0.279735 0
    outer loop
      vertex 66.9285 39.3149 3.55
      vertex 66.8799 39.1481 3
      vertex 66.8799 39.1481 3.55
    endloop
  endfacet
  facet normal -0.934469 0.356045 0
    outer loop
      vertex 66.8205 38.9922 3
      vertex 66.8799 39.1481 3.55
      vertex 66.8799 39.1481 3
    endloop
  endfacet
  facet normal -0.934469 0.356045 0
    outer loop
      vertex 66.8799 39.1481 3.55
      vertex 66.8205 38.9922 3
      vertex 66.8205 38.9922 3.55
    endloop
  endfacet
  facet normal -0.899947 0.435999 0
    outer loop
      vertex 66.7503 38.8473 3
      vertex 66.8205 38.9922 3.55
      vertex 66.8205 38.9922 3
    endloop
  endfacet
  facet normal -0.899947 0.435999 0
    outer loop
      vertex 66.8205 38.9922 3.55
      vertex 66.7503 38.8473 3
      vertex 66.7503 38.8473 3.55
    endloop
  endfacet
  facet normal -0.855798 0.517311 0
    outer loop
      vertex 66.6693 38.7133 3
      vertex 66.7503 38.8473 3.55
      vertex 66.7503 38.8473 3
    endloop
  endfacet
  facet normal -0.855798 0.517311 0
    outer loop
      vertex 66.7503 38.8473 3.55
      vertex 66.6693 38.7133 3
      vertex 66.6693 38.7133 3.55
    endloop
  endfacet
  facet normal -0.801405 0.598122 0
    outer loop
      vertex 66.5775 38.5903 3
      vertex 66.6693 38.7133 3.55
      vertex 66.6693 38.7133 3
    endloop
  endfacet
  facet normal -0.801405 0.598122 0
    outer loop
      vertex 66.6693 38.7133 3.55
      vertex 66.5775 38.5903 3
      vertex 66.5775 38.5903 3.55
    endloop
  endfacet
  facet normal -0.73732 0.675544 0
    outer loop
      vertex 66.4758 38.4793 3
      vertex 66.5775 38.5903 3.55
      vertex 66.5775 38.5903 3
    endloop
  endfacet
  facet normal -0.73732 0.675544 0
    outer loop
      vertex 66.5775 38.5903 3.55
      vertex 66.4758 38.4793 3
      vertex 66.4758 38.4793 3.55
    endloop
  endfacet
  facet normal -0.662516 0.749048 0
    outer loop
      vertex 66.4758 38.4793 3
      vertex 66.365 38.3813 3.55
      vertex 66.4758 38.4793 3.55
    endloop
  endfacet
  facet normal -0.662516 0.749048 0
    outer loop
      vertex 66.365 38.3813 3.55
      vertex 66.4758 38.4793 3
      vertex 66.365 38.3813 3
    endloop
  endfacet
  facet normal -0.577564 0.816345 0
    outer loop
      vertex 66.365 38.3813 3
      vertex 66.245 38.2964 3.55
      vertex 66.365 38.3813 3.55
    endloop
  endfacet
  facet normal -0.577564 0.816345 0
    outer loop
      vertex 66.245 38.2964 3.55
      vertex 66.365 38.3813 3
      vertex 66.245 38.2964 3
    endloop
  endfacet
  facet normal -0.486333 0.873774 0
    outer loop
      vertex 66.245 38.2964 3
      vertex 66.116 38.2246 3.55
      vertex 66.245 38.2964 3.55
    endloop
  endfacet
  facet normal -0.486333 0.873774 0
    outer loop
      vertex 66.116 38.2246 3.55
      vertex 66.245 38.2964 3
      vertex 66.116 38.2246 3
    endloop
  endfacet
  facet normal -0.391747 0.920073 0
    outer loop
      vertex 66.116 38.2246 3
      vertex 65.9779 38.1658 3.55
      vertex 66.116 38.2246 3.55
    endloop
  endfacet
  facet normal -0.391747 0.920073 0
    outer loop
      vertex 65.9779 38.1658 3.55
      vertex 66.116 38.2246 3
      vertex 65.9779 38.1658 3
    endloop
  endfacet
  facet normal -0.296501 0.955032 0
    outer loop
      vertex 65.9779 38.1658 3
      vertex 65.8307 38.1201 3.55
      vertex 65.9779 38.1658 3.55
    endloop
  endfacet
  facet normal -0.296501 0.955032 0
    outer loop
      vertex 65.8307 38.1201 3.55
      vertex 65.9779 38.1658 3
      vertex 65.8307 38.1201 3
    endloop
  endfacet
  facet normal -0.204779 0.978808 0
    outer loop
      vertex 65.8307 38.1201 3
      vertex 65.6744 38.0874 3.55
      vertex 65.8307 38.1201 3.55
    endloop
  endfacet
  facet normal -0.204779 0.978808 0
    outer loop
      vertex 65.6744 38.0874 3.55
      vertex 65.8307 38.1201 3
      vertex 65.6744 38.0874 3
    endloop
  endfacet
  facet normal -0.117677 0.993052 0
    outer loop
      vertex 65.6744 38.0874 3
      vertex 65.509 38.0678 3.55
      vertex 65.6744 38.0874 3.55
    endloop
  endfacet
  facet normal -0.117677 0.993052 0
    outer loop
      vertex 65.509 38.0678 3.55
      vertex 65.6744 38.0874 3
      vertex 65.509 38.0678 3
    endloop
  endfacet
  facet normal -0.0372235 0.999307 0
    outer loop
      vertex 65.509 38.0678 3
      vertex 65.3345 38.0613 3.55
      vertex 65.509 38.0678 3.55
    endloop
  endfacet
  facet normal -0.0372235 0.999307 0
    outer loop
      vertex 65.3345 38.0613 3.55
      vertex 65.509 38.0678 3
      vertex 65.3345 38.0613 3
    endloop
  endfacet
  facet normal 0.0397077 0.999211 -0
    outer loop
      vertex 65.3345 38.0613 3
      vertex 65.1659 38.068 3.55
      vertex 65.3345 38.0613 3.55
    endloop
  endfacet
  facet normal 0.0397077 0.999211 0
    outer loop
      vertex 65.1659 38.068 3.55
      vertex 65.3345 38.0613 3
      vertex 65.1659 38.068 3
    endloop
  endfacet
  facet normal 0 -1 0
    outer loop
      vertex 48.0504 38.6635 3
      vertex 50.2353 38.6635 3.55
      vertex 48.0504 38.6635 3.55
    endloop
  endfacet
  facet normal 0 -1 -0
    outer loop
      vertex 50.2353 38.6635 3.55
      vertex 48.0504 38.6635 3
      vertex 50.2353 38.6635 3
    endloop
  endfacet
  facet normal -0.944669 -0.328025 0
    outer loop
      vertex 50.7439 37.1988 3
      vertex 50.2353 38.6635 3.55
      vertex 50.2353 38.6635 3
    endloop
  endfacet
  facet normal -0.944669 -0.328025 0
    outer loop
      vertex 50.2353 38.6635 3.55
      vertex 50.7439 37.1988 3
      vertex 50.7439 37.1988 3.55
    endloop
  endfacet
  facet normal 0 -1 0
    outer loop
      vertex 50.7439 37.1988 3
      vertex 51.9319 37.1988 3.55
      vertex 50.7439 37.1988 3.55
    endloop
  endfacet
  facet normal 0 -1 -0
    outer loop
      vertex 51.9319 37.1988 3.55
      vertex 50.7439 37.1988 3
      vertex 51.9319 37.1988 3
    endloop
  endfacet
  facet normal 0.939875 0.341518 0
    outer loop
      vertex 51.9319 37.1988 3.55
      vertex 49.8488 42.9316 3
      vertex 49.8488 42.9316 3.55
    endloop
  endfacet
  facet normal 0.939875 0.341518 0
    outer loop
      vertex 49.8488 42.9316 3
      vertex 51.9319 37.1988 3.55
      vertex 51.9319 37.1988 3
    endloop
  endfacet
  facet normal 0 1 -0
    outer loop
      vertex 49.8488 42.9316 3
      vertex 48.4328 42.9316 3.55
      vertex 49.8488 42.9316 3.55
    endloop
  endfacet
  facet normal 0 1 0
    outer loop
      vertex 48.4328 42.9316 3.55
      vertex 49.8488 42.9316 3
      vertex 48.4328 42.9316 3
    endloop
  endfacet
  facet normal -0.939438 0.342719 0
    outer loop
      vertex 46.3414 37.1988 3
      vertex 48.4328 42.9316 3.55
      vertex 48.4328 42.9316 3
    endloop
  endfacet
  facet normal -0.939438 0.342719 0
    outer loop
      vertex 48.4328 42.9316 3.55
      vertex 46.3414 37.1988 3
      vertex 46.3414 37.1988 3.55
    endloop
  endfacet
  facet normal 0 -1 0
    outer loop
      vertex 46.3414 37.1988 3
      vertex 47.5417 37.1988 3.55
      vertex 46.3414 37.1988 3.55
    endloop
  endfacet
  facet normal 0 -1 -0
    outer loop
      vertex 47.5417 37.1988 3.55
      vertex 46.3414 37.1988 3
      vertex 47.5417 37.1988 3
    endloop
  endfacet
  facet normal 0.944649 -0.328083 0
    outer loop
      vertex 47.5417 37.1988 3.55
      vertex 48.0504 38.6635 3
      vertex 48.0504 38.6635 3.55
    endloop
  endfacet
  facet normal 0.944649 -0.328083 0
    outer loop
      vertex 48.0504 38.6635 3
      vertex 47.5417 37.1988 3.55
      vertex 47.5417 37.1988 3
    endloop
  endfacet
  facet normal 0.945845 -0.324618 0
    outer loop
      vertex 48.3189 39.5668 3.55
      vertex 48.4545 39.9619 3
      vertex 48.4545 39.9619 3.55
    endloop
  endfacet
  facet normal 0.945845 -0.324618 0
    outer loop
      vertex 48.4545 39.9619 3
      vertex 48.3189 39.5668 3.55
      vertex 48.3189 39.5668 3
    endloop
  endfacet
  facet normal 0.945946 -0.324324 0
    outer loop
      vertex 48.4545 39.9619 3.55
      vertex 48.5757 40.3154 3
      vertex 48.5757 40.3154 3.55
    endloop
  endfacet
  facet normal 0.945946 -0.324324 0
    outer loop
      vertex 48.5757 40.3154 3
      vertex 48.4545 39.9619 3.55
      vertex 48.4545 39.9619 3
    endloop
  endfacet
  facet normal 0.946166 -0.323681 0
    outer loop
      vertex 48.5757 40.3154 3.55
      vertex 48.6824 40.6273 3
      vertex 48.6824 40.6273 3.55
    endloop
  endfacet
  facet normal 0.946166 -0.323681 0
    outer loop
      vertex 48.6824 40.6273 3
      vertex 48.5757 40.3154 3.55
      vertex 48.5757 40.3154 3
    endloop
  endfacet
  facet normal 0.946491 -0.322731 0
    outer loop
      vertex 48.6824 40.6273 3.55
      vertex 48.7746 40.8977 3
      vertex 48.7746 40.8977 3.55
    endloop
  endfacet
  facet normal 0.946491 -0.322731 0
    outer loop
      vertex 48.7746 40.8977 3
      vertex 48.6824 40.6273 3.55
      vertex 48.6824 40.6273 3
    endloop
  endfacet
  facet normal 0.94672 -0.322059 0
    outer loop
      vertex 48.7746 40.8977 3.55
      vertex 48.8524 41.1264 3
      vertex 48.8524 41.1264 3.55
    endloop
  endfacet
  facet normal 0.94672 -0.322059 0
    outer loop
      vertex 48.8524 41.1264 3
      vertex 48.7746 40.8977 3.55
      vertex 48.7746 40.8977 3
    endloop
  endfacet
  facet normal 0.947462 -0.31987 0
    outer loop
      vertex 48.8524 41.1264 3.55
      vertex 48.9156 41.3136 3
      vertex 48.9156 41.3136 3.55
    endloop
  endfacet
  facet normal 0.947462 -0.31987 0
    outer loop
      vertex 48.9156 41.3136 3
      vertex 48.8524 41.1264 3.55
      vertex 48.8524 41.1264 3
    endloop
  endfacet
  facet normal 0.947965 -0.318376 0
    outer loop
      vertex 48.9156 41.3136 3.55
      vertex 48.9645 41.4592 3
      vertex 48.9645 41.4592 3.55
    endloop
  endfacet
  facet normal 0.947965 -0.318376 0
    outer loop
      vertex 48.9645 41.4592 3
      vertex 48.9156 41.3136 3.55
      vertex 48.9156 41.3136 3
    endloop
  endfacet
  facet normal 0.949683 -0.313213 0
    outer loop
      vertex 48.9645 41.4592 3.55
      vertex 48.9988 41.5632 3
      vertex 48.9988 41.5632 3.55
    endloop
  endfacet
  facet normal 0.949683 -0.313213 0
    outer loop
      vertex 48.9988 41.5632 3
      vertex 48.9645 41.4592 3.55
      vertex 48.9645 41.4592 3
    endloop
  endfacet
  facet normal 0.952584 -0.304276 0
    outer loop
      vertex 48.9988 41.5632 3.55
      vertex 49.0187 41.6255 3
      vertex 49.0187 41.6255 3.55
    endloop
  endfacet
  facet normal 0.952584 -0.304276 0
    outer loop
      vertex 49.0187 41.6255 3
      vertex 48.9988 41.5632 3.55
      vertex 48.9988 41.5632 3
    endloop
  endfacet
  facet normal 0.95673 -0.290976 0
    outer loop
      vertex 49.0187 41.6255 3.55
      vertex 49.0312 41.6666 3
      vertex 49.0312 41.6666 3.55
    endloop
  endfacet
  facet normal 0.95673 -0.290976 0
    outer loop
      vertex 49.0312 41.6666 3
      vertex 49.0187 41.6255 3.55
      vertex 49.0187 41.6255 3
    endloop
  endfacet
  facet normal 0.958023 -0.28669 0
    outer loop
      vertex 49.0312 41.6666 3.55
      vertex 49.0432 41.7067 3
      vertex 49.0432 41.7067 3.55
    endloop
  endfacet
  facet normal 0.958023 -0.28669 0
    outer loop
      vertex 49.0432 41.7067 3
      vertex 49.0312 41.6666 3.55
      vertex 49.0312 41.6666 3
    endloop
  endfacet
  facet normal 0.958028 -0.286673 0
    outer loop
      vertex 49.0432 41.7067 3.55
      vertex 49.0549 41.7458 3
      vertex 49.0549 41.7458 3.55
    endloop
  endfacet
  facet normal 0.958028 -0.286673 0
    outer loop
      vertex 49.0549 41.7458 3
      vertex 49.0432 41.7067 3.55
      vertex 49.0432 41.7067 3
    endloop
  endfacet
  facet normal 0.959406 -0.28203 0
    outer loop
      vertex 49.0549 41.7458 3.55
      vertex 49.0661 41.7839 3
      vertex 49.0661 41.7839 3.55
    endloop
  endfacet
  facet normal 0.959406 -0.28203 0
    outer loop
      vertex 49.0661 41.7839 3
      vertex 49.0549 41.7458 3.55
      vertex 49.0549 41.7458 3
    endloop
  endfacet
  facet normal 0.959242 -0.282587 0
    outer loop
      vertex 49.0661 41.7839 3.55
      vertex 49.077 41.8209 3
      vertex 49.077 41.8209 3.55
    endloop
  endfacet
  facet normal 0.959242 -0.282587 0
    outer loop
      vertex 49.077 41.8209 3
      vertex 49.0661 41.7839 3.55
      vertex 49.0661 41.7839 3
    endloop
  endfacet
  facet normal 0.960919 -0.27683 0
    outer loop
      vertex 49.077 41.8209 3.55
      vertex 49.0874 41.857 3
      vertex 49.0874 41.857 3.55
    endloop
  endfacet
  facet normal 0.960919 -0.27683 0
    outer loop
      vertex 49.0874 41.857 3
      vertex 49.077 41.8209 3.55
      vertex 49.077 41.8209 3
    endloop
  endfacet
  facet normal 0.961006 -0.276529 0
    outer loop
      vertex 49.0874 41.857 3.55
      vertex 49.0975 41.8921 3
      vertex 49.0975 41.8921 3.55
    endloop
  endfacet
  facet normal 0.961006 -0.276529 0
    outer loop
      vertex 49.0975 41.8921 3
      vertex 49.0874 41.857 3.55
      vertex 49.0874 41.857 3
    endloop
  endfacet
  facet normal 0.962374 -0.271729 0
    outer loop
      vertex 49.0975 41.8921 3.55
      vertex 49.1071 41.9261 3
      vertex 49.1071 41.9261 3.55
    endloop
  endfacet
  facet normal 0.962374 -0.271729 0
    outer loop
      vertex 49.1071 41.9261 3
      vertex 49.0975 41.8921 3.55
      vertex 49.0975 41.8921 3
    endloop
  endfacet
  facet normal 0.962722 -0.270493 0
    outer loop
      vertex 49.1071 41.9261 3.55
      vertex 49.1164 41.9592 3
      vertex 49.1164 41.9592 3.55
    endloop
  endfacet
  facet normal 0.962722 -0.270493 0
    outer loop
      vertex 49.1164 41.9592 3
      vertex 49.1071 41.9261 3.55
      vertex 49.1071 41.9261 3
    endloop
  endfacet
  facet normal 0.965062 -0.262022 0
    outer loop
      vertex 49.1164 41.9592 3.55
      vertex 49.1407 42.0487 3
      vertex 49.1407 42.0487 3.55
    endloop
  endfacet
  facet normal 0.965062 -0.262022 0
    outer loop
      vertex 49.1407 42.0487 3
      vertex 49.1164 41.9592 3.55
      vertex 49.1164 41.9592 3
    endloop
  endfacet
  facet normal -0.956542 -0.291595 0
    outer loop
      vertex 49.2263 41.7679 3
      vertex 49.1407 42.0487 3.55
      vertex 49.1407 42.0487 3
    endloop
  endfacet
  facet normal -0.956542 -0.291595 0
    outer loop
      vertex 49.1407 42.0487 3.55
      vertex 49.2263 41.7679 3
      vertex 49.2263 41.7679 3.55
    endloop
  endfacet
  facet normal -0.953497 -0.301404 0
    outer loop
      vertex 49.4012 41.2146 3
      vertex 49.2263 41.7679 3.55
      vertex 49.2263 41.7679 3
    endloop
  endfacet
  facet normal -0.953497 -0.301404 0
    outer loop
      vertex 49.2263 41.7679 3.55
      vertex 49.4012 41.2146 3
      vertex 49.4012 41.2146 3.55
    endloop
  endfacet
  facet normal -0.945851 -0.324602 0
    outer loop
      vertex 49.9667 39.5668 3
      vertex 49.4012 41.2146 3.55
      vertex 49.4012 41.2146 3
    endloop
  endfacet
  facet normal -0.945851 -0.324602 0
    outer loop
      vertex 49.4012 41.2146 3.55
      vertex 49.9667 39.5668 3
      vertex 49.9667 39.5668 3.55
    endloop
  endfacet
  facet normal 0 1 -0
    outer loop
      vertex 49.9667 39.5668 3
      vertex 48.3189 39.5668 3.55
      vertex 49.9667 39.5668 3.55
    endloop
  endfacet
  facet normal 0 1 0
    outer loop
      vertex 48.3189 39.5668 3.55
      vertex 49.9667 39.5668 3
      vertex 48.3189 39.5668 3
    endloop
  endfacet
  facet normal 0.0734607 -0.997298 0
    outer loop
      vertex 59.8828 37.204 3
      vertex 60.0973 37.2198 3.55
      vertex 59.8828 37.204 3.55
    endloop
  endfacet
  facet normal 0.0734607 -0.997298 0
    outer loop
      vertex 60.0973 37.2198 3.55
      vertex 59.8828 37.204 3
      vertex 60.0973 37.2198 3
    endloop
  endfacet
  facet normal 0.128714 -0.991682 0
    outer loop
      vertex 60.0973 37.2198 3
      vertex 60.3007 37.2462 3.55
      vertex 60.0973 37.2198 3.55
    endloop
  endfacet
  facet normal 0.128714 -0.991682 0
    outer loop
      vertex 60.3007 37.2462 3.55
      vertex 60.0973 37.2198 3
      vertex 60.3007 37.2462 3
    endloop
  endfacet
  facet normal 0.188734 -0.982028 0
    outer loop
      vertex 60.3007 37.2462 3
      vertex 60.4927 37.2831 3.55
      vertex 60.3007 37.2462 3.55
    endloop
  endfacet
  facet normal 0.188734 -0.982028 0
    outer loop
      vertex 60.4927 37.2831 3.55
      vertex 60.3007 37.2462 3
      vertex 60.4927 37.2831 3
    endloop
  endfacet
  facet normal 0.253967 -0.967213 0
    outer loop
      vertex 60.4927 37.2831 3
      vertex 60.6736 37.3306 3.55
      vertex 60.4927 37.2831 3.55
    endloop
  endfacet
  facet normal 0.253967 -0.967213 0
    outer loop
      vertex 60.6736 37.3306 3.55
      vertex 60.4927 37.2831 3
      vertex 60.6736 37.3306 3
    endloop
  endfacet
  facet normal 0.323583 -0.9462 0
    outer loop
      vertex 60.6736 37.3306 3
      vertex 60.8432 37.3886 3.55
      vertex 60.6736 37.3306 3.55
    endloop
  endfacet
  facet normal 0.323583 -0.9462 0
    outer loop
      vertex 60.8432 37.3886 3.55
      vertex 60.6736 37.3306 3
      vertex 60.8432 37.3886 3
    endloop
  endfacet
  facet normal 0.397624 -0.917549 0
    outer loop
      vertex 60.8432 37.3886 3
      vertex 61.0015 37.4572 3.55
      vertex 60.8432 37.3886 3.55
    endloop
  endfacet
  facet normal 0.397624 -0.917549 0
    outer loop
      vertex 61.0015 37.4572 3.55
      vertex 60.8432 37.3886 3
      vertex 61.0015 37.4572 3
    endloop
  endfacet
  facet normal 0.4736 -0.88074 0
    outer loop
      vertex 61.0015 37.4572 3
      vertex 61.1486 37.5363 3.55
      vertex 61.0015 37.4572 3.55
    endloop
  endfacet
  facet normal 0.4736 -0.88074 0
    outer loop
      vertex 61.1486 37.5363 3.55
      vertex 61.0015 37.4572 3
      vertex 61.1486 37.5363 3
    endloop
  endfacet
  facet normal 0.55115 -0.834406 0
    outer loop
      vertex 61.1486 37.5363 3
      vertex 61.2844 37.626 3.55
      vertex 61.1486 37.5363 3.55
    endloop
  endfacet
  facet normal 0.55115 -0.834406 0
    outer loop
      vertex 61.2844 37.626 3.55
      vertex 61.1486 37.5363 3
      vertex 61.2844 37.626 3
    endloop
  endfacet
  facet normal 0.62847 -0.777834 0
    outer loop
      vertex 61.2844 37.626 3
      vertex 61.4073 37.7253 3.55
      vertex 61.2844 37.626 3.55
    endloop
  endfacet
  facet normal 0.62847 -0.777834 0
    outer loop
      vertex 61.4073 37.7253 3.55
      vertex 61.2844 37.626 3
      vertex 61.4073 37.7253 3
    endloop
  endfacet
  facet normal 0.705145 -0.709063 0
    outer loop
      vertex 61.4073 37.7253 3
      vertex 61.5159 37.8333 3.55
      vertex 61.4073 37.7253 3.55
    endloop
  endfacet
  facet normal 0.705145 -0.709063 0
    outer loop
      vertex 61.5159 37.8333 3.55
      vertex 61.4073 37.7253 3
      vertex 61.5159 37.8333 3
    endloop
  endfacet
  facet normal 0.779043 -0.62697 0
    outer loop
      vertex 61.5159 37.8333 3.55
      vertex 61.6099 37.9501 3
      vertex 61.6099 37.9501 3.55
    endloop
  endfacet
  facet normal 0.779043 -0.62697 0
    outer loop
      vertex 61.6099 37.9501 3
      vertex 61.5159 37.8333 3.55
      vertex 61.5159 37.8333 3
    endloop
  endfacet
  facet normal 0.844657 -0.535308 0
    outer loop
      vertex 61.6099 37.9501 3.55
      vertex 61.6895 38.0757 3
      vertex 61.6895 38.0757 3.55
    endloop
  endfacet
  facet normal 0.844657 -0.535308 0
    outer loop
      vertex 61.6895 38.0757 3
      vertex 61.6099 37.9501 3.55
      vertex 61.6099 37.9501 3
    endloop
  endfacet
  facet normal 0.89999 -0.435911 0
    outer loop
      vertex 61.6895 38.0757 3.55
      vertex 61.7545 38.2099 3
      vertex 61.7545 38.2099 3.55
    endloop
  endfacet
  facet normal 0.89999 -0.435911 0
    outer loop
      vertex 61.7545 38.2099 3
      vertex 61.6895 38.0757 3.55
      vertex 61.6895 38.0757 3
    endloop
  endfacet
  facet normal 0.942588 -0.333957 0
    outer loop
      vertex 61.7545 38.2099 3.55
      vertex 61.8052 38.353 3
      vertex 61.8052 38.353 3.55
    endloop
  endfacet
  facet normal 0.942588 -0.333957 0
    outer loop
      vertex 61.8052 38.353 3
      vertex 61.7545 38.2099 3.55
      vertex 61.7545 38.2099 3
    endloop
  endfacet
  facet normal 0.972689 -0.232112 0
    outer loop
      vertex 61.8052 38.353 3.55
      vertex 61.8414 38.5047 3
      vertex 61.8414 38.5047 3.55
    endloop
  endfacet
  facet normal 0.972689 -0.232112 0
    outer loop
      vertex 61.8414 38.5047 3
      vertex 61.8052 38.353 3.55
      vertex 61.8052 38.353 3
    endloop
  endfacet
  facet normal 0.990984 -0.133983 0
    outer loop
      vertex 61.8414 38.5047 3.55
      vertex 61.8631 38.6652 3
      vertex 61.8631 38.6652 3.55
    endloop
  endfacet
  facet normal 0.990984 -0.133983 0
    outer loop
      vertex 61.8631 38.6652 3
      vertex 61.8414 38.5047 3.55
      vertex 61.8414 38.5047 3
    endloop
  endfacet
  facet normal 0.999096 -0.0425147 0
    outer loop
      vertex 61.8631 38.6652 3.55
      vertex 61.8703 38.8344 3
      vertex 61.8703 38.8344 3.55
    endloop
  endfacet
  facet normal 0.999096 -0.0425147 0
    outer loop
      vertex 61.8703 38.8344 3
      vertex 61.8631 38.6652 3.55
      vertex 61.8631 38.6652 3
    endloop
  endfacet
  facet normal 0.999377 0.0352998 0
    outer loop
      vertex 61.8703 38.8344 3.55
      vertex 61.8658 38.9618 3
      vertex 61.8658 38.9618 3.55
    endloop
  endfacet
  facet normal 0.999377 0.0352998 0
    outer loop
      vertex 61.8658 38.9618 3
      vertex 61.8703 38.8344 3.55
      vertex 61.8703 38.8344 3
    endloop
  endfacet
  facet normal 0.993904 0.110252 0
    outer loop
      vertex 61.8658 38.9618 3.55
      vertex 61.8523 39.0835 3
      vertex 61.8523 39.0835 3.55
    endloop
  endfacet
  facet normal 0.993904 0.110252 0
    outer loop
      vertex 61.8523 39.0835 3
      vertex 61.8658 38.9618 3.55
      vertex 61.8658 38.9618 3
    endloop
  endfacet
  facet normal 0.981703 0.190417 0
    outer loop
      vertex 61.8523 39.0835 3.55
      vertex 61.8298 39.1995 3
      vertex 61.8298 39.1995 3.55
    endloop
  endfacet
  facet normal 0.981703 0.190417 0
    outer loop
      vertex 61.8298 39.1995 3
      vertex 61.8523 39.0835 3.55
      vertex 61.8523 39.0835 3
    endloop
  endfacet
  facet normal 0.961787 0.2738 0
    outer loop
      vertex 61.8298 39.1995 3.55
      vertex 61.7984 39.3098 3
      vertex 61.7984 39.3098 3.55
    endloop
  endfacet
  facet normal 0.961787 0.2738 0
    outer loop
      vertex 61.7984 39.3098 3
      vertex 61.8298 39.1995 3.55
      vertex 61.8298 39.1995 3
    endloop
  endfacet
  facet normal 0.932655 0.360769 0
    outer loop
      vertex 61.7984 39.3098 3.55
      vertex 61.7579 39.4145 3
      vertex 61.7579 39.4145 3.55
    endloop
  endfacet
  facet normal 0.932655 0.360769 0
    outer loop
      vertex 61.7579 39.4145 3
      vertex 61.7984 39.3098 3.55
      vertex 61.7984 39.3098 3
    endloop
  endfacet
  facet normal 0.894608 0.446852 0
    outer loop
      vertex 61.7579 39.4145 3.55
      vertex 61.7085 39.5134 3
      vertex 61.7085 39.5134 3.55
    endloop
  endfacet
  facet normal 0.894608 0.446852 0
    outer loop
      vertex 61.7085 39.5134 3
      vertex 61.7579 39.4145 3.55
      vertex 61.7579 39.4145 3
    endloop
  endfacet
  facet normal 0.847232 0.531223 0
    outer loop
      vertex 61.7085 39.5134 3.55
      vertex 61.65 39.6067 3
      vertex 61.65 39.6067 3.55
    endloop
  endfacet
  facet normal 0.847232 0.531223 0
    outer loop
      vertex 61.65 39.6067 3
      vertex 61.7085 39.5134 3.55
      vertex 61.7085 39.5134 3
    endloop
  endfacet
  facet normal 0.792893 0.609361 0
    outer loop
      vertex 61.65 39.6067 3.55
      vertex 61.5826 39.6944 3
      vertex 61.5826 39.6944 3.55
    endloop
  endfacet
  facet normal 0.792893 0.609361 0
    outer loop
      vertex 61.5826 39.6944 3
      vertex 61.65 39.6067 3.55
      vertex 61.65 39.6067 3
    endloop
  endfacet
  facet normal 0.730788 0.682604 0
    outer loop
      vertex 61.5826 39.6944 3.55
      vertex 61.5061 39.7763 3
      vertex 61.5061 39.7763 3.55
    endloop
  endfacet
  facet normal 0.730788 0.682604 0
    outer loop
      vertex 61.5061 39.7763 3
      vertex 61.5826 39.6944 3.55
      vertex 61.5826 39.6944 3
    endloop
  endfacet
  facet normal 0.665072 0.746779 -0
    outer loop
      vertex 61.5061 39.7763 3
      vertex 61.4211 39.852 3.55
      vertex 61.5061 39.7763 3.55
    endloop
  endfacet
  facet normal 0.665072 0.746779 0
    outer loop
      vertex 61.4211 39.852 3.55
      vertex 61.5061 39.7763 3
      vertex 61.4211 39.852 3
    endloop
  endfacet
  facet normal 0.595021 0.80371 -0
    outer loop
      vertex 61.4211 39.852 3
      vertex 61.3279 39.921 3.55
      vertex 61.4211 39.852 3.55
    endloop
  endfacet
  facet normal 0.595021 0.80371 0
    outer loop
      vertex 61.3279 39.921 3.55
      vertex 61.4211 39.852 3
      vertex 61.3279 39.921 3
    endloop
  endfacet
  facet normal 0.522266 0.852783 -0
    outer loop
      vertex 61.3279 39.921 3
      vertex 61.2265 39.9831 3.55
      vertex 61.3279 39.921 3.55
    endloop
  endfacet
  facet normal 0.522266 0.852783 0
    outer loop
      vertex 61.2265 39.9831 3.55
      vertex 61.3279 39.921 3
      vertex 61.2265 39.9831 3
    endloop
  endfacet
  facet normal 0.451446 0.892298 -0
    outer loop
      vertex 61.2265 39.9831 3
      vertex 61.117 40.0385 3.55
      vertex 61.2265 39.9831 3.55
    endloop
  endfacet
  facet normal 0.451446 0.892298 0
    outer loop
      vertex 61.117 40.0385 3.55
      vertex 61.2265 39.9831 3
      vertex 61.117 40.0385 3
    endloop
  endfacet
  facet normal 0.381381 0.924418 -0
    outer loop
      vertex 61.117 40.0385 3
      vertex 60.9992 40.0871 3.55
      vertex 61.117 40.0385 3.55
    endloop
  endfacet
  facet normal 0.381381 0.924418 0
    outer loop
      vertex 60.9992 40.0871 3.55
      vertex 61.117 40.0385 3
      vertex 60.9992 40.0871 3
    endloop
  endfacet
  facet normal 0.314872 0.949134 -0
    outer loop
      vertex 60.9992 40.0871 3
      vertex 60.8732 40.1289 3.55
      vertex 60.9992 40.0871 3.55
    endloop
  endfacet
  facet normal 0.314872 0.949134 0
    outer loop
      vertex 60.8732 40.1289 3.55
      vertex 60.9992 40.0871 3
      vertex 60.8732 40.1289 3
    endloop
  endfacet
  facet normal 0.253215 0.96741 -0
    outer loop
      vertex 60.8732 40.1289 3
      vertex 60.7391 40.164 3.55
      vertex 60.8732 40.1289 3.55
    endloop
  endfacet
  facet normal 0.253215 0.96741 0
    outer loop
      vertex 60.7391 40.164 3.55
      vertex 60.8732 40.1289 3
      vertex 60.7391 40.164 3
    endloop
  endfacet
  facet normal 0.194392 0.980924 -0
    outer loop
      vertex 60.7391 40.164 3
      vertex 60.5968 40.1922 3.55
      vertex 60.7391 40.164 3.55
    endloop
  endfacet
  facet normal 0.194392 0.980924 0
    outer loop
      vertex 60.5968 40.1922 3.55
      vertex 60.7391 40.164 3
      vertex 60.5968 40.1922 3
    endloop
  endfacet
  facet normal 0.141329 0.989963 -0
    outer loop
      vertex 60.5968 40.1922 3
      vertex 60.4462 40.2137 3.55
      vertex 60.5968 40.1922 3.55
    endloop
  endfacet
  facet normal 0.141329 0.989963 0
    outer loop
      vertex 60.4462 40.2137 3.55
      vertex 60.5968 40.1922 3
      vertex 60.4462 40.2137 3
    endloop
  endfacet
  facet normal 0.235065 -0.97198 0
    outer loop
      vertex 60.4462 40.2137 3
      vertex 60.5657 40.2426 3.55
      vertex 60.4462 40.2137 3.55
    endloop
  endfacet
  facet normal 0.235065 -0.97198 0
    outer loop
      vertex 60.5657 40.2426 3.55
      vertex 60.4462 40.2137 3
      vertex 60.5657 40.2426 3
    endloop
  endfacet
  facet normal 0.291635 -0.95653 0
    outer loop
      vertex 60.5657 40.2426 3
      vertex 60.6782 40.2769 3.55
      vertex 60.5657 40.2426 3.55
    endloop
  endfacet
  facet normal 0.291635 -0.95653 0
    outer loop
      vertex 60.6782 40.2769 3.55
      vertex 60.5657 40.2426 3
      vertex 60.6782 40.2769 3
    endloop
  endfacet
  facet normal 0.351415 -0.93622 0
    outer loop
      vertex 60.6782 40.2769 3
      vertex 60.7837 40.3165 3.55
      vertex 60.6782 40.2769 3.55
    endloop
  endfacet
  facet normal 0.351415 -0.93622 0
    outer loop
      vertex 60.7837 40.3165 3.55
      vertex 60.6782 40.2769 3
      vertex 60.7837 40.3165 3
    endloop
  endfacet
  facet normal 0.416305 -0.909225 0
    outer loop
      vertex 60.7837 40.3165 3
      vertex 60.8822 40.3616 3.55
      vertex 60.7837 40.3165 3.55
    endloop
  endfacet
  facet normal 0.416305 -0.909225 0
    outer loop
      vertex 60.8822 40.3616 3.55
      vertex 60.7837 40.3165 3
      vertex 60.8822 40.3616 3
    endloop
  endfacet
  facet normal 0.482066 -0.876135 0
    outer loop
      vertex 60.8822 40.3616 3
      vertex 60.9738 40.412 3.55
      vertex 60.8822 40.3616 3.55
    endloop
  endfacet
  facet normal 0.482066 -0.876135 0
    outer loop
      vertex 60.9738 40.412 3.55
      vertex 60.8822 40.3616 3
      vertex 60.9738 40.412 3
    endloop
  endfacet
  facet normal 0.551049 -0.834473 0
    outer loop
      vertex 60.9738 40.412 3
      vertex 61.0583 40.4678 3.55
      vertex 60.9738 40.412 3.55
    endloop
  endfacet
  facet normal 0.551049 -0.834473 0
    outer loop
      vertex 61.0583 40.4678 3.55
      vertex 60.9738 40.412 3
      vertex 61.0583 40.4678 3
    endloop
  endfacet
  facet normal 0.618626 -0.785686 0
    outer loop
      vertex 61.0583 40.4678 3
      vertex 61.1359 40.5289 3.55
      vertex 61.0583 40.4678 3.55
    endloop
  endfacet
  facet normal 0.618626 -0.785686 0
    outer loop
      vertex 61.1359 40.5289 3.55
      vertex 61.0583 40.4678 3
      vertex 61.1359 40.5289 3
    endloop
  endfacet
  facet normal 0.685654 -0.727928 0
    outer loop
      vertex 61.1359 40.5289 3
      vertex 61.2065 40.5954 3.55
      vertex 61.1359 40.5289 3.55
    endloop
  endfacet
  facet normal 0.685654 -0.727928 0
    outer loop
      vertex 61.2065 40.5954 3.55
      vertex 61.1359 40.5289 3
      vertex 61.2065 40.5954 3
    endloop
  endfacet
  facet normal 0.749016 -0.662551 0
    outer loop
      vertex 61.2065 40.5954 3.55
      vertex 61.2701 40.6673 3
      vertex 61.2701 40.6673 3.55
    endloop
  endfacet
  facet normal 0.749016 -0.662551 0
    outer loop
      vertex 61.2701 40.6673 3
      vertex 61.2065 40.5954 3.55
      vertex 61.2065 40.5954 3
    endloop
  endfacet
  facet normal 0.802887 -0.596131 0
    outer loop
      vertex 61.2701 40.6673 3.55
      vertex 61.3269 40.7438 3
      vertex 61.3269 40.7438 3.55
    endloop
  endfacet
  facet normal 0.802887 -0.596131 0
    outer loop
      vertex 61.3269 40.7438 3
      vertex 61.2701 40.6673 3.55
      vertex 61.2701 40.6673 3
    endloop
  endfacet
  facet normal 0.848414 -0.529334 0
    outer loop
      vertex 61.3269 40.7438 3.55
      vertex 61.377 40.8241 3
      vertex 61.377 40.8241 3.55
    endloop
  endfacet
  facet normal 0.848414 -0.529334 0
    outer loop
      vertex 61.377 40.8241 3
      vertex 61.3269 40.7438 3.55
      vertex 61.3269 40.7438 3
    endloop
  endfacet
  facet normal 0.888426 -0.45902 0
    outer loop
      vertex 61.377 40.8241 3.55
      vertex 61.4204 40.9081 3
      vertex 61.4204 40.9081 3.55
    endloop
  endfacet
  facet normal 0.888426 -0.45902 0
    outer loop
      vertex 61.4204 40.9081 3
      vertex 61.377 40.8241 3.55
      vertex 61.377 40.8241 3
    endloop
  endfacet
  facet normal 0.922267 -0.386554 0
    outer loop
      vertex 61.4204 40.9081 3.55
      vertex 61.4572 40.9959 3
      vertex 61.4572 40.9959 3.55
    endloop
  endfacet
  facet normal 0.922267 -0.386554 0
    outer loop
      vertex 61.4572 40.9959 3
      vertex 61.4204 40.9081 3.55
      vertex 61.4204 40.9081 3
    endloop
  endfacet
  facet normal 0.949922 -0.312488 0
    outer loop
      vertex 61.4572 40.9959 3.55
      vertex 61.4873 41.0874 3
      vertex 61.4873 41.0874 3.55
    endloop
  endfacet
  facet normal 0.949922 -0.312488 0
    outer loop
      vertex 61.4873 41.0874 3
      vertex 61.4572 40.9959 3.55
      vertex 61.4572 40.9959 3
    endloop
  endfacet
  facet normal 0.971389 -0.237496 0
    outer loop
      vertex 61.4873 41.0874 3.55
      vertex 61.5106 41.1827 3
      vertex 61.5106 41.1827 3.55
    endloop
  endfacet
  facet normal 0.971389 -0.237496 0
    outer loop
      vertex 61.5106 41.1827 3
      vertex 61.4873 41.0874 3.55
      vertex 61.4873 41.0874 3
    endloop
  endfacet
  facet normal 0.986097 -0.166174 0
    outer loop
      vertex 61.5106 41.1827 3.55
      vertex 61.5273 41.2818 3
      vertex 61.5273 41.2818 3.55
    endloop
  endfacet
  facet normal 0.986097 -0.166174 0
    outer loop
      vertex 61.5273 41.2818 3
      vertex 61.5106 41.1827 3.55
      vertex 61.5106 41.1827 3
    endloop
  endfacet
  facet normal 0.995217 -0.0976841 0
    outer loop
      vertex 61.5273 41.2818 3.55
      vertex 61.5374 41.3847 3
      vertex 61.5374 41.3847 3.55
    endloop
  endfacet
  facet normal 0.995217 -0.0976841 0
    outer loop
      vertex 61.5374 41.3847 3
      vertex 61.5273 41.2818 3.55
      vertex 61.5273 41.2818 3
    endloop
  endfacet
  facet normal 0.999521 -0.030942 0
    outer loop
      vertex 61.5374 41.3847 3.55
      vertex 61.5407 41.4913 3
      vertex 61.5407 41.4913 3.55
    endloop
  endfacet
  facet normal 0.999521 -0.030942 0
    outer loop
      vertex 61.5407 41.4913 3
      vertex 61.5374 41.3847 3.55
      vertex 61.5374 41.3847 3
    endloop
  endfacet
  facet normal 0.999082 0.0428456 0
    outer loop
      vertex 61.5407 41.4913 3.55
      vertex 61.5341 41.6452 3
      vertex 61.5341 41.6452 3.55
    endloop
  endfacet
  facet normal 0.999082 0.0428456 0
    outer loop
      vertex 61.5341 41.6452 3
      vertex 61.5407 41.4913 3.55
      vertex 61.5407 41.4913 3
    endloop
  endfacet
  facet normal 0.990659 0.136361 0
    outer loop
      vertex 61.5341 41.6452 3.55
      vertex 61.5141 41.7905 3
      vertex 61.5141 41.7905 3.55
    endloop
  endfacet
  facet normal 0.990659 0.136361 0
    outer loop
      vertex 61.5141 41.7905 3
      vertex 61.5341 41.6452 3.55
      vertex 61.5341 41.6452 3
    endloop
  endfacet
  facet normal 0.971628 0.236515 0
    outer loop
      vertex 61.5141 41.7905 3.55
      vertex 61.4808 41.9273 3
      vertex 61.4808 41.9273 3.55
    endloop
  endfacet
  facet normal 0.971628 0.236515 0
    outer loop
      vertex 61.4808 41.9273 3
      vertex 61.5141 41.7905 3.55
      vertex 61.5141 41.7905 3
    endloop
  endfacet
  facet normal 0.939836 0.341625 0
    outer loop
      vertex 61.4808 41.9273 3.55
      vertex 61.4342 42.0555 3
      vertex 61.4342 42.0555 3.55
    endloop
  endfacet
  facet normal 0.939836 0.341625 0
    outer loop
      vertex 61.4342 42.0555 3
      vertex 61.4808 41.9273 3.55
      vertex 61.4808 41.9273 3
    endloop
  endfacet
  facet normal 0.893978 0.448111 0
    outer loop
      vertex 61.4342 42.0555 3.55
      vertex 61.3743 42.175 3
      vertex 61.3743 42.175 3.55
    endloop
  endfacet
  facet normal 0.893978 0.448111 0
    outer loop
      vertex 61.3743 42.175 3
      vertex 61.4342 42.0555 3.55
      vertex 61.4342 42.0555 3
    endloop
  endfacet
  facet normal 0.834817 0.550528 0
    outer loop
      vertex 61.3743 42.175 3.55
      vertex 61.3011 42.286 3
      vertex 61.3011 42.286 3.55
    endloop
  endfacet
  facet normal 0.834817 0.550528 0
    outer loop
      vertex 61.3011 42.286 3
      vertex 61.3743 42.175 3.55
      vertex 61.3743 42.175 3
    endloop
  endfacet
  facet normal 0.763924 0.645307 0
    outer loop
      vertex 61.3011 42.286 3.55
      vertex 61.2146 42.3884 3
      vertex 61.2146 42.3884 3.55
    endloop
  endfacet
  facet normal 0.763924 0.645307 0
    outer loop
      vertex 61.2146 42.3884 3
      vertex 61.3011 42.286 3.55
      vertex 61.3011 42.286 3
    endloop
  endfacet
  facet normal 0.684499 0.729014 -0
    outer loop
      vertex 61.2146 42.3884 3
      vertex 61.1147 42.4822 3.55
      vertex 61.2146 42.3884 3.55
    endloop
  endfacet
  facet normal 0.684499 0.729014 0
    outer loop
      vertex 61.1147 42.4822 3.55
      vertex 61.2146 42.3884 3
      vertex 61.1147 42.4822 3
    endloop
  endfacet
  facet normal 0.601694 0.798727 -0
    outer loop
      vertex 61.1147 42.4822 3
      vertex 61.0016 42.5674 3.55
      vertex 61.1147 42.4822 3.55
    endloop
  endfacet
  facet normal 0.601694 0.798727 0
    outer loop
      vertex 61.0016 42.5674 3.55
      vertex 61.1147 42.4822 3
      vertex 61.0016 42.5674 3
    endloop
  endfacet
  facet normal 0.518677 0.85497 -0
    outer loop
      vertex 61.0016 42.5674 3
      vertex 60.8755 42.6439 3.55
      vertex 61.0016 42.5674 3.55
    endloop
  endfacet
  facet normal 0.518677 0.85497 0
    outer loop
      vertex 60.8755 42.6439 3.55
      vertex 61.0016 42.5674 3
      vertex 60.8755 42.6439 3
    endloop
  endfacet
  facet normal 0.437069 0.899428 -0
    outer loop
      vertex 60.8755 42.6439 3
      vertex 60.7368 42.7113 3.55
      vertex 60.8755 42.6439 3.55
    endloop
  endfacet
  facet normal 0.437069 0.899428 0
    outer loop
      vertex 60.7368 42.7113 3.55
      vertex 60.8755 42.6439 3
      vertex 60.7368 42.7113 3
    endloop
  endfacet
  facet normal 0.360631 0.932709 -0
    outer loop
      vertex 60.7368 42.7113 3
      vertex 60.5855 42.7698 3.55
      vertex 60.7368 42.7113 3.55
    endloop
  endfacet
  facet normal 0.360631 0.932709 0
    outer loop
      vertex 60.5855 42.7698 3.55
      vertex 60.7368 42.7113 3
      vertex 60.5855 42.7698 3
    endloop
  endfacet
  facet normal 0.288419 0.957504 -0
    outer loop
      vertex 60.5855 42.7698 3
      vertex 60.4215 42.8192 3.55
      vertex 60.5855 42.7698 3.55
    endloop
  endfacet
  facet normal 0.288419 0.957504 0
    outer loop
      vertex 60.4215 42.8192 3.55
      vertex 60.5855 42.7698 3
      vertex 60.4215 42.8192 3
    endloop
  endfacet
  facet normal 0.223649 0.97467 -0
    outer loop
      vertex 60.4215 42.8192 3
      vertex 60.245 42.8597 3.55
      vertex 60.4215 42.8192 3.55
    endloop
  endfacet
  facet normal 0.223649 0.97467 0
    outer loop
      vertex 60.245 42.8597 3.55
      vertex 60.4215 42.8192 3
      vertex 60.245 42.8597 3
    endloop
  endfacet
  facet normal 0.16423 0.986422 -0
    outer loop
      vertex 60.245 42.8597 3
      vertex 60.0558 42.8912 3.55
      vertex 60.245 42.8597 3.55
    endloop
  endfacet
  facet normal 0.16423 0.986422 0
    outer loop
      vertex 60.0558 42.8912 3.55
      vertex 60.245 42.8597 3
      vertex 60.0558 42.8912 3
    endloop
  endfacet
  facet normal 0.110377 0.99389 -0
    outer loop
      vertex 60.0558 42.8912 3
      vertex 59.8541 42.9136 3.55
      vertex 60.0558 42.8912 3.55
    endloop
  endfacet
  facet normal 0.110377 0.99389 0
    outer loop
      vertex 59.8541 42.9136 3.55
      vertex 60.0558 42.8912 3
      vertex 59.8541 42.9136 3
    endloop
  endfacet
  facet normal 0.062842 0.998023 -0
    outer loop
      vertex 59.8541 42.9136 3
      vertex 59.6397 42.9271 3.55
      vertex 59.8541 42.9136 3.55
    endloop
  endfacet
  facet normal 0.062842 0.998023 0
    outer loop
      vertex 59.6397 42.9271 3.55
      vertex 59.8541 42.9136 3
      vertex 59.6397 42.9271 3
    endloop
  endfacet
  facet normal 0.0198286 0.999803 -0
    outer loop
      vertex 59.6397 42.9271 3
      vertex 59.4128 42.9316 3.55
      vertex 59.6397 42.9271 3.55
    endloop
  endfacet
  facet normal 0.0198286 0.999803 0
    outer loop
      vertex 59.4128 42.9316 3.55
      vertex 59.6397 42.9271 3
      vertex 59.4128 42.9316 3
    endloop
  endfacet
  facet normal 0 1 -0
    outer loop
      vertex 59.4128 42.9316 3
      vertex 56.7884 42.9316 3.55
      vertex 59.4128 42.9316 3.55
    endloop
  endfacet
  facet normal 0 1 0
    outer loop
      vertex 56.7884 42.9316 3.55
      vertex 59.4128 42.9316 3
      vertex 56.7884 42.9316 3
    endloop
  endfacet
  facet normal -1 0 0
    outer loop
      vertex 56.7884 37.1988 3
      vertex 56.7884 42.9316 3.55
      vertex 56.7884 42.9316 3
    endloop
  endfacet
  facet normal -1 -0 0
    outer loop
      vertex 56.7884 42.9316 3.55
      vertex 56.7884 37.1988 3
      vertex 56.7884 37.1988 3.55
    endloop
  endfacet
  facet normal 0 -1 0
    outer loop
      vertex 56.7884 37.1988 3
      vertex 59.6569 37.1988 3.55
      vertex 56.7884 37.1988 3.55
    endloop
  endfacet
  facet normal 0 -1 -0
    outer loop
      vertex 59.6569 37.1988 3.55
      vertex 56.7884 37.1988 3
      vertex 59.6569 37.1988 3
    endloop
  endfacet
  facet normal 0.0230129 -0.999735 0
    outer loop
      vertex 59.6569 37.1988 3
      vertex 59.8828 37.204 3.55
      vertex 59.6569 37.1988 3.55
    endloop
  endfacet
  facet normal 0.0230129 -0.999735 0
    outer loop
      vertex 59.8828 37.204 3.55
      vertex 59.6569 37.1988 3
      vertex 59.8828 37.204 3
    endloop
  endfacet
  facet normal 1 -0 0
    outer loop
      vertex 57.9887 40.6205 3.55
      vertex 57.9887 42.0406 3
      vertex 57.9887 42.0406 3.55
    endloop
  endfacet
  facet normal 1 0 0
    outer loop
      vertex 57.9887 42.0406 3
      vertex 57.9887 40.6205 3.55
      vertex 57.9887 40.6205 3
    endloop
  endfacet
  facet normal 0 -1 0
    outer loop
      vertex 57.9887 42.0406 3
      vertex 59.3558 42.0406 3.55
      vertex 57.9887 42.0406 3.55
    endloop
  endfacet
  facet normal 0 -1 -0
    outer loop
      vertex 59.3558 42.0406 3.55
      vertex 57.9887 42.0406 3
      vertex 59.3558 42.0406 3
    endloop
  endfacet
  facet normal -0.0190987 -0.999818 0
    outer loop
      vertex 59.3558 42.0406 3
      vertex 59.4605 42.0386 3.55
      vertex 59.3558 42.0406 3.55
    endloop
  endfacet
  facet normal -0.0190987 -0.999818 -0
    outer loop
      vertex 59.4605 42.0386 3.55
      vertex 59.3558 42.0406 3
      vertex 59.4605 42.0386 3
    endloop
  endfacet
  facet normal -0.0616235 -0.998099 0
    outer loop
      vertex 59.4605 42.0386 3
      vertex 59.5593 42.0325 3.55
      vertex 59.4605 42.0386 3.55
    endloop
  endfacet
  facet normal -0.0616235 -0.998099 -0
    outer loop
      vertex 59.5593 42.0325 3.55
      vertex 59.4605 42.0386 3
      vertex 59.5593 42.0325 3
    endloop
  endfacet
  facet normal -0.107024 -0.994256 0
    outer loop
      vertex 59.5593 42.0325 3
      vertex 59.6522 42.0225 3.55
      vertex 59.5593 42.0325 3.55
    endloop
  endfacet
  facet normal -0.107024 -0.994256 -0
    outer loop
      vertex 59.6522 42.0225 3.55
      vertex 59.5593 42.0325 3
      vertex 59.6522 42.0225 3
    endloop
  endfacet
  facet normal -0.159982 -0.98712 0
    outer loop
      vertex 59.6522 42.0225 3
      vertex 59.7392 42.0084 3.55
      vertex 59.6522 42.0225 3.55
    endloop
  endfacet
  facet normal -0.159982 -0.98712 -0
    outer loop
      vertex 59.7392 42.0084 3.55
      vertex 59.6522 42.0225 3
      vertex 59.7392 42.0084 3
    endloop
  endfacet
  facet normal -0.217822 -0.975988 0
    outer loop
      vertex 59.7392 42.0084 3
      vertex 59.8203 41.9903 3.55
      vertex 59.7392 42.0084 3.55
    endloop
  endfacet
  facet normal -0.217822 -0.975988 -0
    outer loop
      vertex 59.8203 41.9903 3.55
      vertex 59.7392 42.0084 3
      vertex 59.8203 41.9903 3
    endloop
  endfacet
  facet normal -0.281614 -0.959528 0
    outer loop
      vertex 59.8203 41.9903 3
      vertex 59.8956 41.9682 3.55
      vertex 59.8203 41.9903 3.55
    endloop
  endfacet
  facet normal -0.281614 -0.959528 -0
    outer loop
      vertex 59.8956 41.9682 3.55
      vertex 59.8203 41.9903 3
      vertex 59.8956 41.9682 3
    endloop
  endfacet
  facet normal -0.35201 -0.935996 0
    outer loop
      vertex 59.8956 41.9682 3
      vertex 59.965 41.9421 3.55
      vertex 59.8956 41.9682 3.55
    endloop
  endfacet
  facet normal -0.35201 -0.935996 -0
    outer loop
      vertex 59.965 41.9421 3.55
      vertex 59.8956 41.9682 3
      vertex 59.965 41.9421 3
    endloop
  endfacet
  facet normal -0.429492 -0.903071 0
    outer loop
      vertex 59.965 41.9421 3
      vertex 60.0285 41.9119 3.55
      vertex 59.965 41.9421 3.55
    endloop
  endfacet
  facet normal -0.429492 -0.903071 -0
    outer loop
      vertex 60.0285 41.9119 3.55
      vertex 59.965 41.9421 3
      vertex 60.0285 41.9119 3
    endloop
  endfacet
  facet normal -0.509434 -0.86051 0
    outer loop
      vertex 60.0285 41.9119 3
      vertex 60.0861 41.8778 3.55
      vertex 60.0285 41.9119 3.55
    endloop
  endfacet
  facet normal -0.509434 -0.86051 -0
    outer loop
      vertex 60.0861 41.8778 3.55
      vertex 60.0285 41.9119 3
      vertex 60.0861 41.8778 3
    endloop
  endfacet
  facet normal -0.601236 -0.799072 0
    outer loop
      vertex 60.0861 41.8778 3
      vertex 60.1378 41.8389 3.55
      vertex 60.0861 41.8778 3.55
    endloop
  endfacet
  facet normal -0.601236 -0.799072 -0
    outer loop
      vertex 60.1378 41.8389 3.55
      vertex 60.0861 41.8778 3
      vertex 60.1378 41.8389 3
    endloop
  endfacet
  facet normal -0.698422 -0.715686 0
    outer loop
      vertex 60.1378 41.8389 3
      vertex 60.1834 41.7944 3.55
      vertex 60.1378 41.8389 3.55
    endloop
  endfacet
  facet normal -0.698422 -0.715686 -0
    outer loop
      vertex 60.1834 41.7944 3.55
      vertex 60.1378 41.8389 3
      vertex 60.1834 41.7944 3
    endloop
  endfacet
  facet normal -0.784682 -0.619899 0
    outer loop
      vertex 60.2229 41.7444 3
      vertex 60.1834 41.7944 3.55
      vertex 60.1834 41.7944 3
    endloop
  endfacet
  facet normal -0.784682 -0.619899 0
    outer loop
      vertex 60.1834 41.7944 3.55
      vertex 60.2229 41.7444 3
      vertex 60.2229 41.7444 3.55
    endloop
  endfacet
  facet normal -0.856811 -0.51563 0
    outer loop
      vertex 60.2563 41.6889 3
      vertex 60.2229 41.7444 3.55
      vertex 60.2229 41.7444 3
    endloop
  endfacet
  facet normal -0.856811 -0.51563 0
    outer loop
      vertex 60.2229 41.7444 3.55
      vertex 60.2563 41.6889 3
      vertex 60.2563 41.6889 3.55
    endloop
  endfacet
  facet normal -0.912201 -0.409743 0
    outer loop
      vertex 60.2837 41.6279 3
      vertex 60.2563 41.6889 3.55
      vertex 60.2563 41.6889 3
    endloop
  endfacet
  facet normal -0.912201 -0.409743 0
    outer loop
      vertex 60.2563 41.6889 3.55
      vertex 60.2837 41.6279 3
      vertex 60.2837 41.6279 3.55
    endloop
  endfacet
  facet normal -0.952341 -0.305036 0
    outer loop
      vertex 60.305 41.5614 3
      vertex 60.2837 41.6279 3.55
      vertex 60.2837 41.6279 3
    endloop
  endfacet
  facet normal -0.952341 -0.305036 0
    outer loop
      vertex 60.2837 41.6279 3.55
      vertex 60.305 41.5614 3
      vertex 60.305 41.5614 3.55
    endloop
  endfacet
  facet normal -0.978765 -0.204984 0
    outer loop
      vertex 60.3201 41.4893 3
      vertex 60.305 41.5614 3.55
      vertex 60.305 41.5614 3
    endloop
  endfacet
  facet normal -0.978765 -0.204984 0
    outer loop
      vertex 60.305 41.5614 3.55
      vertex 60.3201 41.4893 3
      vertex 60.3201 41.4893 3.55
    endloop
  endfacet
  facet normal -0.993045 -0.117732 0
    outer loop
      vertex 60.3293 41.4117 3
      vertex 60.3201 41.4893 3.55
      vertex 60.3201 41.4893 3
    endloop
  endfacet
  facet normal -0.993045 -0.117732 0
    outer loop
      vertex 60.3201 41.4893 3.55
      vertex 60.3293 41.4117 3
      vertex 60.3293 41.4117 3.55
    endloop
  endfacet
  facet normal -0.999351 -0.0360343 0
    outer loop
      vertex 60.3323 41.3285 3
      vertex 60.3293 41.4117 3.55
      vertex 60.3293 41.4117 3
    endloop
  endfacet
  facet normal -0.999351 -0.0360343 0
    outer loop
      vertex 60.3293 41.4117 3.55
      vertex 60.3323 41.3285 3
      vertex 60.3323 41.3285 3.55
    endloop
  endfacet
  facet normal -0.999329 0.0366246 0
    outer loop
      vertex 60.3295 41.2521 3
      vertex 60.3323 41.3285 3.55
      vertex 60.3323 41.3285 3
    endloop
  endfacet
  facet normal -0.999329 0.0366246 0
    outer loop
      vertex 60.3323 41.3285 3.55
      vertex 60.3295 41.2521 3
      vertex 60.3295 41.2521 3.55
    endloop
  endfacet
  facet normal -0.993141 0.116921 0
    outer loop
      vertex 60.321 41.1799 3
      vertex 60.3295 41.2521 3.55
      vertex 60.3295 41.2521 3
    endloop
  endfacet
  facet normal -0.993141 0.116921 0
    outer loop
      vertex 60.3295 41.2521 3.55
      vertex 60.321 41.1799 3
      vertex 60.321 41.1799 3.55
    endloop
  endfacet
  facet normal -0.978703 0.205282 0
    outer loop
      vertex 60.3068 41.1122 3
      vertex 60.321 41.1799 3.55
      vertex 60.321 41.1799 3
    endloop
  endfacet
  facet normal -0.978703 0.205282 0
    outer loop
      vertex 60.321 41.1799 3.55
      vertex 60.3068 41.1122 3
      vertex 60.3068 41.1122 3.55
    endloop
  endfacet
  facet normal -0.954104 0.299474 0
    outer loop
      vertex 60.2869 41.0488 3
      vertex 60.3068 41.1122 3.55
      vertex 60.3068 41.1122 3
    endloop
  endfacet
  facet normal -0.954104 0.299474 0
    outer loop
      vertex 60.3068 41.1122 3.55
      vertex 60.2869 41.0488 3
      vertex 60.2869 41.0488 3.55
    endloop
  endfacet
  facet normal -0.917934 0.396734 0
    outer loop
      vertex 60.2614 40.9898 3
      vertex 60.2869 41.0488 3.55
      vertex 60.2869 41.0488 3
    endloop
  endfacet
  facet normal -0.917934 0.396734 0
    outer loop
      vertex 60.2869 41.0488 3.55
      vertex 60.2614 40.9898 3
      vertex 60.2614 40.9898 3.55
    endloop
  endfacet
  facet normal -0.867558 0.497336 0
    outer loop
      vertex 60.2301 40.9352 3
      vertex 60.2614 40.9898 3.55
      vertex 60.2614 40.9898 3
    endloop
  endfacet
  facet normal -0.867558 0.497336 0
    outer loop
      vertex 60.2614 40.9898 3.55
      vertex 60.2301 40.9352 3
      vertex 60.2301 40.9352 3.55
    endloop
  endfacet
  facet normal -0.806303 0.591503 0
    outer loop
      vertex 60.1932 40.8849 3
      vertex 60.2301 40.9352 3.55
      vertex 60.2301 40.9352 3
    endloop
  endfacet
  facet normal -0.806303 0.591503 0
    outer loop
      vertex 60.2301 40.9352 3.55
      vertex 60.1932 40.8849 3
      vertex 60.1932 40.8849 3.55
    endloop
  endfacet
  facet normal -0.733021 0.680206 0
    outer loop
      vertex 60.1507 40.8391 3
      vertex 60.1932 40.8849 3.55
      vertex 60.1932 40.8849 3
    endloop
  endfacet
  facet normal -0.733021 0.680206 0
    outer loop
      vertex 60.1932 40.8849 3.55
      vertex 60.1507 40.8391 3
      vertex 60.1507 40.8391 3.55
    endloop
  endfacet
  facet normal -0.652598 0.757704 0
    outer loop
      vertex 60.1507 40.8391 3
      vertex 60.1024 40.7975 3.55
      vertex 60.1507 40.8391 3.55
    endloop
  endfacet
  facet normal -0.652598 0.757704 0
    outer loop
      vertex 60.1024 40.7975 3.55
      vertex 60.1507 40.8391 3
      vertex 60.1024 40.7975 3
    endloop
  endfacet
  facet normal -0.562725 0.826644 0
    outer loop
      vertex 60.1024 40.7975 3
      vertex 60.0479 40.7604 3.55
      vertex 60.1024 40.7975 3.55
    endloop
  endfacet
  facet normal -0.562725 0.826644 0
    outer loop
      vertex 60.0479 40.7604 3.55
      vertex 60.1024 40.7975 3
      vertex 60.0479 40.7604 3
    endloop
  endfacet
  facet normal -0.471185 0.882035 0
    outer loop
      vertex 60.0479 40.7604 3
      vertex 59.9865 40.7276 3.55
      vertex 60.0479 40.7604 3.55
    endloop
  endfacet
  facet normal -0.471185 0.882035 0
    outer loop
      vertex 59.9865 40.7276 3.55
      vertex 60.0479 40.7604 3
      vertex 59.9865 40.7276 3
    endloop
  endfacet
  facet normal -0.383943 0.923357 0
    outer loop
      vertex 59.9865 40.7276 3
      vertex 59.9182 40.6992 3.55
      vertex 59.9865 40.7276 3.55
    endloop
  endfacet
  facet normal -0.383943 0.923357 0
    outer loop
      vertex 59.9182 40.6992 3.55
      vertex 59.9865 40.7276 3
      vertex 59.9182 40.6992 3
    endloop
  endfacet
  facet normal -0.30404 0.952659 0
    outer loop
      vertex 59.9182 40.6992 3
      vertex 59.843 40.6752 3.55
      vertex 59.9182 40.6992 3.55
    endloop
  endfacet
  facet normal -0.30404 0.952659 0
    outer loop
      vertex 59.843 40.6752 3.55
      vertex 59.9182 40.6992 3
      vertex 59.843 40.6752 3
    endloop
  endfacet
  facet normal -0.233597 0.972333 0
    outer loop
      vertex 59.843 40.6752 3
      vertex 59.761 40.6555 3.55
      vertex 59.843 40.6752 3.55
    endloop
  endfacet
  facet normal -0.233597 0.972333 0
    outer loop
      vertex 59.761 40.6555 3.55
      vertex 59.843 40.6752 3
      vertex 59.761 40.6555 3
    endloop
  endfacet
  facet normal -0.16961 0.985511 0
    outer loop
      vertex 59.761 40.6555 3
      vertex 59.6721 40.6402 3.55
      vertex 59.761 40.6555 3.55
    endloop
  endfacet
  facet normal -0.16961 0.985511 0
    outer loop
      vertex 59.6721 40.6402 3.55
      vertex 59.761 40.6555 3
      vertex 59.6721 40.6402 3
    endloop
  endfacet
  facet normal -0.112933 0.993603 0
    outer loop
      vertex 59.6721 40.6402 3
      vertex 59.5762 40.6293 3.55
      vertex 59.6721 40.6402 3.55
    endloop
  endfacet
  facet normal -0.112933 0.993603 0
    outer loop
      vertex 59.5762 40.6293 3.55
      vertex 59.6721 40.6402 3
      vertex 59.5762 40.6293 3
    endloop
  endfacet
  facet normal -0.0641948 0.997937 0
    outer loop
      vertex 59.5762 40.6293 3
      vertex 59.4736 40.6227 3.55
      vertex 59.5762 40.6293 3.55
    endloop
  endfacet
  facet normal -0.0641948 0.997937 0
    outer loop
      vertex 59.4736 40.6227 3.55
      vertex 59.5762 40.6293 3
      vertex 59.4736 40.6227 3
    endloop
  endfacet
  facet normal -0.0200689 0.999799 0
    outer loop
      vertex 59.4736 40.6227 3
      vertex 59.364 40.6205 3.55
      vertex 59.4736 40.6227 3.55
    endloop
  endfacet
  facet normal -0.0200689 0.999799 0
    outer loop
      vertex 59.364 40.6205 3.55
      vertex 59.4736 40.6227 3
      vertex 59.364 40.6205 3
    endloop
  endfacet
  facet normal 0 1 -0
    outer loop
      vertex 59.364 40.6205 3
      vertex 57.9887 40.6205 3.55
      vertex 59.364 40.6205 3.55
    endloop
  endfacet
  facet normal 0 1 0
    outer loop
      vertex 57.9887 40.6205 3.55
      vertex 59.364 40.6205 3
      vertex 57.9887 40.6205 3
    endloop
  endfacet
  facet normal 1 -0 0
    outer loop
      vertex 57.9887 38.0898 3.55
      vertex 57.9887 39.7336 3
      vertex 57.9887 39.7336 3.55
    endloop
  endfacet
  facet normal 1 0 0
    outer loop
      vertex 57.9887 39.7336 3
      vertex 57.9887 38.0898 3.55
      vertex 57.9887 38.0898 3
    endloop
  endfacet
  facet normal 0 -1 0
    outer loop
      vertex 57.9887 39.7336 3
      vertex 59.5104 39.7336 3.55
      vertex 57.9887 39.7336 3.55
    endloop
  endfacet
  facet normal 0 -1 -0
    outer loop
      vertex 59.5104 39.7336 3.55
      vertex 57.9887 39.7336 3
      vertex 59.5104 39.7336 3
    endloop
  endfacet
  facet normal -0.0411851 -0.999152 0
    outer loop
      vertex 59.5104 39.7336 3
      vertex 59.753 39.7236 3.55
      vertex 59.5104 39.7336 3.55
    endloop
  endfacet
  facet normal -0.0411851 -0.999152 -0
    outer loop
      vertex 59.753 39.7236 3.55
      vertex 59.5104 39.7336 3
      vertex 59.753 39.7236 3
    endloop
  endfacet
  facet normal -0.137985 -0.990434 0
    outer loop
      vertex 59.753 39.7236 3
      vertex 59.9669 39.6938 3.55
      vertex 59.753 39.7236 3.55
    endloop
  endfacet
  facet normal -0.137985 -0.990434 -0
    outer loop
      vertex 59.9669 39.6938 3.55
      vertex 59.753 39.7236 3
      vertex 59.9669 39.6938 3
    endloop
  endfacet
  facet normal -0.258797 -0.965932 0
    outer loop
      vertex 59.9669 39.6938 3
      vertex 60.1524 39.6441 3.55
      vertex 59.9669 39.6938 3.55
    endloop
  endfacet
  facet normal -0.258797 -0.965932 -0
    outer loop
      vertex 60.1524 39.6441 3.55
      vertex 59.9669 39.6938 3
      vertex 60.1524 39.6441 3
    endloop
  endfacet
  facet normal -0.405976 -0.913884 0
    outer loop
      vertex 60.1524 39.6441 3
      vertex 60.3093 39.5744 3.55
      vertex 60.1524 39.6441 3.55
    endloop
  endfacet
  facet normal -0.405976 -0.913884 -0
    outer loop
      vertex 60.3093 39.5744 3.55
      vertex 60.1524 39.6441 3
      vertex 60.3093 39.5744 3
    endloop
  endfacet
  facet normal -0.571832 -0.820371 0
    outer loop
      vertex 60.3093 39.5744 3
      vertex 60.4377 39.4849 3.55
      vertex 60.3093 39.5744 3.55
    endloop
  endfacet
  facet normal -0.571832 -0.820371 -0
    outer loop
      vertex 60.4377 39.4849 3.55
      vertex 60.3093 39.5744 3
      vertex 60.4377 39.4849 3
    endloop
  endfacet
  facet normal -0.738442 -0.674317 0
    outer loop
      vertex 60.5376 39.3755 3
      vertex 60.4377 39.4849 3.55
      vertex 60.4377 39.4849 3
    endloop
  endfacet
  facet normal -0.738442 -0.674317 0
    outer loop
      vertex 60.4377 39.4849 3.55
      vertex 60.5376 39.3755 3
      vertex 60.5376 39.3755 3.55
    endloop
  endfacet
  facet normal -0.875686 -0.48288 0
    outer loop
      vertex 60.6089 39.2462 3
      vertex 60.5376 39.3755 3.55
      vertex 60.5376 39.3755 3
    endloop
  endfacet
  facet normal -0.875686 -0.48288 0
    outer loop
      vertex 60.5376 39.3755 3.55
      vertex 60.6089 39.2462 3
      vertex 60.6089 39.2462 3.55
    endloop
  endfacet
  facet normal -0.961232 -0.275742 0
    outer loop
      vertex 60.6517 39.097 3
      vertex 60.6089 39.2462 3.55
      vertex 60.6089 39.2462 3
    endloop
  endfacet
  facet normal -0.961232 -0.275742 0
    outer loop
      vertex 60.6089 39.2462 3.55
      vertex 60.6517 39.097 3
      vertex 60.6517 39.097 3.55
    endloop
  endfacet
  facet normal -0.996439 -0.0843141 0
    outer loop
      vertex 60.666 38.928 3
      vertex 60.6517 39.097 3.55
      vertex 60.6517 39.097 3
    endloop
  endfacet
  facet normal -0.996439 -0.0843141 0
    outer loop
      vertex 60.6517 39.097 3.55
      vertex 60.666 38.928 3
      vertex 60.666 38.928 3.55
    endloop
  endfacet
  facet normal -0.999337 0.0363997 0
    outer loop
      vertex 60.6627 38.8374 3
      vertex 60.666 38.928 3.55
      vertex 60.666 38.928 3
    endloop
  endfacet
  facet normal -0.999337 0.0363997 0
    outer loop
      vertex 60.666 38.928 3.55
      vertex 60.6627 38.8374 3
      vertex 60.6627 38.8374 3.55
    endloop
  endfacet
  facet normal -0.993332 0.115287 0
    outer loop
      vertex 60.6528 38.7521 3
      vertex 60.6627 38.8374 3.55
      vertex 60.6627 38.8374 3
    endloop
  endfacet
  facet normal -0.993332 0.115287 0
    outer loop
      vertex 60.6627 38.8374 3.55
      vertex 60.6528 38.7521 3
      vertex 60.6528 38.7521 3.55
    endloop
  endfacet
  facet normal -0.979726 0.200343 0
    outer loop
      vertex 60.6364 38.6719 3
      vertex 60.6528 38.7521 3.55
      vertex 60.6528 38.7521 3
    endloop
  endfacet
  facet normal -0.979726 0.200343 0
    outer loop
      vertex 60.6528 38.7521 3.55
      vertex 60.6364 38.6719 3
      vertex 60.6364 38.6719 3.55
    endloop
  endfacet
  facet normal -0.955807 0.293996 0
    outer loop
      vertex 60.6133 38.5968 3
      vertex 60.6364 38.6719 3.55
      vertex 60.6364 38.6719 3
    endloop
  endfacet
  facet normal -0.955807 0.293996 0
    outer loop
      vertex 60.6364 38.6719 3.55
      vertex 60.6133 38.5968 3
      vertex 60.6133 38.5968 3.55
    endloop
  endfacet
  facet normal -0.920639 0.390414 0
    outer loop
      vertex 60.5837 38.527 3
      vertex 60.6133 38.5968 3.55
      vertex 60.6133 38.5968 3
    endloop
  endfacet
  facet normal -0.920639 0.390414 0
    outer loop
      vertex 60.6133 38.5968 3.55
      vertex 60.5837 38.527 3
      vertex 60.5837 38.527 3.55
    endloop
  endfacet
  facet normal -0.87269 0.488275 0
    outer loop
      vertex 60.5475 38.4623 3
      vertex 60.5837 38.527 3.55
      vertex 60.5837 38.527 3
    endloop
  endfacet
  facet normal -0.87269 0.488275 0
    outer loop
      vertex 60.5837 38.527 3.55
      vertex 60.5475 38.4623 3
      vertex 60.5475 38.4623 3.55
    endloop
  endfacet
  facet normal -0.811793 0.583945 0
    outer loop
      vertex 60.5047 38.4028 3
      vertex 60.5475 38.4623 3.55
      vertex 60.5475 38.4623 3
    endloop
  endfacet
  facet normal -0.811793 0.583945 0
    outer loop
      vertex 60.5475 38.4623 3.55
      vertex 60.5047 38.4028 3
      vertex 60.5047 38.4028 3.55
    endloop
  endfacet
  facet normal -0.740372 0.672198 0
    outer loop
      vertex 60.4554 38.3485 3
      vertex 60.5047 38.4028 3.55
      vertex 60.5047 38.4028 3
    endloop
  endfacet
  facet normal -0.740372 0.672198 0
    outer loop
      vertex 60.5047 38.4028 3.55
      vertex 60.4554 38.3485 3
      vertex 60.4554 38.3485 3.55
    endloop
  endfacet
  facet normal -0.660023 0.751246 0
    outer loop
      vertex 60.4554 38.3485 3
      vertex 60.3994 38.2993 3.55
      vertex 60.4554 38.3485 3.55
    endloop
  endfacet
  facet normal -0.660023 0.751246 0
    outer loop
      vertex 60.3994 38.2993 3.55
      vertex 60.4554 38.3485 3
      vertex 60.3994 38.2993 3
    endloop
  endfacet
  facet normal -0.571713 0.820454 0
    outer loop
      vertex 60.3994 38.2993 3
      vertex 60.3364 38.2554 3.55
      vertex 60.3994 38.2993 3.55
    endloop
  endfacet
  facet normal -0.571713 0.820454 0
    outer loop
      vertex 60.3364 38.2554 3.55
      vertex 60.3994 38.2993 3
      vertex 60.3364 38.2554 3
    endloop
  endfacet
  facet normal -0.480587 0.876947 0
    outer loop
      vertex 60.3364 38.2554 3
      vertex 60.2656 38.2166 3.55
      vertex 60.3364 38.2554 3.55
    endloop
  endfacet
  facet normal -0.480587 0.876947 0
    outer loop
      vertex 60.2656 38.2166 3.55
      vertex 60.3364 38.2554 3
      vertex 60.2656 38.2166 3
    endloop
  endfacet
  facet normal -0.394909 0.91872 0
    outer loop
      vertex 60.2656 38.2166 3
      vertex 60.1872 38.1829 3.55
      vertex 60.2656 38.2166 3.55
    endloop
  endfacet
  facet normal -0.394909 0.91872 0
    outer loop
      vertex 60.1872 38.1829 3.55
      vertex 60.2656 38.2166 3
      vertex 60.1872 38.1829 3
    endloop
  endfacet
  facet normal -0.313248 0.949671 0
    outer loop
      vertex 60.1872 38.1829 3
      vertex 60.1011 38.1545 3.55
      vertex 60.1872 38.1829 3.55
    endloop
  endfacet
  facet normal -0.313248 0.949671 0
    outer loop
      vertex 60.1011 38.1545 3.55
      vertex 60.1872 38.1829 3
      vertex 60.1011 38.1545 3
    endloop
  endfacet
  facet normal -0.241075 0.970507 0
    outer loop
      vertex 60.1011 38.1545 3
      vertex 60.0073 38.1312 3.55
      vertex 60.1011 38.1545 3.55
    endloop
  endfacet
  facet normal -0.241075 0.970507 0
    outer loop
      vertex 60.0073 38.1312 3.55
      vertex 60.1011 38.1545 3
      vertex 60.0073 38.1312 3
    endloop
  endfacet
  facet normal -0.175556 0.98447 0
    outer loop
      vertex 60.0073 38.1312 3
      vertex 59.9058 38.1131 3.55
      vertex 60.0073 38.1312 3.55
    endloop
  endfacet
  facet normal -0.175556 0.98447 0
    outer loop
      vertex 59.9058 38.1131 3.55
      vertex 60.0073 38.1312 3
      vertex 59.9058 38.1131 3
    endloop
  endfacet
  facet normal -0.117316 0.993095 0
    outer loop
      vertex 59.9058 38.1131 3
      vertex 59.7966 38.1002 3.55
      vertex 59.9058 38.1131 3.55
    endloop
  endfacet
  facet normal -0.117316 0.993095 0
    outer loop
      vertex 59.7966 38.1002 3.55
      vertex 59.9058 38.1131 3
      vertex 59.7966 38.1002 3
    endloop
  endfacet
  facet normal -0.0665757 0.997781 0
    outer loop
      vertex 59.7966 38.1002 3
      vertex 59.6797 38.0924 3.55
      vertex 59.7966 38.1002 3.55
    endloop
  endfacet
  facet normal -0.0665757 0.997781 0
    outer loop
      vertex 59.6797 38.0924 3.55
      vertex 59.7966 38.1002 3
      vertex 59.6797 38.0924 3
    endloop
  endfacet
  facet normal -0.020879 0.999782 0
    outer loop
      vertex 59.6797 38.0924 3
      vertex 59.5552 38.0898 3.55
      vertex 59.6797 38.0924 3.55
    endloop
  endfacet
  facet normal -0.020879 0.999782 0
    outer loop
      vertex 59.5552 38.0898 3.55
      vertex 59.6797 38.0924 3
      vertex 59.5552 38.0898 3
    endloop
  endfacet
  facet normal 0 1 -0
    outer loop
      vertex 59.5552 38.0898 3
      vertex 57.9887 38.0898 3.55
      vertex 59.5552 38.0898 3.55
    endloop
  endfacet
  facet normal 0 1 0
    outer loop
      vertex 57.9887 38.0898 3.55
      vertex 59.5552 38.0898 3
      vertex 57.9887 38.0898 3
    endloop
  endfacet
  facet normal -0.845703 -0.533654 0
    outer loop
      vertex 72.6614 37.1988 3
      vertex 71.2211 39.4813 3.55
      vertex 71.2211 39.4813 3
    endloop
  endfacet
  facet normal -0.845703 -0.533654 0
    outer loop
      vertex 71.2211 39.4813 3.55
      vertex 72.6614 37.1988 3
      vertex 72.6614 37.1988 3.55
    endloop
  endfacet
  facet normal 0 -1 0
    outer loop
      vertex 72.6614 37.1988 3
      vertex 73.9227 37.1988 3.55
      vertex 72.6614 37.1988 3.55
    endloop
  endfacet
  facet normal 0 -1 -0
    outer loop
      vertex 73.9227 37.1988 3.55
      vertex 72.6614 37.1988 3
      vertex 73.9227 37.1988 3
    endloop
  endfacet
  facet normal 0.844963 0.534825 0
    outer loop
      vertex 73.9227 37.1988 3.55
      vertex 72.0144 40.2137 3
      vertex 72.0144 40.2137 3.55
    endloop
  endfacet
  facet normal 0.844963 0.534825 0
    outer loop
      vertex 72.0144 40.2137 3
      vertex 73.9227 37.1988 3.55
      vertex 73.9227 37.1988 3
    endloop
  endfacet
  facet normal 0.841984 -0.539503 0
    outer loop
      vertex 72.0144 40.2137 3.55
      vertex 73.7559 42.9316 3
      vertex 73.7559 42.9316 3.55
    endloop
  endfacet
  facet normal 0.841984 -0.539503 0
    outer loop
      vertex 73.7559 42.9316 3
      vertex 72.0144 40.2137 3.55
      vertex 72.0144 40.2137 3
    endloop
  endfacet
  facet normal 0 1 -0
    outer loop
      vertex 73.7559 42.9316 3
      vertex 72.4946 42.9316 3.55
      vertex 73.7559 42.9316 3.55
    endloop
  endfacet
  facet normal 0 1 0
    outer loop
      vertex 72.4946 42.9316 3.55
      vertex 73.7559 42.9316 3
      vertex 72.4946 42.9316 3
    endloop
  endfacet
  facet normal -0.846658 0.532138 0
    outer loop
      vertex 71.2211 40.9054 3
      vertex 72.4946 42.9316 3.55
      vertex 72.4946 42.9316 3
    endloop
  endfacet
  facet normal -0.846658 0.532138 0
    outer loop
      vertex 72.4946 42.9316 3.55
      vertex 71.2211 40.9054 3
      vertex 71.2211 40.9054 3.55
    endloop
  endfacet
  facet normal 0.846639 0.532168 0
    outer loop
      vertex 71.2211 40.9054 3.55
      vertex 69.9475 42.9316 3
      vertex 69.9475 42.9316 3.55
    endloop
  endfacet
  facet normal 0.846639 0.532168 0
    outer loop
      vertex 69.9475 42.9316 3
      vertex 71.2211 40.9054 3.55
      vertex 71.2211 40.9054 3
    endloop
  endfacet
  facet normal 0 1 -0
    outer loop
      vertex 69.9475 42.9316 3
      vertex 68.6781 42.9316 3.55
      vertex 69.9475 42.9316 3.55
    endloop
  endfacet
  facet normal 0 1 0
    outer loop
      vertex 68.6781 42.9316 3.55
      vertex 69.9475 42.9316 3
      vertex 68.6781 42.9316 3
    endloop
  endfacet
  facet normal -0.831094 -0.556132 0
    outer loop
      vertex 70.4968 40.2137 3
      vertex 68.6781 42.9316 3.55
      vertex 68.6781 42.9316 3
    endloop
  endfacet
  facet normal -0.831094 -0.556132 0
    outer loop
      vertex 68.6781 42.9316 3.55
      vertex 70.4968 40.2137 3
      vertex 70.4968 40.2137 3.55
    endloop
  endfacet
  facet normal -0.835161 0.550006 0
    outer loop
      vertex 68.5113 37.1988 3
      vertex 70.4968 40.2137 3.55
      vertex 70.4968 40.2137 3
    endloop
  endfacet
  facet normal -0.835161 0.550006 0
    outer loop
      vertex 70.4968 40.2137 3.55
      vertex 68.5113 37.1988 3
      vertex 68.5113 37.1988 3.55
    endloop
  endfacet
  facet normal 0 -1 0
    outer loop
      vertex 68.5113 37.1988 3
      vertex 69.7807 37.1988 3.55
      vertex 68.5113 37.1988 3.55
    endloop
  endfacet
  facet normal 0 -1 -0
    outer loop
      vertex 69.7807 37.1988 3.55
      vertex 68.5113 37.1988 3
      vertex 69.7807 37.1988 3
    endloop
  endfacet
  facet normal 0.845686 -0.533681 0
    outer loop
      vertex 69.7807 37.1988 3.55
      vertex 71.2211 39.4813 3
      vertex 71.2211 39.4813 3.55
    endloop
  endfacet
  facet normal 0.845686 -0.533681 0
    outer loop
      vertex 71.2211 39.4813 3
      vertex 69.7807 37.1988 3.55
      vertex 69.7807 37.1988 3
    endloop
  endfacet
endsolid OpenSCAD_Model
