solid OpenSCAD_Model
  facet normal -1 0 0
    outer loop
      vertex 14.5 14.5 2
      vertex 14.5 36 5
      vertex 14.5 36 2
    endloop
  endfacet
  facet normal -1 -0 0
    outer loop
      vertex 14.5 36 5
      vertex 14.5 14.5 2
      vertex 14.5 14.5 5
    endloop
  endfacet
  facet normal 0 0 1
    outer loop
      vertex 40 36 5
      vertex 38.5 34.5 5
      vertex 40 14.5 5
    endloop
  endfacet
  facet normal 0 0 1
    outer loop
      vertex 40 36 5
      vertex 16 34.5 5
      vertex 38.5 34.5 5
    endloop
  endfacet
  facet normal 0 0 1
    outer loop
      vertex 16 34.5 5
      vertex 14.5 36 5
      vertex 16 16 5
    endloop
  endfacet
  facet normal -0 0 1
    outer loop
      vertex 14.5 36 5
      vertex 16 34.5 5
      vertex 40 36 5
    endloop
  endfacet
  facet normal -0 0 1
    outer loop
      vertex 38.5 16 5
      vertex 40 14.5 5
      vertex 38.5 34.5 5
    endloop
  endfacet
  facet normal -0 0 1
    outer loop
      vertex 16 16 5
      vertex 40 14.5 5
      vertex 38.5 16 5
    endloop
  endfacet
  facet normal 0 0 1
    outer loop
      vertex 16 16 5
      vertex 14.5 14.5 5
      vertex 40 14.5 5
    endloop
  endfacet
  facet normal 0 0 1
    outer loop
      vertex 14.5 14.5 5
      vertex 16 16 5
      vertex 14.5 36 5
    endloop
  endfacet
  facet normal 1 -0 0
    outer loop
      vertex 40 14.5 5
      vertex 40 36 2
      vertex 40 36 5
    endloop
  endfacet
  facet normal 1 0 0
    outer loop
      vertex 40 36 2
      vertex 40 14.5 5
      vertex 40 14.5 2
    endloop
  endfacet
  facet normal -0 0 1
    outer loop
      vertex 16 34.5 2
      vertex 38.5 16 2
      vertex 38.5 34.5 2
    endloop
  endfacet
  facet normal 0 0 1
    outer loop
      vertex 38.5 16 2
      vertex 16 34.5 2
      vertex 16 16 2
    endloop
  endfacet
  facet normal -0 0 1
    outer loop
      vertex 56 34.5 2
      vertex 76.5 16 2
      vertex 76.5 34.5 2
    endloop
  endfacet
  facet normal 0 0 1
    outer loop
      vertex 76.5 16 2
      vertex 56 34.5 2
      vertex 56 16 2
    endloop
  endfacet
  facet normal -0 0 1
    outer loop
      vertex 8.72249 42.4775 2
      vertex 14.5 36 2
      vertex 8.76541 42.6488 2
    endloop
  endfacet
  facet normal 0 0 1
    outer loop
      vertex 14.5 14.5 2
      vertex 8.79133 7.17643 2
      vertex 8.8 7 2
    endloop
  endfacet
  facet normal -0 0 1
    outer loop
      vertex 8.66298 42.3112 2
      vertex 14.5 36 2
      vertex 8.72249 42.4775 2
    endloop
  endfacet
  facet normal 0 0 1
    outer loop
      vertex 14.5 14.5 2
      vertex 8.76541 7.35116 2
      vertex 8.79133 7.17643 2
    endloop
  endfacet
  facet normal -0 0 1
    outer loop
      vertex 8.58746 42.1515 2
      vertex 14.5 36 2
      vertex 8.66298 42.3112 2
    endloop
  endfacet
  facet normal 0 0 1
    outer loop
      vertex 14.5 14.5 2
      vertex 8.72249 7.52251 2
      vertex 8.76541 7.35116 2
    endloop
  endfacet
  facet normal -0 0 1
    outer loop
      vertex 8.49664 42 2
      vertex 14.5 36 2
      vertex 8.58746 42.1515 2
    endloop
  endfacet
  facet normal 0 0 1
    outer loop
      vertex 14.5 14.5 2
      vertex 8.66298 7.68883 2
      vertex 8.72249 7.52251 2
    endloop
  endfacet
  facet normal -0 0 1
    outer loop
      vertex 8.39142 41.8581 2
      vertex 14.5 36 2
      vertex 8.49664 42 2
    endloop
  endfacet
  facet normal 0 0 1
    outer loop
      vertex 14.5 14.5 2
      vertex 8.58746 7.84851 2
      vertex 8.66298 7.68883 2
    endloop
  endfacet
  facet normal -0 0 1
    outer loop
      vertex 8.27279 41.7272 2
      vertex 14.5 36 2
      vertex 8.39142 41.8581 2
    endloop
  endfacet
  facet normal 0 0 1
    outer loop
      vertex 14.5 14.5 2
      vertex 8.49664 8.00003 2
      vertex 8.58746 7.84851 2
    endloop
  endfacet
  facet normal -0 0 1
    outer loop
      vertex 8.14191 41.6086 2
      vertex 14.5 36 2
      vertex 8.27279 41.7272 2
    endloop
  endfacet
  facet normal 0 0 1
    outer loop
      vertex 14.5 14.5 2
      vertex 8.39142 8.14191 2
      vertex 8.49664 8.00003 2
    endloop
  endfacet
  facet normal -0 0 1
    outer loop
      vertex 8.00003 41.5034 2
      vertex 14.5 36 2
      vertex 8.14191 41.6086 2
    endloop
  endfacet
  facet normal 0 0 1
    outer loop
      vertex 14.5 14.5 2
      vertex 8.27279 8.27279 2
      vertex 8.39142 8.14191 2
    endloop
  endfacet
  facet normal -0 0 1
    outer loop
      vertex 7.84851 41.4125 2
      vertex 14.5 36 2
      vertex 8.00003 41.5034 2
    endloop
  endfacet
  facet normal 0 0 1
    outer loop
      vertex 14.5 14.5 2
      vertex 8.14191 8.39142 2
      vertex 8.27279 8.27279 2
    endloop
  endfacet
  facet normal -0 0 1
    outer loop
      vertex 7.68883 41.337 2
      vertex 14.5 36 2
      vertex 7.84851 41.4125 2
    endloop
  endfacet
  facet normal 0 0 1
    outer loop
      vertex 14.5 14.5 2
      vertex 8.00003 8.49664 2
      vertex 8.14191 8.39142 2
    endloop
  endfacet
  facet normal -0 0 1
    outer loop
      vertex 7.52251 41.2775 2
      vertex 14.5 36 2
      vertex 7.68883 41.337 2
    endloop
  endfacet
  facet normal 0 0 1
    outer loop
      vertex 14.5 14.5 2
      vertex 7.84851 8.58746 2
      vertex 8.00003 8.49664 2
    endloop
  endfacet
  facet normal -0 0 1
    outer loop
      vertex 7.35116 41.2346 2
      vertex 14.5 36 2
      vertex 7.52251 41.2775 2
    endloop
  endfacet
  facet normal 0 0 1
    outer loop
      vertex 14.5 14.5 2
      vertex 7.68883 8.66298 2
      vertex 7.84851 8.58746 2
    endloop
  endfacet
  facet normal -0 0 1
    outer loop
      vertex 7.17643 41.2087 2
      vertex 14.5 36 2
      vertex 7.35116 41.2346 2
    endloop
  endfacet
  facet normal 0 0 1
    outer loop
      vertex 14.5 14.5 2
      vertex 7.52251 8.72249 2
      vertex 7.68883 8.66298 2
    endloop
  endfacet
  facet normal -0 0 1
    outer loop
      vertex 7 41.2 2
      vertex 14.5 36 2
      vertex 7.17643 41.2087 2
    endloop
  endfacet
  facet normal 0 0 1
    outer loop
      vertex 14.5 14.5 2
      vertex 7.35116 8.76541 2
      vertex 7.52251 8.72249 2
    endloop
  endfacet
  facet normal 0 0 1
    outer loop
      vertex 6.82357 41.2087 2
      vertex 14.5 36 2
      vertex 7 41.2 2
    endloop
  endfacet
  facet normal 0 0 1
    outer loop
      vertex 14.5 14.5 2
      vertex 7.17643 8.79133 2
      vertex 7.35116 8.76541 2
    endloop
  endfacet
  facet normal 0 0 1
    outer loop
      vertex 6.64884 41.2346 2
      vertex 14.5 36 2
      vertex 6.82357 41.2087 2
    endloop
  endfacet
  facet normal 0 0 1
    outer loop
      vertex 14.5 14.5 2
      vertex 7 8.8 2
      vertex 7.17643 8.79133 2
    endloop
  endfacet
  facet normal 0 0 1
    outer loop
      vertex 6.47749 41.2775 2
      vertex 14.5 36 2
      vertex 6.64884 41.2346 2
    endloop
  endfacet
  facet normal 0 0 1
    outer loop
      vertex 14.5 14.5 2
      vertex 6.82357 8.79133 2
      vertex 7 8.8 2
    endloop
  endfacet
  facet normal 0 0 1
    outer loop
      vertex 14.5 36 2
      vertex 6.47749 41.2775 2
      vertex 14.5 14.5 2
    endloop
  endfacet
  facet normal 0 0 1
    outer loop
      vertex 14.5 14.5 2
      vertex 6.64884 8.76541 2
      vertex 6.82357 8.79133 2
    endloop
  endfacet
  facet normal 0 0 1
    outer loop
      vertex 6.47749 8.72249 2
      vertex 14.5 14.5 2
      vertex 6.47749 41.2775 2
    endloop
  endfacet
  facet normal 0 0 1
    outer loop
      vertex 14.5 14.5 2
      vertex 6.47749 8.72249 2
      vertex 6.64884 8.76541 2
    endloop
  endfacet
  facet normal 0 0 1
    outer loop
      vertex 6.31117 41.337 2
      vertex 6.47749 8.72249 2
      vertex 6.47749 41.2775 2
    endloop
  endfacet
  facet normal 0 0 1
    outer loop
      vertex 6.31117 41.337 2
      vertex 6.31117 8.66298 2
      vertex 6.47749 8.72249 2
    endloop
  endfacet
  facet normal 0 0 1
    outer loop
      vertex 6.15149 41.4125 2
      vertex 6.31117 8.66298 2
      vertex 6.31117 41.337 2
    endloop
  endfacet
  facet normal 0 0 1
    outer loop
      vertex 6.15149 41.4125 2
      vertex 6.15149 8.58746 2
      vertex 6.31117 8.66298 2
    endloop
  endfacet
  facet normal 0 0 1
    outer loop
      vertex 5.99997 41.5034 2
      vertex 6.15149 8.58746 2
      vertex 6.15149 41.4125 2
    endloop
  endfacet
  facet normal 0 0 1
    outer loop
      vertex 5.99997 41.5034 2
      vertex 5.99997 8.49664 2
      vertex 6.15149 8.58746 2
    endloop
  endfacet
  facet normal 0 0 1
    outer loop
      vertex 5.85809 41.6086 2
      vertex 5.99997 8.49664 2
      vertex 5.99997 41.5034 2
    endloop
  endfacet
  facet normal 0 0 1
    outer loop
      vertex 5.85809 41.6086 2
      vertex 5.85809 8.39142 2
      vertex 5.99997 8.49664 2
    endloop
  endfacet
  facet normal 0 0 1
    outer loop
      vertex 5.72721 41.7272 2
      vertex 5.85809 8.39142 2
      vertex 5.85809 41.6086 2
    endloop
  endfacet
  facet normal 0 0 1
    outer loop
      vertex 5.72721 41.7272 2
      vertex 5.72721 8.27279 2
      vertex 5.85809 8.39142 2
    endloop
  endfacet
  facet normal 0 0 1
    outer loop
      vertex 0 46 2
      vertex 5.72721 41.7272 2
      vertex 5.60858 41.8581 2
    endloop
  endfacet
  facet normal 0 0 1
    outer loop
      vertex 5.72721 41.7272 2
      vertex 0 46 2
      vertex 5.72721 8.27279 2
    endloop
  endfacet
  facet normal 0 0 1
    outer loop
      vertex 0 46 2
      vertex 5.60858 41.8581 2
      vertex 5.50335 42 2
    endloop
  endfacet
  facet normal 0 0 1
    outer loop
      vertex 0 4 2
      vertex 5.72721 8.27279 2
      vertex 0 46 2
    endloop
  endfacet
  facet normal 0 0 1
    outer loop
      vertex 0 46 2
      vertex 5.50335 42 2
      vertex 5.41254 42.1515 2
    endloop
  endfacet
  facet normal 0 0 1
    outer loop
      vertex 5.72721 8.27279 2
      vertex 0 4 2
      vertex 5.60858 8.14191 2
    endloop
  endfacet
  facet normal 0 0 1
    outer loop
      vertex 0 46 2
      vertex 5.41254 42.1515 2
      vertex 5.33702 42.3112 2
    endloop
  endfacet
  facet normal 0 0 1
    outer loop
      vertex 5.60858 8.14191 2
      vertex 0 4 2
      vertex 5.50335 8.00003 2
    endloop
  endfacet
  facet normal 0 0 1
    outer loop
      vertex 0 46 2
      vertex 5.33702 42.3112 2
      vertex 5.27751 42.4775 2
    endloop
  endfacet
  facet normal 0 0 1
    outer loop
      vertex 5.50335 8.00003 2
      vertex 0 4 2
      vertex 5.41254 7.84851 2
    endloop
  endfacet
  facet normal 0 0 1
    outer loop
      vertex 0 46 2
      vertex 5.27751 42.4775 2
      vertex 5.23459 42.6488 2
    endloop
  endfacet
  facet normal 0 0 1
    outer loop
      vertex 5.41254 7.84851 2
      vertex 0 4 2
      vertex 5.33702 7.68883 2
    endloop
  endfacet
  facet normal 0 0 1
    outer loop
      vertex 0 46 2
      vertex 5.23459 42.6488 2
      vertex 5.20867 42.8236 2
    endloop
  endfacet
  facet normal 0 0 1
    outer loop
      vertex 5.33702 7.68883 2
      vertex 0 4 2
      vertex 5.27751 7.52251 2
    endloop
  endfacet
  facet normal 0 0 1
    outer loop
      vertex 0 46 2
      vertex 5.20867 42.8236 2
      vertex 5.2 43 2
    endloop
  endfacet
  facet normal 0 0 1
    outer loop
      vertex 5.27751 7.52251 2
      vertex 0 4 2
      vertex 5.23459 7.35116 2
    endloop
  endfacet
  facet normal -0 0 1
    outer loop
      vertex 33.7065 8.33597 2
      vertex 35.7463 7.37573 2
      vertex 35.9118 8.33597 2
    endloop
  endfacet
  facet normal 0 0 1
    outer loop
      vertex 35.7463 7.37573 2
      vertex 33.7065 8.33597 2
      vertex 33.7065 7.37573 2
    endloop
  endfacet
  facet normal 0 0 1
    outer loop
      vertex 38.8523 5.13251 2
      vertex 37.235 7.44652 2
      vertex 37.2356 7.38657 2
    endloop
  endfacet
  facet normal 0 0 1
    outer loop
      vertex 38.8523 5.13251 2
      vertex 37.2332 7.5106 2
      vertex 37.235 7.44652 2
    endloop
  endfacet
  facet normal 0 0 1
    outer loop
      vertex 38.8523 5.13251 2
      vertex 37.2302 7.57886 2
      vertex 37.2332 7.5106 2
    endloop
  endfacet
  facet normal 0 0 1
    outer loop
      vertex 38.8523 5.13251 2
      vertex 37.226 7.65126 2
      vertex 37.2302 7.57886 2
    endloop
  endfacet
  facet normal 0 0 1
    outer loop
      vertex 38.8523 5.13251 2
      vertex 37.2206 7.72781 2
      vertex 37.226 7.65126 2
    endloop
  endfacet
  facet normal 0 0 1
    outer loop
      vertex 38.8523 5.13251 2
      vertex 37.2139 7.80853 2
      vertex 37.2206 7.72781 2
    endloop
  endfacet
  facet normal 0 0 1
    outer loop
      vertex 38.8523 5.13251 2
      vertex 37.2061 7.89339 2
      vertex 37.2139 7.80853 2
    endloop
  endfacet
  facet normal 0 0 1
    outer loop
      vertex 38.8523 5.13251 2
      vertex 37.1971 7.98241 2
      vertex 37.2061 7.89339 2
    endloop
  endfacet
  facet normal -0 -0 1
    outer loop
      vertex 37.1971 7.98241 2
      vertex 38.8523 5.13251 2
      vertex 37.1868 8.07558 2
    endloop
  endfacet
  facet normal 0 0 1
    outer loop
      vertex 40 14.5 2
      vertex 39.0802 8.95441 2
      vertex 39.7908 8.95441 2
    endloop
  endfacet
  facet normal 0 0 1
    outer loop
      vertex 39.0802 8.95441 2
      vertex 37.4391 8.95441 2
      vertex 39.0802 6.73286 2
    endloop
  endfacet
  facet normal 0 0 1
    outer loop
      vertex 40 14.5 2
      vertex 37.4391 8.95441 2
      vertex 39.0802 8.95441 2
    endloop
  endfacet
  facet normal 0 0 1
    outer loop
      vertex 40 14.5 2
      vertex 36.5249 8.95441 2
      vertex 37.4391 8.95441 2
    endloop
  endfacet
  facet normal -0 0 1
    outer loop
      vertex 35.7463 6.75731 2
      vertex 36.5249 5.13251 2
      vertex 36.5249 8.95441 2
    endloop
  endfacet
  facet normal 0 0 1
    outer loop
      vertex 35.9118 8.33597 2
      vertex 36.5249 8.95441 2
      vertex 35.9118 8.95441 2
    endloop
  endfacet
  facet normal 0 0 1
    outer loop
      vertex 40 14.5 2
      vertex 35.9118 8.95441 2
      vertex 36.5249 8.95441 2
    endloop
  endfacet
  facet normal 0 0 1
    outer loop
      vertex 40 14.5 2
      vertex 32.9063 8.95441 2
      vertex 35.9118 8.95441 2
    endloop
  endfacet
  facet normal -0 0 1
    outer loop
      vertex 32.3898 6.43497 2
      vertex 32.9063 5.13251 2
      vertex 32.9063 8.95441 2
    endloop
  endfacet
  facet normal 0 0 1
    outer loop
      vertex 32.9063 5.13251 2
      vertex 32.4034 6.28615 2
      vertex 32.4043 6.2338 2
    endloop
  endfacet
  facet normal 0 0 1
    outer loop
      vertex 32.9063 5.13251 2
      vertex 32.4007 6.33713 2
      vertex 32.4034 6.28615 2
    endloop
  endfacet
  facet normal 0 0 1
    outer loop
      vertex 32.9063 5.13251 2
      vertex 32.3961 6.38673 2
      vertex 32.4007 6.33713 2
    endloop
  endfacet
  facet normal 0 0 1
    outer loop
      vertex 32.9063 5.13251 2
      vertex 32.3898 6.43497 2
      vertex 32.3961 6.38673 2
    endloop
  endfacet
  facet normal 0 0 1
    outer loop
      vertex 32.9063 8.95441 2
      vertex 32.3817 6.48183 2
      vertex 32.3898 6.43497 2
    endloop
  endfacet
  facet normal 0 0 1
    outer loop
      vertex 32.9063 8.95441 2
      vertex 32.3717 6.52731 2
      vertex 32.3817 6.48183 2
    endloop
  endfacet
  facet normal 0 0 1
    outer loop
      vertex 32.9063 8.95441 2
      vertex 32.36 6.57143 2
      vertex 32.3717 6.52731 2
    endloop
  endfacet
  facet normal 0 0 1
    outer loop
      vertex 32.9063 8.95441 2
      vertex 32.3464 6.61418 2
      vertex 32.36 6.57143 2
    endloop
  endfacet
  facet normal 0 0 1
    outer loop
      vertex 32.9063 8.95441 2
      vertex 32.331 6.65555 2
      vertex 32.3464 6.61418 2
    endloop
  endfacet
  facet normal -0 0 1
    outer loop
      vertex 32.3039 8.05385 2
      vertex 32.331 6.65555 2
      vertex 32.9063 8.95441 2
    endloop
  endfacet
  facet normal 0 0 1
    outer loop
      vertex 32.331 6.65555 2
      vertex 32.3039 8.05385 2
      vertex 32.314 6.6956 2
    endloop
  endfacet
  facet normal 0 0 1
    outer loop
      vertex 32.9063 8.95441 2
      vertex 32.2779 8.1642 2
      vertex 32.3039 8.05385 2
    endloop
  endfacet
  facet normal 0 0 1
    outer loop
      vertex 32.9063 8.95441 2
      vertex 32.2456 8.26738 2
      vertex 32.2779 8.1642 2
    endloop
  endfacet
  facet normal 0 0 1
    outer loop
      vertex 32.9063 8.95441 2
      vertex 32.207 8.36339 2
      vertex 32.2456 8.26738 2
    endloop
  endfacet
  facet normal 0 0 1
    outer loop
      vertex 32.9063 8.95441 2
      vertex 32.1622 8.45222 2
      vertex 32.207 8.36339 2
    endloop
  endfacet
  facet normal -0 0 1
    outer loop
      vertex 31.2112 8.98666 2
      vertex 32.9063 8.95441 2
      vertex 40 14.5 2
    endloop
  endfacet
  facet normal 0 0 1
    outer loop
      vertex 32.9063 8.95441 2
      vertex 32.1111 8.53391 2
      vertex 32.1622 8.45222 2
    endloop
  endfacet
  facet normal 0 0 1
    outer loop
      vertex 32.9063 8.95441 2
      vertex 32.0538 8.60841 2
      vertex 32.1111 8.53391 2
    endloop
  endfacet
  facet normal 0 0 1
    outer loop
      vertex 32.9063 8.95441 2
      vertex 31.9901 8.67575 2
      vertex 32.0538 8.60841 2
    endloop
  endfacet
  facet normal 0 0 1
    outer loop
      vertex 32.9063 8.95441 2
      vertex 31.9203 8.73593 2
      vertex 31.9901 8.67575 2
    endloop
  endfacet
  facet normal 0 0 1
    outer loop
      vertex 32.9063 8.95441 2
      vertex 31.8441 8.78893 2
      vertex 31.9203 8.73593 2
    endloop
  endfacet
  facet normal 0 0 1
    outer loop
      vertex 32.9063 8.95441 2
      vertex 31.7605 8.83562 2
      vertex 31.8441 8.78893 2
    endloop
  endfacet
  facet normal 0 0 1
    outer loop
      vertex 32.9063 8.95441 2
      vertex 31.6681 8.87682 2
      vertex 31.7605 8.83562 2
    endloop
  endfacet
  facet normal 0 0 1
    outer loop
      vertex 32.9063 8.95441 2
      vertex 31.567 8.91251 2
      vertex 31.6681 8.87682 2
    endloop
  endfacet
  facet normal 0 0 1
    outer loop
      vertex 32.9063 8.95441 2
      vertex 31.4572 8.94272 2
      vertex 31.567 8.91251 2
    endloop
  endfacet
  facet normal 0 0 1
    outer loop
      vertex 32.9063 8.95441 2
      vertex 31.3385 8.96744 2
      vertex 31.4572 8.94272 2
    endloop
  endfacet
  facet normal 0 0 1
    outer loop
      vertex 32.9063 8.95441 2
      vertex 31.2112 8.98666 2
      vertex 31.3385 8.96744 2
    endloop
  endfacet
  facet normal 0 0 1
    outer loop
      vertex 40 14.5 2
      vertex 31.0751 9.00038 2
      vertex 31.2112 8.98666 2
    endloop
  endfacet
  facet normal 0 0 1
    outer loop
      vertex 40 14.5 2
      vertex 30.9303 9.00862 2
      vertex 31.0751 9.00038 2
    endloop
  endfacet
  facet normal 0 0 1
    outer loop
      vertex 40 14.5 2
      vertex 30.7768 9.01137 2
      vertex 30.9303 9.00862 2
    endloop
  endfacet
  facet normal 0 0 1
    outer loop
      vertex 40 14.5 2
      vertex 30.616 9.00798 2
      vertex 30.7768 9.01137 2
    endloop
  endfacet
  facet normal 0 0 1
    outer loop
      vertex 40 14.5 2
      vertex 30.4639 8.99777 2
      vertex 30.616 9.00798 2
    endloop
  endfacet
  facet normal 0 0 1
    outer loop
      vertex 40 14.5 2
      vertex 30.3206 8.98077 2
      vertex 30.4639 8.99777 2
    endloop
  endfacet
  facet normal 0 0 1
    outer loop
      vertex 25.5658 8.95441 2
      vertex 30.3206 8.98077 2
      vertex 40 14.5 2
    endloop
  endfacet
  facet normal 0 0 1
    outer loop
      vertex 30.3206 8.98077 2
      vertex 25.5658 8.95441 2
      vertex 30.1861 8.95699 2
    endloop
  endfacet
  facet normal 0 0 1
    outer loop
      vertex 30.1861 8.95699 2
      vertex 25.5658 8.95441 2
      vertex 30.0602 8.92639 2
    endloop
  endfacet
  facet normal 0 0 1
    outer loop
      vertex 30.0602 8.92639 2
      vertex 25.5658 8.95441 2
      vertex 29.9431 8.88901 2
    endloop
  endfacet
  facet normal 0 0 1
    outer loop
      vertex 29.9431 8.88901 2
      vertex 25.5658 8.95441 2
      vertex 29.8348 8.84482 2
    endloop
  endfacet
  facet normal 0 0 1
    outer loop
      vertex 25.5658 8.95441 2
      vertex 29.2551 7.94266 2
      vertex 29.2599 8.05478 2
    endloop
  endfacet
  facet normal 0 0 1
    outer loop
      vertex 29.2551 7.94266 2
      vertex 25.5658 8.95441 2
      vertex 29.076 6.12799 2
    endloop
  endfacet
  facet normal 0 0 1
    outer loop
      vertex 29.2743 8.16092 2
      vertex 25.5658 8.95441 2
      vertex 29.2599 8.05478 2
    endloop
  endfacet
  facet normal 0 0 1
    outer loop
      vertex 29.2983 8.26106 2
      vertex 25.5658 8.95441 2
      vertex 29.2743 8.16092 2
    endloop
  endfacet
  facet normal 0 0 1
    outer loop
      vertex 29.332 8.35521 2
      vertex 25.5658 8.95441 2
      vertex 29.2983 8.26106 2
    endloop
  endfacet
  facet normal 0 0 1
    outer loop
      vertex 29.3752 8.44337 2
      vertex 25.5658 8.95441 2
      vertex 29.332 8.35521 2
    endloop
  endfacet
  facet normal 0 0 1
    outer loop
      vertex 29.4281 8.52553 2
      vertex 25.5658 8.95441 2
      vertex 29.3752 8.44337 2
    endloop
  endfacet
  facet normal 0 0 1
    outer loop
      vertex 29.4906 8.6017 2
      vertex 25.5658 8.95441 2
      vertex 29.4281 8.52553 2
    endloop
  endfacet
  facet normal 0 0 1
    outer loop
      vertex 29.5626 8.67188 2
      vertex 25.5658 8.95441 2
      vertex 29.4906 8.6017 2
    endloop
  endfacet
  facet normal 0 0 1
    outer loop
      vertex 29.6443 8.73605 2
      vertex 25.5658 8.95441 2
      vertex 29.5626 8.67188 2
    endloop
  endfacet
  facet normal 0 0 1
    outer loop
      vertex 29.7352 8.79384 2
      vertex 25.5658 8.95441 2
      vertex 29.6443 8.73605 2
    endloop
  endfacet
  facet normal 0 0 1
    outer loop
      vertex 29.8348 8.84482 2
      vertex 25.5658 8.95441 2
      vertex 29.7352 8.79384 2
    endloop
  endfacet
  facet normal -0 0 1
    outer loop
      vertex 14.5 14.5 2
      vertex 25.5658 8.95441 2
      vertex 40 14.5 2
    endloop
  endfacet
  facet normal 0 0 1
    outer loop
      vertex 24.7656 8.95441 2
      vertex 14.5 14.5 2
      vertex 24.7656 5.13251 2
    endloop
  endfacet
  facet normal 0 0 1
    outer loop
      vertex 25.5658 8.95441 2
      vertex 14.5 14.5 2
      vertex 24.7656 8.95441 2
    endloop
  endfacet
  facet normal 0 0 1
    outer loop
      vertex 51.6068 7.64217 2
      vertex 53.3978 8.33597 2
      vertex 51.6152 7.72731 2
    endloop
  endfacet
  facet normal 0 0 1
    outer loop
      vertex 51.5927 7.55972 2
      vertex 53.3978 8.33597 2
      vertex 51.6068 7.64217 2
    endloop
  endfacet
  facet normal 0 0 1
    outer loop
      vertex 51.573 7.48001 2
      vertex 53.3978 8.33597 2
      vertex 51.5927 7.55972 2
    endloop
  endfacet
  facet normal 0 0 1
    outer loop
      vertex 51.5477 7.403 2
      vertex 53.3978 8.33597 2
      vertex 51.573 7.48001 2
    endloop
  endfacet
  facet normal 0 0 1
    outer loop
      vertex 51.5167 7.3287 2
      vertex 53.3978 8.33597 2
      vertex 51.5477 7.403 2
    endloop
  endfacet
  facet normal 0 0 1
    outer loop
      vertex 53.3978 8.33597 2
      vertex 51.5167 7.3287 2
      vertex 51.8079 5.13251 2
    endloop
  endfacet
  facet normal -0 0 1
    outer loop
      vertex 51.4802 7.25713 2
      vertex 51.8079 5.13251 2
      vertex 51.5167 7.3287 2
    endloop
  endfacet
  facet normal -0 0 1
    outer loop
      vertex 51.438 7.18825 2
      vertex 51.8079 5.13251 2
      vertex 51.4802 7.25713 2
    endloop
  endfacet
  facet normal -0 0 1
    outer loop
      vertex 51.3901 7.12209 2
      vertex 51.8079 5.13251 2
      vertex 51.438 7.18825 2
    endloop
  endfacet
  facet normal -0 0 1
    outer loop
      vertex 51.3375 7.05977 2
      vertex 51.8079 5.13251 2
      vertex 51.3901 7.12209 2
    endloop
  endfacet
  facet normal -0 0 1
    outer loop
      vertex 51.281 7.00235 2
      vertex 51.8079 5.13251 2
      vertex 51.3375 7.05977 2
    endloop
  endfacet
  facet normal -0 0 1
    outer loop
      vertex 51.2205 6.94987 2
      vertex 51.8079 5.13251 2
      vertex 51.281 7.00235 2
    endloop
  endfacet
  facet normal -0 0 1
    outer loop
      vertex 51.156 6.90231 2
      vertex 51.8079 5.13251 2
      vertex 51.2205 6.94987 2
    endloop
  endfacet
  facet normal -0 0 1
    outer loop
      vertex 51.0876 6.85966 2
      vertex 51.8079 5.13251 2
      vertex 51.156 6.90231 2
    endloop
  endfacet
  facet normal -0 0 1
    outer loop
      vertex 51.0152 6.82195 2
      vertex 51.8079 5.13251 2
      vertex 51.0876 6.85966 2
    endloop
  endfacet
  facet normal -0 0 1
    outer loop
      vertex 50.9389 6.78914 2
      vertex 51.8079 5.13251 2
      vertex 51.0152 6.82195 2
    endloop
  endfacet
  facet normal -0 0 1
    outer loop
      vertex 50.8586 6.76126 2
      vertex 51.8079 5.13251 2
      vertex 50.9389 6.78914 2
    endloop
  endfacet
  facet normal 0 0 1
    outer loop
      vertex 51.8079 5.13251 2
      vertex 50.8586 6.76126 2
      vertex 50.7744 6.73831 2
    endloop
  endfacet
  facet normal 0 0 1
    outer loop
      vertex 43.9179 7.0611 2
      vertex 43.4506 6.73439 2
      vertex 43.4693 6.6956 2
    endloop
  endfacet
  facet normal 0 0 1
    outer loop
      vertex 43.9242 7.26044 2
      vertex 43.4303 6.7719 2
      vertex 43.4506 6.73439 2
    endloop
  endfacet
  facet normal 0 0 1
    outer loop
      vertex 43.9242 7.26044 2
      vertex 43.4084 6.80814 2
      vertex 43.4303 6.7719 2
    endloop
  endfacet
  facet normal 0 0 1
    outer loop
      vertex 43.9242 7.26044 2
      vertex 43.3849 6.84309 2
      vertex 43.4084 6.80814 2
    endloop
  endfacet
  facet normal 0 0 1
    outer loop
      vertex 43.9242 7.26044 2
      vertex 43.3598 6.87679 2
      vertex 43.3849 6.84309 2
    endloop
  endfacet
  facet normal 0 0 1
    outer loop
      vertex 43.9242 7.26044 2
      vertex 43.3331 6.90921 2
      vertex 43.3598 6.87679 2
    endloop
  endfacet
  facet normal 0 0 1
    outer loop
      vertex 43.9242 7.26044 2
      vertex 43.3047 6.94035 2
      vertex 43.3331 6.90921 2
    endloop
  endfacet
  facet normal 0 0 1
    outer loop
      vertex 43.9242 7.26044 2
      vertex 43.2748 6.97023 2
      vertex 43.3047 6.94035 2
    endloop
  endfacet
  facet normal 0 0 1
    outer loop
      vertex 43.9242 7.26044 2
      vertex 43.2428 6.99905 2
      vertex 43.2748 6.97023 2
    endloop
  endfacet
  facet normal 0 0 1
    outer loop
      vertex 43.9242 7.26044 2
      vertex 43.2084 7.02707 2
      vertex 43.2428 6.99905 2
    endloop
  endfacet
  facet normal 0 0 1
    outer loop
      vertex 43.9431 7.44981 2
      vertex 43.2084 7.02707 2
      vertex 43.9242 7.26044 2
    endloop
  endfacet
  facet normal 0 0 1
    outer loop
      vertex 43.4593 8.05385 2
      vertex 43.1323 7.08072 2
      vertex 43.1716 7.05431 2
    endloop
  endfacet
  facet normal 0 0 1
    outer loop
      vertex 43.4593 8.05385 2
      vertex 43.0905 7.10634 2
      vertex 43.1323 7.08072 2
    endloop
  endfacet
  facet normal 0 0 1
    outer loop
      vertex 43.4593 8.05385 2
      vertex 43.0464 7.13115 2
      vertex 43.0905 7.10634 2
    endloop
  endfacet
  facet normal 0 0 1
    outer loop
      vertex 43.4593 8.05385 2
      vertex 42.9997 7.15517 2
      vertex 43.0464 7.13115 2
    endloop
  endfacet
  facet normal 0 0 1
    outer loop
      vertex 43.4593 8.05385 2
      vertex 42.9506 7.17838 2
      vertex 42.9997 7.15517 2
    endloop
  endfacet
  facet normal 0 0 1
    outer loop
      vertex 43.4593 8.05385 2
      vertex 42.8991 7.20078 2
      vertex 42.9506 7.17838 2
    endloop
  endfacet
  facet normal -0 0 1
    outer loop
      vertex 42.6835 7.94806 2
      vertex 42.8991 7.20078 2
      vertex 43.4593 8.05385 2
    endloop
  endfacet
  facet normal 0 0 1
    outer loop
      vertex 42.8991 7.20078 2
      vertex 42.6835 7.94806 2
      vertex 42.8425 7.22299 2
    endloop
  endfacet
  facet normal 0 0 1
    outer loop
      vertex 42.8425 7.22299 2
      vertex 42.6835 7.94806 2
      vertex 42.7782 7.24564 2
    endloop
  endfacet
  facet normal 0 0 1
    outer loop
      vertex 42.7782 7.24564 2
      vertex 42.6835 7.94806 2
      vertex 42.7061 7.26874 2
    endloop
  endfacet
  facet normal 0 0 1
    outer loop
      vertex 42.1112 7.41641 2
      vertex 42.6835 7.94806 2
      vertex 42.6687 8.0014 2
    endloop
  endfacet
  facet normal 0 0 1
    outer loop
      vertex 42.1112 7.41641 2
      vertex 42.6687 8.0014 2
      vertex 42.6509 8.05173 2
    endloop
  endfacet
  facet normal 0 0 1
    outer loop
      vertex 42.1112 7.41641 2
      vertex 42.6509 8.05173 2
      vertex 42.63 8.09904 2
    endloop
  endfacet
  facet normal 0 0 1
    outer loop
      vertex 42.6835 7.94806 2
      vertex 42.6263 7.29225 2
      vertex 42.7061 7.26874 2
    endloop
  endfacet
  facet normal 0 0 1
    outer loop
      vertex 42.1112 7.41641 2
      vertex 42.63 8.09904 2
      vertex 42.6061 8.14336 2
    endloop
  endfacet
  facet normal 0 0 1
    outer loop
      vertex 42.1112 7.41641 2
      vertex 42.6061 8.14336 2
      vertex 42.5791 8.18465 2
    endloop
  endfacet
  facet normal 0 0 1
    outer loop
      vertex 42.1112 7.41641 2
      vertex 42.5791 8.18465 2
      vertex 42.5491 8.22292 2
    endloop
  endfacet
  facet normal 0 0 1
    outer loop
      vertex 42.6835 7.94806 2
      vertex 42.5387 7.31622 2
      vertex 42.6263 7.29225 2
    endloop
  endfacet
  facet normal 0 0 1
    outer loop
      vertex 42.1112 7.41641 2
      vertex 42.5491 8.22292 2
      vertex 42.516 8.25818 2
    endloop
  endfacet
  facet normal 0 0 1
    outer loop
      vertex 42.1112 7.41641 2
      vertex 42.516 8.25818 2
      vertex 42.4799 8.29042 2
    endloop
  endfacet
  facet normal 0 0 1
    outer loop
      vertex 42.6835 7.94806 2
      vertex 42.4434 7.34061 2
      vertex 42.5387 7.31622 2
    endloop
  endfacet
  facet normal 0 0 1
    outer loop
      vertex 42.1112 7.41641 2
      vertex 42.4799 8.29042 2
      vertex 42.4407 8.31966 2
    endloop
  endfacet
  facet normal 0 0 1
    outer loop
      vertex 42.0119 7.43829 2
      vertex 42.4407 8.31966 2
      vertex 42.3981 8.34584 2
    endloop
  endfacet
  facet normal 0 0 1
    outer loop
      vertex 42.0119 7.43829 2
      vertex 42.3981 8.34584 2
      vertex 42.3515 8.36896 2
    endloop
  endfacet
  facet normal 0 0 1
    outer loop
      vertex 42.6835 7.94806 2
      vertex 42.3404 7.36545 2
      vertex 42.4434 7.34061 2
    endloop
  endfacet
  facet normal 0 0 1
    outer loop
      vertex 42.0119 7.43829 2
      vertex 42.3515 8.36896 2
      vertex 42.301 8.38899 2
    endloop
  endfacet
  facet normal 0 0 1
    outer loop
      vertex 42.0119 7.43829 2
      vertex 42.301 8.38899 2
      vertex 42.2466 8.40593 2
    endloop
  endfacet
  facet normal 0 0 1
    outer loop
      vertex 42.6835 7.94806 2
      vertex 42.2296 7.39072 2
      vertex 42.3404 7.36545 2
    endloop
  endfacet
  facet normal 0 0 1
    outer loop
      vertex 42.0119 7.43829 2
      vertex 42.2466 8.40593 2
      vertex 42.1883 8.4198 2
    endloop
  endfacet
  facet normal 0 0 1
    outer loop
      vertex 41.9204 7.45934 2
      vertex 42.1883 8.4198 2
      vertex 42.1261 8.43059 2
    endloop
  endfacet
  facet normal 0 0 1
    outer loop
      vertex 42.6835 7.94806 2
      vertex 42.1112 7.41641 2
      vertex 42.2296 7.39072 2
    endloop
  endfacet
  facet normal 0 0 1
    outer loop
      vertex 41.9204 7.45934 2
      vertex 42.1261 8.43059 2
      vertex 42.0599 8.43829 2
    endloop
  endfacet
  facet normal 0 0 1
    outer loop
      vertex 42.4407 8.31966 2
      vertex 42.0119 7.43829 2
      vertex 42.1112 7.41641 2
    endloop
  endfacet
  facet normal 0 0 1
    outer loop
      vertex 41.9204 7.45934 2
      vertex 42.0599 8.43829 2
      vertex 41.9899 8.44292 2
    endloop
  endfacet
  facet normal 0 0 1
    outer loop
      vertex 42.1883 8.4198 2
      vertex 41.9204 7.45934 2
      vertex 42.0119 7.43829 2
    endloop
  endfacet
  facet normal 0 0 1
    outer loop
      vertex 41.8366 7.47955 2
      vertex 41.9899 8.44292 2
      vertex 41.9159 8.44446 2
    endloop
  endfacet
  facet normal 0 0 1
    outer loop
      vertex 41.9899 8.44292 2
      vertex 41.8366 7.47955 2
      vertex 41.9204 7.45934 2
    endloop
  endfacet
  facet normal 0 0 1
    outer loop
      vertex 41.7605 7.49892 2
      vertex 41.9159 8.44446 2
      vertex 41.7633 8.43883 2
    endloop
  endfacet
  facet normal 0 0 1
    outer loop
      vertex 41.9159 8.44446 2
      vertex 41.7605 7.49892 2
      vertex 41.8366 7.47955 2
    endloop
  endfacet
  facet normal 0 0 1
    outer loop
      vertex 41.7633 8.43883 2
      vertex 41.692 7.51746 2
      vertex 41.7605 7.49892 2
    endloop
  endfacet
  facet normal 0 0 1
    outer loop
      vertex 41.7633 8.43883 2
      vertex 41.6313 7.53516 2
      vertex 41.692 7.51746 2
    endloop
  endfacet
  facet normal -0 0 1
    outer loop
      vertex 41.6287 8.42195 2
      vertex 41.6313 7.53516 2
      vertex 41.7633 8.43883 2
    endloop
  endfacet
  facet normal 0 0 1
    outer loop
      vertex 41.6287 8.42195 2
      vertex 41.5783 7.552 2
      vertex 41.6313 7.53516 2
    endloop
  endfacet
  facet normal 0 0 1
    outer loop
      vertex 41.6287 8.42195 2
      vertex 41.533 7.56802 2
      vertex 41.5783 7.552 2
    endloop
  endfacet
  facet normal 0 0 1
    outer loop
      vertex 41.4954 7.58321 2
      vertex 41.6287 8.42195 2
      vertex 41.512 8.39381 2
    endloop
  endfacet
  facet normal 0 0 1
    outer loop
      vertex 41.6287 8.42195 2
      vertex 41.4954 7.58321 2
      vertex 41.533 7.56802 2
    endloop
  endfacet
  facet normal 0 0 1
    outer loop
      vertex 41.512 8.39381 2
      vertex 41.4626 7.59834 2
      vertex 41.4954 7.58321 2
    endloop
  endfacet
  facet normal 0 0 1
    outer loop
      vertex 41.512 8.39381 2
      vertex 41.4316 7.61417 2
      vertex 41.4626 7.59834 2
    endloop
  endfacet
  facet normal 0 0 1
    outer loop
      vertex 41.4024 7.63069 2
      vertex 41.512 8.39381 2
      vertex 41.4133 8.35445 2
    endloop
  endfacet
  facet normal 0 0 1
    outer loop
      vertex 41.512 8.39381 2
      vertex 41.4024 7.63069 2
      vertex 41.4316 7.61417 2
    endloop
  endfacet
  facet normal 0 0 1
    outer loop
      vertex 41.4133 8.35445 2
      vertex 41.3751 7.64792 2
      vertex 41.4024 7.63069 2
    endloop
  endfacet
  facet normal 0 0 1
    outer loop
      vertex 41.4133 8.35445 2
      vertex 41.3497 7.66586 2
      vertex 41.3751 7.64792 2
    endloop
  endfacet
  facet normal 0 0 1
    outer loop
      vertex 41.1889 7.98877 2
      vertex 41.4133 8.35445 2
      vertex 41.3325 8.30382 2
    endloop
  endfacet
  facet normal 0 0 1
    outer loop
      vertex 41.4133 8.35445 2
      vertex 41.1889 7.98877 2
      vertex 41.3497 7.66586 2
    endloop
  endfacet
  facet normal 0 0 1
    outer loop
      vertex 41.3497 7.66586 2
      vertex 41.1889 7.98877 2
      vertex 41.326 7.68449 2
    endloop
  endfacet
  facet normal -0 -0 1
    outer loop
      vertex 41.1899 7.95628 2
      vertex 41.326 7.68449 2
      vertex 41.1889 7.98877 2
    endloop
  endfacet
  facet normal 0 0 1
    outer loop
      vertex 41.1979 8.08441 2
      vertex 41.3325 8.30382 2
      vertex 41.2697 8.24193 2
    endloop
  endfacet
  facet normal 0 0 1
    outer loop
      vertex 41.326 7.68449 2
      vertex 41.1899 7.95628 2
      vertex 41.3042 7.70383 2
    endloop
  endfacet
  facet normal -0 -0 1
    outer loop
      vertex 41.1927 7.92514 2
      vertex 41.3042 7.70383 2
      vertex 41.1899 7.95628 2
    endloop
  endfacet
  facet normal 0 0 1
    outer loop
      vertex 41.3042 7.70383 2
      vertex 41.1927 7.92514 2
      vertex 41.2843 7.72388 2
    endloop
  endfacet
  facet normal 0 0 1
    outer loop
      vertex 41.1979 8.08441 2
      vertex 41.2697 8.24193 2
      vertex 41.2248 8.16879 2
    endloop
  endfacet
  facet normal 0 0 1
    outer loop
      vertex 41.2843 7.72388 2
      vertex 41.1927 7.92514 2
      vertex 41.2662 7.74461 2
    endloop
  endfacet
  facet normal 0 0 1
    outer loop
      vertex 41.25 7.76639 2
      vertex 41.1927 7.92514 2
      vertex 41.2357 7.78949 2
    endloop
  endfacet
  facet normal 0 0 1
    outer loop
      vertex 41.2357 7.78949 2
      vertex 41.1927 7.92514 2
      vertex 41.2233 7.81395 2
    endloop
  endfacet
  facet normal 0 0 1
    outer loop
      vertex 41.3325 8.30382 2
      vertex 41.1979 8.08441 2
      vertex 41.1889 7.98877 2
    endloop
  endfacet
  facet normal 0 0 1
    outer loop
      vertex 41.2233 7.81395 2
      vertex 41.1927 7.92514 2
      vertex 41.2128 7.83974 2
    endloop
  endfacet
  facet normal 0 0 1
    outer loop
      vertex 41.2042 7.86687 2
      vertex 41.1927 7.92514 2
      vertex 41.1975 7.89534 2
    endloop
  endfacet
  facet normal 0 0 1
    outer loop
      vertex 41.2128 7.83974 2
      vertex 41.1927 7.92514 2
      vertex 41.2042 7.86687 2
    endloop
  endfacet
  facet normal 0 0 1
    outer loop
      vertex 41.2662 7.74461 2
      vertex 41.1927 7.92514 2
      vertex 41.25 7.76639 2
    endloop
  endfacet
  facet normal 0 0 1
    outer loop
      vertex 42.6382 6.50146 2
      vertex 42.78 6.22313 2
      vertex 42.7764 6.25719 2
    endloop
  endfacet
  facet normal 0 0 1
    outer loop
      vertex 42.78 6.22313 2
      vertex 42.6382 6.50146 2
      vertex 42.7812 6.18767 2
    endloop
  endfacet
  facet normal 0 0 1
    outer loop
      vertex 42.6625 6.47926 2
      vertex 42.7764 6.25719 2
      vertex 42.7704 6.28984 2
    endloop
  endfacet
  facet normal 0 0 1
    outer loop
      vertex 42.6625 6.47926 2
      vertex 42.7704 6.28984 2
      vertex 42.7621 6.32109 2
    endloop
  endfacet
  facet normal 0 0 1
    outer loop
      vertex 42.6848 6.45619 2
      vertex 42.7621 6.32109 2
      vertex 42.7514 6.35092 2
    endloop
  endfacet
  facet normal 0 0 1
    outer loop
      vertex 42.6382 6.50146 2
      vertex 42.7764 6.25719 2
      vertex 42.6625 6.47926 2
    endloop
  endfacet
  facet normal 0 0 1
    outer loop
      vertex 42.6848 6.45619 2
      vertex 42.7514 6.35092 2
      vertex 42.7383 6.37935 2
    endloop
  endfacet
  facet normal 0 0 1
    outer loop
      vertex 42.6848 6.45619 2
      vertex 42.7383 6.37935 2
      vertex 42.7229 6.40637 2
    endloop
  endfacet
  facet normal 0 0 1
    outer loop
      vertex 42.6848 6.45619 2
      vertex 42.7229 6.40637 2
      vertex 42.705 6.43198 2
    endloop
  endfacet
  facet normal 0 0 1
    outer loop
      vertex 42.7621 6.32109 2
      vertex 42.6848 6.45619 2
      vertex 42.6625 6.47926 2
    endloop
  endfacet
  facet normal 0 0 1
    outer loop
      vertex 42.6119 6.5228 2
      vertex 42.7812 6.18767 2
      vertex 42.6382 6.50146 2
    endloop
  endfacet
  facet normal 0 0 1
    outer loop
      vertex 42.7812 6.18767 2
      vertex 42.6119 6.5228 2
      vertex 42.7708 6.08064 2
    endloop
  endfacet
  facet normal 0 0 1
    outer loop
      vertex 42.7708 6.08064 2
      vertex 42.6156 5.8351 2
      vertex 42.7398 5.98621 2
    endloop
  endfacet
  facet normal 0 0 1
    outer loop
      vertex 42.7398 5.98621 2
      vertex 42.6156 5.8351 2
      vertex 42.688 5.90436 2
    endloop
  endfacet
  facet normal 0 0 1
    outer loop
      vertex 42.7708 6.08064 2
      vertex 42.6119 6.5228 2
      vertex 42.6156 5.8351 2
    endloop
  endfacet
  facet normal 0 0 1
    outer loop
      vertex 42.5837 6.54326 2
      vertex 42.6156 5.8351 2
      vertex 42.6119 6.5228 2
    endloop
  endfacet
  facet normal 0 0 1
    outer loop
      vertex 42.5225 5.77844 2
      vertex 42.5837 6.54326 2
      vertex 42.5536 6.56285 2
    endloop
  endfacet
  facet normal 0 0 1
    outer loop
      vertex 42.5837 6.54326 2
      vertex 42.5225 5.77844 2
      vertex 42.6156 5.8351 2
    endloop
  endfacet
  facet normal 0 0 1
    outer loop
      vertex 42.5215 6.58157 2
      vertex 42.5225 5.77844 2
      vertex 42.5536 6.56285 2
    endloop
  endfacet
  facet normal 0 0 1
    outer loop
      vertex 42.4086 5.73438 2
      vertex 42.5215 6.58157 2
      vertex 42.4875 6.59943 2
    endloop
  endfacet
  facet normal 0 0 1
    outer loop
      vertex 42.4086 5.73438 2
      vertex 42.4875 6.59943 2
      vertex 42.4515 6.61639 2
    endloop
  endfacet
  facet normal 0 0 1
    outer loop
      vertex 42.4086 5.73438 2
      vertex 42.4515 6.61639 2
      vertex 42.4136 6.63251 2
    endloop
  endfacet
  facet normal 0 0 1
    outer loop
      vertex 42.5215 6.58157 2
      vertex 42.4086 5.73438 2
      vertex 42.5225 5.77844 2
    endloop
  endfacet
  facet normal 0 0 1
    outer loop
      vertex 42.2741 5.7029 2
      vertex 42.4136 6.63251 2
      vertex 42.3707 6.64854 2
    endloop
  endfacet
  facet normal 0 0 1
    outer loop
      vertex 42.2741 5.7029 2
      vertex 42.3707 6.64854 2
      vertex 42.32 6.66533 2
    endloop
  endfacet
  facet normal 0 0 1
    outer loop
      vertex 42.4136 6.63251 2
      vertex 42.2741 5.7029 2
      vertex 42.4086 5.73438 2
    endloop
  endfacet
  facet normal 0 0 1
    outer loop
      vertex 42.2612 6.68285 2
      vertex 42.2741 5.7029 2
      vertex 42.32 6.66533 2
    endloop
  endfacet
  facet normal 0 0 1
    outer loop
      vertex 42.1189 5.68401 2
      vertex 42.2612 6.68285 2
      vertex 42.1946 6.7011 2
    endloop
  endfacet
  facet normal 0 0 1
    outer loop
      vertex 42.1189 5.68401 2
      vertex 42.1946 6.7011 2
      vertex 42.12 6.72009 2
    endloop
  endfacet
  facet normal 0 0 1
    outer loop
      vertex 42.2612 6.68285 2
      vertex 42.1189 5.68401 2
      vertex 42.2741 5.7029 2
    endloop
  endfacet
  facet normal 0 0 1
    outer loop
      vertex 41.943 5.6777 2
      vertex 42.12 6.72009 2
      vertex 42.0375 6.73981 2
    endloop
  endfacet
  facet normal 0 0 1
    outer loop
      vertex 41.8554 5.6794 2
      vertex 42.0375 6.73981 2
      vertex 41.947 6.76028 2
    endloop
  endfacet
  facet normal 0 0 1
    outer loop
      vertex 42.12 6.72009 2
      vertex 41.943 5.6777 2
      vertex 42.1189 5.68401 2
    endloop
  endfacet
  facet normal 0 0 1
    outer loop
      vertex 42.0375 6.73981 2
      vertex 41.8554 5.6794 2
      vertex 41.943 5.6777 2
    endloop
  endfacet
  facet normal 0 0 1
    outer loop
      vertex 41.6931 5.69293 2
      vertex 41.947 6.76028 2
      vertex 41.8486 6.78148 2
    endloop
  endfacet
  facet normal 0 0 1
    outer loop
      vertex 41.947 6.76028 2
      vertex 41.7721 5.68446 2
      vertex 41.8554 5.6794 2
    endloop
  endfacet
  facet normal 0 0 1
    outer loop
      vertex 41.5483 5.71999 2
      vertex 41.8486 6.78148 2
      vertex 41.7423 6.80342 2
    endloop
  endfacet
  facet normal 0 0 1
    outer loop
      vertex 41.947 6.76028 2
      vertex 41.6931 5.69293 2
      vertex 41.7721 5.68446 2
    endloop
  endfacet
  facet normal 0 0 1
    outer loop
      vertex 41.2171 5.88379 2
      vertex 41.7423 6.80342 2
      vertex 41.6502 6.82524 2
    endloop
  endfacet
  facet normal 0 0 1
    outer loop
      vertex 41.8486 6.78148 2
      vertex 41.6186 5.70476 2
      vertex 41.6931 5.69293 2
    endloop
  endfacet
  facet normal 0 0 1
    outer loop
      vertex 41.0238 6.19002 2
      vertex 41.6502 6.82524 2
      vertex 41.5647 6.84608 2
    endloop
  endfacet
  facet normal 0 0 1
    outer loop
      vertex 41.8486 6.78148 2
      vertex 41.5483 5.71999 2
      vertex 41.6186 5.70476 2
    endloop
  endfacet
  facet normal 0 0 1
    outer loop
      vertex 41.0045 6.25546 2
      vertex 41.5647 6.84608 2
      vertex 41.4855 6.86597 2
    endloop
  endfacet
  facet normal 0 0 1
    outer loop
      vertex 41.7423 6.80342 2
      vertex 41.4825 5.73857 2
      vertex 41.5483 5.71999 2
    endloop
  endfacet
  facet normal 0 0 1
    outer loop
      vertex 41.7423 6.80342 2
      vertex 41.4209 5.76056 2
      vertex 41.4825 5.73857 2
    endloop
  endfacet
  facet normal 0 0 1
    outer loop
      vertex 41.0045 6.25546 2
      vertex 41.4855 6.86597 2
      vertex 41.4127 6.88486 2
    endloop
  endfacet
  facet normal 0 0 1
    outer loop
      vertex 41.7423 6.80342 2
      vertex 41.3638 5.78592 2
      vertex 41.4209 5.76056 2
    endloop
  endfacet
  facet normal 0 0 1
    outer loop
      vertex 41.0045 6.25546 2
      vertex 41.4127 6.88486 2
      vertex 41.3464 6.90279 2
    endloop
  endfacet
  facet normal 0 0 1
    outer loop
      vertex 41.7423 6.80342 2
      vertex 41.311 5.81467 2
      vertex 41.3638 5.78592 2
    endloop
  endfacet
  facet normal 0 0 1
    outer loop
      vertex 41.0045 6.25546 2
      vertex 41.3464 6.90279 2
      vertex 41.2865 6.91975 2
    endloop
  endfacet
  facet normal 0 0 1
    outer loop
      vertex 41.6502 6.82524 2
      vertex 41.0468 6.12868 2
      vertex 41.0735 6.07147 2
    endloop
  endfacet
  facet normal 0 0 1
    outer loop
      vertex 41.0045 6.25546 2
      vertex 41.2865 6.91975 2
      vertex 41.2331 6.93573 2
    endloop
  endfacet
  facet normal 0 0 1
    outer loop
      vertex 41.6502 6.82524 2
      vertex 41.0238 6.19002 2
      vertex 41.0468 6.12868 2
    endloop
  endfacet
  facet normal 0 0 1
    outer loop
      vertex 41.0045 6.25546 2
      vertex 41.2331 6.93573 2
      vertex 41.1861 6.95074 2
    endloop
  endfacet
  facet normal 0 0 1
    outer loop
      vertex 41.7423 6.80342 2
      vertex 41.2622 5.84717 2
      vertex 41.311 5.81467 2
    endloop
  endfacet
  facet normal 0 0 1
    outer loop
      vertex 41.0045 6.25546 2
      vertex 41.1861 6.95074 2
      vertex 41.1455 6.96478 2
    endloop
  endfacet
  facet normal 0 0 1
    outer loop
      vertex 41.5647 6.84608 2
      vertex 41.0045 6.25546 2
      vertex 41.0238 6.19002 2
    endloop
  endfacet
  facet normal 0 0 1
    outer loop
      vertex 41.0045 6.25546 2
      vertex 41.1455 6.96478 2
      vertex 41.1085 6.97862 2
    endloop
  endfacet
  facet normal 0 0 1
    outer loop
      vertex 41.7423 6.80342 2
      vertex 41.2171 5.88379 2
      vertex 41.2622 5.84717 2
    endloop
  endfacet
  facet normal 0 0 1
    outer loop
      vertex 41.6502 6.82524 2
      vertex 41.1756 5.92453 2
      vertex 41.2171 5.88379 2
    endloop
  endfacet
  facet normal 0 0 1
    outer loop
      vertex 41.0045 6.25546 2
      vertex 41.1085 6.97862 2
      vertex 41.0723 6.99298 2
    endloop
  endfacet
  facet normal 0 0 1
    outer loop
      vertex 41.6502 6.82524 2
      vertex 41.1039 6.01837 2
      vertex 41.1379 5.96939 2
    endloop
  endfacet
  facet normal 0 0 1
    outer loop
      vertex 41.0045 6.25546 2
      vertex 41.0723 6.99298 2
      vertex 41.037 7.00787 2
    endloop
  endfacet
  facet normal 0 0 1
    outer loop
      vertex 41.6502 6.82524 2
      vertex 41.0735 6.07147 2
      vertex 41.1039 6.01837 2
    endloop
  endfacet
  facet normal 0 0 1
    outer loop
      vertex 41.6502 6.82524 2
      vertex 41.1379 5.96939 2
      vertex 41.1756 5.92453 2
    endloop
  endfacet
  facet normal 0 0 1
    outer loop
      vertex 41.0024 7.02332 2
      vertex 41.0045 6.25546 2
      vertex 41.037 7.00787 2
    endloop
  endfacet
  facet normal 0 0 1
    outer loop
      vertex 40.9687 7.03929 2
      vertex 41.0045 6.25546 2
      vertex 41.0024 7.02332 2
    endloop
  endfacet
  facet normal 0 0 1
    outer loop
      vertex 40.9357 7.0558 2
      vertex 41.0045 6.25546 2
      vertex 40.9687 7.03929 2
    endloop
  endfacet
  facet normal 0 0 1
    outer loop
      vertex 40.9036 7.07285 2
      vertex 41.0045 6.25546 2
      vertex 40.9357 7.0558 2
    endloop
  endfacet
  facet normal 0 0 1
    outer loop
      vertex 40.8722 7.09042 2
      vertex 41.0045 6.25546 2
      vertex 40.9036 7.07285 2
    endloop
  endfacet
  facet normal 0 0 1
    outer loop
      vertex 40.8417 7.10854 2
      vertex 41.0045 6.25546 2
      vertex 40.8722 7.09042 2
    endloop
  endfacet
  facet normal 0 0 1
    outer loop
      vertex 40.2314 6.12799 2
      vertex 40.8417 7.10854 2
      vertex 40.812 7.12733 2
    endloop
  endfacet
  facet normal 0 0 1
    outer loop
      vertex 40.2314 6.12799 2
      vertex 40.812 7.12733 2
      vertex 40.7834 7.14699 2
    endloop
  endfacet
  facet normal 0 0 1
    outer loop
      vertex 40.2314 6.12799 2
      vertex 40.7834 7.14699 2
      vertex 40.7558 7.16747 2
    endloop
  endfacet
  facet normal 0 0 1
    outer loop
      vertex 40.2314 6.12799 2
      vertex 40.7558 7.16747 2
      vertex 40.7292 7.18878 2
    endloop
  endfacet
  facet normal 0 0 1
    outer loop
      vertex 40.2314 6.12799 2
      vertex 40.7292 7.18878 2
      vertex 40.7036 7.21094 2
    endloop
  endfacet
  facet normal 0 0 1
    outer loop
      vertex 40.2314 6.12799 2
      vertex 40.7036 7.21094 2
      vertex 40.6789 7.23393 2
    endloop
  endfacet
  facet normal 0 0 1
    outer loop
      vertex 40.2314 6.12799 2
      vertex 40.6789 7.23393 2
      vertex 40.6553 7.25777 2
    endloop
  endfacet
  facet normal 0 0 1
    outer loop
      vertex 40.2314 6.12799 2
      vertex 40.6553 7.25777 2
      vertex 40.6327 7.28242 2
    endloop
  endfacet
  facet normal 0 0 1
    outer loop
      vertex 40.2314 6.12799 2
      vertex 40.6327 7.28242 2
      vertex 40.6111 7.30794 2
    endloop
  endfacet
  facet normal 0 0 1
    outer loop
      vertex 40.2314 6.12799 2
      vertex 40.6111 7.30794 2
      vertex 40.5905 7.33435 2
    endloop
  endfacet
  facet normal 0 0 1
    outer loop
      vertex 40.2314 6.12799 2
      vertex 40.5905 7.33435 2
      vertex 40.571 7.36179 2
    endloop
  endfacet
  facet normal 0 0 1
    outer loop
      vertex 40.2314 6.12799 2
      vertex 40.571 7.36179 2
      vertex 40.5525 7.39021 2
    endloop
  endfacet
  facet normal 0 0 1
    outer loop
      vertex 40.2314 6.12799 2
      vertex 40.5525 7.39021 2
      vertex 40.535 7.41965 2
    endloop
  endfacet
  facet normal 0 0 1
    outer loop
      vertex 40.2314 6.12799 2
      vertex 40.535 7.41965 2
      vertex 40.5186 7.45009 2
    endloop
  endfacet
  facet normal 0 0 1
    outer loop
      vertex 40.2314 6.12799 2
      vertex 40.5186 7.45009 2
      vertex 40.5032 7.48154 2
    endloop
  endfacet
  facet normal 0 0 1
    outer loop
      vertex 40.2314 6.12799 2
      vertex 40.5032 7.48154 2
      vertex 40.4889 7.51398 2
    endloop
  endfacet
  facet normal 0 0 1
    outer loop
      vertex 40.8417 7.10854 2
      vertex 40.2314 6.12799 2
      vertex 41.0045 6.25546 2
    endloop
  endfacet
  facet normal 0 0 1
    outer loop
      vertex 40.4756 7.54744 2
      vertex 40.2314 6.12799 2
      vertex 40.4889 7.51398 2
    endloop
  endfacet
  facet normal 0 0 1
    outer loop
      vertex 40.4633 7.58189 2
      vertex 40.2314 6.12799 2
      vertex 40.4756 7.54744 2
    endloop
  endfacet
  facet normal 0 0 1
    outer loop
      vertex 40.4522 7.61742 2
      vertex 40.2314 6.12799 2
      vertex 40.4633 7.58189 2
    endloop
  endfacet
  facet normal 0 0 1
    outer loop
      vertex 40.4424 7.65408 2
      vertex 40.2314 6.12799 2
      vertex 40.4522 7.61742 2
    endloop
  endfacet
  facet normal 0 0 1
    outer loop
      vertex 40.4339 7.69189 2
      vertex 40.2314 6.12799 2
      vertex 40.4424 7.65408 2
    endloop
  endfacet
  facet normal 0 0 1
    outer loop
      vertex 39.7908 8.95441 2
      vertex 40.4339 7.69189 2
      vertex 40.4268 7.73083 2
    endloop
  endfacet
  facet normal 0 0 1
    outer loop
      vertex 39.7908 8.95441 2
      vertex 40.4268 7.73083 2
      vertex 40.4209 7.77092 2
    endloop
  endfacet
  facet normal 0 0 1
    outer loop
      vertex 39.7908 8.95441 2
      vertex 40.4209 7.77092 2
      vertex 40.4163 7.81215 2
    endloop
  endfacet
  facet normal 0 0 1
    outer loop
      vertex 39.7908 8.95441 2
      vertex 40.4163 7.81215 2
      vertex 40.413 7.85451 2
    endloop
  endfacet
  facet normal 0 0 1
    outer loop
      vertex 39.7908 8.95441 2
      vertex 40.413 7.85451 2
      vertex 40.4111 7.89801 2
    endloop
  endfacet
  facet normal 0 0 1
    outer loop
      vertex 39.7908 8.95441 2
      vertex 40.4111 7.89801 2
      vertex 40.4104 7.94266 2
    endloop
  endfacet
  facet normal 0 0 1
    outer loop
      vertex 39.1187 6.07707 2
      vertex 37.4391 8.95441 2
      vertex 39.129 5.98695 2
    endloop
  endfacet
  facet normal 0 0 1
    outer loop
      vertex 39.1097 6.16537 2
      vertex 37.4391 8.95441 2
      vertex 39.1187 6.07707 2
    endloop
  endfacet
  facet normal 0 0 1
    outer loop
      vertex 39.1018 6.25188 2
      vertex 37.4391 8.95441 2
      vertex 39.1097 6.16537 2
    endloop
  endfacet
  facet normal 0 0 1
    outer loop
      vertex 39.0952 6.33656 2
      vertex 37.4391 8.95441 2
      vertex 39.1018 6.25188 2
    endloop
  endfacet
  facet normal 0 0 1
    outer loop
      vertex 39.0898 6.41945 2
      vertex 37.4391 8.95441 2
      vertex 39.0952 6.33656 2
    endloop
  endfacet
  facet normal 0 0 1
    outer loop
      vertex 39.0856 6.50052 2
      vertex 37.4391 8.95441 2
      vertex 39.0898 6.41945 2
    endloop
  endfacet
  facet normal 0 0 1
    outer loop
      vertex 39.0826 6.57977 2
      vertex 37.4391 8.95441 2
      vertex 39.0856 6.50052 2
    endloop
  endfacet
  facet normal 0 0 1
    outer loop
      vertex 39.0807 6.65723 2
      vertex 37.4391 8.95441 2
      vertex 39.0826 6.57977 2
    endloop
  endfacet
  facet normal 0 0 1
    outer loop
      vertex 37.4391 8.95441 2
      vertex 39.0807 6.65723 2
      vertex 39.0802 6.73286 2
    endloop
  endfacet
  facet normal 0 0 1
    outer loop
      vertex 35.7463 7.37573 2
      vertex 36.5249 8.95441 2
      vertex 35.9118 8.33597 2
    endloop
  endfacet
  facet normal 0 0 1
    outer loop
      vertex 35.7463 6.75731 2
      vertex 36.5249 8.95441 2
      vertex 35.7463 7.37573 2
    endloop
  endfacet
  facet normal 0 0 1
    outer loop
      vertex 36.5249 5.13251 2
      vertex 35.7463 6.75731 2
      vertex 36.0229 5.75095 2
    endloop
  endfacet
  facet normal 0 0 1
    outer loop
      vertex 33.7065 5.75095 2
      vertex 35.7463 6.75731 2
      vertex 33.7065 6.75731 2
    endloop
  endfacet
  facet normal 0 0 1
    outer loop
      vertex 35.7463 6.75731 2
      vertex 33.7065 5.75095 2
      vertex 36.0229 5.75095 2
    endloop
  endfacet
  facet normal 0 0 1
    outer loop
      vertex 32.3039 8.05385 2
      vertex 32.2953 6.73439 2
      vertex 32.314 6.6956 2
    endloop
  endfacet
  facet normal 0 0 1
    outer loop
      vertex 32.3039 8.05385 2
      vertex 32.275 6.7719 2
      vertex 32.2953 6.73439 2
    endloop
  endfacet
  facet normal 0 0 1
    outer loop
      vertex 32.3039 8.05385 2
      vertex 32.2531 6.80814 2
      vertex 32.275 6.7719 2
    endloop
  endfacet
  facet normal 0 0 1
    outer loop
      vertex 32.3039 8.05385 2
      vertex 32.2296 6.84309 2
      vertex 32.2531 6.80814 2
    endloop
  endfacet
  facet normal 0 0 1
    outer loop
      vertex 32.3039 8.05385 2
      vertex 32.2045 6.87679 2
      vertex 32.2296 6.84309 2
    endloop
  endfacet
  facet normal 0 0 1
    outer loop
      vertex 32.3039 8.05385 2
      vertex 32.1777 6.90921 2
      vertex 32.2045 6.87679 2
    endloop
  endfacet
  facet normal 0 0 1
    outer loop
      vertex 32.3039 8.05385 2
      vertex 32.1494 6.94035 2
      vertex 32.1777 6.90921 2
    endloop
  endfacet
  facet normal 0 0 1
    outer loop
      vertex 32.3039 8.05385 2
      vertex 32.1194 6.97023 2
      vertex 32.1494 6.94035 2
    endloop
  endfacet
  facet normal 0 0 1
    outer loop
      vertex 32.3039 8.05385 2
      vertex 32.0875 6.99905 2
      vertex 32.1194 6.97023 2
    endloop
  endfacet
  facet normal 0 0 1
    outer loop
      vertex 32.3039 8.05385 2
      vertex 32.0531 7.02707 2
      vertex 32.0875 6.99905 2
    endloop
  endfacet
  facet normal 0 0 1
    outer loop
      vertex 32.3039 8.05385 2
      vertex 32.0162 7.05431 2
      vertex 32.0531 7.02707 2
    endloop
  endfacet
  facet normal 0 0 1
    outer loop
      vertex 32.3039 8.05385 2
      vertex 31.9769 7.08072 2
      vertex 32.0162 7.05431 2
    endloop
  endfacet
  facet normal 0 0 1
    outer loop
      vertex 32.3039 8.05385 2
      vertex 31.9352 7.10634 2
      vertex 31.9769 7.08072 2
    endloop
  endfacet
  facet normal 0 0 1
    outer loop
      vertex 32.3039 8.05385 2
      vertex 31.891 7.13115 2
      vertex 31.9352 7.10634 2
    endloop
  endfacet
  facet normal 0 0 1
    outer loop
      vertex 32.3039 8.05385 2
      vertex 31.8444 7.15517 2
      vertex 31.891 7.13115 2
    endloop
  endfacet
  facet normal 0 0 1
    outer loop
      vertex 32.3039 8.05385 2
      vertex 31.7953 7.17838 2
      vertex 31.8444 7.15517 2
    endloop
  endfacet
  facet normal 0 0 1
    outer loop
      vertex 32.3039 8.05385 2
      vertex 31.7438 7.20078 2
      vertex 31.7953 7.17838 2
    endloop
  endfacet
  facet normal -0 0 1
    outer loop
      vertex 31.5281 7.94806 2
      vertex 31.7438 7.20078 2
      vertex 32.3039 8.05385 2
    endloop
  endfacet
  facet normal 0 0 1
    outer loop
      vertex 31.7438 7.20078 2
      vertex 31.5281 7.94806 2
      vertex 31.6872 7.22299 2
    endloop
  endfacet
  facet normal 0 0 1
    outer loop
      vertex 31.6872 7.22299 2
      vertex 31.5281 7.94806 2
      vertex 31.6228 7.24564 2
    endloop
  endfacet
  facet normal 0 0 1
    outer loop
      vertex 31.6228 7.24564 2
      vertex 31.5281 7.94806 2
      vertex 31.5507 7.26874 2
    endloop
  endfacet
  facet normal 0 0 1
    outer loop
      vertex 30.9558 7.41641 2
      vertex 31.5281 7.94806 2
      vertex 31.5134 8.0014 2
    endloop
  endfacet
  facet normal 0 0 1
    outer loop
      vertex 30.9558 7.41641 2
      vertex 31.5134 8.0014 2
      vertex 31.4955 8.05173 2
    endloop
  endfacet
  facet normal 0 0 1
    outer loop
      vertex 30.9558 7.41641 2
      vertex 31.4955 8.05173 2
      vertex 31.4746 8.09904 2
    endloop
  endfacet
  facet normal 0 0 1
    outer loop
      vertex 31.5281 7.94806 2
      vertex 31.4709 7.29225 2
      vertex 31.5507 7.26874 2
    endloop
  endfacet
  facet normal 0 0 1
    outer loop
      vertex 30.9558 7.41641 2
      vertex 31.4746 8.09904 2
      vertex 31.4507 8.14336 2
    endloop
  endfacet
  facet normal 0 0 1
    outer loop
      vertex 30.9558 7.41641 2
      vertex 31.4507 8.14336 2
      vertex 31.4238 8.18465 2
    endloop
  endfacet
  facet normal 0 0 1
    outer loop
      vertex 30.9558 7.41641 2
      vertex 31.4238 8.18465 2
      vertex 31.3937 8.22292 2
    endloop
  endfacet
  facet normal 0 0 1
    outer loop
      vertex 31.5281 7.94806 2
      vertex 31.3834 7.31622 2
      vertex 31.4709 7.29225 2
    endloop
  endfacet
  facet normal 0 0 1
    outer loop
      vertex 30.9558 7.41641 2
      vertex 31.3937 8.22292 2
      vertex 31.3607 8.25818 2
    endloop
  endfacet
  facet normal 0 0 1
    outer loop
      vertex 30.9558 7.41641 2
      vertex 31.3607 8.25818 2
      vertex 31.3245 8.29042 2
    endloop
  endfacet
  facet normal 0 0 1
    outer loop
      vertex 31.5281 7.94806 2
      vertex 31.2881 7.34061 2
      vertex 31.3834 7.31622 2
    endloop
  endfacet
  facet normal 0 0 1
    outer loop
      vertex 30.9558 7.41641 2
      vertex 31.3245 8.29042 2
      vertex 31.2854 8.31966 2
    endloop
  endfacet
  facet normal 0 0 1
    outer loop
      vertex 30.8566 7.43829 2
      vertex 31.2854 8.31966 2
      vertex 31.2427 8.34584 2
    endloop
  endfacet
  facet normal 0 0 1
    outer loop
      vertex 30.8566 7.43829 2
      vertex 31.2427 8.34584 2
      vertex 31.1962 8.36896 2
    endloop
  endfacet
  facet normal 0 0 1
    outer loop
      vertex 31.5281 7.94806 2
      vertex 31.1851 7.36545 2
      vertex 31.2881 7.34061 2
    endloop
  endfacet
  facet normal 0 0 1
    outer loop
      vertex 30.8566 7.43829 2
      vertex 31.1962 8.36896 2
      vertex 31.1457 8.38899 2
    endloop
  endfacet
  facet normal 0 0 1
    outer loop
      vertex 30.8566 7.43829 2
      vertex 31.1457 8.38899 2
      vertex 31.0913 8.40593 2
    endloop
  endfacet
  facet normal 0 0 1
    outer loop
      vertex 31.5281 7.94806 2
      vertex 31.0743 7.39072 2
      vertex 31.1851 7.36545 2
    endloop
  endfacet
  facet normal 0 0 1
    outer loop
      vertex 30.8566 7.43829 2
      vertex 31.0913 8.40593 2
      vertex 31.033 8.4198 2
    endloop
  endfacet
  facet normal 0 0 1
    outer loop
      vertex 30.7651 7.45934 2
      vertex 31.033 8.4198 2
      vertex 30.9707 8.43059 2
    endloop
  endfacet
  facet normal 0 0 1
    outer loop
      vertex 31.5281 7.94806 2
      vertex 30.9558 7.41641 2
      vertex 31.0743 7.39072 2
    endloop
  endfacet
  facet normal 0 0 1
    outer loop
      vertex 30.7651 7.45934 2
      vertex 30.9707 8.43059 2
      vertex 30.9046 8.43829 2
    endloop
  endfacet
  facet normal 0 0 1
    outer loop
      vertex 31.2854 8.31966 2
      vertex 30.8566 7.43829 2
      vertex 30.9558 7.41641 2
    endloop
  endfacet
  facet normal 0 0 1
    outer loop
      vertex 30.7651 7.45934 2
      vertex 30.9046 8.43829 2
      vertex 30.8345 8.44292 2
    endloop
  endfacet
  facet normal 0 0 1
    outer loop
      vertex 31.033 8.4198 2
      vertex 30.7651 7.45934 2
      vertex 30.8566 7.43829 2
    endloop
  endfacet
  facet normal 0 0 1
    outer loop
      vertex 30.6812 7.47955 2
      vertex 30.8345 8.44292 2
      vertex 30.7605 8.44446 2
    endloop
  endfacet
  facet normal 0 0 1
    outer loop
      vertex 30.8345 8.44292 2
      vertex 30.6812 7.47955 2
      vertex 30.7651 7.45934 2
    endloop
  endfacet
  facet normal 0 0 1
    outer loop
      vertex 30.6051 7.49892 2
      vertex 30.7605 8.44446 2
      vertex 30.608 8.43883 2
    endloop
  endfacet
  facet normal 0 0 1
    outer loop
      vertex 30.7605 8.44446 2
      vertex 30.6051 7.49892 2
      vertex 30.6812 7.47955 2
    endloop
  endfacet
  facet normal 0 0 1
    outer loop
      vertex 30.608 8.43883 2
      vertex 30.5367 7.51746 2
      vertex 30.6051 7.49892 2
    endloop
  endfacet
  facet normal 0 0 1
    outer loop
      vertex 30.608 8.43883 2
      vertex 30.476 7.53516 2
      vertex 30.5367 7.51746 2
    endloop
  endfacet
  facet normal -0 0 1
    outer loop
      vertex 30.4733 8.42195 2
      vertex 30.476 7.53516 2
      vertex 30.608 8.43883 2
    endloop
  endfacet
  facet normal 0 0 1
    outer loop
      vertex 30.4733 8.42195 2
      vertex 30.423 7.552 2
      vertex 30.476 7.53516 2
    endloop
  endfacet
  facet normal 0 0 1
    outer loop
      vertex 30.4733 8.42195 2
      vertex 30.3777 7.56802 2
      vertex 30.423 7.552 2
    endloop
  endfacet
  facet normal 0 0 1
    outer loop
      vertex 30.34 7.58321 2
      vertex 30.4733 8.42195 2
      vertex 30.3567 8.39381 2
    endloop
  endfacet
  facet normal 0 0 1
    outer loop
      vertex 30.4733 8.42195 2
      vertex 30.34 7.58321 2
      vertex 30.3777 7.56802 2
    endloop
  endfacet
  facet normal 0 0 1
    outer loop
      vertex 30.3567 8.39381 2
      vertex 30.3072 7.59834 2
      vertex 30.34 7.58321 2
    endloop
  endfacet
  facet normal 0 0 1
    outer loop
      vertex 30.3567 8.39381 2
      vertex 30.2762 7.61417 2
      vertex 30.3072 7.59834 2
    endloop
  endfacet
  facet normal 0 0 1
    outer loop
      vertex 30.2471 7.63069 2
      vertex 30.3567 8.39381 2
      vertex 30.2579 8.35445 2
    endloop
  endfacet
  facet normal 0 0 1
    outer loop
      vertex 30.3567 8.39381 2
      vertex 30.2471 7.63069 2
      vertex 30.2762 7.61417 2
    endloop
  endfacet
  facet normal 0 0 1
    outer loop
      vertex 30.2579 8.35445 2
      vertex 30.2198 7.64792 2
      vertex 30.2471 7.63069 2
    endloop
  endfacet
  facet normal 0 0 1
    outer loop
      vertex 30.2579 8.35445 2
      vertex 30.1943 7.66586 2
      vertex 30.2198 7.64792 2
    endloop
  endfacet
  facet normal 0 0 1
    outer loop
      vertex 30.0336 7.98877 2
      vertex 30.2579 8.35445 2
      vertex 30.1772 8.30382 2
    endloop
  endfacet
  facet normal 0 0 1
    outer loop
      vertex 30.2579 8.35445 2
      vertex 30.0336 7.98877 2
      vertex 30.1943 7.66586 2
    endloop
  endfacet
  facet normal 0 0 1
    outer loop
      vertex 30.1943 7.66586 2
      vertex 30.0336 7.98877 2
      vertex 30.1707 7.68449 2
    endloop
  endfacet
  facet normal -0 -0 1
    outer loop
      vertex 30.0345 7.95628 2
      vertex 30.1707 7.68449 2
      vertex 30.0336 7.98877 2
    endloop
  endfacet
  facet normal 0 0 1
    outer loop
      vertex 30.0425 8.08441 2
      vertex 30.1772 8.30382 2
      vertex 30.1143 8.24193 2
    endloop
  endfacet
  facet normal 0 0 1
    outer loop
      vertex 30.1707 7.68449 2
      vertex 30.0345 7.95628 2
      vertex 30.1489 7.70383 2
    endloop
  endfacet
  facet normal -0 -0 1
    outer loop
      vertex 30.0374 7.92514 2
      vertex 30.1489 7.70383 2
      vertex 30.0345 7.95628 2
    endloop
  endfacet
  facet normal 0 0 1
    outer loop
      vertex 30.1489 7.70383 2
      vertex 30.0374 7.92514 2
      vertex 30.129 7.72388 2
    endloop
  endfacet
  facet normal 0 0 1
    outer loop
      vertex 30.0425 8.08441 2
      vertex 30.1143 8.24193 2
      vertex 30.0695 8.16879 2
    endloop
  endfacet
  facet normal 0 0 1
    outer loop
      vertex 30.129 7.72388 2
      vertex 30.0374 7.92514 2
      vertex 30.1108 7.74461 2
    endloop
  endfacet
  facet normal 0 0 1
    outer loop
      vertex 30.0946 7.76639 2
      vertex 30.0374 7.92514 2
      vertex 30.0803 7.78949 2
    endloop
  endfacet
  facet normal 0 0 1
    outer loop
      vertex 30.0803 7.78949 2
      vertex 30.0374 7.92514 2
      vertex 30.0679 7.81395 2
    endloop
  endfacet
  facet normal 0 0 1
    outer loop
      vertex 30.1772 8.30382 2
      vertex 30.0425 8.08441 2
      vertex 30.0336 7.98877 2
    endloop
  endfacet
  facet normal 0 0 1
    outer loop
      vertex 30.0679 7.81395 2
      vertex 30.0374 7.92514 2
      vertex 30.0574 7.83974 2
    endloop
  endfacet
  facet normal 0 0 1
    outer loop
      vertex 30.0488 7.86687 2
      vertex 30.0374 7.92514 2
      vertex 30.0421 7.89534 2
    endloop
  endfacet
  facet normal 0 0 1
    outer loop
      vertex 30.0574 7.83974 2
      vertex 30.0374 7.92514 2
      vertex 30.0488 7.86687 2
    endloop
  endfacet
  facet normal 0 0 1
    outer loop
      vertex 30.1108 7.74461 2
      vertex 30.0374 7.92514 2
      vertex 30.0946 7.76639 2
    endloop
  endfacet
  facet normal 0 0 1
    outer loop
      vertex 31.5071 6.47926 2
      vertex 31.6246 6.22313 2
      vertex 31.621 6.25719 2
    endloop
  endfacet
  facet normal 0 0 1
    outer loop
      vertex 31.6246 6.22313 2
      vertex 31.4828 6.50146 2
      vertex 31.6258 6.18767 2
    endloop
  endfacet
  facet normal 0 0 1
    outer loop
      vertex 31.5071 6.47926 2
      vertex 31.621 6.25719 2
      vertex 31.6151 6.28984 2
    endloop
  endfacet
  facet normal 0 0 1
    outer loop
      vertex 31.5071 6.47926 2
      vertex 31.6151 6.28984 2
      vertex 31.6068 6.32109 2
    endloop
  endfacet
  facet normal 0 0 1
    outer loop
      vertex 31.5295 6.45619 2
      vertex 31.6068 6.32109 2
      vertex 31.5961 6.35092 2
    endloop
  endfacet
  facet normal 0 0 1
    outer loop
      vertex 31.6246 6.22313 2
      vertex 31.5071 6.47926 2
      vertex 31.4828 6.50146 2
    endloop
  endfacet
  facet normal 0 0 1
    outer loop
      vertex 31.5295 6.45619 2
      vertex 31.5961 6.35092 2
      vertex 31.583 6.37935 2
    endloop
  endfacet
  facet normal 0 0 1
    outer loop
      vertex 31.5295 6.45619 2
      vertex 31.583 6.37935 2
      vertex 31.5675 6.40637 2
    endloop
  endfacet
  facet normal 0 0 1
    outer loop
      vertex 31.5295 6.45619 2
      vertex 31.5675 6.40637 2
      vertex 31.5497 6.43198 2
    endloop
  endfacet
  facet normal 0 0 1
    outer loop
      vertex 31.6068 6.32109 2
      vertex 31.5295 6.45619 2
      vertex 31.5071 6.47926 2
    endloop
  endfacet
  facet normal 0 0 1
    outer loop
      vertex 31.4566 6.5228 2
      vertex 31.6258 6.18767 2
      vertex 31.4828 6.50146 2
    endloop
  endfacet
  facet normal 0 0 1
    outer loop
      vertex 31.6258 6.18767 2
      vertex 31.4566 6.5228 2
      vertex 31.6155 6.08064 2
    endloop
  endfacet
  facet normal 0 0 1
    outer loop
      vertex 31.6155 6.08064 2
      vertex 31.4602 5.8351 2
      vertex 31.5844 5.98621 2
    endloop
  endfacet
  facet normal 0 0 1
    outer loop
      vertex 31.5844 5.98621 2
      vertex 31.4602 5.8351 2
      vertex 31.5327 5.90436 2
    endloop
  endfacet
  facet normal 0 0 1
    outer loop
      vertex 31.6155 6.08064 2
      vertex 31.4566 6.5228 2
      vertex 31.4602 5.8351 2
    endloop
  endfacet
  facet normal 0 0 1
    outer loop
      vertex 31.4284 6.54326 2
      vertex 31.4602 5.8351 2
      vertex 31.4566 6.5228 2
    endloop
  endfacet
  facet normal 0 0 1
    outer loop
      vertex 31.3671 5.77844 2
      vertex 31.4284 6.54326 2
      vertex 31.3982 6.56285 2
    endloop
  endfacet
  facet normal 0 0 1
    outer loop
      vertex 31.4284 6.54326 2
      vertex 31.3671 5.77844 2
      vertex 31.4602 5.8351 2
    endloop
  endfacet
  facet normal 0 0 1
    outer loop
      vertex 31.3661 6.58157 2
      vertex 31.3671 5.77844 2
      vertex 31.3982 6.56285 2
    endloop
  endfacet
  facet normal 0 0 1
    outer loop
      vertex 31.2533 5.73438 2
      vertex 31.3661 6.58157 2
      vertex 31.3321 6.59943 2
    endloop
  endfacet
  facet normal 0 0 1
    outer loop
      vertex 31.2533 5.73438 2
      vertex 31.3321 6.59943 2
      vertex 31.2962 6.61639 2
    endloop
  endfacet
  facet normal 0 0 1
    outer loop
      vertex 31.2533 5.73438 2
      vertex 31.2962 6.61639 2
      vertex 31.2582 6.63251 2
    endloop
  endfacet
  facet normal 0 0 1
    outer loop
      vertex 31.3661 6.58157 2
      vertex 31.2533 5.73438 2
      vertex 31.3671 5.77844 2
    endloop
  endfacet
  facet normal 0 0 1
    outer loop
      vertex 31.1188 5.7029 2
      vertex 31.2582 6.63251 2
      vertex 31.2154 6.64854 2
    endloop
  endfacet
  facet normal 0 0 1
    outer loop
      vertex 31.1188 5.7029 2
      vertex 31.2154 6.64854 2
      vertex 31.1646 6.66533 2
    endloop
  endfacet
  facet normal 0 0 1
    outer loop
      vertex 31.2582 6.63251 2
      vertex 31.1188 5.7029 2
      vertex 31.2533 5.73438 2
    endloop
  endfacet
  facet normal 0 0 1
    outer loop
      vertex 31.1059 6.68285 2
      vertex 31.1188 5.7029 2
      vertex 31.1646 6.66533 2
    endloop
  endfacet
  facet normal 0 0 1
    outer loop
      vertex 30.9635 5.68401 2
      vertex 31.1059 6.68285 2
      vertex 31.0392 6.7011 2
    endloop
  endfacet
  facet normal 0 0 1
    outer loop
      vertex 30.9635 5.68401 2
      vertex 31.0392 6.7011 2
      vertex 30.9646 6.72009 2
    endloop
  endfacet
  facet normal 0 0 1
    outer loop
      vertex 31.1059 6.68285 2
      vertex 30.9635 5.68401 2
      vertex 31.1188 5.7029 2
    endloop
  endfacet
  facet normal 0 0 1
    outer loop
      vertex 30.7876 5.6777 2
      vertex 30.9646 6.72009 2
      vertex 30.8821 6.73981 2
    endloop
  endfacet
  facet normal 0 0 1
    outer loop
      vertex 30.7 5.6794 2
      vertex 30.8821 6.73981 2
      vertex 30.7917 6.76028 2
    endloop
  endfacet
  facet normal 0 0 1
    outer loop
      vertex 30.9646 6.72009 2
      vertex 30.7876 5.6777 2
      vertex 30.9635 5.68401 2
    endloop
  endfacet
  facet normal 0 0 1
    outer loop
      vertex 30.8821 6.73981 2
      vertex 30.7 5.6794 2
      vertex 30.7876 5.6777 2
    endloop
  endfacet
  facet normal 0 0 1
    outer loop
      vertex 30.5378 5.69293 2
      vertex 30.7917 6.76028 2
      vertex 30.6933 6.78148 2
    endloop
  endfacet
  facet normal 0 0 1
    outer loop
      vertex 30.7917 6.76028 2
      vertex 30.6167 5.68446 2
      vertex 30.7 5.6794 2
    endloop
  endfacet
  facet normal 0 0 1
    outer loop
      vertex 30.393 5.71999 2
      vertex 30.6933 6.78148 2
      vertex 30.5869 6.80342 2
    endloop
  endfacet
  facet normal 0 0 1
    outer loop
      vertex 30.7917 6.76028 2
      vertex 30.5378 5.69293 2
      vertex 30.6167 5.68446 2
    endloop
  endfacet
  facet normal 0 0 1
    outer loop
      vertex 30.0617 5.88379 2
      vertex 30.5869 6.80342 2
      vertex 30.4949 6.82524 2
    endloop
  endfacet
  facet normal 0 0 1
    outer loop
      vertex 30.6933 6.78148 2
      vertex 30.4632 5.70476 2
      vertex 30.5378 5.69293 2
    endloop
  endfacet
  facet normal 0 0 1
    outer loop
      vertex 29.8684 6.19002 2
      vertex 30.4949 6.82524 2
      vertex 30.4093 6.84608 2
    endloop
  endfacet
  facet normal 0 0 1
    outer loop
      vertex 30.6933 6.78148 2
      vertex 30.393 5.71999 2
      vertex 30.4632 5.70476 2
    endloop
  endfacet
  facet normal 0 0 1
    outer loop
      vertex 29.8491 6.25546 2
      vertex 30.4093 6.84608 2
      vertex 30.3301 6.86597 2
    endloop
  endfacet
  facet normal 0 0 1
    outer loop
      vertex 30.5869 6.80342 2
      vertex 30.3271 5.73857 2
      vertex 30.393 5.71999 2
    endloop
  endfacet
  facet normal 0 0 1
    outer loop
      vertex 30.5869 6.80342 2
      vertex 30.2656 5.76056 2
      vertex 30.3271 5.73857 2
    endloop
  endfacet
  facet normal 0 0 1
    outer loop
      vertex 29.8491 6.25546 2
      vertex 30.3301 6.86597 2
      vertex 30.2574 6.88486 2
    endloop
  endfacet
  facet normal 0 0 1
    outer loop
      vertex 30.5869 6.80342 2
      vertex 30.2084 5.78592 2
      vertex 30.2656 5.76056 2
    endloop
  endfacet
  facet normal 0 0 1
    outer loop
      vertex 29.8491 6.25546 2
      vertex 30.2574 6.88486 2
      vertex 30.1911 6.90279 2
    endloop
  endfacet
  facet normal 0 0 1
    outer loop
      vertex 30.5869 6.80342 2
      vertex 30.1556 5.81467 2
      vertex 30.2084 5.78592 2
    endloop
  endfacet
  facet normal 0 0 1
    outer loop
      vertex 29.8491 6.25546 2
      vertex 30.1911 6.90279 2
      vertex 30.1312 6.91975 2
    endloop
  endfacet
  facet normal 0 0 1
    outer loop
      vertex 30.4949 6.82524 2
      vertex 29.8914 6.12868 2
      vertex 29.9181 6.07147 2
    endloop
  endfacet
  facet normal 0 0 1
    outer loop
      vertex 29.8491 6.25546 2
      vertex 30.1312 6.91975 2
      vertex 30.0777 6.93573 2
    endloop
  endfacet
  facet normal 0 0 1
    outer loop
      vertex 30.4949 6.82524 2
      vertex 29.8684 6.19002 2
      vertex 29.8914 6.12868 2
    endloop
  endfacet
  facet normal 0 0 1
    outer loop
      vertex 29.8491 6.25546 2
      vertex 30.0777 6.93573 2
      vertex 30.0307 6.95074 2
    endloop
  endfacet
  facet normal 0 0 1
    outer loop
      vertex 30.5869 6.80342 2
      vertex 30.1068 5.84717 2
      vertex 30.1556 5.81467 2
    endloop
  endfacet
  facet normal 0 0 1
    outer loop
      vertex 29.8491 6.25546 2
      vertex 30.0307 6.95074 2
      vertex 29.9901 6.96478 2
    endloop
  endfacet
  facet normal 0 0 1
    outer loop
      vertex 30.4093 6.84608 2
      vertex 29.8491 6.25546 2
      vertex 29.8684 6.19002 2
    endloop
  endfacet
  facet normal 0 0 1
    outer loop
      vertex 29.8491 6.25546 2
      vertex 29.9901 6.96478 2
      vertex 29.9532 6.97862 2
    endloop
  endfacet
  facet normal 0 0 1
    outer loop
      vertex 30.5869 6.80342 2
      vertex 30.0617 5.88379 2
      vertex 30.1068 5.84717 2
    endloop
  endfacet
  facet normal 0 0 1
    outer loop
      vertex 30.4949 6.82524 2
      vertex 30.0203 5.92453 2
      vertex 30.0617 5.88379 2
    endloop
  endfacet
  facet normal 0 0 1
    outer loop
      vertex 29.8491 6.25546 2
      vertex 29.9532 6.97862 2
      vertex 29.917 6.99298 2
    endloop
  endfacet
  facet normal 0 0 1
    outer loop
      vertex 30.4949 6.82524 2
      vertex 29.9485 6.01837 2
      vertex 29.9825 5.96939 2
    endloop
  endfacet
  facet normal 0 0 1
    outer loop
      vertex 29.8491 6.25546 2
      vertex 29.917 6.99298 2
      vertex 29.8816 7.00787 2
    endloop
  endfacet
  facet normal 0 0 1
    outer loop
      vertex 30.4949 6.82524 2
      vertex 29.9181 6.07147 2
      vertex 29.9485 6.01837 2
    endloop
  endfacet
  facet normal 0 0 1
    outer loop
      vertex 30.4949 6.82524 2
      vertex 29.9825 5.96939 2
      vertex 30.0203 5.92453 2
    endloop
  endfacet
  facet normal 0 0 1
    outer loop
      vertex 29.8471 7.02332 2
      vertex 29.8491 6.25546 2
      vertex 29.8816 7.00787 2
    endloop
  endfacet
  facet normal 0 0 1
    outer loop
      vertex 29.8133 7.03929 2
      vertex 29.8491 6.25546 2
      vertex 29.8471 7.02332 2
    endloop
  endfacet
  facet normal 0 0 1
    outer loop
      vertex 29.7804 7.0558 2
      vertex 29.8491 6.25546 2
      vertex 29.8133 7.03929 2
    endloop
  endfacet
  facet normal 0 0 1
    outer loop
      vertex 29.7482 7.07285 2
      vertex 29.8491 6.25546 2
      vertex 29.7804 7.0558 2
    endloop
  endfacet
  facet normal 0 0 1
    outer loop
      vertex 29.7169 7.09042 2
      vertex 29.8491 6.25546 2
      vertex 29.7482 7.07285 2
    endloop
  endfacet
  facet normal 0 0 1
    outer loop
      vertex 29.6863 7.10854 2
      vertex 29.8491 6.25546 2
      vertex 29.7169 7.09042 2
    endloop
  endfacet
  facet normal 0 0 1
    outer loop
      vertex 29.076 6.12799 2
      vertex 29.6863 7.10854 2
      vertex 29.6567 7.12733 2
    endloop
  endfacet
  facet normal 0 0 1
    outer loop
      vertex 29.076 6.12799 2
      vertex 29.6567 7.12733 2
      vertex 29.6281 7.14699 2
    endloop
  endfacet
  facet normal 0 0 1
    outer loop
      vertex 29.076 6.12799 2
      vertex 29.6281 7.14699 2
      vertex 29.6004 7.16747 2
    endloop
  endfacet
  facet normal 0 0 1
    outer loop
      vertex 29.076 6.12799 2
      vertex 29.6004 7.16747 2
      vertex 29.5738 7.18878 2
    endloop
  endfacet
  facet normal 0 0 1
    outer loop
      vertex 29.076 6.12799 2
      vertex 29.5738 7.18878 2
      vertex 29.5482 7.21094 2
    endloop
  endfacet
  facet normal 0 0 1
    outer loop
      vertex 29.076 6.12799 2
      vertex 29.5482 7.21094 2
      vertex 29.5236 7.23393 2
    endloop
  endfacet
  facet normal 0 0 1
    outer loop
      vertex 29.076 6.12799 2
      vertex 29.5236 7.23393 2
      vertex 29.5 7.25777 2
    endloop
  endfacet
  facet normal 0 0 1
    outer loop
      vertex 29.076 6.12799 2
      vertex 29.5 7.25777 2
      vertex 29.4774 7.28242 2
    endloop
  endfacet
  facet normal 0 0 1
    outer loop
      vertex 29.076 6.12799 2
      vertex 29.4774 7.28242 2
      vertex 29.4558 7.30794 2
    endloop
  endfacet
  facet normal 0 0 1
    outer loop
      vertex 29.076 6.12799 2
      vertex 29.4558 7.30794 2
      vertex 29.4352 7.33435 2
    endloop
  endfacet
  facet normal 0 0 1
    outer loop
      vertex 29.076 6.12799 2
      vertex 29.4352 7.33435 2
      vertex 29.4156 7.36179 2
    endloop
  endfacet
  facet normal 0 0 1
    outer loop
      vertex 29.076 6.12799 2
      vertex 29.4156 7.36179 2
      vertex 29.3972 7.39021 2
    endloop
  endfacet
  facet normal 0 0 1
    outer loop
      vertex 29.076 6.12799 2
      vertex 29.3972 7.39021 2
      vertex 29.3797 7.41965 2
    endloop
  endfacet
  facet normal 0 0 1
    outer loop
      vertex 29.076 6.12799 2
      vertex 29.3797 7.41965 2
      vertex 29.3633 7.45009 2
    endloop
  endfacet
  facet normal 0 0 1
    outer loop
      vertex 29.076 6.12799 2
      vertex 29.3633 7.45009 2
      vertex 29.3479 7.48154 2
    endloop
  endfacet
  facet normal 0 0 1
    outer loop
      vertex 29.076 6.12799 2
      vertex 29.3479 7.48154 2
      vertex 29.3335 7.51398 2
    endloop
  endfacet
  facet normal 0 0 1
    outer loop
      vertex 29.6863 7.10854 2
      vertex 29.076 6.12799 2
      vertex 29.8491 6.25546 2
    endloop
  endfacet
  facet normal 0 0 1
    outer loop
      vertex 29.3202 7.54744 2
      vertex 29.076 6.12799 2
      vertex 29.3335 7.51398 2
    endloop
  endfacet
  facet normal 0 0 1
    outer loop
      vertex 29.308 7.58189 2
      vertex 29.076 6.12799 2
      vertex 29.3202 7.54744 2
    endloop
  endfacet
  facet normal 0 0 1
    outer loop
      vertex 29.2969 7.61742 2
      vertex 29.076 6.12799 2
      vertex 29.308 7.58189 2
    endloop
  endfacet
  facet normal 0 0 1
    outer loop
      vertex 29.2871 7.65408 2
      vertex 29.076 6.12799 2
      vertex 29.2969 7.61742 2
    endloop
  endfacet
  facet normal 0 0 1
    outer loop
      vertex 29.2786 7.69189 2
      vertex 29.076 6.12799 2
      vertex 29.2871 7.65408 2
    endloop
  endfacet
  facet normal 0 0 1
    outer loop
      vertex 29.2714 7.73083 2
      vertex 29.076 6.12799 2
      vertex 29.2786 7.69189 2
    endloop
  endfacet
  facet normal 0 0 1
    outer loop
      vertex 29.2655 7.77092 2
      vertex 29.076 6.12799 2
      vertex 29.2714 7.73083 2
    endloop
  endfacet
  facet normal 0 0 1
    outer loop
      vertex 29.261 7.81215 2
      vertex 29.076 6.12799 2
      vertex 29.2655 7.77092 2
    endloop
  endfacet
  facet normal 0 0 1
    outer loop
      vertex 29.2577 7.85451 2
      vertex 29.076 6.12799 2
      vertex 29.261 7.81215 2
    endloop
  endfacet
  facet normal 0 0 1
    outer loop
      vertex 29.2557 7.89801 2
      vertex 29.076 6.12799 2
      vertex 29.2577 7.85451 2
    endloop
  endfacet
  facet normal 0 0 1
    outer loop
      vertex 29.076 6.12799 2
      vertex 29.2557 7.89801 2
      vertex 29.2551 7.94266 2
    endloop
  endfacet
  facet normal 0 0 1
    outer loop
      vertex 54.6319 8.33597 2
      vertex 53.3978 8.33597 2
      vertex 54.6319 5.13251 2
    endloop
  endfacet
  facet normal 0 0 1
    outer loop
      vertex 65.444 6.70035 2
      vertex 64.4327 5.13251 2
      vertex 65.444 5.13251 2
    endloop
  endfacet
  facet normal -0 0 1
    outer loop
      vertex 63.0439 8.95441 2
      vertex 65.444 6.70035 2
      vertex 64.0823 8.95441 2
    endloop
  endfacet
  facet normal 0 0 1
    outer loop
      vertex 65.444 6.70035 2
      vertex 63.0439 8.95441 2
      vertex 64.4327 5.13251 2
    endloop
  endfacet
  facet normal 0 0 1
    outer loop
      vertex 78 14.5 2
      vertex 66.765 8.95441 2
      vertex 67.6031 8.95441 2
    endloop
  endfacet
  facet normal 0 0 1
    outer loop
      vertex 66.765 8.95441 2
      vertex 64.9205 8.95441 2
      vertex 65.8373 7.33777 2
    endloop
  endfacet
  facet normal -0 0 1
    outer loop
      vertex 54.5 14.5 2
      vertex 66.765 8.95441 2
      vertex 78 14.5 2
    endloop
  endfacet
  facet normal 0 0 1
    outer loop
      vertex 66.765 8.95441 2
      vertex 54.5 14.5 2
      vertex 64.9205 8.95441 2
    endloop
  endfacet
  facet normal 0 0 1
    outer loop
      vertex 64.9205 8.95441 2
      vertex 54.5 14.5 2
      vertex 64.0823 8.95441 2
    endloop
  endfacet
  facet normal 0 0 1
    outer loop
      vertex 64.0823 8.95441 2
      vertex 54.5 14.5 2
      vertex 63.0439 8.95441 2
    endloop
  endfacet
  facet normal -0 0 1
    outer loop
      vertex 60.287 7.403 2
      vertex 60.7057 5.13251 2
      vertex 62.1 8.95441 2
    endloop
  endfacet
  facet normal 0 0 1
    outer loop
      vertex 60.3546 7.72731 2
      vertex 62.1 8.95441 2
      vertex 60.3574 7.81517 2
    endloop
  endfacet
  facet normal 0 0 1
    outer loop
      vertex 62.1 8.95441 2
      vertex 60.3528 7.93437 2
      vertex 60.3574 7.81517 2
    endloop
  endfacet
  facet normal 0 0 1
    outer loop
      vertex 62.1 8.95441 2
      vertex 60.339 8.04724 2
      vertex 60.3528 7.93437 2
    endloop
  endfacet
  facet normal 0 0 1
    outer loop
      vertex 62.1 8.95441 2
      vertex 60.3161 8.15378 2
      vertex 60.339 8.04724 2
    endloop
  endfacet
  facet normal 0 0 1
    outer loop
      vertex 62.1 8.95441 2
      vertex 60.284 8.254 2
      vertex 60.3161 8.15378 2
    endloop
  endfacet
  facet normal 0 0 1
    outer loop
      vertex 62.1 8.95441 2
      vertex 60.2427 8.34787 2
      vertex 60.284 8.254 2
    endloop
  endfacet
  facet normal 0 0 1
    outer loop
      vertex 63.0439 8.95441 2
      vertex 54.5 14.5 2
      vertex 62.1 8.95441 2
    endloop
  endfacet
  facet normal 0 0 1
    outer loop
      vertex 62.1 8.95441 2
      vertex 60.1922 8.43542 2
      vertex 60.2427 8.34787 2
    endloop
  endfacet
  facet normal 0 0 1
    outer loop
      vertex 62.1 8.95441 2
      vertex 60.1326 8.51665 2
      vertex 60.1922 8.43542 2
    endloop
  endfacet
  facet normal 0 0 1
    outer loop
      vertex 62.1 8.95441 2
      vertex 60.0638 8.59154 2
      vertex 60.1326 8.51665 2
    endloop
  endfacet
  facet normal 0 0 1
    outer loop
      vertex 62.1 8.95441 2
      vertex 59.9857 8.6601 2
      vertex 60.0638 8.59154 2
    endloop
  endfacet
  facet normal 0 0 1
    outer loop
      vertex 62.1 8.95441 2
      vertex 59.8993 8.72186 2
      vertex 59.9857 8.6601 2
    endloop
  endfacet
  facet normal 0 0 1
    outer loop
      vertex 62.1 8.95441 2
      vertex 59.8052 8.77637 2
      vertex 59.8993 8.72186 2
    endloop
  endfacet
  facet normal 0 -0 1
    outer loop
      vertex 59.4766 8.89627 2
      vertex 62.1 8.95441 2
      vertex 54.5 14.5 2
    endloop
  endfacet
  facet normal 0 0 1
    outer loop
      vertex 62.1 8.95441 2
      vertex 59.7034 8.82361 2
      vertex 59.8052 8.77637 2
    endloop
  endfacet
  facet normal 0 0 1
    outer loop
      vertex 62.1 8.95441 2
      vertex 59.5938 8.86357 2
      vertex 59.7034 8.82361 2
    endloop
  endfacet
  facet normal 0 0 1
    outer loop
      vertex 62.1 8.95441 2
      vertex 59.4766 8.89627 2
      vertex 59.5938 8.86357 2
    endloop
  endfacet
  facet normal 0 0 1
    outer loop
      vertex 59.4766 8.89627 2
      vertex 54.5 14.5 2
      vertex 59.3516 8.92171 2
    endloop
  endfacet
  facet normal 0 0 1
    outer loop
      vertex 59.3516 8.92171 2
      vertex 54.5 14.5 2
      vertex 59.219 8.93988 2
    endloop
  endfacet
  facet normal 0 0 1
    outer loop
      vertex 59.219 8.93988 2
      vertex 54.5 14.5 2
      vertex 59.0786 8.95078 2
    endloop
  endfacet
  facet normal 0 0 1
    outer loop
      vertex 59.0786 8.95078 2
      vertex 54.5 14.5 2
      vertex 58.9306 8.95441 2
    endloop
  endfacet
  facet normal 0 0 1
    outer loop
      vertex 56.669 8.33597 2
      vertex 57.021 8.95441 2
      vertex 56.669 8.95441 2
    endloop
  endfacet
  facet normal 0 0 1
    outer loop
      vertex 58.9306 8.95441 2
      vertex 54.5 14.5 2
      vertex 57.021 8.95441 2
    endloop
  endfacet
  facet normal 0 0 1
    outer loop
      vertex 57.021 8.95441 2
      vertex 54.5 14.5 2
      vertex 56.669 8.95441 2
    endloop
  endfacet
  facet normal 0 0 1
    outer loop
      vertex 56.669 8.95441 2
      vertex 54.5 14.5 2
      vertex 53.3978 8.95441 2
    endloop
  endfacet
  facet normal 0 0 1
    outer loop
      vertex 86.7225 42.4775 2
      vertex 92 46 2
      vertex 86.7654 42.6488 2
    endloop
  endfacet
  facet normal 0 0 1
    outer loop
      vertex 92 4 2
      vertex 86.7913 7.17643 2
      vertex 86.8 7 2
    endloop
  endfacet
  facet normal 0 0 1
    outer loop
      vertex 86.663 42.3112 2
      vertex 92 46 2
      vertex 86.7225 42.4775 2
    endloop
  endfacet
  facet normal 0 0 1
    outer loop
      vertex 92 4 2
      vertex 86.7654 7.35116 2
      vertex 86.7913 7.17643 2
    endloop
  endfacet
  facet normal 0 0 1
    outer loop
      vertex 86.5875 42.1515 2
      vertex 92 46 2
      vertex 86.663 42.3112 2
    endloop
  endfacet
  facet normal 0 0 1
    outer loop
      vertex 92 4 2
      vertex 86.7225 7.52251 2
      vertex 86.7654 7.35116 2
    endloop
  endfacet
  facet normal 0 0 1
    outer loop
      vertex 86.4966 42 2
      vertex 92 46 2
      vertex 86.5875 42.1515 2
    endloop
  endfacet
  facet normal 0 0 1
    outer loop
      vertex 92 4 2
      vertex 86.663 7.68883 2
      vertex 86.7225 7.52251 2
    endloop
  endfacet
  facet normal 0 0 1
    outer loop
      vertex 86.3914 41.8581 2
      vertex 92 46 2
      vertex 86.4966 42 2
    endloop
  endfacet
  facet normal 0 0 1
    outer loop
      vertex 92 4 2
      vertex 86.5875 7.84851 2
      vertex 86.663 7.68883 2
    endloop
  endfacet
  facet normal 0 0 1
    outer loop
      vertex 86.2728 41.7272 2
      vertex 92 46 2
      vertex 86.3914 41.8581 2
    endloop
  endfacet
  facet normal 0 0 1
    outer loop
      vertex 92 4 2
      vertex 86.4966 8.00003 2
      vertex 86.5875 7.84851 2
    endloop
  endfacet
  facet normal 0 0 1
    outer loop
      vertex 92 46 2
      vertex 86.2728 41.7272 2
      vertex 92 4 2
    endloop
  endfacet
  facet normal 0 0 1
    outer loop
      vertex 92 4 2
      vertex 86.3914 8.14191 2
      vertex 86.4966 8.00003 2
    endloop
  endfacet
  facet normal -0 0 1
    outer loop
      vertex 86.2728 8.27279 2
      vertex 92 4 2
      vertex 86.2728 41.7272 2
    endloop
  endfacet
  facet normal 0 0 1
    outer loop
      vertex 92 4 2
      vertex 86.2728 8.27279 2
      vertex 86.3914 8.14191 2
    endloop
  endfacet
  facet normal -0 0 1
    outer loop
      vertex 86.1419 41.6086 2
      vertex 86.2728 8.27279 2
      vertex 86.2728 41.7272 2
    endloop
  endfacet
  facet normal 0 0 1
    outer loop
      vertex 86.1419 41.6086 2
      vertex 86.1419 8.39142 2
      vertex 86.2728 8.27279 2
    endloop
  endfacet
  facet normal -0 0 1
    outer loop
      vertex 86 41.5034 2
      vertex 86.1419 8.39142 2
      vertex 86.1419 41.6086 2
    endloop
  endfacet
  facet normal 0 0 1
    outer loop
      vertex 86 41.5034 2
      vertex 86 8.49664 2
      vertex 86.1419 8.39142 2
    endloop
  endfacet
  facet normal -0 0 1
    outer loop
      vertex 85.8485 41.4125 2
      vertex 86 8.49664 2
      vertex 86 41.5034 2
    endloop
  endfacet
  facet normal 0 0 1
    outer loop
      vertex 85.8485 41.4125 2
      vertex 85.8485 8.58746 2
      vertex 86 8.49664 2
    endloop
  endfacet
  facet normal -0 0 1
    outer loop
      vertex 85.6888 41.337 2
      vertex 85.8485 8.58746 2
      vertex 85.8485 41.4125 2
    endloop
  endfacet
  facet normal 0 0 1
    outer loop
      vertex 85.6888 41.337 2
      vertex 85.6888 8.66298 2
      vertex 85.8485 8.58746 2
    endloop
  endfacet
  facet normal 0 0 1
    outer loop
      vertex 78 14.5 2
      vertex 85.6888 41.337 2
      vertex 85.5225 41.2775 2
    endloop
  endfacet
  facet normal 0 0 1
    outer loop
      vertex 85.6888 41.337 2
      vertex 78 14.5 2
      vertex 85.6888 8.66298 2
    endloop
  endfacet
  facet normal 0 0 1
    outer loop
      vertex 78 36 2
      vertex 85.5225 41.2775 2
      vertex 85.3512 41.2346 2
    endloop
  endfacet
  facet normal 0 0 1
    outer loop
      vertex 85.6888 8.66298 2
      vertex 78 14.5 2
      vertex 85.5225 8.72249 2
    endloop
  endfacet
  facet normal 0 0 1
    outer loop
      vertex 78 36 2
      vertex 85.3512 41.2346 2
      vertex 85.1764 41.2087 2
    endloop
  endfacet
  facet normal 0 0 1
    outer loop
      vertex 85.5225 8.72249 2
      vertex 78 14.5 2
      vertex 85.3512 8.76541 2
    endloop
  endfacet
  facet normal 0 0 1
    outer loop
      vertex 78 36 2
      vertex 85.1764 41.2087 2
      vertex 85 41.2 2
    endloop
  endfacet
  facet normal 0 0 1
    outer loop
      vertex 85.3512 8.76541 2
      vertex 78 14.5 2
      vertex 85.1764 8.79133 2
    endloop
  endfacet
  facet normal 0 0 1
    outer loop
      vertex 78 36 2
      vertex 85 41.2 2
      vertex 84.8236 41.2087 2
    endloop
  endfacet
  facet normal 0 0 1
    outer loop
      vertex 85.1764 8.79133 2
      vertex 78 14.5 2
      vertex 85 8.8 2
    endloop
  endfacet
  facet normal 0 0 1
    outer loop
      vertex 78 36 2
      vertex 84.8236 41.2087 2
      vertex 84.6488 41.2346 2
    endloop
  endfacet
  facet normal 0 0 1
    outer loop
      vertex 85 8.8 2
      vertex 78 14.5 2
      vertex 84.8236 8.79133 2
    endloop
  endfacet
  facet normal 0 0 1
    outer loop
      vertex 78 36 2
      vertex 84.6488 41.2346 2
      vertex 84.4775 41.2775 2
    endloop
  endfacet
  facet normal 0 0 1
    outer loop
      vertex 84.8236 8.79133 2
      vertex 78 14.5 2
      vertex 84.6488 8.76541 2
    endloop
  endfacet
  facet normal 0 0 1
    outer loop
      vertex 78 36 2
      vertex 84.4775 41.2775 2
      vertex 84.3112 41.337 2
    endloop
  endfacet
  facet normal 0 0 1
    outer loop
      vertex 84.6488 8.76541 2
      vertex 78 14.5 2
      vertex 84.4775 8.72249 2
    endloop
  endfacet
  facet normal 0 0 1
    outer loop
      vertex 78 36 2
      vertex 84.3112 41.337 2
      vertex 84.1515 41.4125 2
    endloop
  endfacet
  facet normal 0 0 1
    outer loop
      vertex 84.4775 8.72249 2
      vertex 78 14.5 2
      vertex 84.3112 8.66298 2
    endloop
  endfacet
  facet normal 0 0 1
    outer loop
      vertex 78 36 2
      vertex 84.1515 41.4125 2
      vertex 84 41.5034 2
    endloop
  endfacet
  facet normal 0 0 1
    outer loop
      vertex 84.3112 8.66298 2
      vertex 78 14.5 2
      vertex 84.1515 8.58746 2
    endloop
  endfacet
  facet normal 0 0 1
    outer loop
      vertex 78 36 2
      vertex 84 41.5034 2
      vertex 83.8581 41.6086 2
    endloop
  endfacet
  facet normal 0 0 1
    outer loop
      vertex 84.1515 8.58746 2
      vertex 78 14.5 2
      vertex 84 8.49664 2
    endloop
  endfacet
  facet normal 0 0 1
    outer loop
      vertex 78 36 2
      vertex 83.8581 41.6086 2
      vertex 83.7272 41.7272 2
    endloop
  endfacet
  facet normal 0 0 1
    outer loop
      vertex 84 8.49664 2
      vertex 78 14.5 2
      vertex 83.8581 8.39142 2
    endloop
  endfacet
  facet normal 0 0 1
    outer loop
      vertex 78 36 2
      vertex 83.7272 41.7272 2
      vertex 83.6086 41.8581 2
    endloop
  endfacet
  facet normal 0 0 1
    outer loop
      vertex 83.8581 8.39142 2
      vertex 78 14.5 2
      vertex 83.7272 8.27279 2
    endloop
  endfacet
  facet normal 0 0 1
    outer loop
      vertex 78 36 2
      vertex 83.6086 41.8581 2
      vertex 83.5034 42 2
    endloop
  endfacet
  facet normal 0 0 1
    outer loop
      vertex 83.7272 8.27279 2
      vertex 78 14.5 2
      vertex 83.6086 8.14191 2
    endloop
  endfacet
  facet normal 0 0 1
    outer loop
      vertex 78 36 2
      vertex 83.5034 42 2
      vertex 83.4125 42.1515 2
    endloop
  endfacet
  facet normal 0 0 1
    outer loop
      vertex 83.6086 8.14191 2
      vertex 78 14.5 2
      vertex 83.5034 8.00003 2
    endloop
  endfacet
  facet normal 0 0 1
    outer loop
      vertex 78 36 2
      vertex 83.4125 42.1515 2
      vertex 83.337 42.3112 2
    endloop
  endfacet
  facet normal 0 0 1
    outer loop
      vertex 83.5034 8.00003 2
      vertex 78 14.5 2
      vertex 83.4125 7.84851 2
    endloop
  endfacet
  facet normal 0 0 1
    outer loop
      vertex 78 36 2
      vertex 83.337 42.3112 2
      vertex 83.2775 42.4775 2
    endloop
  endfacet
  facet normal 0 0 1
    outer loop
      vertex 83.4125 7.84851 2
      vertex 78 14.5 2
      vertex 83.337 7.68883 2
    endloop
  endfacet
  facet normal 0 0 1
    outer loop
      vertex 78 36 2
      vertex 83.2775 42.4775 2
      vertex 83.2346 42.6488 2
    endloop
  endfacet
  facet normal 0 0 1
    outer loop
      vertex 83.337 7.68883 2
      vertex 78 14.5 2
      vertex 83.2775 7.52251 2
    endloop
  endfacet
  facet normal 0 0 1
    outer loop
      vertex 78 36 2
      vertex 83.2346 42.6488 2
      vertex 83.2087 42.8236 2
    endloop
  endfacet
  facet normal 0 0 1
    outer loop
      vertex 83.2775 7.52251 2
      vertex 78 14.5 2
      vertex 83.2346 7.35116 2
    endloop
  endfacet
  facet normal 0 0 1
    outer loop
      vertex 78 36 2
      vertex 83.2087 42.8236 2
      vertex 83.2 43 2
    endloop
  endfacet
  facet normal 0 0 1
    outer loop
      vertex 83.2346 7.35116 2
      vertex 78 14.5 2
      vertex 83.2087 7.17643 2
    endloop
  endfacet
  facet normal 0 0 1
    outer loop
      vertex 86.3914 44.1419 2
      vertex 92 46 2
      vertex 91.9807 46.3921 2
    endloop
  endfacet
  facet normal 0 0 1
    outer loop
      vertex 86.7913 42.8236 2
      vertex 92 46 2
      vertex 86.8 43 2
    endloop
  endfacet
  facet normal 0 0 1
    outer loop
      vertex 86.3914 44.1419 2
      vertex 91.9807 46.3921 2
      vertex 91.9231 46.7803 2
    endloop
  endfacet
  facet normal 0 0 1
    outer loop
      vertex 86.7654 42.6488 2
      vertex 92 46 2
      vertex 86.7913 42.8236 2
    endloop
  endfacet
  facet normal 0 0 1
    outer loop
      vertex 86.3914 44.1419 2
      vertex 91.9231 46.7803 2
      vertex 91.8278 47.1611 2
    endloop
  endfacet
  facet normal -0 0 1
    outer loop
      vertex 86.7913 6.82357 2
      vertex 92 4 2
      vertex 86.8 7 2
    endloop
  endfacet
  facet normal 0 0 1
    outer loop
      vertex 86.3914 44.1419 2
      vertex 91.8278 47.1611 2
      vertex 91.6955 47.5307 2
    endloop
  endfacet
  facet normal -0 0 1
    outer loop
      vertex 86.7654 6.64884 2
      vertex 92 4 2
      vertex 86.7913 6.82357 2
    endloop
  endfacet
  facet normal 0 0 1
    outer loop
      vertex 86.3914 44.1419 2
      vertex 91.6955 47.5307 2
      vertex 91.5277 47.8856 2
    endloop
  endfacet
  facet normal -0 0 1
    outer loop
      vertex 86.7225 6.47749 2
      vertex 92 4 2
      vertex 86.7654 6.64884 2
    endloop
  endfacet
  facet normal 0 0 1
    outer loop
      vertex 86.2728 44.2728 2
      vertex 91.5277 47.8856 2
      vertex 91.3259 48.2223 2
    endloop
  endfacet
  facet normal -0 0 1
    outer loop
      vertex 86.663 6.31117 2
      vertex 92 4 2
      vertex 86.7225 6.47749 2
    endloop
  endfacet
  facet normal 0 0 1
    outer loop
      vertex 86.2728 44.2728 2
      vertex 91.3259 48.2223 2
      vertex 91.092 48.5376 2
    endloop
  endfacet
  facet normal -0 0 1
    outer loop
      vertex 86.5875 6.15149 2
      vertex 92 4 2
      vertex 86.663 6.31117 2
    endloop
  endfacet
  facet normal 0 0 1
    outer loop
      vertex 86.2728 44.2728 2
      vertex 91.092 48.5376 2
      vertex 90.8284 48.8284 2
    endloop
  endfacet
  facet normal -0 0 1
    outer loop
      vertex 86.4966 5.99997 2
      vertex 92 4 2
      vertex 86.5875 6.15149 2
    endloop
  endfacet
  facet normal 0 0 1
    outer loop
      vertex 86.2728 44.2728 2
      vertex 90.8284 48.8284 2
      vertex 90.5376 49.092 2
    endloop
  endfacet
  facet normal -0 0 1
    outer loop
      vertex 86.3914 5.85809 2
      vertex 92 4 2
      vertex 86.4966 5.99997 2
    endloop
  endfacet
  facet normal 0 0 1
    outer loop
      vertex 86.2728 44.2728 2
      vertex 90.5376 49.092 2
      vertex 90.2223 49.3259 2
    endloop
  endfacet
  facet normal 0 0 1
    outer loop
      vertex 92 4 2
      vertex 86.3914 5.85809 2
      vertex 91.9807 3.60793 2
    endloop
  endfacet
  facet normal 0 0 1
    outer loop
      vertex 86.2728 44.2728 2
      vertex 90.2223 49.3259 2
      vertex 89.8856 49.5277 2
    endloop
  endfacet
  facet normal 0 0 1
    outer loop
      vertex 91.9807 3.60793 2
      vertex 86.3914 5.85809 2
      vertex 91.9231 3.21964 2
    endloop
  endfacet
  facet normal 0 0 1
    outer loop
      vertex 86.2728 44.2728 2
      vertex 89.8856 49.5277 2
      vertex 89.5307 49.6955 2
    endloop
  endfacet
  facet normal 0 0 1
    outer loop
      vertex 91.9231 3.21964 2
      vertex 86.3914 5.85809 2
      vertex 91.8278 2.83885 2
    endloop
  endfacet
  facet normal 0 0 1
    outer loop
      vertex 86.1419 44.3914 2
      vertex 89.5307 49.6955 2
      vertex 89.1611 49.8278 2
    endloop
  endfacet
  facet normal 0 0 1
    outer loop
      vertex 91.8278 2.83885 2
      vertex 86.3914 5.85809 2
      vertex 91.6955 2.46925 2
    endloop
  endfacet
  facet normal 0 0 1
    outer loop
      vertex 86.1419 44.3914 2
      vertex 89.1611 49.8278 2
      vertex 88.7803 49.9231 2
    endloop
  endfacet
  facet normal 0 0 1
    outer loop
      vertex 91.6955 2.46925 2
      vertex 86.3914 5.85809 2
      vertex 91.5277 2.11441 2
    endloop
  endfacet
  facet normal 0 0 1
    outer loop
      vertex 86.1419 44.3914 2
      vertex 88.7803 49.9231 2
      vertex 88.3921 49.9807 2
    endloop
  endfacet
  facet normal -0 0 1
    outer loop
      vertex 86.2728 5.72721 2
      vertex 91.5277 2.11441 2
      vertex 86.3914 5.85809 2
    endloop
  endfacet
  facet normal 0 0 1
    outer loop
      vertex 86.1419 44.3914 2
      vertex 88.3921 49.9807 2
      vertex 88 50 2
    endloop
  endfacet
  facet normal 0 0 1
    outer loop
      vertex 91.5277 2.11441 2
      vertex 86.2728 5.72721 2
      vertex 91.3259 1.77771 2
    endloop
  endfacet
  facet normal 0 0 1
    outer loop
      vertex 91.3259 1.77771 2
      vertex 86.2728 5.72721 2
      vertex 91.092 1.46242 2
    endloop
  endfacet
  facet normal 0 0 1
    outer loop
      vertex 92 46 2
      vertex 86.7913 43.1764 2
      vertex 86.8 43 2
    endloop
  endfacet
  facet normal 0 0 1
    outer loop
      vertex 92 46 2
      vertex 86.7654 43.3512 2
      vertex 86.7913 43.1764 2
    endloop
  endfacet
  facet normal 0 0 1
    outer loop
      vertex 92 46 2
      vertex 86.7225 43.5225 2
      vertex 86.7654 43.3512 2
    endloop
  endfacet
  facet normal 0 0 1
    outer loop
      vertex 92 46 2
      vertex 86.663 43.6888 2
      vertex 86.7225 43.5225 2
    endloop
  endfacet
  facet normal 0 0 1
    outer loop
      vertex 92 46 2
      vertex 86.5875 43.8485 2
      vertex 86.663 43.6888 2
    endloop
  endfacet
  facet normal 0 0 1
    outer loop
      vertex 92 46 2
      vertex 86.4966 44 2
      vertex 86.5875 43.8485 2
    endloop
  endfacet
  facet normal 0 0 1
    outer loop
      vertex 92 46 2
      vertex 86.3914 44.1419 2
      vertex 86.4966 44 2
    endloop
  endfacet
  facet normal 0 0 1
    outer loop
      vertex 91.5277 47.8856 2
      vertex 86.2728 44.2728 2
      vertex 86.3914 44.1419 2
    endloop
  endfacet
  facet normal 0 0 1
    outer loop
      vertex 89.5307 49.6955 2
      vertex 86.1419 44.3914 2
      vertex 86.2728 44.2728 2
    endloop
  endfacet
  facet normal 0 0 1
    outer loop
      vertex 88 50 2
      vertex 86 44.4966 2
      vertex 86.1419 44.3914 2
    endloop
  endfacet
  facet normal 0 0 1
    outer loop
      vertex 88 50 2
      vertex 85.8485 44.5875 2
      vertex 86 44.4966 2
    endloop
  endfacet
  facet normal 0 0 1
    outer loop
      vertex 88 50 2
      vertex 85.6888 44.663 2
      vertex 85.8485 44.5875 2
    endloop
  endfacet
  facet normal 0 0 1
    outer loop
      vertex 88 50 2
      vertex 85.5225 44.7225 2
      vertex 85.6888 44.663 2
    endloop
  endfacet
  facet normal 0 0 1
    outer loop
      vertex 88 50 2
      vertex 85.3512 44.7654 2
      vertex 85.5225 44.7225 2
    endloop
  endfacet
  facet normal 0 0 1
    outer loop
      vertex 88 50 2
      vertex 85.1764 44.7913 2
      vertex 85.3512 44.7654 2
    endloop
  endfacet
  facet normal 0 0 1
    outer loop
      vertex 88 50 2
      vertex 85 44.8 2
      vertex 85.1764 44.7913 2
    endloop
  endfacet
  facet normal 0 0 1
    outer loop
      vertex 88 50 2
      vertex 84.8236 44.7913 2
      vertex 85 44.8 2
    endloop
  endfacet
  facet normal 0 0 1
    outer loop
      vertex 88 50 2
      vertex 84.6488 44.7654 2
      vertex 84.8236 44.7913 2
    endloop
  endfacet
  facet normal 0 0 1
    outer loop
      vertex 88 50 2
      vertex 84.4775 44.7225 2
      vertex 84.6488 44.7654 2
    endloop
  endfacet
  facet normal 0 0 1
    outer loop
      vertex 88 50 2
      vertex 84.3112 44.663 2
      vertex 84.4775 44.7225 2
    endloop
  endfacet
  facet normal 0 0 1
    outer loop
      vertex 88 50 2
      vertex 84.1515 44.5875 2
      vertex 84.3112 44.663 2
    endloop
  endfacet
  facet normal 0 0 1
    outer loop
      vertex 88 50 2
      vertex 84 44.4966 2
      vertex 84.1515 44.5875 2
    endloop
  endfacet
  facet normal 0 0 1
    outer loop
      vertex 88 50 2
      vertex 83.8581 44.3914 2
      vertex 84 44.4966 2
    endloop
  endfacet
  facet normal 0 0 1
    outer loop
      vertex 88 50 2
      vertex 83.7272 44.2728 2
      vertex 83.8581 44.3914 2
    endloop
  endfacet
  facet normal 0 0 1
    outer loop
      vertex 54.5 36 2
      vertex 83.7272 44.2728 2
      vertex 88 50 2
    endloop
  endfacet
  facet normal 0 0 1
    outer loop
      vertex 85.5225 41.2775 2
      vertex 78 36 2
      vertex 78 14.5 2
    endloop
  endfacet
  facet normal 0 0 1
    outer loop
      vertex 83.2087 43.1764 2
      vertex 78 36 2
      vertex 83.2 43 2
    endloop
  endfacet
  facet normal 0 0 1
    outer loop
      vertex 83.2346 43.3512 2
      vertex 78 36 2
      vertex 83.2087 43.1764 2
    endloop
  endfacet
  facet normal 0 0 1
    outer loop
      vertex 83.2775 43.5225 2
      vertex 78 36 2
      vertex 83.2346 43.3512 2
    endloop
  endfacet
  facet normal 0 0 1
    outer loop
      vertex 83.337 43.6888 2
      vertex 78 36 2
      vertex 83.2775 43.5225 2
    endloop
  endfacet
  facet normal 0 0 1
    outer loop
      vertex 54.5 36 2
      vertex 83.337 43.6888 2
      vertex 83.4125 43.8485 2
    endloop
  endfacet
  facet normal 0 0 1
    outer loop
      vertex 54.5 36 2
      vertex 83.4125 43.8485 2
      vertex 83.5034 44 2
    endloop
  endfacet
  facet normal 0 0 1
    outer loop
      vertex 83.337 43.6888 2
      vertex 54.5 36 2
      vertex 78 36 2
    endloop
  endfacet
  facet normal 0 0 1
    outer loop
      vertex 83.6086 44.1419 2
      vertex 54.5 36 2
      vertex 83.5034 44 2
    endloop
  endfacet
  facet normal 0 0 1
    outer loop
      vertex 83.7272 44.2728 2
      vertex 54.5 36 2
      vertex 83.6086 44.1419 2
    endloop
  endfacet
  facet normal 0 0 1
    outer loop
      vertex 40 14.5 2
      vertex 54.5 14.5 2
      vertex 54.5 36 2
    endloop
  endfacet
  facet normal 0 0 1
    outer loop
      vertex 51.5446 8.254 2
      vertex 53.3978 8.33597 2
      vertex 53.3978 8.95441 2
    endloop
  endfacet
  facet normal 0 -0 1
    outer loop
      vertex 50.6123 8.92171 2
      vertex 54.5 14.5 2
      vertex 50.4796 8.93988 2
    endloop
  endfacet
  facet normal 0 0 1
    outer loop
      vertex 53.3978 8.33597 2
      vertex 51.6134 7.93437 2
      vertex 51.618 7.81517 2
    endloop
  endfacet
  facet normal 0 0 1
    outer loop
      vertex 51.6152 7.72731 2
      vertex 53.3978 8.33597 2
      vertex 51.618 7.81517 2
    endloop
  endfacet
  facet normal 0 0 1
    outer loop
      vertex 53.3978 8.33597 2
      vertex 51.5997 8.04724 2
      vertex 51.6134 7.93437 2
    endloop
  endfacet
  facet normal 0 0 1
    outer loop
      vertex 53.3978 8.33597 2
      vertex 51.5767 8.15378 2
      vertex 51.5997 8.04724 2
    endloop
  endfacet
  facet normal 0 0 1
    outer loop
      vertex 53.3978 8.33597 2
      vertex 51.5446 8.254 2
      vertex 51.5767 8.15378 2
    endloop
  endfacet
  facet normal 0 0 1
    outer loop
      vertex 53.3978 8.95441 2
      vertex 51.5033 8.34787 2
      vertex 51.5446 8.254 2
    endloop
  endfacet
  facet normal 0 0 1
    outer loop
      vertex 53.3978 8.95441 2
      vertex 51.4528 8.43542 2
      vertex 51.5033 8.34787 2
    endloop
  endfacet
  facet normal 0 0 1
    outer loop
      vertex 53.3978 8.95441 2
      vertex 51.3932 8.51665 2
      vertex 51.4528 8.43542 2
    endloop
  endfacet
  facet normal 0 0 1
    outer loop
      vertex 53.3978 8.95441 2
      vertex 51.3244 8.59154 2
      vertex 51.3932 8.51665 2
    endloop
  endfacet
  facet normal 0 0 1
    outer loop
      vertex 53.3978 8.95441 2
      vertex 51.2464 8.6601 2
      vertex 51.3244 8.59154 2
    endloop
  endfacet
  facet normal 0 0 1
    outer loop
      vertex 53.3978 8.95441 2
      vertex 51.1599 8.72186 2
      vertex 51.2464 8.6601 2
    endloop
  endfacet
  facet normal 0 0 1
    outer loop
      vertex 53.3978 8.95441 2
      vertex 51.0658 8.77637 2
      vertex 51.1599 8.72186 2
    endloop
  endfacet
  facet normal 0 0 1
    outer loop
      vertex 53.3978 8.95441 2
      vertex 50.964 8.82361 2
      vertex 51.0658 8.77637 2
    endloop
  endfacet
  facet normal 0 0 1
    outer loop
      vertex 53.3978 8.95441 2
      vertex 50.8544 8.86357 2
      vertex 50.964 8.82361 2
    endloop
  endfacet
  facet normal 0 0 1
    outer loop
      vertex 54.5 14.5 2
      vertex 50.8544 8.86357 2
      vertex 53.3978 8.95441 2
    endloop
  endfacet
  facet normal 0 -0 1
    outer loop
      vertex 50.8544 8.86357 2
      vertex 54.5 14.5 2
      vertex 50.7372 8.89627 2
    endloop
  endfacet
  facet normal 0 -0 1
    outer loop
      vertex 50.7372 8.89627 2
      vertex 54.5 14.5 2
      vertex 50.6123 8.92171 2
    endloop
  endfacet
  facet normal 0 0 1
    outer loop
      vertex 54.5 14.5 2
      vertex 50.3393 8.95078 2
      vertex 50.4796 8.93988 2
    endloop
  endfacet
  facet normal 0 -0 1
    outer loop
      vertex 46.2307 8.98566 2
      vertex 54.5 14.5 2
      vertex 40 14.5 2
    endloop
  endfacet
  facet normal 0 0 1
    outer loop
      vertex 54.5 14.5 2
      vertex 50.1912 8.95441 2
      vertex 50.3393 8.95078 2
    endloop
  endfacet
  facet normal 0 0 1
    outer loop
      vertex 48.2816 8.95441 2
      vertex 47.7777 7.0611 2
      vertex 48.2816 5.13251 2
    endloop
  endfacet
  facet normal 0 0 1
    outer loop
      vertex 54.5 14.5 2
      vertex 48.2816 8.95441 2
      vertex 50.1912 8.95441 2
    endloop
  endfacet
  facet normal 0 0 1
    outer loop
      vertex 48.2816 8.95441 2
      vertex 47.7714 7.25824 2
      vertex 47.7777 7.0611 2
    endloop
  endfacet
  facet normal 0 0 1
    outer loop
      vertex 48.2816 8.95441 2
      vertex 47.7525 7.4458 2
      vertex 47.7714 7.25824 2
    endloop
  endfacet
  facet normal 0 0 1
    outer loop
      vertex 48.2816 8.95441 2
      vertex 47.7209 7.62378 2
      vertex 47.7525 7.4458 2
    endloop
  endfacet
  facet normal 0 0 1
    outer loop
      vertex 48.2816 8.95441 2
      vertex 47.6767 7.79219 2
      vertex 47.7209 7.62378 2
    endloop
  endfacet
  facet normal 0 0 1
    outer loop
      vertex 48.2816 8.95441 2
      vertex 47.6199 7.95102 2
      vertex 47.6767 7.79219 2
    endloop
  endfacet
  facet normal 0 0 1
    outer loop
      vertex 48.2816 8.95441 2
      vertex 47.5505 8.10028 2
      vertex 47.6199 7.95102 2
    endloop
  endfacet
  facet normal 0 0 1
    outer loop
      vertex 48.2816 8.95441 2
      vertex 47.4684 8.23994 2
      vertex 47.5505 8.10028 2
    endloop
  endfacet
  facet normal 0 0 1
    outer loop
      vertex 48.2816 8.95441 2
      vertex 47.3737 8.37006 2
      vertex 47.4684 8.23994 2
    endloop
  endfacet
  facet normal 0 0 1
    outer loop
      vertex 48.2816 8.95441 2
      vertex 47.2664 8.49057 2
      vertex 47.3737 8.37006 2
    endloop
  endfacet
  facet normal 0 0 1
    outer loop
      vertex 48.2816 8.95441 2
      vertex 47.1479 8.59987 2
      vertex 47.2664 8.49057 2
    endloop
  endfacet
  facet normal 0 0 1
    outer loop
      vertex 48.2816 8.95441 2
      vertex 47.0195 8.69632 2
      vertex 47.1479 8.59987 2
    endloop
  endfacet
  facet normal 0 0 1
    outer loop
      vertex 48.2816 8.95441 2
      vertex 46.8814 8.77991 2
      vertex 47.0195 8.69632 2
    endloop
  endfacet
  facet normal 0 0 1
    outer loop
      vertex 48.2816 8.95441 2
      vertex 46.7334 8.85063 2
      vertex 46.8814 8.77991 2
    endloop
  endfacet
  facet normal 0 0 1
    outer loop
      vertex 54.5 14.5 2
      vertex 46.2307 8.98566 2
      vertex 48.2816 8.95441 2
    endloop
  endfacet
  facet normal 0 0 1
    outer loop
      vertex 48.2816 8.95441 2
      vertex 46.5757 8.90849 2
      vertex 46.7334 8.85063 2
    endloop
  endfacet
  facet normal 0 0 1
    outer loop
      vertex 48.2816 8.95441 2
      vertex 46.4081 8.95351 2
      vertex 46.5757 8.90849 2
    endloop
  endfacet
  facet normal 0 0 1
    outer loop
      vertex 48.2816 8.95441 2
      vertex 46.2307 8.98566 2
      vertex 46.4081 8.95351 2
    endloop
  endfacet
  facet normal 0 0 1
    outer loop
      vertex 46.2307 8.98566 2
      vertex 40 14.5 2
      vertex 46.0435 9.00494 2
    endloop
  endfacet
  facet normal 0 0 1
    outer loop
      vertex 46.0435 9.00494 2
      vertex 40 14.5 2
      vertex 45.8465 9.01137 2
    endloop
  endfacet
  facet normal 0 0 1
    outer loop
      vertex 45.8465 9.01137 2
      vertex 40 14.5 2
      vertex 45.6495 9.005 2
    endloop
  endfacet
  facet normal 0 0 1
    outer loop
      vertex 45.6495 9.005 2
      vertex 40 14.5 2
      vertex 45.4623 8.98592 2
    endloop
  endfacet
  facet normal 0 0 1
    outer loop
      vertex 45.4623 8.98592 2
      vertex 40 14.5 2
      vertex 45.285 8.9541 2
    endloop
  endfacet
  facet normal 0 0 1
    outer loop
      vertex 45.285 8.9541 2
      vertex 40 14.5 2
      vertex 45.1175 8.90956 2
    endloop
  endfacet
  facet normal -0 -0 1
    outer loop
      vertex 42.7224 8.91251 2
      vertex 45.1175 8.90956 2
      vertex 40 14.5 2
    endloop
  endfacet
  facet normal 0 -0 1
    outer loop
      vertex 42.8235 8.87682 2
      vertex 45.1175 8.90956 2
      vertex 42.7224 8.91251 2
    endloop
  endfacet
  facet normal 0 0 1
    outer loop
      vertex 45.1175 8.90956 2
      vertex 42.8235 8.87682 2
      vertex 44.9599 8.85229 2
    endloop
  endfacet
  facet normal 0 -0 1
    outer loop
      vertex 42.9158 8.83562 2
      vertex 44.9599 8.85229 2
      vertex 42.8235 8.87682 2
    endloop
  endfacet
  facet normal -0 -0 1
    outer loop
      vertex 42.9995 8.78893 2
      vertex 44.8121 8.7823 2
      vertex 42.9158 8.83562 2
    endloop
  endfacet
  facet normal 0 0 1
    outer loop
      vertex 44.8121 8.7823 2
      vertex 42.9995 8.78893 2
      vertex 44.6742 8.69958 2
    endloop
  endfacet
  facet normal 0 0 1
    outer loop
      vertex 44.6742 8.69958 2
      vertex 43.0756 8.73593 2
      vertex 44.5461 8.60414 2
    endloop
  endfacet
  facet normal -0 -0 1
    outer loop
      vertex 43.2091 8.60841 2
      vertex 44.5461 8.60414 2
      vertex 43.1455 8.67575 2
    endloop
  endfacet
  facet normal 0 0 1
    outer loop
      vertex 43.4506 6.73439 2
      vertex 43.9179 7.0611 2
      vertex 43.9242 7.26044 2
    endloop
  endfacet
  facet normal 0 0 1
    outer loop
      vertex 43.1716 7.05431 2
      vertex 43.9431 7.44981 2
      vertex 43.4593 8.05385 2
    endloop
  endfacet
  facet normal 0 0 1
    outer loop
      vertex 43.4593 8.05385 2
      vertex 43.9431 7.44981 2
      vertex 43.9745 7.6292 2
    endloop
  endfacet
  facet normal 0 0 1
    outer loop
      vertex 43.4593 8.05385 2
      vertex 43.9745 7.6292 2
      vertex 44.0186 7.79861 2
    endloop
  endfacet
  facet normal 0 0 1
    outer loop
      vertex 43.9179 7.0611 2
      vertex 43.5587 6.28615 2
      vertex 43.5596 6.2338 2
    endloop
  endfacet
  facet normal 0 0 1
    outer loop
      vertex 43.9179 7.0611 2
      vertex 43.556 6.33713 2
      vertex 43.5587 6.28615 2
    endloop
  endfacet
  facet normal 0 0 1
    outer loop
      vertex 43.9179 7.0611 2
      vertex 43.5515 6.38673 2
      vertex 43.556 6.33713 2
    endloop
  endfacet
  facet normal 0 0 1
    outer loop
      vertex 43.9179 7.0611 2
      vertex 43.5452 6.43497 2
      vertex 43.5515 6.38673 2
    endloop
  endfacet
  facet normal 0 0 1
    outer loop
      vertex 43.9179 7.0611 2
      vertex 43.537 6.48183 2
      vertex 43.5452 6.43497 2
    endloop
  endfacet
  facet normal 0 0 1
    outer loop
      vertex 43.4593 8.05385 2
      vertex 44.0186 7.79861 2
      vertex 44.0753 7.95804 2
    endloop
  endfacet
  facet normal 0 0 1
    outer loop
      vertex 43.9179 7.0611 2
      vertex 43.5271 6.52731 2
      vertex 43.537 6.48183 2
    endloop
  endfacet
  facet normal -0 -0 1
    outer loop
      vertex 43.2665 8.53391 2
      vertex 44.4278 8.49597 2
      vertex 43.2091 8.60841 2
    endloop
  endfacet
  facet normal 0 -0 1
    outer loop
      vertex 43.2084 7.02707 2
      vertex 43.9431 7.44981 2
      vertex 43.1716 7.05431 2
    endloop
  endfacet
  facet normal 0 0 1
    outer loop
      vertex 43.9179 7.0611 2
      vertex 43.5153 6.57143 2
      vertex 43.5271 6.52731 2
    endloop
  endfacet
  facet normal 0 0 1
    outer loop
      vertex 43.9179 7.0611 2
      vertex 43.5018 6.61418 2
      vertex 43.5153 6.57143 2
    endloop
  endfacet
  facet normal 0 0 1
    outer loop
      vertex 43.9179 7.0611 2
      vertex 43.4864 6.65555 2
      vertex 43.5018 6.61418 2
    endloop
  endfacet
  facet normal 0 0 1
    outer loop
      vertex 43.9179 7.0611 2
      vertex 43.4693 6.6956 2
      vertex 43.4864 6.65555 2
    endloop
  endfacet
  facet normal 0 0 1
    outer loop
      vertex 44.1445 8.1075 2
      vertex 43.4593 8.05385 2
      vertex 44.0753 7.95804 2
    endloop
  endfacet
  facet normal 0 -0 1
    outer loop
      vertex 43.4593 8.05385 2
      vertex 44.1445 8.1075 2
      vertex 43.4332 8.1642 2
    endloop
  endfacet
  facet normal -0 -0 1
    outer loop
      vertex 43.4332 8.1642 2
      vertex 44.1445 8.1075 2
      vertex 43.4009 8.26738 2
    endloop
  endfacet
  facet normal 0 0 1
    outer loop
      vertex 44.2264 8.24696 2
      vertex 43.4009 8.26738 2
      vertex 44.1445 8.1075 2
    endloop
  endfacet
  facet normal -0 -0 1
    outer loop
      vertex 43.4009 8.26738 2
      vertex 44.2264 8.24696 2
      vertex 43.3624 8.36339 2
    endloop
  endfacet
  facet normal 0 0 1
    outer loop
      vertex 44.3208 8.37646 2
      vertex 43.3624 8.36339 2
      vertex 44.2264 8.24696 2
    endloop
  endfacet
  facet normal -0 -0 1
    outer loop
      vertex 43.3176 8.45222 2
      vertex 44.3208 8.37646 2
      vertex 43.2665 8.53391 2
    endloop
  endfacet
  facet normal 0 -0 1
    outer loop
      vertex 43.3624 8.36339 2
      vertex 44.3208 8.37646 2
      vertex 43.3176 8.45222 2
    endloop
  endfacet
  facet normal 0 0 1
    outer loop
      vertex 44.4278 8.49597 2
      vertex 43.2665 8.53391 2
      vertex 44.3208 8.37646 2
    endloop
  endfacet
  facet normal 0 0 1
    outer loop
      vertex 44.5461 8.60414 2
      vertex 43.2091 8.60841 2
      vertex 44.4278 8.49597 2
    endloop
  endfacet
  facet normal -0 -0 1
    outer loop
      vertex 43.1455 8.67575 2
      vertex 44.5461 8.60414 2
      vertex 43.0756 8.73593 2
    endloop
  endfacet
  facet normal -0 -0 1
    outer loop
      vertex 43.0756 8.73593 2
      vertex 44.6742 8.69958 2
      vertex 42.9995 8.78893 2
    endloop
  endfacet
  facet normal 0 0 1
    outer loop
      vertex 44.9599 8.85229 2
      vertex 42.9158 8.83562 2
      vertex 44.8121 8.7823 2
    endloop
  endfacet
  facet normal 0 0 1
    outer loop
      vertex 42.7224 8.91251 2
      vertex 40 14.5 2
      vertex 42.6125 8.94272 2
    endloop
  endfacet
  facet normal 0 0 1
    outer loop
      vertex 42.6125 8.94272 2
      vertex 40 14.5 2
      vertex 42.4939 8.96744 2
    endloop
  endfacet
  facet normal 0 0 1
    outer loop
      vertex 42.4939 8.96744 2
      vertex 40 14.5 2
      vertex 42.3666 8.98666 2
    endloop
  endfacet
  facet normal 0 0 1
    outer loop
      vertex 42.3666 8.98666 2
      vertex 40 14.5 2
      vertex 42.2305 9.00038 2
    endloop
  endfacet
  facet normal 0 0 1
    outer loop
      vertex 42.2305 9.00038 2
      vertex 40 14.5 2
      vertex 42.0857 9.00862 2
    endloop
  endfacet
  facet normal 0 0 1
    outer loop
      vertex 42.0857 9.00862 2
      vertex 40 14.5 2
      vertex 41.9321 9.01137 2
    endloop
  endfacet
  facet normal 0 0 1
    outer loop
      vertex 41.9321 9.01137 2
      vertex 40 14.5 2
      vertex 41.7713 9.00798 2
    endloop
  endfacet
  facet normal 0 0 1
    outer loop
      vertex 41.7713 9.00798 2
      vertex 40 14.5 2
      vertex 41.6193 8.99777 2
    endloop
  endfacet
  facet normal 0 0 1
    outer loop
      vertex 41.6193 8.99777 2
      vertex 40 14.5 2
      vertex 41.476 8.98077 2
    endloop
  endfacet
  facet normal 0 0 1
    outer loop
      vertex 41.476 8.98077 2
      vertex 40 14.5 2
      vertex 41.3414 8.95699 2
    endloop
  endfacet
  facet normal 0 0 1
    outer loop
      vertex 41.3414 8.95699 2
      vertex 40 14.5 2
      vertex 41.2156 8.92639 2
    endloop
  endfacet
  facet normal -0 0 1
    outer loop
      vertex 39.7908 8.95441 2
      vertex 41.2156 8.92639 2
      vertex 40 14.5 2
    endloop
  endfacet
  facet normal 0 0 1
    outer loop
      vertex 41.2156 8.92639 2
      vertex 39.7908 8.95441 2
      vertex 41.0985 8.88901 2
    endloop
  endfacet
  facet normal 0 0 1
    outer loop
      vertex 41.0985 8.88901 2
      vertex 39.7908 8.95441 2
      vertex 40.9901 8.84482 2
    endloop
  endfacet
  facet normal 0 0 1
    outer loop
      vertex 40.9901 8.84482 2
      vertex 39.7908 8.95441 2
      vertex 40.8905 8.79384 2
    endloop
  endfacet
  facet normal 0 0 1
    outer loop
      vertex 40.8905 8.79384 2
      vertex 39.7908 8.95441 2
      vertex 40.7997 8.73605 2
    endloop
  endfacet
  facet normal 0 0 1
    outer loop
      vertex 40.7997 8.73605 2
      vertex 39.7908 8.95441 2
      vertex 40.718 8.67188 2
    endloop
  endfacet
  facet normal 0 0 1
    outer loop
      vertex 40.718 8.67188 2
      vertex 39.7908 8.95441 2
      vertex 40.6459 8.6017 2
    endloop
  endfacet
  facet normal 0 0 1
    outer loop
      vertex 39.7908 8.95441 2
      vertex 40.4104 7.94266 2
      vertex 40.4152 8.05478 2
    endloop
  endfacet
  facet normal 0 0 1
    outer loop
      vertex 40.4537 8.26106 2
      vertex 39.7908 8.95441 2
      vertex 40.4297 8.16092 2
    endloop
  endfacet
  facet normal 0 0 1
    outer loop
      vertex 40.4873 8.35521 2
      vertex 39.7908 8.95441 2
      vertex 40.4537 8.26106 2
    endloop
  endfacet
  facet normal 0 0 1
    outer loop
      vertex 40.5306 8.44337 2
      vertex 39.7908 8.95441 2
      vertex 40.4873 8.35521 2
    endloop
  endfacet
  facet normal 0 0 1
    outer loop
      vertex 40.5834 8.52553 2
      vertex 39.7908 8.95441 2
      vertex 40.5306 8.44337 2
    endloop
  endfacet
  facet normal 0 0 1
    outer loop
      vertex 40.6459 8.6017 2
      vertex 39.7908 8.95441 2
      vertex 40.5834 8.52553 2
    endloop
  endfacet
  facet normal 0 0 1
    outer loop
      vertex 40 14.5 2
      vertex 54.5 36 2
      vertex 40 36 2
    endloop
  endfacet
  facet normal 0 0 1
    outer loop
      vertex 88 50 2
      vertex 40 36 2
      vertex 54.5 36 2
    endloop
  endfacet
  facet normal -0 0 1
    outer loop
      vertex 4 50 2
      vertex 40 36 2
      vertex 88 50 2
    endloop
  endfacet
  facet normal -0 0 1
    outer loop
      vertex 8.79133 42.8236 2
      vertex 14.5 36 2
      vertex 8.8 43 2
    endloop
  endfacet
  facet normal -0 -0 1
    outer loop
      vertex 8.66298 43.6888 2
      vertex 40 36 2
      vertex 8.58746 43.8485 2
    endloop
  endfacet
  facet normal 0 0 1
    outer loop
      vertex 14.5 36 2
      vertex 8.79133 43.1764 2
      vertex 8.8 43 2
    endloop
  endfacet
  facet normal 0 0 1
    outer loop
      vertex 14.5 36 2
      vertex 8.76541 43.3512 2
      vertex 8.79133 43.1764 2
    endloop
  endfacet
  facet normal 0 0 1
    outer loop
      vertex 14.5 36 2
      vertex 8.72249 43.5225 2
      vertex 8.76541 43.3512 2
    endloop
  endfacet
  facet normal 0 0 1
    outer loop
      vertex 14.5 36 2
      vertex 8.66298 43.6888 2
      vertex 8.72249 43.5225 2
    endloop
  endfacet
  facet normal 0 0 1
    outer loop
      vertex 40 36 2
      vertex 8.66298 43.6888 2
      vertex 14.5 36 2
    endloop
  endfacet
  facet normal 0 0 1
    outer loop
      vertex 40 36 2
      vertex 8.49664 44 2
      vertex 8.58746 43.8485 2
    endloop
  endfacet
  facet normal 0 0 1
    outer loop
      vertex 40 36 2
      vertex 8.39142 44.1419 2
      vertex 8.49664 44 2
    endloop
  endfacet
  facet normal -0 -0 1
    outer loop
      vertex 8.27279 44.2728 2
      vertex 40 36 2
      vertex 4 50 2
    endloop
  endfacet
  facet normal 0 0 1
    outer loop
      vertex 40 36 2
      vertex 8.27279 44.2728 2
      vertex 8.39142 44.1419 2
    endloop
  endfacet
  facet normal 0 0 1
    outer loop
      vertex 8.27279 44.2728 2
      vertex 4 50 2
      vertex 8.14191 44.3914 2
    endloop
  endfacet
  facet normal 0 0 1
    outer loop
      vertex 8.14191 44.3914 2
      vertex 4 50 2
      vertex 8.00003 44.4966 2
    endloop
  endfacet
  facet normal 0 0 1
    outer loop
      vertex 8.00003 44.4966 2
      vertex 4 50 2
      vertex 7.84851 44.5875 2
    endloop
  endfacet
  facet normal 0 0 1
    outer loop
      vertex 7.84851 44.5875 2
      vertex 4 50 2
      vertex 7.68883 44.663 2
    endloop
  endfacet
  facet normal 0 0 1
    outer loop
      vertex 7.68883 44.663 2
      vertex 4 50 2
      vertex 7.52251 44.7225 2
    endloop
  endfacet
  facet normal 0 0 1
    outer loop
      vertex 7.52251 44.7225 2
      vertex 4 50 2
      vertex 7.35116 44.7654 2
    endloop
  endfacet
  facet normal 0 0 1
    outer loop
      vertex 7.35116 44.7654 2
      vertex 4 50 2
      vertex 7.17643 44.7913 2
    endloop
  endfacet
  facet normal 0 0 1
    outer loop
      vertex 7.17643 44.7913 2
      vertex 4 50 2
      vertex 7 44.8 2
    endloop
  endfacet
  facet normal -0 0 1
    outer loop
      vertex 0.907944 48.5376 2
      vertex 5.72721 44.2728 2
      vertex 1.17157 48.8284 2
    endloop
  endfacet
  facet normal -0 0 1
    outer loop
      vertex 1.17157 48.8284 2
      vertex 5.72721 44.2728 2
      vertex 1.46242 49.092 2
    endloop
  endfacet
  facet normal -0 0 1
    outer loop
      vertex 1.46242 49.092 2
      vertex 5.72721 44.2728 2
      vertex 1.77771 49.3259 2
    endloop
  endfacet
  facet normal -0 0 1
    outer loop
      vertex 1.77771 49.3259 2
      vertex 5.72721 44.2728 2
      vertex 2.11441 49.5277 2
    endloop
  endfacet
  facet normal -0 0 1
    outer loop
      vertex 2.11441 49.5277 2
      vertex 5.72721 44.2728 2
      vertex 2.46925 49.6955 2
    endloop
  endfacet
  facet normal 0 0 1
    outer loop
      vertex 5.85809 44.3914 2
      vertex 2.46925 49.6955 2
      vertex 5.72721 44.2728 2
    endloop
  endfacet
  facet normal -0 0 1
    outer loop
      vertex 2.46925 49.6955 2
      vertex 5.85809 44.3914 2
      vertex 2.83885 49.8278 2
    endloop
  endfacet
  facet normal -0 0 1
    outer loop
      vertex 2.83885 49.8278 2
      vertex 5.85809 44.3914 2
      vertex 3.21964 49.9231 2
    endloop
  endfacet
  facet normal -0 0 1
    outer loop
      vertex 3.21964 49.9231 2
      vertex 5.85809 44.3914 2
      vertex 3.60793 49.9807 2
    endloop
  endfacet
  facet normal -0 0 1
    outer loop
      vertex 3.60793 49.9807 2
      vertex 5.85809 44.3914 2
      vertex 4 50 2
    endloop
  endfacet
  facet normal 0 0 1
    outer loop
      vertex 5.99997 44.4966 2
      vertex 4 50 2
      vertex 5.85809 44.3914 2
    endloop
  endfacet
  facet normal 0 0 1
    outer loop
      vertex 6.15149 44.5875 2
      vertex 4 50 2
      vertex 5.99997 44.4966 2
    endloop
  endfacet
  facet normal 0 0 1
    outer loop
      vertex 6.31117 44.663 2
      vertex 4 50 2
      vertex 6.15149 44.5875 2
    endloop
  endfacet
  facet normal 0 0 1
    outer loop
      vertex 6.47749 44.7225 2
      vertex 4 50 2
      vertex 6.31117 44.663 2
    endloop
  endfacet
  facet normal 0 0 1
    outer loop
      vertex 6.64884 44.7654 2
      vertex 4 50 2
      vertex 6.47749 44.7225 2
    endloop
  endfacet
  facet normal 0 0 1
    outer loop
      vertex 6.82357 44.7913 2
      vertex 4 50 2
      vertex 6.64884 44.7654 2
    endloop
  endfacet
  facet normal 0 0 1
    outer loop
      vertex 7 44.8 2
      vertex 4 50 2
      vertex 6.82357 44.7913 2
    endloop
  endfacet
  facet normal 0 0 1
    outer loop
      vertex 91.092 1.46242 2
      vertex 86.2728 5.72721 2
      vertex 90.8284 1.17157 2
    endloop
  endfacet
  facet normal 0 0 1
    outer loop
      vertex 90.8284 1.17157 2
      vertex 86.2728 5.72721 2
      vertex 90.5376 0.907944 2
    endloop
  endfacet
  facet normal 0 0 1
    outer loop
      vertex 90.5376 0.907944 2
      vertex 86.2728 5.72721 2
      vertex 90.2223 0.674118 2
    endloop
  endfacet
  facet normal 0 0 1
    outer loop
      vertex 90.2223 0.674118 2
      vertex 86.2728 5.72721 2
      vertex 89.8856 0.472305 2
    endloop
  endfacet
  facet normal 0 0 1
    outer loop
      vertex 89.8856 0.472305 2
      vertex 86.2728 5.72721 2
      vertex 89.5307 0.304474 2
    endloop
  endfacet
  facet normal -0 0 1
    outer loop
      vertex 86.1419 5.60858 2
      vertex 89.5307 0.304474 2
      vertex 86.2728 5.72721 2
    endloop
  endfacet
  facet normal 0 0 1
    outer loop
      vertex 89.5307 0.304474 2
      vertex 86.1419 5.60858 2
      vertex 89.1611 0.172226 2
    endloop
  endfacet
  facet normal 0 0 1
    outer loop
      vertex 89.1611 0.172226 2
      vertex 86.1419 5.60858 2
      vertex 88.7803 0.0768585 2
    endloop
  endfacet
  facet normal 0 0 1
    outer loop
      vertex 88.7803 0.0768585 2
      vertex 86.1419 5.60858 2
      vertex 88.3921 0.0192566 2
    endloop
  endfacet
  facet normal 0 0 1
    outer loop
      vertex 88.3921 0.0192566 2
      vertex 86.1419 5.60858 2
      vertex 88 0 2
    endloop
  endfacet
  facet normal -0 0 1
    outer loop
      vertex 86 5.50335 2
      vertex 88 0 2
      vertex 86.1419 5.60858 2
    endloop
  endfacet
  facet normal -0 0 1
    outer loop
      vertex 85.8485 5.41254 2
      vertex 88 0 2
      vertex 86 5.50335 2
    endloop
  endfacet
  facet normal -0 0 1
    outer loop
      vertex 85.6888 5.33702 2
      vertex 88 0 2
      vertex 85.8485 5.41254 2
    endloop
  endfacet
  facet normal -0 0 1
    outer loop
      vertex 85.5225 5.27751 2
      vertex 88 0 2
      vertex 85.6888 5.33702 2
    endloop
  endfacet
  facet normal -0 0 1
    outer loop
      vertex 85.3512 5.23459 2
      vertex 88 0 2
      vertex 85.5225 5.27751 2
    endloop
  endfacet
  facet normal -0 0 1
    outer loop
      vertex 85.1764 5.20867 2
      vertex 88 0 2
      vertex 85.3512 5.23459 2
    endloop
  endfacet
  facet normal -0 0 1
    outer loop
      vertex 85 5.2 2
      vertex 88 0 2
      vertex 85.1764 5.20867 2
    endloop
  endfacet
  facet normal 0 0 1
    outer loop
      vertex 84.8236 5.20867 2
      vertex 88 0 2
      vertex 85 5.2 2
    endloop
  endfacet
  facet normal 0 0 1
    outer loop
      vertex 84.6488 5.23459 2
      vertex 88 0 2
      vertex 84.8236 5.20867 2
    endloop
  endfacet
  facet normal 0 0 1
    outer loop
      vertex 84.4775 5.27751 2
      vertex 88 0 2
      vertex 84.6488 5.23459 2
    endloop
  endfacet
  facet normal 0 0 1
    outer loop
      vertex 84.3112 5.33702 2
      vertex 88 0 2
      vertex 84.4775 5.27751 2
    endloop
  endfacet
  facet normal 0 0 1
    outer loop
      vertex 84.1515 5.41254 2
      vertex 88 0 2
      vertex 84.3112 5.33702 2
    endloop
  endfacet
  facet normal 0 0 1
    outer loop
      vertex 84 5.50335 2
      vertex 88 0 2
      vertex 84.1515 5.41254 2
    endloop
  endfacet
  facet normal 0 0 1
    outer loop
      vertex 83.8581 5.60858 2
      vertex 88 0 2
      vertex 84 5.50335 2
    endloop
  endfacet
  facet normal 0 0 1
    outer loop
      vertex 66.2414 5.13251 2
      vertex 83.8581 5.60858 2
      vertex 83.7272 5.72721 2
    endloop
  endfacet
  facet normal 0 0 1
    outer loop
      vertex 66.2414 5.13251 2
      vertex 83.7272 5.72721 2
      vertex 83.6086 5.85809 2
    endloop
  endfacet
  facet normal 0 0 1
    outer loop
      vertex 83.2087 7.17643 2
      vertex 78 14.5 2
      vertex 83.2 7 2
    endloop
  endfacet
  facet normal -0 0 1
    outer loop
      vertex 67.6031 8.95441 2
      vertex 83.2 7 2
      vertex 78 14.5 2
    endloop
  endfacet
  facet normal 0 0 1
    outer loop
      vertex 83.2 7 2
      vertex 67.6031 8.95441 2
      vertex 83.2087 6.82357 2
    endloop
  endfacet
  facet normal 0 0 1
    outer loop
      vertex 83.2087 6.82357 2
      vertex 67.6031 8.95441 2
      vertex 83.2346 6.64884 2
    endloop
  endfacet
  facet normal 0 0 1
    outer loop
      vertex 83.2346 6.64884 2
      vertex 67.6031 8.95441 2
      vertex 83.2775 6.47749 2
    endloop
  endfacet
  facet normal 0 0 1
    outer loop
      vertex 66.2414 5.13251 2
      vertex 83.2775 6.47749 2
      vertex 67.6031 8.95441 2
    endloop
  endfacet
  facet normal 0 0 1
    outer loop
      vertex 83.2775 6.47749 2
      vertex 66.2414 5.13251 2
      vertex 83.337 6.31117 2
    endloop
  endfacet
  facet normal 0 0 1
    outer loop
      vertex 83.337 6.31117 2
      vertex 66.2414 5.13251 2
      vertex 83.4125 6.15149 2
    endloop
  endfacet
  facet normal 0 0 1
    outer loop
      vertex 83.4125 6.15149 2
      vertex 66.2414 5.13251 2
      vertex 83.5034 5.99997 2
    endloop
  endfacet
  facet normal 0 0 1
    outer loop
      vertex 83.5034 5.99997 2
      vertex 66.2414 5.13251 2
      vertex 83.6086 5.85809 2
    endloop
  endfacet
  facet normal 0 0 1
    outer loop
      vertex 66.2414 5.13251 2
      vertex 67.6031 8.95441 2
      vertex 66.2414 6.70035 2
    endloop
  endfacet
  facet normal 0 0 1
    outer loop
      vertex 83.8581 5.60858 2
      vertex 66.2414 5.13251 2
      vertex 88 0 2
    endloop
  endfacet
  facet normal -0 0 1
    outer loop
      vertex 65.444 5.13251 2
      vertex 88 0 2
      vertex 66.2414 5.13251 2
    endloop
  endfacet
  facet normal -0 0 1
    outer loop
      vertex 64.4327 5.13251 2
      vertex 88 0 2
      vertex 65.444 5.13251 2
    endloop
  endfacet
  facet normal -0 0 1
    outer loop
      vertex 63.6407 5.13251 2
      vertex 88 0 2
      vertex 64.4327 5.13251 2
    endloop
  endfacet
  facet normal -0 0 1
    outer loop
      vertex 61.845 6.10902 2
      vertex 63.6407 5.13251 2
      vertex 63.3016 6.10902 2
    endloop
  endfacet
  facet normal 0 0 1
    outer loop
      vertex 61.5059 5.13251 2
      vertex 63.6407 5.13251 2
      vertex 61.845 6.10902 2
    endloop
  endfacet
  facet normal -0 0 1
    outer loop
      vertex 61.5059 5.13251 2
      vertex 88 0 2
      vertex 63.6407 5.13251 2
    endloop
  endfacet
  facet normal -0 0 1
    outer loop
      vertex 60.7057 5.13251 2
      vertex 88 0 2
      vertex 61.5059 5.13251 2
    endloop
  endfacet
  facet normal -0 0 1
    outer loop
      vertex 60.5473 5.13251 2
      vertex 88 0 2
      vertex 60.7057 5.13251 2
    endloop
  endfacet
  facet normal -0 0 1
    outer loop
      vertex 59.6467 5.13251 2
      vertex 88 0 2
      vertex 60.5473 5.13251 2
    endloop
  endfacet
  facet normal 0 0 1
    outer loop
      vertex 57.8212 5.13251 2
      vertex 58.7597 6.58371 2
      vertex 57.8212 6.58371 2
    endloop
  endfacet
  facet normal 0 0 1
    outer loop
      vertex 58.7597 6.58371 2
      vertex 57.8212 5.13251 2
      vertex 59.6467 5.13251 2
    endloop
  endfacet
  facet normal -0 0 1
    outer loop
      vertex 57.8212 5.13251 2
      vertex 88 0 2
      vertex 59.6467 5.13251 2
    endloop
  endfacet
  facet normal -0 0 1
    outer loop
      vertex 57.021 5.13251 2
      vertex 88 0 2
      vertex 57.8212 5.13251 2
    endloop
  endfacet
  facet normal 0 0 1
    outer loop
      vertex 57.021 8.95441 2
      vertex 56.669 8.33597 2
      vertex 57.021 5.13251 2
    endloop
  endfacet
  facet normal 0 0 1
    outer loop
      vertex 55.4321 5.13251 2
      vertex 56.669 8.33597 2
      vertex 55.4321 8.33597 2
    endloop
  endfacet
  facet normal 0 0 1
    outer loop
      vertex 56.669 8.33597 2
      vertex 55.4321 5.13251 2
      vertex 57.021 5.13251 2
    endloop
  endfacet
  facet normal -0 0 1
    outer loop
      vertex 55.4321 5.13251 2
      vertex 88 0 2
      vertex 57.021 5.13251 2
    endloop
  endfacet
  facet normal -0 0 1
    outer loop
      vertex 54.6319 5.13251 2
      vertex 88 0 2
      vertex 55.4321 5.13251 2
    endloop
  endfacet
  facet normal 0 0 1
    outer loop
      vertex 51.8079 5.13251 2
      vertex 54.6319 5.13251 2
      vertex 53.3978 8.33597 2
    endloop
  endfacet
  facet normal -0 0 1
    outer loop
      vertex 51.8079 5.13251 2
      vertex 88 0 2
      vertex 54.6319 5.13251 2
    endloop
  endfacet
  facet normal -0 0 1
    outer loop
      vertex 50.9073 5.13251 2
      vertex 88 0 2
      vertex 51.8079 5.13251 2
    endloop
  endfacet
  facet normal 0 0 1
    outer loop
      vertex 49.0818 5.13251 2
      vertex 50.0203 6.58371 2
      vertex 49.0818 6.58371 2
    endloop
  endfacet
  facet normal 0 0 1
    outer loop
      vertex 50.0203 6.58371 2
      vertex 49.0818 5.13251 2
      vertex 50.9073 5.13251 2
    endloop
  endfacet
  facet normal -0 0 1
    outer loop
      vertex 49.0818 5.13251 2
      vertex 88 0 2
      vertex 50.9073 5.13251 2
    endloop
  endfacet
  facet normal 0 0 1
    outer loop
      vertex 45.9694 5.08124 2
      vertex 49.0818 5.13251 2
      vertex 48.2816 5.13251 2
    endloop
  endfacet
  facet normal -0 0 1
    outer loop
      vertex 47.7748 6.93027 2
      vertex 48.2816 5.13251 2
      vertex 47.7777 7.0611 2
    endloop
  endfacet
  facet normal -0 0 1
    outer loop
      vertex 47.7661 6.80298 2
      vertex 48.2816 5.13251 2
      vertex 47.7748 6.93027 2
    endloop
  endfacet
  facet normal -0 0 1
    outer loop
      vertex 47.7515 6.67924 2
      vertex 48.2816 5.13251 2
      vertex 47.7661 6.80298 2
    endloop
  endfacet
  facet normal -0 0 1
    outer loop
      vertex 47.7311 6.55905 2
      vertex 48.2816 5.13251 2
      vertex 47.7515 6.67924 2
    endloop
  endfacet
  facet normal -0 0 1
    outer loop
      vertex 47.7049 6.44241 2
      vertex 48.2816 5.13251 2
      vertex 47.7311 6.55905 2
    endloop
  endfacet
  facet normal -0 0 1
    outer loop
      vertex 47.6728 6.32932 2
      vertex 48.2816 5.13251 2
      vertex 47.7049 6.44241 2
    endloop
  endfacet
  facet normal -0 0 1
    outer loop
      vertex 47.635 6.21979 2
      vertex 48.2816 5.13251 2
      vertex 47.6728 6.32932 2
    endloop
  endfacet
  facet normal -0 0 1
    outer loop
      vertex 47.5913 6.11378 2
      vertex 48.2816 5.13251 2
      vertex 47.635 6.21979 2
    endloop
  endfacet
  facet normal -0 0 1
    outer loop
      vertex 47.5417 6.01135 2
      vertex 48.2816 5.13251 2
      vertex 47.5913 6.11378 2
    endloop
  endfacet
  facet normal -0 0 1
    outer loop
      vertex 47.4868 5.91331 2
      vertex 48.2816 5.13251 2
      vertex 47.5417 6.01135 2
    endloop
  endfacet
  facet normal -0 0 1
    outer loop
      vertex 47.4268 5.82054 2
      vertex 48.2816 5.13251 2
      vertex 47.4868 5.91331 2
    endloop
  endfacet
  facet normal -0 0 1
    outer loop
      vertex 47.3618 5.73303 2
      vertex 48.2816 5.13251 2
      vertex 47.4268 5.82054 2
    endloop
  endfacet
  facet normal -0 0 1
    outer loop
      vertex 47.2918 5.65077 2
      vertex 48.2816 5.13251 2
      vertex 47.3618 5.73303 2
    endloop
  endfacet
  facet normal -0 0 1
    outer loop
      vertex 47.2168 5.57376 2
      vertex 48.2816 5.13251 2
      vertex 47.2918 5.65077 2
    endloop
  endfacet
  facet normal -0 0 1
    outer loop
      vertex 47.1367 5.50201 2
      vertex 48.2816 5.13251 2
      vertex 47.2168 5.57376 2
    endloop
  endfacet
  facet normal -0 0 1
    outer loop
      vertex 47.0516 5.43552 2
      vertex 48.2816 5.13251 2
      vertex 47.1367 5.50201 2
    endloop
  endfacet
  facet normal -0 0 1
    outer loop
      vertex 46.9615 5.37428 2
      vertex 48.2816 5.13251 2
      vertex 47.0516 5.43552 2
    endloop
  endfacet
  facet normal -0 0 1
    outer loop
      vertex 46.8663 5.31831 2
      vertex 48.2816 5.13251 2
      vertex 46.9615 5.37428 2
    endloop
  endfacet
  facet normal -0 0 1
    outer loop
      vertex 46.7669 5.26793 2
      vertex 48.2816 5.13251 2
      vertex 46.8663 5.31831 2
    endloop
  endfacet
  facet normal -0 0 1
    outer loop
      vertex 46.6638 5.22348 2
      vertex 48.2816 5.13251 2
      vertex 46.7669 5.26793 2
    endloop
  endfacet
  facet normal -0 0 1
    outer loop
      vertex 46.5571 5.18495 2
      vertex 48.2816 5.13251 2
      vertex 46.6638 5.22348 2
    endloop
  endfacet
  facet normal -0 0 1
    outer loop
      vertex 46.4468 5.15236 2
      vertex 48.2816 5.13251 2
      vertex 46.5571 5.18495 2
    endloop
  endfacet
  facet normal 0 0 1
    outer loop
      vertex 46.3329 5.12569 2
      vertex 48.2816 5.13251 2
      vertex 46.4468 5.15236 2
    endloop
  endfacet
  facet normal 0 0 1
    outer loop
      vertex 46.2153 5.10493 2
      vertex 48.2816 5.13251 2
      vertex 46.3329 5.12569 2
    endloop
  endfacet
  facet normal 0 0 1
    outer loop
      vertex 46.0942 5.09012 2
      vertex 48.2816 5.13251 2
      vertex 46.2153 5.10493 2
    endloop
  endfacet
  facet normal 0 0 1
    outer loop
      vertex 45.9694 5.08124 2
      vertex 48.2816 5.13251 2
      vertex 46.0942 5.09012 2
    endloop
  endfacet
  facet normal 0 0 1
    outer loop
      vertex 49.0818 5.13251 2
      vertex 45.9694 5.08124 2
      vertex 88 0 2
    endloop
  endfacet
  facet normal -0 0 1
    outer loop
      vertex 45.841 5.07826 2
      vertex 88 0 2
      vertex 45.9694 5.08124 2
    endloop
  endfacet
  facet normal -0 0 1
    outer loop
      vertex 42.0955 5.08194 2
      vertex 45.841 5.07826 2
      vertex 45.6457 5.08481 2
    endloop
  endfacet
  facet normal -0 0 1
    outer loop
      vertex 42.2601 5.09294 2
      vertex 45.6457 5.08481 2
      vertex 45.46 5.10446 2
    endloop
  endfacet
  facet normal 0 0 1
    outer loop
      vertex 43.5596 6.2338 2
      vertex 43.9242 6.86099 2
      vertex 43.9179 7.0611 2
    endloop
  endfacet
  facet normal 0 0 1
    outer loop
      vertex 43.5596 6.2338 2
      vertex 43.9431 6.67056 2
      vertex 43.9242 6.86099 2
    endloop
  endfacet
  facet normal 0 0 1
    outer loop
      vertex 43.5596 6.2338 2
      vertex 43.9747 6.48981 2
      vertex 43.9431 6.67056 2
    endloop
  endfacet
  facet normal 0 0 1
    outer loop
      vertex 43.5596 6.2338 2
      vertex 44.0189 6.31874 2
      vertex 43.9747 6.48981 2
    endloop
  endfacet
  facet normal 0 0 1
    outer loop
      vertex 43.5545 6.11227 2
      vertex 44.0189 6.31874 2
      vertex 43.5596 6.2338 2
    endloop
  endfacet
  facet normal 0 0 1
    outer loop
      vertex 44.0189 6.31874 2
      vertex 43.5545 6.11227 2
      vertex 44.0757 6.15733 2
    endloop
  endfacet
  facet normal 0 0 1
    outer loop
      vertex 43.5391 5.9973 2
      vertex 44.0757 6.15733 2
      vertex 43.5545 6.11227 2
    endloop
  endfacet
  facet normal 0 0 1
    outer loop
      vertex 44.0757 6.15733 2
      vertex 43.5391 5.9973 2
      vertex 44.1451 6.00563 2
    endloop
  endfacet
  facet normal 0 0 1
    outer loop
      vertex 43.5134 5.88885 2
      vertex 44.1451 6.00563 2
      vertex 43.5391 5.9973 2
    endloop
  endfacet
  facet normal 0 0 1
    outer loop
      vertex 44.1451 6.00563 2
      vertex 43.5134 5.88885 2
      vertex 44.2272 5.86359 2
    endloop
  endfacet
  facet normal 0 0 1
    outer loop
      vertex 43.4774 5.78693 2
      vertex 44.2272 5.86359 2
      vertex 43.5134 5.88885 2
    endloop
  endfacet
  facet normal 0 0 1
    outer loop
      vertex 43.4311 5.69154 2
      vertex 44.2272 5.86359 2
      vertex 43.4774 5.78693 2
    endloop
  endfacet
  facet normal 0 0 1
    outer loop
      vertex 44.2272 5.86359 2
      vertex 43.4311 5.69154 2
      vertex 44.3219 5.73123 2
    endloop
  endfacet
  facet normal 0 0 1
    outer loop
      vertex 43.3746 5.60268 2
      vertex 44.3219 5.73123 2
      vertex 43.4311 5.69154 2
    endloop
  endfacet
  facet normal 0 0 1
    outer loop
      vertex 44.3219 5.73123 2
      vertex 43.3746 5.60268 2
      vertex 44.4292 5.60855 2
    endloop
  endfacet
  facet normal 0 0 1
    outer loop
      vertex 43.3077 5.52034 2
      vertex 44.4292 5.60855 2
      vertex 43.3746 5.60268 2
    endloop
  endfacet
  facet normal 0 0 1
    outer loop
      vertex 44.4292 5.60855 2
      vertex 43.3077 5.52034 2
      vertex 44.5476 5.49725 2
    endloop
  endfacet
  facet normal 0 0 1
    outer loop
      vertex 43.2306 5.44453 2
      vertex 44.5476 5.49725 2
      vertex 43.3077 5.52034 2
    endloop
  endfacet
  facet normal 0 0 1
    outer loop
      vertex 44.5476 5.49725 2
      vertex 43.2306 5.44453 2
      vertex 44.6757 5.39905 2
    endloop
  endfacet
  facet normal 0 0 1
    outer loop
      vertex 43.1432 5.37527 2
      vertex 44.6757 5.39905 2
      vertex 43.2306 5.44453 2
    endloop
  endfacet
  facet normal 0 0 1
    outer loop
      vertex 44.6757 5.39905 2
      vertex 43.1432 5.37527 2
      vertex 44.8133 5.31395 2
    endloop
  endfacet
  facet normal 0 0 1
    outer loop
      vertex 43.0459 5.31293 2
      vertex 44.8133 5.31395 2
      vertex 43.1432 5.37527 2
    endloop
  endfacet
  facet normal 0 0 1
    outer loop
      vertex 42.939 5.25793 2
      vertex 44.8133 5.31395 2
      vertex 43.0459 5.31293 2
    endloop
  endfacet
  facet normal 0 0 1
    outer loop
      vertex 44.8133 5.31395 2
      vertex 42.939 5.25793 2
      vertex 44.9606 5.24193 2
    endloop
  endfacet
  facet normal 0 0 1
    outer loop
      vertex 42.8224 5.21027 2
      vertex 44.9606 5.24193 2
      vertex 42.939 5.25793 2
    endloop
  endfacet
  facet normal 0 0 1
    outer loop
      vertex 44.9606 5.24193 2
      vertex 42.8224 5.21027 2
      vertex 45.1174 5.18301 2
    endloop
  endfacet
  facet normal 0 0 1
    outer loop
      vertex 42.6962 5.16994 2
      vertex 45.1174 5.18301 2
      vertex 42.8224 5.21027 2
    endloop
  endfacet
  facet normal 0 0 1
    outer loop
      vertex 45.1174 5.18301 2
      vertex 42.6962 5.16994 2
      vertex 45.2839 5.13719 2
    endloop
  endfacet
  facet normal 0 0 1
    outer loop
      vertex 42.5605 5.13693 2
      vertex 45.2839 5.13719 2
      vertex 42.6962 5.16994 2
    endloop
  endfacet
  facet normal 0 0 1
    outer loop
      vertex 45.2839 5.13719 2
      vertex 42.5605 5.13693 2
      vertex 45.46 5.10446 2
    endloop
  endfacet
  facet normal -0 0 1
    outer loop
      vertex 42.4151 5.11127 2
      vertex 45.46 5.10446 2
      vertex 42.5605 5.13693 2
    endloop
  endfacet
  facet normal 0 0 1
    outer loop
      vertex 42.2601 5.09294 2
      vertex 45.46 5.10446 2
      vertex 42.4151 5.11127 2
    endloop
  endfacet
  facet normal 0 0 1
    outer loop
      vertex 45.6457 5.08481 2
      vertex 42.2601 5.09294 2
      vertex 42.0955 5.08194 2
    endloop
  endfacet
  facet normal 0 0 1
    outer loop
      vertex 45.841 5.07826 2
      vertex 42.0955 5.08194 2
      vertex 41.9213 5.07826 2
    endloop
  endfacet
  facet normal 0 0 1
    outer loop
      vertex 45.841 5.07826 2
      vertex 41.9213 5.07826 2
      vertex 4 0 2
    endloop
  endfacet
  facet normal 0 0 1
    outer loop
      vertex 4 0 2
      vertex 41.9213 5.07826 2
      vertex 41.7618 5.08148 2
    endloop
  endfacet
  facet normal 0 0 1
    outer loop
      vertex 39.7908 5.13251 2
      vertex 41.7618 5.08148 2
      vertex 41.6102 5.09113 2
    endloop
  endfacet
  facet normal 0 0 1
    outer loop
      vertex 40.4297 8.16092 2
      vertex 39.7908 8.95441 2
      vertex 40.4152 8.05478 2
    endloop
  endfacet
  facet normal 0 0 1
    outer loop
      vertex 40.4339 7.69189 2
      vertex 39.7908 8.95441 2
      vertex 40.2314 6.12799 2
    endloop
  endfacet
  facet normal 0 0 1
    outer loop
      vertex 39.7908 5.13251 2
      vertex 40.2314 6.12799 2
      vertex 39.7908 8.95441 2
    endloop
  endfacet
  facet normal 0 0 1
    outer loop
      vertex 39.7908 5.13251 2
      vertex 40.2616 6.01376 2
      vertex 40.2314 6.12799 2
    endloop
  endfacet
  facet normal 0 0 1
    outer loop
      vertex 39.7908 5.13251 2
      vertex 40.2992 5.90617 2
      vertex 40.2616 6.01376 2
    endloop
  endfacet
  facet normal 0 0 1
    outer loop
      vertex 39.7908 5.13251 2
      vertex 40.3441 5.80521 2
      vertex 40.2992 5.90617 2
    endloop
  endfacet
  facet normal 0 0 1
    outer loop
      vertex 39.7908 5.13251 2
      vertex 40.3964 5.71088 2
      vertex 40.3441 5.80521 2
    endloop
  endfacet
  facet normal 0 0 1
    outer loop
      vertex 39.7908 5.13251 2
      vertex 40.4561 5.62317 2
      vertex 40.3964 5.71088 2
    endloop
  endfacet
  facet normal 0 0 1
    outer loop
      vertex 39.7908 5.13251 2
      vertex 40.5231 5.5421 2
      vertex 40.4561 5.62317 2
    endloop
  endfacet
  facet normal 0 0 1
    outer loop
      vertex 39.7908 5.13251 2
      vertex 40.5975 5.46767 2
      vertex 40.5231 5.5421 2
    endloop
  endfacet
  facet normal 0 0 1
    outer loop
      vertex 39.7908 5.13251 2
      vertex 40.6793 5.39986 2
      vertex 40.5975 5.46767 2
    endloop
  endfacet
  facet normal 0 0 1
    outer loop
      vertex 39.7908 5.13251 2
      vertex 40.7685 5.33867 2
      vertex 40.6793 5.39986 2
    endloop
  endfacet
  facet normal 0 0 1
    outer loop
      vertex 39.7908 5.13251 2
      vertex 40.8652 5.28401 2
      vertex 40.7685 5.33867 2
    endloop
  endfacet
  facet normal 0 0 1
    outer loop
      vertex 39.7908 5.13251 2
      vertex 40.9698 5.23579 2
      vertex 40.8652 5.28401 2
    endloop
  endfacet
  facet normal 0 0 1
    outer loop
      vertex 39.7908 5.13251 2
      vertex 41.0822 5.194 2
      vertex 40.9698 5.23579 2
    endloop
  endfacet
  facet normal 0 0 1
    outer loop
      vertex 39.7908 5.13251 2
      vertex 41.2025 5.15863 2
      vertex 41.0822 5.194 2
    endloop
  endfacet
  facet normal -0 0 1
    outer loop
      vertex 39.7908 5.13251 2
      vertex 41.3306 5.1297 2
      vertex 41.2025 5.15863 2
    endloop
  endfacet
  facet normal 0 0 1
    outer loop
      vertex 39.7908 5.13251 2
      vertex 41.4665 5.10721 2
      vertex 41.3306 5.1297 2
    endloop
  endfacet
  facet normal 0 0 1
    outer loop
      vertex 39.7908 5.13251 2
      vertex 41.6102 5.09113 2
      vertex 41.4665 5.10721 2
    endloop
  endfacet
  facet normal 0 0 1
    outer loop
      vertex 41.7618 5.08148 2
      vertex 39.7908 5.13251 2
      vertex 38.8523 5.13251 2
    endloop
  endfacet
  facet normal 0 0 1
    outer loop
      vertex 41.7618 5.08148 2
      vertex 38.8523 5.13251 2
      vertex 4 0 2
    endloop
  endfacet
  facet normal 0 0 1
    outer loop
      vertex 37.2356 5.13251 2
      vertex 38.8523 5.13251 2
      vertex 37.2356 7.38657 2
    endloop
  endfacet
  facet normal 0 0 1
    outer loop
      vertex 4 0 2
      vertex 38.8523 5.13251 2
      vertex 37.2356 5.13251 2
    endloop
  endfacet
  facet normal 0 0 1
    outer loop
      vertex 4 0 2
      vertex 37.2356 5.13251 2
      vertex 36.5249 5.13251 2
    endloop
  endfacet
  facet normal 0 0 1
    outer loop
      vertex 36.0229 5.13251 2
      vertex 36.5249 5.13251 2
      vertex 36.0229 5.75095 2
    endloop
  endfacet
  facet normal 0 0 1
    outer loop
      vertex 4 0 2
      vertex 36.5249 5.13251 2
      vertex 36.0229 5.13251 2
    endloop
  endfacet
  facet normal 0 0 1
    outer loop
      vertex 4 0 2
      vertex 36.0229 5.13251 2
      vertex 32.9063 5.13251 2
    endloop
  endfacet
  facet normal -0 0 1
    outer loop
      vertex 32.3991 6.11227 2
      vertex 32.9063 5.13251 2
      vertex 32.4043 6.2338 2
    endloop
  endfacet
  facet normal -0 0 1
    outer loop
      vertex 32.3837 5.9973 2
      vertex 32.9063 5.13251 2
      vertex 32.3991 6.11227 2
    endloop
  endfacet
  facet normal -0 0 1
    outer loop
      vertex 32.358 5.88885 2
      vertex 32.9063 5.13251 2
      vertex 32.3837 5.9973 2
    endloop
  endfacet
  facet normal -0 0 1
    outer loop
      vertex 32.322 5.78693 2
      vertex 32.9063 5.13251 2
      vertex 32.358 5.88885 2
    endloop
  endfacet
  facet normal -0 0 1
    outer loop
      vertex 32.2758 5.69154 2
      vertex 32.9063 5.13251 2
      vertex 32.322 5.78693 2
    endloop
  endfacet
  facet normal -0 0 1
    outer loop
      vertex 32.2192 5.60268 2
      vertex 32.9063 5.13251 2
      vertex 32.2758 5.69154 2
    endloop
  endfacet
  facet normal -0 0 1
    outer loop
      vertex 32.1524 5.52034 2
      vertex 32.9063 5.13251 2
      vertex 32.2192 5.60268 2
    endloop
  endfacet
  facet normal -0 0 1
    outer loop
      vertex 32.0753 5.44453 2
      vertex 32.9063 5.13251 2
      vertex 32.1524 5.52034 2
    endloop
  endfacet
  facet normal -0 0 1
    outer loop
      vertex 31.9879 5.37527 2
      vertex 32.9063 5.13251 2
      vertex 32.0753 5.44453 2
    endloop
  endfacet
  facet normal -0 0 1
    outer loop
      vertex 31.8905 5.31293 2
      vertex 32.9063 5.13251 2
      vertex 31.9879 5.37527 2
    endloop
  endfacet
  facet normal -0 0 1
    outer loop
      vertex 31.7836 5.25793 2
      vertex 32.9063 5.13251 2
      vertex 31.8905 5.31293 2
    endloop
  endfacet
  facet normal -0 0 1
    outer loop
      vertex 31.6671 5.21027 2
      vertex 32.9063 5.13251 2
      vertex 31.7836 5.25793 2
    endloop
  endfacet
  facet normal -0 0 1
    outer loop
      vertex 31.5409 5.16994 2
      vertex 32.9063 5.13251 2
      vertex 31.6671 5.21027 2
    endloop
  endfacet
  facet normal -0 0 1
    outer loop
      vertex 31.4051 5.13693 2
      vertex 32.9063 5.13251 2
      vertex 31.5409 5.16994 2
    endloop
  endfacet
  facet normal 0 0 1
    outer loop
      vertex 31.2597 5.11127 2
      vertex 32.9063 5.13251 2
      vertex 31.4051 5.13693 2
    endloop
  endfacet
  facet normal 0 0 1
    outer loop
      vertex 31.1048 5.09294 2
      vertex 32.9063 5.13251 2
      vertex 31.2597 5.11127 2
    endloop
  endfacet
  facet normal 0 0 1
    outer loop
      vertex 30.9401 5.08194 2
      vertex 32.9063 5.13251 2
      vertex 31.1048 5.09294 2
    endloop
  endfacet
  facet normal 0 0 1
    outer loop
      vertex 32.9063 5.13251 2
      vertex 30.9401 5.08194 2
      vertex 4 0 2
    endloop
  endfacet
  facet normal 0 0 1
    outer loop
      vertex 4 0 2
      vertex 30.9401 5.08194 2
      vertex 30.7659 5.07826 2
    endloop
  endfacet
  facet normal 0 0 1
    outer loop
      vertex 4 0 2
      vertex 30.7659 5.07826 2
      vertex 30.6065 5.08148 2
    endloop
  endfacet
  facet normal 0 0 1
    outer loop
      vertex 25.5658 5.13251 2
      vertex 30.6065 5.08148 2
      vertex 30.4549 5.09113 2
    endloop
  endfacet
  facet normal 0 0 1
    outer loop
      vertex 25.5658 5.13251 2
      vertex 29.076 6.12799 2
      vertex 25.5658 8.95441 2
    endloop
  endfacet
  facet normal 0 0 1
    outer loop
      vertex 29.076 6.12799 2
      vertex 25.5658 5.13251 2
      vertex 29.1062 6.01376 2
    endloop
  endfacet
  facet normal 0 0 1
    outer loop
      vertex 29.1062 6.01376 2
      vertex 25.5658 5.13251 2
      vertex 29.1438 5.90617 2
    endloop
  endfacet
  facet normal 0 0 1
    outer loop
      vertex 29.1438 5.90617 2
      vertex 25.5658 5.13251 2
      vertex 29.1888 5.80521 2
    endloop
  endfacet
  facet normal 0 0 1
    outer loop
      vertex 29.1888 5.80521 2
      vertex 25.5658 5.13251 2
      vertex 29.2411 5.71088 2
    endloop
  endfacet
  facet normal 0 0 1
    outer loop
      vertex 29.2411 5.71088 2
      vertex 25.5658 5.13251 2
      vertex 29.3008 5.62317 2
    endloop
  endfacet
  facet normal 0 0 1
    outer loop
      vertex 29.3008 5.62317 2
      vertex 25.5658 5.13251 2
      vertex 29.3678 5.5421 2
    endloop
  endfacet
  facet normal 0 0 1
    outer loop
      vertex 29.3678 5.5421 2
      vertex 25.5658 5.13251 2
      vertex 29.4422 5.46767 2
    endloop
  endfacet
  facet normal 0 0 1
    outer loop
      vertex 25.5658 5.13251 2
      vertex 29.524 5.39986 2
      vertex 29.4422 5.46767 2
    endloop
  endfacet
  facet normal 0 0 1
    outer loop
      vertex 25.5658 5.13251 2
      vertex 29.6131 5.33867 2
      vertex 29.524 5.39986 2
    endloop
  endfacet
  facet normal 0 0 1
    outer loop
      vertex 25.5658 5.13251 2
      vertex 29.7099 5.28401 2
      vertex 29.6131 5.33867 2
    endloop
  endfacet
  facet normal 0 0 1
    outer loop
      vertex 25.5658 5.13251 2
      vertex 29.8145 5.23579 2
      vertex 29.7099 5.28401 2
    endloop
  endfacet
  facet normal 0 0 1
    outer loop
      vertex 25.5658 5.13251 2
      vertex 29.9269 5.194 2
      vertex 29.8145 5.23579 2
    endloop
  endfacet
  facet normal 0 0 1
    outer loop
      vertex 25.5658 5.13251 2
      vertex 30.0471 5.15863 2
      vertex 29.9269 5.194 2
    endloop
  endfacet
  facet normal -0 0 1
    outer loop
      vertex 25.5658 5.13251 2
      vertex 30.1752 5.1297 2
      vertex 30.0471 5.15863 2
    endloop
  endfacet
  facet normal 0 0 1
    outer loop
      vertex 25.5658 5.13251 2
      vertex 30.3111 5.10721 2
      vertex 30.1752 5.1297 2
    endloop
  endfacet
  facet normal 0 0 1
    outer loop
      vertex 25.5658 5.13251 2
      vertex 30.4549 5.09113 2
      vertex 30.3111 5.10721 2
    endloop
  endfacet
  facet normal 0 0 1
    outer loop
      vertex 30.6065 5.08148 2
      vertex 25.5658 5.13251 2
      vertex 4 0 2
    endloop
  endfacet
  facet normal 0 0 1
    outer loop
      vertex 4 0 2
      vertex 25.5658 5.13251 2
      vertex 24.7656 5.13251 2
    endloop
  endfacet
  facet normal -0 0 1
    outer loop
      vertex 8.76541 42.6488 2
      vertex 14.5 36 2
      vertex 8.79133 42.8236 2
    endloop
  endfacet
  facet normal -0 0 1
    outer loop
      vertex 8.8 7 2
      vertex 24.7656 5.13251 2
      vertex 14.5 14.5 2
    endloop
  endfacet
  facet normal -0 0 1
    outer loop
      vertex 8.79133 6.82357 2
      vertex 24.7656 5.13251 2
      vertex 8.8 7 2
    endloop
  endfacet
  facet normal -0 0 1
    outer loop
      vertex 8.76541 6.64884 2
      vertex 24.7656 5.13251 2
      vertex 8.79133 6.82357 2
    endloop
  endfacet
  facet normal -0 0 1
    outer loop
      vertex 8.72249 6.47749 2
      vertex 24.7656 5.13251 2
      vertex 8.76541 6.64884 2
    endloop
  endfacet
  facet normal -0 0 1
    outer loop
      vertex 8.66298 6.31117 2
      vertex 24.7656 5.13251 2
      vertex 8.72249 6.47749 2
    endloop
  endfacet
  facet normal -0 0 1
    outer loop
      vertex 8.58746 6.15149 2
      vertex 24.7656 5.13251 2
      vertex 8.66298 6.31117 2
    endloop
  endfacet
  facet normal -0 0 1
    outer loop
      vertex 8.49664 5.99997 2
      vertex 24.7656 5.13251 2
      vertex 8.58746 6.15149 2
    endloop
  endfacet
  facet normal -0 0 1
    outer loop
      vertex 8.39142 5.85809 2
      vertex 24.7656 5.13251 2
      vertex 8.49664 5.99997 2
    endloop
  endfacet
  facet normal -0 0 1
    outer loop
      vertex 8.27279 5.72721 2
      vertex 24.7656 5.13251 2
      vertex 8.39142 5.85809 2
    endloop
  endfacet
  facet normal -0 0 1
    outer loop
      vertex 8.14191 5.60858 2
      vertex 24.7656 5.13251 2
      vertex 8.27279 5.72721 2
    endloop
  endfacet
  facet normal 0 0 1
    outer loop
      vertex 24.7656 5.13251 2
      vertex 8.14191 5.60858 2
      vertex 4 0 2
    endloop
  endfacet
  facet normal 0 0 1
    outer loop
      vertex 4 0 2
      vertex 8.14191 5.60858 2
      vertex 8.00003 5.50335 2
    endloop
  endfacet
  facet normal 0 0 1
    outer loop
      vertex 4 0 2
      vertex 8.00003 5.50335 2
      vertex 7.84851 5.41254 2
    endloop
  endfacet
  facet normal 0 0 1
    outer loop
      vertex 4 0 2
      vertex 7.84851 5.41254 2
      vertex 7.68883 5.33702 2
    endloop
  endfacet
  facet normal 0 0 1
    outer loop
      vertex 4 0 2
      vertex 7.68883 5.33702 2
      vertex 7.52251 5.27751 2
    endloop
  endfacet
  facet normal 0 0 1
    outer loop
      vertex 4 0 2
      vertex 7.52251 5.27751 2
      vertex 7.35116 5.23459 2
    endloop
  endfacet
  facet normal 0 0 1
    outer loop
      vertex 4 0 2
      vertex 7.35116 5.23459 2
      vertex 7.17643 5.20867 2
    endloop
  endfacet
  facet normal 0 0 1
    outer loop
      vertex 4 0 2
      vertex 7.17643 5.20867 2
      vertex 7 5.2 2
    endloop
  endfacet
  facet normal 0 0 1
    outer loop
      vertex 4 0 2
      vertex 7 5.2 2
      vertex 6.82357 5.20867 2
    endloop
  endfacet
  facet normal 0 0 1
    outer loop
      vertex 45.841 5.07826 2
      vertex 4 0 2
      vertex 88 0 2
    endloop
  endfacet
  facet normal 0 0 1
    outer loop
      vertex 6.64884 5.23459 2
      vertex 4 0 2
      vertex 6.82357 5.20867 2
    endloop
  endfacet
  facet normal 0 0 1
    outer loop
      vertex 6.47749 5.27751 2
      vertex 4 0 2
      vertex 6.64884 5.23459 2
    endloop
  endfacet
  facet normal 0 0 1
    outer loop
      vertex 6.31117 5.33702 2
      vertex 4 0 2
      vertex 6.47749 5.27751 2
    endloop
  endfacet
  facet normal 0 0 1
    outer loop
      vertex 6.15149 5.41254 2
      vertex 4 0 2
      vertex 6.31117 5.33702 2
    endloop
  endfacet
  facet normal 0 0 1
    outer loop
      vertex 5.99997 5.50335 2
      vertex 4 0 2
      vertex 6.15149 5.41254 2
    endloop
  endfacet
  facet normal 0 0 1
    outer loop
      vertex 5.85809 5.60858 2
      vertex 4 0 2
      vertex 5.99997 5.50335 2
    endloop
  endfacet
  facet normal 0 0 1
    outer loop
      vertex 2.46925 0.304474 2
      vertex 5.85809 5.60858 2
      vertex 5.72721 5.72721 2
    endloop
  endfacet
  facet normal 0 0 1
    outer loop
      vertex 0.472305 2.11441 2
      vertex 5.72721 5.72721 2
      vertex 5.60858 5.85809 2
    endloop
  endfacet
  facet normal 0 0 1
    outer loop
      vertex 0 4 2
      vertex 5.60858 5.85809 2
      vertex 5.50335 5.99997 2
    endloop
  endfacet
  facet normal 0 0 1
    outer loop
      vertex 0 4 2
      vertex 5.50335 5.99997 2
      vertex 5.41254 6.15149 2
    endloop
  endfacet
  facet normal 0 0 1
    outer loop
      vertex 0 4 2
      vertex 5.41254 6.15149 2
      vertex 5.33702 6.31117 2
    endloop
  endfacet
  facet normal 0 0 1
    outer loop
      vertex 0 4 2
      vertex 5.33702 6.31117 2
      vertex 5.27751 6.47749 2
    endloop
  endfacet
  facet normal 0 0 1
    outer loop
      vertex 0 4 2
      vertex 5.27751 6.47749 2
      vertex 5.23459 6.64884 2
    endloop
  endfacet
  facet normal 0 0 1
    outer loop
      vertex 0 4 2
      vertex 5.23459 6.64884 2
      vertex 5.20867 6.82357 2
    endloop
  endfacet
  facet normal 0 0 1
    outer loop
      vertex 0 4 2
      vertex 5.20867 6.82357 2
      vertex 5.2 7 2
    endloop
  endfacet
  facet normal 0 0 1
    outer loop
      vertex 5.23459 7.35116 2
      vertex 0 4 2
      vertex 5.20867 7.17643 2
    endloop
  endfacet
  facet normal -0 0 1
    outer loop
      vertex 0.674118 48.2223 2
      vertex 5.72721 44.2728 2
      vertex 0.907944 48.5376 2
    endloop
  endfacet
  facet normal 0 0 1
    outer loop
      vertex 5.20867 7.17643 2
      vertex 0 4 2
      vertex 5.2 7 2
    endloop
  endfacet
  facet normal -0 0 1
    outer loop
      vertex 0.472305 47.8856 2
      vertex 5.72721 44.2728 2
      vertex 0.674118 48.2223 2
    endloop
  endfacet
  facet normal 0 0 1
    outer loop
      vertex 5.60858 5.85809 2
      vertex 0 4 2
      vertex 0.0192566 3.60793 2
    endloop
  endfacet
  facet normal 0 0 1
    outer loop
      vertex 5.72721 44.2728 2
      vertex 0.472305 47.8856 2
      vertex 5.60858 44.1419 2
    endloop
  endfacet
  facet normal 0 0 1
    outer loop
      vertex 5.85809 5.60858 2
      vertex 3.60793 0.0192566 2
      vertex 4 0 2
    endloop
  endfacet
  facet normal -0 0 1
    outer loop
      vertex 0.304474 47.5307 2
      vertex 5.60858 44.1419 2
      vertex 0.472305 47.8856 2
    endloop
  endfacet
  facet normal 0 0 1
    outer loop
      vertex 5.85809 5.60858 2
      vertex 3.21964 0.0768585 2
      vertex 3.60793 0.0192566 2
    endloop
  endfacet
  facet normal -0 0 1
    outer loop
      vertex 0.172226 47.1611 2
      vertex 5.60858 44.1419 2
      vertex 0.304474 47.5307 2
    endloop
  endfacet
  facet normal 0 0 1
    outer loop
      vertex 5.85809 5.60858 2
      vertex 2.83885 0.172226 2
      vertex 3.21964 0.0768585 2
    endloop
  endfacet
  facet normal -0 0 1
    outer loop
      vertex 0.0768585 46.7803 2
      vertex 5.60858 44.1419 2
      vertex 0.172226 47.1611 2
    endloop
  endfacet
  facet normal 0 0 1
    outer loop
      vertex 5.85809 5.60858 2
      vertex 2.46925 0.304474 2
      vertex 2.83885 0.172226 2
    endloop
  endfacet
  facet normal -0 0 1
    outer loop
      vertex 0.0192566 46.3921 2
      vertex 5.60858 44.1419 2
      vertex 0.0768585 46.7803 2
    endloop
  endfacet
  facet normal 0 0 1
    outer loop
      vertex 5.72721 5.72721 2
      vertex 2.11441 0.472305 2
      vertex 2.46925 0.304474 2
    endloop
  endfacet
  facet normal -0 0 1
    outer loop
      vertex 0 46 2
      vertex 5.60858 44.1419 2
      vertex 0.0192566 46.3921 2
    endloop
  endfacet
  facet normal 0 0 1
    outer loop
      vertex 5.72721 5.72721 2
      vertex 1.77771 0.674118 2
      vertex 2.11441 0.472305 2
    endloop
  endfacet
  facet normal 0 0 1
    outer loop
      vertex 5.60858 44.1419 2
      vertex 0 46 2
      vertex 5.50335 44 2
    endloop
  endfacet
  facet normal 0 0 1
    outer loop
      vertex 5.72721 5.72721 2
      vertex 1.46242 0.907944 2
      vertex 1.77771 0.674118 2
    endloop
  endfacet
  facet normal 0 0 1
    outer loop
      vertex 5.50335 44 2
      vertex 0 46 2
      vertex 5.41254 43.8485 2
    endloop
  endfacet
  facet normal 0 0 1
    outer loop
      vertex 5.72721 5.72721 2
      vertex 1.17157 1.17157 2
      vertex 1.46242 0.907944 2
    endloop
  endfacet
  facet normal 0 0 1
    outer loop
      vertex 5.41254 43.8485 2
      vertex 0 46 2
      vertex 5.33702 43.6888 2
    endloop
  endfacet
  facet normal 0 0 1
    outer loop
      vertex 5.72721 5.72721 2
      vertex 0.907944 1.46242 2
      vertex 1.17157 1.17157 2
    endloop
  endfacet
  facet normal 0 0 1
    outer loop
      vertex 5.33702 43.6888 2
      vertex 0 46 2
      vertex 5.27751 43.5225 2
    endloop
  endfacet
  facet normal 0 0 1
    outer loop
      vertex 5.72721 5.72721 2
      vertex 0.674118 1.77771 2
      vertex 0.907944 1.46242 2
    endloop
  endfacet
  facet normal 0 0 1
    outer loop
      vertex 5.27751 43.5225 2
      vertex 0 46 2
      vertex 5.23459 43.3512 2
    endloop
  endfacet
  facet normal 0 0 1
    outer loop
      vertex 5.72721 5.72721 2
      vertex 0.472305 2.11441 2
      vertex 0.674118 1.77771 2
    endloop
  endfacet
  facet normal 0 0 1
    outer loop
      vertex 5.23459 43.3512 2
      vertex 0 46 2
      vertex 5.20867 43.1764 2
    endloop
  endfacet
  facet normal 0 0 1
    outer loop
      vertex 5.60858 5.85809 2
      vertex 0.304474 2.46925 2
      vertex 0.472305 2.11441 2
    endloop
  endfacet
  facet normal 0 0 1
    outer loop
      vertex 5.20867 43.1764 2
      vertex 0 46 2
      vertex 5.2 43 2
    endloop
  endfacet
  facet normal 0 0 1
    outer loop
      vertex 5.60858 5.85809 2
      vertex 0.172226 2.83885 2
      vertex 0.304474 2.46925 2
    endloop
  endfacet
  facet normal 0 0 1
    outer loop
      vertex 5.60858 5.85809 2
      vertex 0.0768585 3.21964 2
      vertex 0.172226 2.83885 2
    endloop
  endfacet
  facet normal 0 0 1
    outer loop
      vertex 5.60858 5.85809 2
      vertex 0.0192566 3.60793 2
      vertex 0.0768585 3.21964 2
    endloop
  endfacet
  facet normal 0 0 1
    outer loop
      vertex 60.3461 7.64217 2
      vertex 62.1 8.95441 2
      vertex 60.3546 7.72731 2
    endloop
  endfacet
  facet normal 0 0 1
    outer loop
      vertex 60.3321 7.55972 2
      vertex 62.1 8.95441 2
      vertex 60.3461 7.64217 2
    endloop
  endfacet
  facet normal 0 0 1
    outer loop
      vertex 60.3124 7.48001 2
      vertex 62.1 8.95441 2
      vertex 60.3321 7.55972 2
    endloop
  endfacet
  facet normal 0 0 1
    outer loop
      vertex 60.287 7.403 2
      vertex 62.1 8.95441 2
      vertex 60.3124 7.48001 2
    endloop
  endfacet
  facet normal -0 0 1
    outer loop
      vertex 60.2561 7.3287 2
      vertex 60.7057 5.13251 2
      vertex 60.287 7.403 2
    endloop
  endfacet
  facet normal -0 0 1
    outer loop
      vertex 60.2195 7.25713 2
      vertex 60.7057 5.13251 2
      vertex 60.2561 7.3287 2
    endloop
  endfacet
  facet normal -0 0 1
    outer loop
      vertex 60.1773 7.18825 2
      vertex 60.7057 5.13251 2
      vertex 60.2195 7.25713 2
    endloop
  endfacet
  facet normal -0 0 1
    outer loop
      vertex 60.1295 7.12209 2
      vertex 60.7057 5.13251 2
      vertex 60.1773 7.18825 2
    endloop
  endfacet
  facet normal -0 0 1
    outer loop
      vertex 60.0769 7.05977 2
      vertex 60.7057 5.13251 2
      vertex 60.1295 7.12209 2
    endloop
  endfacet
  facet normal -0 0 1
    outer loop
      vertex 60.0203 7.00235 2
      vertex 60.7057 5.13251 2
      vertex 60.0769 7.05977 2
    endloop
  endfacet
  facet normal -0 0 1
    outer loop
      vertex 59.9598 6.94987 2
      vertex 60.7057 5.13251 2
      vertex 60.0203 7.00235 2
    endloop
  endfacet
  facet normal 0 0 1
    outer loop
      vertex 60.7057 5.13251 2
      vertex 59.9598 6.94987 2
      vertex 60.5473 5.13251 2
    endloop
  endfacet
  facet normal -0 0 1
    outer loop
      vertex 59.8954 6.90231 2
      vertex 60.5473 5.13251 2
      vertex 59.9598 6.94987 2
    endloop
  endfacet
  facet normal -0 0 1
    outer loop
      vertex 59.827 6.85966 2
      vertex 60.5473 5.13251 2
      vertex 59.8954 6.90231 2
    endloop
  endfacet
  facet normal -0 0 1
    outer loop
      vertex 59.7546 6.82195 2
      vertex 60.5473 5.13251 2
      vertex 59.827 6.85966 2
    endloop
  endfacet
  facet normal -0 0 1
    outer loop
      vertex 59.6783 6.78914 2
      vertex 60.5473 5.13251 2
      vertex 59.7546 6.82195 2
    endloop
  endfacet
  facet normal -0 0 1
    outer loop
      vertex 59.598 6.76126 2
      vertex 60.5473 5.13251 2
      vertex 59.6783 6.78914 2
    endloop
  endfacet
  facet normal 0 0 1
    outer loop
      vertex 60.5473 5.13251 2
      vertex 59.598 6.76126 2
      vertex 59.5138 6.73831 2
    endloop
  endfacet
  facet normal 0 0 1
    outer loop
      vertex 59.1251 8.30606 2
      vertex 59.5496 7.72324 2
      vertex 59.5517 7.78261 2
    endloop
  endfacet
  facet normal 0 0 1
    outer loop
      vertex 59.2383 8.27206 2
      vertex 59.5517 7.78261 2
      vertex 59.543 7.89818 2
    endloop
  endfacet
  facet normal 0 -0 1
    outer loop
      vertex 59.135 7.23485 2
      vertex 59.5496 7.72324 2
      vertex 59.1251 8.30606 2
    endloop
  endfacet
  facet normal 0 0 1
    outer loop
      vertex 59.5496 7.72324 2
      vertex 59.1917 7.25172 2
      vertex 59.5432 7.66689 2
    endloop
  endfacet
  facet normal 0 0 1
    outer loop
      vertex 59.2383 8.27206 2
      vertex 59.543 7.89818 2
      vertex 59.5169 8.00015 2
    endloop
  endfacet
  facet normal 0 0 1
    outer loop
      vertex 59.5517 7.78261 2
      vertex 59.2383 8.27206 2
      vertex 59.1251 8.30606 2
    endloop
  endfacet
  facet normal 0 0 1
    outer loop
      vertex 59.5432 7.66689 2
      vertex 59.1917 7.25172 2
      vertex 59.5325 7.61353 2
    endloop
  endfacet
  facet normal 0 0 1
    outer loop
      vertex 59.3341 8.22449 2
      vertex 59.5169 8.00015 2
      vertex 59.4734 8.08852 2
    endloop
  endfacet
  facet normal 0 -0 1
    outer loop
      vertex 59.2443 7.27235 2
      vertex 59.5325 7.61353 2
      vertex 59.1917 7.25172 2
    endloop
  endfacet
  facet normal 0 0 1
    outer loop
      vertex 59.5325 7.61353 2
      vertex 59.2443 7.27235 2
      vertex 59.5175 7.5632 2
    endloop
  endfacet
  facet normal 0 0 1
    outer loop
      vertex 59.3341 8.22449 2
      vertex 59.4734 8.08852 2
      vertex 59.4124 8.1633 2
    endloop
  endfacet
  facet normal 0 0 1
    outer loop
      vertex 59.5169 8.00015 2
      vertex 59.3341 8.22449 2
      vertex 59.2383 8.27206 2
    endloop
  endfacet
  facet normal 0 0 1
    outer loop
      vertex 59.5175 7.5632 2
      vertex 59.293 7.29674 2
      vertex 59.4982 7.51588 2
    endloop
  endfacet
  facet normal 0 0 1
    outer loop
      vertex 59.4467 7.43028 2
      vertex 59.3781 7.35674 2
      vertex 59.4146 7.392 2
    endloop
  endfacet
  facet normal 0 0 1
    outer loop
      vertex 59.4467 7.43028 2
      vertex 59.3376 7.32486 2
      vertex 59.3781 7.35674 2
    endloop
  endfacet
  facet normal 0 0 1
    outer loop
      vertex 59.4467 7.43028 2
      vertex 59.293 7.29674 2
      vertex 59.3376 7.32486 2
    endloop
  endfacet
  facet normal 0 0 1
    outer loop
      vertex 59.4746 7.47157 2
      vertex 59.293 7.29674 2
      vertex 59.4467 7.43028 2
    endloop
  endfacet
  facet normal 0 0 1
    outer loop
      vertex 59.4982 7.51588 2
      vertex 59.293 7.29674 2
      vertex 59.4746 7.47157 2
    endloop
  endfacet
  facet normal 0 -0 1
    outer loop
      vertex 59.293 7.29674 2
      vertex 59.5175 7.5632 2
      vertex 59.2443 7.27235 2
    endloop
  endfacet
  facet normal 0 0 1
    outer loop
      vertex 59.5496 7.72324 2
      vertex 59.135 7.23485 2
      vertex 59.1917 7.25172 2
    endloop
  endfacet
  facet normal 0 0 1
    outer loop
      vertex 59.1251 8.30606 2
      vertex 59.0744 7.22173 2
      vertex 59.135 7.23485 2
    endloop
  endfacet
  facet normal 0 0 1
    outer loop
      vertex 58.9945 8.32646 2
      vertex 59.0744 7.22173 2
      vertex 59.1251 8.30606 2
    endloop
  endfacet
  facet normal 0 0 1
    outer loop
      vertex 59.0744 7.22173 2
      vertex 58.9945 8.32646 2
      vertex 59.0097 7.21236 2
    endloop
  endfacet
  facet normal 0 0 1
    outer loop
      vertex 58.9945 8.32646 2
      vertex 58.9409 7.20673 2
      vertex 59.0097 7.21236 2
    endloop
  endfacet
  facet normal 0 0 1
    outer loop
      vertex 58.9945 8.32646 2
      vertex 58.8682 7.20485 2
      vertex 58.9409 7.20673 2
    endloop
  endfacet
  facet normal 0 0 1
    outer loop
      vertex 58.8465 8.33325 2
      vertex 58.8682 7.20485 2
      vertex 58.9945 8.32646 2
    endloop
  endfacet
  facet normal 0 0 1
    outer loop
      vertex 57.8212 7.20485 2
      vertex 58.8465 8.33325 2
      vertex 57.8212 8.33325 2
    endloop
  endfacet
  facet normal 0 0 1
    outer loop
      vertex 58.8465 8.33325 2
      vertex 57.8212 7.20485 2
      vertex 58.8682 7.20485 2
    endloop
  endfacet
  facet normal 0 0 1
    outer loop
      vertex 50.3857 8.30606 2
      vertex 50.8102 7.72324 2
      vertex 50.8124 7.78261 2
    endloop
  endfacet
  facet normal 0 0 1
    outer loop
      vertex 50.4989 8.27206 2
      vertex 50.8124 7.78261 2
      vertex 50.8037 7.89818 2
    endloop
  endfacet
  facet normal 0 -0 1
    outer loop
      vertex 50.3957 7.23485 2
      vertex 50.8102 7.72324 2
      vertex 50.3857 8.30606 2
    endloop
  endfacet
  facet normal 0 0 1
    outer loop
      vertex 50.8102 7.72324 2
      vertex 50.4523 7.25172 2
      vertex 50.8038 7.66689 2
    endloop
  endfacet
  facet normal 0 0 1
    outer loop
      vertex 50.4989 8.27206 2
      vertex 50.8037 7.89818 2
      vertex 50.7775 8.00015 2
    endloop
  endfacet
  facet normal 0 0 1
    outer loop
      vertex 50.8124 7.78261 2
      vertex 50.4989 8.27206 2
      vertex 50.3857 8.30606 2
    endloop
  endfacet
  facet normal 0 0 1
    outer loop
      vertex 50.8038 7.66689 2
      vertex 50.4523 7.25172 2
      vertex 50.7931 7.61353 2
    endloop
  endfacet
  facet normal 0 0 1
    outer loop
      vertex 50.5947 8.22449 2
      vertex 50.7775 8.00015 2
      vertex 50.734 8.08852 2
    endloop
  endfacet
  facet normal 0 -0 1
    outer loop
      vertex 50.505 7.27235 2
      vertex 50.7931 7.61353 2
      vertex 50.4523 7.25172 2
    endloop
  endfacet
  facet normal 0 0 1
    outer loop
      vertex 50.7931 7.61353 2
      vertex 50.505 7.27235 2
      vertex 50.7781 7.5632 2
    endloop
  endfacet
  facet normal 0 0 1
    outer loop
      vertex 50.5947 8.22449 2
      vertex 50.734 8.08852 2
      vertex 50.6731 8.1633 2
    endloop
  endfacet
  facet normal 0 0 1
    outer loop
      vertex 50.7775 8.00015 2
      vertex 50.5947 8.22449 2
      vertex 50.4989 8.27206 2
    endloop
  endfacet
  facet normal 0 0 1
    outer loop
      vertex 50.7781 7.5632 2
      vertex 50.5536 7.29674 2
      vertex 50.7588 7.51588 2
    endloop
  endfacet
  facet normal 0 0 1
    outer loop
      vertex 50.7074 7.43028 2
      vertex 50.5536 7.29674 2
      vertex 50.6752 7.392 2
    endloop
  endfacet
  facet normal 0 0 1
    outer loop
      vertex 50.6752 7.392 2
      vertex 50.5982 7.32486 2
      vertex 50.6388 7.35674 2
    endloop
  endfacet
  facet normal 0 0 1
    outer loop
      vertex 50.6752 7.392 2
      vertex 50.5536 7.29674 2
      vertex 50.5982 7.32486 2
    endloop
  endfacet
  facet normal 0 0 1
    outer loop
      vertex 50.7352 7.47157 2
      vertex 50.5536 7.29674 2
      vertex 50.7074 7.43028 2
    endloop
  endfacet
  facet normal 0 0 1
    outer loop
      vertex 50.7588 7.51588 2
      vertex 50.5536 7.29674 2
      vertex 50.7352 7.47157 2
    endloop
  endfacet
  facet normal 0 -0 1
    outer loop
      vertex 50.5536 7.29674 2
      vertex 50.7781 7.5632 2
      vertex 50.505 7.27235 2
    endloop
  endfacet
  facet normal 0 0 1
    outer loop
      vertex 50.8102 7.72324 2
      vertex 50.3957 7.23485 2
      vertex 50.4523 7.25172 2
    endloop
  endfacet
  facet normal 0 0 1
    outer loop
      vertex 50.3857 8.30606 2
      vertex 50.335 7.22173 2
      vertex 50.3957 7.23485 2
    endloop
  endfacet
  facet normal 0 0 1
    outer loop
      vertex 50.2551 8.32646 2
      vertex 50.335 7.22173 2
      vertex 50.3857 8.30606 2
    endloop
  endfacet
  facet normal 0 0 1
    outer loop
      vertex 50.335 7.22173 2
      vertex 50.2551 8.32646 2
      vertex 50.2703 7.21236 2
    endloop
  endfacet
  facet normal 0 0 1
    outer loop
      vertex 50.2551 8.32646 2
      vertex 50.2016 7.20673 2
      vertex 50.2703 7.21236 2
    endloop
  endfacet
  facet normal 0 0 1
    outer loop
      vertex 50.2551 8.32646 2
      vertex 50.1288 7.20485 2
      vertex 50.2016 7.20673 2
    endloop
  endfacet
  facet normal 0 0 1
    outer loop
      vertex 50.1071 8.33325 2
      vertex 50.1288 7.20485 2
      vertex 50.2551 8.32646 2
    endloop
  endfacet
  facet normal 0 0 1
    outer loop
      vertex 49.0818 7.20485 2
      vertex 50.1071 8.33325 2
      vertex 49.0818 8.33325 2
    endloop
  endfacet
  facet normal 0 0 1
    outer loop
      vertex 50.1071 8.33325 2
      vertex 49.0818 7.20485 2
      vertex 50.1288 7.20485 2
    endloop
  endfacet
  facet normal 0 0 1
    outer loop
      vertex 44.7235 7.0611 2
      vertex 46.9613 7.0611 2
      vertex 46.9577 7.19522 2
    endloop
  endfacet
  facet normal 0 0 1
    outer loop
      vertex 46.9613 7.0611 2
      vertex 44.7235 7.0611 2
      vertex 46.9577 6.9207 2
    endloop
  endfacet
  facet normal -0 0 1
    outer loop
      vertex 44.7271 7.19633 2
      vertex 46.9577 7.19522 2
      vertex 46.9468 7.32275 2
    endloop
  endfacet
  facet normal -0 -0 1
    outer loop
      vertex 44.7272 6.92456 2
      vertex 46.9577 6.9207 2
      vertex 44.7235 7.0611 2
    endloop
  endfacet
  facet normal -0 0 1
    outer loop
      vertex 44.738 7.32477 2
      vertex 46.9468 7.32275 2
      vertex 46.9287 7.4437 2
    endloop
  endfacet
  facet normal 0 0 1
    outer loop
      vertex 46.9577 6.9207 2
      vertex 44.7272 6.92456 2
      vertex 46.9469 6.78758 2
    endloop
  endfacet
  facet normal -0 0 1
    outer loop
      vertex 44.7561 7.44641 2
      vertex 46.9287 7.4437 2
      vertex 46.9034 7.55803 2
    endloop
  endfacet
  facet normal -0 -0 1
    outer loop
      vertex 44.7383 6.7946 2
      vertex 46.9469 6.78758 2
      vertex 44.7272 6.92456 2
    endloop
  endfacet
  facet normal -0 0 1
    outer loop
      vertex 44.7814 7.56126 2
      vertex 46.9034 7.55803 2
      vertex 46.8709 7.66577 2
    endloop
  endfacet
  facet normal 0 -0 1
    outer loop
      vertex 44.7568 6.67125 2
      vertex 46.9469 6.78758 2
      vertex 44.7383 6.7946 2
    endloop
  endfacet
  facet normal 0 0 1
    outer loop
      vertex 45.9611 8.37772 2
      vertex 46.8709 7.66577 2
      vertex 46.8311 7.76692 2
    endloop
  endfacet
  facet normal 0 0 1
    outer loop
      vertex 46.9469 6.78758 2
      vertex 44.7568 6.67125 2
      vertex 46.9289 6.66177 2
    endloop
  endfacet
  facet normal 0 0 1
    outer loop
      vertex 45.9611 8.37772 2
      vertex 46.8311 7.76692 2
      vertex 46.7841 7.86147 2
    endloop
  endfacet
  facet normal 0 -0 1
    outer loop
      vertex 44.7827 6.55449 2
      vertex 46.9289 6.66177 2
      vertex 44.7568 6.67125 2
    endloop
  endfacet
  facet normal 0 0 1
    outer loop
      vertex 46.0699 8.3647 2
      vertex 46.7841 7.86147 2
      vertex 46.7298 7.94942 2
    endloop
  endfacet
  facet normal 0 0 1
    outer loop
      vertex 46.9289 6.66177 2
      vertex 44.7827 6.55449 2
      vertex 46.9037 6.54326 2
    endloop
  endfacet
  facet normal 0 0 1
    outer loop
      vertex 46.0699 8.3647 2
      vertex 46.7298 7.94942 2
      vertex 46.6683 8.03078 2
    endloop
  endfacet
  facet normal 0 -0 1
    outer loop
      vertex 44.816 6.44434 2
      vertex 46.9037 6.54326 2
      vertex 44.7827 6.55449 2
    endloop
  endfacet
  facet normal 0 0 1
    outer loop
      vertex 46.1729 8.34302 2
      vertex 46.6683 8.03078 2
      vertex 46.6003 8.10449 2
    endloop
  endfacet
  facet normal 0 0 1
    outer loop
      vertex 46.9037 6.54326 2
      vertex 44.816 6.44434 2
      vertex 46.8713 6.43204 2
    endloop
  endfacet
  facet normal 0 0 1
    outer loop
      vertex 46.1729 8.34302 2
      vertex 46.6003 8.10449 2
      vertex 46.5265 8.16956 2
    endloop
  endfacet
  facet normal 0 -0 1
    outer loop
      vertex 45.841 5.70755 2
      vertex 46.8713 6.43204 2
      vertex 44.816 6.44434 2
    endloop
  endfacet
  facet normal 0 0 1
    outer loop
      vertex 46.1729 8.34302 2
      vertex 46.5265 8.16956 2
      vertex 46.4468 8.22592 2
    endloop
  endfacet
  facet normal 0 0 1
    outer loop
      vertex 46.8317 6.32812 2
      vertex 45.9574 5.7119 2
      vertex 46.7849 6.23152 2
    endloop
  endfacet
  facet normal 0 0 1
    outer loop
      vertex 46.1729 8.34302 2
      vertex 46.4468 8.22592 2
      vertex 46.3613 8.27364 2
    endloop
  endfacet
  facet normal 0 0 1
    outer loop
      vertex 46.1729 8.34302 2
      vertex 46.3613 8.27364 2
      vertex 46.27 8.31267 2
    endloop
  endfacet
  facet normal 0 -0 1
    outer loop
      vertex 46.0676 5.72496 2
      vertex 46.7849 6.23152 2
      vertex 45.9574 5.7119 2
    endloop
  endfacet
  facet normal 0 0 1
    outer loop
      vertex 46.6683 8.03078 2
      vertex 46.1729 8.34302 2
      vertex 46.0699 8.3647 2
    endloop
  endfacet
  facet normal 0 0 1
    outer loop
      vertex 46.7849 6.23152 2
      vertex 46.0676 5.72496 2
      vertex 46.7309 6.1422 2
    endloop
  endfacet
  facet normal 0 0 1
    outer loop
      vertex 46.7841 7.86147 2
      vertex 46.0699 8.3647 2
      vertex 45.9611 8.37772 2
    endloop
  endfacet
  facet normal 0 -0 1
    outer loop
      vertex 46.1718 5.74673 2
      vertex 46.7309 6.1422 2
      vertex 46.0676 5.72496 2
    endloop
  endfacet
  facet normal 0 0 1
    outer loop
      vertex 46.8709 7.66577 2
      vertex 45.9611 8.37772 2
      vertex 45.8465 8.38205 2
    endloop
  endfacet
  facet normal 0 0 1
    outer loop
      vertex 46.7309 6.1422 2
      vertex 46.1718 5.74673 2
      vertex 46.6697 6.06018 2
    endloop
  endfacet
  facet normal 0 0 1
    outer loop
      vertex 46.8709 7.66577 2
      vertex 45.8465 8.38205 2
      vertex 44.7814 7.56126 2
    endloop
  endfacet
  facet normal 0 0 1
    outer loop
      vertex 46.448 5.86427 2
      vertex 46.1718 5.74673 2
      vertex 46.362 5.81639 2
    endloop
  endfacet
  facet normal 0 0 1
    outer loop
      vertex 44.7814 7.56126 2
      vertex 45.8465 8.38205 2
      vertex 45.7301 8.37775 2
    endloop
  endfacet
  facet normal 0 0 1
    outer loop
      vertex 46.362 5.81639 2
      vertex 46.1718 5.74673 2
      vertex 46.2699 5.77721 2
    endloop
  endfacet
  facet normal 0 0 1
    outer loop
      vertex 46.528 5.92087 2
      vertex 46.1718 5.74673 2
      vertex 46.448 5.86427 2
    endloop
  endfacet
  facet normal 0 0 1
    outer loop
      vertex 44.8139 7.66931 2
      vertex 45.7301 8.37775 2
      vertex 45.6198 8.36484 2
    endloop
  endfacet
  facet normal 0 0 1
    outer loop
      vertex 46.6019 5.98618 2
      vertex 46.1718 5.74673 2
      vertex 46.528 5.92087 2
    endloop
  endfacet
  facet normal 0 0 1
    outer loop
      vertex 44.8537 7.77055 2
      vertex 45.6198 8.36484 2
      vertex 45.5155 8.34332 2
    endloop
  endfacet
  facet normal 0 0 1
    outer loop
      vertex 46.6697 6.06018 2
      vertex 46.1718 5.74673 2
      vertex 46.6019 5.98618 2
    endloop
  endfacet
  facet normal 0 0 1
    outer loop
      vertex 44.9007 7.86499 2
      vertex 45.5155 8.34332 2
      vertex 45.4173 8.3132 2
    endloop
  endfacet
  facet normal 0 0 1
    outer loop
      vertex 46.8713 6.43204 2
      vertex 45.9574 5.7119 2
      vertex 46.8317 6.32812 2
    endloop
  endfacet
  facet normal 0 0 1
    outer loop
      vertex 44.955 7.95264 2
      vertex 45.4173 8.3132 2
      vertex 45.3251 8.27448 2
    endloop
  endfacet
  facet normal 0 -0 1
    outer loop
      vertex 45.9574 5.7119 2
      vertex 46.8713 6.43204 2
      vertex 45.841 5.70755 2
    endloop
  endfacet
  facet normal 0 0 1
    outer loop
      vertex 44.955 7.95264 2
      vertex 45.3251 8.27448 2
      vertex 45.2389 8.22714 2
    endloop
  endfacet
  facet normal -0 -0 1
    outer loop
      vertex 44.8567 6.34077 2
      vertex 45.841 5.70755 2
      vertex 44.816 6.44434 2
    endloop
  endfacet
  facet normal 0 0 1
    outer loop
      vertex 44.955 7.95264 2
      vertex 45.2389 8.22714 2
      vertex 45.1587 8.17119 2
    endloop
  endfacet
  facet normal 0 0 1
    outer loop
      vertex 45.841 5.70755 2
      vertex 44.8567 6.34077 2
      vertex 45.7286 5.71202 2
    endloop
  endfacet
  facet normal 0 0 1
    outer loop
      vertex 45.0164 8.03349 2
      vertex 45.1587 8.17119 2
      vertex 45.0845 8.10664 2
    endloop
  endfacet
  facet normal -0 -0 1
    outer loop
      vertex 44.9048 6.2438 2
      vertex 45.7286 5.71202 2
      vertex 44.8567 6.34077 2
    endloop
  endfacet
  facet normal 0 0 1
    outer loop
      vertex 44.955 7.95264 2
      vertex 45.1587 8.17119 2
      vertex 45.0164 8.03349 2
    endloop
  endfacet
  facet normal 0 0 1
    outer loop
      vertex 45.7286 5.71202 2
      vertex 44.9048 6.2438 2
      vertex 45.6216 5.72543 2
    endloop
  endfacet
  facet normal 0 0 1
    outer loop
      vertex 45.4173 8.3132 2
      vertex 44.955 7.95264 2
      vertex 44.9007 7.86499 2
    endloop
  endfacet
  facet normal 0 0 1
    outer loop
      vertex 45.6216 5.72543 2
      vertex 44.9603 6.15344 2
      vertex 45.5199 5.74779 2
    endloop
  endfacet
  facet normal 0 0 1
    outer loop
      vertex 45.5155 8.34332 2
      vertex 44.9007 7.86499 2
      vertex 44.8537 7.77055 2
    endloop
  endfacet
  facet normal -0 -0 1
    outer loop
      vertex 45.0232 6.06967 2
      vertex 45.5199 5.74779 2
      vertex 44.9603 6.15344 2
    endloop
  endfacet
  facet normal 0 0 1
    outer loop
      vertex 45.6198 8.36484 2
      vertex 44.8537 7.77055 2
      vertex 44.8139 7.66931 2
    endloop
  endfacet
  facet normal 0 0 1
    outer loop
      vertex 45.2473 5.86848 2
      vertex 45.0925 5.99367 2
      vertex 45.1672 5.92661 2
    endloop
  endfacet
  facet normal 0 0 1
    outer loop
      vertex 45.7301 8.37775 2
      vertex 44.8139 7.66931 2
      vertex 44.7814 7.56126 2
    endloop
  endfacet
  facet normal 0 0 1
    outer loop
      vertex 45.2473 5.86848 2
      vertex 45.0232 6.06967 2
      vertex 45.0925 5.99367 2
    endloop
  endfacet
  facet normal 0 0 1
    outer loop
      vertex 46.9034 7.55803 2
      vertex 44.7814 7.56126 2
      vertex 44.7561 7.44641 2
    endloop
  endfacet
  facet normal 0 0 1
    outer loop
      vertex 45.5199 5.74779 2
      vertex 45.0232 6.06967 2
      vertex 45.4236 5.77908 2
    endloop
  endfacet
  facet normal 0 0 1
    outer loop
      vertex 46.9287 7.4437 2
      vertex 44.7561 7.44641 2
      vertex 44.738 7.32477 2
    endloop
  endfacet
  facet normal 0 0 1
    outer loop
      vertex 45.3328 5.81932 2
      vertex 45.0232 6.06967 2
      vertex 45.2473 5.86848 2
    endloop
  endfacet
  facet normal 0 0 1
    outer loop
      vertex 46.9468 7.32275 2
      vertex 44.738 7.32477 2
      vertex 44.7271 7.19633 2
    endloop
  endfacet
  facet normal 0 0 1
    outer loop
      vertex 45.4236 5.77908 2
      vertex 45.0232 6.06967 2
      vertex 45.3328 5.81932 2
    endloop
  endfacet
  facet normal 0 0 1
    outer loop
      vertex 46.9577 7.19522 2
      vertex 44.7271 7.19633 2
      vertex 44.7235 7.0611 2
    endloop
  endfacet
  facet normal -0 -0 1
    outer loop
      vertex 44.9603 6.15344 2
      vertex 45.6216 5.72543 2
      vertex 44.9048 6.2438 2
    endloop
  endfacet
  facet normal -0 0 1
    outer loop
      vertex 62.5557 8.30614 2
      vertex 62.6289 8.17862 2
      vertex 62.5719 8.36581 2
    endloop
  endfacet
  facet normal -0 0 1
    outer loop
      vertex 62.5495 8.28409 2
      vertex 62.6289 8.17862 2
      vertex 62.5557 8.30614 2
    endloop
  endfacet
  facet normal -0 0 1
    outer loop
      vertex 62.5431 8.26138 2
      vertex 62.6289 8.17862 2
      vertex 62.5495 8.28409 2
    endloop
  endfacet
  facet normal -0 0 1
    outer loop
      vertex 62.5364 8.23801 2
      vertex 62.6289 8.17862 2
      vertex 62.5431 8.26138 2
    endloop
  endfacet
  facet normal -0 0 1
    outer loop
      vertex 62.5294 8.21396 2
      vertex 62.6289 8.17862 2
      vertex 62.5364 8.23801 2
    endloop
  endfacet
  facet normal -0 0 1
    outer loop
      vertex 62.5222 8.18924 2
      vertex 62.6289 8.17862 2
      vertex 62.5294 8.21396 2
    endloop
  endfacet
  facet normal 0 0 1
    outer loop
      vertex 62.5147 8.16386 2
      vertex 62.6289 8.17862 2
      vertex 62.5222 8.18924 2
    endloop
  endfacet
  facet normal 0 0 1
    outer loop
      vertex 62.5069 8.1378 2
      vertex 62.6289 8.17862 2
      vertex 62.5147 8.16386 2
    endloop
  endfacet
  facet normal 0 0 1
    outer loop
      vertex 62.4989 8.11108 2
      vertex 62.6289 8.17862 2
      vertex 62.5069 8.1378 2
    endloop
  endfacet
  facet normal 0 0 1
    outer loop
      vertex 62.4906 8.08369 2
      vertex 62.6289 8.17862 2
      vertex 62.4989 8.11108 2
    endloop
  endfacet
  facet normal 0 0 1
    outer loop
      vertex 62.4773 8.0421 2
      vertex 62.6289 8.17862 2
      vertex 62.4906 8.08369 2
    endloop
  endfacet
  facet normal 0 0 1
    outer loop
      vertex 62.6289 8.17862 2
      vertex 62.4773 8.0421 2
      vertex 62.7455 7.80974 2
    endloop
  endfacet
  facet normal -0 0 1
    outer loop
      vertex 62.4544 7.97279 2
      vertex 62.7455 7.80974 2
      vertex 62.4773 8.0421 2
    endloop
  endfacet
  facet normal -0 0 1
    outer loop
      vertex 62.4218 7.87575 2
      vertex 62.7455 7.80974 2
      vertex 62.4544 7.97279 2
    endloop
  endfacet
  facet normal 0 0 1
    outer loop
      vertex 62.3797 7.75096 2
      vertex 62.7455 7.80974 2
      vertex 62.4218 7.87575 2
    endloop
  endfacet
  facet normal 0 0 1
    outer loop
      vertex 62.3278 7.59846 2
      vertex 62.7455 7.80974 2
      vertex 62.3797 7.75096 2
    endloop
  endfacet
  facet normal 0 0 1
    outer loop
      vertex 62.2663 7.41823 2
      vertex 62.7455 7.80974 2
      vertex 62.3278 7.59846 2
    endloop
  endfacet
  facet normal 0 0 1
    outer loop
      vertex 62.7455 7.80974 2
      vertex 62.2663 7.41823 2
      vertex 63.1226 6.71118 2
    endloop
  endfacet
  facet normal -0 0 1
    outer loop
      vertex 62.1952 7.21028 2
      vertex 63.1226 6.71118 2
      vertex 62.2663 7.41823 2
    endloop
  endfacet
  facet normal -0 0 1
    outer loop
      vertex 62.1144 6.97461 2
      vertex 63.1226 6.71118 2
      vertex 62.1952 7.21028 2
    endloop
  endfacet
  facet normal 0 0 1
    outer loop
      vertex 63.1226 6.71118 2
      vertex 62.1144 6.97461 2
      vertex 62.024 6.71118 2
    endloop
  endfacet
  facet normal 0 -1 0
    outer loop
      vertex 14.5 14.5 2
      vertex 40 14.5 5
      vertex 14.5 14.5 5
    endloop
  endfacet
  facet normal 0 -1 -0
    outer loop
      vertex 40 14.5 5
      vertex 14.5 14.5 2
      vertex 40 14.5 2
    endloop
  endfacet
  facet normal 0 1 -0
    outer loop
      vertex 38.5 16 2
      vertex 16 16 5
      vertex 38.5 16 5
    endloop
  endfacet
  facet normal 0 1 0
    outer loop
      vertex 16 16 5
      vertex 38.5 16 2
      vertex 16 16 2
    endloop
  endfacet
  facet normal 0 -1 0
    outer loop
      vertex 16 34.5 2
      vertex 38.5 34.5 5
      vertex 16 34.5 5
    endloop
  endfacet
  facet normal 0 -1 -0
    outer loop
      vertex 38.5 34.5 5
      vertex 16 34.5 2
      vertex 38.5 34.5 2
    endloop
  endfacet
  facet normal 0 1 -0
    outer loop
      vertex 40 36 2
      vertex 14.5 36 5
      vertex 40 36 5
    endloop
  endfacet
  facet normal 0 1 0
    outer loop
      vertex 14.5 36 5
      vertex 40 36 2
      vertex 14.5 36 2
    endloop
  endfacet
  facet normal 1 -0 0
    outer loop
      vertex 16 16 5
      vertex 16 34.5 2
      vertex 16 34.5 5
    endloop
  endfacet
  facet normal 1 0 0
    outer loop
      vertex 16 34.5 2
      vertex 16 16 5
      vertex 16 16 2
    endloop
  endfacet
  facet normal -1 0 0
    outer loop
      vertex 38.5 16 2
      vertex 38.5 34.5 5
      vertex 38.5 34.5 2
    endloop
  endfacet
  facet normal -1 -0 0
    outer loop
      vertex 38.5 34.5 5
      vertex 38.5 16 2
      vertex 38.5 16 5
    endloop
  endfacet
  facet normal -1 0 0
    outer loop
      vertex 54.5 14.5 2
      vertex 54.5 36 5
      vertex 54.5 36 2
    endloop
  endfacet
  facet normal -1 -0 0
    outer loop
      vertex 54.5 36 5
      vertex 54.5 14.5 2
      vertex 54.5 14.5 5
    endloop
  endfacet
  facet normal 0 0 1
    outer loop
      vertex 78 36 5
      vertex 76.5 34.5 5
      vertex 78 14.5 5
    endloop
  endfacet
  facet normal 0 0 1
    outer loop
      vertex 78 36 5
      vertex 56 34.5 5
      vertex 76.5 34.5 5
    endloop
  endfacet
  facet normal 0 0 1
    outer loop
      vertex 56 34.5 5
      vertex 54.5 36 5
      vertex 56 16 5
    endloop
  endfacet
  facet normal -0 0 1
    outer loop
      vertex 54.5 36 5
      vertex 56 34.5 5
      vertex 78 36 5
    endloop
  endfacet
  facet normal -0 0 1
    outer loop
      vertex 76.5 16 5
      vertex 78 14.5 5
      vertex 76.5 34.5 5
    endloop
  endfacet
  facet normal -0 0 1
    outer loop
      vertex 56 16 5
      vertex 78 14.5 5
      vertex 76.5 16 5
    endloop
  endfacet
  facet normal 0 0 1
    outer loop
      vertex 56 16 5
      vertex 54.5 14.5 5
      vertex 78 14.5 5
    endloop
  endfacet
  facet normal 0 0 1
    outer loop
      vertex 54.5 14.5 5
      vertex 56 16 5
      vertex 54.5 36 5
    endloop
  endfacet
  facet normal 1 -0 0
    outer loop
      vertex 78 14.5 5
      vertex 78 36 2
      vertex 78 36 5
    endloop
  endfacet
  facet normal 1 0 0
    outer loop
      vertex 78 36 2
      vertex 78 14.5 5
      vertex 78 14.5 2
    endloop
  endfacet
  facet normal 0 1 -0
    outer loop
      vertex 76.5 16 2
      vertex 56 16 5
      vertex 76.5 16 5
    endloop
  endfacet
  facet normal 0 1 0
    outer loop
      vertex 56 16 5
      vertex 76.5 16 2
      vertex 56 16 2
    endloop
  endfacet
  facet normal 0 -1 0
    outer loop
      vertex 54.5 14.5 2
      vertex 78 14.5 5
      vertex 54.5 14.5 5
    endloop
  endfacet
  facet normal 0 -1 -0
    outer loop
      vertex 78 14.5 5
      vertex 54.5 14.5 2
      vertex 78 14.5 2
    endloop
  endfacet
  facet normal 0 -1 0
    outer loop
      vertex 56 34.5 2
      vertex 76.5 34.5 5
      vertex 56 34.5 5
    endloop
  endfacet
  facet normal 0 -1 -0
    outer loop
      vertex 76.5 34.5 5
      vertex 56 34.5 2
      vertex 76.5 34.5 2
    endloop
  endfacet
  facet normal 0 1 -0
    outer loop
      vertex 78 36 2
      vertex 54.5 36 5
      vertex 78 36 5
    endloop
  endfacet
  facet normal 0 1 0
    outer loop
      vertex 54.5 36 5
      vertex 78 36 2
      vertex 54.5 36 2
    endloop
  endfacet
  facet normal 1 -0 0
    outer loop
      vertex 56 16 5
      vertex 56 34.5 2
      vertex 56 34.5 5
    endloop
  endfacet
  facet normal 1 0 0
    outer loop
      vertex 56 34.5 2
      vertex 56 16 5
      vertex 56 16 2
    endloop
  endfacet
  facet normal -1 0 0
    outer loop
      vertex 76.5 16 2
      vertex 76.5 34.5 5
      vertex 76.5 34.5 2
    endloop
  endfacet
  facet normal -1 -0 0
    outer loop
      vertex 76.5 34.5 5
      vertex 76.5 16 2
      vertex 76.5 16 5
    endloop
  endfacet
  facet normal 0.998717 0.0490783 0.012484
    outer loop
      vertex 8.79133 7.17643 2
      vertex 8.75 7 6
      vertex 8.8 7 2
    endloop
  endfacet
  facet normal -0.595641 -0.803154 0.0124839
    outer loop
      vertex 5.88981 5.64723 6
      vertex 5.85809 5.60858 2
      vertex 6.02775 5.54493 6
    endloop
  endfacet
  facet normal 0.514073 0.857656 0.0124848
    outer loop
      vertex 7.84851 8.58746 2
      vertex 7.82494 8.54336 6
      vertex 8.00003 8.49664 2
    endloop
  endfacet
  facet normal -0.336878 0.941466 0.0124827
    outer loop
      vertex 6.492 8.67465 6
      vertex 6.31117 8.66298 2
      vertex 6.3303 8.61679 6
    endloop
  endfacet
  facet normal -0.998717 -0.0490829 0.0124842
    outer loop
      vertex 5.25 7 6
      vertex 5.20867 6.82357 2
      vertex 5.25843 6.82847 6
    endloop
  endfacet
  facet normal 0.595641 -0.803154 0.0124839
    outer loop
      vertex 8.11019 5.64723 6
      vertex 7.97225 5.54493 6
      vertex 8.14191 5.60858 2
    endloop
  endfacet
  facet normal 0.989098 -0.146726 0.012484
    outer loop
      vertex 8.79133 6.82357 2
      vertex 8.71637 6.65859 6
      vertex 8.76541 6.64884 2
    endloop
  endfacet
  facet normal 0.427555 0.903903 0.0124849
    outer loop
      vertex 7.84851 8.58746 2
      vertex 7.6697 8.61679 6
      vertex 7.82494 8.54336 6
    endloop
  endfacet
  facet normal 0.146723 0.989099 0.0124841
    outer loop
      vertex 7.17643 8.79133 2
      vertex 7.17153 8.74157 6
      vertex 7.34141 8.71637 6
    endloop
  endfacet
  facet normal 0.903903 0.427555 0.0124849
    outer loop
      vertex 8.58746 7.84851 2
      vertex 8.54336 7.82494 6
      vertex 8.61679 7.6697 6
    endloop
  endfacet
  facet normal 0.989098 0.146726 0.012484
    outer loop
      vertex 8.76541 7.35116 2
      vertex 8.71637 7.34141 6
      vertex 8.79133 7.17643 2
    endloop
  endfacet
  facet normal -0.740901 0.671498 0.0124839
    outer loop
      vertex 5.76256 8.23744 6
      vertex 5.60858 8.14191 2
      vertex 5.64723 8.11019 6
    endloop
  endfacet
  facet normal -0.941471 0.336862 0.012482
    outer loop
      vertex 5.33702 7.68883 2
      vertex 5.27751 7.52251 2
      vertex 5.32535 7.508 6
    endloop
  endfacet
  facet normal -0.941471 -0.336862 0.012482
    outer loop
      vertex 5.32535 6.492 6
      vertex 5.27751 6.47749 2
      vertex 5.33702 6.31117 2
    endloop
  endfacet
  facet normal -0.740873 -0.671529 0.0124821
    outer loop
      vertex 5.76256 5.76256 6
      vertex 5.60858 5.85809 2
      vertex 5.72721 5.72721 2
    endloop
  endfacet
  facet normal -0.242914 -0.969967 0.0124839
    outer loop
      vertex 6.65859 5.28363 6
      vertex 6.492 5.32535 6
      vertex 6.64884 5.23459 2
    endloop
  endfacet
  facet normal -0.941466 -0.336878 0.0124827
    outer loop
      vertex 5.38321 6.3303 6
      vertex 5.32535 6.492 6
      vertex 5.33702 6.31117 2
    endloop
  endfacet
  facet normal -0.903925 -0.427508 0.0124826
    outer loop
      vertex 5.38321 6.3303 6
      vertex 5.33702 6.31117 2
      vertex 5.41254 6.15149 2
    endloop
  endfacet
  facet normal 0.903925 -0.427508 0.0124826
    outer loop
      vertex 8.61679 6.3303 6
      vertex 8.58746 6.15149 2
      vertex 8.66298 6.31117 2
    endloop
  endfacet
  facet normal 0.803154 -0.595641 0.0124839
    outer loop
      vertex 8.45507 6.02775 6
      vertex 8.35277 5.88981 6
      vertex 8.39142 5.85809 2
    endloop
  endfacet
  facet normal 0.514031 -0.857681 0.0124849
    outer loop
      vertex 8.00003 5.50335 2
      vertex 7.82494 5.45664 6
      vertex 7.84851 5.41254 2
    endloop
  endfacet
  facet normal 0.146726 0.989098 0.012484
    outer loop
      vertex 7.35116 8.76541 2
      vertex 7.17643 8.79133 2
      vertex 7.34141 8.71637 6
    endloop
  endfacet
  facet normal 0.242914 0.969967 0.0124839
    outer loop
      vertex 7.35116 8.76541 2
      vertex 7.34141 8.71637 6
      vertex 7.508 8.67465 6
    endloop
  endfacet
  facet normal -0.0490829 0.998717 0.0124842
    outer loop
      vertex 7 8.75 6
      vertex 6.82357 8.79133 2
      vertex 6.82847 8.74157 6
    endloop
  endfacet
  facet normal 0.941466 0.336878 0.0124827
    outer loop
      vertex 8.66298 7.68883 2
      vertex 8.61679 7.6697 6
      vertex 8.67465 7.508 6
    endloop
  endfacet
  facet normal 0.998717 0.0490829 0.0124842
    outer loop
      vertex 8.79133 7.17643 2
      vertex 8.74157 7.17153 6
      vertex 8.75 7 6
    endloop
  endfacet
  facet normal 0.989099 0.146723 0.0124841
    outer loop
      vertex 8.79133 7.17643 2
      vertex 8.71637 7.34141 6
      vertex 8.74157 7.17153 6
    endloop
  endfacet
  facet normal 0.998717 -0.0490783 0.012484
    outer loop
      vertex 8.8 7 2
      vertex 8.75 7 6
      vertex 8.79133 6.82357 2
    endloop
  endfacet
  facet normal -0.998717 0.0490783 0.012484
    outer loop
      vertex 5.20867 7.17643 2
      vertex 5.2 7 2
      vertex 5.25 7 6
    endloop
  endfacet
  facet normal -0.998717 -0.0490783 0.012484
    outer loop
      vertex 5.25 7 6
      vertex 5.2 7 2
      vertex 5.20867 6.82357 2
    endloop
  endfacet
  facet normal -0.969957 0.242956 0.012482
    outer loop
      vertex 5.27751 7.52251 2
      vertex 5.23459 7.35116 2
      vertex 5.32535 7.508 6
    endloop
  endfacet
  facet normal -0.146723 0.989099 0.0124841
    outer loop
      vertex 6.82357 8.79133 2
      vertex 6.65859 8.71637 6
      vertex 6.82847 8.74157 6
    endloop
  endfacet
  facet normal -0.671529 0.740873 0.0124821
    outer loop
      vertex 5.85809 8.39142 2
      vertex 5.72721 8.27279 2
      vertex 5.76256 8.23744 6
    endloop
  endfacet
  facet normal -0.969967 -0.242914 0.0124839
    outer loop
      vertex 5.28363 6.65859 6
      vertex 5.23459 6.64884 2
      vertex 5.32535 6.492 6
    endloop
  endfacet
  facet normal -0.740901 -0.671498 0.0124839
    outer loop
      vertex 5.64723 5.88981 6
      vertex 5.60858 5.85809 2
      vertex 5.76256 5.76256 6
    endloop
  endfacet
  facet normal -0.59567 -0.803132 0.0124855
    outer loop
      vertex 6.02775 5.54493 6
      vertex 5.85809 5.60858 2
      vertex 5.99997 5.50335 2
    endloop
  endfacet
  facet normal 0.146723 -0.989099 0.0124841
    outer loop
      vertex 7.34141 5.28363 6
      vertex 7.17153 5.25843 6
      vertex 7.17643 5.20867 2
    endloop
  endfacet
  facet normal -0.857681 -0.514031 0.0124849
    outer loop
      vertex 5.45664 6.17506 6
      vertex 5.41254 6.15149 2
      vertex 5.50335 5.99997 2
    endloop
  endfacet
  facet normal 0.146726 -0.989098 0.012484
    outer loop
      vertex 7.34141 5.28363 6
      vertex 7.17643 5.20867 2
      vertex 7.35116 5.23459 2
    endloop
  endfacet
  facet normal 0.969967 -0.242914 0.0124839
    outer loop
      vertex 8.71637 6.65859 6
      vertex 8.67465 6.492 6
      vertex 8.76541 6.64884 2
    endloop
  endfacet
  facet normal 0.941471 -0.336862 0.012482
    outer loop
      vertex 8.67465 6.492 6
      vertex 8.66298 6.31117 2
      vertex 8.72249 6.47749 2
    endloop
  endfacet
  facet normal 0.969957 -0.242956 0.012482
    outer loop
      vertex 8.76541 6.64884 2
      vertex 8.67465 6.492 6
      vertex 8.72249 6.47749 2
    endloop
  endfacet
  facet normal 0.80316 -0.595633 0.0124835
    outer loop
      vertex 8.45507 6.02775 6
      vertex 8.39142 5.85809 2
      vertex 8.49664 5.99997 2
    endloop
  endfacet
  facet normal 0.336878 -0.941466 0.0124827
    outer loop
      vertex 7.6697 5.38321 6
      vertex 7.508 5.32535 6
      vertex 7.68883 5.33702 2
    endloop
  endfacet
  facet normal 0.427508 -0.903925 0.0124826
    outer loop
      vertex 7.84851 5.41254 2
      vertex 7.6697 5.38321 6
      vertex 7.68883 5.33702 2
    endloop
  endfacet
  facet normal 0.595641 0.803154 0.0124839
    outer loop
      vertex 8.14191 8.39142 2
      vertex 7.97225 8.45507 6
      vertex 8.11019 8.35277 6
    endloop
  endfacet
  facet normal 0.336878 0.941466 0.0124827
    outer loop
      vertex 7.68883 8.66298 2
      vertex 7.508 8.67465 6
      vertex 7.6697 8.61679 6
    endloop
  endfacet
  facet normal 0.427508 0.903925 0.0124826
    outer loop
      vertex 7.68883 8.66298 2
      vertex 7.6697 8.61679 6
      vertex 7.84851 8.58746 2
    endloop
  endfacet
  facet normal 0.0490783 0.998717 0.012484
    outer loop
      vertex 7 8.8 2
      vertex 7 8.75 6
      vertex 7.17643 8.79133 2
    endloop
  endfacet
  facet normal 0.0490829 0.998717 0.0124842
    outer loop
      vertex 7.17643 8.79133 2
      vertex 7 8.75 6
      vertex 7.17153 8.74157 6
    endloop
  endfacet
  facet normal 0.941471 0.336862 0.012482
    outer loop
      vertex 8.72249 7.52251 2
      vertex 8.66298 7.68883 2
      vertex 8.67465 7.508 6
    endloop
  endfacet
  facet normal 0.969957 0.242956 0.012482
    outer loop
      vertex 8.72249 7.52251 2
      vertex 8.67465 7.508 6
      vertex 8.76541 7.35116 2
    endloop
  endfacet
  facet normal 0.969967 0.242914 0.0124839
    outer loop
      vertex 8.76541 7.35116 2
      vertex 8.67465 7.508 6
      vertex 8.71637 7.34141 6
    endloop
  endfacet
  facet normal 0.903925 0.427508 0.0124826
    outer loop
      vertex 8.66298 7.68883 2
      vertex 8.58746 7.84851 2
      vertex 8.61679 7.6697 6
    endloop
  endfacet
  facet normal 0.671498 0.740901 0.0124839
    outer loop
      vertex 8.14191 8.39142 2
      vertex 8.11019 8.35277 6
      vertex 8.23744 8.23744 6
    endloop
  endfacet
  facet normal 0.740873 0.671529 0.0124821
    outer loop
      vertex 8.27279 8.27279 2
      vertex 8.23744 8.23744 6
      vertex 8.39142 8.14191 2
    endloop
  endfacet
  facet normal 0.671529 0.740873 0.0124821
    outer loop
      vertex 8.27279 8.27279 2
      vertex 8.14191 8.39142 2
      vertex 8.23744 8.23744 6
    endloop
  endfacet
  facet normal -0.998717 0.0490829 0.0124842
    outer loop
      vertex 5.25843 7.17153 6
      vertex 5.20867 7.17643 2
      vertex 5.25 7 6
    endloop
  endfacet
  facet normal -0.989098 0.146726 0.012484
    outer loop
      vertex 5.23459 7.35116 2
      vertex 5.20867 7.17643 2
      vertex 5.28363 7.34141 6
    endloop
  endfacet
  facet normal -0.969967 0.242914 0.0124839
    outer loop
      vertex 5.32535 7.508 6
      vertex 5.23459 7.35116 2
      vertex 5.28363 7.34141 6
    endloop
  endfacet
  facet normal -0.941466 0.336878 0.0124827
    outer loop
      vertex 5.33702 7.68883 2
      vertex 5.32535 7.508 6
      vertex 5.38321 7.6697 6
    endloop
  endfacet
  facet normal -0.803154 0.595641 0.0124839
    outer loop
      vertex 5.60858 8.14191 2
      vertex 5.54493 7.97225 6
      vertex 5.64723 8.11019 6
    endloop
  endfacet
  facet normal -0.903925 0.427508 0.0124826
    outer loop
      vertex 5.41254 7.84851 2
      vertex 5.33702 7.68883 2
      vertex 5.38321 7.6697 6
    endloop
  endfacet
  facet normal -0.857681 0.514031 0.0124849
    outer loop
      vertex 5.50335 8.00003 2
      vertex 5.41254 7.84851 2
      vertex 5.45664 7.82494 6
    endloop
  endfacet
  facet normal -0.903903 0.427555 0.0124849
    outer loop
      vertex 5.41254 7.84851 2
      vertex 5.38321 7.6697 6
      vertex 5.45664 7.82494 6
    endloop
  endfacet
  facet normal -0.857673 0.514045 0.0124855
    outer loop
      vertex 5.50335 8.00003 2
      vertex 5.45664 7.82494 6
      vertex 5.54493 7.97225 6
    endloop
  endfacet
  facet normal -0.803132 0.59567 0.0124855
    outer loop
      vertex 5.60858 8.14191 2
      vertex 5.50335 8.00003 2
      vertex 5.54493 7.97225 6
    endloop
  endfacet
  facet normal -0.146726 0.989098 0.012484
    outer loop
      vertex 6.82357 8.79133 2
      vertex 6.64884 8.76541 2
      vertex 6.65859 8.71637 6
    endloop
  endfacet
  facet normal -0.740873 0.671529 0.0124821
    outer loop
      vertex 5.72721 8.27279 2
      vertex 5.60858 8.14191 2
      vertex 5.76256 8.23744 6
    endloop
  endfacet
  facet normal -0.989098 -0.146726 0.012484
    outer loop
      vertex 5.28363 6.65859 6
      vertex 5.20867 6.82357 2
      vertex 5.23459 6.64884 2
    endloop
  endfacet
  facet normal -0.969957 -0.242956 0.012482
    outer loop
      vertex 5.32535 6.492 6
      vertex 5.23459 6.64884 2
      vertex 5.27751 6.47749 2
    endloop
  endfacet
  facet normal -0.671529 -0.740873 0.0124821
    outer loop
      vertex 5.76256 5.76256 6
      vertex 5.72721 5.72721 2
      vertex 5.85809 5.60858 2
    endloop
  endfacet
  facet normal -0.671498 -0.740901 0.0124839
    outer loop
      vertex 5.88981 5.64723 6
      vertex 5.76256 5.76256 6
      vertex 5.85809 5.60858 2
    endloop
  endfacet
  facet normal -0.514045 -0.857673 0.0124855
    outer loop
      vertex 6.02775 5.54493 6
      vertex 5.99997 5.50335 2
      vertex 6.17506 5.45664 6
    endloop
  endfacet
  facet normal 0.0490829 -0.998717 0.0124842
    outer loop
      vertex 7.17153 5.25843 6
      vertex 7 5.25 6
      vertex 7.17643 5.20867 2
    endloop
  endfacet
  facet normal -0.803132 -0.59567 0.0124855
    outer loop
      vertex 5.54493 6.02775 6
      vertex 5.50335 5.99997 2
      vertex 5.60858 5.85809 2
    endloop
  endfacet
  facet normal -0.857673 -0.514045 0.0124855
    outer loop
      vertex 5.54493 6.02775 6
      vertex 5.45664 6.17506 6
      vertex 5.50335 5.99997 2
    endloop
  endfacet
  facet normal -0.903903 -0.427555 0.0124849
    outer loop
      vertex 5.45664 6.17506 6
      vertex 5.38321 6.3303 6
      vertex 5.41254 6.15149 2
    endloop
  endfacet
  facet normal 0.989099 -0.146723 0.0124841
    outer loop
      vertex 8.74157 6.82847 6
      vertex 8.71637 6.65859 6
      vertex 8.79133 6.82357 2
    endloop
  endfacet
  facet normal 0.998717 -0.0490829 0.0124842
    outer loop
      vertex 8.75 7 6
      vertex 8.74157 6.82847 6
      vertex 8.79133 6.82357 2
    endloop
  endfacet
  facet normal 0.941466 -0.336878 0.0124827
    outer loop
      vertex 8.67465 6.492 6
      vertex 8.61679 6.3303 6
      vertex 8.66298 6.31117 2
    endloop
  endfacet
  facet normal 0.857673 -0.514045 0.0124834
    outer loop
      vertex 8.54336 6.17506 6
      vertex 8.45507 6.02775 6
      vertex 8.49664 5.99997 2
    endloop
  endfacet
  facet normal 0.671529 -0.740873 0.0124821
    outer loop
      vertex 8.23744 5.76256 6
      vertex 8.14191 5.60858 2
      vertex 8.27279 5.72721 2
    endloop
  endfacet
  facet normal 0.671498 -0.740901 0.0124839
    outer loop
      vertex 8.23744 5.76256 6
      vertex 8.11019 5.64723 6
      vertex 8.14191 5.60858 2
    endloop
  endfacet
  facet normal 0.59567 -0.803132 0.0124855
    outer loop
      vertex 8.14191 5.60858 2
      vertex 7.97225 5.54493 6
      vertex 8.00003 5.50335 2
    endloop
  endfacet
  facet normal 0.514045 -0.857673 0.0124855
    outer loop
      vertex 7.97225 5.54493 6
      vertex 7.82494 5.45664 6
      vertex 8.00003 5.50335 2
    endloop
  endfacet
  facet normal 0.427555 -0.903903 0.0124849
    outer loop
      vertex 7.82494 5.45664 6
      vertex 7.6697 5.38321 6
      vertex 7.84851 5.41254 2
    endloop
  endfacet
  facet normal 0.242914 -0.969967 0.0124839
    outer loop
      vertex 7.508 5.32535 6
      vertex 7.34141 5.28363 6
      vertex 7.35116 5.23459 2
    endloop
  endfacet
  facet normal 0.242956 -0.969957 0.012482
    outer loop
      vertex 7.508 5.32535 6
      vertex 7.35116 5.23459 2
      vertex 7.52251 5.27751 2
    endloop
  endfacet
  facet normal 0.336862 -0.941471 0.012482
    outer loop
      vertex 7.68883 5.33702 2
      vertex 7.508 5.32535 6
      vertex 7.52251 5.27751 2
    endloop
  endfacet
  facet normal 0.595633 0.80316 0.0124835
    outer loop
      vertex 8.00003 8.49664 2
      vertex 7.97225 8.45507 6
      vertex 8.14191 8.39142 2
    endloop
  endfacet
  facet normal 0.514045 0.857673 0.0124834
    outer loop
      vertex 8.00003 8.49664 2
      vertex 7.82494 8.54336 6
      vertex 7.97225 8.45507 6
    endloop
  endfacet
  facet normal 0.336862 0.941471 0.012482
    outer loop
      vertex 7.52251 8.72249 2
      vertex 7.508 8.67465 6
      vertex 7.68883 8.66298 2
    endloop
  endfacet
  facet normal -0.0490783 0.998717 0.012484
    outer loop
      vertex 7 8.8 2
      vertex 6.82357 8.79133 2
      vertex 7 8.75 6
    endloop
  endfacet
  facet normal 0.80316 0.595633 0.0124835
    outer loop
      vertex 8.49664 8.00003 2
      vertex 8.39142 8.14191 2
      vertex 8.45507 7.97225 6
    endloop
  endfacet
  facet normal 0.857673 0.514045 0.0124834
    outer loop
      vertex 8.49664 8.00003 2
      vertex 8.45507 7.97225 6
      vertex 8.54336 7.82494 6
    endloop
  endfacet
  facet normal 0.857656 0.514073 0.0124848
    outer loop
      vertex 8.58746 7.84851 2
      vertex 8.49664 8.00003 2
      vertex 8.54336 7.82494 6
    endloop
  endfacet
  facet normal 0.803154 0.595641 0.0124839
    outer loop
      vertex 8.39142 8.14191 2
      vertex 8.35277 8.11019 6
      vertex 8.45507 7.97225 6
    endloop
  endfacet
  facet normal 0.740901 0.671498 0.0124839
    outer loop
      vertex 8.39142 8.14191 2
      vertex 8.23744 8.23744 6
      vertex 8.35277 8.11019 6
    endloop
  endfacet
  facet normal 0 0 1
    outer loop
      vertex 8.74157 7.17153 6
      vertex 8.74157 6.82847 6
      vertex 8.75 7 6
    endloop
  endfacet
  facet normal 0 0 1
    outer loop
      vertex 8.71637 7.34141 6
      vertex 8.74157 6.82847 6
      vertex 8.74157 7.17153 6
    endloop
  endfacet
  facet normal 0 0 1
    outer loop
      vertex 8.71637 7.34141 6
      vertex 8.71637 6.65859 6
      vertex 8.74157 6.82847 6
    endloop
  endfacet
  facet normal 0 0 1
    outer loop
      vertex 8.67465 7.508 6
      vertex 8.71637 6.65859 6
      vertex 8.71637 7.34141 6
    endloop
  endfacet
  facet normal 0 0 1
    outer loop
      vertex 8.67465 7.508 6
      vertex 8.67465 6.492 6
      vertex 8.71637 6.65859 6
    endloop
  endfacet
  facet normal 0 0 1
    outer loop
      vertex 8.61679 7.6697 6
      vertex 8.67465 6.492 6
      vertex 8.67465 7.508 6
    endloop
  endfacet
  facet normal 0 0 1
    outer loop
      vertex 8.61679 7.6697 6
      vertex 8.61679 6.3303 6
      vertex 8.67465 6.492 6
    endloop
  endfacet
  facet normal 0 0 1
    outer loop
      vertex 8.54336 7.82494 6
      vertex 8.61679 6.3303 6
      vertex 8.61679 7.6697 6
    endloop
  endfacet
  facet normal 0 0 1
    outer loop
      vertex 8.54336 7.82494 6
      vertex 8.54336 6.17506 6
      vertex 8.61679 6.3303 6
    endloop
  endfacet
  facet normal 0 0 1
    outer loop
      vertex 8.45507 7.97225 6
      vertex 8.54336 6.17506 6
      vertex 8.54336 7.82494 6
    endloop
  endfacet
  facet normal 0 0 1
    outer loop
      vertex 8.45507 7.97225 6
      vertex 8.45507 6.02775 6
      vertex 8.54336 6.17506 6
    endloop
  endfacet
  facet normal 0 0 1
    outer loop
      vertex 8.35277 8.11019 6
      vertex 8.45507 6.02775 6
      vertex 8.45507 7.97225 6
    endloop
  endfacet
  facet normal 0 0 1
    outer loop
      vertex 8.35277 8.11019 6
      vertex 8.35277 5.88981 6
      vertex 8.45507 6.02775 6
    endloop
  endfacet
  facet normal 0 0 1
    outer loop
      vertex 8.23744 8.23744 6
      vertex 8.35277 5.88981 6
      vertex 8.35277 8.11019 6
    endloop
  endfacet
  facet normal 0 0 1
    outer loop
      vertex 8.23744 8.23744 6
      vertex 8.23744 5.76256 6
      vertex 8.35277 5.88981 6
    endloop
  endfacet
  facet normal 0 0 1
    outer loop
      vertex 8.11019 8.35277 6
      vertex 8.23744 5.76256 6
      vertex 8.23744 8.23744 6
    endloop
  endfacet
  facet normal 0 0 1
    outer loop
      vertex 8.11019 8.35277 6
      vertex 8.11019 5.64723 6
      vertex 8.23744 5.76256 6
    endloop
  endfacet
  facet normal 0 0 1
    outer loop
      vertex 7.97225 8.45507 6
      vertex 8.11019 5.64723 6
      vertex 8.11019 8.35277 6
    endloop
  endfacet
  facet normal 0 0 1
    outer loop
      vertex 7.97225 8.45507 6
      vertex 7.97225 5.54493 6
      vertex 8.11019 5.64723 6
    endloop
  endfacet
  facet normal 0 0 1
    outer loop
      vertex 7.82494 8.54336 6
      vertex 7.97225 5.54493 6
      vertex 7.97225 8.45507 6
    endloop
  endfacet
  facet normal 0 0 1
    outer loop
      vertex 7.82494 8.54336 6
      vertex 7.82494 5.45664 6
      vertex 7.97225 5.54493 6
    endloop
  endfacet
  facet normal 0 0 1
    outer loop
      vertex 7.6697 8.61679 6
      vertex 7.82494 5.45664 6
      vertex 7.82494 8.54336 6
    endloop
  endfacet
  facet normal 0 0 1
    outer loop
      vertex 7.6697 8.61679 6
      vertex 7.6697 5.38321 6
      vertex 7.82494 5.45664 6
    endloop
  endfacet
  facet normal 0 0 1
    outer loop
      vertex 7.508 8.67465 6
      vertex 7.6697 5.38321 6
      vertex 7.6697 8.61679 6
    endloop
  endfacet
  facet normal 0 0 1
    outer loop
      vertex 7.508 8.67465 6
      vertex 7.508 5.32535 6
      vertex 7.6697 5.38321 6
    endloop
  endfacet
  facet normal 0 0 1
    outer loop
      vertex 7.34141 8.71637 6
      vertex 7.508 5.32535 6
      vertex 7.508 8.67465 6
    endloop
  endfacet
  facet normal 0 0 1
    outer loop
      vertex 7.34141 8.71637 6
      vertex 7.34141 5.28363 6
      vertex 7.508 5.32535 6
    endloop
  endfacet
  facet normal 0 0 1
    outer loop
      vertex 7.17153 8.74157 6
      vertex 7.34141 5.28363 6
      vertex 7.34141 8.71637 6
    endloop
  endfacet
  facet normal 0 0 1
    outer loop
      vertex 7.17153 8.74157 6
      vertex 7.17153 5.25843 6
      vertex 7.34141 5.28363 6
    endloop
  endfacet
  facet normal 0 0 1
    outer loop
      vertex 7 8.75 6
      vertex 7.17153 5.25843 6
      vertex 7.17153 8.74157 6
    endloop
  endfacet
  facet normal 0 0 1
    outer loop
      vertex 7 8.75 6
      vertex 7 5.25 6
      vertex 7.17153 5.25843 6
    endloop
  endfacet
  facet normal -0 0 1
    outer loop
      vertex 6.82847 8.74157 6
      vertex 7 5.25 6
      vertex 7 8.75 6
    endloop
  endfacet
  facet normal 0 0 1
    outer loop
      vertex 6.82847 8.74157 6
      vertex 6.82847 5.25843 6
      vertex 7 5.25 6
    endloop
  endfacet
  facet normal -0 0 1
    outer loop
      vertex 6.65859 8.71637 6
      vertex 6.82847 5.25843 6
      vertex 6.82847 8.74157 6
    endloop
  endfacet
  facet normal 0 0 1
    outer loop
      vertex 6.65859 8.71637 6
      vertex 6.65859 5.28363 6
      vertex 6.82847 5.25843 6
    endloop
  endfacet
  facet normal -0 0 1
    outer loop
      vertex 6.492 8.67465 6
      vertex 6.65859 5.28363 6
      vertex 6.65859 8.71637 6
    endloop
  endfacet
  facet normal 0 0 1
    outer loop
      vertex 6.492 8.67465 6
      vertex 6.492 5.32535 6
      vertex 6.65859 5.28363 6
    endloop
  endfacet
  facet normal -0 0 1
    outer loop
      vertex 6.3303 8.61679 6
      vertex 6.492 5.32535 6
      vertex 6.492 8.67465 6
    endloop
  endfacet
  facet normal 0 0 1
    outer loop
      vertex 6.3303 8.61679 6
      vertex 6.3303 5.38321 6
      vertex 6.492 5.32535 6
    endloop
  endfacet
  facet normal -0 0 1
    outer loop
      vertex 6.17506 8.54336 6
      vertex 6.3303 5.38321 6
      vertex 6.3303 8.61679 6
    endloop
  endfacet
  facet normal 0 0 1
    outer loop
      vertex 6.17506 8.54336 6
      vertex 6.17506 5.45664 6
      vertex 6.3303 5.38321 6
    endloop
  endfacet
  facet normal -0 0 1
    outer loop
      vertex 6.02775 8.45507 6
      vertex 6.17506 5.45664 6
      vertex 6.17506 8.54336 6
    endloop
  endfacet
  facet normal 0 0 1
    outer loop
      vertex 6.02775 8.45507 6
      vertex 6.02775 5.54493 6
      vertex 6.17506 5.45664 6
    endloop
  endfacet
  facet normal -0 0 1
    outer loop
      vertex 5.88981 8.35277 6
      vertex 6.02775 5.54493 6
      vertex 6.02775 8.45507 6
    endloop
  endfacet
  facet normal 0 0 1
    outer loop
      vertex 5.88981 8.35277 6
      vertex 5.88981 5.64723 6
      vertex 6.02775 5.54493 6
    endloop
  endfacet
  facet normal -0 0 1
    outer loop
      vertex 5.76256 8.23744 6
      vertex 5.88981 5.64723 6
      vertex 5.88981 8.35277 6
    endloop
  endfacet
  facet normal 0 0 1
    outer loop
      vertex 5.76256 8.23744 6
      vertex 5.76256 5.76256 6
      vertex 5.88981 5.64723 6
    endloop
  endfacet
  facet normal -0 0 1
    outer loop
      vertex 5.64723 8.11019 6
      vertex 5.76256 5.76256 6
      vertex 5.76256 8.23744 6
    endloop
  endfacet
  facet normal 0 0 1
    outer loop
      vertex 5.64723 8.11019 6
      vertex 5.64723 5.88981 6
      vertex 5.76256 5.76256 6
    endloop
  endfacet
  facet normal -0 0 1
    outer loop
      vertex 5.54493 7.97225 6
      vertex 5.64723 5.88981 6
      vertex 5.64723 8.11019 6
    endloop
  endfacet
  facet normal 0 0 1
    outer loop
      vertex 5.54493 7.97225 6
      vertex 5.54493 6.02775 6
      vertex 5.64723 5.88981 6
    endloop
  endfacet
  facet normal -0 0 1
    outer loop
      vertex 5.45664 7.82494 6
      vertex 5.54493 6.02775 6
      vertex 5.54493 7.97225 6
    endloop
  endfacet
  facet normal 0 0 1
    outer loop
      vertex 5.45664 7.82494 6
      vertex 5.45664 6.17506 6
      vertex 5.54493 6.02775 6
    endloop
  endfacet
  facet normal -0 0 1
    outer loop
      vertex 5.38321 7.6697 6
      vertex 5.45664 6.17506 6
      vertex 5.45664 7.82494 6
    endloop
  endfacet
  facet normal 0 0 1
    outer loop
      vertex 5.38321 7.6697 6
      vertex 5.38321 6.3303 6
      vertex 5.45664 6.17506 6
    endloop
  endfacet
  facet normal -0 0 1
    outer loop
      vertex 5.32535 7.508 6
      vertex 5.38321 6.3303 6
      vertex 5.38321 7.6697 6
    endloop
  endfacet
  facet normal 0 0 1
    outer loop
      vertex 5.32535 7.508 6
      vertex 5.32535 6.492 6
      vertex 5.38321 6.3303 6
    endloop
  endfacet
  facet normal -0 0 1
    outer loop
      vertex 5.28363 7.34141 6
      vertex 5.32535 6.492 6
      vertex 5.32535 7.508 6
    endloop
  endfacet
  facet normal 0 0 1
    outer loop
      vertex 5.28363 7.34141 6
      vertex 5.28363 6.65859 6
      vertex 5.32535 6.492 6
    endloop
  endfacet
  facet normal -0 0 1
    outer loop
      vertex 5.25843 7.17153 6
      vertex 5.28363 6.65859 6
      vertex 5.28363 7.34141 6
    endloop
  endfacet
  facet normal 0 0 1
    outer loop
      vertex 5.25843 7.17153 6
      vertex 5.25843 6.82847 6
      vertex 5.28363 6.65859 6
    endloop
  endfacet
  facet normal 0 -0 1
    outer loop
      vertex 5.25843 6.82847 6
      vertex 5.25843 7.17153 6
      vertex 5.25 7 6
    endloop
  endfacet
  facet normal -0.989099 0.146723 0.0124841
    outer loop
      vertex 5.28363 7.34141 6
      vertex 5.20867 7.17643 2
      vertex 5.25843 7.17153 6
    endloop
  endfacet
  facet normal -0.242914 0.969967 0.0124839
    outer loop
      vertex 6.64884 8.76541 2
      vertex 6.492 8.67465 6
      vertex 6.65859 8.71637 6
    endloop
  endfacet
  facet normal -0.514073 0.857656 0.0124848
    outer loop
      vertex 6.15149 8.58746 2
      vertex 5.99997 8.49664 2
      vertex 6.17506 8.54336 6
    endloop
  endfacet
  facet normal -0.427508 0.903925 0.0124826
    outer loop
      vertex 6.31117 8.66298 2
      vertex 6.15149 8.58746 2
      vertex 6.3303 8.61679 6
    endloop
  endfacet
  facet normal -0.595641 0.803154 0.0124839
    outer loop
      vertex 6.02775 8.45507 6
      vertex 5.85809 8.39142 2
      vertex 5.88981 8.35277 6
    endloop
  endfacet
  facet normal -0.671498 0.740901 0.0124839
    outer loop
      vertex 5.85809 8.39142 2
      vertex 5.76256 8.23744 6
      vertex 5.88981 8.35277 6
    endloop
  endfacet
  facet normal -0.989099 -0.146723 0.0124841
    outer loop
      vertex 5.25843 6.82847 6
      vertex 5.20867 6.82357 2
      vertex 5.28363 6.65859 6
    endloop
  endfacet
  facet normal -0.803154 -0.595641 0.0124839
    outer loop
      vertex 5.64723 5.88981 6
      vertex 5.54493 6.02775 6
      vertex 5.60858 5.85809 2
    endloop
  endfacet
  facet normal -0.514031 -0.857681 0.0124849
    outer loop
      vertex 6.17506 5.45664 6
      vertex 5.99997 5.50335 2
      vertex 6.15149 5.41254 2
    endloop
  endfacet
  facet normal -0.427508 -0.903925 0.0124826
    outer loop
      vertex 6.3303 5.38321 6
      vertex 6.15149 5.41254 2
      vertex 6.31117 5.33702 2
    endloop
  endfacet
  facet normal -0.336878 -0.941466 0.0124827
    outer loop
      vertex 6.3303 5.38321 6
      vertex 6.31117 5.33702 2
      vertex 6.492 5.32535 6
    endloop
  endfacet
  facet normal -0.336862 -0.941471 0.012482
    outer loop
      vertex 6.492 5.32535 6
      vertex 6.31117 5.33702 2
      vertex 6.47749 5.27751 2
    endloop
  endfacet
  facet normal -0.0490829 -0.998717 0.0124842
    outer loop
      vertex 6.82847 5.25843 6
      vertex 6.82357 5.20867 2
      vertex 7 5.25 6
    endloop
  endfacet
  facet normal 0.857656 -0.514073 0.0124848
    outer loop
      vertex 8.54336 6.17506 6
      vertex 8.49664 5.99997 2
      vertex 8.58746 6.15149 2
    endloop
  endfacet
  facet normal 0.903903 -0.427555 0.0124849
    outer loop
      vertex 8.61679 6.3303 6
      vertex 8.54336 6.17506 6
      vertex 8.58746 6.15149 2
    endloop
  endfacet
  facet normal 0.740873 -0.671529 0.0124821
    outer loop
      vertex 8.39142 5.85809 2
      vertex 8.23744 5.76256 6
      vertex 8.27279 5.72721 2
    endloop
  endfacet
  facet normal 0.740901 -0.671498 0.0124839
    outer loop
      vertex 8.35277 5.88981 6
      vertex 8.23744 5.76256 6
      vertex 8.39142 5.85809 2
    endloop
  endfacet
  facet normal 0.242956 0.969957 0.012482
    outer loop
      vertex 7.52251 8.72249 2
      vertex 7.35116 8.76541 2
      vertex 7.508 8.67465 6
    endloop
  endfacet
  facet normal -0.242956 0.969957 0.012482
    outer loop
      vertex 6.64884 8.76541 2
      vertex 6.47749 8.72249 2
      vertex 6.492 8.67465 6
    endloop
  endfacet
  facet normal -0.336862 0.941471 0.012482
    outer loop
      vertex 6.47749 8.72249 2
      vertex 6.31117 8.66298 2
      vertex 6.492 8.67465 6
    endloop
  endfacet
  facet normal -0.595633 0.80316 0.0124835
    outer loop
      vertex 5.99997 8.49664 2
      vertex 5.85809 8.39142 2
      vertex 6.02775 8.45507 6
    endloop
  endfacet
  facet normal -0.514045 0.857673 0.0124834
    outer loop
      vertex 6.17506 8.54336 6
      vertex 5.99997 8.49664 2
      vertex 6.02775 8.45507 6
    endloop
  endfacet
  facet normal -0.427555 0.903903 0.0124849
    outer loop
      vertex 6.3303 8.61679 6
      vertex 6.15149 8.58746 2
      vertex 6.17506 8.54336 6
    endloop
  endfacet
  facet normal -0.427555 -0.903903 0.0124849
    outer loop
      vertex 6.17506 5.45664 6
      vertex 6.15149 5.41254 2
      vertex 6.3303 5.38321 6
    endloop
  endfacet
  facet normal -0.146726 -0.989098 0.012484
    outer loop
      vertex 6.65859 5.28363 6
      vertex 6.64884 5.23459 2
      vertex 6.82357 5.20867 2
    endloop
  endfacet
  facet normal -0.242956 -0.969957 0.012482
    outer loop
      vertex 6.492 5.32535 6
      vertex 6.47749 5.27751 2
      vertex 6.64884 5.23459 2
    endloop
  endfacet
  facet normal -0.0490783 -0.998717 0.012484
    outer loop
      vertex 7 5.25 6
      vertex 6.82357 5.20867 2
      vertex 7 5.2 2
    endloop
  endfacet
  facet normal 0.0490783 -0.998717 0.012484
    outer loop
      vertex 7 5.25 6
      vertex 7 5.2 2
      vertex 7.17643 5.20867 2
    endloop
  endfacet
  facet normal -0.146723 -0.989099 0.0124841
    outer loop
      vertex 6.82847 5.25843 6
      vertex 6.65859 5.28363 6
      vertex 6.82357 5.20867 2
    endloop
  endfacet
  facet normal 0.998717 0.0490866 0.012484
    outer loop
      vertex 8.79133 43.1764 2
      vertex 8.75 43 6
      vertex 8.8 43 2
    endloop
  endfacet
  facet normal -0.595641 -0.803154 0.0124739
    outer loop
      vertex 5.88981 41.6472 6
      vertex 5.85809 41.6086 2
      vertex 6.02775 41.5449 6
    endloop
  endfacet
  facet normal 0.514406 0.857456 0.0124846
    outer loop
      vertex 7.84851 44.5875 2
      vertex 7.82494 44.5434 6
      vertex 8.00003 44.4966 2
    endloop
  endfacet
  facet normal -0.336568 0.941576 0.0124848
    outer loop
      vertex 6.492 44.6746 6
      vertex 6.31117 44.663 2
      vertex 6.3303 44.6168 6
    endloop
  endfacet
  facet normal -0.998716 -0.0490914 0.0124842
    outer loop
      vertex 5.25 43 6
      vertex 5.20867 42.8236 2
      vertex 5.25843 42.8285 6
    endloop
  endfacet
  facet normal 0.595641 -0.803154 0.0124739
    outer loop
      vertex 8.11019 41.6472 6
      vertex 7.97225 41.5449 6
      vertex 8.14191 41.6086 2
    endloop
  endfacet
  facet normal 0.989107 -0.146668 0.0124858
    outer loop
      vertex 8.79133 42.8236 2
      vertex 8.71637 42.6586 6
      vertex 8.76541 42.6488 2
    endloop
  endfacet
  facet normal 0.427412 0.903971 0.0124848
    outer loop
      vertex 7.84851 44.5875 2
      vertex 7.6697 44.6168 6
      vertex 7.82494 44.5434 6
    endloop
  endfacet
  facet normal 0.146723 0.989099 0.0124693
    outer loop
      vertex 7.17643 44.7913 2
      vertex 7.17153 44.7416 6
      vertex 7.34141 44.7164 6
    endloop
  endfacet
  facet normal 0.903861 0.427645 0.0124882
    outer loop
      vertex 8.58746 43.8485 2
      vertex 8.54336 43.8249 6
      vertex 8.61679 43.6697 6
    endloop
  endfacet
  facet normal 0.989107 0.146668 0.0124858
    outer loop
      vertex 8.76541 43.3512 2
      vertex 8.71637 43.3414 6
      vertex 8.79133 43.1764 2
    endloop
  endfacet
  facet normal -0.74077 0.671643 0.0124805
    outer loop
      vertex 5.76256 44.2374 6
      vertex 5.60858 44.1419 2
      vertex 5.64723 44.1102 6
    endloop
  endfacet
  facet normal -0.941458 0.336898 0.0124811
    outer loop
      vertex 5.33702 43.6888 2
      vertex 5.27751 43.5225 2
      vertex 5.32535 43.508 6
    endloop
  endfacet
  facet normal -0.941458 -0.336898 0.0124811
    outer loop
      vertex 5.32535 42.492 6
      vertex 5.27751 42.4775 2
      vertex 5.33702 42.3112 2
    endloop
  endfacet
  facet normal -0.740924 -0.671473 0.0124904
    outer loop
      vertex 5.76256 41.7626 6
      vertex 5.60858 41.8581 2
      vertex 5.72721 41.7272 2
    endloop
  endfacet
  facet normal -0.941466 -0.336878 0.0124802
    outer loop
      vertex 5.38321 42.3303 6
      vertex 5.32535 42.492 6
      vertex 5.33702 42.3112 2
    endloop
  endfacet
  facet normal -0.903946 -0.427464 0.0124795
    outer loop
      vertex 5.38321 42.3303 6
      vertex 5.33702 42.3112 2
      vertex 5.41254 42.1515 2
    endloop
  endfacet
  facet normal 0.903946 -0.427464 0.0124795
    outer loop
      vertex 8.61679 42.3303 6
      vertex 8.58746 42.1515 2
      vertex 8.66298 42.3112 2
    endloop
  endfacet
  facet normal 0.803278 -0.595473 0.0124808
    outer loop
      vertex 8.45507 42.0278 6
      vertex 8.35277 41.8898 6
      vertex 8.39142 41.8581 2
    endloop
  endfacet
  facet normal 0.514406 -0.857456 0.0124846
    outer loop
      vertex 8.00003 41.5034 2
      vertex 7.82494 41.4566 6
      vertex 7.84851 41.4125 2
    endloop
  endfacet
  facet normal 0.146615 0.989115 0.012474
    outer loop
      vertex 7.35116 44.7654 2
      vertex 7.17643 44.7913 2
      vertex 7.34141 44.7164 6
    endloop
  endfacet
  facet normal 0.243352 0.969858 0.0124739
    outer loop
      vertex 7.35116 44.7654 2
      vertex 7.34141 44.7164 6
      vertex 7.508 44.6746 6
    endloop
  endfacet
  facet normal -0.0489086 0.998725 0.0124691
    outer loop
      vertex 7 44.75 6
      vertex 6.82357 44.7913 2
      vertex 6.82847 44.7416 6
    endloop
  endfacet
  facet normal 0.941466 0.336878 0.0124802
    outer loop
      vertex 8.66298 43.6888 2
      vertex 8.61679 43.6697 6
      vertex 8.67465 43.508 6
    endloop
  endfacet
  facet normal 0.998716 0.0490914 0.0124842
    outer loop
      vertex 8.79133 43.1764 2
      vertex 8.74157 43.1715 6
      vertex 8.75 43 6
    endloop
  endfacet
  facet normal 0.989101 0.146706 0.0124841
    outer loop
      vertex 8.79133 43.1764 2
      vertex 8.71637 43.3414 6
      vertex 8.74157 43.1715 6
    endloop
  endfacet
  facet normal 0.998717 -0.0490866 0.012484
    outer loop
      vertex 8.8 43 2
      vertex 8.75 43 6
      vertex 8.79133 42.8236 2
    endloop
  endfacet
  facet normal -0.998717 0.0490866 0.012484
    outer loop
      vertex 5.20867 43.1764 2
      vertex 5.2 43 2
      vertex 5.25 43 6
    endloop
  endfacet
  facet normal -0.998717 -0.0490866 0.012484
    outer loop
      vertex 5.25 43 6
      vertex 5.2 43 2
      vertex 5.20867 42.8236 2
    endloop
  endfacet
  facet normal -0.96994 0.243023 0.0124814
    outer loop
      vertex 5.27751 43.5225 2
      vertex 5.23459 43.3512 2
      vertex 5.32535 43.508 6
    endloop
  endfacet
  facet normal -0.803173 0.595616 0.0124885
    outer loop
      vertex 5.60858 44.1419 2
      vertex 5.50335 44 2
      vertex 5.54493 43.9722 6
    endloop
  endfacet
  facet normal -0.671436 0.740957 0.0124913
    outer loop
      vertex 5.85809 44.3914 2
      vertex 5.72721 44.2728 2
      vertex 5.76256 44.2374 6
    endloop
  endfacet
  facet normal -0.74077 -0.671643 0.0124805
    outer loop
      vertex 5.64723 41.8898 6
      vertex 5.60858 41.8581 2
      vertex 5.76256 41.7626 6
    endloop
  endfacet
  facet normal -0.59556 -0.803214 0.0124695
    outer loop
      vertex 6.02775 41.5449 6
      vertex 5.85809 41.6086 2
      vertex 5.99997 41.5034 2
    endloop
  endfacet
  facet normal -0.857651 -0.514081 0.0124887
    outer loop
      vertex 5.45664 42.1751 6
      vertex 5.41254 42.1515 2
      vertex 5.50335 42 2
    endloop
  endfacet
  facet normal 0.146615 -0.989115 0.012474
    outer loop
      vertex 7.34141 41.2836 6
      vertex 7.17643 41.2087 2
      vertex 7.35116 41.2346 2
    endloop
  endfacet
  facet normal 0.998716 -0.0490914 0.0124842
    outer loop
      vertex 8.75 43 6
      vertex 8.74157 42.8285 6
      vertex 8.79133 42.8236 2
    endloop
  endfacet
  facet normal 0.969971 -0.2429 0.0124869
    outer loop
      vertex 8.71637 42.6586 6
      vertex 8.67465 42.492 6
      vertex 8.76541 42.6488 2
    endloop
  endfacet
  facet normal 0.941458 -0.336898 0.0124811
    outer loop
      vertex 8.67465 42.492 6
      vertex 8.66298 42.3112 2
      vertex 8.72249 42.4775 2
    endloop
  endfacet
  facet normal 0.96994 -0.243023 0.0124814
    outer loop
      vertex 8.76541 42.6488 2
      vertex 8.67465 42.492 6
      vertex 8.72249 42.4775 2
    endloop
  endfacet
  facet normal 0.8032 -0.595579 0.0124865
    outer loop
      vertex 8.45507 42.0278 6
      vertex 8.39142 41.8581 2
      vertex 8.49664 42 2
    endloop
  endfacet
  facet normal 0.336568 -0.941576 0.0124848
    outer loop
      vertex 7.6697 41.3832 6
      vertex 7.508 41.3254 6
      vertex 7.68883 41.337 2
    endloop
  endfacet
  facet normal 0.427415 -0.903969 0.012485
    outer loop
      vertex 7.84851 41.4125 2
      vertex 7.6697 41.3832 6
      vertex 7.68883 41.337 2
    endloop
  endfacet
  facet normal 0.595641 0.803154 0.0124739
    outer loop
      vertex 8.14191 44.3914 2
      vertex 7.97225 44.4551 6
      vertex 8.11019 44.3528 6
    endloop
  endfacet
  facet normal 0.336568 0.941576 0.0124848
    outer loop
      vertex 7.68883 44.663 2
      vertex 7.508 44.6746 6
      vertex 7.6697 44.6168 6
    endloop
  endfacet
  facet normal 0.427415 0.903969 0.012485
    outer loop
      vertex 7.68883 44.663 2
      vertex 7.6697 44.6168 6
      vertex 7.84851 44.5875 2
    endloop
  endfacet
  facet normal 0.0492477 0.998709 0.0124839
    outer loop
      vertex 7 44.8 2
      vertex 7 44.75 6
      vertex 7.17643 44.7913 2
    endloop
  endfacet
  facet normal 0.0489086 0.998725 0.0124691
    outer loop
      vertex 7.17643 44.7913 2
      vertex 7 44.75 6
      vertex 7.17153 44.7416 6
    endloop
  endfacet
  facet normal 0.941458 0.336898 0.0124811
    outer loop
      vertex 8.72249 43.5225 2
      vertex 8.66298 43.6888 2
      vertex 8.67465 43.508 6
    endloop
  endfacet
  facet normal 0.96994 0.243023 0.0124814
    outer loop
      vertex 8.72249 43.5225 2
      vertex 8.67465 43.508 6
      vertex 8.76541 43.3512 2
    endloop
  endfacet
  facet normal 0.969971 0.2429 0.0124869
    outer loop
      vertex 8.76541 43.3512 2
      vertex 8.67465 43.508 6
      vertex 8.71637 43.3414 6
    endloop
  endfacet
  facet normal 0.903946 0.427464 0.0124795
    outer loop
      vertex 8.66298 43.6888 2
      vertex 8.58746 43.8485 2
      vertex 8.61679 43.6697 6
    endloop
  endfacet
  facet normal 0.671722 0.740698 0.0124745
    outer loop
      vertex 8.14191 44.3914 2
      vertex 8.11019 44.3528 6
      vertex 8.23744 44.2374 6
    endloop
  endfacet
  facet normal 0.740924 0.671473 0.0124904
    outer loop
      vertex 8.27279 44.2728 2
      vertex 8.23744 44.2374 6
      vertex 8.39142 44.1419 2
    endloop
  endfacet
  facet normal 0.671436 0.740957 0.0124913
    outer loop
      vertex 8.27279 44.2728 2
      vertex 8.14191 44.3914 2
      vertex 8.23744 44.2374 6
    endloop
  endfacet
  facet normal -0.998716 0.0490914 0.0124842
    outer loop
      vertex 5.25843 43.1715 6
      vertex 5.20867 43.1764 2
      vertex 5.25 43 6
    endloop
  endfacet
  facet normal -0.989107 0.146668 0.0124858
    outer loop
      vertex 5.23459 43.3512 2
      vertex 5.20867 43.1764 2
      vertex 5.28363 43.3414 6
    endloop
  endfacet
  facet normal -0.969971 0.2429 0.0124869
    outer loop
      vertex 5.32535 43.508 6
      vertex 5.23459 43.3512 2
      vertex 5.28363 43.3414 6
    endloop
  endfacet
  facet normal -0.941466 0.336878 0.0124802
    outer loop
      vertex 5.33702 43.6888 2
      vertex 5.32535 43.508 6
      vertex 5.38321 43.6697 6
    endloop
  endfacet
  facet normal -0.803278 0.595473 0.0124808
    outer loop
      vertex 5.60858 44.1419 2
      vertex 5.54493 43.9722 6
      vertex 5.64723 44.1102 6
    endloop
  endfacet
  facet normal -0.903946 0.427464 0.0124795
    outer loop
      vertex 5.41254 43.8485 2
      vertex 5.33702 43.6888 2
      vertex 5.38321 43.6697 6
    endloop
  endfacet
  facet normal -0.903861 0.427645 0.0124882
    outer loop
      vertex 5.41254 43.8485 2
      vertex 5.38321 43.6697 6
      vertex 5.45664 43.8249 6
    endloop
  endfacet
  facet normal -0.857651 0.514081 0.0124887
    outer loop
      vertex 5.50335 44 2
      vertex 5.41254 43.8485 2
      vertex 5.45664 43.8249 6
    endloop
  endfacet
  facet normal -0.857657 0.51407 0.0124881
    outer loop
      vertex 5.50335 44 2
      vertex 5.45664 43.8249 6
      vertex 5.54493 43.9722 6
    endloop
  endfacet
  facet normal -0.146723 0.989099 0.0124693
    outer loop
      vertex 6.82357 44.7913 2
      vertex 6.65859 44.7164 6
      vertex 6.82847 44.7416 6
    endloop
  endfacet
  facet normal -0.59556 0.803214 0.0124695
    outer loop
      vertex 5.99997 44.4966 2
      vertex 5.85809 44.3914 2
      vertex 6.02775 44.4551 6
    endloop
  endfacet
  facet normal -0.740924 0.671473 0.0124904
    outer loop
      vertex 5.72721 44.2728 2
      vertex 5.60858 44.1419 2
      vertex 5.76256 44.2374 6
    endloop
  endfacet
  facet normal -0.969971 -0.2429 0.0124869
    outer loop
      vertex 5.28363 42.6586 6
      vertex 5.23459 42.6488 2
      vertex 5.32535 42.492 6
    endloop
  endfacet
  facet normal -0.96994 -0.243023 0.0124814
    outer loop
      vertex 5.32535 42.492 6
      vertex 5.23459 42.6488 2
      vertex 5.27751 42.4775 2
    endloop
  endfacet
  facet normal -0.671436 -0.740957 0.0124913
    outer loop
      vertex 5.76256 41.7626 6
      vertex 5.72721 41.7272 2
      vertex 5.85809 41.6086 2
    endloop
  endfacet
  facet normal -0.671722 -0.740698 0.0124745
    outer loop
      vertex 5.88981 41.6472 6
      vertex 5.76256 41.7626 6
      vertex 5.85809 41.6086 2
    endloop
  endfacet
  facet normal -0.427412 -0.903971 0.0124848
    outer loop
      vertex 6.17506 41.4566 6
      vertex 6.15149 41.4125 2
      vertex 6.3303 41.3832 6
    endloop
  endfacet
  facet normal -0.0489086 -0.998725 0.0124691
    outer loop
      vertex 6.82847 41.2584 6
      vertex 6.82357 41.2087 2
      vertex 7 41.25 6
    endloop
  endfacet
  facet normal 0.146723 -0.989099 0.0124693
    outer loop
      vertex 7.34141 41.2836 6
      vertex 7.17153 41.2584 6
      vertex 7.17643 41.2087 2
    endloop
  endfacet
  facet normal -0.803173 -0.595616 0.0124885
    outer loop
      vertex 5.54493 42.0278 6
      vertex 5.50335 42 2
      vertex 5.60858 41.8581 2
    endloop
  endfacet
  facet normal -0.857657 -0.51407 0.0124881
    outer loop
      vertex 5.54493 42.0278 6
      vertex 5.45664 42.1751 6
      vertex 5.50335 42 2
    endloop
  endfacet
  facet normal -0.903861 -0.427645 0.0124882
    outer loop
      vertex 5.45664 42.1751 6
      vertex 5.38321 42.3303 6
      vertex 5.41254 42.1515 2
    endloop
  endfacet
  facet normal 0.989101 -0.146706 0.0124841
    outer loop
      vertex 8.74157 42.8285 6
      vertex 8.71637 42.6586 6
      vertex 8.79133 42.8236 2
    endloop
  endfacet
  facet normal 0.941466 -0.336878 0.0124802
    outer loop
      vertex 8.67465 42.492 6
      vertex 8.61679 42.3303 6
      vertex 8.66298 42.3112 2
    endloop
  endfacet
  facet normal 0.857657 -0.51407 0.012486
    outer loop
      vertex 8.54336 42.1751 6
      vertex 8.45507 42.0278 6
      vertex 8.49664 42 2
    endloop
  endfacet
  facet normal 0.671436 -0.740957 0.0124913
    outer loop
      vertex 8.23744 41.7626 6
      vertex 8.14191 41.6086 2
      vertex 8.27279 41.7272 2
    endloop
  endfacet
  facet normal 0.671722 -0.740698 0.0124745
    outer loop
      vertex 8.23744 41.7626 6
      vertex 8.11019 41.6472 6
      vertex 8.14191 41.6086 2
    endloop
  endfacet
  facet normal 0.59556 -0.803214 0.0124695
    outer loop
      vertex 8.14191 41.6086 2
      vertex 7.97225 41.5449 6
      vertex 8.00003 41.5034 2
    endloop
  endfacet
  facet normal 0.514088 -0.857647 0.0124684
    outer loop
      vertex 7.97225 41.5449 6
      vertex 7.82494 41.4566 6
      vertex 8.00003 41.5034 2
    endloop
  endfacet
  facet normal 0.427412 -0.903971 0.0124848
    outer loop
      vertex 7.82494 41.4566 6
      vertex 7.6697 41.3832 6
      vertex 7.84851 41.4125 2
    endloop
  endfacet
  facet normal 0.243352 -0.969858 0.0124739
    outer loop
      vertex 7.508 41.3254 6
      vertex 7.34141 41.2836 6
      vertex 7.35116 41.2346 2
    endloop
  endfacet
  facet normal 0.24285 -0.969983 0.0124965
    outer loop
      vertex 7.508 41.3254 6
      vertex 7.35116 41.2346 2
      vertex 7.52251 41.2775 2
    endloop
  endfacet
  facet normal 0.336812 -0.941489 0.0124961
    outer loop
      vertex 7.68883 41.337 2
      vertex 7.508 41.3254 6
      vertex 7.52251 41.2775 2
    endloop
  endfacet
  facet normal 0.59556 0.803214 0.0124695
    outer loop
      vertex 8.00003 44.4966 2
      vertex 7.97225 44.4551 6
      vertex 8.14191 44.3914 2
    endloop
  endfacet
  facet normal 0.514088 0.857647 0.0124684
    outer loop
      vertex 8.00003 44.4966 2
      vertex 7.82494 44.5434 6
      vertex 7.97225 44.4551 6
    endloop
  endfacet
  facet normal 0.336812 0.941489 0.0124961
    outer loop
      vertex 7.52251 44.7225 2
      vertex 7.508 44.6746 6
      vertex 7.68883 44.663 2
    endloop
  endfacet
  facet normal -0.0492477 0.998709 0.0124839
    outer loop
      vertex 7 44.8 2
      vertex 6.82357 44.7913 2
      vertex 7 44.75 6
    endloop
  endfacet
  facet normal 0.8032 0.595579 0.0124865
    outer loop
      vertex 8.49664 44 2
      vertex 8.39142 44.1419 2
      vertex 8.45507 43.9722 6
    endloop
  endfacet
  facet normal 0.857657 0.51407 0.012486
    outer loop
      vertex 8.49664 44 2
      vertex 8.45507 43.9722 6
      vertex 8.54336 43.8249 6
    endloop
  endfacet
  facet normal 0.857626 0.514123 0.0124886
    outer loop
      vertex 8.58746 43.8485 2
      vertex 8.49664 44 2
      vertex 8.54336 43.8249 6
    endloop
  endfacet
  facet normal 0.803278 0.595473 0.0124808
    outer loop
      vertex 8.39142 44.1419 2
      vertex 8.35277 44.1102 6
      vertex 8.45507 43.9722 6
    endloop
  endfacet
  facet normal 0.74077 0.671643 0.0124805
    outer loop
      vertex 8.39142 44.1419 2
      vertex 8.23744 44.2374 6
      vertex 8.35277 44.1102 6
    endloop
  endfacet
  facet normal 0 0 1
    outer loop
      vertex 8.74157 43.1715 6
      vertex 8.74157 42.8285 6
      vertex 8.75 43 6
    endloop
  endfacet
  facet normal 0 0 1
    outer loop
      vertex 8.71637 43.3414 6
      vertex 8.74157 42.8285 6
      vertex 8.74157 43.1715 6
    endloop
  endfacet
  facet normal 0 0 1
    outer loop
      vertex 8.71637 43.3414 6
      vertex 8.71637 42.6586 6
      vertex 8.74157 42.8285 6
    endloop
  endfacet
  facet normal 0 0 1
    outer loop
      vertex 8.67465 43.508 6
      vertex 8.71637 42.6586 6
      vertex 8.71637 43.3414 6
    endloop
  endfacet
  facet normal 0 0 1
    outer loop
      vertex 8.67465 43.508 6
      vertex 8.67465 42.492 6
      vertex 8.71637 42.6586 6
    endloop
  endfacet
  facet normal 0 0 1
    outer loop
      vertex 8.61679 43.6697 6
      vertex 8.67465 42.492 6
      vertex 8.67465 43.508 6
    endloop
  endfacet
  facet normal 0 0 1
    outer loop
      vertex 8.61679 43.6697 6
      vertex 8.61679 42.3303 6
      vertex 8.67465 42.492 6
    endloop
  endfacet
  facet normal 0 0 1
    outer loop
      vertex 8.54336 43.8249 6
      vertex 8.61679 42.3303 6
      vertex 8.61679 43.6697 6
    endloop
  endfacet
  facet normal 0 0 1
    outer loop
      vertex 8.54336 43.8249 6
      vertex 8.54336 42.1751 6
      vertex 8.61679 42.3303 6
    endloop
  endfacet
  facet normal 0 0 1
    outer loop
      vertex 8.45507 43.9722 6
      vertex 8.54336 42.1751 6
      vertex 8.54336 43.8249 6
    endloop
  endfacet
  facet normal 0 0 1
    outer loop
      vertex 8.45507 43.9722 6
      vertex 8.45507 42.0278 6
      vertex 8.54336 42.1751 6
    endloop
  endfacet
  facet normal 0 0 1
    outer loop
      vertex 8.35277 44.1102 6
      vertex 8.45507 42.0278 6
      vertex 8.45507 43.9722 6
    endloop
  endfacet
  facet normal 0 0 1
    outer loop
      vertex 8.35277 44.1102 6
      vertex 8.35277 41.8898 6
      vertex 8.45507 42.0278 6
    endloop
  endfacet
  facet normal 0 0 1
    outer loop
      vertex 8.23744 44.2374 6
      vertex 8.35277 41.8898 6
      vertex 8.35277 44.1102 6
    endloop
  endfacet
  facet normal 0 0 1
    outer loop
      vertex 8.23744 44.2374 6
      vertex 8.23744 41.7626 6
      vertex 8.35277 41.8898 6
    endloop
  endfacet
  facet normal 0 0 1
    outer loop
      vertex 8.11019 44.3528 6
      vertex 8.23744 41.7626 6
      vertex 8.23744 44.2374 6
    endloop
  endfacet
  facet normal 0 0 1
    outer loop
      vertex 8.11019 44.3528 6
      vertex 8.11019 41.6472 6
      vertex 8.23744 41.7626 6
    endloop
  endfacet
  facet normal 0 0 1
    outer loop
      vertex 7.97225 44.4551 6
      vertex 8.11019 41.6472 6
      vertex 8.11019 44.3528 6
    endloop
  endfacet
  facet normal 0 0 1
    outer loop
      vertex 7.97225 44.4551 6
      vertex 7.97225 41.5449 6
      vertex 8.11019 41.6472 6
    endloop
  endfacet
  facet normal 0 0 1
    outer loop
      vertex 7.82494 44.5434 6
      vertex 7.97225 41.5449 6
      vertex 7.97225 44.4551 6
    endloop
  endfacet
  facet normal 0 0 1
    outer loop
      vertex 7.82494 44.5434 6
      vertex 7.82494 41.4566 6
      vertex 7.97225 41.5449 6
    endloop
  endfacet
  facet normal 0 0 1
    outer loop
      vertex 7.6697 44.6168 6
      vertex 7.82494 41.4566 6
      vertex 7.82494 44.5434 6
    endloop
  endfacet
  facet normal 0 0 1
    outer loop
      vertex 7.6697 44.6168 6
      vertex 7.6697 41.3832 6
      vertex 7.82494 41.4566 6
    endloop
  endfacet
  facet normal 0 0 1
    outer loop
      vertex 7.508 44.6746 6
      vertex 7.6697 41.3832 6
      vertex 7.6697 44.6168 6
    endloop
  endfacet
  facet normal 0 0 1
    outer loop
      vertex 7.508 44.6746 6
      vertex 7.508 41.3254 6
      vertex 7.6697 41.3832 6
    endloop
  endfacet
  facet normal 0 0 1
    outer loop
      vertex 7.34141 44.7164 6
      vertex 7.508 41.3254 6
      vertex 7.508 44.6746 6
    endloop
  endfacet
  facet normal 0 0 1
    outer loop
      vertex 7.34141 44.7164 6
      vertex 7.34141 41.2836 6
      vertex 7.508 41.3254 6
    endloop
  endfacet
  facet normal 0 0 1
    outer loop
      vertex 7.17153 44.7416 6
      vertex 7.34141 41.2836 6
      vertex 7.34141 44.7164 6
    endloop
  endfacet
  facet normal 0 0 1
    outer loop
      vertex 7.17153 44.7416 6
      vertex 7.17153 41.2584 6
      vertex 7.34141 41.2836 6
    endloop
  endfacet
  facet normal 0 0 1
    outer loop
      vertex 7 44.75 6
      vertex 7.17153 41.2584 6
      vertex 7.17153 44.7416 6
    endloop
  endfacet
  facet normal 0 0 1
    outer loop
      vertex 7 44.75 6
      vertex 7 41.25 6
      vertex 7.17153 41.2584 6
    endloop
  endfacet
  facet normal -0 0 1
    outer loop
      vertex 6.82847 44.7416 6
      vertex 7 41.25 6
      vertex 7 44.75 6
    endloop
  endfacet
  facet normal 0 0 1
    outer loop
      vertex 6.82847 44.7416 6
      vertex 6.82847 41.2584 6
      vertex 7 41.25 6
    endloop
  endfacet
  facet normal -0 0 1
    outer loop
      vertex 6.65859 44.7164 6
      vertex 6.82847 41.2584 6
      vertex 6.82847 44.7416 6
    endloop
  endfacet
  facet normal 0 0 1
    outer loop
      vertex 6.65859 44.7164 6
      vertex 6.65859 41.2836 6
      vertex 6.82847 41.2584 6
    endloop
  endfacet
  facet normal -0 0 1
    outer loop
      vertex 6.492 44.6746 6
      vertex 6.65859 41.2836 6
      vertex 6.65859 44.7164 6
    endloop
  endfacet
  facet normal 0 0 1
    outer loop
      vertex 6.492 44.6746 6
      vertex 6.492 41.3254 6
      vertex 6.65859 41.2836 6
    endloop
  endfacet
  facet normal -0 0 1
    outer loop
      vertex 6.3303 44.6168 6
      vertex 6.492 41.3254 6
      vertex 6.492 44.6746 6
    endloop
  endfacet
  facet normal 0 0 1
    outer loop
      vertex 6.3303 44.6168 6
      vertex 6.3303 41.3832 6
      vertex 6.492 41.3254 6
    endloop
  endfacet
  facet normal -0 0 1
    outer loop
      vertex 6.17506 44.5434 6
      vertex 6.3303 41.3832 6
      vertex 6.3303 44.6168 6
    endloop
  endfacet
  facet normal 0 0 1
    outer loop
      vertex 6.17506 44.5434 6
      vertex 6.17506 41.4566 6
      vertex 6.3303 41.3832 6
    endloop
  endfacet
  facet normal -0 0 1
    outer loop
      vertex 6.02775 44.4551 6
      vertex 6.17506 41.4566 6
      vertex 6.17506 44.5434 6
    endloop
  endfacet
  facet normal 0 0 1
    outer loop
      vertex 6.02775 44.4551 6
      vertex 6.02775 41.5449 6
      vertex 6.17506 41.4566 6
    endloop
  endfacet
  facet normal -0 0 1
    outer loop
      vertex 5.88981 44.3528 6
      vertex 6.02775 41.5449 6
      vertex 6.02775 44.4551 6
    endloop
  endfacet
  facet normal 0 0 1
    outer loop
      vertex 5.88981 44.3528 6
      vertex 5.88981 41.6472 6
      vertex 6.02775 41.5449 6
    endloop
  endfacet
  facet normal -0 0 1
    outer loop
      vertex 5.76256 44.2374 6
      vertex 5.88981 41.6472 6
      vertex 5.88981 44.3528 6
    endloop
  endfacet
  facet normal 0 0 1
    outer loop
      vertex 5.76256 44.2374 6
      vertex 5.76256 41.7626 6
      vertex 5.88981 41.6472 6
    endloop
  endfacet
  facet normal -0 0 1
    outer loop
      vertex 5.64723 44.1102 6
      vertex 5.76256 41.7626 6
      vertex 5.76256 44.2374 6
    endloop
  endfacet
  facet normal 0 0 1
    outer loop
      vertex 5.64723 44.1102 6
      vertex 5.64723 41.8898 6
      vertex 5.76256 41.7626 6
    endloop
  endfacet
  facet normal -0 0 1
    outer loop
      vertex 5.54493 43.9722 6
      vertex 5.64723 41.8898 6
      vertex 5.64723 44.1102 6
    endloop
  endfacet
  facet normal 0 0 1
    outer loop
      vertex 5.54493 43.9722 6
      vertex 5.54493 42.0278 6
      vertex 5.64723 41.8898 6
    endloop
  endfacet
  facet normal -0 0 1
    outer loop
      vertex 5.45664 43.8249 6
      vertex 5.54493 42.0278 6
      vertex 5.54493 43.9722 6
    endloop
  endfacet
  facet normal 0 0 1
    outer loop
      vertex 5.45664 43.8249 6
      vertex 5.45664 42.1751 6
      vertex 5.54493 42.0278 6
    endloop
  endfacet
  facet normal -0 0 1
    outer loop
      vertex 5.38321 43.6697 6
      vertex 5.45664 42.1751 6
      vertex 5.45664 43.8249 6
    endloop
  endfacet
  facet normal 0 0 1
    outer loop
      vertex 5.38321 43.6697 6
      vertex 5.38321 42.3303 6
      vertex 5.45664 42.1751 6
    endloop
  endfacet
  facet normal -0 0 1
    outer loop
      vertex 5.32535 43.508 6
      vertex 5.38321 42.3303 6
      vertex 5.38321 43.6697 6
    endloop
  endfacet
  facet normal 0 0 1
    outer loop
      vertex 5.32535 43.508 6
      vertex 5.32535 42.492 6
      vertex 5.38321 42.3303 6
    endloop
  endfacet
  facet normal -0 0 1
    outer loop
      vertex 5.28363 43.3414 6
      vertex 5.32535 42.492 6
      vertex 5.32535 43.508 6
    endloop
  endfacet
  facet normal 0 0 1
    outer loop
      vertex 5.28363 43.3414 6
      vertex 5.28363 42.6586 6
      vertex 5.32535 42.492 6
    endloop
  endfacet
  facet normal -0 0 1
    outer loop
      vertex 5.25843 43.1715 6
      vertex 5.28363 42.6586 6
      vertex 5.28363 43.3414 6
    endloop
  endfacet
  facet normal 0 0 1
    outer loop
      vertex 5.25843 43.1715 6
      vertex 5.25843 42.8285 6
      vertex 5.28363 42.6586 6
    endloop
  endfacet
  facet normal 0 -0 1
    outer loop
      vertex 5.25843 42.8285 6
      vertex 5.25843 43.1715 6
      vertex 5.25 43 6
    endloop
  endfacet
  facet normal -0.989101 0.146706 0.0124841
    outer loop
      vertex 5.28363 43.3414 6
      vertex 5.20867 43.1764 2
      vertex 5.25843 43.1715 6
    endloop
  endfacet
  facet normal -0.146615 0.989115 0.012474
    outer loop
      vertex 6.82357 44.7913 2
      vertex 6.64884 44.7654 2
      vertex 6.65859 44.7164 6
    endloop
  endfacet
  facet normal -0.243352 0.969858 0.0124739
    outer loop
      vertex 6.64884 44.7654 2
      vertex 6.492 44.6746 6
      vertex 6.65859 44.7164 6
    endloop
  endfacet
  facet normal -0.427412 0.903971 0.0124848
    outer loop
      vertex 6.3303 44.6168 6
      vertex 6.15149 44.5875 2
      vertex 6.17506 44.5434 6
    endloop
  endfacet
  facet normal -0.427415 0.903969 0.012485
    outer loop
      vertex 6.31117 44.663 2
      vertex 6.15149 44.5875 2
      vertex 6.3303 44.6168 6
    endloop
  endfacet
  facet normal -0.595641 0.803154 0.0124739
    outer loop
      vertex 6.02775 44.4551 6
      vertex 5.85809 44.3914 2
      vertex 5.88981 44.3528 6
    endloop
  endfacet
  facet normal -0.671722 0.740698 0.0124745
    outer loop
      vertex 5.85809 44.3914 2
      vertex 5.76256 44.2374 6
      vertex 5.88981 44.3528 6
    endloop
  endfacet
  facet normal -0.989101 -0.146706 0.0124841
    outer loop
      vertex 5.25843 42.8285 6
      vertex 5.20867 42.8236 2
      vertex 5.28363 42.6586 6
    endloop
  endfacet
  facet normal -0.989107 -0.146668 0.0124858
    outer loop
      vertex 5.28363 42.6586 6
      vertex 5.20867 42.8236 2
      vertex 5.23459 42.6488 2
    endloop
  endfacet
  facet normal -0.803278 -0.595473 0.0124808
    outer loop
      vertex 5.64723 41.8898 6
      vertex 5.54493 42.0278 6
      vertex 5.60858 41.8581 2
    endloop
  endfacet
  facet normal -0.427415 -0.903969 0.012485
    outer loop
      vertex 6.3303 41.3832 6
      vertex 6.15149 41.4125 2
      vertex 6.31117 41.337 2
    endloop
  endfacet
  facet normal -0.336568 -0.941576 0.0124848
    outer loop
      vertex 6.3303 41.3832 6
      vertex 6.31117 41.337 2
      vertex 6.492 41.3254 6
    endloop
  endfacet
  facet normal -0.336812 -0.941489 0.0124961
    outer loop
      vertex 6.492 41.3254 6
      vertex 6.31117 41.337 2
      vertex 6.47749 41.2775 2
    endloop
  endfacet
  facet normal 0.0492477 -0.998709 0.0124839
    outer loop
      vertex 7 41.25 6
      vertex 7 41.2 2
      vertex 7.17643 41.2087 2
    endloop
  endfacet
  facet normal -0.0492477 -0.998709 0.0124839
    outer loop
      vertex 7 41.25 6
      vertex 6.82357 41.2087 2
      vertex 7 41.2 2
    endloop
  endfacet
  facet normal 0.857626 -0.514123 0.0124886
    outer loop
      vertex 8.54336 42.1751 6
      vertex 8.49664 42 2
      vertex 8.58746 42.1515 2
    endloop
  endfacet
  facet normal 0.903861 -0.427645 0.0124882
    outer loop
      vertex 8.61679 42.3303 6
      vertex 8.54336 42.1751 6
      vertex 8.58746 42.1515 2
    endloop
  endfacet
  facet normal 0.740924 -0.671473 0.0124904
    outer loop
      vertex 8.39142 41.8581 2
      vertex 8.23744 41.7626 6
      vertex 8.27279 41.7272 2
    endloop
  endfacet
  facet normal 0.74077 -0.671643 0.0124805
    outer loop
      vertex 8.35277 41.8898 6
      vertex 8.23744 41.7626 6
      vertex 8.39142 41.8581 2
    endloop
  endfacet
  facet normal 0.24285 0.969983 0.0124965
    outer loop
      vertex 7.52251 44.7225 2
      vertex 7.35116 44.7654 2
      vertex 7.508 44.6746 6
    endloop
  endfacet
  facet normal -0.24285 0.969983 0.0124965
    outer loop
      vertex 6.64884 44.7654 2
      vertex 6.47749 44.7225 2
      vertex 6.492 44.6746 6
    endloop
  endfacet
  facet normal -0.336812 0.941489 0.0124961
    outer loop
      vertex 6.47749 44.7225 2
      vertex 6.31117 44.663 2
      vertex 6.492 44.6746 6
    endloop
  endfacet
  facet normal -0.514406 0.857456 0.0124846
    outer loop
      vertex 6.15149 44.5875 2
      vertex 5.99997 44.4966 2
      vertex 6.17506 44.5434 6
    endloop
  endfacet
  facet normal -0.514088 0.857647 0.0124684
    outer loop
      vertex 6.17506 44.5434 6
      vertex 5.99997 44.4966 2
      vertex 6.02775 44.4551 6
    endloop
  endfacet
  facet normal -0.514088 -0.857647 0.0124684
    outer loop
      vertex 6.02775 41.5449 6
      vertex 5.99997 41.5034 2
      vertex 6.17506 41.4566 6
    endloop
  endfacet
  facet normal -0.514406 -0.857456 0.0124846
    outer loop
      vertex 6.17506 41.4566 6
      vertex 5.99997 41.5034 2
      vertex 6.15149 41.4125 2
    endloop
  endfacet
  facet normal -0.243352 -0.969858 0.0124739
    outer loop
      vertex 6.65859 41.2836 6
      vertex 6.492 41.3254 6
      vertex 6.64884 41.2346 2
    endloop
  endfacet
  facet normal -0.24285 -0.969983 0.0124965
    outer loop
      vertex 6.492 41.3254 6
      vertex 6.47749 41.2775 2
      vertex 6.64884 41.2346 2
    endloop
  endfacet
  facet normal 0.0489086 -0.998725 0.0124691
    outer loop
      vertex 7.17153 41.2584 6
      vertex 7 41.25 6
      vertex 7.17643 41.2087 2
    endloop
  endfacet
  facet normal -0.146615 -0.989115 0.012474
    outer loop
      vertex 6.65859 41.2836 6
      vertex 6.64884 41.2346 2
      vertex 6.82357 41.2087 2
    endloop
  endfacet
  facet normal -0.146723 -0.989099 0.0124693
    outer loop
      vertex 6.82847 41.2584 6
      vertex 6.65859 41.2836 6
      vertex 6.82357 41.2087 2
    endloop
  endfacet
  facet normal 0.998709 0.0492477 0.0124839
    outer loop
      vertex 86.7913 7.17643 2
      vertex 86.75 7 6
      vertex 86.8 7 2
    endloop
  endfacet
  facet normal -0.595473 -0.803278 0.0124808
    outer loop
      vertex 83.8898 5.64723 6
      vertex 83.8581 5.60858 2
      vertex 84.0278 5.54493 6
    endloop
  endfacet
  facet normal 0.514123 0.857626 0.0124886
    outer loop
      vertex 85.8485 8.58746 2
      vertex 85.8249 8.54336 6
      vertex 86 8.49664 2
    endloop
  endfacet
  facet normal -0.336878 0.941466 0.0124802
    outer loop
      vertex 84.492 8.67465 6
      vertex 84.3112 8.66298 2
      vertex 84.3303 8.61679 6
    endloop
  endfacet
  facet normal -0.998725 -0.0489086 0.0124691
    outer loop
      vertex 83.25 7 6
      vertex 83.2087 6.82357 2
      vertex 83.2584 6.82847 6
    endloop
  endfacet
  facet normal 0.595473 -0.803278 0.0124808
    outer loop
      vertex 86.1102 5.64723 6
      vertex 85.9722 5.54493 6
      vertex 86.1419 5.60858 2
    endloop
  endfacet
  facet normal 0.989115 -0.146615 0.012474
    outer loop
      vertex 86.7913 6.82357 2
      vertex 86.7164 6.65859 6
      vertex 86.7654 6.64884 2
    endloop
  endfacet
  facet normal 0.427645 0.903861 0.0124882
    outer loop
      vertex 85.8485 8.58746 2
      vertex 85.6697 8.61679 6
      vertex 85.8249 8.54336 6
    endloop
  endfacet
  facet normal 0.146706 0.989101 0.0124841
    outer loop
      vertex 85.1764 8.79133 2
      vertex 85.1715 8.74157 6
      vertex 85.3414 8.71637 6
    endloop
  endfacet
  facet normal 0.903971 0.427412 0.0124848
    outer loop
      vertex 86.5875 7.84851 2
      vertex 86.5434 7.82494 6
      vertex 86.6168 7.6697 6
    endloop
  endfacet
  facet normal 0.989115 0.146615 0.012474
    outer loop
      vertex 86.7654 7.35116 2
      vertex 86.7164 7.34141 6
      vertex 86.7913 7.17643 2
    endloop
  endfacet
  facet normal -0.740698 0.671722 0.0124745
    outer loop
      vertex 83.7626 8.23744 6
      vertex 83.6086 8.14191 2
      vertex 83.6472 8.11019 6
    endloop
  endfacet
  facet normal -0.941489 0.336812 0.0124961
    outer loop
      vertex 83.337 7.68883 2
      vertex 83.2775 7.52251 2
      vertex 83.3254 7.508 6
    endloop
  endfacet
  facet normal -0.941489 -0.336812 0.0124961
    outer loop
      vertex 83.3254 6.492 6
      vertex 83.2775 6.47749 2
      vertex 83.337 6.31117 2
    endloop
  endfacet
  facet normal -0.740957 -0.671436 0.0124913
    outer loop
      vertex 83.7626 5.76256 6
      vertex 83.6086 5.85809 2
      vertex 83.7272 5.72721 2
    endloop
  endfacet
  facet normal -0.941576 -0.336568 0.0124848
    outer loop
      vertex 83.3832 6.3303 6
      vertex 83.3254 6.492 6
      vertex 83.337 6.31117 2
    endloop
  endfacet
  facet normal -0.903969 -0.427415 0.012485
    outer loop
      vertex 83.3832 6.3303 6
      vertex 83.337 6.31117 2
      vertex 83.4125 6.15149 2
    endloop
  endfacet
  facet normal 0.903969 -0.427415 0.012485
    outer loop
      vertex 86.6168 6.3303 6
      vertex 86.5875 6.15149 2
      vertex 86.663 6.31117 2
    endloop
  endfacet
  facet normal 0.803154 -0.595641 0.0124739
    outer loop
      vertex 86.4551 6.02775 6
      vertex 86.3528 5.88981 6
      vertex 86.3914 5.85809 2
    endloop
  endfacet
  facet normal 0.514081 -0.857651 0.0124887
    outer loop
      vertex 86 5.50335 2
      vertex 85.8249 5.45664 6
      vertex 85.8485 5.41254 2
    endloop
  endfacet
  facet normal 0.146668 0.989107 0.0124858
    outer loop
      vertex 85.3512 8.76541 2
      vertex 85.1764 8.79133 2
      vertex 85.3414 8.71637 6
    endloop
  endfacet
  facet normal 0.2429 0.969971 0.0124869
    outer loop
      vertex 85.3512 8.76541 2
      vertex 85.3414 8.71637 6
      vertex 85.508 8.67465 6
    endloop
  endfacet
  facet normal -0.0490914 0.998716 0.0124842
    outer loop
      vertex 85 8.75 6
      vertex 84.8236 8.79133 2
      vertex 84.8285 8.74157 6
    endloop
  endfacet
  facet normal 0.941576 0.336568 0.0124848
    outer loop
      vertex 86.663 7.68883 2
      vertex 86.6168 7.6697 6
      vertex 86.6746 7.508 6
    endloop
  endfacet
  facet normal 0.998725 0.0489086 0.0124691
    outer loop
      vertex 86.7913 7.17643 2
      vertex 86.7416 7.17153 6
      vertex 86.75 7 6
    endloop
  endfacet
  facet normal 0.989099 0.146723 0.0124693
    outer loop
      vertex 86.7913 7.17643 2
      vertex 86.7164 7.34141 6
      vertex 86.7416 7.17153 6
    endloop
  endfacet
  facet normal 0.998709 -0.0492477 0.0124839
    outer loop
      vertex 86.8 7 2
      vertex 86.75 7 6
      vertex 86.7913 6.82357 2
    endloop
  endfacet
  facet normal -0.998709 0.0492477 0.0124839
    outer loop
      vertex 83.2087 7.17643 2
      vertex 83.2 7 2
      vertex 83.25 7 6
    endloop
  endfacet
  facet normal -0.998709 -0.0492477 0.0124839
    outer loop
      vertex 83.25 7 6
      vertex 83.2 7 2
      vertex 83.2087 6.82357 2
    endloop
  endfacet
  facet normal -0.969983 0.24285 0.0124965
    outer loop
      vertex 83.2775 7.52251 2
      vertex 83.2346 7.35116 2
      vertex 83.3254 7.508 6
    endloop
  endfacet
  facet normal -0.803214 0.59556 0.0124695
    outer loop
      vertex 83.6086 8.14191 2
      vertex 83.5034 8.00003 2
      vertex 83.5449 7.97225 6
    endloop
  endfacet
  facet normal -0.671473 0.740924 0.0124904
    outer loop
      vertex 83.8581 8.39142 2
      vertex 83.7272 8.27279 2
      vertex 83.7626 8.23744 6
    endloop
  endfacet
  facet normal -0.740698 -0.671722 0.0124745
    outer loop
      vertex 83.6472 5.88981 6
      vertex 83.6086 5.85809 2
      vertex 83.7626 5.76256 6
    endloop
  endfacet
  facet normal -0.595616 -0.803173 0.0124885
    outer loop
      vertex 84.0278 5.54493 6
      vertex 83.8581 5.60858 2
      vertex 84 5.50335 2
    endloop
  endfacet
  facet normal -0.857456 -0.514406 0.0124846
    outer loop
      vertex 83.4566 6.17506 6
      vertex 83.4125 6.15149 2
      vertex 83.5034 5.99997 2
    endloop
  endfacet
  facet normal 0.146668 -0.989107 0.0124858
    outer loop
      vertex 85.3414 5.28363 6
      vertex 85.1764 5.20867 2
      vertex 85.3512 5.23459 2
    endloop
  endfacet
  facet normal 0.998725 -0.0489086 0.0124691
    outer loop
      vertex 86.75 7 6
      vertex 86.7416 6.82847 6
      vertex 86.7913 6.82357 2
    endloop
  endfacet
  facet normal 0.969858 -0.243352 0.0124739
    outer loop
      vertex 86.7164 6.65859 6
      vertex 86.6746 6.492 6
      vertex 86.7654 6.64884 2
    endloop
  endfacet
  facet normal 0.941489 -0.336812 0.0124961
    outer loop
      vertex 86.6746 6.492 6
      vertex 86.663 6.31117 2
      vertex 86.7225 6.47749 2
    endloop
  endfacet
  facet normal 0.969983 -0.24285 0.0124965
    outer loop
      vertex 86.7654 6.64884 2
      vertex 86.6746 6.492 6
      vertex 86.7225 6.47749 2
    endloop
  endfacet
  facet normal 0.803214 -0.59556 0.0124695
    outer loop
      vertex 86.4551 6.02775 6
      vertex 86.3914 5.85809 2
      vertex 86.4966 5.99997 2
    endloop
  endfacet
  facet normal 0.336878 -0.941466 0.0124802
    outer loop
      vertex 85.6697 5.38321 6
      vertex 85.508 5.32535 6
      vertex 85.6888 5.33702 2
    endloop
  endfacet
  facet normal 0.427464 -0.903946 0.0124795
    outer loop
      vertex 85.8485 5.41254 2
      vertex 85.6697 5.38321 6
      vertex 85.6888 5.33702 2
    endloop
  endfacet
  facet normal 0.595473 0.803278 0.0124808
    outer loop
      vertex 86.1419 8.39142 2
      vertex 85.9722 8.45507 6
      vertex 86.1102 8.35277 6
    endloop
  endfacet
  facet normal 0.336878 0.941466 0.0124802
    outer loop
      vertex 85.6888 8.66298 2
      vertex 85.508 8.67465 6
      vertex 85.6697 8.61679 6
    endloop
  endfacet
  facet normal 0.427464 0.903946 0.0124795
    outer loop
      vertex 85.6888 8.66298 2
      vertex 85.6697 8.61679 6
      vertex 85.8485 8.58746 2
    endloop
  endfacet
  facet normal 0.0490866 0.998717 0.012484
    outer loop
      vertex 85 8.8 2
      vertex 85 8.75 6
      vertex 85.1764 8.79133 2
    endloop
  endfacet
  facet normal 0.0490914 0.998716 0.0124842
    outer loop
      vertex 85.1764 8.79133 2
      vertex 85 8.75 6
      vertex 85.1715 8.74157 6
    endloop
  endfacet
  facet normal 0.941489 0.336812 0.0124961
    outer loop
      vertex 86.7225 7.52251 2
      vertex 86.663 7.68883 2
      vertex 86.6746 7.508 6
    endloop
  endfacet
  facet normal 0.969983 0.24285 0.0124965
    outer loop
      vertex 86.7225 7.52251 2
      vertex 86.6746 7.508 6
      vertex 86.7654 7.35116 2
    endloop
  endfacet
  facet normal 0.969858 0.243352 0.0124739
    outer loop
      vertex 86.7654 7.35116 2
      vertex 86.6746 7.508 6
      vertex 86.7164 7.34141 6
    endloop
  endfacet
  facet normal 0.903969 0.427415 0.012485
    outer loop
      vertex 86.663 7.68883 2
      vertex 86.5875 7.84851 2
      vertex 86.6168 7.6697 6
    endloop
  endfacet
  facet normal 0.671643 0.74077 0.0124805
    outer loop
      vertex 86.1419 8.39142 2
      vertex 86.1102 8.35277 6
      vertex 86.2374 8.23744 6
    endloop
  endfacet
  facet normal 0.740957 0.671436 0.0124913
    outer loop
      vertex 86.2728 8.27279 2
      vertex 86.2374 8.23744 6
      vertex 86.3914 8.14191 2
    endloop
  endfacet
  facet normal 0.671473 0.740924 0.0124904
    outer loop
      vertex 86.2728 8.27279 2
      vertex 86.1419 8.39142 2
      vertex 86.2374 8.23744 6
    endloop
  endfacet
  facet normal -0.998725 0.0489086 0.0124691
    outer loop
      vertex 83.2584 7.17153 6
      vertex 83.2087 7.17643 2
      vertex 83.25 7 6
    endloop
  endfacet
  facet normal -0.989115 0.146615 0.012474
    outer loop
      vertex 83.2346 7.35116 2
      vertex 83.2087 7.17643 2
      vertex 83.2836 7.34141 6
    endloop
  endfacet
  facet normal -0.969858 0.243352 0.0124739
    outer loop
      vertex 83.3254 7.508 6
      vertex 83.2346 7.35116 2
      vertex 83.2836 7.34141 6
    endloop
  endfacet
  facet normal -0.941576 0.336568 0.0124848
    outer loop
      vertex 83.337 7.68883 2
      vertex 83.3254 7.508 6
      vertex 83.3832 7.6697 6
    endloop
  endfacet
  facet normal -0.803154 0.595641 0.0124739
    outer loop
      vertex 83.6086 8.14191 2
      vertex 83.5449 7.97225 6
      vertex 83.6472 8.11019 6
    endloop
  endfacet
  facet normal -0.903969 0.427415 0.012485
    outer loop
      vertex 83.4125 7.84851 2
      vertex 83.337 7.68883 2
      vertex 83.3832 7.6697 6
    endloop
  endfacet
  facet normal -0.903971 0.427412 0.0124848
    outer loop
      vertex 83.4125 7.84851 2
      vertex 83.3832 7.6697 6
      vertex 83.4566 7.82494 6
    endloop
  endfacet
  facet normal -0.857456 0.514406 0.0124846
    outer loop
      vertex 83.5034 8.00003 2
      vertex 83.4125 7.84851 2
      vertex 83.4566 7.82494 6
    endloop
  endfacet
  facet normal -0.857647 0.514088 0.0124684
    outer loop
      vertex 83.5034 8.00003 2
      vertex 83.4566 7.82494 6
      vertex 83.5449 7.97225 6
    endloop
  endfacet
  facet normal -0.146706 0.989101 0.0124841
    outer loop
      vertex 84.8236 8.79133 2
      vertex 84.6586 8.71637 6
      vertex 84.8285 8.74157 6
    endloop
  endfacet
  facet normal -0.595579 0.8032 0.0124865
    outer loop
      vertex 84 8.49664 2
      vertex 83.8581 8.39142 2
      vertex 84.0278 8.45507 6
    endloop
  endfacet
  facet normal -0.740957 0.671436 0.0124913
    outer loop
      vertex 83.7272 8.27279 2
      vertex 83.6086 8.14191 2
      vertex 83.7626 8.23744 6
    endloop
  endfacet
  facet normal -0.969858 -0.243352 0.0124739
    outer loop
      vertex 83.2836 6.65859 6
      vertex 83.2346 6.64884 2
      vertex 83.3254 6.492 6
    endloop
  endfacet
  facet normal -0.969983 -0.24285 0.0124965
    outer loop
      vertex 83.3254 6.492 6
      vertex 83.2346 6.64884 2
      vertex 83.2775 6.47749 2
    endloop
  endfacet
  facet normal -0.671473 -0.740924 0.0124904
    outer loop
      vertex 83.7626 5.76256 6
      vertex 83.7272 5.72721 2
      vertex 83.8581 5.60858 2
    endloop
  endfacet
  facet normal -0.671643 -0.74077 0.0124805
    outer loop
      vertex 83.8898 5.64723 6
      vertex 83.7626 5.76256 6
      vertex 83.8581 5.60858 2
    endloop
  endfacet
  facet normal -0.427645 -0.903861 0.0124882
    outer loop
      vertex 84.1751 5.45664 6
      vertex 84.1515 5.41254 2
      vertex 84.3303 5.38321 6
    endloop
  endfacet
  facet normal -0.0490914 -0.998716 0.0124842
    outer loop
      vertex 84.8285 5.25843 6
      vertex 84.8236 5.20867 2
      vertex 85 5.25 6
    endloop
  endfacet
  facet normal 0.146706 -0.989101 0.0124841
    outer loop
      vertex 85.3414 5.28363 6
      vertex 85.1715 5.25843 6
      vertex 85.1764 5.20867 2
    endloop
  endfacet
  facet normal -0.803214 -0.59556 0.0124695
    outer loop
      vertex 83.5449 6.02775 6
      vertex 83.5034 5.99997 2
      vertex 83.6086 5.85809 2
    endloop
  endfacet
  facet normal -0.857647 -0.514088 0.0124684
    outer loop
      vertex 83.5449 6.02775 6
      vertex 83.4566 6.17506 6
      vertex 83.5034 5.99997 2
    endloop
  endfacet
  facet normal -0.903971 -0.427412 0.0124848
    outer loop
      vertex 83.4566 6.17506 6
      vertex 83.3832 6.3303 6
      vertex 83.4125 6.15149 2
    endloop
  endfacet
  facet normal 0.989099 -0.146723 0.0124693
    outer loop
      vertex 86.7416 6.82847 6
      vertex 86.7164 6.65859 6
      vertex 86.7913 6.82357 2
    endloop
  endfacet
  facet normal 0.941576 -0.336568 0.0124848
    outer loop
      vertex 86.6746 6.492 6
      vertex 86.6168 6.3303 6
      vertex 86.663 6.31117 2
    endloop
  endfacet
  facet normal 0.857647 -0.514088 0.0124684
    outer loop
      vertex 86.5434 6.17506 6
      vertex 86.4551 6.02775 6
      vertex 86.4966 5.99997 2
    endloop
  endfacet
  facet normal 0.671473 -0.740924 0.0124904
    outer loop
      vertex 86.2374 5.76256 6
      vertex 86.1419 5.60858 2
      vertex 86.2728 5.72721 2
    endloop
  endfacet
  facet normal 0.671643 -0.74077 0.0124805
    outer loop
      vertex 86.2374 5.76256 6
      vertex 86.1102 5.64723 6
      vertex 86.1419 5.60858 2
    endloop
  endfacet
  facet normal 0.595616 -0.803173 0.0124885
    outer loop
      vertex 86.1419 5.60858 2
      vertex 85.9722 5.54493 6
      vertex 86 5.50335 2
    endloop
  endfacet
  facet normal 0.51407 -0.857657 0.0124881
    outer loop
      vertex 85.9722 5.54493 6
      vertex 85.8249 5.45664 6
      vertex 86 5.50335 2
    endloop
  endfacet
  facet normal 0.427645 -0.903861 0.0124882
    outer loop
      vertex 85.8249 5.45664 6
      vertex 85.6697 5.38321 6
      vertex 85.8485 5.41254 2
    endloop
  endfacet
  facet normal 0.2429 -0.969971 0.0124869
    outer loop
      vertex 85.508 5.32535 6
      vertex 85.3414 5.28363 6
      vertex 85.3512 5.23459 2
    endloop
  endfacet
  facet normal 0.243023 -0.96994 0.0124814
    outer loop
      vertex 85.508 5.32535 6
      vertex 85.3512 5.23459 2
      vertex 85.5225 5.27751 2
    endloop
  endfacet
  facet normal 0.336898 -0.941458 0.0124811
    outer loop
      vertex 85.6888 5.33702 2
      vertex 85.508 5.32535 6
      vertex 85.5225 5.27751 2
    endloop
  endfacet
  facet normal 0.595579 0.8032 0.0124865
    outer loop
      vertex 86 8.49664 2
      vertex 85.9722 8.45507 6
      vertex 86.1419 8.39142 2
    endloop
  endfacet
  facet normal 0.51407 0.857657 0.012486
    outer loop
      vertex 86 8.49664 2
      vertex 85.8249 8.54336 6
      vertex 85.9722 8.45507 6
    endloop
  endfacet
  facet normal 0.336898 0.941458 0.0124811
    outer loop
      vertex 85.5225 8.72249 2
      vertex 85.508 8.67465 6
      vertex 85.6888 8.66298 2
    endloop
  endfacet
  facet normal -0.0490866 0.998717 0.012484
    outer loop
      vertex 85 8.8 2
      vertex 84.8236 8.79133 2
      vertex 85 8.75 6
    endloop
  endfacet
  facet normal 0.803214 0.59556 0.0124695
    outer loop
      vertex 86.4966 8.00003 2
      vertex 86.3914 8.14191 2
      vertex 86.4551 7.97225 6
    endloop
  endfacet
  facet normal 0.857647 0.514088 0.0124684
    outer loop
      vertex 86.4966 8.00003 2
      vertex 86.4551 7.97225 6
      vertex 86.5434 7.82494 6
    endloop
  endfacet
  facet normal 0.857456 0.514406 0.0124846
    outer loop
      vertex 86.5875 7.84851 2
      vertex 86.4966 8.00003 2
      vertex 86.5434 7.82494 6
    endloop
  endfacet
  facet normal 0.803154 0.595641 0.0124739
    outer loop
      vertex 86.3914 8.14191 2
      vertex 86.3528 8.11019 6
      vertex 86.4551 7.97225 6
    endloop
  endfacet
  facet normal 0.740698 0.671722 0.0124745
    outer loop
      vertex 86.3914 8.14191 2
      vertex 86.2374 8.23744 6
      vertex 86.3528 8.11019 6
    endloop
  endfacet
  facet normal 0 0 1
    outer loop
      vertex 86.7416 7.17153 6
      vertex 86.7416 6.82847 6
      vertex 86.75 7 6
    endloop
  endfacet
  facet normal 0 0 1
    outer loop
      vertex 86.7164 7.34141 6
      vertex 86.7416 6.82847 6
      vertex 86.7416 7.17153 6
    endloop
  endfacet
  facet normal 0 0 1
    outer loop
      vertex 86.7164 7.34141 6
      vertex 86.7164 6.65859 6
      vertex 86.7416 6.82847 6
    endloop
  endfacet
  facet normal 0 0 1
    outer loop
      vertex 86.6746 7.508 6
      vertex 86.7164 6.65859 6
      vertex 86.7164 7.34141 6
    endloop
  endfacet
  facet normal 0 0 1
    outer loop
      vertex 86.6746 7.508 6
      vertex 86.6746 6.492 6
      vertex 86.7164 6.65859 6
    endloop
  endfacet
  facet normal 0 0 1
    outer loop
      vertex 86.6168 7.6697 6
      vertex 86.6746 6.492 6
      vertex 86.6746 7.508 6
    endloop
  endfacet
  facet normal 0 0 1
    outer loop
      vertex 86.6168 7.6697 6
      vertex 86.6168 6.3303 6
      vertex 86.6746 6.492 6
    endloop
  endfacet
  facet normal 0 0 1
    outer loop
      vertex 86.5434 7.82494 6
      vertex 86.6168 6.3303 6
      vertex 86.6168 7.6697 6
    endloop
  endfacet
  facet normal 0 0 1
    outer loop
      vertex 86.5434 7.82494 6
      vertex 86.5434 6.17506 6
      vertex 86.6168 6.3303 6
    endloop
  endfacet
  facet normal 0 0 1
    outer loop
      vertex 86.4551 7.97225 6
      vertex 86.5434 6.17506 6
      vertex 86.5434 7.82494 6
    endloop
  endfacet
  facet normal 0 0 1
    outer loop
      vertex 86.4551 7.97225 6
      vertex 86.4551 6.02775 6
      vertex 86.5434 6.17506 6
    endloop
  endfacet
  facet normal 0 0 1
    outer loop
      vertex 86.3528 8.11019 6
      vertex 86.4551 6.02775 6
      vertex 86.4551 7.97225 6
    endloop
  endfacet
  facet normal 0 0 1
    outer loop
      vertex 86.3528 8.11019 6
      vertex 86.3528 5.88981 6
      vertex 86.4551 6.02775 6
    endloop
  endfacet
  facet normal 0 0 1
    outer loop
      vertex 86.2374 8.23744 6
      vertex 86.3528 5.88981 6
      vertex 86.3528 8.11019 6
    endloop
  endfacet
  facet normal 0 0 1
    outer loop
      vertex 86.2374 8.23744 6
      vertex 86.2374 5.76256 6
      vertex 86.3528 5.88981 6
    endloop
  endfacet
  facet normal 0 0 1
    outer loop
      vertex 86.1102 8.35277 6
      vertex 86.2374 5.76256 6
      vertex 86.2374 8.23744 6
    endloop
  endfacet
  facet normal 0 0 1
    outer loop
      vertex 86.1102 8.35277 6
      vertex 86.1102 5.64723 6
      vertex 86.2374 5.76256 6
    endloop
  endfacet
  facet normal 0 0 1
    outer loop
      vertex 85.9722 8.45507 6
      vertex 86.1102 5.64723 6
      vertex 86.1102 8.35277 6
    endloop
  endfacet
  facet normal 0 0 1
    outer loop
      vertex 85.9722 8.45507 6
      vertex 85.9722 5.54493 6
      vertex 86.1102 5.64723 6
    endloop
  endfacet
  facet normal 0 0 1
    outer loop
      vertex 85.8249 8.54336 6
      vertex 85.9722 5.54493 6
      vertex 85.9722 8.45507 6
    endloop
  endfacet
  facet normal 0 0 1
    outer loop
      vertex 85.8249 8.54336 6
      vertex 85.8249 5.45664 6
      vertex 85.9722 5.54493 6
    endloop
  endfacet
  facet normal 0 0 1
    outer loop
      vertex 85.6697 8.61679 6
      vertex 85.8249 5.45664 6
      vertex 85.8249 8.54336 6
    endloop
  endfacet
  facet normal 0 0 1
    outer loop
      vertex 85.6697 8.61679 6
      vertex 85.6697 5.38321 6
      vertex 85.8249 5.45664 6
    endloop
  endfacet
  facet normal 0 0 1
    outer loop
      vertex 85.508 8.67465 6
      vertex 85.6697 5.38321 6
      vertex 85.6697 8.61679 6
    endloop
  endfacet
  facet normal 0 0 1
    outer loop
      vertex 85.508 8.67465 6
      vertex 85.508 5.32535 6
      vertex 85.6697 5.38321 6
    endloop
  endfacet
  facet normal 0 0 1
    outer loop
      vertex 85.3414 8.71637 6
      vertex 85.508 5.32535 6
      vertex 85.508 8.67465 6
    endloop
  endfacet
  facet normal 0 0 1
    outer loop
      vertex 85.3414 8.71637 6
      vertex 85.3414 5.28363 6
      vertex 85.508 5.32535 6
    endloop
  endfacet
  facet normal 0 0 1
    outer loop
      vertex 85.1715 8.74157 6
      vertex 85.3414 5.28363 6
      vertex 85.3414 8.71637 6
    endloop
  endfacet
  facet normal 0 0 1
    outer loop
      vertex 85.1715 8.74157 6
      vertex 85.1715 5.25843 6
      vertex 85.3414 5.28363 6
    endloop
  endfacet
  facet normal 0 0 1
    outer loop
      vertex 85 8.75 6
      vertex 85.1715 5.25843 6
      vertex 85.1715 8.74157 6
    endloop
  endfacet
  facet normal 0 0 1
    outer loop
      vertex 85 8.75 6
      vertex 85 5.25 6
      vertex 85.1715 5.25843 6
    endloop
  endfacet
  facet normal -0 0 1
    outer loop
      vertex 84.8285 8.74157 6
      vertex 85 5.25 6
      vertex 85 8.75 6
    endloop
  endfacet
  facet normal 0 0 1
    outer loop
      vertex 84.8285 8.74157 6
      vertex 84.8285 5.25843 6
      vertex 85 5.25 6
    endloop
  endfacet
  facet normal -0 0 1
    outer loop
      vertex 84.6586 8.71637 6
      vertex 84.8285 5.25843 6
      vertex 84.8285 8.74157 6
    endloop
  endfacet
  facet normal 0 0 1
    outer loop
      vertex 84.6586 8.71637 6
      vertex 84.6586 5.28363 6
      vertex 84.8285 5.25843 6
    endloop
  endfacet
  facet normal -0 0 1
    outer loop
      vertex 84.492 8.67465 6
      vertex 84.6586 5.28363 6
      vertex 84.6586 8.71637 6
    endloop
  endfacet
  facet normal 0 0 1
    outer loop
      vertex 84.492 8.67465 6
      vertex 84.492 5.32535 6
      vertex 84.6586 5.28363 6
    endloop
  endfacet
  facet normal -0 0 1
    outer loop
      vertex 84.3303 8.61679 6
      vertex 84.492 5.32535 6
      vertex 84.492 8.67465 6
    endloop
  endfacet
  facet normal 0 0 1
    outer loop
      vertex 84.3303 8.61679 6
      vertex 84.3303 5.38321 6
      vertex 84.492 5.32535 6
    endloop
  endfacet
  facet normal -0 0 1
    outer loop
      vertex 84.1751 8.54336 6
      vertex 84.3303 5.38321 6
      vertex 84.3303 8.61679 6
    endloop
  endfacet
  facet normal 0 0 1
    outer loop
      vertex 84.1751 8.54336 6
      vertex 84.1751 5.45664 6
      vertex 84.3303 5.38321 6
    endloop
  endfacet
  facet normal -0 0 1
    outer loop
      vertex 84.0278 8.45507 6
      vertex 84.1751 5.45664 6
      vertex 84.1751 8.54336 6
    endloop
  endfacet
  facet normal 0 0 1
    outer loop
      vertex 84.0278 8.45507 6
      vertex 84.0278 5.54493 6
      vertex 84.1751 5.45664 6
    endloop
  endfacet
  facet normal -0 0 1
    outer loop
      vertex 83.8898 8.35277 6
      vertex 84.0278 5.54493 6
      vertex 84.0278 8.45507 6
    endloop
  endfacet
  facet normal 0 0 1
    outer loop
      vertex 83.8898 8.35277 6
      vertex 83.8898 5.64723 6
      vertex 84.0278 5.54493 6
    endloop
  endfacet
  facet normal -0 0 1
    outer loop
      vertex 83.7626 8.23744 6
      vertex 83.8898 5.64723 6
      vertex 83.8898 8.35277 6
    endloop
  endfacet
  facet normal 0 0 1
    outer loop
      vertex 83.7626 8.23744 6
      vertex 83.7626 5.76256 6
      vertex 83.8898 5.64723 6
    endloop
  endfacet
  facet normal -0 0 1
    outer loop
      vertex 83.6472 8.11019 6
      vertex 83.7626 5.76256 6
      vertex 83.7626 8.23744 6
    endloop
  endfacet
  facet normal 0 0 1
    outer loop
      vertex 83.6472 8.11019 6
      vertex 83.6472 5.88981 6
      vertex 83.7626 5.76256 6
    endloop
  endfacet
  facet normal -0 0 1
    outer loop
      vertex 83.5449 7.97225 6
      vertex 83.6472 5.88981 6
      vertex 83.6472 8.11019 6
    endloop
  endfacet
  facet normal 0 0 1
    outer loop
      vertex 83.5449 7.97225 6
      vertex 83.5449 6.02775 6
      vertex 83.6472 5.88981 6
    endloop
  endfacet
  facet normal -0 0 1
    outer loop
      vertex 83.4566 7.82494 6
      vertex 83.5449 6.02775 6
      vertex 83.5449 7.97225 6
    endloop
  endfacet
  facet normal 0 0 1
    outer loop
      vertex 83.4566 7.82494 6
      vertex 83.4566 6.17506 6
      vertex 83.5449 6.02775 6
    endloop
  endfacet
  facet normal -0 0 1
    outer loop
      vertex 83.3832 7.6697 6
      vertex 83.4566 6.17506 6
      vertex 83.4566 7.82494 6
    endloop
  endfacet
  facet normal 0 0 1
    outer loop
      vertex 83.3832 7.6697 6
      vertex 83.3832 6.3303 6
      vertex 83.4566 6.17506 6
    endloop
  endfacet
  facet normal -0 0 1
    outer loop
      vertex 83.3254 7.508 6
      vertex 83.3832 6.3303 6
      vertex 83.3832 7.6697 6
    endloop
  endfacet
  facet normal 0 0 1
    outer loop
      vertex 83.3254 7.508 6
      vertex 83.3254 6.492 6
      vertex 83.3832 6.3303 6
    endloop
  endfacet
  facet normal -0 0 1
    outer loop
      vertex 83.2836 7.34141 6
      vertex 83.3254 6.492 6
      vertex 83.3254 7.508 6
    endloop
  endfacet
  facet normal 0 0 1
    outer loop
      vertex 83.2836 7.34141 6
      vertex 83.2836 6.65859 6
      vertex 83.3254 6.492 6
    endloop
  endfacet
  facet normal -0 0 1
    outer loop
      vertex 83.2584 7.17153 6
      vertex 83.2836 6.65859 6
      vertex 83.2836 7.34141 6
    endloop
  endfacet
  facet normal 0 0 1
    outer loop
      vertex 83.2584 7.17153 6
      vertex 83.2584 6.82847 6
      vertex 83.2836 6.65859 6
    endloop
  endfacet
  facet normal 0 -0 1
    outer loop
      vertex 83.2584 6.82847 6
      vertex 83.2584 7.17153 6
      vertex 83.25 7 6
    endloop
  endfacet
  facet normal -0.989099 0.146723 0.0124693
    outer loop
      vertex 83.2836 7.34141 6
      vertex 83.2087 7.17643 2
      vertex 83.2584 7.17153 6
    endloop
  endfacet
  facet normal -0.146668 0.989107 0.0124858
    outer loop
      vertex 84.8236 8.79133 2
      vertex 84.6488 8.76541 2
      vertex 84.6586 8.71637 6
    endloop
  endfacet
  facet normal -0.2429 0.969971 0.0124869
    outer loop
      vertex 84.6488 8.76541 2
      vertex 84.492 8.67465 6
      vertex 84.6586 8.71637 6
    endloop
  endfacet
  facet normal -0.427645 0.903861 0.0124882
    outer loop
      vertex 84.3303 8.61679 6
      vertex 84.1515 8.58746 2
      vertex 84.1751 8.54336 6
    endloop
  endfacet
  facet normal -0.427464 0.903946 0.0124795
    outer loop
      vertex 84.3112 8.66298 2
      vertex 84.1515 8.58746 2
      vertex 84.3303 8.61679 6
    endloop
  endfacet
  facet normal -0.595473 0.803278 0.0124808
    outer loop
      vertex 84.0278 8.45507 6
      vertex 83.8581 8.39142 2
      vertex 83.8898 8.35277 6
    endloop
  endfacet
  facet normal -0.671643 0.74077 0.0124805
    outer loop
      vertex 83.8581 8.39142 2
      vertex 83.7626 8.23744 6
      vertex 83.8898 8.35277 6
    endloop
  endfacet
  facet normal -0.989099 -0.146723 0.0124693
    outer loop
      vertex 83.2584 6.82847 6
      vertex 83.2087 6.82357 2
      vertex 83.2836 6.65859 6
    endloop
  endfacet
  facet normal -0.989115 -0.146615 0.012474
    outer loop
      vertex 83.2836 6.65859 6
      vertex 83.2087 6.82357 2
      vertex 83.2346 6.64884 2
    endloop
  endfacet
  facet normal -0.803154 -0.595641 0.0124739
    outer loop
      vertex 83.6472 5.88981 6
      vertex 83.5449 6.02775 6
      vertex 83.6086 5.85809 2
    endloop
  endfacet
  facet normal -0.427464 -0.903946 0.0124795
    outer loop
      vertex 84.3303 5.38321 6
      vertex 84.1515 5.41254 2
      vertex 84.3112 5.33702 2
    endloop
  endfacet
  facet normal -0.336878 -0.941466 0.0124802
    outer loop
      vertex 84.3303 5.38321 6
      vertex 84.3112 5.33702 2
      vertex 84.492 5.32535 6
    endloop
  endfacet
  facet normal -0.336898 -0.941458 0.0124811
    outer loop
      vertex 84.492 5.32535 6
      vertex 84.3112 5.33702 2
      vertex 84.4775 5.27751 2
    endloop
  endfacet
  facet normal 0.0490866 -0.998717 0.012484
    outer loop
      vertex 85 5.25 6
      vertex 85 5.2 2
      vertex 85.1764 5.20867 2
    endloop
  endfacet
  facet normal -0.0490866 -0.998717 0.012484
    outer loop
      vertex 85 5.25 6
      vertex 84.8236 5.20867 2
      vertex 85 5.2 2
    endloop
  endfacet
  facet normal 0.857456 -0.514406 0.0124846
    outer loop
      vertex 86.5434 6.17506 6
      vertex 86.4966 5.99997 2
      vertex 86.5875 6.15149 2
    endloop
  endfacet
  facet normal 0.903971 -0.427412 0.0124848
    outer loop
      vertex 86.6168 6.3303 6
      vertex 86.5434 6.17506 6
      vertex 86.5875 6.15149 2
    endloop
  endfacet
  facet normal 0.740957 -0.671436 0.0124913
    outer loop
      vertex 86.3914 5.85809 2
      vertex 86.2374 5.76256 6
      vertex 86.2728 5.72721 2
    endloop
  endfacet
  facet normal 0.740698 -0.671722 0.0124745
    outer loop
      vertex 86.3528 5.88981 6
      vertex 86.2374 5.76256 6
      vertex 86.3914 5.85809 2
    endloop
  endfacet
  facet normal 0.243023 0.96994 0.0124814
    outer loop
      vertex 85.5225 8.72249 2
      vertex 85.3512 8.76541 2
      vertex 85.508 8.67465 6
    endloop
  endfacet
  facet normal -0.243023 0.96994 0.0124814
    outer loop
      vertex 84.6488 8.76541 2
      vertex 84.4775 8.72249 2
      vertex 84.492 8.67465 6
    endloop
  endfacet
  facet normal -0.336898 0.941458 0.0124811
    outer loop
      vertex 84.4775 8.72249 2
      vertex 84.3112 8.66298 2
      vertex 84.492 8.67465 6
    endloop
  endfacet
  facet normal -0.514123 0.857626 0.0124886
    outer loop
      vertex 84.1515 8.58746 2
      vertex 84 8.49664 2
      vertex 84.1751 8.54336 6
    endloop
  endfacet
  facet normal -0.51407 0.857657 0.012486
    outer loop
      vertex 84.1751 8.54336 6
      vertex 84 8.49664 2
      vertex 84.0278 8.45507 6
    endloop
  endfacet
  facet normal -0.51407 -0.857657 0.0124881
    outer loop
      vertex 84.0278 5.54493 6
      vertex 84 5.50335 2
      vertex 84.1751 5.45664 6
    endloop
  endfacet
  facet normal -0.514081 -0.857651 0.0124887
    outer loop
      vertex 84.1751 5.45664 6
      vertex 84 5.50335 2
      vertex 84.1515 5.41254 2
    endloop
  endfacet
  facet normal -0.2429 -0.969971 0.0124869
    outer loop
      vertex 84.6586 5.28363 6
      vertex 84.492 5.32535 6
      vertex 84.6488 5.23459 2
    endloop
  endfacet
  facet normal -0.243023 -0.96994 0.0124814
    outer loop
      vertex 84.492 5.32535 6
      vertex 84.4775 5.27751 2
      vertex 84.6488 5.23459 2
    endloop
  endfacet
  facet normal 0.0490914 -0.998716 0.0124842
    outer loop
      vertex 85.1715 5.25843 6
      vertex 85 5.25 6
      vertex 85.1764 5.20867 2
    endloop
  endfacet
  facet normal -0.146668 -0.989107 0.0124858
    outer loop
      vertex 84.6586 5.28363 6
      vertex 84.6488 5.23459 2
      vertex 84.8236 5.20867 2
    endloop
  endfacet
  facet normal -0.146706 -0.989101 0.0124841
    outer loop
      vertex 84.8285 5.25843 6
      vertex 84.6586 5.28363 6
      vertex 84.8236 5.20867 2
    endloop
  endfacet
  facet normal 0.998708 0.049256 0.0124839
    outer loop
      vertex 86.7913 43.1764 2
      vertex 86.75 43 6
      vertex 86.8 43 2
    endloop
  endfacet
  facet normal -0.146706 0.989102 0.0124693
    outer loop
      vertex 84.8236 44.7913 2
      vertex 84.6586 44.7164 6
      vertex 84.8285 44.7416 6
    endloop
  endfacet
  facet normal -0.998725 -0.0489171 0.0124691
    outer loop
      vertex 83.25 43 6
      vertex 83.2087 42.8236 2
      vertex 83.2584 42.8285 6
    endloop
  endfacet
  facet normal 0.146706 -0.989102 0.0124693
    outer loop
      vertex 85.3414 41.2836 6
      vertex 85.1715 41.2584 6
      vertex 85.1764 41.2087 2
    endloop
  endfacet
  facet normal -0.049256 0.998708 0.0124839
    outer loop
      vertex 85 44.8 2
      vertex 84.8236 44.7913 2
      vertex 85 44.75 6
    endloop
  endfacet
  facet normal 0.595474 0.803278 0.0124708
    outer loop
      vertex 86.1419 44.3914 2
      vertex 85.9722 44.4551 6
      vertex 86.1102 44.3528 6
    endloop
  endfacet
  facet normal -0.989123 -0.146558 0.0124758
    outer loop
      vertex 83.2836 42.6586 6
      vertex 83.2087 42.8236 2
      vertex 83.2346 42.6488 2
    endloop
  endfacet
  facet normal -0.969967 -0.242916 0.0124959
    outer loop
      vertex 83.3254 42.492 6
      vertex 83.2346 42.6488 2
      vertex 83.2775 42.4775 2
    endloop
  endfacet
  facet normal 0.740567 -0.671867 0.012471
    outer loop
      vertex 86.3528 41.8898 6
      vertex 86.2374 41.7626 6
      vertex 86.3914 41.8581 2
    endloop
  endfacet
  facet normal 0.243339 0.969861 0.012477
    outer loop
      vertex 85.3512 44.7654 2
      vertex 85.3414 44.7164 6
      vertex 85.508 44.6746 6
    endloop
  endfacet
  facet normal 0.989102 0.146706 0.0124693
    outer loop
      vertex 86.7913 43.1764 2
      vertex 86.7164 43.3414 6
      vertex 86.7416 43.1715 6
    endloop
  endfacet
  facet normal 0.969861 -0.243339 0.012477
    outer loop
      vertex 86.7164 42.6586 6
      vertex 86.6746 42.492 6
      vertex 86.7654 42.6488 2
    endloop
  endfacet
  facet normal -0.741008 0.67138 0.0124996
    outer loop
      vertex 83.7272 44.2728 2
      vertex 83.6086 44.1419 2
      vertex 83.7626 44.2374 6
    endloop
  endfacet
  facet normal -0.671867 -0.740567 0.012471
    outer loop
      vertex 83.8898 41.6472 6
      vertex 83.7626 41.7626 6
      vertex 83.8581 41.6086 2
    endloop
  endfacet
  facet normal -0.740567 -0.671867 0.012471
    outer loop
      vertex 83.6472 41.8898 6
      vertex 83.6086 41.8581 2
      vertex 83.7626 41.7626 6
    endloop
  endfacet
  facet normal 0.243339 -0.969861 0.012477
    outer loop
      vertex 85.508 41.3254 6
      vertex 85.3414 41.2836 6
      vertex 85.3512 41.2346 2
    endloop
  endfacet
  facet normal 0.336568 -0.941576 0.0124823
    outer loop
      vertex 85.6697 41.3832 6
      vertex 85.508 41.3254 6
      vertex 85.6888 41.337 2
    endloop
  endfacet
  facet normal 0.671867 -0.740567 0.012471
    outer loop
      vertex 86.2374 41.7626 6
      vertex 86.1102 41.6472 6
      vertex 86.1419 41.6086 2
    endloop
  endfacet
  facet normal 0.857632 -0.514113 0.012471
    outer loop
      vertex 86.5434 42.1751 6
      vertex 86.4551 42.0278 6
      vertex 86.4966 42 2
    endloop
  endfacet
  facet normal 0.336568 0.941576 0.0124823
    outer loop
      vertex 85.6888 44.663 2
      vertex 85.508 44.6746 6
      vertex 85.6697 44.6168 6
    endloop
  endfacet
  facet normal 0.0489171 0.998725 0.0124691
    outer loop
      vertex 85.1764 44.7913 2
      vertex 85 44.75 6
      vertex 85.1715 44.7416 6
    endloop
  endfacet
  facet normal -0.0489171 0.998725 0.0124691
    outer loop
      vertex 85 44.75 6
      vertex 84.8236 44.7913 2
      vertex 84.8285 44.7416 6
    endloop
  endfacet
  facet normal 0.941576 0.336568 0.0124823
    outer loop
      vertex 86.663 43.6888 2
      vertex 86.6168 43.6697 6
      vertex 86.6746 43.508 6
    endloop
  endfacet
  facet normal 0.998725 0.0489171 0.0124691
    outer loop
      vertex 86.7913 43.1764 2
      vertex 86.7416 43.1715 6
      vertex 86.75 43 6
    endloop
  endfacet
  facet normal 0.998708 -0.049256 0.0124839
    outer loop
      vertex 86.8 43 2
      vertex 86.75 43 6
      vertex 86.7913 42.8236 2
    endloop
  endfacet
  facet normal -0.146558 0.989123 0.0124758
    outer loop
      vertex 84.8236 44.7913 2
      vertex 84.6488 44.7654 2
      vertex 84.6586 44.7164 6
    endloop
  endfacet
  facet normal -0.671867 0.740567 0.012471
    outer loop
      vertex 83.8581 44.3914 2
      vertex 83.7626 44.2374 6
      vertex 83.8898 44.3528 6
    endloop
  endfacet
  facet normal -0.740567 0.671867 0.012471
    outer loop
      vertex 83.7626 44.2374 6
      vertex 83.6086 44.1419 2
      vertex 83.6472 44.1102 6
    endloop
  endfacet
  facet normal -0.857426 0.514456 0.0124884
    outer loop
      vertex 83.5034 44 2
      vertex 83.4125 43.8485 2
      vertex 83.4566 43.8249 6
    endloop
  endfacet
  facet normal -0.941476 0.336848 0.0124953
    outer loop
      vertex 83.337 43.6888 2
      vertex 83.2775 43.5225 2
      vertex 83.3254 43.508 6
    endloop
  endfacet
  facet normal -0.989102 0.146706 0.0124693
    outer loop
      vertex 83.2836 43.3414 6
      vertex 83.2087 43.1764 2
      vertex 83.2584 43.1715 6
    endloop
  endfacet
  facet normal -0.941476 -0.336848 0.0124953
    outer loop
      vertex 83.3254 42.492 6
      vertex 83.2775 42.4775 2
      vertex 83.337 42.3112 2
    endloop
  endfacet
  facet normal -0.969861 -0.243339 0.012477
    outer loop
      vertex 83.2836 42.6586 6
      vertex 83.2346 42.6488 2
      vertex 83.3254 42.492 6
    endloop
  endfacet
  facet normal 0.049256 -0.998708 0.0124839
    outer loop
      vertex 85 41.25 6
      vertex 85 41.2 2
      vertex 85.1764 41.2087 2
    endloop
  endfacet
  facet normal -0.803278 -0.595474 0.0124708
    outer loop
      vertex 83.6472 41.8898 6
      vertex 83.5449 42.0278 6
      vertex 83.6086 41.8581 2
    endloop
  endfacet
  facet normal 0.242916 -0.969967 0.0124959
    outer loop
      vertex 85.508 41.3254 6
      vertex 85.3512 41.2346 2
      vertex 85.5225 41.2775 2
    endloop
  endfacet
  facet normal 0.146558 -0.989123 0.0124758
    outer loop
      vertex 85.3414 41.2836 6
      vertex 85.1764 41.2087 2
      vertex 85.3512 41.2346 2
    endloop
  endfacet
  facet normal 0.595506 -0.803254 0.0124725
    outer loop
      vertex 86.1419 41.6086 2
      vertex 85.9722 41.5449 6
      vertex 86 41.5034 2
    endloop
  endfacet
  facet normal 0.427502 -0.903928 0.0124881
    outer loop
      vertex 85.8249 41.4566 6
      vertex 85.6697 41.3832 6
      vertex 85.8485 41.4125 2
    endloop
  endfacet
  facet normal 0.803254 -0.595506 0.0124725
    outer loop
      vertex 86.4551 42.0278 6
      vertex 86.3914 41.8581 2
      vertex 86.4966 42 2
    endloop
  endfacet
  facet normal 0.857426 -0.514456 0.0124884
    outer loop
      vertex 86.5434 42.1751 6
      vertex 86.4966 42 2
      vertex 86.5875 42.1515 2
    endloop
  endfacet
  facet normal 0.969967 -0.242916 0.0124959
    outer loop
      vertex 86.7654 42.6488 2
      vertex 86.6746 42.492 6
      vertex 86.7225 42.4775 2
    endloop
  endfacet
  facet normal 0.941476 -0.336848 0.0124953
    outer loop
      vertex 86.6746 42.492 6
      vertex 86.663 42.3112 2
      vertex 86.7225 42.4775 2
    endloop
  endfacet
  facet normal 0.989123 -0.146558 0.0124758
    outer loop
      vertex 86.7913 42.8236 2
      vertex 86.7164 42.6586 6
      vertex 86.7654 42.6488 2
    endloop
  endfacet
  facet normal 0.146706 0.989102 0.0124693
    outer loop
      vertex 85.1764 44.7913 2
      vertex 85.1715 44.7416 6
      vertex 85.3414 44.7164 6
    endloop
  endfacet
  facet normal 0.514456 0.857426 0.0124884
    outer loop
      vertex 85.8485 44.5875 2
      vertex 85.8249 44.5434 6
      vertex 86 44.4966 2
    endloop
  endfacet
  facet normal 0.595506 0.803254 0.0124725
    outer loop
      vertex 86 44.4966 2
      vertex 85.9722 44.4551 6
      vertex 86.1419 44.3914 2
    endloop
  endfacet
  facet normal 0.146558 0.989123 0.0124758
    outer loop
      vertex 85.3512 44.7654 2
      vertex 85.1764 44.7913 2
      vertex 85.3414 44.7164 6
    endloop
  endfacet
  facet normal 0.903928 0.427502 0.0124881
    outer loop
      vertex 86.5875 43.8485 2
      vertex 86.5434 43.8249 6
      vertex 86.6168 43.6697 6
    endloop
  endfacet
  facet normal 0.740567 0.671867 0.012471
    outer loop
      vertex 86.3914 44.1419 2
      vertex 86.2374 44.2374 6
      vertex 86.3528 44.1102 6
    endloop
  endfacet
  facet normal 0.741008 0.67138 0.0124996
    outer loop
      vertex 86.2728 44.2728 2
      vertex 86.2374 44.2374 6
      vertex 86.3914 44.1419 2
    endloop
  endfacet
  facet normal 0.90399 0.427372 0.0124818
    outer loop
      vertex 86.663 43.6888 2
      vertex 86.5875 43.8485 2
      vertex 86.6168 43.6697 6
    endloop
  endfacet
  facet normal 0.969967 0.242916 0.0124959
    outer loop
      vertex 86.7225 43.5225 2
      vertex 86.6746 43.508 6
      vertex 86.7654 43.3512 2
    endloop
  endfacet
  facet normal 0.941476 0.336848 0.0124953
    outer loop
      vertex 86.7225 43.5225 2
      vertex 86.663 43.6888 2
      vertex 86.6746 43.508 6
    endloop
  endfacet
  facet normal 0.969861 0.243339 0.012477
    outer loop
      vertex 86.7654 43.3512 2
      vertex 86.6746 43.508 6
      vertex 86.7164 43.3414 6
    endloop
  endfacet
  facet normal 0.989123 0.146558 0.0124758
    outer loop
      vertex 86.7654 43.3512 2
      vertex 86.7164 43.3414 6
      vertex 86.7913 43.1764 2
    endloop
  endfacet
  facet normal -0.998708 0.049256 0.0124839
    outer loop
      vertex 83.2087 43.1764 2
      vertex 83.2 43 2
      vertex 83.25 43 6
    endloop
  endfacet
  facet normal -0.998708 -0.049256 0.0124839
    outer loop
      vertex 83.25 43 6
      vertex 83.2 43 2
      vertex 83.2087 42.8236 2
    endloop
  endfacet
  facet normal -0.67138 0.741008 0.0124996
    outer loop
      vertex 83.8581 44.3914 2
      vertex 83.7272 44.2728 2
      vertex 83.7626 44.2374 6
    endloop
  endfacet
  facet normal -0.427372 0.90399 0.0124818
    outer loop
      vertex 84.3112 44.663 2
      vertex 84.1515 44.5875 2
      vertex 84.3303 44.6168 6
    endloop
  endfacet
  facet normal -0.595506 0.803254 0.0124725
    outer loop
      vertex 84 44.4966 2
      vertex 83.8581 44.3914 2
      vertex 84.0278 44.4551 6
    endloop
  endfacet
  facet normal -0.803278 0.595474 0.0124708
    outer loop
      vertex 83.6086 44.1419 2
      vertex 83.5449 43.9722 6
      vertex 83.6472 44.1102 6
    endloop
  endfacet
  facet normal -0.90399 0.427372 0.0124818
    outer loop
      vertex 83.4125 43.8485 2
      vertex 83.337 43.6888 2
      vertex 83.3832 43.6697 6
    endloop
  endfacet
  facet normal -0.941576 0.336568 0.0124823
    outer loop
      vertex 83.337 43.6888 2
      vertex 83.3254 43.508 6
      vertex 83.3832 43.6697 6
    endloop
  endfacet
  facet normal -0.989123 0.146558 0.0124758
    outer loop
      vertex 83.2346 43.3512 2
      vertex 83.2087 43.1764 2
      vertex 83.2836 43.3414 6
    endloop
  endfacet
  facet normal 0.0489171 -0.998725 0.0124691
    outer loop
      vertex 85.1715 41.2584 6
      vertex 85 41.25 6
      vertex 85.1764 41.2087 2
    endloop
  endfacet
  facet normal -0.514456 -0.857426 0.0124884
    outer loop
      vertex 84.1751 41.4566 6
      vertex 84 41.5034 2
      vertex 84.1515 41.4125 2
    endloop
  endfacet
  facet normal -0.989102 -0.146706 0.0124693
    outer loop
      vertex 83.2584 42.8285 6
      vertex 83.2087 42.8236 2
      vertex 83.2836 42.6586 6
    endloop
  endfacet
  facet normal -0.941576 -0.336568 0.0124823
    outer loop
      vertex 83.3832 42.3303 6
      vertex 83.3254 42.492 6
      vertex 83.337 42.3112 2
    endloop
  endfacet
  facet normal -0.90399 -0.427372 0.0124818
    outer loop
      vertex 83.3832 42.3303 6
      vertex 83.337 42.3112 2
      vertex 83.4125 42.1515 2
    endloop
  endfacet
  facet normal -0.857426 -0.514456 0.0124884
    outer loop
      vertex 83.4566 42.1751 6
      vertex 83.4125 42.1515 2
      vertex 83.5034 42 2
    endloop
  endfacet
  facet normal 0.595474 -0.803278 0.0124708
    outer loop
      vertex 86.1102 41.6472 6
      vertex 85.9722 41.5449 6
      vertex 86.1419 41.6086 2
    endloop
  endfacet
  facet normal 0.514456 -0.857426 0.0124884
    outer loop
      vertex 86 41.5034 2
      vertex 85.8249 41.4566 6
      vertex 85.8485 41.4125 2
    endloop
  endfacet
  facet normal 0.336848 -0.941476 0.0124953
    outer loop
      vertex 85.6888 41.337 2
      vertex 85.508 41.3254 6
      vertex 85.5225 41.2775 2
    endloop
  endfacet
  facet normal 0.427372 -0.90399 0.0124818
    outer loop
      vertex 85.8485 41.4125 2
      vertex 85.6697 41.3832 6
      vertex 85.6888 41.337 2
    endloop
  endfacet
  facet normal 0.514113 -0.857632 0.012471
    outer loop
      vertex 85.9722 41.5449 6
      vertex 85.8249 41.4566 6
      vertex 86 41.5034 2
    endloop
  endfacet
  facet normal 0.941576 -0.336568 0.0124823
    outer loop
      vertex 86.6746 42.492 6
      vertex 86.6168 42.3303 6
      vertex 86.663 42.3112 2
    endloop
  endfacet
  facet normal 0.803278 -0.595474 0.0124708
    outer loop
      vertex 86.4551 42.0278 6
      vertex 86.3528 41.8898 6
      vertex 86.3914 41.8581 2
    endloop
  endfacet
  facet normal 0.90399 -0.427372 0.0124818
    outer loop
      vertex 86.6168 42.3303 6
      vertex 86.5875 42.1515 2
      vertex 86.663 42.3112 2
    endloop
  endfacet
  facet normal 0.903928 -0.427502 0.0124881
    outer loop
      vertex 86.6168 42.3303 6
      vertex 86.5434 42.1751 6
      vertex 86.5875 42.1515 2
    endloop
  endfacet
  facet normal 0.989102 -0.146706 0.0124693
    outer loop
      vertex 86.7416 42.8285 6
      vertex 86.7164 42.6586 6
      vertex 86.7913 42.8236 2
    endloop
  endfacet
  facet normal 0.998725 -0.0489171 0.0124691
    outer loop
      vertex 86.75 43 6
      vertex 86.7416 42.8285 6
      vertex 86.7913 42.8236 2
    endloop
  endfacet
  facet normal 0.427502 0.903928 0.0124881
    outer loop
      vertex 85.8485 44.5875 2
      vertex 85.6697 44.6168 6
      vertex 85.8249 44.5434 6
    endloop
  endfacet
  facet normal 0.427372 0.90399 0.0124818
    outer loop
      vertex 85.6888 44.663 2
      vertex 85.6697 44.6168 6
      vertex 85.8485 44.5875 2
    endloop
  endfacet
  facet normal 0.242916 0.969967 0.0124959
    outer loop
      vertex 85.5225 44.7225 2
      vertex 85.3512 44.7654 2
      vertex 85.508 44.6746 6
    endloop
  endfacet
  facet normal 0.336848 0.941476 0.0124953
    outer loop
      vertex 85.5225 44.7225 2
      vertex 85.508 44.6746 6
      vertex 85.6888 44.663 2
    endloop
  endfacet
  facet normal 0.514113 0.857632 0.012471
    outer loop
      vertex 86 44.4966 2
      vertex 85.8249 44.5434 6
      vertex 85.9722 44.4551 6
    endloop
  endfacet
  facet normal 0.049256 0.998708 0.0124839
    outer loop
      vertex 85 44.8 2
      vertex 85 44.75 6
      vertex 85.1764 44.7913 2
    endloop
  endfacet
  facet normal 0.803278 0.595474 0.0124708
    outer loop
      vertex 86.3914 44.1419 2
      vertex 86.3528 44.1102 6
      vertex 86.4551 43.9722 6
    endloop
  endfacet
  facet normal 0.67138 0.741008 0.0124996
    outer loop
      vertex 86.2728 44.2728 2
      vertex 86.1419 44.3914 2
      vertex 86.2374 44.2374 6
    endloop
  endfacet
  facet normal 0.671867 0.740567 0.012471
    outer loop
      vertex 86.1419 44.3914 2
      vertex 86.1102 44.3528 6
      vertex 86.2374 44.2374 6
    endloop
  endfacet
  facet normal -0.998725 0.0489171 0.0124691
    outer loop
      vertex 83.2584 43.1715 6
      vertex 83.2087 43.1764 2
      vertex 83.25 43 6
    endloop
  endfacet
  facet normal 0 0 1
    outer loop
      vertex 86.7416 43.1715 6
      vertex 86.7416 42.8285 6
      vertex 86.75 43 6
    endloop
  endfacet
  facet normal 0 0 1
    outer loop
      vertex 86.7164 43.3414 6
      vertex 86.7416 42.8285 6
      vertex 86.7416 43.1715 6
    endloop
  endfacet
  facet normal 0 0 1
    outer loop
      vertex 86.7164 43.3414 6
      vertex 86.7164 42.6586 6
      vertex 86.7416 42.8285 6
    endloop
  endfacet
  facet normal 0 0 1
    outer loop
      vertex 86.6746 43.508 6
      vertex 86.7164 42.6586 6
      vertex 86.7164 43.3414 6
    endloop
  endfacet
  facet normal 0 0 1
    outer loop
      vertex 86.6746 43.508 6
      vertex 86.6746 42.492 6
      vertex 86.7164 42.6586 6
    endloop
  endfacet
  facet normal 0 0 1
    outer loop
      vertex 86.6168 43.6697 6
      vertex 86.6746 42.492 6
      vertex 86.6746 43.508 6
    endloop
  endfacet
  facet normal 0 0 1
    outer loop
      vertex 86.6168 43.6697 6
      vertex 86.6168 42.3303 6
      vertex 86.6746 42.492 6
    endloop
  endfacet
  facet normal 0 0 1
    outer loop
      vertex 86.5434 43.8249 6
      vertex 86.6168 42.3303 6
      vertex 86.6168 43.6697 6
    endloop
  endfacet
  facet normal 0 0 1
    outer loop
      vertex 86.5434 43.8249 6
      vertex 86.5434 42.1751 6
      vertex 86.6168 42.3303 6
    endloop
  endfacet
  facet normal 0 0 1
    outer loop
      vertex 86.4551 43.9722 6
      vertex 86.5434 42.1751 6
      vertex 86.5434 43.8249 6
    endloop
  endfacet
  facet normal 0 0 1
    outer loop
      vertex 86.4551 43.9722 6
      vertex 86.4551 42.0278 6
      vertex 86.5434 42.1751 6
    endloop
  endfacet
  facet normal 0 0 1
    outer loop
      vertex 86.3528 44.1102 6
      vertex 86.4551 42.0278 6
      vertex 86.4551 43.9722 6
    endloop
  endfacet
  facet normal 0 0 1
    outer loop
      vertex 86.3528 44.1102 6
      vertex 86.3528 41.8898 6
      vertex 86.4551 42.0278 6
    endloop
  endfacet
  facet normal 0 0 1
    outer loop
      vertex 86.2374 44.2374 6
      vertex 86.3528 41.8898 6
      vertex 86.3528 44.1102 6
    endloop
  endfacet
  facet normal 0 0 1
    outer loop
      vertex 86.2374 44.2374 6
      vertex 86.2374 41.7626 6
      vertex 86.3528 41.8898 6
    endloop
  endfacet
  facet normal 0 0 1
    outer loop
      vertex 86.1102 44.3528 6
      vertex 86.2374 41.7626 6
      vertex 86.2374 44.2374 6
    endloop
  endfacet
  facet normal 0 0 1
    outer loop
      vertex 86.1102 44.3528 6
      vertex 86.1102 41.6472 6
      vertex 86.2374 41.7626 6
    endloop
  endfacet
  facet normal 0 0 1
    outer loop
      vertex 85.9722 44.4551 6
      vertex 86.1102 41.6472 6
      vertex 86.1102 44.3528 6
    endloop
  endfacet
  facet normal 0 0 1
    outer loop
      vertex 85.9722 44.4551 6
      vertex 85.9722 41.5449 6
      vertex 86.1102 41.6472 6
    endloop
  endfacet
  facet normal 0 0 1
    outer loop
      vertex 85.8249 44.5434 6
      vertex 85.9722 41.5449 6
      vertex 85.9722 44.4551 6
    endloop
  endfacet
  facet normal 0 0 1
    outer loop
      vertex 85.8249 44.5434 6
      vertex 85.8249 41.4566 6
      vertex 85.9722 41.5449 6
    endloop
  endfacet
  facet normal 0 0 1
    outer loop
      vertex 85.6697 44.6168 6
      vertex 85.8249 41.4566 6
      vertex 85.8249 44.5434 6
    endloop
  endfacet
  facet normal 0 0 1
    outer loop
      vertex 85.6697 44.6168 6
      vertex 85.6697 41.3832 6
      vertex 85.8249 41.4566 6
    endloop
  endfacet
  facet normal 0 0 1
    outer loop
      vertex 85.508 44.6746 6
      vertex 85.6697 41.3832 6
      vertex 85.6697 44.6168 6
    endloop
  endfacet
  facet normal 0 0 1
    outer loop
      vertex 85.508 44.6746 6
      vertex 85.508 41.3254 6
      vertex 85.6697 41.3832 6
    endloop
  endfacet
  facet normal 0 0 1
    outer loop
      vertex 85.3414 44.7164 6
      vertex 85.508 41.3254 6
      vertex 85.508 44.6746 6
    endloop
  endfacet
  facet normal 0 0 1
    outer loop
      vertex 85.3414 44.7164 6
      vertex 85.3414 41.2836 6
      vertex 85.508 41.3254 6
    endloop
  endfacet
  facet normal 0 0 1
    outer loop
      vertex 85.1715 44.7416 6
      vertex 85.3414 41.2836 6
      vertex 85.3414 44.7164 6
    endloop
  endfacet
  facet normal 0 0 1
    outer loop
      vertex 85.1715 44.7416 6
      vertex 85.1715 41.2584 6
      vertex 85.3414 41.2836 6
    endloop
  endfacet
  facet normal 0 0 1
    outer loop
      vertex 85 44.75 6
      vertex 85.1715 41.2584 6
      vertex 85.1715 44.7416 6
    endloop
  endfacet
  facet normal 0 0 1
    outer loop
      vertex 85 44.75 6
      vertex 85 41.25 6
      vertex 85.1715 41.2584 6
    endloop
  endfacet
  facet normal -0 0 1
    outer loop
      vertex 84.8285 44.7416 6
      vertex 85 41.25 6
      vertex 85 44.75 6
    endloop
  endfacet
  facet normal 0 0 1
    outer loop
      vertex 84.8285 44.7416 6
      vertex 84.8285 41.2584 6
      vertex 85 41.25 6
    endloop
  endfacet
  facet normal -0 0 1
    outer loop
      vertex 84.6586 44.7164 6
      vertex 84.8285 41.2584 6
      vertex 84.8285 44.7416 6
    endloop
  endfacet
  facet normal 0 0 1
    outer loop
      vertex 84.6586 44.7164 6
      vertex 84.6586 41.2836 6
      vertex 84.8285 41.2584 6
    endloop
  endfacet
  facet normal -0 0 1
    outer loop
      vertex 84.492 44.6746 6
      vertex 84.6586 41.2836 6
      vertex 84.6586 44.7164 6
    endloop
  endfacet
  facet normal 0 0 1
    outer loop
      vertex 84.492 44.6746 6
      vertex 84.492 41.3254 6
      vertex 84.6586 41.2836 6
    endloop
  endfacet
  facet normal -0 0 1
    outer loop
      vertex 84.3303 44.6168 6
      vertex 84.492 41.3254 6
      vertex 84.492 44.6746 6
    endloop
  endfacet
  facet normal 0 0 1
    outer loop
      vertex 84.3303 44.6168 6
      vertex 84.3303 41.3832 6
      vertex 84.492 41.3254 6
    endloop
  endfacet
  facet normal -0 0 1
    outer loop
      vertex 84.1751 44.5434 6
      vertex 84.3303 41.3832 6
      vertex 84.3303 44.6168 6
    endloop
  endfacet
  facet normal 0 0 1
    outer loop
      vertex 84.1751 44.5434 6
      vertex 84.1751 41.4566 6
      vertex 84.3303 41.3832 6
    endloop
  endfacet
  facet normal -0 0 1
    outer loop
      vertex 84.0278 44.4551 6
      vertex 84.1751 41.4566 6
      vertex 84.1751 44.5434 6
    endloop
  endfacet
  facet normal 0 0 1
    outer loop
      vertex 84.0278 44.4551 6
      vertex 84.0278 41.5449 6
      vertex 84.1751 41.4566 6
    endloop
  endfacet
  facet normal -0 0 1
    outer loop
      vertex 83.8898 44.3528 6
      vertex 84.0278 41.5449 6
      vertex 84.0278 44.4551 6
    endloop
  endfacet
  facet normal 0 0 1
    outer loop
      vertex 83.8898 44.3528 6
      vertex 83.8898 41.6472 6
      vertex 84.0278 41.5449 6
    endloop
  endfacet
  facet normal -0 0 1
    outer loop
      vertex 83.7626 44.2374 6
      vertex 83.8898 41.6472 6
      vertex 83.8898 44.3528 6
    endloop
  endfacet
  facet normal 0 0 1
    outer loop
      vertex 83.7626 44.2374 6
      vertex 83.7626 41.7626 6
      vertex 83.8898 41.6472 6
    endloop
  endfacet
  facet normal -0 0 1
    outer loop
      vertex 83.6472 44.1102 6
      vertex 83.7626 41.7626 6
      vertex 83.7626 44.2374 6
    endloop
  endfacet
  facet normal 0 0 1
    outer loop
      vertex 83.6472 44.1102 6
      vertex 83.6472 41.8898 6
      vertex 83.7626 41.7626 6
    endloop
  endfacet
  facet normal -0 0 1
    outer loop
      vertex 83.5449 43.9722 6
      vertex 83.6472 41.8898 6
      vertex 83.6472 44.1102 6
    endloop
  endfacet
  facet normal 0 0 1
    outer loop
      vertex 83.5449 43.9722 6
      vertex 83.5449 42.0278 6
      vertex 83.6472 41.8898 6
    endloop
  endfacet
  facet normal -0 0 1
    outer loop
      vertex 83.4566 43.8249 6
      vertex 83.5449 42.0278 6
      vertex 83.5449 43.9722 6
    endloop
  endfacet
  facet normal 0 0 1
    outer loop
      vertex 83.4566 43.8249 6
      vertex 83.4566 42.1751 6
      vertex 83.5449 42.0278 6
    endloop
  endfacet
  facet normal -0 0 1
    outer loop
      vertex 83.3832 43.6697 6
      vertex 83.4566 42.1751 6
      vertex 83.4566 43.8249 6
    endloop
  endfacet
  facet normal 0 0 1
    outer loop
      vertex 83.3832 43.6697 6
      vertex 83.3832 42.3303 6
      vertex 83.4566 42.1751 6
    endloop
  endfacet
  facet normal -0 0 1
    outer loop
      vertex 83.3254 43.508 6
      vertex 83.3832 42.3303 6
      vertex 83.3832 43.6697 6
    endloop
  endfacet
  facet normal 0 0 1
    outer loop
      vertex 83.3254 43.508 6
      vertex 83.3254 42.492 6
      vertex 83.3832 42.3303 6
    endloop
  endfacet
  facet normal -0 0 1
    outer loop
      vertex 83.2836 43.3414 6
      vertex 83.3254 42.492 6
      vertex 83.3254 43.508 6
    endloop
  endfacet
  facet normal 0 0 1
    outer loop
      vertex 83.2836 43.3414 6
      vertex 83.2836 42.6586 6
      vertex 83.3254 42.492 6
    endloop
  endfacet
  facet normal -0 0 1
    outer loop
      vertex 83.2584 43.1715 6
      vertex 83.2836 42.6586 6
      vertex 83.2836 43.3414 6
    endloop
  endfacet
  facet normal 0 0 1
    outer loop
      vertex 83.2584 43.1715 6
      vertex 83.2584 42.8285 6
      vertex 83.2836 42.6586 6
    endloop
  endfacet
  facet normal 0 -0 1
    outer loop
      vertex 83.2584 42.8285 6
      vertex 83.2584 43.1715 6
      vertex 83.25 43 6
    endloop
  endfacet
  facet normal -0.242916 0.969967 0.0124959
    outer loop
      vertex 84.6488 44.7654 2
      vertex 84.4775 44.7225 2
      vertex 84.492 44.6746 6
    endloop
  endfacet
  facet normal -0.336848 0.941476 0.0124953
    outer loop
      vertex 84.4775 44.7225 2
      vertex 84.3112 44.663 2
      vertex 84.492 44.6746 6
    endloop
  endfacet
  facet normal -0.595474 0.803278 0.0124708
    outer loop
      vertex 84.0278 44.4551 6
      vertex 83.8581 44.3914 2
      vertex 83.8898 44.3528 6
    endloop
  endfacet
  facet normal -0.514113 0.857632 0.012471
    outer loop
      vertex 84.1751 44.5434 6
      vertex 84 44.4966 2
      vertex 84.0278 44.4551 6
    endloop
  endfacet
  facet normal -0.857632 0.514113 0.012471
    outer loop
      vertex 83.5034 44 2
      vertex 83.4566 43.8249 6
      vertex 83.5449 43.9722 6
    endloop
  endfacet
  facet normal -0.803254 0.595506 0.0124725
    outer loop
      vertex 83.6086 44.1419 2
      vertex 83.5034 44 2
      vertex 83.5449 43.9722 6
    endloop
  endfacet
  facet normal -0.969967 0.242916 0.0124959
    outer loop
      vertex 83.2775 43.5225 2
      vertex 83.2346 43.3512 2
      vertex 83.3254 43.508 6
    endloop
  endfacet
  facet normal -0.969861 0.243339 0.012477
    outer loop
      vertex 83.3254 43.508 6
      vertex 83.2346 43.3512 2
      vertex 83.2836 43.3414 6
    endloop
  endfacet
  facet normal -0.049256 -0.998708 0.0124839
    outer loop
      vertex 85 41.25 6
      vertex 84.8236 41.2087 2
      vertex 85 41.2 2
    endloop
  endfacet
  facet normal -0.146706 -0.989102 0.0124693
    outer loop
      vertex 84.8285 41.2584 6
      vertex 84.6586 41.2836 6
      vertex 84.8236 41.2087 2
    endloop
  endfacet
  facet normal -0.0489171 -0.998725 0.0124691
    outer loop
      vertex 84.8285 41.2584 6
      vertex 84.8236 41.2087 2
      vertex 85 41.25 6
    endloop
  endfacet
  facet normal -0.336848 -0.941476 0.0124953
    outer loop
      vertex 84.492 41.3254 6
      vertex 84.3112 41.337 2
      vertex 84.4775 41.2775 2
    endloop
  endfacet
  facet normal -0.595506 -0.803254 0.0124725
    outer loop
      vertex 84.0278 41.5449 6
      vertex 83.8581 41.6086 2
      vertex 84 41.5034 2
    endloop
  endfacet
  facet normal -0.514113 -0.857632 0.012471
    outer loop
      vertex 84.0278 41.5449 6
      vertex 84 41.5034 2
      vertex 84.1751 41.4566 6
    endloop
  endfacet
  facet normal -0.427502 -0.903928 0.0124881
    outer loop
      vertex 84.1751 41.4566 6
      vertex 84.1515 41.4125 2
      vertex 84.3303 41.3832 6
    endloop
  endfacet
  facet normal -0.903928 -0.427502 0.0124881
    outer loop
      vertex 83.4566 42.1751 6
      vertex 83.3832 42.3303 6
      vertex 83.4125 42.1515 2
    endloop
  endfacet
  facet normal -0.741008 -0.67138 0.0124996
    outer loop
      vertex 83.7626 41.7626 6
      vertex 83.6086 41.8581 2
      vertex 83.7272 41.7272 2
    endloop
  endfacet
  facet normal -0.67138 -0.741008 0.0124996
    outer loop
      vertex 83.7626 41.7626 6
      vertex 83.7272 41.7272 2
      vertex 83.8581 41.6086 2
    endloop
  endfacet
  facet normal -0.857632 -0.514113 0.012471
    outer loop
      vertex 83.5449 42.0278 6
      vertex 83.4566 42.1751 6
      vertex 83.5034 42 2
    endloop
  endfacet
  facet normal -0.803254 -0.595506 0.0124725
    outer loop
      vertex 83.5449 42.0278 6
      vertex 83.5034 42 2
      vertex 83.6086 41.8581 2
    endloop
  endfacet
  facet normal 0.67138 -0.741008 0.0124996
    outer loop
      vertex 86.2374 41.7626 6
      vertex 86.1419 41.6086 2
      vertex 86.2728 41.7272 2
    endloop
  endfacet
  facet normal 0.741008 -0.67138 0.0124996
    outer loop
      vertex 86.3914 41.8581 2
      vertex 86.2374 41.7626 6
      vertex 86.2728 41.7272 2
    endloop
  endfacet
  facet normal 0.803254 0.595506 0.0124725
    outer loop
      vertex 86.4966 44 2
      vertex 86.3914 44.1419 2
      vertex 86.4551 43.9722 6
    endloop
  endfacet
  facet normal 0.857632 0.514113 0.012471
    outer loop
      vertex 86.4966 44 2
      vertex 86.4551 43.9722 6
      vertex 86.5434 43.8249 6
    endloop
  endfacet
  facet normal 0.857426 0.514456 0.0124884
    outer loop
      vertex 86.5875 43.8485 2
      vertex 86.4966 44 2
      vertex 86.5434 43.8249 6
    endloop
  endfacet
  facet normal -0.243339 0.969861 0.012477
    outer loop
      vertex 84.6488 44.7654 2
      vertex 84.492 44.6746 6
      vertex 84.6586 44.7164 6
    endloop
  endfacet
  facet normal -0.514456 0.857426 0.0124884
    outer loop
      vertex 84.1515 44.5875 2
      vertex 84 44.4966 2
      vertex 84.1751 44.5434 6
    endloop
  endfacet
  facet normal -0.427502 0.903928 0.0124881
    outer loop
      vertex 84.3303 44.6168 6
      vertex 84.1515 44.5875 2
      vertex 84.1751 44.5434 6
    endloop
  endfacet
  facet normal -0.903928 0.427502 0.0124881
    outer loop
      vertex 83.4125 43.8485 2
      vertex 83.3832 43.6697 6
      vertex 83.4566 43.8249 6
    endloop
  endfacet
  facet normal -0.146558 -0.989123 0.0124758
    outer loop
      vertex 84.6586 41.2836 6
      vertex 84.6488 41.2346 2
      vertex 84.8236 41.2087 2
    endloop
  endfacet
  facet normal -0.243339 -0.969861 0.012477
    outer loop
      vertex 84.6586 41.2836 6
      vertex 84.492 41.3254 6
      vertex 84.6488 41.2346 2
    endloop
  endfacet
  facet normal -0.595474 -0.803278 0.0124708
    outer loop
      vertex 83.8898 41.6472 6
      vertex 83.8581 41.6086 2
      vertex 84.0278 41.5449 6
    endloop
  endfacet
  facet normal -0.336568 -0.941576 0.0124823
    outer loop
      vertex 84.3303 41.3832 6
      vertex 84.3112 41.337 2
      vertex 84.492 41.3254 6
    endloop
  endfacet
  facet normal -0.427372 -0.90399 0.0124818
    outer loop
      vertex 84.3303 41.3832 6
      vertex 84.1515 41.4125 2
      vertex 84.3112 41.337 2
    endloop
  endfacet
  facet normal -0.336568 0.941576 0.0124823
    outer loop
      vertex 84.492 44.6746 6
      vertex 84.3112 44.663 2
      vertex 84.3303 44.6168 6
    endloop
  endfacet
  facet normal -0.242916 -0.969967 0.0124959
    outer loop
      vertex 84.492 41.3254 6
      vertex 84.4775 41.2775 2
      vertex 84.6488 41.2346 2
    endloop
  endfacet
  facet normal 0 0 -1
    outer loop
      vertex 88 0 0
      vertex 92 4 0
      vertex 91.9807 3.60793 0
    endloop
  endfacet
  facet normal -0 0 -1
    outer loop
      vertex 92 4 0
      vertex 88 0 0
      vertex 92 46 0
    endloop
  endfacet
  facet normal 0 0 -1
    outer loop
      vertex 88 0 0
      vertex 91.9807 3.60793 0
      vertex 91.9231 3.21964 0
    endloop
  endfacet
  facet normal 0 0 -1
    outer loop
      vertex 88 50 0
      vertex 92 46 0
      vertex 88 0 0
    endloop
  endfacet
  facet normal 0 0 -1
    outer loop
      vertex 88 0 0
      vertex 91.9231 3.21964 0
      vertex 91.8278 2.83885 0
    endloop
  endfacet
  facet normal 0 0 -1
    outer loop
      vertex 92 46 0
      vertex 88 50 0
      vertex 91.9807 46.3921 0
    endloop
  endfacet
  facet normal 0 0 -1
    outer loop
      vertex 88 0 0
      vertex 91.8278 2.83885 0
      vertex 91.6955 2.46925 0
    endloop
  endfacet
  facet normal 0 0 -1
    outer loop
      vertex 91.9807 46.3921 0
      vertex 88 50 0
      vertex 91.9231 46.7803 0
    endloop
  endfacet
  facet normal 0 0 -1
    outer loop
      vertex 88 0 0
      vertex 91.6955 2.46925 0
      vertex 91.5277 2.11441 0
    endloop
  endfacet
  facet normal 0 0 -1
    outer loop
      vertex 91.9231 46.7803 0
      vertex 88 50 0
      vertex 91.8278 47.1611 0
    endloop
  endfacet
  facet normal 0 0 -1
    outer loop
      vertex 88 0 0
      vertex 91.5277 2.11441 0
      vertex 91.3259 1.77771 0
    endloop
  endfacet
  facet normal 0 0 -1
    outer loop
      vertex 91.8278 47.1611 0
      vertex 88 50 0
      vertex 91.6955 47.5307 0
    endloop
  endfacet
  facet normal 0 0 -1
    outer loop
      vertex 88 0 0
      vertex 91.3259 1.77771 0
      vertex 91.092 1.46242 0
    endloop
  endfacet
  facet normal 0 0 -1
    outer loop
      vertex 91.6955 47.5307 0
      vertex 88 50 0
      vertex 91.5277 47.8856 0
    endloop
  endfacet
  facet normal 0 0 -1
    outer loop
      vertex 88 0 0
      vertex 91.092 1.46242 0
      vertex 90.8284 1.17157 0
    endloop
  endfacet
  facet normal 0 0 -1
    outer loop
      vertex 91.5277 47.8856 0
      vertex 88 50 0
      vertex 91.3259 48.2223 0
    endloop
  endfacet
  facet normal 0 0 -1
    outer loop
      vertex 88 0 0
      vertex 90.8284 1.17157 0
      vertex 90.5376 0.907944 0
    endloop
  endfacet
  facet normal 0 0 -1
    outer loop
      vertex 91.3259 48.2223 0
      vertex 88 50 0
      vertex 91.092 48.5376 0
    endloop
  endfacet
  facet normal 0 0 -1
    outer loop
      vertex 88 0 0
      vertex 90.5376 0.907944 0
      vertex 90.2223 0.674118 0
    endloop
  endfacet
  facet normal 0 0 -1
    outer loop
      vertex 91.092 48.5376 0
      vertex 88 50 0
      vertex 90.8284 48.8284 0
    endloop
  endfacet
  facet normal 0 0 -1
    outer loop
      vertex 88 0 0
      vertex 90.2223 0.674118 0
      vertex 89.8856 0.472305 0
    endloop
  endfacet
  facet normal 0 0 -1
    outer loop
      vertex 90.8284 48.8284 0
      vertex 88 50 0
      vertex 90.5376 49.092 0
    endloop
  endfacet
  facet normal 0 0 -1
    outer loop
      vertex 88 0 0
      vertex 89.8856 0.472305 0
      vertex 89.5307 0.304474 0
    endloop
  endfacet
  facet normal 0 0 -1
    outer loop
      vertex 90.5376 49.092 0
      vertex 88 50 0
      vertex 90.2223 49.3259 0
    endloop
  endfacet
  facet normal 0 0 -1
    outer loop
      vertex 88 0 0
      vertex 89.5307 0.304474 0
      vertex 89.1611 0.172226 0
    endloop
  endfacet
  facet normal 0 0 -1
    outer loop
      vertex 90.2223 49.3259 0
      vertex 88 50 0
      vertex 89.8856 49.5277 0
    endloop
  endfacet
  facet normal 0 0 -1
    outer loop
      vertex 88 0 0
      vertex 89.1611 0.172226 0
      vertex 88.7803 0.0768585 0
    endloop
  endfacet
  facet normal 0 0 -1
    outer loop
      vertex 89.8856 49.5277 0
      vertex 88 50 0
      vertex 89.5307 49.6955 0
    endloop
  endfacet
  facet normal 0 0 -1
    outer loop
      vertex 88 0 0
      vertex 88.7803 0.0768585 0
      vertex 88.3921 0.0192566 0
    endloop
  endfacet
  facet normal 0 0 -1
    outer loop
      vertex 89.5307 49.6955 0
      vertex 88 50 0
      vertex 89.1611 49.8278 0
    endloop
  endfacet
  facet normal 0 0 -1
    outer loop
      vertex 89.1611 49.8278 0
      vertex 88 50 0
      vertex 88.7803 49.9231 0
    endloop
  endfacet
  facet normal 0 0 -1
    outer loop
      vertex 88.7803 49.9231 0
      vertex 88 50 0
      vertex 88.3921 49.9807 0
    endloop
  endfacet
  facet normal 0 0 -1
    outer loop
      vertex 4 0 0
      vertex 88 50 0
      vertex 88 0 0
    endloop
  endfacet
  facet normal 0 0 -1
    outer loop
      vertex 4 0 0
      vertex 4 50 0
      vertex 88 50 0
    endloop
  endfacet
  facet normal 0 0 -1
    outer loop
      vertex 0 4 0
      vertex 4 0 0
      vertex 3.60793 0.0192566 0
    endloop
  endfacet
  facet normal 0 0 -1
    outer loop
      vertex 4 0 0
      vertex 0 4 0
      vertex 4 50 0
    endloop
  endfacet
  facet normal 0 0 -1
    outer loop
      vertex 0 4 0
      vertex 3.60793 0.0192566 0
      vertex 3.21964 0.0768585 0
    endloop
  endfacet
  facet normal 0 0 -1
    outer loop
      vertex 0 46 0
      vertex 4 50 0
      vertex 0 4 0
    endloop
  endfacet
  facet normal 0 0 -1
    outer loop
      vertex 0 4 0
      vertex 3.21964 0.0768585 0
      vertex 2.83885 0.172226 0
    endloop
  endfacet
  facet normal 0 0 -1
    outer loop
      vertex 4 50 0
      vertex 0 46 0
      vertex 3.60793 49.9807 0
    endloop
  endfacet
  facet normal 0 0 -1
    outer loop
      vertex 0 4 0
      vertex 2.83885 0.172226 0
      vertex 2.46925 0.304474 0
    endloop
  endfacet
  facet normal 0 0 -1
    outer loop
      vertex 3.60793 49.9807 0
      vertex 0 46 0
      vertex 3.21964 49.9231 0
    endloop
  endfacet
  facet normal 0 0 -1
    outer loop
      vertex 0 4 0
      vertex 2.46925 0.304474 0
      vertex 2.11441 0.472305 0
    endloop
  endfacet
  facet normal 0 0 -1
    outer loop
      vertex 3.21964 49.9231 0
      vertex 0 46 0
      vertex 2.83885 49.8278 0
    endloop
  endfacet
  facet normal 0 0 -1
    outer loop
      vertex 0 4 0
      vertex 2.11441 0.472305 0
      vertex 1.77771 0.674118 0
    endloop
  endfacet
  facet normal 0 0 -1
    outer loop
      vertex 2.83885 49.8278 0
      vertex 0 46 0
      vertex 2.46925 49.6955 0
    endloop
  endfacet
  facet normal 0 0 -1
    outer loop
      vertex 0 4 0
      vertex 1.77771 0.674118 0
      vertex 1.46242 0.907944 0
    endloop
  endfacet
  facet normal 0 0 -1
    outer loop
      vertex 2.46925 49.6955 0
      vertex 0 46 0
      vertex 2.11441 49.5277 0
    endloop
  endfacet
  facet normal 0 0 -1
    outer loop
      vertex 0 4 0
      vertex 1.46242 0.907944 0
      vertex 1.17157 1.17157 0
    endloop
  endfacet
  facet normal 0 0 -1
    outer loop
      vertex 2.11441 49.5277 0
      vertex 0 46 0
      vertex 1.77771 49.3259 0
    endloop
  endfacet
  facet normal 0 0 -1
    outer loop
      vertex 0 4 0
      vertex 1.17157 1.17157 0
      vertex 0.907944 1.46242 0
    endloop
  endfacet
  facet normal 0 0 -1
    outer loop
      vertex 1.77771 49.3259 0
      vertex 0 46 0
      vertex 1.46242 49.092 0
    endloop
  endfacet
  facet normal 0 0 -1
    outer loop
      vertex 0 4 0
      vertex 0.907944 1.46242 0
      vertex 0.674118 1.77771 0
    endloop
  endfacet
  facet normal 0 0 -1
    outer loop
      vertex 1.46242 49.092 0
      vertex 0 46 0
      vertex 1.17157 48.8284 0
    endloop
  endfacet
  facet normal 0 0 -1
    outer loop
      vertex 0 4 0
      vertex 0.674118 1.77771 0
      vertex 0.472305 2.11441 0
    endloop
  endfacet
  facet normal 0 0 -1
    outer loop
      vertex 1.17157 48.8284 0
      vertex 0 46 0
      vertex 0.907944 48.5376 0
    endloop
  endfacet
  facet normal 0 0 -1
    outer loop
      vertex 0 4 0
      vertex 0.472305 2.11441 0
      vertex 0.304474 2.46925 0
    endloop
  endfacet
  facet normal 0 0 -1
    outer loop
      vertex 0.907944 48.5376 0
      vertex 0 46 0
      vertex 0.674118 48.2223 0
    endloop
  endfacet
  facet normal 0 0 -1
    outer loop
      vertex 0 4 0
      vertex 0.304474 2.46925 0
      vertex 0.172226 2.83885 0
    endloop
  endfacet
  facet normal 0 0 -1
    outer loop
      vertex 0.674118 48.2223 0
      vertex 0 46 0
      vertex 0.472305 47.8856 0
    endloop
  endfacet
  facet normal 0 0 -1
    outer loop
      vertex 0 4 0
      vertex 0.172226 2.83885 0
      vertex 0.0768585 3.21964 0
    endloop
  endfacet
  facet normal 0 0 -1
    outer loop
      vertex 0.472305 47.8856 0
      vertex 0 46 0
      vertex 0.304474 47.5307 0
    endloop
  endfacet
  facet normal 0 0 -1
    outer loop
      vertex 0 4 0
      vertex 0.0768585 3.21964 0
      vertex 0.0192566 3.60793 0
    endloop
  endfacet
  facet normal 0 0 -1
    outer loop
      vertex 0.304474 47.5307 0
      vertex 0 46 0
      vertex 0.172226 47.1611 0
    endloop
  endfacet
  facet normal 0 0 -1
    outer loop
      vertex 0.172226 47.1611 0
      vertex 0 46 0
      vertex 0.0768585 46.7803 0
    endloop
  endfacet
  facet normal 0 0 -1
    outer loop
      vertex 0.0768585 46.7803 0
      vertex 0 46 0
      vertex 0.0192566 46.3921 0
    endloop
  endfacet
  facet normal -0.989175 -0.146742 0
    outer loop
      vertex 0.0768585 3.21964 0
      vertex 0.0192566 3.60793 2
      vertex 0.0192566 3.60793 0
    endloop
  endfacet
  facet normal -0.989175 -0.146742 0
    outer loop
      vertex 0.0192566 3.60793 2
      vertex 0.0768585 3.21964 0
      vertex 0.0768585 3.21964 2
    endloop
  endfacet
  facet normal -1 0 0
    outer loop
      vertex 0 4 0
      vertex 0 46 2
      vertex 0 46 0
    endloop
  endfacet
  facet normal -1 -0 0
    outer loop
      vertex 0 46 2
      vertex 0 4 0
      vertex 0 4 2
    endloop
  endfacet
  facet normal 0.998791 0.0491626 0
    outer loop
      vertex 92 46 2
      vertex 91.9807 46.3921 0
      vertex 91.9807 46.3921 2
    endloop
  endfacet
  facet normal 0.998791 0.0491626 0
    outer loop
      vertex 91.9807 46.3921 0
      vertex 92 46 2
      vertex 92 46 0
    endloop
  endfacet
  facet normal -0.998796 -0.0490561 0
    outer loop
      vertex 0.0192566 3.60793 0
      vertex 0 4 2
      vertex 0 4 0
    endloop
  endfacet
  facet normal -0.998796 -0.0490561 0
    outer loop
      vertex 0 4 2
      vertex 0.0192566 3.60793 0
      vertex 0.0192566 3.60793 2
    endloop
  endfacet
  facet normal 0.336897 -0.941542 0
    outer loop
      vertex 89.1611 0.172226 0
      vertex 89.5307 0.304474 2
      vertex 89.1611 0.172226 2
    endloop
  endfacet
  facet normal 0.336897 -0.941542 0
    outer loop
      vertex 89.5307 0.304474 2
      vertex 89.1611 0.172226 0
      vertex 89.5307 0.304474 0
    endloop
  endfacet
  facet normal -0.337014 0.9415 0
    outer loop
      vertex 2.83885 49.8278 0
      vertex 2.46925 49.6955 2
      vertex 2.83885 49.8278 2
    endloop
  endfacet
  facet normal -0.337014 0.9415 0
    outer loop
      vertex 2.46925 49.6955 2
      vertex 2.83885 49.8278 0
      vertex 2.46925 49.6955 0
    endloop
  endfacet
  facet normal -0.0490561 -0.998796 0
    outer loop
      vertex 3.60793 0.0192566 0
      vertex 4 0 2
      vertex 3.60793 0.0192566 2
    endloop
  endfacet
  facet normal -0.0490561 -0.998796 -0
    outer loop
      vertex 4 0 2
      vertex 3.60793 0.0192566 0
      vertex 4 0 0
    endloop
  endfacet
  facet normal -0.98917 0.146775 0
    outer loop
      vertex 0.0192566 46.3921 0
      vertex 0.0768585 46.7803 2
      vertex 0.0768585 46.7803 0
    endloop
  endfacet
  facet normal -0.98917 0.146775 0
    outer loop
      vertex 0.0768585 46.7803 2
      vertex 0.0192566 46.3921 0
      vertex 0.0192566 46.3921 2
    endloop
  endfacet
  facet normal 0.0491626 0.998791 -0
    outer loop
      vertex 88.3921 49.9807 0
      vertex 88 50 2
      vertex 88.3921 49.9807 2
    endloop
  endfacet
  facet normal 0.0491626 0.998791 0
    outer loop
      vertex 88 50 2
      vertex 88.3921 49.9807 0
      vertex 88 50 0
    endloop
  endfacet
  facet normal 0 1 -0
    outer loop
      vertex 88 50 0
      vertex 4 50 2
      vertex 88 50 2
    endloop
  endfacet
  facet normal 0 1 0
    outer loop
      vertex 4 50 2
      vertex 88 50 0
      vertex 4 50 0
    endloop
  endfacet
  facet normal -0.998796 0.0490523 0
    outer loop
      vertex 0 46 0
      vertex 0.0192566 46.3921 2
      vertex 0.0192566 46.3921 0
    endloop
  endfacet
  facet normal -0.998796 0.0490523 0
    outer loop
      vertex 0.0192566 46.3921 2
      vertex 0 46 0
      vertex 0 46 2
    endloop
  endfacet
  facet normal 0.998791 -0.0491664 0
    outer loop
      vertex 91.9807 3.60793 2
      vertex 92 4 0
      vertex 92 4 2
    endloop
  endfacet
  facet normal 0.998791 -0.0491664 0
    outer loop
      vertex 92 4 0
      vertex 91.9807 3.60793 2
      vertex 91.9807 3.60793 0
    endloop
  endfacet
  facet normal 0 -1 0
    outer loop
      vertex 4 0 0
      vertex 88 0 2
      vertex 4 0 2
    endloop
  endfacet
  facet normal 0 -1 -0
    outer loop
      vertex 88 0 2
      vertex 4 0 0
      vertex 88 0 0
    endloop
  endfacet
  facet normal 0.671607 0.740908 -0
    outer loop
      vertex 90.8284 48.8284 0
      vertex 90.5376 49.092 2
      vertex 90.8284 48.8284 2
    endloop
  endfacet
  facet normal 0.671607 0.740908 0
    outer loop
      vertex 90.5376 49.092 2
      vertex 90.8284 48.8284 0
      vertex 90.5376 49.092 0
    endloop
  endfacet
  facet normal -0.740875 0.671643 0
    outer loop
      vertex 0.907944 48.5376 0
      vertex 1.17157 48.8284 2
      vertex 1.17157 48.8284 0
    endloop
  endfacet
  facet normal -0.740875 0.671643 0
    outer loop
      vertex 1.17157 48.8284 2
      vertex 0.907944 48.5376 0
      vertex 0.907944 48.5376 2
    endloop
  endfacet
  facet normal 1 -0 0
    outer loop
      vertex 92 4 2
      vertex 92 46 0
      vertex 92 46 2
    endloop
  endfacet
  facet normal 1 0 0
    outer loop
      vertex 92 46 0
      vertex 92 4 2
      vertex 92 4 0
    endloop
  endfacet
  facet normal 0.904044 0.42744 0
    outer loop
      vertex 91.6955 47.5307 2
      vertex 91.5277 47.8856 0
      vertex 91.5277 47.8856 2
    endloop
  endfacet
  facet normal 0.904044 0.42744 0
    outer loop
      vertex 91.5277 47.8856 0
      vertex 91.6955 47.5307 2
      vertex 91.6955 47.5307 0
    endloop
  endfacet
  facet normal 0.337014 0.9415 -0
    outer loop
      vertex 89.5307 49.6955 0
      vertex 89.1611 49.8278 2
      vertex 89.5307 49.6955 2
    endloop
  endfacet
  facet normal 0.337014 0.9415 0
    outer loop
      vertex 89.1611 49.8278 2
      vertex 89.5307 49.6955 0
      vertex 89.1611 49.8278 0
    endloop
  endfacet
  facet normal 0.514084 0.85774 -0
    outer loop
      vertex 90.2223 49.3259 0
      vertex 89.8856 49.5277 2
      vertex 90.2223 49.3259 2
    endloop
  endfacet
  facet normal 0.514084 0.85774 0
    outer loop
      vertex 89.8856 49.5277 2
      vertex 90.2223 49.3259 0
      vertex 89.8856 49.5277 0
    endloop
  endfacet
  facet normal -0.146737 0.989176 0
    outer loop
      vertex 3.60793 49.9807 0
      vertex 3.21964 49.9231 2
      vertex 3.60793 49.9807 2
    endloop
  endfacet
  facet normal -0.146737 0.989176 0
    outer loop
      vertex 3.21964 49.9231 2
      vertex 3.60793 49.9807 0
      vertex 3.21964 49.9231 0
    endloop
  endfacet
  facet normal -0.0491664 0.998791 0
    outer loop
      vertex 4 50 0
      vertex 3.60793 49.9807 2
      vertex 4 50 2
    endloop
  endfacet
  facet normal -0.0491664 0.998791 0
    outer loop
      vertex 3.60793 49.9807 2
      vertex 4 50 0
      vertex 3.60793 49.9807 0
    endloop
  endfacet
  facet normal -0.242781 0.970081 0
    outer loop
      vertex 3.21964 49.9231 0
      vertex 2.83885 49.8278 2
      vertex 3.21964 49.9231 2
    endloop
  endfacet
  facet normal -0.242781 0.970081 0
    outer loop
      vertex 2.83885 49.8278 2
      vertex 3.21964 49.9231 0
      vertex 2.83885 49.8278 0
    endloop
  endfacet
  facet normal -0.595806 0.803128 0
    outer loop
      vertex 1.77771 49.3259 0
      vertex 1.46242 49.092 2
      vertex 1.77771 49.3259 2
    endloop
  endfacet
  facet normal -0.595806 0.803128 0
    outer loop
      vertex 1.46242 49.092 2
      vertex 1.77771 49.3259 0
      vertex 1.46242 49.092 0
    endloop
  endfacet
  facet normal -0.427499 0.904016 0
    outer loop
      vertex 2.46925 49.6955 0
      vertex 2.11441 49.5277 2
      vertex 2.46925 49.6955 2
    endloop
  endfacet
  facet normal -0.427499 0.904016 0
    outer loop
      vertex 2.11441 49.5277 2
      vertex 2.46925 49.6955 0
      vertex 2.11441 49.5277 0
    endloop
  endfacet
  facet normal -0.671543 0.740965 0
    outer loop
      vertex 1.46242 49.092 0
      vertex 1.17157 48.8284 2
      vertex 1.46242 49.092 2
    endloop
  endfacet
  facet normal -0.671543 0.740965 0
    outer loop
      vertex 1.17157 48.8284 2
      vertex 1.46242 49.092 0
      vertex 1.17157 48.8284 0
    endloop
  endfacet
  facet normal -0.904013 0.427505 0
    outer loop
      vertex 0.304474 47.5307 0
      vertex 0.472305 47.8856 2
      vertex 0.472305 47.8856 0
    endloop
  endfacet
  facet normal -0.904013 0.427505 0
    outer loop
      vertex 0.472305 47.8856 2
      vertex 0.304474 47.5307 0
      vertex 0.304474 47.5307 2
    endloop
  endfacet
  facet normal -0.941542 0.336897 0
    outer loop
      vertex 0.172226 47.1611 0
      vertex 0.304474 47.5307 2
      vertex 0.304474 47.5307 0
    endloop
  endfacet
  facet normal -0.941542 0.336897 0
    outer loop
      vertex 0.304474 47.5307 2
      vertex 0.172226 47.1611 0
      vertex 0.172226 47.1611 2
    endloop
  endfacet
  facet normal -0.857725 0.514108 0
    outer loop
      vertex 0.472305 47.8856 0
      vertex 0.674118 48.2223 2
      vertex 0.674118 48.2223 0
    endloop
  endfacet
  facet normal -0.857725 0.514108 0
    outer loop
      vertex 0.674118 48.2223 2
      vertex 0.472305 47.8856 0
      vertex 0.472305 47.8856 2
    endloop
  endfacet
  facet normal 0.427505 -0.904013 0
    outer loop
      vertex 89.5307 0.304474 0
      vertex 89.8856 0.472305 2
      vertex 89.5307 0.304474 2
    endloop
  endfacet
  facet normal 0.427505 -0.904013 0
    outer loop
      vertex 89.8856 0.472305 2
      vertex 89.5307 0.304474 0
      vertex 89.8856 0.472305 0
    endloop
  endfacet
  facet normal 0.671643 -0.740875 0
    outer loop
      vertex 90.5376 0.907944 0
      vertex 90.8284 1.17157 2
      vertex 90.5376 0.907944 2
    endloop
  endfacet
  facet normal 0.671643 -0.740875 0
    outer loop
      vertex 90.8284 1.17157 2
      vertex 90.5376 0.907944 0
      vertex 90.8284 1.17157 0
    endloop
  endfacet
  facet normal 0.9415 -0.337014 0
    outer loop
      vertex 91.6955 2.46925 2
      vertex 91.8278 2.83885 0
      vertex 91.8278 2.83885 2
    endloop
  endfacet
  facet normal 0.9415 -0.337014 0
    outer loop
      vertex 91.8278 2.83885 0
      vertex 91.6955 2.46925 2
      vertex 91.6955 2.46925 0
    endloop
  endfacet
  facet normal 0.0490523 -0.998796 0
    outer loop
      vertex 88 0 0
      vertex 88.3921 0.0192566 2
      vertex 88 0 2
    endloop
  endfacet
  facet normal 0.0490523 -0.998796 0
    outer loop
      vertex 88.3921 0.0192566 2
      vertex 88 0 0
      vertex 88.3921 0.0192566 0
    endloop
  endfacet
  facet normal 0.242937 -0.970042 0
    outer loop
      vertex 88.7803 0.0768585 0
      vertex 89.1611 0.172226 2
      vertex 88.7803 0.0768585 2
    endloop
  endfacet
  facet normal 0.242937 -0.970042 0
    outer loop
      vertex 89.1611 0.172226 2
      vertex 88.7803 0.0768585 0
      vertex 89.1611 0.172226 0
    endloop
  endfacet
  facet normal -0.427564 -0.903985 0
    outer loop
      vertex 2.11441 0.472305 0
      vertex 2.46925 0.304474 2
      vertex 2.11441 0.472305 2
    endloop
  endfacet
  facet normal -0.427564 -0.903985 -0
    outer loop
      vertex 2.46925 0.304474 2
      vertex 2.11441 0.472305 0
      vertex 2.46925 0.304474 0
    endloop
  endfacet
  facet normal -0.67158 -0.740932 0
    outer loop
      vertex 1.17157 1.17157 0
      vertex 1.46242 0.907944 2
      vertex 1.17157 1.17157 2
    endloop
  endfacet
  facet normal -0.67158 -0.740932 -0
    outer loop
      vertex 1.46242 0.907944 2
      vertex 1.17157 1.17157 0
      vertex 1.46242 0.907944 0
    endloop
  endfacet
  facet normal -0.970041 -0.242943 0
    outer loop
      vertex 0.172226 2.83885 0
      vertex 0.0768585 3.21964 2
      vertex 0.0768585 3.21964 0
    endloop
  endfacet
  facet normal -0.970041 -0.242943 0
    outer loop
      vertex 0.0768585 3.21964 2
      vertex 0.172226 2.83885 0
      vertex 0.172226 2.83885 2
    endloop
  endfacet
  facet normal 0.970083 0.242775 0
    outer loop
      vertex 91.9231 46.7803 2
      vertex 91.8278 47.1611 0
      vertex 91.8278 47.1611 2
    endloop
  endfacet
  facet normal 0.970083 0.242775 0
    outer loop
      vertex 91.8278 47.1611 0
      vertex 91.9231 46.7803 2
      vertex 91.9231 46.7803 0
    endloop
  endfacet
  facet normal 0.989171 0.14677 0
    outer loop
      vertex 91.9807 46.3921 2
      vertex 91.9231 46.7803 0
      vertex 91.9231 46.7803 2
    endloop
  endfacet
  facet normal 0.989171 0.14677 0
    outer loop
      vertex 91.9231 46.7803 0
      vertex 91.9807 46.3921 2
      vertex 91.9807 46.3921 0
    endloop
  endfacet
  facet normal 0.9415 0.337014 0
    outer loop
      vertex 91.8278 47.1611 2
      vertex 91.6955 47.5307 0
      vertex 91.6955 47.5307 2
    endloop
  endfacet
  facet normal 0.9415 0.337014 0
    outer loop
      vertex 91.6955 47.5307 0
      vertex 91.8278 47.1611 2
      vertex 91.8278 47.1611 0
    endloop
  endfacet
  facet normal 0.803137 0.595794 0
    outer loop
      vertex 91.3259 48.2223 2
      vertex 91.092 48.5376 0
      vertex 91.092 48.5376 2
    endloop
  endfacet
  facet normal 0.803137 0.595794 0
    outer loop
      vertex 91.092 48.5376 0
      vertex 91.3259 48.2223 2
      vertex 91.3259 48.2223 0
    endloop
  endfacet
  facet normal 0.740908 0.671607 0
    outer loop
      vertex 91.092 48.5376 2
      vertex 90.8284 48.8284 0
      vertex 90.8284 48.8284 2
    endloop
  endfacet
  facet normal 0.740908 0.671607 0
    outer loop
      vertex 90.8284 48.8284 0
      vertex 91.092 48.5376 2
      vertex 91.092 48.5376 0
    endloop
  endfacet
  facet normal 0.85774 0.514084 0
    outer loop
      vertex 91.5277 47.8856 2
      vertex 91.3259 48.2223 0
      vertex 91.3259 48.2223 2
    endloop
  endfacet
  facet normal 0.85774 0.514084 0
    outer loop
      vertex 91.3259 48.2223 0
      vertex 91.5277 47.8856 2
      vertex 91.5277 47.8856 0
    endloop
  endfacet
  facet normal 0.242775 0.970083 -0
    outer loop
      vertex 89.1611 49.8278 0
      vertex 88.7803 49.9231 2
      vertex 89.1611 49.8278 2
    endloop
  endfacet
  facet normal 0.242775 0.970083 0
    outer loop
      vertex 88.7803 49.9231 2
      vertex 89.1611 49.8278 0
      vertex 88.7803 49.9231 0
    endloop
  endfacet
  facet normal 0.14677 0.989171 -0
    outer loop
      vertex 88.7803 49.9231 0
      vertex 88.3921 49.9807 2
      vertex 88.7803 49.9231 2
    endloop
  endfacet
  facet normal 0.14677 0.989171 0
    outer loop
      vertex 88.3921 49.9807 2
      vertex 88.7803 49.9231 0
      vertex 88.3921 49.9807 0
    endloop
  endfacet
  facet normal 0.42744 0.904044 -0
    outer loop
      vertex 89.8856 49.5277 0
      vertex 89.5307 49.6955 2
      vertex 89.8856 49.5277 2
    endloop
  endfacet
  facet normal 0.42744 0.904044 0
    outer loop
      vertex 89.5307 49.6955 2
      vertex 89.8856 49.5277 0
      vertex 89.5307 49.6955 0
    endloop
  endfacet
  facet normal 0.595794 0.803137 -0
    outer loop
      vertex 90.5376 49.092 0
      vertex 90.2223 49.3259 2
      vertex 90.5376 49.092 2
    endloop
  endfacet
  facet normal 0.595794 0.803137 0
    outer loop
      vertex 90.2223 49.3259 2
      vertex 90.5376 49.092 0
      vertex 90.2223 49.3259 0
    endloop
  endfacet
  facet normal -0.514084 0.85774 0
    outer loop
      vertex 2.11441 49.5277 0
      vertex 1.77771 49.3259 2
      vertex 2.11441 49.5277 2
    endloop
  endfacet
  facet normal -0.514084 0.85774 0
    outer loop
      vertex 1.77771 49.3259 2
      vertex 2.11441 49.5277 0
      vertex 1.77771 49.3259 0
    endloop
  endfacet
  facet normal -0.970042 0.242937 0
    outer loop
      vertex 0.0768585 46.7803 0
      vertex 0.172226 47.1611 2
      vertex 0.172226 47.1611 0
    endloop
  endfacet
  facet normal -0.970042 0.242937 0
    outer loop
      vertex 0.172226 47.1611 2
      vertex 0.0768585 46.7803 0
      vertex 0.0768585 46.7803 2
    endloop
  endfacet
  facet normal -0.803228 0.595672 0
    outer loop
      vertex 0.674118 48.2223 0
      vertex 0.907944 48.5376 2
      vertex 0.907944 48.5376 0
    endloop
  endfacet
  facet normal -0.803228 0.595672 0
    outer loop
      vertex 0.907944 48.5376 2
      vertex 0.674118 48.2223 0
      vertex 0.674118 48.2223 2
    endloop
  endfacet
  facet normal 0.514108 -0.857725 0
    outer loop
      vertex 89.8856 0.472305 0
      vertex 90.2223 0.674118 2
      vertex 89.8856 0.472305 2
    endloop
  endfacet
  facet normal 0.514108 -0.857725 0
    outer loop
      vertex 90.2223 0.674118 2
      vertex 89.8856 0.472305 0
      vertex 90.2223 0.674118 0
    endloop
  endfacet
  facet normal 0.740965 -0.671543 0
    outer loop
      vertex 90.8284 1.17157 2
      vertex 91.092 1.46242 0
      vertex 91.092 1.46242 2
    endloop
  endfacet
  facet normal 0.740965 -0.671543 0
    outer loop
      vertex 91.092 1.46242 0
      vertex 90.8284 1.17157 2
      vertex 90.8284 1.17157 0
    endloop
  endfacet
  facet normal 0.970081 -0.242781 0
    outer loop
      vertex 91.8278 2.83885 2
      vertex 91.9231 3.21964 0
      vertex 91.9231 3.21964 2
    endloop
  endfacet
  facet normal 0.970081 -0.242781 0
    outer loop
      vertex 91.9231 3.21964 0
      vertex 91.8278 2.83885 2
      vertex 91.8278 2.83885 0
    endloop
  endfacet
  facet normal 0.904016 -0.427499 0
    outer loop
      vertex 91.5277 2.11441 2
      vertex 91.6955 2.46925 0
      vertex 91.6955 2.46925 2
    endloop
  endfacet
  facet normal 0.904016 -0.427499 0
    outer loop
      vertex 91.6955 2.46925 0
      vertex 91.5277 2.11441 2
      vertex 91.5277 2.11441 0
    endloop
  endfacet
  facet normal 0.803128 -0.595806 0
    outer loop
      vertex 91.092 1.46242 2
      vertex 91.3259 1.77771 0
      vertex 91.3259 1.77771 2
    endloop
  endfacet
  facet normal 0.803128 -0.595806 0
    outer loop
      vertex 91.3259 1.77771 0
      vertex 91.092 1.46242 2
      vertex 91.092 1.46242 0
    endloop
  endfacet
  facet normal 0.146775 -0.98917 0
    outer loop
      vertex 88.3921 0.0192566 0
      vertex 88.7803 0.0768585 2
      vertex 88.3921 0.0192566 2
    endloop
  endfacet
  facet normal 0.146775 -0.98917 0
    outer loop
      vertex 88.7803 0.0768585 2
      vertex 88.3921 0.0192566 0
      vertex 88.7803 0.0768585 0
    endloop
  endfacet
  facet normal -0.595685 -0.803219 0
    outer loop
      vertex 1.46242 0.907944 0
      vertex 1.77771 0.674118 2
      vertex 1.46242 0.907944 2
    endloop
  endfacet
  facet normal -0.595685 -0.803219 -0
    outer loop
      vertex 1.77771 0.674118 2
      vertex 1.46242 0.907944 0
      vertex 1.77771 0.674118 0
    endloop
  endfacet
  facet normal -0.514108 -0.857725 0
    outer loop
      vertex 1.77771 0.674118 0
      vertex 2.11441 0.472305 2
      vertex 1.77771 0.674118 2
    endloop
  endfacet
  facet normal -0.514108 -0.857725 -0
    outer loop
      vertex 2.11441 0.472305 2
      vertex 1.77771 0.674118 0
      vertex 2.11441 0.472305 0
    endloop
  endfacet
  facet normal -0.146742 -0.989175 0
    outer loop
      vertex 3.21964 0.0768585 0
      vertex 3.60793 0.0192566 2
      vertex 3.21964 0.0768585 2
    endloop
  endfacet
  facet normal -0.146742 -0.989175 -0
    outer loop
      vertex 3.60793 0.0192566 2
      vertex 3.21964 0.0768585 0
      vertex 3.60793 0.0192566 0
    endloop
  endfacet
  facet normal -0.242943 -0.970041 0
    outer loop
      vertex 2.83885 0.172226 0
      vertex 3.21964 0.0768585 2
      vertex 2.83885 0.172226 2
    endloop
  endfacet
  facet normal -0.242943 -0.970041 -0
    outer loop
      vertex 3.21964 0.0768585 2
      vertex 2.83885 0.172226 0
      vertex 3.21964 0.0768585 0
    endloop
  endfacet
  facet normal -0.803219 -0.595685 0
    outer loop
      vertex 0.907944 1.46242 0
      vertex 0.674118 1.77771 2
      vertex 0.674118 1.77771 0
    endloop
  endfacet
  facet normal -0.803219 -0.595685 0
    outer loop
      vertex 0.674118 1.77771 2
      vertex 0.907944 1.46242 0
      vertex 0.907944 1.46242 2
    endloop
  endfacet
  facet normal -0.857725 -0.514108 0
    outer loop
      vertex 0.674118 1.77771 0
      vertex 0.472305 2.11441 2
      vertex 0.472305 2.11441 0
    endloop
  endfacet
  facet normal -0.857725 -0.514108 0
    outer loop
      vertex 0.472305 2.11441 2
      vertex 0.674118 1.77771 0
      vertex 0.674118 1.77771 2
    endloop
  endfacet
  facet normal -0.740932 -0.67158 0
    outer loop
      vertex 1.17157 1.17157 0
      vertex 0.907944 1.46242 2
      vertex 0.907944 1.46242 0
    endloop
  endfacet
  facet normal -0.740932 -0.67158 0
    outer loop
      vertex 0.907944 1.46242 2
      vertex 1.17157 1.17157 0
      vertex 1.17157 1.17157 2
    endloop
  endfacet
  facet normal -0.941542 -0.336897 0
    outer loop
      vertex 0.304474 2.46925 0
      vertex 0.172226 2.83885 2
      vertex 0.172226 2.83885 0
    endloop
  endfacet
  facet normal -0.941542 -0.336897 0
    outer loop
      vertex 0.172226 2.83885 2
      vertex 0.304474 2.46925 0
      vertex 0.304474 2.46925 2
    endloop
  endfacet
  facet normal -0.903985 -0.427564 0
    outer loop
      vertex 0.472305 2.11441 0
      vertex 0.304474 2.46925 2
      vertex 0.304474 2.46925 0
    endloop
  endfacet
  facet normal -0.903985 -0.427564 0
    outer loop
      vertex 0.304474 2.46925 2
      vertex 0.472305 2.11441 0
      vertex 0.472305 2.11441 2
    endloop
  endfacet
  facet normal 0.595672 -0.803228 0
    outer loop
      vertex 90.2223 0.674118 0
      vertex 90.5376 0.907944 2
      vertex 90.2223 0.674118 2
    endloop
  endfacet
  facet normal 0.595672 -0.803228 0
    outer loop
      vertex 90.5376 0.907944 2
      vertex 90.2223 0.674118 0
      vertex 90.5376 0.907944 0
    endloop
  endfacet
  facet normal 0.989176 -0.146737 0
    outer loop
      vertex 91.9231 3.21964 2
      vertex 91.9807 3.60793 0
      vertex 91.9807 3.60793 2
    endloop
  endfacet
  facet normal 0.989176 -0.146737 0
    outer loop
      vertex 91.9807 3.60793 0
      vertex 91.9231 3.21964 2
      vertex 91.9231 3.21964 0
    endloop
  endfacet
  facet normal 0.85774 -0.514084 0
    outer loop
      vertex 91.3259 1.77771 2
      vertex 91.5277 2.11441 0
      vertex 91.5277 2.11441 2
    endloop
  endfacet
  facet normal 0.85774 -0.514084 0
    outer loop
      vertex 91.5277 2.11441 0
      vertex 91.3259 1.77771 2
      vertex 91.3259 1.77771 0
    endloop
  endfacet
  facet normal -0.336897 -0.941542 0
    outer loop
      vertex 2.46925 0.304474 0
      vertex 2.83885 0.172226 2
      vertex 2.46925 0.304474 2
    endloop
  endfacet
  facet normal -0.336897 -0.941542 -0
    outer loop
      vertex 2.83885 0.172226 2
      vertex 2.46925 0.304474 0
      vertex 2.83885 0.172226 0
    endloop
  endfacet
  facet normal 0 0 1
    outer loop
      vertex 31.5134 8.0014 2.55
      vertex 32.2779 8.1642 2.55
      vertex 32.2456 8.26738 2.55
    endloop
  endfacet
  facet normal 0 0 1
    outer loop
      vertex 31.4955 8.05173 2.55
      vertex 32.2456 8.26738 2.55
      vertex 32.207 8.36339 2.55
    endloop
  endfacet
  facet normal 0 0 1
    outer loop
      vertex 31.4955 8.05173 2.55
      vertex 32.207 8.36339 2.55
      vertex 32.1622 8.45222 2.55
    endloop
  endfacet
  facet normal 0 0 1
    outer loop
      vertex 31.4746 8.09904 2.55
      vertex 32.1622 8.45222 2.55
      vertex 32.1111 8.53391 2.55
    endloop
  endfacet
  facet normal 0 0 1
    outer loop
      vertex 31.4507 8.14336 2.55
      vertex 32.1111 8.53391 2.55
      vertex 32.0538 8.60841 2.55
    endloop
  endfacet
  facet normal 0 0 1
    outer loop
      vertex 31.4238 8.18465 2.55
      vertex 32.0538 8.60841 2.55
      vertex 31.9901 8.67575 2.55
    endloop
  endfacet
  facet normal 0 0 1
    outer loop
      vertex 31.4238 8.18465 2.55
      vertex 31.9901 8.67575 2.55
      vertex 31.9203 8.73593 2.55
    endloop
  endfacet
  facet normal 0 0 1
    outer loop
      vertex 31.3937 8.22292 2.55
      vertex 31.9203 8.73593 2.55
      vertex 31.8441 8.78893 2.55
    endloop
  endfacet
  facet normal 0 0 1
    outer loop
      vertex 31.3607 8.25818 2.55
      vertex 31.8441 8.78893 2.55
      vertex 31.7605 8.83562 2.55
    endloop
  endfacet
  facet normal 0 0 1
    outer loop
      vertex 31.3245 8.29042 2.55
      vertex 31.7605 8.83562 2.55
      vertex 31.6681 8.87682 2.55
    endloop
  endfacet
  facet normal 0 0 1
    outer loop
      vertex 31.3245 8.29042 2.55
      vertex 31.6681 8.87682 2.55
      vertex 31.567 8.91251 2.55
    endloop
  endfacet
  facet normal 0 0 1
    outer loop
      vertex 32.1111 8.53391 2.55
      vertex 31.4507 8.14336 2.55
      vertex 31.4746 8.09904 2.55
    endloop
  endfacet
  facet normal 0 0 1
    outer loop
      vertex 32.2779 8.1642 2.55
      vertex 31.5281 7.94806 2.55
      vertex 32.3039 8.05385 2.55
    endloop
  endfacet
  facet normal 0 0 1
    outer loop
      vertex 32.2779 8.1642 2.55
      vertex 31.5134 8.0014 2.55
      vertex 31.5281 7.94806 2.55
    endloop
  endfacet
  facet normal 0 0 1
    outer loop
      vertex 32.2456 8.26738 2.55
      vertex 31.4955 8.05173 2.55
      vertex 31.5134 8.0014 2.55
    endloop
  endfacet
  facet normal 0 0 1
    outer loop
      vertex 31.2427 8.34584 2.55
      vertex 31.567 8.91251 2.55
      vertex 31.4572 8.94272 2.55
    endloop
  endfacet
  facet normal 0 0 1
    outer loop
      vertex 32.1622 8.45222 2.55
      vertex 31.4746 8.09904 2.55
      vertex 31.4955 8.05173 2.55
    endloop
  endfacet
  facet normal 0 0 1
    outer loop
      vertex 32.0538 8.60841 2.55
      vertex 31.4238 8.18465 2.55
      vertex 31.4507 8.14336 2.55
    endloop
  endfacet
  facet normal 0 0 1
    outer loop
      vertex 31.9203 8.73593 2.55
      vertex 31.3937 8.22292 2.55
      vertex 31.4238 8.18465 2.55
    endloop
  endfacet
  facet normal 0 0 1
    outer loop
      vertex 31.8441 8.78893 2.55
      vertex 31.3607 8.25818 2.55
      vertex 31.3937 8.22292 2.55
    endloop
  endfacet
  facet normal 0 0 1
    outer loop
      vertex 31.1962 8.36896 2.55
      vertex 31.4572 8.94272 2.55
      vertex 31.3385 8.96744 2.55
    endloop
  endfacet
  facet normal 0 0 1
    outer loop
      vertex 31.7605 8.83562 2.55
      vertex 31.3245 8.29042 2.55
      vertex 31.3607 8.25818 2.55
    endloop
  endfacet
  facet normal 0 0 1
    outer loop
      vertex 31.567 8.91251 2.55
      vertex 31.2854 8.31966 2.55
      vertex 31.3245 8.29042 2.55
    endloop
  endfacet
  facet normal 0 0 1
    outer loop
      vertex 31.567 8.91251 2.55
      vertex 31.2427 8.34584 2.55
      vertex 31.2854 8.31966 2.55
    endloop
  endfacet
  facet normal 0 0 1
    outer loop
      vertex 31.1457 8.38899 2.55
      vertex 31.3385 8.96744 2.55
      vertex 31.2112 8.98666 2.55
    endloop
  endfacet
  facet normal 0 0 1
    outer loop
      vertex 31.4572 8.94272 2.55
      vertex 31.1962 8.36896 2.55
      vertex 31.2427 8.34584 2.55
    endloop
  endfacet
  facet normal 0 0 1
    outer loop
      vertex 31.3385 8.96744 2.55
      vertex 31.1457 8.38899 2.55
      vertex 31.1962 8.36896 2.55
    endloop
  endfacet
  facet normal 0 0 1
    outer loop
      vertex 31.2112 8.98666 2.55
      vertex 31.0913 8.40593 2.55
      vertex 31.1457 8.38899 2.55
    endloop
  endfacet
  facet normal 0 0 1
    outer loop
      vertex 31.033 8.4198 2.55
      vertex 31.2112 8.98666 2.55
      vertex 31.0751 9.00038 2.55
    endloop
  endfacet
  facet normal 0 0 1
    outer loop
      vertex 31.2112 8.98666 2.55
      vertex 31.033 8.4198 2.55
      vertex 31.0913 8.40593 2.55
    endloop
  endfacet
  facet normal 0 0 1
    outer loop
      vertex 31.0751 9.00038 2.55
      vertex 30.9707 8.43059 2.55
      vertex 31.033 8.4198 2.55
    endloop
  endfacet
  facet normal 0 0 1
    outer loop
      vertex 30.9303 9.00862 2.55
      vertex 30.9707 8.43059 2.55
      vertex 31.0751 9.00038 2.55
    endloop
  endfacet
  facet normal 0 0 1
    outer loop
      vertex 30.9303 9.00862 2.55
      vertex 30.9046 8.43829 2.55
      vertex 30.9707 8.43059 2.55
    endloop
  endfacet
  facet normal 0 0 1
    outer loop
      vertex 30.9303 9.00862 2.55
      vertex 30.8345 8.44292 2.55
      vertex 30.9046 8.43829 2.55
    endloop
  endfacet
  facet normal 0 0 1
    outer loop
      vertex 30.7768 9.01137 2.55
      vertex 30.8345 8.44292 2.55
      vertex 30.9303 9.00862 2.55
    endloop
  endfacet
  facet normal 0 0 1
    outer loop
      vertex 30.7768 9.01137 2.55
      vertex 30.7605 8.44446 2.55
      vertex 30.8345 8.44292 2.55
    endloop
  endfacet
  facet normal -0 0 1
    outer loop
      vertex 30.616 9.00798 2.55
      vertex 30.7605 8.44446 2.55
      vertex 30.7768 9.01137 2.55
    endloop
  endfacet
  facet normal 0 0 1
    outer loop
      vertex 30.616 9.00798 2.55
      vertex 30.608 8.43883 2.55
      vertex 30.7605 8.44446 2.55
    endloop
  endfacet
  facet normal -0 0 1
    outer loop
      vertex 30.4639 8.99777 2.55
      vertex 30.608 8.43883 2.55
      vertex 30.616 9.00798 2.55
    endloop
  endfacet
  facet normal 0 0 1
    outer loop
      vertex 30.608 8.43883 2.55
      vertex 30.4639 8.99777 2.55
      vertex 30.4733 8.42195 2.55
    endloop
  endfacet
  facet normal -0 0 1
    outer loop
      vertex 30.3206 8.98077 2.55
      vertex 30.4733 8.42195 2.55
      vertex 30.4639 8.99777 2.55
    endloop
  endfacet
  facet normal 0 0 1
    outer loop
      vertex 30.4733 8.42195 2.55
      vertex 30.3206 8.98077 2.55
      vertex 30.3567 8.39381 2.55
    endloop
  endfacet
  facet normal -0 0 1
    outer loop
      vertex 30.1861 8.95699 2.55
      vertex 30.3567 8.39381 2.55
      vertex 30.3206 8.98077 2.55
    endloop
  endfacet
  facet normal 0 0 1
    outer loop
      vertex 30.3567 8.39381 2.55
      vertex 30.1861 8.95699 2.55
      vertex 30.2579 8.35445 2.55
    endloop
  endfacet
  facet normal -0 0 1
    outer loop
      vertex 30.0602 8.92639 2.55
      vertex 30.2579 8.35445 2.55
      vertex 30.1861 8.95699 2.55
    endloop
  endfacet
  facet normal -0 0 1
    outer loop
      vertex 29.9431 8.88901 2.55
      vertex 30.2579 8.35445 2.55
      vertex 30.0602 8.92639 2.55
    endloop
  endfacet
  facet normal 0 0 1
    outer loop
      vertex 30.2579 8.35445 2.55
      vertex 29.9431 8.88901 2.55
      vertex 30.1772 8.30382 2.55
    endloop
  endfacet
  facet normal -0 0 1
    outer loop
      vertex 29.8348 8.84482 2.55
      vertex 30.1772 8.30382 2.55
      vertex 29.9431 8.88901 2.55
    endloop
  endfacet
  facet normal -0 0 1
    outer loop
      vertex 29.7352 8.79384 2.55
      vertex 30.1772 8.30382 2.55
      vertex 29.8348 8.84482 2.55
    endloop
  endfacet
  facet normal 0 0 1
    outer loop
      vertex 30.1772 8.30382 2.55
      vertex 29.7352 8.79384 2.55
      vertex 30.1143 8.24193 2.55
    endloop
  endfacet
  facet normal 0 0 1
    outer loop
      vertex 30.2762 7.61417 2.55
      vertex 29.9901 6.96478 2.55
      vertex 30.0307 6.95074 2.55
    endloop
  endfacet
  facet normal -0 0 1
    outer loop
      vertex 29.6443 8.73605 2.55
      vertex 30.1143 8.24193 2.55
      vertex 29.7352 8.79384 2.55
    endloop
  endfacet
  facet normal 0 0 1
    outer loop
      vertex 30.0345 7.95628 2.55
      vertex 29.9532 6.97862 2.55
      vertex 29.9901 6.96478 2.55
    endloop
  endfacet
  facet normal -0 0 1
    outer loop
      vertex 29.5626 8.67188 2.55
      vertex 30.1143 8.24193 2.55
      vertex 29.6443 8.73605 2.55
    endloop
  endfacet
  facet normal 0 0 1
    outer loop
      vertex 30.0345 7.95628 2.55
      vertex 29.917 6.99298 2.55
      vertex 29.9532 6.97862 2.55
    endloop
  endfacet
  facet normal 0 0 1
    outer loop
      vertex 30.0345 7.95628 2.55
      vertex 29.8816 7.00787 2.55
      vertex 29.917 6.99298 2.55
    endloop
  endfacet
  facet normal 0 0 1
    outer loop
      vertex 30.0345 7.95628 2.55
      vertex 29.8471 7.02332 2.55
      vertex 29.8816 7.00787 2.55
    endloop
  endfacet
  facet normal 0 0 1
    outer loop
      vertex 30.1143 8.24193 2.55
      vertex 29.5626 8.67188 2.55
      vertex 30.0695 8.16879 2.55
    endloop
  endfacet
  facet normal 0 0 1
    outer loop
      vertex 30.0345 7.95628 2.55
      vertex 29.8133 7.03929 2.55
      vertex 29.8471 7.02332 2.55
    endloop
  endfacet
  facet normal 0 0 1
    outer loop
      vertex 30.0345 7.95628 2.55
      vertex 29.7804 7.0558 2.55
      vertex 29.8133 7.03929 2.55
    endloop
  endfacet
  facet normal 0 0 1
    outer loop
      vertex 30.0345 7.95628 2.55
      vertex 29.7482 7.07285 2.55
      vertex 29.7804 7.0558 2.55
    endloop
  endfacet
  facet normal -0 0 1
    outer loop
      vertex 29.4906 8.6017 2.55
      vertex 30.0695 8.16879 2.55
      vertex 29.5626 8.67188 2.55
    endloop
  endfacet
  facet normal 0 0 1
    outer loop
      vertex 30.0345 7.95628 2.55
      vertex 29.7169 7.09042 2.55
      vertex 29.7482 7.07285 2.55
    endloop
  endfacet
  facet normal -0 0 1
    outer loop
      vertex 29.4281 8.52553 2.55
      vertex 30.0695 8.16879 2.55
      vertex 29.4906 8.6017 2.55
    endloop
  endfacet
  facet normal 0 0 1
    outer loop
      vertex 30.0345 7.95628 2.55
      vertex 29.6863 7.10854 2.55
      vertex 29.7169 7.09042 2.55
    endloop
  endfacet
  facet normal -0 0 1
    outer loop
      vertex 29.3752 8.44337 2.55
      vertex 30.0695 8.16879 2.55
      vertex 29.4281 8.52553 2.55
    endloop
  endfacet
  facet normal 0 0 1
    outer loop
      vertex 30.0345 7.95628 2.55
      vertex 29.6567 7.12733 2.55
      vertex 29.6863 7.10854 2.55
    endloop
  endfacet
  facet normal 0 0 1
    outer loop
      vertex 30.0345 7.95628 2.55
      vertex 29.6281 7.14699 2.55
      vertex 29.6567 7.12733 2.55
    endloop
  endfacet
  facet normal 0 0 1
    outer loop
      vertex 30.0345 7.95628 2.55
      vertex 29.6004 7.16747 2.55
      vertex 29.6281 7.14699 2.55
    endloop
  endfacet
  facet normal 0 0 1
    outer loop
      vertex 30.0345 7.95628 2.55
      vertex 29.5738 7.18878 2.55
      vertex 29.6004 7.16747 2.55
    endloop
  endfacet
  facet normal 0 0 1
    outer loop
      vertex 30.0345 7.95628 2.55
      vertex 29.5482 7.21094 2.55
      vertex 29.5738 7.18878 2.55
    endloop
  endfacet
  facet normal 0 0 1
    outer loop
      vertex 30.0345 7.95628 2.55
      vertex 29.5236 7.23393 2.55
      vertex 29.5482 7.21094 2.55
    endloop
  endfacet
  facet normal 0 0 1
    outer loop
      vertex 30.0345 7.95628 2.55
      vertex 29.5 7.25777 2.55
      vertex 29.5236 7.23393 2.55
    endloop
  endfacet
  facet normal 0 0 1
    outer loop
      vertex 30.0695 8.16879 2.55
      vertex 29.3752 8.44337 2.55
      vertex 30.0425 8.08441 2.55
    endloop
  endfacet
  facet normal 0 0 1
    outer loop
      vertex 30.0345 7.95628 2.55
      vertex 29.4774 7.28242 2.55
      vertex 29.5 7.25777 2.55
    endloop
  endfacet
  facet normal 0 0 1
    outer loop
      vertex 30.0345 7.95628 2.55
      vertex 29.4558 7.30794 2.55
      vertex 29.4774 7.28242 2.55
    endloop
  endfacet
  facet normal 0 0 1
    outer loop
      vertex 30.0345 7.95628 2.55
      vertex 29.4352 7.33435 2.55
      vertex 29.4558 7.30794 2.55
    endloop
  endfacet
  facet normal -0 0 1
    outer loop
      vertex 29.332 8.35521 2.55
      vertex 30.0425 8.08441 2.55
      vertex 29.3752 8.44337 2.55
    endloop
  endfacet
  facet normal 0 0 1
    outer loop
      vertex 30.0345 7.95628 2.55
      vertex 29.4156 7.36179 2.55
      vertex 29.4352 7.33435 2.55
    endloop
  endfacet
  facet normal 0 0 1
    outer loop
      vertex 30.0345 7.95628 2.55
      vertex 29.3972 7.39021 2.55
      vertex 29.4156 7.36179 2.55
    endloop
  endfacet
  facet normal 0 0 1
    outer loop
      vertex 30.0345 7.95628 2.55
      vertex 29.3797 7.41965 2.55
      vertex 29.3972 7.39021 2.55
    endloop
  endfacet
  facet normal -0 0 1
    outer loop
      vertex 29.2983 8.26106 2.55
      vertex 30.0425 8.08441 2.55
      vertex 29.332 8.35521 2.55
    endloop
  endfacet
  facet normal 0 0 1
    outer loop
      vertex 30.0345 7.95628 2.55
      vertex 29.3633 7.45009 2.55
      vertex 29.3797 7.41965 2.55
    endloop
  endfacet
  facet normal 0 0 1
    outer loop
      vertex 30.0345 7.95628 2.55
      vertex 29.3479 7.48154 2.55
      vertex 29.3633 7.45009 2.55
    endloop
  endfacet
  facet normal 0 0 1
    outer loop
      vertex 30.0345 7.95628 2.55
      vertex 29.3335 7.51398 2.55
      vertex 29.3479 7.48154 2.55
    endloop
  endfacet
  facet normal -0 0 1
    outer loop
      vertex 29.2743 8.16092 2.55
      vertex 30.0425 8.08441 2.55
      vertex 29.2983 8.26106 2.55
    endloop
  endfacet
  facet normal 0 0 1
    outer loop
      vertex 30.0345 7.95628 2.55
      vertex 29.3202 7.54744 2.55
      vertex 29.3335 7.51398 2.55
    endloop
  endfacet
  facet normal 0 0 1
    outer loop
      vertex 30.0345 7.95628 2.55
      vertex 29.308 7.58189 2.55
      vertex 29.3202 7.54744 2.55
    endloop
  endfacet
  facet normal 0 0 1
    outer loop
      vertex 30.0425 8.08441 2.55
      vertex 29.2743 8.16092 2.55
      vertex 30.0336 7.98877 2.55
    endloop
  endfacet
  facet normal 0 0 1
    outer loop
      vertex 30.0345 7.95628 2.55
      vertex 29.2969 7.61742 2.55
      vertex 29.308 7.58189 2.55
    endloop
  endfacet
  facet normal 0 0 1
    outer loop
      vertex 30.0345 7.95628 2.55
      vertex 29.2871 7.65408 2.55
      vertex 29.2969 7.61742 2.55
    endloop
  endfacet
  facet normal 0 0 1
    outer loop
      vertex 30.0345 7.95628 2.55
      vertex 29.2786 7.69189 2.55
      vertex 29.2871 7.65408 2.55
    endloop
  endfacet
  facet normal 0 0 1
    outer loop
      vertex 30.0336 7.98877 2.55
      vertex 29.2743 8.16092 2.55
      vertex 29.2599 8.05478 2.55
    endloop
  endfacet
  facet normal 0 0 1
    outer loop
      vertex 30.0345 7.95628 2.55
      vertex 29.2714 7.73083 2.55
      vertex 29.2786 7.69189 2.55
    endloop
  endfacet
  facet normal 0 0 1
    outer loop
      vertex 30.0345 7.95628 2.55
      vertex 29.2655 7.77092 2.55
      vertex 29.2714 7.73083 2.55
    endloop
  endfacet
  facet normal 0 0 1
    outer loop
      vertex 30.0345 7.95628 2.55
      vertex 29.261 7.81215 2.55
      vertex 29.2655 7.77092 2.55
    endloop
  endfacet
  facet normal 0 0 1
    outer loop
      vertex 30.0336 7.98877 2.55
      vertex 29.2599 8.05478 2.55
      vertex 29.2551 7.94266 2.55
    endloop
  endfacet
  facet normal 0 0 1
    outer loop
      vertex 30.0345 7.95628 2.55
      vertex 29.2577 7.85451 2.55
      vertex 29.261 7.81215 2.55
    endloop
  endfacet
  facet normal 0 0 1
    outer loop
      vertex 30.0345 7.95628 2.55
      vertex 29.2557 7.89801 2.55
      vertex 29.2577 7.85451 2.55
    endloop
  endfacet
  facet normal 0 0 1
    outer loop
      vertex 30.0345 7.95628 2.55
      vertex 29.2551 7.94266 2.55
      vertex 29.2557 7.89801 2.55
    endloop
  endfacet
  facet normal 0 0 1
    outer loop
      vertex 31.621 6.25719 2.55
      vertex 32.4034 6.28615 2.55
      vertex 32.4007 6.33713 2.55
    endloop
  endfacet
  facet normal 0 0 1
    outer loop
      vertex 32.4034 6.28615 2.55
      vertex 31.6246 6.22313 2.55
      vertex 32.4043 6.2338 2.55
    endloop
  endfacet
  facet normal 0 0 1
    outer loop
      vertex 31.621 6.25719 2.55
      vertex 32.4007 6.33713 2.55
      vertex 32.3961 6.38673 2.55
    endloop
  endfacet
  facet normal 0 0 1
    outer loop
      vertex 31.6151 6.28984 2.55
      vertex 32.3961 6.38673 2.55
      vertex 32.3898 6.43497 2.55
    endloop
  endfacet
  facet normal 0 -0 1
    outer loop
      vertex 31.6258 6.18767 2.55
      vertex 32.4043 6.2338 2.55
      vertex 31.6246 6.22313 2.55
    endloop
  endfacet
  facet normal 0 0 1
    outer loop
      vertex 31.6151 6.28984 2.55
      vertex 32.3898 6.43497 2.55
      vertex 32.3817 6.48183 2.55
    endloop
  endfacet
  facet normal 0 0 1
    outer loop
      vertex 31.6068 6.32109 2.55
      vertex 32.3817 6.48183 2.55
      vertex 32.3717 6.52731 2.55
    endloop
  endfacet
  facet normal 0 0 1
    outer loop
      vertex 31.6068 6.32109 2.55
      vertex 32.3717 6.52731 2.55
      vertex 32.36 6.57143 2.55
    endloop
  endfacet
  facet normal 0 0 1
    outer loop
      vertex 32.4043 6.2338 2.55
      vertex 31.6258 6.18767 2.55
      vertex 32.3991 6.11227 2.55
    endloop
  endfacet
  facet normal 0 0 1
    outer loop
      vertex 31.6068 6.32109 2.55
      vertex 32.36 6.57143 2.55
      vertex 32.3464 6.61418 2.55
    endloop
  endfacet
  facet normal 0 0 1
    outer loop
      vertex 31.5961 6.35092 2.55
      vertex 32.3464 6.61418 2.55
      vertex 32.331 6.65555 2.55
    endloop
  endfacet
  facet normal 0 0 1
    outer loop
      vertex 32.3991 6.11227 2.55
      vertex 31.6258 6.18767 2.55
      vertex 32.3837 5.9973 2.55
    endloop
  endfacet
  facet normal 0 0 1
    outer loop
      vertex 31.5961 6.35092 2.55
      vertex 32.331 6.65555 2.55
      vertex 32.314 6.6956 2.55
    endloop
  endfacet
  facet normal 0 0 1
    outer loop
      vertex 31.583 6.37935 2.55
      vertex 32.314 6.6956 2.55
      vertex 32.2953 6.73439 2.55
    endloop
  endfacet
  facet normal -0 0 1
    outer loop
      vertex 31.6155 6.08064 2.55
      vertex 32.3837 5.9973 2.55
      vertex 31.6258 6.18767 2.55
    endloop
  endfacet
  facet normal 0 0 1
    outer loop
      vertex 31.583 6.37935 2.55
      vertex 32.2953 6.73439 2.55
      vertex 32.275 6.7719 2.55
    endloop
  endfacet
  facet normal 0 0 1
    outer loop
      vertex 31.583 6.37935 2.55
      vertex 32.275 6.7719 2.55
      vertex 32.2531 6.80814 2.55
    endloop
  endfacet
  facet normal 0 0 1
    outer loop
      vertex 31.5675 6.40637 2.55
      vertex 32.2531 6.80814 2.55
      vertex 32.2296 6.84309 2.55
    endloop
  endfacet
  facet normal 0 0 1
    outer loop
      vertex 32.3837 5.9973 2.55
      vertex 31.6155 6.08064 2.55
      vertex 32.358 5.88885 2.55
    endloop
  endfacet
  facet normal 0 0 1
    outer loop
      vertex 31.5675 6.40637 2.55
      vertex 32.2296 6.84309 2.55
      vertex 32.2045 6.87679 2.55
    endloop
  endfacet
  facet normal 0 0 1
    outer loop
      vertex 31.5675 6.40637 2.55
      vertex 32.2045 6.87679 2.55
      vertex 32.1777 6.90921 2.55
    endloop
  endfacet
  facet normal 0 0 1
    outer loop
      vertex 32.358 5.88885 2.55
      vertex 31.6155 6.08064 2.55
      vertex 32.322 5.78693 2.55
    endloop
  endfacet
  facet normal 0 0 1
    outer loop
      vertex 31.5497 6.43198 2.55
      vertex 32.1777 6.90921 2.55
      vertex 32.1494 6.94035 2.55
    endloop
  endfacet
  facet normal 0 0 1
    outer loop
      vertex 31.5497 6.43198 2.55
      vertex 32.1494 6.94035 2.55
      vertex 32.1194 6.97023 2.55
    endloop
  endfacet
  facet normal 0 0 1
    outer loop
      vertex 31.5497 6.43198 2.55
      vertex 32.1194 6.97023 2.55
      vertex 32.0875 6.99905 2.55
    endloop
  endfacet
  facet normal -0 0 1
    outer loop
      vertex 31.5844 5.98621 2.55
      vertex 32.322 5.78693 2.55
      vertex 31.6155 6.08064 2.55
    endloop
  endfacet
  facet normal 0 0 1
    outer loop
      vertex 31.5295 6.45619 2.55
      vertex 32.0875 6.99905 2.55
      vertex 32.0531 7.02707 2.55
    endloop
  endfacet
  facet normal 0 0 1
    outer loop
      vertex 31.5295 6.45619 2.55
      vertex 32.0531 7.02707 2.55
      vertex 32.0162 7.05431 2.55
    endloop
  endfacet
  facet normal 0 0 1
    outer loop
      vertex 32.322 5.78693 2.55
      vertex 31.5844 5.98621 2.55
      vertex 32.2758 5.69154 2.55
    endloop
  endfacet
  facet normal 0 0 1
    outer loop
      vertex 31.5071 6.47926 2.55
      vertex 32.0162 7.05431 2.55
      vertex 31.9769 7.08072 2.55
    endloop
  endfacet
  facet normal 0 0 1
    outer loop
      vertex 31.5071 6.47926 2.55
      vertex 31.9769 7.08072 2.55
      vertex 31.9352 7.10634 2.55
    endloop
  endfacet
  facet normal 0 0 1
    outer loop
      vertex 31.4828 6.50146 2.55
      vertex 31.9352 7.10634 2.55
      vertex 31.891 7.13115 2.55
    endloop
  endfacet
  facet normal 0 0 1
    outer loop
      vertex 32.2758 5.69154 2.55
      vertex 31.5844 5.98621 2.55
      vertex 32.2192 5.60268 2.55
    endloop
  endfacet
  facet normal 0 0 1
    outer loop
      vertex 31.4566 6.5228 2.55
      vertex 31.891 7.13115 2.55
      vertex 31.8444 7.15517 2.55
    endloop
  endfacet
  facet normal 0 0 1
    outer loop
      vertex 31.4566 6.5228 2.55
      vertex 31.8444 7.15517 2.55
      vertex 31.7953 7.17838 2.55
    endloop
  endfacet
  facet normal 0 0 1
    outer loop
      vertex 32.2192 5.60268 2.55
      vertex 31.5844 5.98621 2.55
      vertex 32.1524 5.52034 2.55
    endloop
  endfacet
  facet normal 0 0 1
    outer loop
      vertex 31.4284 6.54326 2.55
      vertex 31.7953 7.17838 2.55
      vertex 31.7438 7.20078 2.55
    endloop
  endfacet
  facet normal 0 0 1
    outer loop
      vertex 31.3982 6.56285 2.55
      vertex 31.7438 7.20078 2.55
      vertex 31.6872 7.22299 2.55
    endloop
  endfacet
  facet normal -0 0 1
    outer loop
      vertex 31.5327 5.90436 2.55
      vertex 32.1524 5.52034 2.55
      vertex 31.5844 5.98621 2.55
    endloop
  endfacet
  facet normal 0 0 1
    outer loop
      vertex 32.0753 5.44453 2.55
      vertex 31.5327 5.90436 2.55
      vertex 31.9879 5.37527 2.55
    endloop
  endfacet
  facet normal 0 0 1
    outer loop
      vertex 32.1524 5.52034 2.55
      vertex 31.5327 5.90436 2.55
      vertex 32.0753 5.44453 2.55
    endloop
  endfacet
  facet normal 0 0 1
    outer loop
      vertex 31.3661 6.58157 2.55
      vertex 31.6872 7.22299 2.55
      vertex 31.6228 7.24564 2.55
    endloop
  endfacet
  facet normal 0 0 1
    outer loop
      vertex 32.4034 6.28615 2.55
      vertex 31.621 6.25719 2.55
      vertex 31.6246 6.22313 2.55
    endloop
  endfacet
  facet normal 0 0 1
    outer loop
      vertex 32.3961 6.38673 2.55
      vertex 31.6151 6.28984 2.55
      vertex 31.621 6.25719 2.55
    endloop
  endfacet
  facet normal 0 0 1
    outer loop
      vertex 32.3817 6.48183 2.55
      vertex 31.6068 6.32109 2.55
      vertex 31.6151 6.28984 2.55
    endloop
  endfacet
  facet normal 0 0 1
    outer loop
      vertex 32.3464 6.61418 2.55
      vertex 31.5961 6.35092 2.55
      vertex 31.6068 6.32109 2.55
    endloop
  endfacet
  facet normal 0 0 1
    outer loop
      vertex 32.314 6.6956 2.55
      vertex 31.583 6.37935 2.55
      vertex 31.5961 6.35092 2.55
    endloop
  endfacet
  facet normal 0 0 1
    outer loop
      vertex 32.2531 6.80814 2.55
      vertex 31.5675 6.40637 2.55
      vertex 31.583 6.37935 2.55
    endloop
  endfacet
  facet normal 0 0 1
    outer loop
      vertex 31.3321 6.59943 2.55
      vertex 31.6228 7.24564 2.55
      vertex 31.5507 7.26874 2.55
    endloop
  endfacet
  facet normal 0 0 1
    outer loop
      vertex 32.1777 6.90921 2.55
      vertex 31.5497 6.43198 2.55
      vertex 31.5675 6.40637 2.55
    endloop
  endfacet
  facet normal 0 0 1
    outer loop
      vertex 32.0875 6.99905 2.55
      vertex 31.5295 6.45619 2.55
      vertex 31.5497 6.43198 2.55
    endloop
  endfacet
  facet normal 0 0 1
    outer loop
      vertex 32.0162 7.05431 2.55
      vertex 31.5071 6.47926 2.55
      vertex 31.5295 6.45619 2.55
    endloop
  endfacet
  facet normal 0 0 1
    outer loop
      vertex 31.9352 7.10634 2.55
      vertex 31.4828 6.50146 2.55
      vertex 31.5071 6.47926 2.55
    endloop
  endfacet
  facet normal 0 0 1
    outer loop
      vertex 31.2962 6.61639 2.55
      vertex 31.5507 7.26874 2.55
      vertex 31.4709 7.29225 2.55
    endloop
  endfacet
  facet normal 0 0 1
    outer loop
      vertex 31.891 7.13115 2.55
      vertex 31.4566 6.5228 2.55
      vertex 31.4828 6.50146 2.55
    endloop
  endfacet
  facet normal 0 0 1
    outer loop
      vertex 31.7953 7.17838 2.55
      vertex 31.4284 6.54326 2.55
      vertex 31.4566 6.5228 2.55
    endloop
  endfacet
  facet normal 0 0 1
    outer loop
      vertex 31.7438 7.20078 2.55
      vertex 31.3982 6.56285 2.55
      vertex 31.4284 6.54326 2.55
    endloop
  endfacet
  facet normal 0 0 1
    outer loop
      vertex 31.2154 6.64854 2.55
      vertex 31.4709 7.29225 2.55
      vertex 31.3834 7.31622 2.55
    endloop
  endfacet
  facet normal 0 0 1
    outer loop
      vertex 31.6872 7.22299 2.55
      vertex 31.3661 6.58157 2.55
      vertex 31.3982 6.56285 2.55
    endloop
  endfacet
  facet normal 0 0 1
    outer loop
      vertex 31.6228 7.24564 2.55
      vertex 31.3321 6.59943 2.55
      vertex 31.3661 6.58157 2.55
    endloop
  endfacet
  facet normal 0 0 1
    outer loop
      vertex 31.5507 7.26874 2.55
      vertex 31.2962 6.61639 2.55
      vertex 31.3321 6.59943 2.55
    endloop
  endfacet
  facet normal 0 0 1
    outer loop
      vertex 31.1646 6.66533 2.55
      vertex 31.3834 7.31622 2.55
      vertex 31.2881 7.34061 2.55
    endloop
  endfacet
  facet normal 0 0 1
    outer loop
      vertex 31.4709 7.29225 2.55
      vertex 31.2582 6.63251 2.55
      vertex 31.2962 6.61639 2.55
    endloop
  endfacet
  facet normal 0 0 1
    outer loop
      vertex 31.4709 7.29225 2.55
      vertex 31.2154 6.64854 2.55
      vertex 31.2582 6.63251 2.55
    endloop
  endfacet
  facet normal 0 0 1
    outer loop
      vertex 31.0392 6.7011 2.55
      vertex 31.2881 7.34061 2.55
      vertex 31.1851 7.36545 2.55
    endloop
  endfacet
  facet normal 0 0 1
    outer loop
      vertex 31.3834 7.31622 2.55
      vertex 31.1646 6.66533 2.55
      vertex 31.2154 6.64854 2.55
    endloop
  endfacet
  facet normal 0 0 1
    outer loop
      vertex 31.2881 7.34061 2.55
      vertex 31.1059 6.68285 2.55
      vertex 31.1646 6.66533 2.55
    endloop
  endfacet
  facet normal 0 0 1
    outer loop
      vertex 30.9646 6.72009 2.55
      vertex 31.1851 7.36545 2.55
      vertex 31.0743 7.39072 2.55
    endloop
  endfacet
  facet normal 0 0 1
    outer loop
      vertex 31.2881 7.34061 2.55
      vertex 31.0392 6.7011 2.55
      vertex 31.1059 6.68285 2.55
    endloop
  endfacet
  facet normal 0 0 1
    outer loop
      vertex 31.1851 7.36545 2.55
      vertex 30.9646 6.72009 2.55
      vertex 31.0392 6.7011 2.55
    endloop
  endfacet
  facet normal 0 0 1
    outer loop
      vertex 30.8821 6.73981 2.55
      vertex 31.0743 7.39072 2.55
      vertex 30.9558 7.41641 2.55
    endloop
  endfacet
  facet normal 0 0 1
    outer loop
      vertex 31.0743 7.39072 2.55
      vertex 30.8821 6.73981 2.55
      vertex 30.9646 6.72009 2.55
    endloop
  endfacet
  facet normal 0 0 1
    outer loop
      vertex 30.7917 6.76028 2.55
      vertex 30.9558 7.41641 2.55
      vertex 30.8566 7.43829 2.55
    endloop
  endfacet
  facet normal 0 0 1
    outer loop
      vertex 30.9558 7.41641 2.55
      vertex 30.7917 6.76028 2.55
      vertex 30.8821 6.73981 2.55
    endloop
  endfacet
  facet normal 0 0 1
    outer loop
      vertex 30.6933 6.78148 2.55
      vertex 30.8566 7.43829 2.55
      vertex 30.7651 7.45934 2.55
    endloop
  endfacet
  facet normal 0 0 1
    outer loop
      vertex 30.8566 7.43829 2.55
      vertex 30.6933 6.78148 2.55
      vertex 30.7917 6.76028 2.55
    endloop
  endfacet
  facet normal 0 0 1
    outer loop
      vertex 30.5869 6.80342 2.55
      vertex 30.7651 7.45934 2.55
      vertex 30.6812 7.47955 2.55
    endloop
  endfacet
  facet normal 0 0 1
    outer loop
      vertex 30.4949 6.82524 2.55
      vertex 30.6812 7.47955 2.55
      vertex 30.6051 7.49892 2.55
    endloop
  endfacet
  facet normal 0 0 1
    outer loop
      vertex 30.7651 7.45934 2.55
      vertex 30.5869 6.80342 2.55
      vertex 30.6933 6.78148 2.55
    endloop
  endfacet
  facet normal 0 0 1
    outer loop
      vertex 30.4093 6.84608 2.55
      vertex 30.6051 7.49892 2.55
      vertex 30.5367 7.51746 2.55
    endloop
  endfacet
  facet normal 0 0 1
    outer loop
      vertex 30.6812 7.47955 2.55
      vertex 30.4949 6.82524 2.55
      vertex 30.5869 6.80342 2.55
    endloop
  endfacet
  facet normal 0 0 1
    outer loop
      vertex 30.3301 6.86597 2.55
      vertex 30.5367 7.51746 2.55
      vertex 30.476 7.53516 2.55
    endloop
  endfacet
  facet normal 0 0 1
    outer loop
      vertex 30.2574 6.88486 2.55
      vertex 30.476 7.53516 2.55
      vertex 30.423 7.552 2.55
    endloop
  endfacet
  facet normal 0 0 1
    outer loop
      vertex 30.6051 7.49892 2.55
      vertex 30.4093 6.84608 2.55
      vertex 30.4949 6.82524 2.55
    endloop
  endfacet
  facet normal 0 0 1
    outer loop
      vertex 30.1911 6.90279 2.55
      vertex 30.423 7.552 2.55
      vertex 30.3777 7.56802 2.55
    endloop
  endfacet
  facet normal 0 0 1
    outer loop
      vertex 30.1312 6.91975 2.55
      vertex 30.3777 7.56802 2.55
      vertex 30.34 7.58321 2.55
    endloop
  endfacet
  facet normal 0 0 1
    outer loop
      vertex 30.5367 7.51746 2.55
      vertex 30.3301 6.86597 2.55
      vertex 30.4093 6.84608 2.55
    endloop
  endfacet
  facet normal 0 0 1
    outer loop
      vertex 30.0777 6.93573 2.55
      vertex 30.34 7.58321 2.55
      vertex 30.3072 7.59834 2.55
    endloop
  endfacet
  facet normal 0 0 1
    outer loop
      vertex 30.0307 6.95074 2.55
      vertex 30.3072 7.59834 2.55
      vertex 30.2762 7.61417 2.55
    endloop
  endfacet
  facet normal 0 0 1
    outer loop
      vertex 30.476 7.53516 2.55
      vertex 30.2574 6.88486 2.55
      vertex 30.3301 6.86597 2.55
    endloop
  endfacet
  facet normal 0 0 1
    outer loop
      vertex 29.9901 6.96478 2.55
      vertex 30.2762 7.61417 2.55
      vertex 30.2471 7.63069 2.55
    endloop
  endfacet
  facet normal 0 0 1
    outer loop
      vertex 29.9901 6.96478 2.55
      vertex 30.2471 7.63069 2.55
      vertex 30.2198 7.64792 2.55
    endloop
  endfacet
  facet normal 0 0 1
    outer loop
      vertex 29.9901 6.96478 2.55
      vertex 30.2198 7.64792 2.55
      vertex 30.1943 7.66586 2.55
    endloop
  endfacet
  facet normal 0 0 1
    outer loop
      vertex 30.423 7.552 2.55
      vertex 30.1911 6.90279 2.55
      vertex 30.2574 6.88486 2.55
    endloop
  endfacet
  facet normal 0 0 1
    outer loop
      vertex 29.9901 6.96478 2.55
      vertex 30.1943 7.66586 2.55
      vertex 30.1707 7.68449 2.55
    endloop
  endfacet
  facet normal 0 0 1
    outer loop
      vertex 29.9901 6.96478 2.55
      vertex 30.1707 7.68449 2.55
      vertex 30.1489 7.70383 2.55
    endloop
  endfacet
  facet normal 0 0 1
    outer loop
      vertex 30.3777 7.56802 2.55
      vertex 30.1312 6.91975 2.55
      vertex 30.1911 6.90279 2.55
    endloop
  endfacet
  facet normal 0 0 1
    outer loop
      vertex 29.9901 6.96478 2.55
      vertex 30.1489 7.70383 2.55
      vertex 30.129 7.72388 2.55
    endloop
  endfacet
  facet normal 0 0 1
    outer loop
      vertex 29.9901 6.96478 2.55
      vertex 30.129 7.72388 2.55
      vertex 30.1108 7.74461 2.55
    endloop
  endfacet
  facet normal 0 0 1
    outer loop
      vertex 29.9901 6.96478 2.55
      vertex 30.1108 7.74461 2.55
      vertex 30.0946 7.76639 2.55
    endloop
  endfacet
  facet normal 0 0 1
    outer loop
      vertex 29.9901 6.96478 2.55
      vertex 30.0946 7.76639 2.55
      vertex 30.0803 7.78949 2.55
    endloop
  endfacet
  facet normal 0 0 1
    outer loop
      vertex 30.34 7.58321 2.55
      vertex 30.0777 6.93573 2.55
      vertex 30.1312 6.91975 2.55
    endloop
  endfacet
  facet normal 0 0 1
    outer loop
      vertex 29.9901 6.96478 2.55
      vertex 30.0803 7.78949 2.55
      vertex 30.0679 7.81395 2.55
    endloop
  endfacet
  facet normal 0 0 1
    outer loop
      vertex 29.9901 6.96478 2.55
      vertex 30.0679 7.81395 2.55
      vertex 30.0574 7.83974 2.55
    endloop
  endfacet
  facet normal 0 0 1
    outer loop
      vertex 29.9901 6.96478 2.55
      vertex 30.0574 7.83974 2.55
      vertex 30.0488 7.86687 2.55
    endloop
  endfacet
  facet normal 0 0 1
    outer loop
      vertex 29.9901 6.96478 2.55
      vertex 30.0488 7.86687 2.55
      vertex 30.0421 7.89534 2.55
    endloop
  endfacet
  facet normal 0 0 1
    outer loop
      vertex 29.9901 6.96478 2.55
      vertex 30.0421 7.89534 2.55
      vertex 30.0374 7.92514 2.55
    endloop
  endfacet
  facet normal 0 0 1
    outer loop
      vertex 29.9901 6.96478 2.55
      vertex 30.0374 7.92514 2.55
      vertex 30.0345 7.95628 2.55
    endloop
  endfacet
  facet normal 0 0 1
    outer loop
      vertex 30.3072 7.59834 2.55
      vertex 30.0307 6.95074 2.55
      vertex 30.0777 6.93573 2.55
    endloop
  endfacet
  facet normal 0 0 1
    outer loop
      vertex 29.2551 7.94266 2.55
      vertex 30.0345 7.95628 2.55
      vertex 30.0336 7.98877 2.55
    endloop
  endfacet
  facet normal 0 0 1
    outer loop
      vertex 31.9879 5.37527 2.55
      vertex 31.5327 5.90436 2.55
      vertex 31.8905 5.31293 2.55
    endloop
  endfacet
  facet normal -0 0 1
    outer loop
      vertex 31.4602 5.8351 2.55
      vertex 31.8905 5.31293 2.55
      vertex 31.5327 5.90436 2.55
    endloop
  endfacet
  facet normal 0 0 1
    outer loop
      vertex 31.8905 5.31293 2.55
      vertex 31.4602 5.8351 2.55
      vertex 31.7836 5.25793 2.55
    endloop
  endfacet
  facet normal 0 0 1
    outer loop
      vertex 31.7836 5.25793 2.55
      vertex 31.4602 5.8351 2.55
      vertex 31.6671 5.21027 2.55
    endloop
  endfacet
  facet normal -0 0 1
    outer loop
      vertex 31.3671 5.77844 2.55
      vertex 31.6671 5.21027 2.55
      vertex 31.4602 5.8351 2.55
    endloop
  endfacet
  facet normal 0 0 1
    outer loop
      vertex 31.6671 5.21027 2.55
      vertex 31.3671 5.77844 2.55
      vertex 31.5409 5.16994 2.55
    endloop
  endfacet
  facet normal -0 0 1
    outer loop
      vertex 31.2533 5.73438 2.55
      vertex 31.5409 5.16994 2.55
      vertex 31.3671 5.77844 2.55
    endloop
  endfacet
  facet normal 0 0 1
    outer loop
      vertex 31.5409 5.16994 2.55
      vertex 31.2533 5.73438 2.55
      vertex 31.4051 5.13693 2.55
    endloop
  endfacet
  facet normal 0 0 1
    outer loop
      vertex 31.4051 5.13693 2.55
      vertex 31.2533 5.73438 2.55
      vertex 31.2597 5.11127 2.55
    endloop
  endfacet
  facet normal -0 0 1
    outer loop
      vertex 31.1188 5.7029 2.55
      vertex 31.2597 5.11127 2.55
      vertex 31.2533 5.73438 2.55
    endloop
  endfacet
  facet normal 0 0 1
    outer loop
      vertex 31.1188 5.7029 2.55
      vertex 31.1048 5.09294 2.55
      vertex 31.2597 5.11127 2.55
    endloop
  endfacet
  facet normal -0 0 1
    outer loop
      vertex 30.9635 5.68401 2.55
      vertex 31.1048 5.09294 2.55
      vertex 31.1188 5.7029 2.55
    endloop
  endfacet
  facet normal 0 0 1
    outer loop
      vertex 30.9635 5.68401 2.55
      vertex 30.9401 5.08194 2.55
      vertex 31.1048 5.09294 2.55
    endloop
  endfacet
  facet normal -0 0 1
    outer loop
      vertex 30.7876 5.6777 2.55
      vertex 30.9401 5.08194 2.55
      vertex 30.9635 5.68401 2.55
    endloop
  endfacet
  facet normal 0 0 1
    outer loop
      vertex 30.7876 5.6777 2.55
      vertex 30.7659 5.07826 2.55
      vertex 30.9401 5.08194 2.55
    endloop
  endfacet
  facet normal 0 0 1
    outer loop
      vertex 30.7 5.6794 2.55
      vertex 30.7659 5.07826 2.55
      vertex 30.7876 5.6777 2.55
    endloop
  endfacet
  facet normal 0 0 1
    outer loop
      vertex 30.6065 5.08148 2.55
      vertex 30.7 5.6794 2.55
      vertex 30.6167 5.68446 2.55
    endloop
  endfacet
  facet normal 0 0 1
    outer loop
      vertex 30.7 5.6794 2.55
      vertex 30.6065 5.08148 2.55
      vertex 30.7659 5.07826 2.55
    endloop
  endfacet
  facet normal 0 0 1
    outer loop
      vertex 30.4549 5.09113 2.55
      vertex 30.6167 5.68446 2.55
      vertex 30.5378 5.69293 2.55
    endloop
  endfacet
  facet normal 0 0 1
    outer loop
      vertex 30.4549 5.09113 2.55
      vertex 30.5378 5.69293 2.55
      vertex 30.4632 5.70476 2.55
    endloop
  endfacet
  facet normal 0 0 1
    outer loop
      vertex 30.6167 5.68446 2.55
      vertex 30.4549 5.09113 2.55
      vertex 30.6065 5.08148 2.55
    endloop
  endfacet
  facet normal 0 0 1
    outer loop
      vertex 30.3111 5.10721 2.55
      vertex 30.4632 5.70476 2.55
      vertex 30.393 5.71999 2.55
    endloop
  endfacet
  facet normal 0 0 1
    outer loop
      vertex 30.1752 5.1297 2.55
      vertex 30.393 5.71999 2.55
      vertex 30.3271 5.73857 2.55
    endloop
  endfacet
  facet normal 0 0 1
    outer loop
      vertex 30.4632 5.70476 2.55
      vertex 30.3111 5.10721 2.55
      vertex 30.4549 5.09113 2.55
    endloop
  endfacet
  facet normal 0 0 1
    outer loop
      vertex 30.1752 5.1297 2.55
      vertex 30.3271 5.73857 2.55
      vertex 30.2656 5.76056 2.55
    endloop
  endfacet
  facet normal 0 0 1
    outer loop
      vertex 30.0471 5.15863 2.55
      vertex 30.2656 5.76056 2.55
      vertex 30.2084 5.78592 2.55
    endloop
  endfacet
  facet normal 0 0 1
    outer loop
      vertex 30.393 5.71999 2.55
      vertex 30.1752 5.1297 2.55
      vertex 30.3111 5.10721 2.55
    endloop
  endfacet
  facet normal 0 0 1
    outer loop
      vertex 29.9269 5.194 2.55
      vertex 30.2084 5.78592 2.55
      vertex 30.1556 5.81467 2.55
    endloop
  endfacet
  facet normal 0 0 1
    outer loop
      vertex 29.8145 5.23579 2.55
      vertex 30.1556 5.81467 2.55
      vertex 30.1068 5.84717 2.55
    endloop
  endfacet
  facet normal 0 0 1
    outer loop
      vertex 29.7099 5.28401 2.55
      vertex 30.1068 5.84717 2.55
      vertex 30.0617 5.88379 2.55
    endloop
  endfacet
  facet normal 0 0 1
    outer loop
      vertex 30.2656 5.76056 2.55
      vertex 30.0471 5.15863 2.55
      vertex 30.1752 5.1297 2.55
    endloop
  endfacet
  facet normal 0 0 1
    outer loop
      vertex 29.6131 5.33867 2.55
      vertex 30.0617 5.88379 2.55
      vertex 30.0203 5.92453 2.55
    endloop
  endfacet
  facet normal 0 0 1
    outer loop
      vertex 29.524 5.39986 2.55
      vertex 30.0203 5.92453 2.55
      vertex 29.9825 5.96939 2.55
    endloop
  endfacet
  facet normal 0 0 1
    outer loop
      vertex 29.3678 5.5421 2.55
      vertex 29.9825 5.96939 2.55
      vertex 29.9485 6.01837 2.55
    endloop
  endfacet
  facet normal 0 0 1
    outer loop
      vertex 30.2084 5.78592 2.55
      vertex 29.9269 5.194 2.55
      vertex 30.0471 5.15863 2.55
    endloop
  endfacet
  facet normal 0 0 1
    outer loop
      vertex 29.3008 5.62317 2.55
      vertex 29.9485 6.01837 2.55
      vertex 29.9181 6.07147 2.55
    endloop
  endfacet
  facet normal 0 0 1
    outer loop
      vertex 29.2411 5.71088 2.55
      vertex 29.9181 6.07147 2.55
      vertex 29.8914 6.12868 2.55
    endloop
  endfacet
  facet normal 0 0 1
    outer loop
      vertex 29.1438 5.90617 2.55
      vertex 29.8914 6.12868 2.55
      vertex 29.8684 6.19002 2.55
    endloop
  endfacet
  facet normal 0 0 1
    outer loop
      vertex 29.1062 6.01376 2.55
      vertex 29.8684 6.19002 2.55
      vertex 29.8491 6.25546 2.55
    endloop
  endfacet
  facet normal 0 0 1
    outer loop
      vertex 30.1556 5.81467 2.55
      vertex 29.8145 5.23579 2.55
      vertex 29.9269 5.194 2.55
    endloop
  endfacet
  facet normal 0 0 1
    outer loop
      vertex 30.1068 5.84717 2.55
      vertex 29.7099 5.28401 2.55
      vertex 29.8145 5.23579 2.55
    endloop
  endfacet
  facet normal 0 0 1
    outer loop
      vertex 30.0617 5.88379 2.55
      vertex 29.6131 5.33867 2.55
      vertex 29.7099 5.28401 2.55
    endloop
  endfacet
  facet normal 0 0 1
    outer loop
      vertex 30.0203 5.92453 2.55
      vertex 29.524 5.39986 2.55
      vertex 29.6131 5.33867 2.55
    endloop
  endfacet
  facet normal 0 0 1
    outer loop
      vertex 29.9825 5.96939 2.55
      vertex 29.4422 5.46767 2.55
      vertex 29.524 5.39986 2.55
    endloop
  endfacet
  facet normal 0 0 1
    outer loop
      vertex 29.9825 5.96939 2.55
      vertex 29.3678 5.5421 2.55
      vertex 29.4422 5.46767 2.55
    endloop
  endfacet
  facet normal 0 0 1
    outer loop
      vertex 29.9485 6.01837 2.55
      vertex 29.3008 5.62317 2.55
      vertex 29.3678 5.5421 2.55
    endloop
  endfacet
  facet normal 0 0 1
    outer loop
      vertex 29.9181 6.07147 2.55
      vertex 29.2411 5.71088 2.55
      vertex 29.3008 5.62317 2.55
    endloop
  endfacet
  facet normal 0 0 1
    outer loop
      vertex 29.8914 6.12868 2.55
      vertex 29.1888 5.80521 2.55
      vertex 29.2411 5.71088 2.55
    endloop
  endfacet
  facet normal 0 0 1
    outer loop
      vertex 29.8914 6.12868 2.55
      vertex 29.1438 5.90617 2.55
      vertex 29.1888 5.80521 2.55
    endloop
  endfacet
  facet normal 0 0 1
    outer loop
      vertex 29.8684 6.19002 2.55
      vertex 29.1062 6.01376 2.55
      vertex 29.1438 5.90617 2.55
    endloop
  endfacet
  facet normal 0 -0 1
    outer loop
      vertex 29.1062 6.01376 2.55
      vertex 29.8491 6.25546 2.55
      vertex 29.076 6.12799 2.55
    endloop
  endfacet
  facet normal -0 0 1
    outer loop
      vertex 46.9577 7.19522 2.55
      vertex 47.7777 7.0611 2.55
      vertex 47.7714 7.25824 2.55
    endloop
  endfacet
  facet normal 0 0 1
    outer loop
      vertex 47.7777 7.0611 2.55
      vertex 46.9613 7.0611 2.55
      vertex 47.7748 6.93027 2.55
    endloop
  endfacet
  facet normal -0 0 1
    outer loop
      vertex 46.9468 7.32275 2.55
      vertex 47.7714 7.25824 2.55
      vertex 47.7525 7.4458 2.55
    endloop
  endfacet
  facet normal 0 0 1
    outer loop
      vertex 46.9577 6.9207 2.55
      vertex 47.7748 6.93027 2.55
      vertex 46.9613 7.0611 2.55
    endloop
  endfacet
  facet normal 0 0 1
    outer loop
      vertex 47.7748 6.93027 2.55
      vertex 46.9577 6.9207 2.55
      vertex 47.7661 6.80298 2.55
    endloop
  endfacet
  facet normal 0 0 1
    outer loop
      vertex 46.9287 7.4437 2.55
      vertex 47.7525 7.4458 2.55
      vertex 47.7209 7.62378 2.55
    endloop
  endfacet
  facet normal 0 0 1
    outer loop
      vertex 46.9469 6.78758 2.55
      vertex 47.7661 6.80298 2.55
      vertex 46.9577 6.9207 2.55
    endloop
  endfacet
  facet normal 0 0 1
    outer loop
      vertex 46.9034 7.55803 2.55
      vertex 47.7209 7.62378 2.55
      vertex 47.6767 7.79219 2.55
    endloop
  endfacet
  facet normal 0 0 1
    outer loop
      vertex 47.7661 6.80298 2.55
      vertex 46.9469 6.78758 2.55
      vertex 47.7515 6.67924 2.55
    endloop
  endfacet
  facet normal 0 0 1
    outer loop
      vertex 47.7515 6.67924 2.55
      vertex 46.9469 6.78758 2.55
      vertex 47.7311 6.55905 2.55
    endloop
  endfacet
  facet normal 0 0 1
    outer loop
      vertex 46.8709 7.66577 2.55
      vertex 47.6767 7.79219 2.55
      vertex 47.6199 7.95102 2.55
    endloop
  endfacet
  facet normal -0 0 1
    outer loop
      vertex 46.9289 6.66177 2.55
      vertex 47.7311 6.55905 2.55
      vertex 46.9469 6.78758 2.55
    endloop
  endfacet
  facet normal 0 0 1
    outer loop
      vertex 46.8709 7.66577 2.55
      vertex 47.6199 7.95102 2.55
      vertex 47.5505 8.10028 2.55
    endloop
  endfacet
  facet normal 0 0 1
    outer loop
      vertex 47.7311 6.55905 2.55
      vertex 46.9289 6.66177 2.55
      vertex 47.7049 6.44241 2.55
    endloop
  endfacet
  facet normal -0 0 1
    outer loop
      vertex 46.9037 6.54326 2.55
      vertex 47.7049 6.44241 2.55
      vertex 46.9289 6.66177 2.55
    endloop
  endfacet
  facet normal 0 0 1
    outer loop
      vertex 46.8311 7.76692 2.55
      vertex 47.5505 8.10028 2.55
      vertex 47.4684 8.23994 2.55
    endloop
  endfacet
  facet normal 0 0 1
    outer loop
      vertex 47.7049 6.44241 2.55
      vertex 46.9037 6.54326 2.55
      vertex 47.6728 6.32932 2.55
    endloop
  endfacet
  facet normal 0 0 1
    outer loop
      vertex 46.7841 7.86147 2.55
      vertex 47.4684 8.23994 2.55
      vertex 47.3737 8.37006 2.55
    endloop
  endfacet
  facet normal 0 0 1
    outer loop
      vertex 47.6728 6.32932 2.55
      vertex 46.9037 6.54326 2.55
      vertex 47.635 6.21979 2.55
    endloop
  endfacet
  facet normal -0 0 1
    outer loop
      vertex 46.8713 6.43204 2.55
      vertex 47.635 6.21979 2.55
      vertex 46.9037 6.54326 2.55
    endloop
  endfacet
  facet normal 0 0 1
    outer loop
      vertex 46.7298 7.94942 2.55
      vertex 47.3737 8.37006 2.55
      vertex 47.2664 8.49057 2.55
    endloop
  endfacet
  facet normal 0 0 1
    outer loop
      vertex 47.635 6.21979 2.55
      vertex 46.8713 6.43204 2.55
      vertex 47.5913 6.11378 2.55
    endloop
  endfacet
  facet normal 0 0 1
    outer loop
      vertex 46.6683 8.03078 2.55
      vertex 47.2664 8.49057 2.55
      vertex 47.1479 8.59987 2.55
    endloop
  endfacet
  facet normal -0 0 1
    outer loop
      vertex 46.8317 6.32812 2.55
      vertex 47.5913 6.11378 2.55
      vertex 46.8713 6.43204 2.55
    endloop
  endfacet
  facet normal 0 0 1
    outer loop
      vertex 47.5913 6.11378 2.55
      vertex 46.8317 6.32812 2.55
      vertex 47.5417 6.01135 2.55
    endloop
  endfacet
  facet normal 0 0 1
    outer loop
      vertex 46.6003 8.10449 2.55
      vertex 47.1479 8.59987 2.55
      vertex 47.0195 8.69632 2.55
    endloop
  endfacet
  facet normal 0 0 1
    outer loop
      vertex 47.5417 6.01135 2.55
      vertex 46.8317 6.32812 2.55
      vertex 47.4868 5.91331 2.55
    endloop
  endfacet
  facet normal -0 0 1
    outer loop
      vertex 46.7849 6.23152 2.55
      vertex 47.4868 5.91331 2.55
      vertex 46.8317 6.32812 2.55
    endloop
  endfacet
  facet normal 0 0 1
    outer loop
      vertex 47.7777 7.0611 2.55
      vertex 46.9577 7.19522 2.55
      vertex 46.9613 7.0611 2.55
    endloop
  endfacet
  facet normal 0 0 1
    outer loop
      vertex 47.7714 7.25824 2.55
      vertex 46.9468 7.32275 2.55
      vertex 46.9577 7.19522 2.55
    endloop
  endfacet
  facet normal 0 0 1
    outer loop
      vertex 47.7525 7.4458 2.55
      vertex 46.9287 7.4437 2.55
      vertex 46.9468 7.32275 2.55
    endloop
  endfacet
  facet normal 0 0 1
    outer loop
      vertex 47.7209 7.62378 2.55
      vertex 46.9034 7.55803 2.55
      vertex 46.9287 7.4437 2.55
    endloop
  endfacet
  facet normal 0 0 1
    outer loop
      vertex 46.5265 8.16956 2.55
      vertex 47.0195 8.69632 2.55
      vertex 46.8814 8.77991 2.55
    endloop
  endfacet
  facet normal 0 0 1
    outer loop
      vertex 47.6767 7.79219 2.55
      vertex 46.8709 7.66577 2.55
      vertex 46.9034 7.55803 2.55
    endloop
  endfacet
  facet normal 0 0 1
    outer loop
      vertex 47.5505 8.10028 2.55
      vertex 46.8311 7.76692 2.55
      vertex 46.8709 7.66577 2.55
    endloop
  endfacet
  facet normal 0 0 1
    outer loop
      vertex 47.4684 8.23994 2.55
      vertex 46.7841 7.86147 2.55
      vertex 46.8311 7.76692 2.55
    endloop
  endfacet
  facet normal 0 0 1
    outer loop
      vertex 46.4468 8.22592 2.55
      vertex 46.8814 8.77991 2.55
      vertex 46.7334 8.85063 2.55
    endloop
  endfacet
  facet normal 0 0 1
    outer loop
      vertex 47.3737 8.37006 2.55
      vertex 46.7298 7.94942 2.55
      vertex 46.7841 7.86147 2.55
    endloop
  endfacet
  facet normal 0 0 1
    outer loop
      vertex 47.2664 8.49057 2.55
      vertex 46.6683 8.03078 2.55
      vertex 46.7298 7.94942 2.55
    endloop
  endfacet
  facet normal 0 0 1
    outer loop
      vertex 47.1479 8.59987 2.55
      vertex 46.6003 8.10449 2.55
      vertex 46.6683 8.03078 2.55
    endloop
  endfacet
  facet normal 0 0 1
    outer loop
      vertex 46.3613 8.27364 2.55
      vertex 46.7334 8.85063 2.55
      vertex 46.5757 8.90849 2.55
    endloop
  endfacet
  facet normal 0 0 1
    outer loop
      vertex 47.0195 8.69632 2.55
      vertex 46.5265 8.16956 2.55
      vertex 46.6003 8.10449 2.55
    endloop
  endfacet
  facet normal 0 0 1
    outer loop
      vertex 46.8814 8.77991 2.55
      vertex 46.4468 8.22592 2.55
      vertex 46.5265 8.16956 2.55
    endloop
  endfacet
  facet normal 0 0 1
    outer loop
      vertex 46.27 8.31267 2.55
      vertex 46.5757 8.90849 2.55
      vertex 46.4081 8.95351 2.55
    endloop
  endfacet
  facet normal 0 0 1
    outer loop
      vertex 46.7334 8.85063 2.55
      vertex 46.3613 8.27364 2.55
      vertex 46.4468 8.22592 2.55
    endloop
  endfacet
  facet normal 0 0 1
    outer loop
      vertex 46.5757 8.90849 2.55
      vertex 46.27 8.31267 2.55
      vertex 46.3613 8.27364 2.55
    endloop
  endfacet
  facet normal 0 0 1
    outer loop
      vertex 46.1729 8.34302 2.55
      vertex 46.4081 8.95351 2.55
      vertex 46.2307 8.98566 2.55
    endloop
  endfacet
  facet normal 0 0 1
    outer loop
      vertex 46.4081 8.95351 2.55
      vertex 46.1729 8.34302 2.55
      vertex 46.27 8.31267 2.55
    endloop
  endfacet
  facet normal 0 0 1
    outer loop
      vertex 46.2307 8.98566 2.55
      vertex 46.0699 8.3647 2.55
      vertex 46.1729 8.34302 2.55
    endloop
  endfacet
  facet normal 0 0 1
    outer loop
      vertex 46.0435 9.00494 2.55
      vertex 46.0699 8.3647 2.55
      vertex 46.2307 8.98566 2.55
    endloop
  endfacet
  facet normal 0 0 1
    outer loop
      vertex 46.0435 9.00494 2.55
      vertex 45.9611 8.37772 2.55
      vertex 46.0699 8.3647 2.55
    endloop
  endfacet
  facet normal 0 0 1
    outer loop
      vertex 45.8465 9.01137 2.55
      vertex 45.9611 8.37772 2.55
      vertex 46.0435 9.00494 2.55
    endloop
  endfacet
  facet normal 0 0 1
    outer loop
      vertex 45.8465 9.01137 2.55
      vertex 45.8465 8.38205 2.55
      vertex 45.9611 8.37772 2.55
    endloop
  endfacet
  facet normal 0 0 1
    outer loop
      vertex 45.8465 9.01137 2.55
      vertex 45.7301 8.37775 2.55
      vertex 45.8465 8.38205 2.55
    endloop
  endfacet
  facet normal -0 0 1
    outer loop
      vertex 45.6495 9.005 2.55
      vertex 45.7301 8.37775 2.55
      vertex 45.8465 9.01137 2.55
    endloop
  endfacet
  facet normal 0 0 1
    outer loop
      vertex 45.6495 9.005 2.55
      vertex 45.6198 8.36484 2.55
      vertex 45.7301 8.37775 2.55
    endloop
  endfacet
  facet normal -0 0 1
    outer loop
      vertex 45.4623 8.98592 2.55
      vertex 45.6198 8.36484 2.55
      vertex 45.6495 9.005 2.55
    endloop
  endfacet
  facet normal 0 0 1
    outer loop
      vertex 45.6198 8.36484 2.55
      vertex 45.4623 8.98592 2.55
      vertex 45.5155 8.34332 2.55
    endloop
  endfacet
  facet normal -0 0 1
    outer loop
      vertex 45.285 8.9541 2.55
      vertex 45.5155 8.34332 2.55
      vertex 45.4623 8.98592 2.55
    endloop
  endfacet
  facet normal 0 0 1
    outer loop
      vertex 45.5155 8.34332 2.55
      vertex 45.285 8.9541 2.55
      vertex 45.4173 8.3132 2.55
    endloop
  endfacet
  facet normal -0 0 1
    outer loop
      vertex 45.1175 8.90956 2.55
      vertex 45.4173 8.3132 2.55
      vertex 45.285 8.9541 2.55
    endloop
  endfacet
  facet normal 0 0 1
    outer loop
      vertex 45.4173 8.3132 2.55
      vertex 45.1175 8.90956 2.55
      vertex 45.3251 8.27448 2.55
    endloop
  endfacet
  facet normal -0 0 1
    outer loop
      vertex 44.9599 8.85229 2.55
      vertex 45.3251 8.27448 2.55
      vertex 45.1175 8.90956 2.55
    endloop
  endfacet
  facet normal 0 0 1
    outer loop
      vertex 45.3251 8.27448 2.55
      vertex 44.9599 8.85229 2.55
      vertex 45.2389 8.22714 2.55
    endloop
  endfacet
  facet normal -0 0 1
    outer loop
      vertex 44.8121 8.7823 2.55
      vertex 45.2389 8.22714 2.55
      vertex 44.9599 8.85229 2.55
    endloop
  endfacet
  facet normal 0 0 1
    outer loop
      vertex 45.2389 8.22714 2.55
      vertex 44.8121 8.7823 2.55
      vertex 45.1587 8.17119 2.55
    endloop
  endfacet
  facet normal -0 0 1
    outer loop
      vertex 44.6742 8.69958 2.55
      vertex 45.1587 8.17119 2.55
      vertex 44.8121 8.7823 2.55
    endloop
  endfacet
  facet normal 0 0 1
    outer loop
      vertex 45.1587 8.17119 2.55
      vertex 44.6742 8.69958 2.55
      vertex 45.0845 8.10664 2.55
    endloop
  endfacet
  facet normal -0 0 1
    outer loop
      vertex 44.5461 8.60414 2.55
      vertex 45.0845 8.10664 2.55
      vertex 44.6742 8.69958 2.55
    endloop
  endfacet
  facet normal 0 0 1
    outer loop
      vertex 45.0845 8.10664 2.55
      vertex 44.5461 8.60414 2.55
      vertex 45.0164 8.03349 2.55
    endloop
  endfacet
  facet normal -0 0 1
    outer loop
      vertex 44.4278 8.49597 2.55
      vertex 45.0164 8.03349 2.55
      vertex 44.5461 8.60414 2.55
    endloop
  endfacet
  facet normal 0 0 1
    outer loop
      vertex 45.0164 8.03349 2.55
      vertex 44.4278 8.49597 2.55
      vertex 44.955 7.95264 2.55
    endloop
  endfacet
  facet normal -0 0 1
    outer loop
      vertex 44.3208 8.37646 2.55
      vertex 44.955 7.95264 2.55
      vertex 44.4278 8.49597 2.55
    endloop
  endfacet
  facet normal 0 0 1
    outer loop
      vertex 44.955 7.95264 2.55
      vertex 44.3208 8.37646 2.55
      vertex 44.9007 7.86499 2.55
    endloop
  endfacet
  facet normal -0 0 1
    outer loop
      vertex 44.2264 8.24696 2.55
      vertex 44.9007 7.86499 2.55
      vertex 44.3208 8.37646 2.55
    endloop
  endfacet
  facet normal 0 0 1
    outer loop
      vertex 44.9007 7.86499 2.55
      vertex 44.2264 8.24696 2.55
      vertex 44.8537 7.77055 2.55
    endloop
  endfacet
  facet normal 0 0 1
    outer loop
      vertex 43.9179 7.0611 2.55
      vertex 44.7235 7.0611 2.55
      vertex 44.7271 7.19633 2.55
    endloop
  endfacet
  facet normal -0 0 1
    outer loop
      vertex 44.1445 8.1075 2.55
      vertex 44.8537 7.77055 2.55
      vertex 44.2264 8.24696 2.55
    endloop
  endfacet
  facet normal 0 0 1
    outer loop
      vertex 44.8537 7.77055 2.55
      vertex 44.1445 8.1075 2.55
      vertex 44.8139 7.66931 2.55
    endloop
  endfacet
  facet normal 0 0 1
    outer loop
      vertex 44.7235 7.0611 2.55
      vertex 43.9179 7.0611 2.55
      vertex 43.9242 6.86099 2.55
    endloop
  endfacet
  facet normal -0 0 1
    outer loop
      vertex 44.0753 7.95804 2.55
      vertex 44.8139 7.66931 2.55
      vertex 44.1445 8.1075 2.55
    endloop
  endfacet
  facet normal 0 0 1
    outer loop
      vertex 44.7235 7.0611 2.55
      vertex 43.9242 6.86099 2.55
      vertex 43.9431 6.67056 2.55
    endloop
  endfacet
  facet normal -0 0 1
    outer loop
      vertex 44.0186 7.79861 2.55
      vertex 44.8139 7.66931 2.55
      vertex 44.0753 7.95804 2.55
    endloop
  endfacet
  facet normal 0 0 1
    outer loop
      vertex 44.7235 7.0611 2.55
      vertex 44.5476 5.49725 2.55
      vertex 44.6757 5.39905 2.55
    endloop
  endfacet
  facet normal 0 0 1
    outer loop
      vertex 44.8139 7.66931 2.55
      vertex 44.0186 7.79861 2.55
      vertex 44.7814 7.56126 2.55
    endloop
  endfacet
  facet normal 0 0 1
    outer loop
      vertex 44.7235 7.0611 2.55
      vertex 44.4292 5.60855 2.55
      vertex 44.5476 5.49725 2.55
    endloop
  endfacet
  facet normal -0 0 1
    outer loop
      vertex 43.9745 7.6292 2.55
      vertex 44.7814 7.56126 2.55
      vertex 44.0186 7.79861 2.55
    endloop
  endfacet
  facet normal 0 0 1
    outer loop
      vertex 44.7235 7.0611 2.55
      vertex 44.3219 5.73123 2.55
      vertex 44.4292 5.60855 2.55
    endloop
  endfacet
  facet normal 0 0 1
    outer loop
      vertex 44.7814 7.56126 2.55
      vertex 43.9745 7.6292 2.55
      vertex 44.7561 7.44641 2.55
    endloop
  endfacet
  facet normal 0 0 1
    outer loop
      vertex 44.7235 7.0611 2.55
      vertex 44.2272 5.86359 2.55
      vertex 44.3219 5.73123 2.55
    endloop
  endfacet
  facet normal -0 0 1
    outer loop
      vertex 43.9431 7.44981 2.55
      vertex 44.7561 7.44641 2.55
      vertex 43.9745 7.6292 2.55
    endloop
  endfacet
  facet normal 0 0 1
    outer loop
      vertex 44.7235 7.0611 2.55
      vertex 44.1451 6.00563 2.55
      vertex 44.2272 5.86359 2.55
    endloop
  endfacet
  facet normal 0 0 1
    outer loop
      vertex 44.7561 7.44641 2.55
      vertex 43.9431 7.44981 2.55
      vertex 44.738 7.32477 2.55
    endloop
  endfacet
  facet normal 0 0 1
    outer loop
      vertex 44.7235 7.0611 2.55
      vertex 44.0757 6.15733 2.55
      vertex 44.1451 6.00563 2.55
    endloop
  endfacet
  facet normal 0 0 1
    outer loop
      vertex 43.9242 7.26044 2.55
      vertex 44.738 7.32477 2.55
      vertex 43.9431 7.44981 2.55
    endloop
  endfacet
  facet normal 0 0 1
    outer loop
      vertex 44.7235 7.0611 2.55
      vertex 43.9747 6.48981 2.55
      vertex 44.0189 6.31874 2.55
    endloop
  endfacet
  facet normal 0 0 1
    outer loop
      vertex 44.738 7.32477 2.55
      vertex 43.9242 7.26044 2.55
      vertex 44.7271 7.19633 2.55
    endloop
  endfacet
  facet normal 0 0 1
    outer loop
      vertex 44.7235 7.0611 2.55
      vertex 44.0189 6.31874 2.55
      vertex 44.0757 6.15733 2.55
    endloop
  endfacet
  facet normal 0 0 1
    outer loop
      vertex 44.7271 7.19633 2.55
      vertex 43.9242 7.26044 2.55
      vertex 43.9179 7.0611 2.55
    endloop
  endfacet
  facet normal 0 0 1
    outer loop
      vertex 44.7235 7.0611 2.55
      vertex 43.9431 6.67056 2.55
      vertex 43.9747 6.48981 2.55
    endloop
  endfacet
  facet normal 0 0 1
    outer loop
      vertex 47.4868 5.91331 2.55
      vertex 46.7849 6.23152 2.55
      vertex 47.4268 5.82054 2.55
    endloop
  endfacet
  facet normal 0 0 1
    outer loop
      vertex 47.4268 5.82054 2.55
      vertex 46.7849 6.23152 2.55
      vertex 47.3618 5.73303 2.55
    endloop
  endfacet
  facet normal -0 0 1
    outer loop
      vertex 46.7309 6.1422 2.55
      vertex 47.3618 5.73303 2.55
      vertex 46.7849 6.23152 2.55
    endloop
  endfacet
  facet normal 0 0 1
    outer loop
      vertex 47.3618 5.73303 2.55
      vertex 46.7309 6.1422 2.55
      vertex 47.2918 5.65077 2.55
    endloop
  endfacet
  facet normal -0 0 1
    outer loop
      vertex 46.6697 6.06018 2.55
      vertex 47.2918 5.65077 2.55
      vertex 46.7309 6.1422 2.55
    endloop
  endfacet
  facet normal 0 0 1
    outer loop
      vertex 47.2918 5.65077 2.55
      vertex 46.6697 6.06018 2.55
      vertex 47.2168 5.57376 2.55
    endloop
  endfacet
  facet normal 0 0 1
    outer loop
      vertex 47.2168 5.57376 2.55
      vertex 46.6697 6.06018 2.55
      vertex 47.1367 5.50201 2.55
    endloop
  endfacet
  facet normal -0 0 1
    outer loop
      vertex 46.6019 5.98618 2.55
      vertex 47.1367 5.50201 2.55
      vertex 46.6697 6.06018 2.55
    endloop
  endfacet
  facet normal 0 0 1
    outer loop
      vertex 47.1367 5.50201 2.55
      vertex 46.6019 5.98618 2.55
      vertex 47.0516 5.43552 2.55
    endloop
  endfacet
  facet normal 0 0 1
    outer loop
      vertex 47.0516 5.43552 2.55
      vertex 46.6019 5.98618 2.55
      vertex 46.9615 5.37428 2.55
    endloop
  endfacet
  facet normal -0 0 1
    outer loop
      vertex 46.528 5.92087 2.55
      vertex 46.9615 5.37428 2.55
      vertex 46.6019 5.98618 2.55
    endloop
  endfacet
  facet normal 0 0 1
    outer loop
      vertex 46.9615 5.37428 2.55
      vertex 46.528 5.92087 2.55
      vertex 46.8663 5.31831 2.55
    endloop
  endfacet
  facet normal -0 0 1
    outer loop
      vertex 46.448 5.86427 2.55
      vertex 46.8663 5.31831 2.55
      vertex 46.528 5.92087 2.55
    endloop
  endfacet
  facet normal 0 0 1
    outer loop
      vertex 46.8663 5.31831 2.55
      vertex 46.448 5.86427 2.55
      vertex 46.7669 5.26793 2.55
    endloop
  endfacet
  facet normal 0 0 1
    outer loop
      vertex 46.7669 5.26793 2.55
      vertex 46.448 5.86427 2.55
      vertex 46.6638 5.22348 2.55
    endloop
  endfacet
  facet normal -0 0 1
    outer loop
      vertex 46.362 5.81639 2.55
      vertex 46.6638 5.22348 2.55
      vertex 46.448 5.86427 2.55
    endloop
  endfacet
  facet normal 0 0 1
    outer loop
      vertex 46.6638 5.22348 2.55
      vertex 46.362 5.81639 2.55
      vertex 46.5571 5.18495 2.55
    endloop
  endfacet
  facet normal -0 0 1
    outer loop
      vertex 46.2699 5.77721 2.55
      vertex 46.5571 5.18495 2.55
      vertex 46.362 5.81639 2.55
    endloop
  endfacet
  facet normal 0 0 1
    outer loop
      vertex 46.5571 5.18495 2.55
      vertex 46.2699 5.77721 2.55
      vertex 46.4468 5.15236 2.55
    endloop
  endfacet
  facet normal 0 0 1
    outer loop
      vertex 46.4468 5.15236 2.55
      vertex 46.2699 5.77721 2.55
      vertex 46.3329 5.12569 2.55
    endloop
  endfacet
  facet normal -0 0 1
    outer loop
      vertex 46.1718 5.74673 2.55
      vertex 46.3329 5.12569 2.55
      vertex 46.2699 5.77721 2.55
    endloop
  endfacet
  facet normal 0 0 1
    outer loop
      vertex 46.3329 5.12569 2.55
      vertex 46.1718 5.74673 2.55
      vertex 46.2153 5.10493 2.55
    endloop
  endfacet
  facet normal -0 0 1
    outer loop
      vertex 46.0676 5.72496 2.55
      vertex 46.2153 5.10493 2.55
      vertex 46.1718 5.74673 2.55
    endloop
  endfacet
  facet normal 0 0 1
    outer loop
      vertex 46.2153 5.10493 2.55
      vertex 46.0676 5.72496 2.55
      vertex 46.0942 5.09012 2.55
    endloop
  endfacet
  facet normal -0 0 1
    outer loop
      vertex 45.9574 5.7119 2.55
      vertex 46.0942 5.09012 2.55
      vertex 46.0676 5.72496 2.55
    endloop
  endfacet
  facet normal 0 0 1
    outer loop
      vertex 46.0942 5.09012 2.55
      vertex 45.9574 5.7119 2.55
      vertex 45.9694 5.08124 2.55
    endloop
  endfacet
  facet normal -0 0 1
    outer loop
      vertex 45.841 5.70755 2.55
      vertex 45.9694 5.08124 2.55
      vertex 45.9574 5.7119 2.55
    endloop
  endfacet
  facet normal 0 0 1
    outer loop
      vertex 45.841 5.70755 2.55
      vertex 45.841 5.07826 2.55
      vertex 45.9694 5.08124 2.55
    endloop
  endfacet
  facet normal 0 0 1
    outer loop
      vertex 45.7286 5.71202 2.55
      vertex 45.841 5.07826 2.55
      vertex 45.841 5.70755 2.55
    endloop
  endfacet
  facet normal 0 0 1
    outer loop
      vertex 45.7286 5.71202 2.55
      vertex 45.6457 5.08481 2.55
      vertex 45.841 5.07826 2.55
    endloop
  endfacet
  facet normal 0 0 1
    outer loop
      vertex 45.6216 5.72543 2.55
      vertex 45.6457 5.08481 2.55
      vertex 45.7286 5.71202 2.55
    endloop
  endfacet
  facet normal 0 0 1
    outer loop
      vertex 45.46 5.10446 2.55
      vertex 45.6216 5.72543 2.55
      vertex 45.5199 5.74779 2.55
    endloop
  endfacet
  facet normal 0 0 1
    outer loop
      vertex 45.6216 5.72543 2.55
      vertex 45.46 5.10446 2.55
      vertex 45.6457 5.08481 2.55
    endloop
  endfacet
  facet normal 0 0 1
    outer loop
      vertex 45.2839 5.13719 2.55
      vertex 45.5199 5.74779 2.55
      vertex 45.4236 5.77908 2.55
    endloop
  endfacet
  facet normal 0 0 1
    outer loop
      vertex 45.1174 5.18301 2.55
      vertex 45.4236 5.77908 2.55
      vertex 45.3328 5.81932 2.55
    endloop
  endfacet
  facet normal 0 0 1
    outer loop
      vertex 45.5199 5.74779 2.55
      vertex 45.2839 5.13719 2.55
      vertex 45.46 5.10446 2.55
    endloop
  endfacet
  facet normal 0 0 1
    outer loop
      vertex 44.9606 5.24193 2.55
      vertex 45.3328 5.81932 2.55
      vertex 45.2473 5.86848 2.55
    endloop
  endfacet
  facet normal 0 0 1
    outer loop
      vertex 44.8133 5.31395 2.55
      vertex 45.2473 5.86848 2.55
      vertex 45.1672 5.92661 2.55
    endloop
  endfacet
  facet normal 0 0 1
    outer loop
      vertex 45.4236 5.77908 2.55
      vertex 45.1174 5.18301 2.55
      vertex 45.2839 5.13719 2.55
    endloop
  endfacet
  facet normal 0 0 1
    outer loop
      vertex 44.6757 5.39905 2.55
      vertex 45.1672 5.92661 2.55
      vertex 45.0925 5.99367 2.55
    endloop
  endfacet
  facet normal 0 0 1
    outer loop
      vertex 44.6757 5.39905 2.55
      vertex 45.0925 5.99367 2.55
      vertex 45.0232 6.06967 2.55
    endloop
  endfacet
  facet normal 0 0 1
    outer loop
      vertex 45.3328 5.81932 2.55
      vertex 44.9606 5.24193 2.55
      vertex 45.1174 5.18301 2.55
    endloop
  endfacet
  facet normal 0 0 1
    outer loop
      vertex 44.6757 5.39905 2.55
      vertex 45.0232 6.06967 2.55
      vertex 44.9603 6.15344 2.55
    endloop
  endfacet
  facet normal 0 0 1
    outer loop
      vertex 44.6757 5.39905 2.55
      vertex 44.9603 6.15344 2.55
      vertex 44.9048 6.2438 2.55
    endloop
  endfacet
  facet normal 0 0 1
    outer loop
      vertex 44.6757 5.39905 2.55
      vertex 44.9048 6.2438 2.55
      vertex 44.8567 6.34077 2.55
    endloop
  endfacet
  facet normal 0 0 1
    outer loop
      vertex 44.6757 5.39905 2.55
      vertex 44.8567 6.34077 2.55
      vertex 44.816 6.44434 2.55
    endloop
  endfacet
  facet normal 0 0 1
    outer loop
      vertex 45.2473 5.86848 2.55
      vertex 44.8133 5.31395 2.55
      vertex 44.9606 5.24193 2.55
    endloop
  endfacet
  facet normal 0 0 1
    outer loop
      vertex 44.6757 5.39905 2.55
      vertex 44.816 6.44434 2.55
      vertex 44.7827 6.55449 2.55
    endloop
  endfacet
  facet normal 0 0 1
    outer loop
      vertex 44.6757 5.39905 2.55
      vertex 44.7827 6.55449 2.55
      vertex 44.7568 6.67125 2.55
    endloop
  endfacet
  facet normal 0 0 1
    outer loop
      vertex 44.6757 5.39905 2.55
      vertex 44.7568 6.67125 2.55
      vertex 44.7383 6.7946 2.55
    endloop
  endfacet
  facet normal 0 0 1
    outer loop
      vertex 44.6757 5.39905 2.55
      vertex 44.7383 6.7946 2.55
      vertex 44.7272 6.92456 2.55
    endloop
  endfacet
  facet normal 0 0 1
    outer loop
      vertex 45.1672 5.92661 2.55
      vertex 44.6757 5.39905 2.55
      vertex 44.8133 5.31395 2.55
    endloop
  endfacet
  facet normal 0 0 1
    outer loop
      vertex 44.6757 5.39905 2.55
      vertex 44.7272 6.92456 2.55
      vertex 44.7235 7.0611 2.55
    endloop
  endfacet
  facet normal 0 0 1
    outer loop
      vertex 42.6687 8.0014 2.55
      vertex 43.4332 8.1642 2.55
      vertex 43.4009 8.26738 2.55
    endloop
  endfacet
  facet normal 0 0 1
    outer loop
      vertex 42.6509 8.05173 2.55
      vertex 43.4009 8.26738 2.55
      vertex 43.3624 8.36339 2.55
    endloop
  endfacet
  facet normal 0 0 1
    outer loop
      vertex 42.6509 8.05173 2.55
      vertex 43.3624 8.36339 2.55
      vertex 43.3176 8.45222 2.55
    endloop
  endfacet
  facet normal 0 0 1
    outer loop
      vertex 42.63 8.09904 2.55
      vertex 43.3176 8.45222 2.55
      vertex 43.2665 8.53391 2.55
    endloop
  endfacet
  facet normal 0 0 1
    outer loop
      vertex 42.6061 8.14336 2.55
      vertex 43.2665 8.53391 2.55
      vertex 43.2091 8.60841 2.55
    endloop
  endfacet
  facet normal 0 0 1
    outer loop
      vertex 42.5791 8.18465 2.55
      vertex 43.2091 8.60841 2.55
      vertex 43.1455 8.67575 2.55
    endloop
  endfacet
  facet normal 0 0 1
    outer loop
      vertex 42.5791 8.18465 2.55
      vertex 43.1455 8.67575 2.55
      vertex 43.0756 8.73593 2.55
    endloop
  endfacet
  facet normal 0 0 1
    outer loop
      vertex 42.5491 8.22292 2.55
      vertex 43.0756 8.73593 2.55
      vertex 42.9995 8.78893 2.55
    endloop
  endfacet
  facet normal 0 0 1
    outer loop
      vertex 42.516 8.25818 2.55
      vertex 42.9995 8.78893 2.55
      vertex 42.9158 8.83562 2.55
    endloop
  endfacet
  facet normal 0 0 1
    outer loop
      vertex 42.4799 8.29042 2.55
      vertex 42.9158 8.83562 2.55
      vertex 42.8235 8.87682 2.55
    endloop
  endfacet
  facet normal 0 0 1
    outer loop
      vertex 42.4799 8.29042 2.55
      vertex 42.8235 8.87682 2.55
      vertex 42.7224 8.91251 2.55
    endloop
  endfacet
  facet normal 0 0 1
    outer loop
      vertex 43.2665 8.53391 2.55
      vertex 42.6061 8.14336 2.55
      vertex 42.63 8.09904 2.55
    endloop
  endfacet
  facet normal 0 0 1
    outer loop
      vertex 43.4332 8.1642 2.55
      vertex 42.6835 7.94806 2.55
      vertex 43.4593 8.05385 2.55
    endloop
  endfacet
  facet normal 0 0 1
    outer loop
      vertex 43.4332 8.1642 2.55
      vertex 42.6687 8.0014 2.55
      vertex 42.6835 7.94806 2.55
    endloop
  endfacet
  facet normal 0 0 1
    outer loop
      vertex 43.4009 8.26738 2.55
      vertex 42.6509 8.05173 2.55
      vertex 42.6687 8.0014 2.55
    endloop
  endfacet
  facet normal 0 0 1
    outer loop
      vertex 42.3981 8.34584 2.55
      vertex 42.7224 8.91251 2.55
      vertex 42.6125 8.94272 2.55
    endloop
  endfacet
  facet normal 0 0 1
    outer loop
      vertex 43.3176 8.45222 2.55
      vertex 42.63 8.09904 2.55
      vertex 42.6509 8.05173 2.55
    endloop
  endfacet
  facet normal 0 0 1
    outer loop
      vertex 43.2091 8.60841 2.55
      vertex 42.5791 8.18465 2.55
      vertex 42.6061 8.14336 2.55
    endloop
  endfacet
  facet normal 0 0 1
    outer loop
      vertex 43.0756 8.73593 2.55
      vertex 42.5491 8.22292 2.55
      vertex 42.5791 8.18465 2.55
    endloop
  endfacet
  facet normal 0 0 1
    outer loop
      vertex 42.9995 8.78893 2.55
      vertex 42.516 8.25818 2.55
      vertex 42.5491 8.22292 2.55
    endloop
  endfacet
  facet normal 0 0 1
    outer loop
      vertex 42.3515 8.36896 2.55
      vertex 42.6125 8.94272 2.55
      vertex 42.4939 8.96744 2.55
    endloop
  endfacet
  facet normal 0 0 1
    outer loop
      vertex 42.9158 8.83562 2.55
      vertex 42.4799 8.29042 2.55
      vertex 42.516 8.25818 2.55
    endloop
  endfacet
  facet normal 0 0 1
    outer loop
      vertex 42.7224 8.91251 2.55
      vertex 42.4407 8.31966 2.55
      vertex 42.4799 8.29042 2.55
    endloop
  endfacet
  facet normal 0 0 1
    outer loop
      vertex 42.7224 8.91251 2.55
      vertex 42.3981 8.34584 2.55
      vertex 42.4407 8.31966 2.55
    endloop
  endfacet
  facet normal 0 0 1
    outer loop
      vertex 42.301 8.38899 2.55
      vertex 42.4939 8.96744 2.55
      vertex 42.3666 8.98666 2.55
    endloop
  endfacet
  facet normal 0 0 1
    outer loop
      vertex 42.6125 8.94272 2.55
      vertex 42.3515 8.36896 2.55
      vertex 42.3981 8.34584 2.55
    endloop
  endfacet
  facet normal 0 0 1
    outer loop
      vertex 42.4939 8.96744 2.55
      vertex 42.301 8.38899 2.55
      vertex 42.3515 8.36896 2.55
    endloop
  endfacet
  facet normal 0 0 1
    outer loop
      vertex 42.3666 8.98666 2.55
      vertex 42.2466 8.40593 2.55
      vertex 42.301 8.38899 2.55
    endloop
  endfacet
  facet normal 0 0 1
    outer loop
      vertex 42.1883 8.4198 2.55
      vertex 42.3666 8.98666 2.55
      vertex 42.2305 9.00038 2.55
    endloop
  endfacet
  facet normal 0 0 1
    outer loop
      vertex 42.3666 8.98666 2.55
      vertex 42.1883 8.4198 2.55
      vertex 42.2466 8.40593 2.55
    endloop
  endfacet
  facet normal 0 0 1
    outer loop
      vertex 42.2305 9.00038 2.55
      vertex 42.1261 8.43059 2.55
      vertex 42.1883 8.4198 2.55
    endloop
  endfacet
  facet normal 0 0 1
    outer loop
      vertex 42.0857 9.00862 2.55
      vertex 42.1261 8.43059 2.55
      vertex 42.2305 9.00038 2.55
    endloop
  endfacet
  facet normal 0 0 1
    outer loop
      vertex 42.0857 9.00862 2.55
      vertex 42.0599 8.43829 2.55
      vertex 42.1261 8.43059 2.55
    endloop
  endfacet
  facet normal 0 0 1
    outer loop
      vertex 42.0857 9.00862 2.55
      vertex 41.9899 8.44292 2.55
      vertex 42.0599 8.43829 2.55
    endloop
  endfacet
  facet normal 0 0 1
    outer loop
      vertex 41.9321 9.01137 2.55
      vertex 41.9899 8.44292 2.55
      vertex 42.0857 9.00862 2.55
    endloop
  endfacet
  facet normal 0 0 1
    outer loop
      vertex 41.9321 9.01137 2.55
      vertex 41.9159 8.44446 2.55
      vertex 41.9899 8.44292 2.55
    endloop
  endfacet
  facet normal -0 0 1
    outer loop
      vertex 41.7713 9.00798 2.55
      vertex 41.9159 8.44446 2.55
      vertex 41.9321 9.01137 2.55
    endloop
  endfacet
  facet normal 0 0 1
    outer loop
      vertex 41.7713 9.00798 2.55
      vertex 41.7633 8.43883 2.55
      vertex 41.9159 8.44446 2.55
    endloop
  endfacet
  facet normal -0 0 1
    outer loop
      vertex 41.6193 8.99777 2.55
      vertex 41.7633 8.43883 2.55
      vertex 41.7713 9.00798 2.55
    endloop
  endfacet
  facet normal 0 0 1
    outer loop
      vertex 41.7633 8.43883 2.55
      vertex 41.6193 8.99777 2.55
      vertex 41.6287 8.42195 2.55
    endloop
  endfacet
  facet normal -0 0 1
    outer loop
      vertex 41.476 8.98077 2.55
      vertex 41.6287 8.42195 2.55
      vertex 41.6193 8.99777 2.55
    endloop
  endfacet
  facet normal 0 0 1
    outer loop
      vertex 41.6287 8.42195 2.55
      vertex 41.476 8.98077 2.55
      vertex 41.512 8.39381 2.55
    endloop
  endfacet
  facet normal -0 0 1
    outer loop
      vertex 41.3414 8.95699 2.55
      vertex 41.512 8.39381 2.55
      vertex 41.476 8.98077 2.55
    endloop
  endfacet
  facet normal 0 0 1
    outer loop
      vertex 41.512 8.39381 2.55
      vertex 41.3414 8.95699 2.55
      vertex 41.4133 8.35445 2.55
    endloop
  endfacet
  facet normal -0 0 1
    outer loop
      vertex 41.2156 8.92639 2.55
      vertex 41.4133 8.35445 2.55
      vertex 41.3414 8.95699 2.55
    endloop
  endfacet
  facet normal -0 0 1
    outer loop
      vertex 41.0985 8.88901 2.55
      vertex 41.4133 8.35445 2.55
      vertex 41.2156 8.92639 2.55
    endloop
  endfacet
  facet normal 0 0 1
    outer loop
      vertex 41.4133 8.35445 2.55
      vertex 41.0985 8.88901 2.55
      vertex 41.3325 8.30382 2.55
    endloop
  endfacet
  facet normal -0 0 1
    outer loop
      vertex 40.9901 8.84482 2.55
      vertex 41.3325 8.30382 2.55
      vertex 41.0985 8.88901 2.55
    endloop
  endfacet
  facet normal -0 0 1
    outer loop
      vertex 40.8905 8.79384 2.55
      vertex 41.3325 8.30382 2.55
      vertex 40.9901 8.84482 2.55
    endloop
  endfacet
  facet normal 0 0 1
    outer loop
      vertex 41.3325 8.30382 2.55
      vertex 40.8905 8.79384 2.55
      vertex 41.2697 8.24193 2.55
    endloop
  endfacet
  facet normal 0 0 1
    outer loop
      vertex 41.4316 7.61417 2.55
      vertex 41.1455 6.96478 2.55
      vertex 41.1861 6.95074 2.55
    endloop
  endfacet
  facet normal -0 0 1
    outer loop
      vertex 40.7997 8.73605 2.55
      vertex 41.2697 8.24193 2.55
      vertex 40.8905 8.79384 2.55
    endloop
  endfacet
  facet normal 0 0 1
    outer loop
      vertex 41.1899 7.95628 2.55
      vertex 41.1085 6.97862 2.55
      vertex 41.1455 6.96478 2.55
    endloop
  endfacet
  facet normal -0 0 1
    outer loop
      vertex 40.718 8.67188 2.55
      vertex 41.2697 8.24193 2.55
      vertex 40.7997 8.73605 2.55
    endloop
  endfacet
  facet normal 0 0 1
    outer loop
      vertex 41.1899 7.95628 2.55
      vertex 41.0723 6.99298 2.55
      vertex 41.1085 6.97862 2.55
    endloop
  endfacet
  facet normal 0 0 1
    outer loop
      vertex 41.1899 7.95628 2.55
      vertex 41.037 7.00787 2.55
      vertex 41.0723 6.99298 2.55
    endloop
  endfacet
  facet normal 0 0 1
    outer loop
      vertex 41.1899 7.95628 2.55
      vertex 41.0024 7.02332 2.55
      vertex 41.037 7.00787 2.55
    endloop
  endfacet
  facet normal 0 0 1
    outer loop
      vertex 41.2697 8.24193 2.55
      vertex 40.718 8.67188 2.55
      vertex 41.2248 8.16879 2.55
    endloop
  endfacet
  facet normal 0 0 1
    outer loop
      vertex 41.1899 7.95628 2.55
      vertex 40.9687 7.03929 2.55
      vertex 41.0024 7.02332 2.55
    endloop
  endfacet
  facet normal 0 0 1
    outer loop
      vertex 41.1899 7.95628 2.55
      vertex 40.9357 7.0558 2.55
      vertex 40.9687 7.03929 2.55
    endloop
  endfacet
  facet normal 0 0 1
    outer loop
      vertex 41.1899 7.95628 2.55
      vertex 40.9036 7.07285 2.55
      vertex 40.9357 7.0558 2.55
    endloop
  endfacet
  facet normal -0 0 1
    outer loop
      vertex 40.6459 8.6017 2.55
      vertex 41.2248 8.16879 2.55
      vertex 40.718 8.67188 2.55
    endloop
  endfacet
  facet normal 0 0 1
    outer loop
      vertex 41.1899 7.95628 2.55
      vertex 40.8722 7.09042 2.55
      vertex 40.9036 7.07285 2.55
    endloop
  endfacet
  facet normal -0 0 1
    outer loop
      vertex 40.5834 8.52553 2.55
      vertex 41.2248 8.16879 2.55
      vertex 40.6459 8.6017 2.55
    endloop
  endfacet
  facet normal 0 0 1
    outer loop
      vertex 41.1899 7.95628 2.55
      vertex 40.8417 7.10854 2.55
      vertex 40.8722 7.09042 2.55
    endloop
  endfacet
  facet normal -0 0 1
    outer loop
      vertex 40.5306 8.44337 2.55
      vertex 41.2248 8.16879 2.55
      vertex 40.5834 8.52553 2.55
    endloop
  endfacet
  facet normal 0 0 1
    outer loop
      vertex 41.1899 7.95628 2.55
      vertex 40.812 7.12733 2.55
      vertex 40.8417 7.10854 2.55
    endloop
  endfacet
  facet normal 0 0 1
    outer loop
      vertex 41.1899 7.95628 2.55
      vertex 40.7834 7.14699 2.55
      vertex 40.812 7.12733 2.55
    endloop
  endfacet
  facet normal 0 0 1
    outer loop
      vertex 41.1899 7.95628 2.55
      vertex 40.7558 7.16747 2.55
      vertex 40.7834 7.14699 2.55
    endloop
  endfacet
  facet normal 0 0 1
    outer loop
      vertex 41.1899 7.95628 2.55
      vertex 40.7292 7.18878 2.55
      vertex 40.7558 7.16747 2.55
    endloop
  endfacet
  facet normal 0 0 1
    outer loop
      vertex 41.1899 7.95628 2.55
      vertex 40.7036 7.21094 2.55
      vertex 40.7292 7.18878 2.55
    endloop
  endfacet
  facet normal 0 0 1
    outer loop
      vertex 41.1899 7.95628 2.55
      vertex 40.6789 7.23393 2.55
      vertex 40.7036 7.21094 2.55
    endloop
  endfacet
  facet normal 0 0 1
    outer loop
      vertex 41.1899 7.95628 2.55
      vertex 40.6553 7.25777 2.55
      vertex 40.6789 7.23393 2.55
    endloop
  endfacet
  facet normal 0 0 1
    outer loop
      vertex 41.2248 8.16879 2.55
      vertex 40.5306 8.44337 2.55
      vertex 41.1979 8.08441 2.55
    endloop
  endfacet
  facet normal 0 0 1
    outer loop
      vertex 41.1899 7.95628 2.55
      vertex 40.6327 7.28242 2.55
      vertex 40.6553 7.25777 2.55
    endloop
  endfacet
  facet normal 0 0 1
    outer loop
      vertex 41.1899 7.95628 2.55
      vertex 40.6111 7.30794 2.55
      vertex 40.6327 7.28242 2.55
    endloop
  endfacet
  facet normal 0 0 1
    outer loop
      vertex 41.1899 7.95628 2.55
      vertex 40.5905 7.33435 2.55
      vertex 40.6111 7.30794 2.55
    endloop
  endfacet
  facet normal -0 0 1
    outer loop
      vertex 40.4873 8.35521 2.55
      vertex 41.1979 8.08441 2.55
      vertex 40.5306 8.44337 2.55
    endloop
  endfacet
  facet normal 0 0 1
    outer loop
      vertex 41.1899 7.95628 2.55
      vertex 40.571 7.36179 2.55
      vertex 40.5905 7.33435 2.55
    endloop
  endfacet
  facet normal 0 0 1
    outer loop
      vertex 41.1899 7.95628 2.55
      vertex 40.5525 7.39021 2.55
      vertex 40.571 7.36179 2.55
    endloop
  endfacet
  facet normal 0 0 1
    outer loop
      vertex 41.1899 7.95628 2.55
      vertex 40.535 7.41965 2.55
      vertex 40.5525 7.39021 2.55
    endloop
  endfacet
  facet normal -0 0 1
    outer loop
      vertex 40.4537 8.26106 2.55
      vertex 41.1979 8.08441 2.55
      vertex 40.4873 8.35521 2.55
    endloop
  endfacet
  facet normal 0 0 1
    outer loop
      vertex 41.1899 7.95628 2.55
      vertex 40.5186 7.45009 2.55
      vertex 40.535 7.41965 2.55
    endloop
  endfacet
  facet normal 0 0 1
    outer loop
      vertex 41.1899 7.95628 2.55
      vertex 40.5032 7.48154 2.55
      vertex 40.5186 7.45009 2.55
    endloop
  endfacet
  facet normal 0 0 1
    outer loop
      vertex 41.1899 7.95628 2.55
      vertex 40.4889 7.51398 2.55
      vertex 40.5032 7.48154 2.55
    endloop
  endfacet
  facet normal -0 0 1
    outer loop
      vertex 40.4297 8.16092 2.55
      vertex 41.1979 8.08441 2.55
      vertex 40.4537 8.26106 2.55
    endloop
  endfacet
  facet normal 0 0 1
    outer loop
      vertex 41.1899 7.95628 2.55
      vertex 40.4756 7.54744 2.55
      vertex 40.4889 7.51398 2.55
    endloop
  endfacet
  facet normal 0 0 1
    outer loop
      vertex 41.1899 7.95628 2.55
      vertex 40.4633 7.58189 2.55
      vertex 40.4756 7.54744 2.55
    endloop
  endfacet
  facet normal 0 0 1
    outer loop
      vertex 41.1979 8.08441 2.55
      vertex 40.4297 8.16092 2.55
      vertex 41.1889 7.98877 2.55
    endloop
  endfacet
  facet normal 0 0 1
    outer loop
      vertex 41.1899 7.95628 2.55
      vertex 40.4522 7.61742 2.55
      vertex 40.4633 7.58189 2.55
    endloop
  endfacet
  facet normal 0 0 1
    outer loop
      vertex 41.1899 7.95628 2.55
      vertex 40.4424 7.65408 2.55
      vertex 40.4522 7.61742 2.55
    endloop
  endfacet
  facet normal 0 0 1
    outer loop
      vertex 41.1899 7.95628 2.55
      vertex 40.4339 7.69189 2.55
      vertex 40.4424 7.65408 2.55
    endloop
  endfacet
  facet normal 0 0 1
    outer loop
      vertex 41.1889 7.98877 2.55
      vertex 40.4297 8.16092 2.55
      vertex 40.4152 8.05478 2.55
    endloop
  endfacet
  facet normal 0 0 1
    outer loop
      vertex 41.1899 7.95628 2.55
      vertex 40.4268 7.73083 2.55
      vertex 40.4339 7.69189 2.55
    endloop
  endfacet
  facet normal 0 0 1
    outer loop
      vertex 41.1899 7.95628 2.55
      vertex 40.4209 7.77092 2.55
      vertex 40.4268 7.73083 2.55
    endloop
  endfacet
  facet normal 0 0 1
    outer loop
      vertex 41.1899 7.95628 2.55
      vertex 40.4163 7.81215 2.55
      vertex 40.4209 7.77092 2.55
    endloop
  endfacet
  facet normal 0 0 1
    outer loop
      vertex 41.1889 7.98877 2.55
      vertex 40.4152 8.05478 2.55
      vertex 40.4104 7.94266 2.55
    endloop
  endfacet
  facet normal 0 0 1
    outer loop
      vertex 41.1899 7.95628 2.55
      vertex 40.413 7.85451 2.55
      vertex 40.4163 7.81215 2.55
    endloop
  endfacet
  facet normal 0 0 1
    outer loop
      vertex 41.1899 7.95628 2.55
      vertex 40.4111 7.89801 2.55
      vertex 40.413 7.85451 2.55
    endloop
  endfacet
  facet normal 0 0 1
    outer loop
      vertex 41.1899 7.95628 2.55
      vertex 40.4104 7.94266 2.55
      vertex 40.4111 7.89801 2.55
    endloop
  endfacet
  facet normal 0 0 1
    outer loop
      vertex 42.7764 6.25719 2.55
      vertex 43.5587 6.28615 2.55
      vertex 43.556 6.33713 2.55
    endloop
  endfacet
  facet normal 0 0 1
    outer loop
      vertex 43.5587 6.28615 2.55
      vertex 42.78 6.22313 2.55
      vertex 43.5596 6.2338 2.55
    endloop
  endfacet
  facet normal 0 0 1
    outer loop
      vertex 42.7764 6.25719 2.55
      vertex 43.556 6.33713 2.55
      vertex 43.5515 6.38673 2.55
    endloop
  endfacet
  facet normal 0 0 1
    outer loop
      vertex 42.7704 6.28984 2.55
      vertex 43.5515 6.38673 2.55
      vertex 43.5452 6.43497 2.55
    endloop
  endfacet
  facet normal 0 -0 1
    outer loop
      vertex 42.7812 6.18767 2.55
      vertex 43.5596 6.2338 2.55
      vertex 42.78 6.22313 2.55
    endloop
  endfacet
  facet normal 0 0 1
    outer loop
      vertex 42.7704 6.28984 2.55
      vertex 43.5452 6.43497 2.55
      vertex 43.537 6.48183 2.55
    endloop
  endfacet
  facet normal 0 0 1
    outer loop
      vertex 42.7621 6.32109 2.55
      vertex 43.537 6.48183 2.55
      vertex 43.5271 6.52731 2.55
    endloop
  endfacet
  facet normal 0 0 1
    outer loop
      vertex 42.7621 6.32109 2.55
      vertex 43.5271 6.52731 2.55
      vertex 43.5153 6.57143 2.55
    endloop
  endfacet
  facet normal 0 0 1
    outer loop
      vertex 43.5596 6.2338 2.55
      vertex 42.7812 6.18767 2.55
      vertex 43.5545 6.11227 2.55
    endloop
  endfacet
  facet normal 0 0 1
    outer loop
      vertex 42.7621 6.32109 2.55
      vertex 43.5153 6.57143 2.55
      vertex 43.5018 6.61418 2.55
    endloop
  endfacet
  facet normal 0 0 1
    outer loop
      vertex 42.7514 6.35092 2.55
      vertex 43.5018 6.61418 2.55
      vertex 43.4864 6.65555 2.55
    endloop
  endfacet
  facet normal 0 0 1
    outer loop
      vertex 43.5545 6.11227 2.55
      vertex 42.7812 6.18767 2.55
      vertex 43.5391 5.9973 2.55
    endloop
  endfacet
  facet normal 0 0 1
    outer loop
      vertex 42.7514 6.35092 2.55
      vertex 43.4864 6.65555 2.55
      vertex 43.4693 6.6956 2.55
    endloop
  endfacet
  facet normal 0 0 1
    outer loop
      vertex 42.7383 6.37935 2.55
      vertex 43.4693 6.6956 2.55
      vertex 43.4506 6.73439 2.55
    endloop
  endfacet
  facet normal -0 0 1
    outer loop
      vertex 42.7708 6.08064 2.55
      vertex 43.5391 5.9973 2.55
      vertex 42.7812 6.18767 2.55
    endloop
  endfacet
  facet normal 0 0 1
    outer loop
      vertex 42.7383 6.37935 2.55
      vertex 43.4506 6.73439 2.55
      vertex 43.4303 6.7719 2.55
    endloop
  endfacet
  facet normal 0 0 1
    outer loop
      vertex 42.7383 6.37935 2.55
      vertex 43.4303 6.7719 2.55
      vertex 43.4084 6.80814 2.55
    endloop
  endfacet
  facet normal 0 0 1
    outer loop
      vertex 42.7229 6.40637 2.55
      vertex 43.4084 6.80814 2.55
      vertex 43.3849 6.84309 2.55
    endloop
  endfacet
  facet normal 0 0 1
    outer loop
      vertex 43.5391 5.9973 2.55
      vertex 42.7708 6.08064 2.55
      vertex 43.5134 5.88885 2.55
    endloop
  endfacet
  facet normal 0 0 1
    outer loop
      vertex 42.7229 6.40637 2.55
      vertex 43.3849 6.84309 2.55
      vertex 43.3598 6.87679 2.55
    endloop
  endfacet
  facet normal 0 0 1
    outer loop
      vertex 42.7229 6.40637 2.55
      vertex 43.3598 6.87679 2.55
      vertex 43.3331 6.90921 2.55
    endloop
  endfacet
  facet normal 0 0 1
    outer loop
      vertex 43.5134 5.88885 2.55
      vertex 42.7708 6.08064 2.55
      vertex 43.4774 5.78693 2.55
    endloop
  endfacet
  facet normal 0 0 1
    outer loop
      vertex 42.705 6.43198 2.55
      vertex 43.3331 6.90921 2.55
      vertex 43.3047 6.94035 2.55
    endloop
  endfacet
  facet normal 0 0 1
    outer loop
      vertex 42.705 6.43198 2.55
      vertex 43.3047 6.94035 2.55
      vertex 43.2748 6.97023 2.55
    endloop
  endfacet
  facet normal 0 0 1
    outer loop
      vertex 42.705 6.43198 2.55
      vertex 43.2748 6.97023 2.55
      vertex 43.2428 6.99905 2.55
    endloop
  endfacet
  facet normal -0 0 1
    outer loop
      vertex 42.7398 5.98621 2.55
      vertex 43.4774 5.78693 2.55
      vertex 42.7708 6.08064 2.55
    endloop
  endfacet
  facet normal 0 0 1
    outer loop
      vertex 42.6848 6.45619 2.55
      vertex 43.2428 6.99905 2.55
      vertex 43.2084 7.02707 2.55
    endloop
  endfacet
  facet normal 0 0 1
    outer loop
      vertex 42.6848 6.45619 2.55
      vertex 43.2084 7.02707 2.55
      vertex 43.1716 7.05431 2.55
    endloop
  endfacet
  facet normal 0 0 1
    outer loop
      vertex 43.4774 5.78693 2.55
      vertex 42.7398 5.98621 2.55
      vertex 43.4311 5.69154 2.55
    endloop
  endfacet
  facet normal 0 0 1
    outer loop
      vertex 42.6625 6.47926 2.55
      vertex 43.1716 7.05431 2.55
      vertex 43.1323 7.08072 2.55
    endloop
  endfacet
  facet normal 0 0 1
    outer loop
      vertex 42.6625 6.47926 2.55
      vertex 43.1323 7.08072 2.55
      vertex 43.0905 7.10634 2.55
    endloop
  endfacet
  facet normal 0 0 1
    outer loop
      vertex 42.6382 6.50146 2.55
      vertex 43.0905 7.10634 2.55
      vertex 43.0464 7.13115 2.55
    endloop
  endfacet
  facet normal 0 0 1
    outer loop
      vertex 43.4311 5.69154 2.55
      vertex 42.7398 5.98621 2.55
      vertex 43.3746 5.60268 2.55
    endloop
  endfacet
  facet normal 0 0 1
    outer loop
      vertex 42.6119 6.5228 2.55
      vertex 43.0464 7.13115 2.55
      vertex 42.9997 7.15517 2.55
    endloop
  endfacet
  facet normal 0 0 1
    outer loop
      vertex 42.6119 6.5228 2.55
      vertex 42.9997 7.15517 2.55
      vertex 42.9506 7.17838 2.55
    endloop
  endfacet
  facet normal 0 0 1
    outer loop
      vertex 43.3746 5.60268 2.55
      vertex 42.7398 5.98621 2.55
      vertex 43.3077 5.52034 2.55
    endloop
  endfacet
  facet normal 0 0 1
    outer loop
      vertex 42.5837 6.54326 2.55
      vertex 42.9506 7.17838 2.55
      vertex 42.8991 7.20078 2.55
    endloop
  endfacet
  facet normal 0 0 1
    outer loop
      vertex 42.5536 6.56285 2.55
      vertex 42.8991 7.20078 2.55
      vertex 42.8425 7.22299 2.55
    endloop
  endfacet
  facet normal -0 0 1
    outer loop
      vertex 42.688 5.90436 2.55
      vertex 43.3077 5.52034 2.55
      vertex 42.7398 5.98621 2.55
    endloop
  endfacet
  facet normal 0 0 1
    outer loop
      vertex 43.2306 5.44453 2.55
      vertex 42.688 5.90436 2.55
      vertex 43.1432 5.37527 2.55
    endloop
  endfacet
  facet normal 0 0 1
    outer loop
      vertex 43.3077 5.52034 2.55
      vertex 42.688 5.90436 2.55
      vertex 43.2306 5.44453 2.55
    endloop
  endfacet
  facet normal 0 0 1
    outer loop
      vertex 42.5215 6.58157 2.55
      vertex 42.8425 7.22299 2.55
      vertex 42.7782 7.24564 2.55
    endloop
  endfacet
  facet normal 0 0 1
    outer loop
      vertex 43.5587 6.28615 2.55
      vertex 42.7764 6.25719 2.55
      vertex 42.78 6.22313 2.55
    endloop
  endfacet
  facet normal 0 0 1
    outer loop
      vertex 43.5515 6.38673 2.55
      vertex 42.7704 6.28984 2.55
      vertex 42.7764 6.25719 2.55
    endloop
  endfacet
  facet normal 0 0 1
    outer loop
      vertex 43.537 6.48183 2.55
      vertex 42.7621 6.32109 2.55
      vertex 42.7704 6.28984 2.55
    endloop
  endfacet
  facet normal 0 0 1
    outer loop
      vertex 43.5018 6.61418 2.55
      vertex 42.7514 6.35092 2.55
      vertex 42.7621 6.32109 2.55
    endloop
  endfacet
  facet normal 0 0 1
    outer loop
      vertex 43.4693 6.6956 2.55
      vertex 42.7383 6.37935 2.55
      vertex 42.7514 6.35092 2.55
    endloop
  endfacet
  facet normal 0 0 1
    outer loop
      vertex 43.4084 6.80814 2.55
      vertex 42.7229 6.40637 2.55
      vertex 42.7383 6.37935 2.55
    endloop
  endfacet
  facet normal 0 0 1
    outer loop
      vertex 42.4875 6.59943 2.55
      vertex 42.7782 7.24564 2.55
      vertex 42.7061 7.26874 2.55
    endloop
  endfacet
  facet normal 0 0 1
    outer loop
      vertex 43.3331 6.90921 2.55
      vertex 42.705 6.43198 2.55
      vertex 42.7229 6.40637 2.55
    endloop
  endfacet
  facet normal 0 0 1
    outer loop
      vertex 43.2428 6.99905 2.55
      vertex 42.6848 6.45619 2.55
      vertex 42.705 6.43198 2.55
    endloop
  endfacet
  facet normal 0 0 1
    outer loop
      vertex 43.1716 7.05431 2.55
      vertex 42.6625 6.47926 2.55
      vertex 42.6848 6.45619 2.55
    endloop
  endfacet
  facet normal 0 0 1
    outer loop
      vertex 43.0905 7.10634 2.55
      vertex 42.6382 6.50146 2.55
      vertex 42.6625 6.47926 2.55
    endloop
  endfacet
  facet normal 0 0 1
    outer loop
      vertex 42.4515 6.61639 2.55
      vertex 42.7061 7.26874 2.55
      vertex 42.6263 7.29225 2.55
    endloop
  endfacet
  facet normal 0 0 1
    outer loop
      vertex 43.0464 7.13115 2.55
      vertex 42.6119 6.5228 2.55
      vertex 42.6382 6.50146 2.55
    endloop
  endfacet
  facet normal 0 0 1
    outer loop
      vertex 42.9506 7.17838 2.55
      vertex 42.5837 6.54326 2.55
      vertex 42.6119 6.5228 2.55
    endloop
  endfacet
  facet normal 0 0 1
    outer loop
      vertex 42.8991 7.20078 2.55
      vertex 42.5536 6.56285 2.55
      vertex 42.5837 6.54326 2.55
    endloop
  endfacet
  facet normal 0 0 1
    outer loop
      vertex 42.3707 6.64854 2.55
      vertex 42.6263 7.29225 2.55
      vertex 42.5387 7.31622 2.55
    endloop
  endfacet
  facet normal 0 0 1
    outer loop
      vertex 42.8425 7.22299 2.55
      vertex 42.5215 6.58157 2.55
      vertex 42.5536 6.56285 2.55
    endloop
  endfacet
  facet normal 0 0 1
    outer loop
      vertex 42.7782 7.24564 2.55
      vertex 42.4875 6.59943 2.55
      vertex 42.5215 6.58157 2.55
    endloop
  endfacet
  facet normal 0 0 1
    outer loop
      vertex 42.7061 7.26874 2.55
      vertex 42.4515 6.61639 2.55
      vertex 42.4875 6.59943 2.55
    endloop
  endfacet
  facet normal 0 0 1
    outer loop
      vertex 42.32 6.66533 2.55
      vertex 42.5387 7.31622 2.55
      vertex 42.4434 7.34061 2.55
    endloop
  endfacet
  facet normal 0 0 1
    outer loop
      vertex 42.6263 7.29225 2.55
      vertex 42.4136 6.63251 2.55
      vertex 42.4515 6.61639 2.55
    endloop
  endfacet
  facet normal 0 0 1
    outer loop
      vertex 42.6263 7.29225 2.55
      vertex 42.3707 6.64854 2.55
      vertex 42.4136 6.63251 2.55
    endloop
  endfacet
  facet normal 0 0 1
    outer loop
      vertex 42.1946 6.7011 2.55
      vertex 42.4434 7.34061 2.55
      vertex 42.3404 7.36545 2.55
    endloop
  endfacet
  facet normal 0 0 1
    outer loop
      vertex 42.5387 7.31622 2.55
      vertex 42.32 6.66533 2.55
      vertex 42.3707 6.64854 2.55
    endloop
  endfacet
  facet normal 0 0 1
    outer loop
      vertex 42.4434 7.34061 2.55
      vertex 42.2612 6.68285 2.55
      vertex 42.32 6.66533 2.55
    endloop
  endfacet
  facet normal 0 0 1
    outer loop
      vertex 42.12 6.72009 2.55
      vertex 42.3404 7.36545 2.55
      vertex 42.2296 7.39072 2.55
    endloop
  endfacet
  facet normal 0 0 1
    outer loop
      vertex 42.4434 7.34061 2.55
      vertex 42.1946 6.7011 2.55
      vertex 42.2612 6.68285 2.55
    endloop
  endfacet
  facet normal 0 0 1
    outer loop
      vertex 42.3404 7.36545 2.55
      vertex 42.12 6.72009 2.55
      vertex 42.1946 6.7011 2.55
    endloop
  endfacet
  facet normal 0 0 1
    outer loop
      vertex 42.0375 6.73981 2.55
      vertex 42.2296 7.39072 2.55
      vertex 42.1112 7.41641 2.55
    endloop
  endfacet
  facet normal 0 0 1
    outer loop
      vertex 42.2296 7.39072 2.55
      vertex 42.0375 6.73981 2.55
      vertex 42.12 6.72009 2.55
    endloop
  endfacet
  facet normal 0 0 1
    outer loop
      vertex 41.947 6.76028 2.55
      vertex 42.1112 7.41641 2.55
      vertex 42.0119 7.43829 2.55
    endloop
  endfacet
  facet normal 0 0 1
    outer loop
      vertex 42.1112 7.41641 2.55
      vertex 41.947 6.76028 2.55
      vertex 42.0375 6.73981 2.55
    endloop
  endfacet
  facet normal 0 0 1
    outer loop
      vertex 41.8486 6.78148 2.55
      vertex 42.0119 7.43829 2.55
      vertex 41.9204 7.45934 2.55
    endloop
  endfacet
  facet normal 0 0 1
    outer loop
      vertex 42.0119 7.43829 2.55
      vertex 41.8486 6.78148 2.55
      vertex 41.947 6.76028 2.55
    endloop
  endfacet
  facet normal 0 0 1
    outer loop
      vertex 41.7423 6.80342 2.55
      vertex 41.9204 7.45934 2.55
      vertex 41.8366 7.47955 2.55
    endloop
  endfacet
  facet normal 0 0 1
    outer loop
      vertex 41.6502 6.82524 2.55
      vertex 41.8366 7.47955 2.55
      vertex 41.7605 7.49892 2.55
    endloop
  endfacet
  facet normal 0 0 1
    outer loop
      vertex 41.9204 7.45934 2.55
      vertex 41.7423 6.80342 2.55
      vertex 41.8486 6.78148 2.55
    endloop
  endfacet
  facet normal 0 0 1
    outer loop
      vertex 41.5647 6.84608 2.55
      vertex 41.7605 7.49892 2.55
      vertex 41.692 7.51746 2.55
    endloop
  endfacet
  facet normal 0 0 1
    outer loop
      vertex 41.8366 7.47955 2.55
      vertex 41.6502 6.82524 2.55
      vertex 41.7423 6.80342 2.55
    endloop
  endfacet
  facet normal 0 0 1
    outer loop
      vertex 41.4855 6.86597 2.55
      vertex 41.692 7.51746 2.55
      vertex 41.6313 7.53516 2.55
    endloop
  endfacet
  facet normal 0 0 1
    outer loop
      vertex 41.4127 6.88486 2.55
      vertex 41.6313 7.53516 2.55
      vertex 41.5783 7.552 2.55
    endloop
  endfacet
  facet normal 0 0 1
    outer loop
      vertex 41.7605 7.49892 2.55
      vertex 41.5647 6.84608 2.55
      vertex 41.6502 6.82524 2.55
    endloop
  endfacet
  facet normal 0 0 1
    outer loop
      vertex 41.3464 6.90279 2.55
      vertex 41.5783 7.552 2.55
      vertex 41.533 7.56802 2.55
    endloop
  endfacet
  facet normal 0 0 1
    outer loop
      vertex 41.2865 6.91975 2.55
      vertex 41.533 7.56802 2.55
      vertex 41.4954 7.58321 2.55
    endloop
  endfacet
  facet normal 0 0 1
    outer loop
      vertex 41.692 7.51746 2.55
      vertex 41.4855 6.86597 2.55
      vertex 41.5647 6.84608 2.55
    endloop
  endfacet
  facet normal 0 0 1
    outer loop
      vertex 41.2331 6.93573 2.55
      vertex 41.4954 7.58321 2.55
      vertex 41.4626 7.59834 2.55
    endloop
  endfacet
  facet normal 0 0 1
    outer loop
      vertex 41.1861 6.95074 2.55
      vertex 41.4626 7.59834 2.55
      vertex 41.4316 7.61417 2.55
    endloop
  endfacet
  facet normal 0 0 1
    outer loop
      vertex 41.6313 7.53516 2.55
      vertex 41.4127 6.88486 2.55
      vertex 41.4855 6.86597 2.55
    endloop
  endfacet
  facet normal 0 0 1
    outer loop
      vertex 41.1455 6.96478 2.55
      vertex 41.4316 7.61417 2.55
      vertex 41.4024 7.63069 2.55
    endloop
  endfacet
  facet normal 0 0 1
    outer loop
      vertex 41.1455 6.96478 2.55
      vertex 41.4024 7.63069 2.55
      vertex 41.3751 7.64792 2.55
    endloop
  endfacet
  facet normal 0 0 1
    outer loop
      vertex 41.1455 6.96478 2.55
      vertex 41.3751 7.64792 2.55
      vertex 41.3497 7.66586 2.55
    endloop
  endfacet
  facet normal 0 0 1
    outer loop
      vertex 41.5783 7.552 2.55
      vertex 41.3464 6.90279 2.55
      vertex 41.4127 6.88486 2.55
    endloop
  endfacet
  facet normal 0 0 1
    outer loop
      vertex 41.1455 6.96478 2.55
      vertex 41.3497 7.66586 2.55
      vertex 41.326 7.68449 2.55
    endloop
  endfacet
  facet normal 0 0 1
    outer loop
      vertex 41.1455 6.96478 2.55
      vertex 41.326 7.68449 2.55
      vertex 41.3042 7.70383 2.55
    endloop
  endfacet
  facet normal 0 0 1
    outer loop
      vertex 41.533 7.56802 2.55
      vertex 41.2865 6.91975 2.55
      vertex 41.3464 6.90279 2.55
    endloop
  endfacet
  facet normal 0 0 1
    outer loop
      vertex 41.1455 6.96478 2.55
      vertex 41.3042 7.70383 2.55
      vertex 41.2843 7.72388 2.55
    endloop
  endfacet
  facet normal 0 0 1
    outer loop
      vertex 41.1455 6.96478 2.55
      vertex 41.2843 7.72388 2.55
      vertex 41.2662 7.74461 2.55
    endloop
  endfacet
  facet normal 0 0 1
    outer loop
      vertex 41.1455 6.96478 2.55
      vertex 41.2662 7.74461 2.55
      vertex 41.25 7.76639 2.55
    endloop
  endfacet
  facet normal 0 0 1
    outer loop
      vertex 41.1455 6.96478 2.55
      vertex 41.25 7.76639 2.55
      vertex 41.2357 7.78949 2.55
    endloop
  endfacet
  facet normal 0 0 1
    outer loop
      vertex 41.4954 7.58321 2.55
      vertex 41.2331 6.93573 2.55
      vertex 41.2865 6.91975 2.55
    endloop
  endfacet
  facet normal 0 0 1
    outer loop
      vertex 41.1455 6.96478 2.55
      vertex 41.2357 7.78949 2.55
      vertex 41.2233 7.81395 2.55
    endloop
  endfacet
  facet normal 0 0 1
    outer loop
      vertex 41.1455 6.96478 2.55
      vertex 41.2233 7.81395 2.55
      vertex 41.2128 7.83974 2.55
    endloop
  endfacet
  facet normal 0 0 1
    outer loop
      vertex 41.1455 6.96478 2.55
      vertex 41.2128 7.83974 2.55
      vertex 41.2042 7.86687 2.55
    endloop
  endfacet
  facet normal 0 0 1
    outer loop
      vertex 41.1455 6.96478 2.55
      vertex 41.2042 7.86687 2.55
      vertex 41.1975 7.89534 2.55
    endloop
  endfacet
  facet normal 0 0 1
    outer loop
      vertex 41.1455 6.96478 2.55
      vertex 41.1975 7.89534 2.55
      vertex 41.1927 7.92514 2.55
    endloop
  endfacet
  facet normal 0 0 1
    outer loop
      vertex 41.1455 6.96478 2.55
      vertex 41.1927 7.92514 2.55
      vertex 41.1899 7.95628 2.55
    endloop
  endfacet
  facet normal 0 0 1
    outer loop
      vertex 41.4626 7.59834 2.55
      vertex 41.1861 6.95074 2.55
      vertex 41.2331 6.93573 2.55
    endloop
  endfacet
  facet normal 0 0 1
    outer loop
      vertex 40.4104 7.94266 2.55
      vertex 41.1899 7.95628 2.55
      vertex 41.1889 7.98877 2.55
    endloop
  endfacet
  facet normal 0 0 1
    outer loop
      vertex 43.1432 5.37527 2.55
      vertex 42.688 5.90436 2.55
      vertex 43.0459 5.31293 2.55
    endloop
  endfacet
  facet normal -0 0 1
    outer loop
      vertex 42.6156 5.8351 2.55
      vertex 43.0459 5.31293 2.55
      vertex 42.688 5.90436 2.55
    endloop
  endfacet
  facet normal 0 0 1
    outer loop
      vertex 43.0459 5.31293 2.55
      vertex 42.6156 5.8351 2.55
      vertex 42.939 5.25793 2.55
    endloop
  endfacet
  facet normal 0 0 1
    outer loop
      vertex 42.939 5.25793 2.55
      vertex 42.6156 5.8351 2.55
      vertex 42.8224 5.21027 2.55
    endloop
  endfacet
  facet normal -0 0 1
    outer loop
      vertex 42.5225 5.77844 2.55
      vertex 42.8224 5.21027 2.55
      vertex 42.6156 5.8351 2.55
    endloop
  endfacet
  facet normal 0 0 1
    outer loop
      vertex 42.8224 5.21027 2.55
      vertex 42.5225 5.77844 2.55
      vertex 42.6962 5.16994 2.55
    endloop
  endfacet
  facet normal -0 0 1
    outer loop
      vertex 42.4086 5.73438 2.55
      vertex 42.6962 5.16994 2.55
      vertex 42.5225 5.77844 2.55
    endloop
  endfacet
  facet normal 0 0 1
    outer loop
      vertex 42.6962 5.16994 2.55
      vertex 42.4086 5.73438 2.55
      vertex 42.5605 5.13693 2.55
    endloop
  endfacet
  facet normal 0 0 1
    outer loop
      vertex 42.5605 5.13693 2.55
      vertex 42.4086 5.73438 2.55
      vertex 42.4151 5.11127 2.55
    endloop
  endfacet
  facet normal -0 0 1
    outer loop
      vertex 42.2741 5.7029 2.55
      vertex 42.4151 5.11127 2.55
      vertex 42.4086 5.73438 2.55
    endloop
  endfacet
  facet normal 0 0 1
    outer loop
      vertex 42.2741 5.7029 2.55
      vertex 42.2601 5.09294 2.55
      vertex 42.4151 5.11127 2.55
    endloop
  endfacet
  facet normal -0 0 1
    outer loop
      vertex 42.1189 5.68401 2.55
      vertex 42.2601 5.09294 2.55
      vertex 42.2741 5.7029 2.55
    endloop
  endfacet
  facet normal 0 0 1
    outer loop
      vertex 42.1189 5.68401 2.55
      vertex 42.0955 5.08194 2.55
      vertex 42.2601 5.09294 2.55
    endloop
  endfacet
  facet normal -0 0 1
    outer loop
      vertex 41.943 5.6777 2.55
      vertex 42.0955 5.08194 2.55
      vertex 42.1189 5.68401 2.55
    endloop
  endfacet
  facet normal 0 0 1
    outer loop
      vertex 41.943 5.6777 2.55
      vertex 41.9213 5.07826 2.55
      vertex 42.0955 5.08194 2.55
    endloop
  endfacet
  facet normal 0 0 1
    outer loop
      vertex 41.8554 5.6794 2.55
      vertex 41.9213 5.07826 2.55
      vertex 41.943 5.6777 2.55
    endloop
  endfacet
  facet normal 0 0 1
    outer loop
      vertex 41.7618 5.08148 2.55
      vertex 41.8554 5.6794 2.55
      vertex 41.7721 5.68446 2.55
    endloop
  endfacet
  facet normal 0 0 1
    outer loop
      vertex 41.8554 5.6794 2.55
      vertex 41.7618 5.08148 2.55
      vertex 41.9213 5.07826 2.55
    endloop
  endfacet
  facet normal 0 0 1
    outer loop
      vertex 41.6102 5.09113 2.55
      vertex 41.7721 5.68446 2.55
      vertex 41.6931 5.69293 2.55
    endloop
  endfacet
  facet normal 0 0 1
    outer loop
      vertex 41.6102 5.09113 2.55
      vertex 41.6931 5.69293 2.55
      vertex 41.6186 5.70476 2.55
    endloop
  endfacet
  facet normal 0 0 1
    outer loop
      vertex 41.7721 5.68446 2.55
      vertex 41.6102 5.09113 2.55
      vertex 41.7618 5.08148 2.55
    endloop
  endfacet
  facet normal 0 0 1
    outer loop
      vertex 41.4665 5.10721 2.55
      vertex 41.6186 5.70476 2.55
      vertex 41.5483 5.71999 2.55
    endloop
  endfacet
  facet normal 0 0 1
    outer loop
      vertex 41.3306 5.1297 2.55
      vertex 41.5483 5.71999 2.55
      vertex 41.4825 5.73857 2.55
    endloop
  endfacet
  facet normal 0 0 1
    outer loop
      vertex 41.6186 5.70476 2.55
      vertex 41.4665 5.10721 2.55
      vertex 41.6102 5.09113 2.55
    endloop
  endfacet
  facet normal 0 0 1
    outer loop
      vertex 41.3306 5.1297 2.55
      vertex 41.4825 5.73857 2.55
      vertex 41.4209 5.76056 2.55
    endloop
  endfacet
  facet normal 0 0 1
    outer loop
      vertex 41.2025 5.15863 2.55
      vertex 41.4209 5.76056 2.55
      vertex 41.3638 5.78592 2.55
    endloop
  endfacet
  facet normal 0 0 1
    outer loop
      vertex 41.5483 5.71999 2.55
      vertex 41.3306 5.1297 2.55
      vertex 41.4665 5.10721 2.55
    endloop
  endfacet
  facet normal 0 0 1
    outer loop
      vertex 41.0822 5.194 2.55
      vertex 41.3638 5.78592 2.55
      vertex 41.311 5.81467 2.55
    endloop
  endfacet
  facet normal 0 0 1
    outer loop
      vertex 40.9698 5.23579 2.55
      vertex 41.311 5.81467 2.55
      vertex 41.2622 5.84717 2.55
    endloop
  endfacet
  facet normal 0 0 1
    outer loop
      vertex 40.8652 5.28401 2.55
      vertex 41.2622 5.84717 2.55
      vertex 41.2171 5.88379 2.55
    endloop
  endfacet
  facet normal 0 0 1
    outer loop
      vertex 41.4209 5.76056 2.55
      vertex 41.2025 5.15863 2.55
      vertex 41.3306 5.1297 2.55
    endloop
  endfacet
  facet normal 0 0 1
    outer loop
      vertex 40.7685 5.33867 2.55
      vertex 41.2171 5.88379 2.55
      vertex 41.1756 5.92453 2.55
    endloop
  endfacet
  facet normal 0 0 1
    outer loop
      vertex 40.6793 5.39986 2.55
      vertex 41.1756 5.92453 2.55
      vertex 41.1379 5.96939 2.55
    endloop
  endfacet
  facet normal 0 0 1
    outer loop
      vertex 40.5231 5.5421 2.55
      vertex 41.1379 5.96939 2.55
      vertex 41.1039 6.01837 2.55
    endloop
  endfacet
  facet normal 0 0 1
    outer loop
      vertex 41.3638 5.78592 2.55
      vertex 41.0822 5.194 2.55
      vertex 41.2025 5.15863 2.55
    endloop
  endfacet
  facet normal 0 0 1
    outer loop
      vertex 40.4561 5.62317 2.55
      vertex 41.1039 6.01837 2.55
      vertex 41.0735 6.07147 2.55
    endloop
  endfacet
  facet normal 0 0 1
    outer loop
      vertex 40.3964 5.71088 2.55
      vertex 41.0735 6.07147 2.55
      vertex 41.0468 6.12868 2.55
    endloop
  endfacet
  facet normal 0 0 1
    outer loop
      vertex 40.2992 5.90617 2.55
      vertex 41.0468 6.12868 2.55
      vertex 41.0238 6.19002 2.55
    endloop
  endfacet
  facet normal 0 0 1
    outer loop
      vertex 40.2616 6.01376 2.55
      vertex 41.0238 6.19002 2.55
      vertex 41.0045 6.25546 2.55
    endloop
  endfacet
  facet normal 0 0 1
    outer loop
      vertex 41.311 5.81467 2.55
      vertex 40.9698 5.23579 2.55
      vertex 41.0822 5.194 2.55
    endloop
  endfacet
  facet normal 0 0 1
    outer loop
      vertex 41.2622 5.84717 2.55
      vertex 40.8652 5.28401 2.55
      vertex 40.9698 5.23579 2.55
    endloop
  endfacet
  facet normal 0 0 1
    outer loop
      vertex 41.2171 5.88379 2.55
      vertex 40.7685 5.33867 2.55
      vertex 40.8652 5.28401 2.55
    endloop
  endfacet
  facet normal 0 0 1
    outer loop
      vertex 41.1756 5.92453 2.55
      vertex 40.6793 5.39986 2.55
      vertex 40.7685 5.33867 2.55
    endloop
  endfacet
  facet normal 0 0 1
    outer loop
      vertex 41.1379 5.96939 2.55
      vertex 40.5975 5.46767 2.55
      vertex 40.6793 5.39986 2.55
    endloop
  endfacet
  facet normal 0 0 1
    outer loop
      vertex 41.1379 5.96939 2.55
      vertex 40.5231 5.5421 2.55
      vertex 40.5975 5.46767 2.55
    endloop
  endfacet
  facet normal 0 0 1
    outer loop
      vertex 41.1039 6.01837 2.55
      vertex 40.4561 5.62317 2.55
      vertex 40.5231 5.5421 2.55
    endloop
  endfacet
  facet normal 0 0 1
    outer loop
      vertex 41.0735 6.07147 2.55
      vertex 40.3964 5.71088 2.55
      vertex 40.4561 5.62317 2.55
    endloop
  endfacet
  facet normal 0 0 1
    outer loop
      vertex 41.0468 6.12868 2.55
      vertex 40.3441 5.80521 2.55
      vertex 40.3964 5.71088 2.55
    endloop
  endfacet
  facet normal 0 0 1
    outer loop
      vertex 41.0468 6.12868 2.55
      vertex 40.2992 5.90617 2.55
      vertex 40.3441 5.80521 2.55
    endloop
  endfacet
  facet normal 0 0 1
    outer loop
      vertex 41.0238 6.19002 2.55
      vertex 40.2616 6.01376 2.55
      vertex 40.2992 5.90617 2.55
    endloop
  endfacet
  facet normal 0 -0 1
    outer loop
      vertex 40.2616 6.01376 2.55
      vertex 41.0045 6.25546 2.55
      vertex 40.2314 6.12799 2.55
    endloop
  endfacet
  facet normal 0 0 1
    outer loop
      vertex 64.4327 5.13251 2.55
      vertex 63.3016 6.10902 2.55
      vertex 63.6407 5.13251 2.55
    endloop
  endfacet
  facet normal 0 0 1
    outer loop
      vertex 64.4327 5.13251 2.55
      vertex 63.1226 6.71118 2.55
      vertex 63.3016 6.10902 2.55
    endloop
  endfacet
  facet normal 0 0 1
    outer loop
      vertex 63.0439 8.95441 2.55
      vertex 63.1226 6.71118 2.55
      vertex 64.4327 5.13251 2.55
    endloop
  endfacet
  facet normal 0 0 1
    outer loop
      vertex 63.0439 8.95441 2.55
      vertex 62.7455 7.80974 2.55
      vertex 63.1226 6.71118 2.55
    endloop
  endfacet
  facet normal 0 0 1
    outer loop
      vertex 63.0439 8.95441 2.55
      vertex 62.6289 8.17862 2.55
      vertex 62.7455 7.80974 2.55
    endloop
  endfacet
  facet normal 0 0 1
    outer loop
      vertex 63.0439 8.95441 2.55
      vertex 62.5719 8.36581 2.55
      vertex 62.6289 8.17862 2.55
    endloop
  endfacet
  facet normal 0 0 1
    outer loop
      vertex 62.1 8.95441 2.55
      vertex 62.5557 8.30614 2.55
      vertex 62.5719 8.36581 2.55
    endloop
  endfacet
  facet normal 0 0 1
    outer loop
      vertex 62.5557 8.30614 2.55
      vertex 62.1 8.95441 2.55
      vertex 62.5495 8.28409 2.55
    endloop
  endfacet
  facet normal 0 0 1
    outer loop
      vertex 62.5495 8.28409 2.55
      vertex 62.1 8.95441 2.55
      vertex 62.5431 8.26138 2.55
    endloop
  endfacet
  facet normal 0 0 1
    outer loop
      vertex 62.5431 8.26138 2.55
      vertex 62.1 8.95441 2.55
      vertex 62.5364 8.23801 2.55
    endloop
  endfacet
  facet normal 0 0 1
    outer loop
      vertex 62.5364 8.23801 2.55
      vertex 62.1 8.95441 2.55
      vertex 62.5294 8.21396 2.55
    endloop
  endfacet
  facet normal 0 0 1
    outer loop
      vertex 62.5294 8.21396 2.55
      vertex 62.1 8.95441 2.55
      vertex 62.5222 8.18924 2.55
    endloop
  endfacet
  facet normal 0 0 1
    outer loop
      vertex 62.5222 8.18924 2.55
      vertex 62.1 8.95441 2.55
      vertex 62.5147 8.16386 2.55
    endloop
  endfacet
  facet normal 0 0 1
    outer loop
      vertex 62.5147 8.16386 2.55
      vertex 62.1 8.95441 2.55
      vertex 62.5069 8.1378 2.55
    endloop
  endfacet
  facet normal 0 0 1
    outer loop
      vertex 62.5069 8.1378 2.55
      vertex 62.1 8.95441 2.55
      vertex 62.4989 8.11108 2.55
    endloop
  endfacet
  facet normal 0 0 1
    outer loop
      vertex 62.4989 8.11108 2.55
      vertex 62.1 8.95441 2.55
      vertex 62.4906 8.08369 2.55
    endloop
  endfacet
  facet normal 0 0 1
    outer loop
      vertex 62.4906 8.08369 2.55
      vertex 62.1 8.95441 2.55
      vertex 62.4773 8.0421 2.55
    endloop
  endfacet
  facet normal 0 0 1
    outer loop
      vertex 62.4773 8.0421 2.55
      vertex 62.1 8.95441 2.55
      vertex 62.4544 7.97279 2.55
    endloop
  endfacet
  facet normal 0 0 1
    outer loop
      vertex 62.4544 7.97279 2.55
      vertex 62.1 8.95441 2.55
      vertex 62.4218 7.87575 2.55
    endloop
  endfacet
  facet normal 0 0 1
    outer loop
      vertex 62.4218 7.87575 2.55
      vertex 62.1 8.95441 2.55
      vertex 62.3797 7.75096 2.55
    endloop
  endfacet
  facet normal 0 0 1
    outer loop
      vertex 62.3797 7.75096 2.55
      vertex 62.1 8.95441 2.55
      vertex 62.3278 7.59846 2.55
    endloop
  endfacet
  facet normal 0 0 1
    outer loop
      vertex 62.3278 7.59846 2.55
      vertex 62.1 8.95441 2.55
      vertex 62.2663 7.41823 2.55
    endloop
  endfacet
  facet normal 0 0 1
    outer loop
      vertex 62.2663 7.41823 2.55
      vertex 62.1 8.95441 2.55
      vertex 62.1952 7.21028 2.55
    endloop
  endfacet
  facet normal -0 0 1
    outer loop
      vertex 62.1 8.95441 2.55
      vertex 62.5719 8.36581 2.55
      vertex 63.0439 8.95441 2.55
    endloop
  endfacet
  facet normal 0 0 1
    outer loop
      vertex 62.1952 7.21028 2.55
      vertex 62.1 8.95441 2.55
      vertex 62.1144 6.97461 2.55
    endloop
  endfacet
  facet normal 0 0 1
    outer loop
      vertex 62.1 8.95441 2.55
      vertex 62.024 6.71118 2.55
      vertex 62.1144 6.97461 2.55
    endloop
  endfacet
  facet normal 0 0 1
    outer loop
      vertex 60.7057 5.13251 2.55
      vertex 62.024 6.71118 2.55
      vertex 62.1 8.95441 2.55
    endloop
  endfacet
  facet normal 0 0 1
    outer loop
      vertex 62.024 6.71118 2.55
      vertex 60.7057 5.13251 2.55
      vertex 61.845 6.10902 2.55
    endloop
  endfacet
  facet normal 0 0 1
    outer loop
      vertex 61.845 6.10902 2.55
      vertex 60.7057 5.13251 2.55
      vertex 61.5059 5.13251 2.55
    endloop
  endfacet
  facet normal -0 0 1
    outer loop
      vertex 62.024 6.71118 2.55
      vertex 63.3016 6.10902 2.55
      vertex 63.1226 6.71118 2.55
    endloop
  endfacet
  facet normal 0 0 1
    outer loop
      vertex 63.3016 6.10902 2.55
      vertex 62.024 6.71118 2.55
      vertex 61.845 6.10902 2.55
    endloop
  endfacet
  facet normal 0 0 1
    outer loop
      vertex 64.9205 8.95441 2.55
      vertex 65.444 6.70035 2.55
      vertex 65.8373 7.33777 2.55
    endloop
  endfacet
  facet normal 0 0 1
    outer loop
      vertex 65.444 6.70035 2.55
      vertex 64.9205 8.95441 2.55
      vertex 64.0823 8.95441 2.55
    endloop
  endfacet
  facet normal -0 0 1
    outer loop
      vertex 66.765 8.95441 2.55
      vertex 66.2414 6.70035 2.55
      vertex 67.6031 8.95441 2.55
    endloop
  endfacet
  facet normal -0 0 1
    outer loop
      vertex 65.8373 7.33777 2.55
      vertex 66.2414 6.70035 2.55
      vertex 66.765 8.95441 2.55
    endloop
  endfacet
  facet normal 0 0 1
    outer loop
      vertex 65.444 6.70035 2.55
      vertex 66.2414 6.70035 2.55
      vertex 65.8373 7.33777 2.55
    endloop
  endfacet
  facet normal 0 0 1
    outer loop
      vertex 66.2414 6.70035 2.55
      vertex 65.444 6.70035 2.55
      vertex 66.2414 5.13251 2.55
    endloop
  endfacet
  facet normal 0 0 1
    outer loop
      vertex 66.2414 5.13251 2.55
      vertex 65.444 6.70035 2.55
      vertex 65.444 5.13251 2.55
    endloop
  endfacet
  facet normal 0 0 1
    outer loop
      vertex 35.9118 8.95441 2.55
      vertex 33.7065 8.33597 2.55
      vertex 35.9118 8.33597 2.55
    endloop
  endfacet
  facet normal 0 0 1
    outer loop
      vertex 32.9063 8.95441 2.55
      vertex 33.7065 7.37573 2.55
      vertex 33.7065 8.33597 2.55
    endloop
  endfacet
  facet normal 0 0 1
    outer loop
      vertex 33.7065 7.37573 2.55
      vertex 32.9063 8.95441 2.55
      vertex 33.7065 6.75731 2.55
    endloop
  endfacet
  facet normal 0 0 1
    outer loop
      vertex 32.9063 5.13251 2.55
      vertex 33.7065 6.75731 2.55
      vertex 32.9063 8.95441 2.55
    endloop
  endfacet
  facet normal -0 0 1
    outer loop
      vertex 32.9063 8.95441 2.55
      vertex 33.7065 8.33597 2.55
      vertex 35.9118 8.95441 2.55
    endloop
  endfacet
  facet normal -0 0 1
    outer loop
      vertex 33.7065 7.37573 2.55
      vertex 35.7463 6.75731 2.55
      vertex 35.7463 7.37573 2.55
    endloop
  endfacet
  facet normal 0 0 1
    outer loop
      vertex 35.7463 6.75731 2.55
      vertex 33.7065 7.37573 2.55
      vertex 33.7065 6.75731 2.55
    endloop
  endfacet
  facet normal -0 0 1
    outer loop
      vertex 33.7065 5.75095 2.55
      vertex 36.0229 5.13251 2.55
      vertex 36.0229 5.75095 2.55
    endloop
  endfacet
  facet normal 0 0 1
    outer loop
      vertex 33.7065 5.75095 2.55
      vertex 32.9063 5.13251 2.55
      vertex 36.0229 5.13251 2.55
    endloop
  endfacet
  facet normal 0 0 1
    outer loop
      vertex 33.7065 6.75731 2.55
      vertex 32.9063 5.13251 2.55
      vertex 33.7065 5.75095 2.55
    endloop
  endfacet
  facet normal -0 0 1
    outer loop
      vertex 39.0802 6.73286 2.55
      vertex 39.7908 5.13251 2.55
      vertex 39.7908 8.95441 2.55
    endloop
  endfacet
  facet normal 0 0 1
    outer loop
      vertex 39.7908 5.13251 2.55
      vertex 39.1187 6.07707 2.55
      vertex 39.129 5.98695 2.55
    endloop
  endfacet
  facet normal 0 0 1
    outer loop
      vertex 39.7908 5.13251 2.55
      vertex 39.1097 6.16537 2.55
      vertex 39.1187 6.07707 2.55
    endloop
  endfacet
  facet normal 0 0 1
    outer loop
      vertex 39.7908 5.13251 2.55
      vertex 39.1018 6.25188 2.55
      vertex 39.1097 6.16537 2.55
    endloop
  endfacet
  facet normal 0 0 1
    outer loop
      vertex 39.7908 5.13251 2.55
      vertex 39.0952 6.33656 2.55
      vertex 39.1018 6.25188 2.55
    endloop
  endfacet
  facet normal 0 0 1
    outer loop
      vertex 39.7908 5.13251 2.55
      vertex 39.0898 6.41945 2.55
      vertex 39.0952 6.33656 2.55
    endloop
  endfacet
  facet normal 0 0 1
    outer loop
      vertex 39.7908 5.13251 2.55
      vertex 39.0856 6.50052 2.55
      vertex 39.0898 6.41945 2.55
    endloop
  endfacet
  facet normal 0 0 1
    outer loop
      vertex 39.7908 5.13251 2.55
      vertex 39.0826 6.57977 2.55
      vertex 39.0856 6.50052 2.55
    endloop
  endfacet
  facet normal 0 0 1
    outer loop
      vertex 39.7908 5.13251 2.55
      vertex 39.0807 6.65723 2.55
      vertex 39.0826 6.57977 2.55
    endloop
  endfacet
  facet normal 0 0 1
    outer loop
      vertex 39.0802 6.73286 2.55
      vertex 39.7908 8.95441 2.55
      vertex 39.0802 8.95441 2.55
    endloop
  endfacet
  facet normal 0 0 1
    outer loop
      vertex 39.7908 5.13251 2.55
      vertex 39.0802 6.73286 2.55
      vertex 39.0807 6.65723 2.55
    endloop
  endfacet
  facet normal 0 0 1
    outer loop
      vertex 39.129 5.98695 2.55
      vertex 38.8523 5.13251 2.55
      vertex 39.7908 5.13251 2.55
    endloop
  endfacet
  facet normal -0 0 1
    outer loop
      vertex 37.1868 8.07558 2.55
      vertex 39.129 5.98695 2.55
      vertex 37.4391 8.95441 2.55
    endloop
  endfacet
  facet normal 0 0 1
    outer loop
      vertex 39.129 5.98695 2.55
      vertex 37.1868 8.07558 2.55
      vertex 38.8523 5.13251 2.55
    endloop
  endfacet
  facet normal 0 -0 1
    outer loop
      vertex 37.1868 8.07558 2.55
      vertex 37.4391 8.95441 2.55
      vertex 36.5249 8.95441 2.55
    endloop
  endfacet
  facet normal 0 0 1
    outer loop
      vertex 36.5249 8.95441 2.55
      vertex 37.2356 7.38657 2.55
      vertex 37.235 7.44652 2.55
    endloop
  endfacet
  facet normal 0 0 1
    outer loop
      vertex 36.5249 8.95441 2.55
      vertex 37.235 7.44652 2.55
      vertex 37.2332 7.5106 2.55
    endloop
  endfacet
  facet normal 0 0 1
    outer loop
      vertex 36.5249 8.95441 2.55
      vertex 37.2332 7.5106 2.55
      vertex 37.2302 7.57886 2.55
    endloop
  endfacet
  facet normal 0 0 1
    outer loop
      vertex 36.5249 8.95441 2.55
      vertex 37.2302 7.57886 2.55
      vertex 37.226 7.65126 2.55
    endloop
  endfacet
  facet normal 0 0 1
    outer loop
      vertex 36.5249 8.95441 2.55
      vertex 37.226 7.65126 2.55
      vertex 37.2206 7.72781 2.55
    endloop
  endfacet
  facet normal 0 0 1
    outer loop
      vertex 36.5249 8.95441 2.55
      vertex 37.2206 7.72781 2.55
      vertex 37.2139 7.80853 2.55
    endloop
  endfacet
  facet normal 0 0 1
    outer loop
      vertex 36.5249 8.95441 2.55
      vertex 37.2139 7.80853 2.55
      vertex 37.2061 7.89339 2.55
    endloop
  endfacet
  facet normal 0 0 1
    outer loop
      vertex 36.5249 8.95441 2.55
      vertex 37.2061 7.89339 2.55
      vertex 37.1971 7.98241 2.55
    endloop
  endfacet
  facet normal 0 0 1
    outer loop
      vertex 36.5249 8.95441 2.55
      vertex 37.1971 7.98241 2.55
      vertex 37.1868 8.07558 2.55
    endloop
  endfacet
  facet normal 0 0 1
    outer loop
      vertex 37.2356 7.38657 2.55
      vertex 36.5249 8.95441 2.55
      vertex 36.5249 5.13251 2.55
    endloop
  endfacet
  facet normal 0 0 1
    outer loop
      vertex 37.2356 7.38657 2.55
      vertex 36.5249 5.13251 2.55
      vertex 37.2356 5.13251 2.55
    endloop
  endfacet
  facet normal -0 0 1
    outer loop
      vertex 24.7656 8.95441 2.55
      vertex 25.5658 5.13251 2.55
      vertex 25.5658 8.95441 2.55
    endloop
  endfacet
  facet normal 0 0 1
    outer loop
      vertex 25.5658 5.13251 2.55
      vertex 24.7656 8.95441 2.55
      vertex 24.7656 5.13251 2.55
    endloop
  endfacet
  facet normal 0 0 1
    outer loop
      vertex 60.3528 7.93437 2.55
      vertex 59.543 7.89818 2.55
      vertex 59.5517 7.78261 2.55
    endloop
  endfacet
  facet normal 0 0 1
    outer loop
      vertex 59.7034 8.82361 2.55
      vertex 59.5169 8.00015 2.55
      vertex 59.543 7.89818 2.55
    endloop
  endfacet
  facet normal 0 0 1
    outer loop
      vertex 59.3341 8.22449 2.55
      vertex 59.5938 8.86357 2.55
      vertex 59.4766 8.89627 2.55
    endloop
  endfacet
  facet normal 0 0 1
    outer loop
      vertex 59.7034 8.82361 2.55
      vertex 59.4734 8.08852 2.55
      vertex 59.5169 8.00015 2.55
    endloop
  endfacet
  facet normal 0 0 1
    outer loop
      vertex 59.7034 8.82361 2.55
      vertex 59.4124 8.1633 2.55
      vertex 59.4734 8.08852 2.55
    endloop
  endfacet
  facet normal 0 0 1
    outer loop
      vertex 59.2383 8.27206 2.55
      vertex 59.4766 8.89627 2.55
      vertex 59.3516 8.92171 2.55
    endloop
  endfacet
  facet normal 0 0 1
    outer loop
      vertex 59.7034 8.82361 2.55
      vertex 59.3341 8.22449 2.55
      vertex 59.4124 8.1633 2.55
    endloop
  endfacet
  facet normal 0 0 1
    outer loop
      vertex 59.4766 8.89627 2.55
      vertex 59.2383 8.27206 2.55
      vertex 59.3341 8.22449 2.55
    endloop
  endfacet
  facet normal 0 0 1
    outer loop
      vertex 59.1251 8.30606 2.55
      vertex 59.3516 8.92171 2.55
      vertex 59.219 8.93988 2.55
    endloop
  endfacet
  facet normal 0 0 1
    outer loop
      vertex 59.3516 8.92171 2.55
      vertex 59.1251 8.30606 2.55
      vertex 59.2383 8.27206 2.55
    endloop
  endfacet
  facet normal 0 0 1
    outer loop
      vertex 59.0786 8.95078 2.55
      vertex 59.1251 8.30606 2.55
      vertex 59.219 8.93988 2.55
    endloop
  endfacet
  facet normal 0 0 1
    outer loop
      vertex 59.0786 8.95078 2.55
      vertex 58.9945 8.32646 2.55
      vertex 59.1251 8.30606 2.55
    endloop
  endfacet
  facet normal 0 0 1
    outer loop
      vertex 58.9306 8.95441 2.55
      vertex 58.9945 8.32646 2.55
      vertex 59.0786 8.95078 2.55
    endloop
  endfacet
  facet normal 0 0 1
    outer loop
      vertex 58.9306 8.95441 2.55
      vertex 58.8465 8.33325 2.55
      vertex 58.9945 8.32646 2.55
    endloop
  endfacet
  facet normal 0 0 1
    outer loop
      vertex 58.9306 8.95441 2.55
      vertex 57.8212 8.33325 2.55
      vertex 58.8465 8.33325 2.55
    endloop
  endfacet
  facet normal 0 0 1
    outer loop
      vertex 57.021 8.95441 2.55
      vertex 57.8212 7.20485 2.55
      vertex 57.8212 8.33325 2.55
    endloop
  endfacet
  facet normal 0 0 1
    outer loop
      vertex 57.021 5.13251 2.55
      vertex 57.8212 7.20485 2.55
      vertex 57.021 8.95441 2.55
    endloop
  endfacet
  facet normal -0 0 1
    outer loop
      vertex 57.021 8.95441 2.55
      vertex 57.8212 8.33325 2.55
      vertex 58.9306 8.95441 2.55
    endloop
  endfacet
  facet normal 0 0 1
    outer loop
      vertex 57.8212 7.20485 2.55
      vertex 57.021 5.13251 2.55
      vertex 57.8212 6.58371 2.55
    endloop
  endfacet
  facet normal 0 0 1
    outer loop
      vertex 57.8212 6.58371 2.55
      vertex 57.021 5.13251 2.55
      vertex 57.8212 5.13251 2.55
    endloop
  endfacet
  facet normal 0 0 1
    outer loop
      vertex 59.5517 7.78261 2.55
      vertex 60.3574 7.81517 2.55
      vertex 60.3528 7.93437 2.55
    endloop
  endfacet
  facet normal 0 0 1
    outer loop
      vertex 60.3574 7.81517 2.55
      vertex 59.5517 7.78261 2.55
      vertex 60.3546 7.72731 2.55
    endloop
  endfacet
  facet normal 0 0 1
    outer loop
      vertex 59.543 7.89818 2.55
      vertex 60.3528 7.93437 2.55
      vertex 60.339 8.04724 2.55
    endloop
  endfacet
  facet normal 0 0 1
    outer loop
      vertex 59.5496 7.72324 2.55
      vertex 60.3546 7.72731 2.55
      vertex 59.5517 7.78261 2.55
    endloop
  endfacet
  facet normal 0 0 1
    outer loop
      vertex 59.543 7.89818 2.55
      vertex 60.339 8.04724 2.55
      vertex 60.3161 8.15378 2.55
    endloop
  endfacet
  facet normal 0 0 1
    outer loop
      vertex 60.3546 7.72731 2.55
      vertex 59.5496 7.72324 2.55
      vertex 60.3461 7.64217 2.55
    endloop
  endfacet
  facet normal 0 0 1
    outer loop
      vertex 60.3461 7.64217 2.55
      vertex 59.5496 7.72324 2.55
      vertex 60.3321 7.55972 2.55
    endloop
  endfacet
  facet normal 0 0 1
    outer loop
      vertex 59.543 7.89818 2.55
      vertex 60.3161 8.15378 2.55
      vertex 60.284 8.254 2.55
    endloop
  endfacet
  facet normal -0 0 1
    outer loop
      vertex 59.5432 7.66689 2.55
      vertex 60.3321 7.55972 2.55
      vertex 59.5496 7.72324 2.55
    endloop
  endfacet
  facet normal 0 0 1
    outer loop
      vertex 59.543 7.89818 2.55
      vertex 60.284 8.254 2.55
      vertex 60.2427 8.34787 2.55
    endloop
  endfacet
  facet normal 0 0 1
    outer loop
      vertex 60.3321 7.55972 2.55
      vertex 59.5432 7.66689 2.55
      vertex 60.3124 7.48001 2.55
    endloop
  endfacet
  facet normal 0 0 1
    outer loop
      vertex 59.543 7.89818 2.55
      vertex 60.2427 8.34787 2.55
      vertex 60.1922 8.43542 2.55
    endloop
  endfacet
  facet normal 0 0 1
    outer loop
      vertex 60.3124 7.48001 2.55
      vertex 59.5432 7.66689 2.55
      vertex 60.287 7.403 2.55
    endloop
  endfacet
  facet normal 0 0 1
    outer loop
      vertex 59.543 7.89818 2.55
      vertex 60.1922 8.43542 2.55
      vertex 60.1326 8.51665 2.55
    endloop
  endfacet
  facet normal -0 0 1
    outer loop
      vertex 59.5325 7.61353 2.55
      vertex 60.287 7.403 2.55
      vertex 59.5432 7.66689 2.55
    endloop
  endfacet
  facet normal 0 0 1
    outer loop
      vertex 60.287 7.403 2.55
      vertex 59.5325 7.61353 2.55
      vertex 60.2561 7.3287 2.55
    endloop
  endfacet
  facet normal 0 0 1
    outer loop
      vertex 59.543 7.89818 2.55
      vertex 60.1326 8.51665 2.55
      vertex 60.0638 8.59154 2.55
    endloop
  endfacet
  facet normal -0 0 1
    outer loop
      vertex 59.5175 7.5632 2.55
      vertex 60.2561 7.3287 2.55
      vertex 59.5325 7.61353 2.55
    endloop
  endfacet
  facet normal 0 0 1
    outer loop
      vertex 59.543 7.89818 2.55
      vertex 60.0638 8.59154 2.55
      vertex 59.9857 8.6601 2.55
    endloop
  endfacet
  facet normal 0 0 1
    outer loop
      vertex 60.2561 7.3287 2.55
      vertex 59.5175 7.5632 2.55
      vertex 60.2195 7.25713 2.55
    endloop
  endfacet
  facet normal 0 0 1
    outer loop
      vertex 59.543 7.89818 2.55
      vertex 59.9857 8.6601 2.55
      vertex 59.8993 8.72186 2.55
    endloop
  endfacet
  facet normal 0 0 1
    outer loop
      vertex 60.2195 7.25713 2.55
      vertex 59.5175 7.5632 2.55
      vertex 60.1773 7.18825 2.55
    endloop
  endfacet
  facet normal -0 0 1
    outer loop
      vertex 59.4982 7.51588 2.55
      vertex 60.1773 7.18825 2.55
      vertex 59.5175 7.5632 2.55
    endloop
  endfacet
  facet normal 0 0 1
    outer loop
      vertex 59.543 7.89818 2.55
      vertex 59.8993 8.72186 2.55
      vertex 59.8052 8.77637 2.55
    endloop
  endfacet
  facet normal 0 0 1
    outer loop
      vertex 60.1773 7.18825 2.55
      vertex 59.4982 7.51588 2.55
      vertex 60.1295 7.12209 2.55
    endloop
  endfacet
  facet normal 0 0 1
    outer loop
      vertex 59.543 7.89818 2.55
      vertex 59.8052 8.77637 2.55
      vertex 59.7034 8.82361 2.55
    endloop
  endfacet
  facet normal 0 0 1
    outer loop
      vertex 60.1295 7.12209 2.55
      vertex 59.4982 7.51588 2.55
      vertex 60.0769 7.05977 2.55
    endloop
  endfacet
  facet normal -0 0 1
    outer loop
      vertex 59.4746 7.47157 2.55
      vertex 60.0769 7.05977 2.55
      vertex 59.4982 7.51588 2.55
    endloop
  endfacet
  facet normal 0 0 1
    outer loop
      vertex 59.3341 8.22449 2.55
      vertex 59.7034 8.82361 2.55
      vertex 59.5938 8.86357 2.55
    endloop
  endfacet
  facet normal 0 0 1
    outer loop
      vertex 60.0769 7.05977 2.55
      vertex 59.4746 7.47157 2.55
      vertex 60.0203 7.00235 2.55
    endloop
  endfacet
  facet normal -0 0 1
    outer loop
      vertex 59.4467 7.43028 2.55
      vertex 60.0203 7.00235 2.55
      vertex 59.4746 7.47157 2.55
    endloop
  endfacet
  facet normal 0 0 1
    outer loop
      vertex 60.0203 7.00235 2.55
      vertex 59.4467 7.43028 2.55
      vertex 59.9598 6.94987 2.55
    endloop
  endfacet
  facet normal 0 0 1
    outer loop
      vertex 59.9598 6.94987 2.55
      vertex 59.4467 7.43028 2.55
      vertex 59.8954 6.90231 2.55
    endloop
  endfacet
  facet normal -0 0 1
    outer loop
      vertex 59.4146 7.392 2.55
      vertex 59.8954 6.90231 2.55
      vertex 59.4467 7.43028 2.55
    endloop
  endfacet
  facet normal 0 0 1
    outer loop
      vertex 59.8954 6.90231 2.55
      vertex 59.4146 7.392 2.55
      vertex 59.827 6.85966 2.55
    endloop
  endfacet
  facet normal 0 0 1
    outer loop
      vertex 59.827 6.85966 2.55
      vertex 59.4146 7.392 2.55
      vertex 59.7546 6.82195 2.55
    endloop
  endfacet
  facet normal 0 0 1
    outer loop
      vertex 59.5138 6.73831 2.55
      vertex 59.6467 5.13251 2.55
      vertex 60.5473 5.13251 2.55
    endloop
  endfacet
  facet normal -0 0 1
    outer loop
      vertex 59.3781 7.35674 2.55
      vertex 59.7546 6.82195 2.55
      vertex 59.4146 7.392 2.55
    endloop
  endfacet
  facet normal 0 0 1
    outer loop
      vertex 59.7546 6.82195 2.55
      vertex 59.3781 7.35674 2.55
      vertex 59.6783 6.78914 2.55
    endloop
  endfacet
  facet normal -0 0 1
    outer loop
      vertex 59.3376 7.32486 2.55
      vertex 59.6783 6.78914 2.55
      vertex 59.3781 7.35674 2.55
    endloop
  endfacet
  facet normal 0 0 1
    outer loop
      vertex 59.6783 6.78914 2.55
      vertex 59.3376 7.32486 2.55
      vertex 59.598 6.76126 2.55
    endloop
  endfacet
  facet normal -0 0 1
    outer loop
      vertex 59.293 7.29674 2.55
      vertex 59.598 6.76126 2.55
      vertex 59.3376 7.32486 2.55
    endloop
  endfacet
  facet normal 0 0 1
    outer loop
      vertex 59.598 6.76126 2.55
      vertex 59.293 7.29674 2.55
      vertex 59.5138 6.73831 2.55
    endloop
  endfacet
  facet normal -0 0 1
    outer loop
      vertex 59.2443 7.27235 2.55
      vertex 59.5138 6.73831 2.55
      vertex 59.293 7.29674 2.55
    endloop
  endfacet
  facet normal -0 0 1
    outer loop
      vertex 59.1917 7.25172 2.55
      vertex 59.5138 6.73831 2.55
      vertex 59.2443 7.27235 2.55
    endloop
  endfacet
  facet normal -0 0 1
    outer loop
      vertex 59.135 7.23485 2.55
      vertex 59.5138 6.73831 2.55
      vertex 59.1917 7.25172 2.55
    endloop
  endfacet
  facet normal -0 0 1
    outer loop
      vertex 59.0744 7.22173 2.55
      vertex 59.5138 6.73831 2.55
      vertex 59.135 7.23485 2.55
    endloop
  endfacet
  facet normal 0 0 1
    outer loop
      vertex 59.5138 6.73831 2.55
      vertex 59.0744 7.22173 2.55
      vertex 58.7597 6.58371 2.55
    endloop
  endfacet
  facet normal 0 0 1
    outer loop
      vertex 58.7597 6.58371 2.55
      vertex 59.0744 7.22173 2.55
      vertex 59.0097 7.21236 2.55
    endloop
  endfacet
  facet normal 0 0 1
    outer loop
      vertex 58.7597 6.58371 2.55
      vertex 59.0097 7.21236 2.55
      vertex 58.9409 7.20673 2.55
    endloop
  endfacet
  facet normal 0 0 1
    outer loop
      vertex 58.7597 6.58371 2.55
      vertex 58.9409 7.20673 2.55
      vertex 58.8682 7.20485 2.55
    endloop
  endfacet
  facet normal 0 0 1
    outer loop
      vertex 59.5138 6.73831 2.55
      vertex 58.7597 6.58371 2.55
      vertex 59.6467 5.13251 2.55
    endloop
  endfacet
  facet normal -0 0 1
    outer loop
      vertex 57.8212 7.20485 2.55
      vertex 58.7597 6.58371 2.55
      vertex 58.8682 7.20485 2.55
    endloop
  endfacet
  facet normal 0 0 1
    outer loop
      vertex 58.7597 6.58371 2.55
      vertex 57.8212 7.20485 2.55
      vertex 57.8212 6.58371 2.55
    endloop
  endfacet
  facet normal 0 0 1
    outer loop
      vertex 51.6134 7.93437 2.55
      vertex 50.8037 7.89818 2.55
      vertex 50.8124 7.78261 2.55
    endloop
  endfacet
  facet normal 0 0 1
    outer loop
      vertex 50.964 8.82361 2.55
      vertex 50.7775 8.00015 2.55
      vertex 50.8037 7.89818 2.55
    endloop
  endfacet
  facet normal 0 0 1
    outer loop
      vertex 50.5947 8.22449 2.55
      vertex 50.8544 8.86357 2.55
      vertex 50.7372 8.89627 2.55
    endloop
  endfacet
  facet normal 0 0 1
    outer loop
      vertex 50.964 8.82361 2.55
      vertex 50.734 8.08852 2.55
      vertex 50.7775 8.00015 2.55
    endloop
  endfacet
  facet normal 0 0 1
    outer loop
      vertex 50.964 8.82361 2.55
      vertex 50.6731 8.1633 2.55
      vertex 50.734 8.08852 2.55
    endloop
  endfacet
  facet normal 0 0 1
    outer loop
      vertex 50.4989 8.27206 2.55
      vertex 50.7372 8.89627 2.55
      vertex 50.6123 8.92171 2.55
    endloop
  endfacet
  facet normal 0 0 1
    outer loop
      vertex 50.964 8.82361 2.55
      vertex 50.5947 8.22449 2.55
      vertex 50.6731 8.1633 2.55
    endloop
  endfacet
  facet normal 0 0 1
    outer loop
      vertex 50.7372 8.89627 2.55
      vertex 50.4989 8.27206 2.55
      vertex 50.5947 8.22449 2.55
    endloop
  endfacet
  facet normal 0 0 1
    outer loop
      vertex 50.3857 8.30606 2.55
      vertex 50.6123 8.92171 2.55
      vertex 50.4796 8.93988 2.55
    endloop
  endfacet
  facet normal 0 0 1
    outer loop
      vertex 50.6123 8.92171 2.55
      vertex 50.3857 8.30606 2.55
      vertex 50.4989 8.27206 2.55
    endloop
  endfacet
  facet normal 0 0 1
    outer loop
      vertex 50.3393 8.95078 2.55
      vertex 50.3857 8.30606 2.55
      vertex 50.4796 8.93988 2.55
    endloop
  endfacet
  facet normal 0 0 1
    outer loop
      vertex 50.3393 8.95078 2.55
      vertex 50.2551 8.32646 2.55
      vertex 50.3857 8.30606 2.55
    endloop
  endfacet
  facet normal 0 0 1
    outer loop
      vertex 50.1912 8.95441 2.55
      vertex 50.2551 8.32646 2.55
      vertex 50.3393 8.95078 2.55
    endloop
  endfacet
  facet normal 0 0 1
    outer loop
      vertex 50.1912 8.95441 2.55
      vertex 50.1071 8.33325 2.55
      vertex 50.2551 8.32646 2.55
    endloop
  endfacet
  facet normal 0 0 1
    outer loop
      vertex 50.1912 8.95441 2.55
      vertex 49.0818 8.33325 2.55
      vertex 50.1071 8.33325 2.55
    endloop
  endfacet
  facet normal 0 0 1
    outer loop
      vertex 48.2816 8.95441 2.55
      vertex 49.0818 7.20485 2.55
      vertex 49.0818 8.33325 2.55
    endloop
  endfacet
  facet normal 0 0 1
    outer loop
      vertex 48.2816 5.13251 2.55
      vertex 49.0818 7.20485 2.55
      vertex 48.2816 8.95441 2.55
    endloop
  endfacet
  facet normal -0 0 1
    outer loop
      vertex 48.2816 8.95441 2.55
      vertex 49.0818 8.33325 2.55
      vertex 50.1912 8.95441 2.55
    endloop
  endfacet
  facet normal 0 0 1
    outer loop
      vertex 49.0818 7.20485 2.55
      vertex 48.2816 5.13251 2.55
      vertex 49.0818 6.58371 2.55
    endloop
  endfacet
  facet normal 0 0 1
    outer loop
      vertex 49.0818 6.58371 2.55
      vertex 48.2816 5.13251 2.55
      vertex 49.0818 5.13251 2.55
    endloop
  endfacet
  facet normal 0 0 1
    outer loop
      vertex 50.8124 7.78261 2.55
      vertex 51.618 7.81517 2.55
      vertex 51.6134 7.93437 2.55
    endloop
  endfacet
  facet normal 0 0 1
    outer loop
      vertex 51.618 7.81517 2.55
      vertex 50.8124 7.78261 2.55
      vertex 51.6152 7.72731 2.55
    endloop
  endfacet
  facet normal 0 0 1
    outer loop
      vertex 50.8037 7.89818 2.55
      vertex 51.6134 7.93437 2.55
      vertex 51.5997 8.04724 2.55
    endloop
  endfacet
  facet normal 0 0 1
    outer loop
      vertex 50.8102 7.72324 2.55
      vertex 51.6152 7.72731 2.55
      vertex 50.8124 7.78261 2.55
    endloop
  endfacet
  facet normal 0 0 1
    outer loop
      vertex 50.8037 7.89818 2.55
      vertex 51.5997 8.04724 2.55
      vertex 51.5767 8.15378 2.55
    endloop
  endfacet
  facet normal 0 0 1
    outer loop
      vertex 51.6152 7.72731 2.55
      vertex 50.8102 7.72324 2.55
      vertex 51.6068 7.64217 2.55
    endloop
  endfacet
  facet normal 0 0 1
    outer loop
      vertex 51.6068 7.64217 2.55
      vertex 50.8102 7.72324 2.55
      vertex 51.5927 7.55972 2.55
    endloop
  endfacet
  facet normal 0 0 1
    outer loop
      vertex 50.8037 7.89818 2.55
      vertex 51.5767 8.15378 2.55
      vertex 51.5446 8.254 2.55
    endloop
  endfacet
  facet normal -0 0 1
    outer loop
      vertex 50.8038 7.66689 2.55
      vertex 51.5927 7.55972 2.55
      vertex 50.8102 7.72324 2.55
    endloop
  endfacet
  facet normal 0 0 1
    outer loop
      vertex 50.8037 7.89818 2.55
      vertex 51.5446 8.254 2.55
      vertex 51.5033 8.34787 2.55
    endloop
  endfacet
  facet normal 0 0 1
    outer loop
      vertex 51.5927 7.55972 2.55
      vertex 50.8038 7.66689 2.55
      vertex 51.573 7.48001 2.55
    endloop
  endfacet
  facet normal 0 0 1
    outer loop
      vertex 50.8037 7.89818 2.55
      vertex 51.5033 8.34787 2.55
      vertex 51.4528 8.43542 2.55
    endloop
  endfacet
  facet normal 0 0 1
    outer loop
      vertex 51.573 7.48001 2.55
      vertex 50.8038 7.66689 2.55
      vertex 51.5477 7.403 2.55
    endloop
  endfacet
  facet normal 0 0 1
    outer loop
      vertex 50.8037 7.89818 2.55
      vertex 51.4528 8.43542 2.55
      vertex 51.3932 8.51665 2.55
    endloop
  endfacet
  facet normal -0 0 1
    outer loop
      vertex 50.7931 7.61353 2.55
      vertex 51.5477 7.403 2.55
      vertex 50.8038 7.66689 2.55
    endloop
  endfacet
  facet normal 0 0 1
    outer loop
      vertex 51.5477 7.403 2.55
      vertex 50.7931 7.61353 2.55
      vertex 51.5167 7.3287 2.55
    endloop
  endfacet
  facet normal 0 0 1
    outer loop
      vertex 50.8037 7.89818 2.55
      vertex 51.3932 8.51665 2.55
      vertex 51.3244 8.59154 2.55
    endloop
  endfacet
  facet normal -0 0 1
    outer loop
      vertex 50.7781 7.5632 2.55
      vertex 51.5167 7.3287 2.55
      vertex 50.7931 7.61353 2.55
    endloop
  endfacet
  facet normal 0 0 1
    outer loop
      vertex 50.8037 7.89818 2.55
      vertex 51.3244 8.59154 2.55
      vertex 51.2464 8.6601 2.55
    endloop
  endfacet
  facet normal 0 0 1
    outer loop
      vertex 51.5167 7.3287 2.55
      vertex 50.7781 7.5632 2.55
      vertex 51.4802 7.25713 2.55
    endloop
  endfacet
  facet normal 0 0 1
    outer loop
      vertex 50.8037 7.89818 2.55
      vertex 51.2464 8.6601 2.55
      vertex 51.1599 8.72186 2.55
    endloop
  endfacet
  facet normal 0 0 1
    outer loop
      vertex 51.4802 7.25713 2.55
      vertex 50.7781 7.5632 2.55
      vertex 51.438 7.18825 2.55
    endloop
  endfacet
  facet normal -0 0 1
    outer loop
      vertex 50.7588 7.51588 2.55
      vertex 51.438 7.18825 2.55
      vertex 50.7781 7.5632 2.55
    endloop
  endfacet
  facet normal 0 0 1
    outer loop
      vertex 50.8037 7.89818 2.55
      vertex 51.1599 8.72186 2.55
      vertex 51.0658 8.77637 2.55
    endloop
  endfacet
  facet normal 0 0 1
    outer loop
      vertex 51.438 7.18825 2.55
      vertex 50.7588 7.51588 2.55
      vertex 51.3901 7.12209 2.55
    endloop
  endfacet
  facet normal 0 0 1
    outer loop
      vertex 50.8037 7.89818 2.55
      vertex 51.0658 8.77637 2.55
      vertex 50.964 8.82361 2.55
    endloop
  endfacet
  facet normal 0 0 1
    outer loop
      vertex 51.3901 7.12209 2.55
      vertex 50.7588 7.51588 2.55
      vertex 51.3375 7.05977 2.55
    endloop
  endfacet
  facet normal -0 0 1
    outer loop
      vertex 50.7352 7.47157 2.55
      vertex 51.3375 7.05977 2.55
      vertex 50.7588 7.51588 2.55
    endloop
  endfacet
  facet normal 0 0 1
    outer loop
      vertex 50.5947 8.22449 2.55
      vertex 50.964 8.82361 2.55
      vertex 50.8544 8.86357 2.55
    endloop
  endfacet
  facet normal 0 0 1
    outer loop
      vertex 51.3375 7.05977 2.55
      vertex 50.7352 7.47157 2.55
      vertex 51.281 7.00235 2.55
    endloop
  endfacet
  facet normal -0 0 1
    outer loop
      vertex 50.7074 7.43028 2.55
      vertex 51.281 7.00235 2.55
      vertex 50.7352 7.47157 2.55
    endloop
  endfacet
  facet normal 0 0 1
    outer loop
      vertex 51.281 7.00235 2.55
      vertex 50.7074 7.43028 2.55
      vertex 51.2205 6.94987 2.55
    endloop
  endfacet
  facet normal 0 0 1
    outer loop
      vertex 51.2205 6.94987 2.55
      vertex 50.7074 7.43028 2.55
      vertex 51.156 6.90231 2.55
    endloop
  endfacet
  facet normal -0 0 1
    outer loop
      vertex 50.6752 7.392 2.55
      vertex 51.156 6.90231 2.55
      vertex 50.7074 7.43028 2.55
    endloop
  endfacet
  facet normal 0 0 1
    outer loop
      vertex 51.156 6.90231 2.55
      vertex 50.6752 7.392 2.55
      vertex 51.0876 6.85966 2.55
    endloop
  endfacet
  facet normal 0 0 1
    outer loop
      vertex 51.0876 6.85966 2.55
      vertex 50.6752 7.392 2.55
      vertex 51.0152 6.82195 2.55
    endloop
  endfacet
  facet normal 0 0 1
    outer loop
      vertex 50.7744 6.73831 2.55
      vertex 50.9073 5.13251 2.55
      vertex 51.8079 5.13251 2.55
    endloop
  endfacet
  facet normal -0 0 1
    outer loop
      vertex 50.6388 7.35674 2.55
      vertex 51.0152 6.82195 2.55
      vertex 50.6752 7.392 2.55
    endloop
  endfacet
  facet normal 0 0 1
    outer loop
      vertex 51.0152 6.82195 2.55
      vertex 50.6388 7.35674 2.55
      vertex 50.9389 6.78914 2.55
    endloop
  endfacet
  facet normal -0 0 1
    outer loop
      vertex 50.5982 7.32486 2.55
      vertex 50.9389 6.78914 2.55
      vertex 50.6388 7.35674 2.55
    endloop
  endfacet
  facet normal 0 0 1
    outer loop
      vertex 50.9389 6.78914 2.55
      vertex 50.5982 7.32486 2.55
      vertex 50.8586 6.76126 2.55
    endloop
  endfacet
  facet normal -0 0 1
    outer loop
      vertex 50.5536 7.29674 2.55
      vertex 50.8586 6.76126 2.55
      vertex 50.5982 7.32486 2.55
    endloop
  endfacet
  facet normal 0 0 1
    outer loop
      vertex 50.8586 6.76126 2.55
      vertex 50.5536 7.29674 2.55
      vertex 50.7744 6.73831 2.55
    endloop
  endfacet
  facet normal -0 0 1
    outer loop
      vertex 50.505 7.27235 2.55
      vertex 50.7744 6.73831 2.55
      vertex 50.5536 7.29674 2.55
    endloop
  endfacet
  facet normal -0 0 1
    outer loop
      vertex 50.4523 7.25172 2.55
      vertex 50.7744 6.73831 2.55
      vertex 50.505 7.27235 2.55
    endloop
  endfacet
  facet normal -0 0 1
    outer loop
      vertex 50.3957 7.23485 2.55
      vertex 50.7744 6.73831 2.55
      vertex 50.4523 7.25172 2.55
    endloop
  endfacet
  facet normal -0 0 1
    outer loop
      vertex 50.335 7.22173 2.55
      vertex 50.7744 6.73831 2.55
      vertex 50.3957 7.23485 2.55
    endloop
  endfacet
  facet normal 0 0 1
    outer loop
      vertex 50.7744 6.73831 2.55
      vertex 50.335 7.22173 2.55
      vertex 50.0203 6.58371 2.55
    endloop
  endfacet
  facet normal 0 0 1
    outer loop
      vertex 50.0203 6.58371 2.55
      vertex 50.335 7.22173 2.55
      vertex 50.2703 7.21236 2.55
    endloop
  endfacet
  facet normal 0 0 1
    outer loop
      vertex 50.0203 6.58371 2.55
      vertex 50.2703 7.21236 2.55
      vertex 50.2016 7.20673 2.55
    endloop
  endfacet
  facet normal 0 0 1
    outer loop
      vertex 50.0203 6.58371 2.55
      vertex 50.2016 7.20673 2.55
      vertex 50.1288 7.20485 2.55
    endloop
  endfacet
  facet normal 0 0 1
    outer loop
      vertex 50.7744 6.73831 2.55
      vertex 50.0203 6.58371 2.55
      vertex 50.9073 5.13251 2.55
    endloop
  endfacet
  facet normal -0 0 1
    outer loop
      vertex 49.0818 7.20485 2.55
      vertex 50.0203 6.58371 2.55
      vertex 50.1288 7.20485 2.55
    endloop
  endfacet
  facet normal 0 0 1
    outer loop
      vertex 50.0203 6.58371 2.55
      vertex 49.0818 7.20485 2.55
      vertex 49.0818 6.58371 2.55
    endloop
  endfacet
  facet normal 0 0 1
    outer loop
      vertex 56.669 8.95441 2.55
      vertex 55.4321 8.33597 2.55
      vertex 56.669 8.33597 2.55
    endloop
  endfacet
  facet normal 0 0 1
    outer loop
      vertex 55.4321 8.33597 2.55
      vertex 54.6319 8.33597 2.55
      vertex 55.4321 5.13251 2.55
    endloop
  endfacet
  facet normal 0 0 1
    outer loop
      vertex 56.669 8.95441 2.55
      vertex 54.6319 8.33597 2.55
      vertex 55.4321 8.33597 2.55
    endloop
  endfacet
  facet normal -0 0 1
    outer loop
      vertex 53.3978 8.95441 2.55
      vertex 54.6319 8.33597 2.55
      vertex 56.669 8.95441 2.55
    endloop
  endfacet
  facet normal 0 0 1
    outer loop
      vertex 54.6319 8.33597 2.55
      vertex 53.3978 8.95441 2.55
      vertex 53.3978 8.33597 2.55
    endloop
  endfacet
  facet normal 0 0 1
    outer loop
      vertex 55.4321 5.13251 2.55
      vertex 54.6319 8.33597 2.55
      vertex 54.6319 5.13251 2.55
    endloop
  endfacet
  facet normal 0.0666396 -0.997777 0
    outer loop
      vertex 30.9401 5.08194 2
      vertex 31.1048 5.09294 2.55
      vertex 30.9401 5.08194 2.55
    endloop
  endfacet
  facet normal 0.0666396 -0.997777 0
    outer loop
      vertex 31.1048 5.09294 2.55
      vertex 30.9401 5.08194 2
      vertex 31.1048 5.09294 2
    endloop
  endfacet
  facet normal 0.117514 -0.993071 0
    outer loop
      vertex 31.1048 5.09294 2
      vertex 31.2597 5.11127 2.55
      vertex 31.1048 5.09294 2.55
    endloop
  endfacet
  facet normal 0.117514 -0.993071 0
    outer loop
      vertex 31.2597 5.11127 2.55
      vertex 31.1048 5.09294 2
      vertex 31.2597 5.11127 2
    endloop
  endfacet
  facet normal 0.173793 -0.984782 0
    outer loop
      vertex 31.2597 5.11127 2
      vertex 31.4051 5.13693 2.55
      vertex 31.2597 5.11127 2.55
    endloop
  endfacet
  facet normal 0.173793 -0.984782 0
    outer loop
      vertex 31.4051 5.13693 2.55
      vertex 31.2597 5.11127 2
      vertex 31.4051 5.13693 2
    endloop
  endfacet
  facet normal 0.2362 -0.971704 0
    outer loop
      vertex 31.4051 5.13693 2
      vertex 31.5409 5.16994 2.55
      vertex 31.4051 5.13693 2.55
    endloop
  endfacet
  facet normal 0.2362 -0.971704 0
    outer loop
      vertex 31.5409 5.16994 2.55
      vertex 31.4051 5.13693 2
      vertex 31.5409 5.16994 2
    endloop
  endfacet
  facet normal 0.304406 -0.952542 0
    outer loop
      vertex 31.5409 5.16994 2
      vertex 31.6671 5.21027 2.55
      vertex 31.5409 5.16994 2.55
    endloop
  endfacet
  facet normal 0.304406 -0.952542 0
    outer loop
      vertex 31.6671 5.21027 2.55
      vertex 31.5409 5.16994 2
      vertex 31.6671 5.21027 2
    endloop
  endfacet
  facet normal 0.378639 -0.925544 0
    outer loop
      vertex 31.6671 5.21027 2
      vertex 31.7836 5.25793 2.55
      vertex 31.6671 5.21027 2.55
    endloop
  endfacet
  facet normal 0.378639 -0.925544 0
    outer loop
      vertex 31.7836 5.25793 2.55
      vertex 31.6671 5.21027 2
      vertex 31.7836 5.25793 2
    endloop
  endfacet
  facet normal 0.457498 -0.88921 0
    outer loop
      vertex 31.7836 5.25793 2
      vertex 31.8905 5.31293 2.55
      vertex 31.7836 5.25793 2.55
    endloop
  endfacet
  facet normal 0.457498 -0.88921 0
    outer loop
      vertex 31.8905 5.31293 2.55
      vertex 31.7836 5.25793 2
      vertex 31.8905 5.31293 2
    endloop
  endfacet
  facet normal 0.539078 -0.842256 0
    outer loop
      vertex 31.8905 5.31293 2
      vertex 31.9879 5.37527 2.55
      vertex 31.8905 5.31293 2.55
    endloop
  endfacet
  facet normal 0.539078 -0.842256 0
    outer loop
      vertex 31.9879 5.37527 2.55
      vertex 31.8905 5.31293 2
      vertex 31.9879 5.37527 2
    endloop
  endfacet
  facet normal 0.62108 -0.783748 0
    outer loop
      vertex 31.9879 5.37527 2
      vertex 32.0753 5.44453 2.55
      vertex 31.9879 5.37527 2.55
    endloop
  endfacet
  facet normal 0.62108 -0.783748 0
    outer loop
      vertex 32.0753 5.44453 2.55
      vertex 31.9879 5.37527 2
      vertex 32.0753 5.44453 2
    endloop
  endfacet
  facet normal 0.701116 -0.713047 0
    outer loop
      vertex 32.0753 5.44453 2
      vertex 32.1524 5.52034 2.55
      vertex 32.0753 5.44453 2.55
    endloop
  endfacet
  facet normal 0.701116 -0.713047 0
    outer loop
      vertex 32.1524 5.52034 2.55
      vertex 32.0753 5.44453 2
      vertex 32.1524 5.52034 2
    endloop
  endfacet
  facet normal 0.776581 -0.630017 0
    outer loop
      vertex 32.1524 5.52034 2.55
      vertex 32.2192 5.60268 2
      vertex 32.2192 5.60268 2.55
    endloop
  endfacet
  facet normal 0.776581 -0.630017 0
    outer loop
      vertex 32.2192 5.60268 2
      vertex 32.1524 5.52034 2.55
      vertex 32.1524 5.52034 2
    endloop
  endfacet
  facet normal 0.843435 -0.537232 0
    outer loop
      vertex 32.2192 5.60268 2.55
      vertex 32.2758 5.69154 2
      vertex 32.2758 5.69154 2.55
    endloop
  endfacet
  facet normal 0.843435 -0.537232 0
    outer loop
      vertex 32.2758 5.69154 2
      vertex 32.2192 5.60268 2.55
      vertex 32.2192 5.60268 2
    endloop
  endfacet
  facet normal 0.899998 -0.435894 0
    outer loop
      vertex 32.2758 5.69154 2.55
      vertex 32.322 5.78693 2
      vertex 32.322 5.78693 2.55
    endloop
  endfacet
  facet normal 0.899998 -0.435894 0
    outer loop
      vertex 32.322 5.78693 2
      vertex 32.2758 5.69154 2.55
      vertex 32.2758 5.69154 2
    endloop
  endfacet
  facet normal 0.942908 -0.333052 0
    outer loop
      vertex 32.322 5.78693 2.55
      vertex 32.358 5.88885 2
      vertex 32.358 5.88885 2.55
    endloop
  endfacet
  facet normal 0.942908 -0.333052 0
    outer loop
      vertex 32.358 5.88885 2
      vertex 32.322 5.78693 2.55
      vertex 32.322 5.78693 2
    endloop
  endfacet
  facet normal 0.973051 -0.230589 0
    outer loop
      vertex 32.358 5.88885 2.55
      vertex 32.3837 5.9973 2
      vertex 32.3837 5.9973 2.55
    endloop
  endfacet
  facet normal 0.973051 -0.230589 0
    outer loop
      vertex 32.3837 5.9973 2
      vertex 32.358 5.88885 2.55
      vertex 32.358 5.88885 2
    endloop
  endfacet
  facet normal 0.991148 -0.132762 0
    outer loop
      vertex 32.3837 5.9973 2.55
      vertex 32.3991 6.11227 2
      vertex 32.3991 6.11227 2.55
    endloop
  endfacet
  facet normal 0.991148 -0.132762 0
    outer loop
      vertex 32.3991 6.11227 2
      vertex 32.3837 5.9973 2.55
      vertex 32.3837 5.9973 2
    endloop
  endfacet
  facet normal 0.999086 -0.0427487 0
    outer loop
      vertex 32.3991 6.11227 2.55
      vertex 32.4043 6.2338 2
      vertex 32.4043 6.2338 2.55
    endloop
  endfacet
  facet normal 0.999086 -0.0427487 0
    outer loop
      vertex 32.4043 6.2338 2
      vertex 32.3991 6.11227 2.55
      vertex 32.3991 6.11227 2
    endloop
  endfacet
  facet normal 0.999852 0.0171894 0
    outer loop
      vertex 32.4043 6.2338 2.55
      vertex 32.4034 6.28615 2
      vertex 32.4034 6.28615 2.55
    endloop
  endfacet
  facet normal 0.999852 0.0171894 0
    outer loop
      vertex 32.4034 6.28615 2
      vertex 32.4043 6.2338 2.55
      vertex 32.4043 6.2338 2
    endloop
  endfacet
  facet normal 0.9986 0.0528878 0
    outer loop
      vertex 32.4034 6.28615 2.55
      vertex 32.4007 6.33713 2
      vertex 32.4007 6.33713 2.55
    endloop
  endfacet
  facet normal 0.9986 0.0528878 0
    outer loop
      vertex 32.4007 6.33713 2
      vertex 32.4034 6.28615 2.55
      vertex 32.4034 6.28615 2
    endloop
  endfacet
  facet normal 0.995727 0.0923457 0
    outer loop
      vertex 32.4007 6.33713 2.55
      vertex 32.3961 6.38673 2
      vertex 32.3961 6.38673 2.55
    endloop
  endfacet
  facet normal 0.995727 0.0923457 0
    outer loop
      vertex 32.3961 6.38673 2
      vertex 32.4007 6.33713 2.55
      vertex 32.4007 6.33713 2
    endloop
  endfacet
  facet normal 0.99158 0.129497 0
    outer loop
      vertex 32.3961 6.38673 2.55
      vertex 32.3898 6.43497 2
      vertex 32.3898 6.43497 2.55
    endloop
  endfacet
  facet normal 0.99158 0.129497 0
    outer loop
      vertex 32.3898 6.43497 2
      vertex 32.3961 6.38673 2.55
      vertex 32.3961 6.38673 2
    endloop
  endfacet
  facet normal 0.985387 0.170329 0
    outer loop
      vertex 32.3898 6.43497 2.55
      vertex 32.3817 6.48183 2
      vertex 32.3817 6.48183 2.55
    endloop
  endfacet
  facet normal 0.985387 0.170329 0
    outer loop
      vertex 32.3817 6.48183 2
      vertex 32.3898 6.43497 2.55
      vertex 32.3898 6.43497 2
    endloop
  endfacet
  facet normal 0.97667 0.214747 0
    outer loop
      vertex 32.3817 6.48183 2.55
      vertex 32.3717 6.52731 2
      vertex 32.3717 6.52731 2.55
    endloop
  endfacet
  facet normal 0.97667 0.214747 0
    outer loop
      vertex 32.3717 6.52731 2
      vertex 32.3817 6.48183 2.55
      vertex 32.3817 6.48183 2
    endloop
  endfacet
  facet normal 0.96659 0.256326 0
    outer loop
      vertex 32.3717 6.52731 2.55
      vertex 32.36 6.57143 2
      vertex 32.36 6.57143 2.55
    endloop
  endfacet
  facet normal 0.96659 0.256326 0
    outer loop
      vertex 32.36 6.57143 2
      vertex 32.3717 6.52731 2.55
      vertex 32.3717 6.52731 2
    endloop
  endfacet
  facet normal 0.95294 0.303158 0
    outer loop
      vertex 32.36 6.57143 2.55
      vertex 32.3464 6.61418 2
      vertex 32.3464 6.61418 2.55
    endloop
  endfacet
  facet normal 0.95294 0.303158 0
    outer loop
      vertex 32.3464 6.61418 2
      vertex 32.36 6.57143 2.55
      vertex 32.36 6.57143 2
    endloop
  endfacet
  facet normal 0.937174 0.348863 0
    outer loop
      vertex 32.3464 6.61418 2.55
      vertex 32.331 6.65555 2
      vertex 32.331 6.65555 2.55
    endloop
  endfacet
  facet normal 0.937174 0.348863 0
    outer loop
      vertex 32.331 6.65555 2
      vertex 32.3464 6.61418 2.55
      vertex 32.3464 6.61418 2
    endloop
  endfacet
  facet normal 0.920507 0.390727 0
    outer loop
      vertex 32.331 6.65555 2.55
      vertex 32.314 6.6956 2
      vertex 32.314 6.6956 2.55
    endloop
  endfacet
  facet normal 0.920507 0.390727 0
    outer loop
      vertex 32.314 6.6956 2
      vertex 32.331 6.65555 2.55
      vertex 32.331 6.65555 2
    endloop
  endfacet
  facet normal 0.90079 0.434255 0
    outer loop
      vertex 32.314 6.6956 2.55
      vertex 32.2953 6.73439 2
      vertex 32.2953 6.73439 2.55
    endloop
  endfacet
  facet normal 0.90079 0.434255 0
    outer loop
      vertex 32.2953 6.73439 2
      vertex 32.314 6.6956 2.55
      vertex 32.314 6.6956 2
    endloop
  endfacet
  facet normal 0.879468 0.475958 0
    outer loop
      vertex 32.2953 6.73439 2.55
      vertex 32.275 6.7719 2
      vertex 32.275 6.7719 2.55
    endloop
  endfacet
  facet normal 0.879468 0.475958 0
    outer loop
      vertex 32.275 6.7719 2
      vertex 32.2953 6.73439 2.55
      vertex 32.2953 6.73439 2
    endloop
  endfacet
  facet normal 0.855863 0.517202 0
    outer loop
      vertex 32.275 6.7719 2.55
      vertex 32.2531 6.80814 2
      vertex 32.2531 6.80814 2.55
    endloop
  endfacet
  facet normal 0.855863 0.517202 0
    outer loop
      vertex 32.2531 6.80814 2
      vertex 32.275 6.7719 2.55
      vertex 32.275 6.7719 2
    endloop
  endfacet
  facet normal 0.829852 0.557983 0
    outer loop
      vertex 32.2531 6.80814 2.55
      vertex 32.2296 6.84309 2
      vertex 32.2296 6.84309 2.55
    endloop
  endfacet
  facet normal 0.829852 0.557983 0
    outer loop
      vertex 32.2296 6.84309 2
      vertex 32.2531 6.80814 2.55
      vertex 32.2531 6.80814 2
    endloop
  endfacet
  facet normal 0.801995 0.597331 0
    outer loop
      vertex 32.2296 6.84309 2.55
      vertex 32.2045 6.87679 2
      vertex 32.2045 6.87679 2.55
    endloop
  endfacet
  facet normal 0.801995 0.597331 0
    outer loop
      vertex 32.2045 6.87679 2
      vertex 32.2296 6.84309 2.55
      vertex 32.2296 6.84309 2
    endloop
  endfacet
  facet normal 0.770749 0.637139 0
    outer loop
      vertex 32.2045 6.87679 2.55
      vertex 32.1777 6.90921 2
      vertex 32.1777 6.90921 2.55
    endloop
  endfacet
  facet normal 0.770749 0.637139 0
    outer loop
      vertex 32.1777 6.90921 2
      vertex 32.2045 6.87679 2.55
      vertex 32.2045 6.87679 2
    endloop
  endfacet
  facet normal 0.740048 0.672554 0
    outer loop
      vertex 32.1777 6.90921 2.55
      vertex 32.1494 6.94035 2
      vertex 32.1494 6.94035 2.55
    endloop
  endfacet
  facet normal 0.740048 0.672554 0
    outer loop
      vertex 32.1494 6.94035 2
      vertex 32.1777 6.90921 2.55
      vertex 32.1777 6.90921 2
    endloop
  endfacet
  facet normal 0.705688 0.708522 -0
    outer loop
      vertex 32.1494 6.94035 2
      vertex 32.1194 6.97023 2.55
      vertex 32.1494 6.94035 2.55
    endloop
  endfacet
  facet normal 0.705688 0.708522 0
    outer loop
      vertex 32.1194 6.97023 2.55
      vertex 32.1494 6.94035 2
      vertex 32.1194 6.97023 2
    endloop
  endfacet
  facet normal 0.670377 0.742021 -0
    outer loop
      vertex 32.1194 6.97023 2
      vertex 32.0875 6.99905 2.55
      vertex 32.1194 6.97023 2.55
    endloop
  endfacet
  facet normal 0.670377 0.742021 0
    outer loop
      vertex 32.0875 6.99905 2.55
      vertex 32.1194 6.97023 2
      vertex 32.0875 6.99905 2
    endloop
  endfacet
  facet normal 0.631543 0.775341 -0
    outer loop
      vertex 32.0875 6.99905 2
      vertex 32.0531 7.02707 2.55
      vertex 32.0875 6.99905 2.55
    endloop
  endfacet
  facet normal 0.631543 0.775341 0
    outer loop
      vertex 32.0531 7.02707 2.55
      vertex 32.0875 6.99905 2
      vertex 32.0531 7.02707 2
    endloop
  endfacet
  facet normal 0.593913 0.804529 -0
    outer loop
      vertex 32.0531 7.02707 2
      vertex 32.0162 7.05431 2.55
      vertex 32.0531 7.02707 2.55
    endloop
  endfacet
  facet normal 0.593913 0.804529 0
    outer loop
      vertex 32.0162 7.05431 2.55
      vertex 32.0531 7.02707 2
      vertex 32.0162 7.05431 2
    endloop
  endfacet
  facet normal 0.557767 0.829998 -0
    outer loop
      vertex 32.0162 7.05431 2
      vertex 31.9769 7.08072 2.55
      vertex 32.0162 7.05431 2.55
    endloop
  endfacet
  facet normal 0.557767 0.829998 0
    outer loop
      vertex 31.9769 7.08072 2.55
      vertex 32.0162 7.05431 2
      vertex 31.9769 7.08072 2
    endloop
  endfacet
  facet normal 0.523482 0.852037 -0
    outer loop
      vertex 31.9769 7.08072 2
      vertex 31.9352 7.10634 2.55
      vertex 31.9769 7.08072 2.55
    endloop
  endfacet
  facet normal 0.523482 0.852037 0
    outer loop
      vertex 31.9352 7.10634 2.55
      vertex 31.9769 7.08072 2
      vertex 31.9352 7.10634 2
    endloop
  endfacet
  facet normal 0.489474 0.872018 -0
    outer loop
      vertex 31.9352 7.10634 2
      vertex 31.891 7.13115 2.55
      vertex 31.9352 7.10634 2.55
    endloop
  endfacet
  facet normal 0.489474 0.872018 0
    outer loop
      vertex 31.891 7.13115 2.55
      vertex 31.9352 7.10634 2
      vertex 31.891 7.13115 2
    endloop
  endfacet
  facet normal 0.458167 0.888866 -0
    outer loop
      vertex 31.891 7.13115 2
      vertex 31.8444 7.15517 2.55
      vertex 31.891 7.13115 2.55
    endloop
  endfacet
  facet normal 0.458167 0.888866 0
    outer loop
      vertex 31.8444 7.15517 2.55
      vertex 31.891 7.13115 2
      vertex 31.8444 7.15517 2
    endloop
  endfacet
  facet normal 0.427366 0.904079 -0
    outer loop
      vertex 31.8444 7.15517 2
      vertex 31.7953 7.17838 2.55
      vertex 31.8444 7.15517 2.55
    endloop
  endfacet
  facet normal 0.427366 0.904079 0
    outer loop
      vertex 31.7953 7.17838 2.55
      vertex 31.8444 7.15517 2
      vertex 31.7953 7.17838 2
    endloop
  endfacet
  facet normal 0.398856 0.917013 -0
    outer loop
      vertex 31.7953 7.17838 2
      vertex 31.7438 7.20078 2.55
      vertex 31.7953 7.17838 2.55
    endloop
  endfacet
  facet normal 0.398856 0.917013 0
    outer loop
      vertex 31.7438 7.20078 2.55
      vertex 31.7953 7.17838 2
      vertex 31.7438 7.20078 2
    endloop
  endfacet
  facet normal 0.365286 0.930895 -0
    outer loop
      vertex 31.7438 7.20078 2
      vertex 31.6872 7.22299 2.55
      vertex 31.7438 7.20078 2.55
    endloop
  endfacet
  facet normal 0.365286 0.930895 0
    outer loop
      vertex 31.6872 7.22299 2.55
      vertex 31.7438 7.20078 2
      vertex 31.6872 7.22299 2
    endloop
  endfacet
  facet normal 0.331786 0.943355 -0
    outer loop
      vertex 31.6872 7.22299 2
      vertex 31.6228 7.24564 2.55
      vertex 31.6872 7.22299 2.55
    endloop
  endfacet
  facet normal 0.331786 0.943355 0
    outer loop
      vertex 31.6228 7.24564 2.55
      vertex 31.6872 7.22299 2
      vertex 31.6228 7.24564 2
    endloop
  endfacet
  facet normal 0.305111 0.952317 -0
    outer loop
      vertex 31.6228 7.24564 2
      vertex 31.5507 7.26874 2.55
      vertex 31.6228 7.24564 2.55
    endloop
  endfacet
  facet normal 0.305111 0.952317 0
    outer loop
      vertex 31.5507 7.26874 2.55
      vertex 31.6228 7.24564 2
      vertex 31.5507 7.26874 2
    endloop
  endfacet
  facet normal 0.282602 0.959237 -0
    outer loop
      vertex 31.5507 7.26874 2
      vertex 31.4709 7.29225 2.55
      vertex 31.5507 7.26874 2.55
    endloop
  endfacet
  facet normal 0.282602 0.959237 0
    outer loop
      vertex 31.4709 7.29225 2.55
      vertex 31.5507 7.26874 2
      vertex 31.4709 7.29225 2
    endloop
  endfacet
  facet normal 0.264208 0.964466 -0
    outer loop
      vertex 31.4709 7.29225 2
      vertex 31.3834 7.31622 2.55
      vertex 31.4709 7.29225 2.55
    endloop
  endfacet
  facet normal 0.264208 0.964466 0
    outer loop
      vertex 31.3834 7.31622 2.55
      vertex 31.4709 7.29225 2
      vertex 31.3834 7.31622 2
    endloop
  endfacet
  facet normal 0.247938 0.968776 -0
    outer loop
      vertex 31.3834 7.31622 2
      vertex 31.2881 7.34061 2.55
      vertex 31.3834 7.31622 2.55
    endloop
  endfacet
  facet normal 0.247938 0.968776 0
    outer loop
      vertex 31.2881 7.34061 2.55
      vertex 31.3834 7.31622 2
      vertex 31.2881 7.34061 2
    endloop
  endfacet
  facet normal 0.234444 0.97213 -0
    outer loop
      vertex 31.2881 7.34061 2
      vertex 31.1851 7.36545 2.55
      vertex 31.2881 7.34061 2.55
    endloop
  endfacet
  facet normal 0.234444 0.97213 0
    outer loop
      vertex 31.1851 7.36545 2.55
      vertex 31.2881 7.34061 2
      vertex 31.1851 7.36545 2
    endloop
  endfacet
  facet normal 0.222359 0.974965 -0
    outer loop
      vertex 31.1851 7.36545 2
      vertex 31.0743 7.39072 2.55
      vertex 31.1851 7.36545 2.55
    endloop
  endfacet
  facet normal 0.222359 0.974965 0
    outer loop
      vertex 31.0743 7.39072 2.55
      vertex 31.1851 7.36545 2
      vertex 31.0743 7.39072 2
    endloop
  endfacet
  facet normal 0.211872 0.977298 -0
    outer loop
      vertex 31.0743 7.39072 2
      vertex 30.9558 7.41641 2.55
      vertex 31.0743 7.39072 2.55
    endloop
  endfacet
  facet normal 0.211872 0.977298 0
    outer loop
      vertex 30.9558 7.41641 2.55
      vertex 31.0743 7.39072 2
      vertex 30.9558 7.41641 2
    endloop
  endfacet
  facet normal 0.215388 0.976529 -0
    outer loop
      vertex 30.9558 7.41641 2
      vertex 30.8566 7.43829 2.55
      vertex 30.9558 7.41641 2.55
    endloop
  endfacet
  facet normal 0.215388 0.976529 0
    outer loop
      vertex 30.8566 7.43829 2.55
      vertex 30.9558 7.41641 2
      vertex 30.8566 7.43829 2
    endloop
  endfacet
  facet normal 0.224198 0.974544 -0
    outer loop
      vertex 30.8566 7.43829 2
      vertex 30.7651 7.45934 2.55
      vertex 30.8566 7.43829 2.55
    endloop
  endfacet
  facet normal 0.224198 0.974544 0
    outer loop
      vertex 30.7651 7.45934 2.55
      vertex 30.8566 7.43829 2
      vertex 30.7651 7.45934 2
    endloop
  endfacet
  facet normal 0.234184 0.972192 -0
    outer loop
      vertex 30.7651 7.45934 2
      vertex 30.6812 7.47955 2.55
      vertex 30.7651 7.45934 2.55
    endloop
  endfacet
  facet normal 0.234184 0.972192 0
    outer loop
      vertex 30.6812 7.47955 2.55
      vertex 30.7651 7.45934 2
      vertex 30.6812 7.47955 2
    endloop
  endfacet
  facet normal 0.246668 0.9691 -0
    outer loop
      vertex 30.6812 7.47955 2
      vertex 30.6051 7.49892 2.55
      vertex 30.6812 7.47955 2.55
    endloop
  endfacet
  facet normal 0.246668 0.9691 0
    outer loop
      vertex 30.6051 7.49892 2.55
      vertex 30.6812 7.47955 2
      vertex 30.6051 7.49892 2
    endloop
  endfacet
  facet normal 0.261613 0.965173 -0
    outer loop
      vertex 30.6051 7.49892 2
      vertex 30.5367 7.51746 2.55
      vertex 30.6051 7.49892 2.55
    endloop
  endfacet
  facet normal 0.261613 0.965173 0
    outer loop
      vertex 30.5367 7.51746 2.55
      vertex 30.6051 7.49892 2
      vertex 30.5367 7.51746 2
    endloop
  endfacet
  facet normal 0.279939 0.960018 -0
    outer loop
      vertex 30.5367 7.51746 2
      vertex 30.476 7.53516 2.55
      vertex 30.5367 7.51746 2.55
    endloop
  endfacet
  facet normal 0.279939 0.960018 0
    outer loop
      vertex 30.476 7.53516 2.55
      vertex 30.5367 7.51746 2
      vertex 30.476 7.53516 2
    endloop
  endfacet
  facet normal 0.302818 0.953049 -0
    outer loop
      vertex 30.476 7.53516 2
      vertex 30.423 7.552 2.55
      vertex 30.476 7.53516 2.55
    endloop
  endfacet
  facet normal 0.302818 0.953049 0
    outer loop
      vertex 30.423 7.552 2.55
      vertex 30.476 7.53516 2
      vertex 30.423 7.552 2
    endloop
  endfacet
  facet normal 0.333408 0.942783 -0
    outer loop
      vertex 30.423 7.552 2
      vertex 30.3777 7.56802 2.55
      vertex 30.423 7.552 2.55
    endloop
  endfacet
  facet normal 0.333408 0.942783 0
    outer loop
      vertex 30.3777 7.56802 2.55
      vertex 30.423 7.552 2
      vertex 30.3777 7.56802 2
    endloop
  endfacet
  facet normal 0.373723 0.927541 -0
    outer loop
      vertex 30.3777 7.56802 2
      vertex 30.34 7.58321 2.55
      vertex 30.3777 7.56802 2.55
    endloop
  endfacet
  facet normal 0.373723 0.927541 0
    outer loop
      vertex 30.34 7.58321 2.55
      vertex 30.3777 7.56802 2
      vertex 30.34 7.58321 2
    endloop
  endfacet
  facet normal 0.418865 0.908048 -0
    outer loop
      vertex 30.34 7.58321 2
      vertex 30.3072 7.59834 2.55
      vertex 30.34 7.58321 2.55
    endloop
  endfacet
  facet normal 0.418865 0.908048 0
    outer loop
      vertex 30.3072 7.59834 2.55
      vertex 30.34 7.58321 2
      vertex 30.3072 7.59834 2
    endloop
  endfacet
  facet normal 0.454782 0.890603 -0
    outer loop
      vertex 30.3072 7.59834 2
      vertex 30.2762 7.61417 2.55
      vertex 30.3072 7.59834 2.55
    endloop
  endfacet
  facet normal 0.454782 0.890603 0
    outer loop
      vertex 30.2762 7.61417 2.55
      vertex 30.3072 7.59834 2
      vertex 30.2762 7.61417 2
    endloop
  endfacet
  facet normal 0.493691 0.869637 -0
    outer loop
      vertex 30.2762 7.61417 2
      vertex 30.2471 7.63069 2.55
      vertex 30.2762 7.61417 2.55
    endloop
  endfacet
  facet normal 0.493691 0.869637 0
    outer loop
      vertex 30.2471 7.63069 2.55
      vertex 30.2762 7.61417 2
      vertex 30.2471 7.63069 2
    endloop
  endfacet
  facet normal 0.533725 0.845658 -0
    outer loop
      vertex 30.2471 7.63069 2
      vertex 30.2198 7.64792 2.55
      vertex 30.2471 7.63069 2.55
    endloop
  endfacet
  facet normal 0.533725 0.845658 0
    outer loop
      vertex 30.2198 7.64792 2.55
      vertex 30.2471 7.63069 2
      vertex 30.2198 7.64792 2
    endloop
  endfacet
  facet normal 0.575398 0.817874 -0
    outer loop
      vertex 30.2198 7.64792 2
      vertex 30.1943 7.66586 2.55
      vertex 30.2198 7.64792 2.55
    endloop
  endfacet
  facet normal 0.575398 0.817874 0
    outer loop
      vertex 30.1943 7.66586 2.55
      vertex 30.2198 7.64792 2
      vertex 30.1943 7.66586 2
    endloop
  endfacet
  facet normal 0.619612 0.784908 -0
    outer loop
      vertex 30.1943 7.66586 2
      vertex 30.1707 7.68449 2.55
      vertex 30.1943 7.66586 2.55
    endloop
  endfacet
  facet normal 0.619612 0.784908 0
    outer loop
      vertex 30.1707 7.68449 2.55
      vertex 30.1943 7.66586 2
      vertex 30.1707 7.68449 2
    endloop
  endfacet
  facet normal 0.663639 0.748053 -0
    outer loop
      vertex 30.1707 7.68449 2
      vertex 30.1489 7.70383 2.55
      vertex 30.1707 7.68449 2.55
    endloop
  endfacet
  facet normal 0.663639 0.748053 0
    outer loop
      vertex 30.1489 7.70383 2.55
      vertex 30.1707 7.68449 2
      vertex 30.1489 7.70383 2
    endloop
  endfacet
  facet normal 0.709757 0.704447 0
    outer loop
      vertex 30.1489 7.70383 2.55
      vertex 30.129 7.72388 2
      vertex 30.129 7.72388 2.55
    endloop
  endfacet
  facet normal 0.709757 0.704447 0
    outer loop
      vertex 30.129 7.72388 2
      vertex 30.1489 7.70383 2.55
      vertex 30.1489 7.70383 2
    endloop
  endfacet
  facet normal 0.751475 0.659761 0
    outer loop
      vertex 30.129 7.72388 2.55
      vertex 30.1108 7.74461 2
      vertex 30.1108 7.74461 2.55
    endloop
  endfacet
  facet normal 0.751475 0.659761 0
    outer loop
      vertex 30.1108 7.74461 2
      vertex 30.129 7.72388 2.55
      vertex 30.129 7.72388 2
    endloop
  endfacet
  facet normal 0.802381 0.596812 0
    outer loop
      vertex 30.1108 7.74461 2.55
      vertex 30.0946 7.76639 2
      vertex 30.0946 7.76639 2.55
    endloop
  endfacet
  facet normal 0.802381 0.596812 0
    outer loop
      vertex 30.0946 7.76639 2
      vertex 30.1108 7.74461 2.55
      vertex 30.1108 7.74461 2
    endloop
  endfacet
  facet normal 0.850265 0.526355 0
    outer loop
      vertex 30.0946 7.76639 2.55
      vertex 30.0803 7.78949 2
      vertex 30.0803 7.78949 2.55
    endloop
  endfacet
  facet normal 0.850265 0.526355 0
    outer loop
      vertex 30.0803 7.78949 2
      vertex 30.0946 7.76639 2.55
      vertex 30.0946 7.76639 2
    endloop
  endfacet
  facet normal 0.891934 0.452166 0
    outer loop
      vertex 30.0803 7.78949 2.55
      vertex 30.0679 7.81395 2
      vertex 30.0679 7.81395 2.55
    endloop
  endfacet
  facet normal 0.891934 0.452166 0
    outer loop
      vertex 30.0679 7.81395 2
      vertex 30.0803 7.78949 2.55
      vertex 30.0803 7.78949 2
    endloop
  endfacet
  facet normal 0.926181 0.37708 0
    outer loop
      vertex 30.0679 7.81395 2.55
      vertex 30.0574 7.83974 2
      vertex 30.0574 7.83974 2.55
    endloop
  endfacet
  facet normal 0.926181 0.37708 0
    outer loop
      vertex 30.0574 7.83974 2
      vertex 30.0679 7.81395 2.55
      vertex 30.0679 7.81395 2
    endloop
  endfacet
  facet normal 0.953253 0.302174 0
    outer loop
      vertex 30.0574 7.83974 2.55
      vertex 30.0488 7.86687 2
      vertex 30.0488 7.86687 2.55
    endloop
  endfacet
  facet normal 0.953253 0.302174 0
    outer loop
      vertex 30.0488 7.86687 2
      vertex 30.0574 7.83974 2.55
      vertex 30.0574 7.83974 2
    endloop
  endfacet
  facet normal 0.973408 0.229077 0
    outer loop
      vertex 30.0488 7.86687 2.55
      vertex 30.0421 7.89534 2
      vertex 30.0421 7.89534 2.55
    endloop
  endfacet
  facet normal 0.973408 0.229077 0
    outer loop
      vertex 30.0421 7.89534 2
      vertex 30.0488 7.86687 2.55
      vertex 30.0488 7.86687 2
    endloop
  endfacet
  facet normal 0.98779 0.155792 0
    outer loop
      vertex 30.0421 7.89534 2.55
      vertex 30.0374 7.92514 2
      vertex 30.0374 7.92514 2.55
    endloop
  endfacet
  facet normal 0.98779 0.155792 0
    outer loop
      vertex 30.0374 7.92514 2
      vertex 30.0421 7.89534 2.55
      vertex 30.0421 7.89534 2
    endloop
  endfacet
  facet normal 0.995692 0.0927266 0
    outer loop
      vertex 30.0374 7.92514 2.55
      vertex 30.0345 7.95628 2
      vertex 30.0345 7.95628 2.55
    endloop
  endfacet
  facet normal 0.995692 0.0927266 0
    outer loop
      vertex 30.0345 7.95628 2
      vertex 30.0374 7.92514 2.55
      vertex 30.0374 7.92514 2
    endloop
  endfacet
  facet normal 0.999617 0.0276902 0
    outer loop
      vertex 30.0345 7.95628 2.55
      vertex 30.0336 7.98877 2
      vertex 30.0336 7.98877 2.55
    endloop
  endfacet
  facet normal 0.999617 0.0276902 0
    outer loop
      vertex 30.0336 7.98877 2
      vertex 30.0345 7.95628 2.55
      vertex 30.0345 7.95628 2
    endloop
  endfacet
  facet normal 0.995698 -0.092657 0
    outer loop
      vertex 30.0336 7.98877 2.55
      vertex 30.0425 8.08441 2
      vertex 30.0425 8.08441 2.55
    endloop
  endfacet
  facet normal 0.995698 -0.092657 0
    outer loop
      vertex 30.0425 8.08441 2
      vertex 30.0336 7.98877 2.55
      vertex 30.0336 7.98877 2
    endloop
  endfacet
  facet normal 0.952429 -0.304759 0
    outer loop
      vertex 30.0425 8.08441 2.55
      vertex 30.0695 8.16879 2
      vertex 30.0695 8.16879 2.55
    endloop
  endfacet
  facet normal 0.952429 -0.304759 0
    outer loop
      vertex 30.0695 8.16879 2
      vertex 30.0425 8.08441 2.55
      vertex 30.0425 8.08441 2
    endloop
  endfacet
  facet normal 0.852745 -0.522327 0
    outer loop
      vertex 30.0695 8.16879 2.55
      vertex 30.1143 8.24193 2
      vertex 30.1143 8.24193 2.55
    endloop
  endfacet
  facet normal 0.852745 -0.522327 0
    outer loop
      vertex 30.1143 8.24193 2
      vertex 30.0695 8.16879 2.55
      vertex 30.0695 8.16879 2
    endloop
  endfacet
  facet normal 0.701361 -0.712806 0
    outer loop
      vertex 30.1143 8.24193 2
      vertex 30.1772 8.30382 2.55
      vertex 30.1143 8.24193 2.55
    endloop
  endfacet
  facet normal 0.701361 -0.712806 0
    outer loop
      vertex 30.1772 8.30382 2.55
      vertex 30.1143 8.24193 2
      vertex 30.1772 8.30382 2
    endloop
  endfacet
  facet normal 0.531451 -0.847089 0
    outer loop
      vertex 30.1772 8.30382 2
      vertex 30.2579 8.35445 2.55
      vertex 30.1772 8.30382 2.55
    endloop
  endfacet
  facet normal 0.531451 -0.847089 0
    outer loop
      vertex 30.2579 8.35445 2.55
      vertex 30.1772 8.30382 2
      vertex 30.2579 8.35445 2
    endloop
  endfacet
  facet normal 0.370093 -0.928995 0
    outer loop
      vertex 30.2579 8.35445 2
      vertex 30.3567 8.39381 2.55
      vertex 30.2579 8.35445 2.55
    endloop
  endfacet
  facet normal 0.370093 -0.928995 0
    outer loop
      vertex 30.3567 8.39381 2.55
      vertex 30.2579 8.35445 2
      vertex 30.3567 8.39381 2
    endloop
  endfacet
  facet normal 0.234603 -0.972091 0
    outer loop
      vertex 30.3567 8.39381 2
      vertex 30.4733 8.42195 2.55
      vertex 30.3567 8.39381 2.55
    endloop
  endfacet
  facet normal 0.234603 -0.972091 0
    outer loop
      vertex 30.4733 8.42195 2.55
      vertex 30.3567 8.39381 2
      vertex 30.4733 8.42195 2
    endloop
  endfacet
  facet normal 0.124343 -0.992239 0
    outer loop
      vertex 30.4733 8.42195 2
      vertex 30.608 8.43883 2.55
      vertex 30.4733 8.42195 2.55
    endloop
  endfacet
  facet normal 0.124343 -0.992239 0
    outer loop
      vertex 30.608 8.43883 2.55
      vertex 30.4733 8.42195 2
      vertex 30.608 8.43883 2
    endloop
  endfacet
  facet normal 0.0368929 -0.999319 0
    outer loop
      vertex 30.608 8.43883 2
      vertex 30.7605 8.44446 2.55
      vertex 30.608 8.43883 2.55
    endloop
  endfacet
  facet normal 0.0368929 -0.999319 0
    outer loop
      vertex 30.7605 8.44446 2.55
      vertex 30.608 8.43883 2
      vertex 30.7605 8.44446 2
    endloop
  endfacet
  facet normal -0.0208063 -0.999784 0
    outer loop
      vertex 30.7605 8.44446 2
      vertex 30.8345 8.44292 2.55
      vertex 30.7605 8.44446 2.55
    endloop
  endfacet
  facet normal -0.0208063 -0.999784 -0
    outer loop
      vertex 30.8345 8.44292 2.55
      vertex 30.7605 8.44446 2
      vertex 30.8345 8.44292 2
    endloop
  endfacet
  facet normal -0.0659049 -0.997826 0
    outer loop
      vertex 30.8345 8.44292 2
      vertex 30.9046 8.43829 2.55
      vertex 30.8345 8.44292 2.55
    endloop
  endfacet
  facet normal -0.0659049 -0.997826 -0
    outer loop
      vertex 30.9046 8.43829 2.55
      vertex 30.8345 8.44292 2
      vertex 30.9046 8.43829 2
    endloop
  endfacet
  facet normal -0.115708 -0.993283 0
    outer loop
      vertex 30.9046 8.43829 2
      vertex 30.9707 8.43059 2.55
      vertex 30.9046 8.43829 2.55
    endloop
  endfacet
  facet normal -0.115708 -0.993283 -0
    outer loop
      vertex 30.9707 8.43059 2.55
      vertex 30.9046 8.43829 2
      vertex 30.9707 8.43059 2
    endloop
  endfacet
  facet normal -0.170654 -0.985331 0
    outer loop
      vertex 30.9707 8.43059 2
      vertex 31.033 8.4198 2.55
      vertex 30.9707 8.43059 2.55
    endloop
  endfacet
  facet normal -0.170654 -0.985331 -0
    outer loop
      vertex 31.033 8.4198 2.55
      vertex 30.9707 8.43059 2
      vertex 31.033 8.4198 2
    endloop
  endfacet
  facet normal -0.231448 -0.972847 0
    outer loop
      vertex 31.033 8.4198 2
      vertex 31.0913 8.40593 2.55
      vertex 31.033 8.4198 2.55
    endloop
  endfacet
  facet normal -0.231448 -0.972847 -0
    outer loop
      vertex 31.0913 8.40593 2.55
      vertex 31.033 8.4198 2
      vertex 31.0913 8.40593 2
    endloop
  endfacet
  facet normal -0.297315 -0.954779 0
    outer loop
      vertex 31.0913 8.40593 2
      vertex 31.1457 8.38899 2.55
      vertex 31.0913 8.40593 2.55
    endloop
  endfacet
  facet normal -0.297315 -0.954779 -0
    outer loop
      vertex 31.1457 8.38899 2.55
      vertex 31.0913 8.40593 2
      vertex 31.1457 8.38899 2
    endloop
  endfacet
  facet normal -0.368692 -0.929552 0
    outer loop
      vertex 31.1457 8.38899 2
      vertex 31.1962 8.36896 2.55
      vertex 31.1457 8.38899 2.55
    endloop
  endfacet
  facet normal -0.368692 -0.929552 -0
    outer loop
      vertex 31.1962 8.36896 2.55
      vertex 31.1457 8.38899 2
      vertex 31.1962 8.36896 2
    endloop
  endfacet
  facet normal -0.44521 -0.895426 0
    outer loop
      vertex 31.1962 8.36896 2
      vertex 31.2427 8.34584 2.55
      vertex 31.1962 8.36896 2.55
    endloop
  endfacet
  facet normal -0.44521 -0.895426 -0
    outer loop
      vertex 31.2427 8.34584 2.55
      vertex 31.1962 8.36896 2
      vertex 31.2427 8.34584 2
    endloop
  endfacet
  facet normal -0.522693 -0.852521 0
    outer loop
      vertex 31.2427 8.34584 2
      vertex 31.2854 8.31966 2.55
      vertex 31.2427 8.34584 2.55
    endloop
  endfacet
  facet normal -0.522693 -0.852521 -0
    outer loop
      vertex 31.2854 8.31966 2.55
      vertex 31.2427 8.34584 2
      vertex 31.2854 8.31966 2
    endloop
  endfacet
  facet normal -0.598885 -0.800835 0
    outer loop
      vertex 31.2854 8.31966 2
      vertex 31.3245 8.29042 2.55
      vertex 31.2854 8.31966 2.55
    endloop
  endfacet
  facet normal -0.598885 -0.800835 -0
    outer loop
      vertex 31.3245 8.29042 2.55
      vertex 31.2854 8.31966 2
      vertex 31.3245 8.29042 2
    endloop
  endfacet
  facet normal -0.665081 -0.746772 0
    outer loop
      vertex 31.3245 8.29042 2
      vertex 31.3607 8.25818 2.55
      vertex 31.3245 8.29042 2.55
    endloop
  endfacet
  facet normal -0.665081 -0.746772 -0
    outer loop
      vertex 31.3607 8.25818 2.55
      vertex 31.3245 8.29042 2
      vertex 31.3607 8.25818 2
    endloop
  endfacet
  facet normal -0.730118 -0.683321 0
    outer loop
      vertex 31.3937 8.22292 2
      vertex 31.3607 8.25818 2.55
      vertex 31.3607 8.25818 2
    endloop
  endfacet
  facet normal -0.730118 -0.683321 0
    outer loop
      vertex 31.3607 8.25818 2.55
      vertex 31.3937 8.22292 2
      vertex 31.3937 8.22292 2.55
    endloop
  endfacet
  facet normal -0.786012 -0.618212 0
    outer loop
      vertex 31.4238 8.18465 2
      vertex 31.3937 8.22292 2.55
      vertex 31.3937 8.22292 2
    endloop
  endfacet
  facet normal -0.786012 -0.618212 0
    outer loop
      vertex 31.3937 8.22292 2.55
      vertex 31.4238 8.18465 2
      vertex 31.4238 8.18465 2.55
    endloop
  endfacet
  facet normal -0.837873 -0.545865 0
    outer loop
      vertex 31.4507 8.14336 2
      vertex 31.4238 8.18465 2.55
      vertex 31.4238 8.18465 2
    endloop
  endfacet
  facet normal -0.837873 -0.545865 0
    outer loop
      vertex 31.4238 8.18465 2.55
      vertex 31.4507 8.14336 2
      vertex 31.4507 8.14336 2.55
    endloop
  endfacet
  facet normal -0.880178 -0.474645 0
    outer loop
      vertex 31.4746 8.09904 2
      vertex 31.4507 8.14336 2.55
      vertex 31.4507 8.14336 2
    endloop
  endfacet
  facet normal -0.880178 -0.474645 0
    outer loop
      vertex 31.4507 8.14336 2.55
      vertex 31.4746 8.09904 2
      vertex 31.4746 8.09904 2.55
    endloop
  endfacet
  facet normal -0.914718 -0.404092 0
    outer loop
      vertex 31.4955 8.05173 2
      vertex 31.4746 8.09904 2.55
      vertex 31.4746 8.09904 2
    endloop
  endfacet
  facet normal -0.914718 -0.404092 0
    outer loop
      vertex 31.4746 8.09904 2.55
      vertex 31.4955 8.05173 2
      vertex 31.4955 8.05173 2.55
    endloop
  endfacet
  facet normal -0.942186 -0.335091 0
    outer loop
      vertex 31.5134 8.0014 2
      vertex 31.4955 8.05173 2.55
      vertex 31.4955 8.05173 2
    endloop
  endfacet
  facet normal -0.942186 -0.335091 0
    outer loop
      vertex 31.4955 8.05173 2.55
      vertex 31.5134 8.0014 2
      vertex 31.5134 8.0014 2.55
    endloop
  endfacet
  facet normal -0.96406 -0.265686 0
    outer loop
      vertex 31.5281 7.94806 2
      vertex 31.5134 8.0014 2.55
      vertex 31.5134 8.0014 2
    endloop
  endfacet
  facet normal -0.96406 -0.265686 0
    outer loop
      vertex 31.5134 8.0014 2.55
      vertex 31.5281 7.94806 2
      vertex 31.5281 7.94806 2.55
    endloop
  endfacet
  facet normal 0.135112 -0.99083 0
    outer loop
      vertex 31.5281 7.94806 2
      vertex 32.3039 8.05385 2.55
      vertex 31.5281 7.94806 2.55
    endloop
  endfacet
  facet normal 0.135112 -0.99083 0
    outer loop
      vertex 32.3039 8.05385 2.55
      vertex 31.5281 7.94806 2
      vertex 32.3039 8.05385 2
    endloop
  endfacet
  facet normal 0.973348 0.229334 0
    outer loop
      vertex 32.3039 8.05385 2.55
      vertex 32.2779 8.1642 2
      vertex 32.2779 8.1642 2.55
    endloop
  endfacet
  facet normal 0.973348 0.229334 0
    outer loop
      vertex 32.2779 8.1642 2
      vertex 32.3039 8.05385 2.55
      vertex 32.3039 8.05385 2
    endloop
  endfacet
  facet normal 0.954332 0.298749 0
    outer loop
      vertex 32.2779 8.1642 2.55
      vertex 32.2456 8.26738 2
      vertex 32.2456 8.26738 2.55
    endloop
  endfacet
  facet normal 0.954332 0.298749 0
    outer loop
      vertex 32.2456 8.26738 2
      vertex 32.2779 8.1642 2.55
      vertex 32.2779 8.1642 2
    endloop
  endfacet
  facet normal 0.927822 0.373023 0
    outer loop
      vertex 32.2456 8.26738 2.55
      vertex 32.207 8.36339 2
      vertex 32.207 8.36339 2.55
    endloop
  endfacet
  facet normal 0.927822 0.373023 0
    outer loop
      vertex 32.207 8.36339 2
      vertex 32.2456 8.26738 2.55
      vertex 32.2456 8.26738 2
    endloop
  endfacet
  facet normal 0.892874 0.450307 0
    outer loop
      vertex 32.207 8.36339 2.55
      vertex 32.1622 8.45222 2
      vertex 32.1622 8.45222 2.55
    endloop
  endfacet
  facet normal 0.892874 0.450307 0
    outer loop
      vertex 32.1622 8.45222 2
      vertex 32.207 8.36339 2.55
      vertex 32.207 8.36339 2
    endloop
  endfacet
  facet normal 0.847794 0.530325 0
    outer loop
      vertex 32.1622 8.45222 2.55
      vertex 32.1111 8.53391 2
      vertex 32.1111 8.53391 2.55
    endloop
  endfacet
  facet normal 0.847794 0.530325 0
    outer loop
      vertex 32.1111 8.53391 2
      vertex 32.1622 8.45222 2.55
      vertex 32.1622 8.45222 2
    endloop
  endfacet
  facet normal 0.792664 0.609659 0
    outer loop
      vertex 32.1111 8.53391 2.55
      vertex 32.0538 8.60841 2
      vertex 32.0538 8.60841 2.55
    endloop
  endfacet
  facet normal 0.792664 0.609659 0
    outer loop
      vertex 32.0538 8.60841 2
      vertex 32.1111 8.53391 2.55
      vertex 32.1111 8.53391 2
    endloop
  endfacet
  facet normal 0.726468 0.6872 0
    outer loop
      vertex 32.0538 8.60841 2.55
      vertex 31.9901 8.67575 2
      vertex 31.9901 8.67575 2.55
    endloop
  endfacet
  facet normal 0.726468 0.6872 0
    outer loop
      vertex 31.9901 8.67575 2
      vertex 32.0538 8.60841 2.55
      vertex 32.0538 8.60841 2
    endloop
  endfacet
  facet normal 0.652987 0.757369 -0
    outer loop
      vertex 31.9901 8.67575 2
      vertex 31.9203 8.73593 2.55
      vertex 31.9901 8.67575 2.55
    endloop
  endfacet
  facet normal 0.652987 0.757369 0
    outer loop
      vertex 31.9203 8.73593 2.55
      vertex 31.9901 8.67575 2
      vertex 31.9203 8.73593 2
    endloop
  endfacet
  facet normal 0.571001 0.820949 -0
    outer loop
      vertex 31.9203 8.73593 2
      vertex 31.8441 8.78893 2.55
      vertex 31.9203 8.73593 2.55
    endloop
  endfacet
  facet normal 0.571001 0.820949 0
    outer loop
      vertex 31.8441 8.78893 2.55
      vertex 31.9203 8.73593 2
      vertex 31.8441 8.78893 2
    endloop
  endfacet
  facet normal 0.487601 0.873066 -0
    outer loop
      vertex 31.8441 8.78893 2
      vertex 31.7605 8.83562 2.55
      vertex 31.8441 8.78893 2.55
    endloop
  endfacet
  facet normal 0.487601 0.873066 0
    outer loop
      vertex 31.7605 8.83562 2.55
      vertex 31.8441 8.78893 2
      vertex 31.7605 8.83562 2
    endloop
  endfacet
  facet normal 0.407239 0.913322 -0
    outer loop
      vertex 31.7605 8.83562 2
      vertex 31.6681 8.87682 2.55
      vertex 31.7605 8.83562 2.55
    endloop
  endfacet
  facet normal 0.407239 0.913322 0
    outer loop
      vertex 31.6681 8.87682 2.55
      vertex 31.7605 8.83562 2
      vertex 31.6681 8.87682 2
    endloop
  endfacet
  facet normal 0.332884 0.942968 -0
    outer loop
      vertex 31.6681 8.87682 2
      vertex 31.567 8.91251 2.55
      vertex 31.6681 8.87682 2.55
    endloop
  endfacet
  facet normal 0.332884 0.942968 0
    outer loop
      vertex 31.567 8.91251 2.55
      vertex 31.6681 8.87682 2
      vertex 31.567 8.91251 2
    endloop
  endfacet
  facet normal 0.265279 0.964172 -0
    outer loop
      vertex 31.567 8.91251 2
      vertex 31.4572 8.94272 2.55
      vertex 31.567 8.91251 2.55
    endloop
  endfacet
  facet normal 0.265279 0.964172 0
    outer loop
      vertex 31.4572 8.94272 2.55
      vertex 31.567 8.91251 2
      vertex 31.4572 8.94272 2
    endloop
  endfacet
  facet normal 0.203882 0.978996 -0
    outer loop
      vertex 31.4572 8.94272 2
      vertex 31.3385 8.96744 2.55
      vertex 31.4572 8.94272 2.55
    endloop
  endfacet
  facet normal 0.203882 0.978996 0
    outer loop
      vertex 31.3385 8.96744 2.55
      vertex 31.4572 8.94272 2
      vertex 31.3385 8.96744 2
    endloop
  endfacet
  facet normal 0.14929 0.988793 -0
    outer loop
      vertex 31.3385 8.96744 2
      vertex 31.2112 8.98666 2.55
      vertex 31.3385 8.96744 2.55
    endloop
  endfacet
  facet normal 0.14929 0.988793 0
    outer loop
      vertex 31.2112 8.98666 2.55
      vertex 31.3385 8.96744 2
      vertex 31.2112 8.98666 2
    endloop
  endfacet
  facet normal 0.1003 0.994957 -0
    outer loop
      vertex 31.2112 8.98666 2
      vertex 31.0751 9.00038 2.55
      vertex 31.2112 8.98666 2.55
    endloop
  endfacet
  facet normal 0.1003 0.994957 0
    outer loop
      vertex 31.0751 9.00038 2.55
      vertex 31.2112 8.98666 2
      vertex 31.0751 9.00038 2
    endloop
  endfacet
  facet normal 0.0568142 0.998385 -0
    outer loop
      vertex 31.0751 9.00038 2
      vertex 30.9303 9.00862 2.55
      vertex 31.0751 9.00038 2.55
    endloop
  endfacet
  facet normal 0.0568142 0.998385 0
    outer loop
      vertex 30.9303 9.00862 2.55
      vertex 31.0751 9.00038 2
      vertex 30.9303 9.00862 2
    endloop
  endfacet
  facet normal 0.0179124 0.99984 -0
    outer loop
      vertex 30.9303 9.00862 2
      vertex 30.7768 9.01137 2.55
      vertex 30.9303 9.00862 2.55
    endloop
  endfacet
  facet normal 0.0179124 0.99984 0
    outer loop
      vertex 30.7768 9.01137 2.55
      vertex 30.9303 9.00862 2
      vertex 30.7768 9.01137 2
    endloop
  endfacet
  facet normal -0.0210774 0.999778 0
    outer loop
      vertex 30.7768 9.01137 2
      vertex 30.616 9.00798 2.55
      vertex 30.7768 9.01137 2.55
    endloop
  endfacet
  facet normal -0.0210774 0.999778 0
    outer loop
      vertex 30.616 9.00798 2.55
      vertex 30.7768 9.01137 2
      vertex 30.616 9.00798 2
    endloop
  endfacet
  facet normal -0.0669762 0.997755 0
    outer loop
      vertex 30.616 9.00798 2
      vertex 30.4639 8.99777 2.55
      vertex 30.616 9.00798 2.55
    endloop
  endfacet
  facet normal -0.0669762 0.997755 0
    outer loop
      vertex 30.4639 8.99777 2.55
      vertex 30.616 9.00798 2
      vertex 30.4639 8.99777 2
    endloop
  endfacet
  facet normal -0.117806 0.993037 0
    outer loop
      vertex 30.4639 8.99777 2
      vertex 30.3206 8.98077 2.55
      vertex 30.4639 8.99777 2.55
    endloop
  endfacet
  facet normal -0.117806 0.993037 0
    outer loop
      vertex 30.3206 8.98077 2.55
      vertex 30.4639 8.99777 2
      vertex 30.3206 8.98077 2
    endloop
  endfacet
  facet normal -0.174103 0.984727 0
    outer loop
      vertex 30.3206 8.98077 2
      vertex 30.1861 8.95699 2.55
      vertex 30.3206 8.98077 2.55
    endloop
  endfacet
  facet normal -0.174103 0.984727 0
    outer loop
      vertex 30.1861 8.95699 2.55
      vertex 30.3206 8.98077 2
      vertex 30.1861 8.95699 2
    endloop
  endfacet
  facet normal -0.236174 0.971711 0
    outer loop
      vertex 30.1861 8.95699 2
      vertex 30.0602 8.92639 2.55
      vertex 30.1861 8.95699 2.55
    endloop
  endfacet
  facet normal -0.236174 0.971711 0
    outer loop
      vertex 30.0602 8.92639 2.55
      vertex 30.1861 8.95699 2
      vertex 30.0602 8.92639 2
    endloop
  endfacet
  facet normal -0.304097 0.952641 0
    outer loop
      vertex 30.0602 8.92639 2
      vertex 29.9431 8.88901 2.55
      vertex 30.0602 8.92639 2.55
    endloop
  endfacet
  facet normal -0.304097 0.952641 0
    outer loop
      vertex 29.9431 8.88901 2.55
      vertex 30.0602 8.92639 2
      vertex 29.9431 8.88901 2
    endloop
  endfacet
  facet normal -0.377794 0.92589 0
    outer loop
      vertex 29.9431 8.88901 2
      vertex 29.8348 8.84482 2.55
      vertex 29.9431 8.88901 2.55
    endloop
  endfacet
  facet normal -0.377794 0.92589 0
    outer loop
      vertex 29.8348 8.84482 2.55
      vertex 29.9431 8.88901 2
      vertex 29.8348 8.84482 2
    endloop
  endfacet
  facet normal -0.455631 0.890169 0
    outer loop
      vertex 29.8348 8.84482 2
      vertex 29.7352 8.79384 2.55
      vertex 29.8348 8.84482 2.55
    endloop
  endfacet
  facet normal -0.455631 0.890169 0
    outer loop
      vertex 29.7352 8.79384 2.55
      vertex 29.8348 8.84482 2
      vertex 29.7352 8.79384 2
    endloop
  endfacet
  facet normal -0.536509 0.843895 0
    outer loop
      vertex 29.7352 8.79384 2
      vertex 29.6443 8.73605 2.55
      vertex 29.7352 8.79384 2.55
    endloop
  endfacet
  facet normal -0.536509 0.843895 0
    outer loop
      vertex 29.6443 8.73605 2.55
      vertex 29.7352 8.79384 2
      vertex 29.6443 8.73605 2
    endloop
  endfacet
  facet normal -0.617686 0.786425 0
    outer loop
      vertex 29.6443 8.73605 2
      vertex 29.5626 8.67188 2.55
      vertex 29.6443 8.73605 2.55
    endloop
  endfacet
  facet normal -0.617686 0.786425 0
    outer loop
      vertex 29.5626 8.67188 2.55
      vertex 29.6443 8.73605 2
      vertex 29.5626 8.67188 2
    endloop
  endfacet
  facet normal -0.697998 0.7161 0
    outer loop
      vertex 29.5626 8.67188 2
      vertex 29.4906 8.6017 2.55
      vertex 29.5626 8.67188 2.55
    endloop
  endfacet
  facet normal -0.697998 0.7161 0
    outer loop
      vertex 29.4906 8.6017 2.55
      vertex 29.5626 8.67188 2
      vertex 29.4906 8.6017 2
    endloop
  endfacet
  facet normal -0.773066 0.634326 0
    outer loop
      vertex 29.4281 8.52553 2
      vertex 29.4906 8.6017 2.55
      vertex 29.4906 8.6017 2
    endloop
  endfacet
  facet normal -0.773066 0.634326 0
    outer loop
      vertex 29.4906 8.6017 2.55
      vertex 29.4281 8.52553 2
      vertex 29.4281 8.52553 2.55
    endloop
  endfacet
  facet normal -0.840793 0.541357 0
    outer loop
      vertex 29.3752 8.44337 2
      vertex 29.4281 8.52553 2.55
      vertex 29.4281 8.52553 2
    endloop
  endfacet
  facet normal -0.840793 0.541357 0
    outer loop
      vertex 29.4281 8.52553 2.55
      vertex 29.3752 8.44337 2
      vertex 29.3752 8.44337 2.55
    endloop
  endfacet
  facet normal -0.897984 0.440028 0
    outer loop
      vertex 29.332 8.35521 2
      vertex 29.3752 8.44337 2.55
      vertex 29.3752 8.44337 2
    endloop
  endfacet
  facet normal -0.897984 0.440028 0
    outer loop
      vertex 29.3752 8.44337 2.55
      vertex 29.332 8.35521 2
      vertex 29.332 8.35521 2.55
    endloop
  endfacet
  facet normal -0.941504 0.337001 0
    outer loop
      vertex 29.2983 8.26106 2
      vertex 29.332 8.35521 2.55
      vertex 29.332 8.35521 2
    endloop
  endfacet
  facet normal -0.941504 0.337001 0
    outer loop
      vertex 29.332 8.35521 2.55
      vertex 29.2983 8.26106 2
      vertex 29.2983 8.26106 2.55
    endloop
  endfacet
  facet normal -0.972461 0.233064 0
    outer loop
      vertex 29.2743 8.16092 2
      vertex 29.2983 8.26106 2.55
      vertex 29.2983 8.26106 2
    endloop
  endfacet
  facet normal -0.972461 0.233064 0
    outer loop
      vertex 29.2983 8.26106 2.55
      vertex 29.2743 8.16092 2
      vertex 29.2743 8.16092 2.55
    endloop
  endfacet
  facet normal -0.990922 0.134438 0
    outer loop
      vertex 29.2599 8.05478 2
      vertex 29.2743 8.16092 2.55
      vertex 29.2743 8.16092 2
    endloop
  endfacet
  facet normal -0.990922 0.134438 0
    outer loop
      vertex 29.2743 8.16092 2.55
      vertex 29.2599 8.05478 2
      vertex 29.2599 8.05478 2.55
    endloop
  endfacet
  facet normal -0.999085 0.0427721 0
    outer loop
      vertex 29.2551 7.94266 2
      vertex 29.2599 8.05478 2.55
      vertex 29.2599 8.05478 2
    endloop
  endfacet
  facet normal -0.999085 0.0427721 0
    outer loop
      vertex 29.2599 8.05478 2.55
      vertex 29.2551 7.94266 2
      vertex 29.2551 7.94266 2.55
    endloop
  endfacet
  facet normal -0.99991 -0.0134366 0
    outer loop
      vertex 29.2557 7.89801 2
      vertex 29.2551 7.94266 2.55
      vertex 29.2551 7.94266 2
    endloop
  endfacet
  facet normal -0.99991 -0.0134366 0
    outer loop
      vertex 29.2551 7.94266 2.55
      vertex 29.2557 7.89801 2
      vertex 29.2557 7.89801 2.55
    endloop
  endfacet
  facet normal -0.998945 -0.0459285 0
    outer loop
      vertex 29.2577 7.85451 2
      vertex 29.2557 7.89801 2.55
      vertex 29.2557 7.89801 2
    endloop
  endfacet
  facet normal -0.998945 -0.0459285 0
    outer loop
      vertex 29.2557 7.89801 2.55
      vertex 29.2577 7.85451 2
      vertex 29.2577 7.85451 2.55
    endloop
  endfacet
  facet normal -0.996979 -0.0776684 0
    outer loop
      vertex 29.261 7.81215 2
      vertex 29.2577 7.85451 2.55
      vertex 29.2577 7.85451 2
    endloop
  endfacet
  facet normal -0.996979 -0.0776684 0
    outer loop
      vertex 29.2577 7.85451 2.55
      vertex 29.261 7.81215 2
      vertex 29.261 7.81215 2.55
    endloop
  endfacet
  facet normal -0.994097 -0.108499 0
    outer loop
      vertex 29.2655 7.77092 2
      vertex 29.261 7.81215 2.55
      vertex 29.261 7.81215 2
    endloop
  endfacet
  facet normal -0.994097 -0.108499 0
    outer loop
      vertex 29.261 7.81215 2.55
      vertex 29.2655 7.77092 2
      vertex 29.2655 7.77092 2.55
    endloop
  endfacet
  facet normal -0.989343 -0.145601 0
    outer loop
      vertex 29.2714 7.73083 2
      vertex 29.2655 7.77092 2.55
      vertex 29.2655 7.77092 2
    endloop
  endfacet
  facet normal -0.989343 -0.145601 0
    outer loop
      vertex 29.2655 7.77092 2.55
      vertex 29.2714 7.73083 2
      vertex 29.2714 7.73083 2.55
    endloop
  endfacet
  facet normal -0.983332 -0.181818 0
    outer loop
      vertex 29.2786 7.69189 2
      vertex 29.2714 7.73083 2.55
      vertex 29.2714 7.73083 2
    endloop
  endfacet
  facet normal -0.983332 -0.181818 0
    outer loop
      vertex 29.2714 7.73083 2.55
      vertex 29.2786 7.69189 2
      vertex 29.2786 7.69189 2.55
    endloop
  endfacet
  facet normal -0.97565 -0.219334 0
    outer loop
      vertex 29.2871 7.65408 2
      vertex 29.2786 7.69189 2.55
      vertex 29.2786 7.69189 2
    endloop
  endfacet
  facet normal -0.97565 -0.219334 0
    outer loop
      vertex 29.2786 7.69189 2.55
      vertex 29.2871 7.65408 2
      vertex 29.2871 7.65408 2.55
    endloop
  endfacet
  facet normal -0.966077 -0.258253 0
    outer loop
      vertex 29.2969 7.61742 2
      vertex 29.2871 7.65408 2.55
      vertex 29.2871 7.65408 2
    endloop
  endfacet
  facet normal -0.966077 -0.258253 0
    outer loop
      vertex 29.2871 7.65408 2.55
      vertex 29.2969 7.61742 2
      vertex 29.2969 7.61742 2.55
    endloop
  endfacet
  facet normal -0.954504 -0.298199 0
    outer loop
      vertex 29.308 7.58189 2
      vertex 29.2969 7.61742 2.55
      vertex 29.2969 7.61742 2
    endloop
  endfacet
  facet normal -0.954504 -0.298199 0
    outer loop
      vertex 29.2969 7.61742 2.55
      vertex 29.308 7.58189 2
      vertex 29.308 7.58189 2.55
    endloop
  endfacet
  facet normal -0.942636 -0.333822 0
    outer loop
      vertex 29.3202 7.54744 2
      vertex 29.308 7.58189 2.55
      vertex 29.308 7.58189 2
    endloop
  endfacet
  facet normal -0.942636 -0.333822 0
    outer loop
      vertex 29.308 7.58189 2.55
      vertex 29.3202 7.54744 2
      vertex 29.3202 7.54744 2.55
    endloop
  endfacet
  facet normal -0.929279 -0.369379 0
    outer loop
      vertex 29.3335 7.51398 2
      vertex 29.3202 7.54744 2.55
      vertex 29.3202 7.54744 2
    endloop
  endfacet
  facet normal -0.929279 -0.369379 0
    outer loop
      vertex 29.3202 7.54744 2.55
      vertex 29.3335 7.51398 2
      vertex 29.3335 7.51398 2.55
    endloop
  endfacet
  facet normal -0.913997 -0.40572 0
    outer loop
      vertex 29.3479 7.48154 2
      vertex 29.3335 7.51398 2.55
      vertex 29.3335 7.51398 2
    endloop
  endfacet
  facet normal -0.913997 -0.40572 0
    outer loop
      vertex 29.3335 7.51398 2.55
      vertex 29.3479 7.48154 2
      vertex 29.3479 7.48154 2.55
    endloop
  endfacet
  facet normal -0.898109 -0.439773 0
    outer loop
      vertex 29.3633 7.45009 2
      vertex 29.3479 7.48154 2.55
      vertex 29.3479 7.48154 2
    endloop
  endfacet
  facet normal -0.898109 -0.439773 0
    outer loop
      vertex 29.3479 7.48154 2.55
      vertex 29.3633 7.45009 2
      vertex 29.3633 7.45009 2.55
    endloop
  endfacet
  facet normal -0.88036 -0.474307 0
    outer loop
      vertex 29.3797 7.41965 2
      vertex 29.3633 7.45009 2.55
      vertex 29.3633 7.45009 2
    endloop
  endfacet
  facet normal -0.88036 -0.474307 0
    outer loop
      vertex 29.3633 7.45009 2.55
      vertex 29.3797 7.41965 2
      vertex 29.3797 7.41965 2.55
    endloop
  endfacet
  facet normal -0.859598 -0.51097 0
    outer loop
      vertex 29.3972 7.39021 2
      vertex 29.3797 7.41965 2.55
      vertex 29.3797 7.41965 2
    endloop
  endfacet
  facet normal -0.859598 -0.51097 0
    outer loop
      vertex 29.3797 7.41965 2.55
      vertex 29.3972 7.39021 2
      vertex 29.3972 7.39021 2.55
    endloop
  endfacet
  facet normal -0.839427 -0.543472 0
    outer loop
      vertex 29.4156 7.36179 2
      vertex 29.3972 7.39021 2.55
      vertex 29.3972 7.39021 2
    endloop
  endfacet
  facet normal -0.839427 -0.543472 0
    outer loop
      vertex 29.3972 7.39021 2.55
      vertex 29.4156 7.36179 2
      vertex 29.4156 7.36179 2.55
    endloop
  endfacet
  facet normal -0.813733 -0.581238 0
    outer loop
      vertex 29.4352 7.33435 2
      vertex 29.4156 7.36179 2.55
      vertex 29.4156 7.36179 2
    endloop
  endfacet
  facet normal -0.813733 -0.581238 0
    outer loop
      vertex 29.4156 7.36179 2.55
      vertex 29.4352 7.33435 2
      vertex 29.4352 7.33435 2.55
    endloop
  endfacet
  facet normal -0.788499 -0.615036 0
    outer loop
      vertex 29.4558 7.30794 2
      vertex 29.4352 7.33435 2.55
      vertex 29.4352 7.33435 2
    endloop
  endfacet
  facet normal -0.788499 -0.615036 0
    outer loop
      vertex 29.4352 7.33435 2.55
      vertex 29.4558 7.30794 2
      vertex 29.4558 7.30794 2.55
    endloop
  endfacet
  facet normal -0.763296 -0.646049 0
    outer loop
      vertex 29.4774 7.28242 2
      vertex 29.4558 7.30794 2.55
      vertex 29.4558 7.30794 2
    endloop
  endfacet
  facet normal -0.763296 -0.646049 0
    outer loop
      vertex 29.4558 7.30794 2.55
      vertex 29.4774 7.28242 2
      vertex 29.4774 7.28242 2.55
    endloop
  endfacet
  facet normal -0.737092 -0.675792 0
    outer loop
      vertex 29.5 7.25777 2
      vertex 29.4774 7.28242 2.55
      vertex 29.4774 7.28242 2
    endloop
  endfacet
  facet normal -0.737092 -0.675792 0
    outer loop
      vertex 29.4774 7.28242 2.55
      vertex 29.5 7.25777 2
      vertex 29.5 7.25777 2.55
    endloop
  endfacet
  facet normal -0.710675 -0.703521 0
    outer loop
      vertex 29.5236 7.23393 2
      vertex 29.5 7.25777 2.55
      vertex 29.5 7.25777 2
    endloop
  endfacet
  facet normal -0.710675 -0.703521 0
    outer loop
      vertex 29.5 7.25777 2.55
      vertex 29.5236 7.23393 2
      vertex 29.5236 7.23393 2.55
    endloop
  endfacet
  facet normal -0.682794 -0.730611 0
    outer loop
      vertex 29.5236 7.23393 2
      vertex 29.5482 7.21094 2.55
      vertex 29.5236 7.23393 2.55
    endloop
  endfacet
  facet normal -0.682794 -0.730611 -0
    outer loop
      vertex 29.5482 7.21094 2.55
      vertex 29.5236 7.23393 2
      vertex 29.5482 7.21094 2
    endloop
  endfacet
  facet normal -0.654481 -0.756079 0
    outer loop
      vertex 29.5482 7.21094 2
      vertex 29.5738 7.18878 2.55
      vertex 29.5482 7.21094 2.55
    endloop
  endfacet
  facet normal -0.654481 -0.756079 -0
    outer loop
      vertex 29.5738 7.18878 2.55
      vertex 29.5482 7.21094 2
      vertex 29.5738 7.18878 2
    endloop
  endfacet
  facet normal -0.625232 -0.780439 0
    outer loop
      vertex 29.5738 7.18878 2
      vertex 29.6004 7.16747 2.55
      vertex 29.5738 7.18878 2.55
    endloop
  endfacet
  facet normal -0.625232 -0.780439 -0
    outer loop
      vertex 29.6004 7.16747 2.55
      vertex 29.5738 7.18878 2
      vertex 29.6004 7.16747 2
    endloop
  endfacet
  facet normal -0.594505 -0.804092 0
    outer loop
      vertex 29.6004 7.16747 2
      vertex 29.6281 7.14699 2.55
      vertex 29.6004 7.16747 2.55
    endloop
  endfacet
  facet normal -0.594505 -0.804092 -0
    outer loop
      vertex 29.6281 7.14699 2.55
      vertex 29.6004 7.16747 2
      vertex 29.6281 7.14699 2
    endloop
  endfacet
  facet normal -0.56648 -0.824076 0
    outer loop
      vertex 29.6281 7.14699 2
      vertex 29.6567 7.12733 2.55
      vertex 29.6281 7.14699 2.55
    endloop
  endfacet
  facet normal -0.56648 -0.824076 -0
    outer loop
      vertex 29.6567 7.12733 2.55
      vertex 29.6281 7.14699 2
      vertex 29.6567 7.12733 2
    endloop
  endfacet
  facet normal -0.535934 -0.84426 0
    outer loop
      vertex 29.6567 7.12733 2
      vertex 29.6863 7.10854 2.55
      vertex 29.6567 7.12733 2.55
    endloop
  endfacet
  facet normal -0.535934 -0.84426 -0
    outer loop
      vertex 29.6863 7.10854 2.55
      vertex 29.6567 7.12733 2
      vertex 29.6863 7.10854 2
    endloop
  endfacet
  facet normal -0.509525 -0.860456 0
    outer loop
      vertex 29.6863 7.10854 2
      vertex 29.7169 7.09042 2.55
      vertex 29.6863 7.10854 2.55
    endloop
  endfacet
  facet normal -0.509525 -0.860456 -0
    outer loop
      vertex 29.7169 7.09042 2.55
      vertex 29.6863 7.10854 2
      vertex 29.7169 7.09042 2
    endloop
  endfacet
  facet normal -0.489494 -0.872007 0
    outer loop
      vertex 29.7169 7.09042 2
      vertex 29.7482 7.07285 2.55
      vertex 29.7169 7.09042 2.55
    endloop
  endfacet
  facet normal -0.489494 -0.872007 -0
    outer loop
      vertex 29.7482 7.07285 2.55
      vertex 29.7169 7.09042 2
      vertex 29.7482 7.07285 2
    endloop
  endfacet
  facet normal -0.467951 -0.883755 0
    outer loop
      vertex 29.7482 7.07285 2
      vertex 29.7804 7.0558 2.55
      vertex 29.7482 7.07285 2.55
    endloop
  endfacet
  facet normal -0.467951 -0.883755 -0
    outer loop
      vertex 29.7804 7.0558 2.55
      vertex 29.7482 7.07285 2
      vertex 29.7804 7.0558 2
    endloop
  endfacet
  facet normal -0.448517 -0.893774 0
    outer loop
      vertex 29.7804 7.0558 2
      vertex 29.8133 7.03929 2.55
      vertex 29.7804 7.0558 2.55
    endloop
  endfacet
  facet normal -0.448517 -0.893774 -0
    outer loop
      vertex 29.8133 7.03929 2.55
      vertex 29.7804 7.0558 2
      vertex 29.8133 7.03929 2
    endloop
  endfacet
  facet normal -0.427201 -0.904157 0
    outer loop
      vertex 29.8133 7.03929 2
      vertex 29.8471 7.02332 2.55
      vertex 29.8133 7.03929 2.55
    endloop
  endfacet
  facet normal -0.427201 -0.904157 -0
    outer loop
      vertex 29.8471 7.02332 2.55
      vertex 29.8133 7.03929 2
      vertex 29.8471 7.02332 2
    endloop
  endfacet
  facet normal -0.408714 -0.912662 0
    outer loop
      vertex 29.8471 7.02332 2
      vertex 29.8816 7.00787 2.55
      vertex 29.8471 7.02332 2.55
    endloop
  endfacet
  facet normal -0.408714 -0.912662 -0
    outer loop
      vertex 29.8816 7.00787 2.55
      vertex 29.8471 7.02332 2
      vertex 29.8816 7.00787 2
    endloop
  endfacet
  facet normal -0.387719 -0.921777 0
    outer loop
      vertex 29.8816 7.00787 2
      vertex 29.917 6.99298 2.55
      vertex 29.8816 7.00787 2.55
    endloop
  endfacet
  facet normal -0.387719 -0.921777 -0
    outer loop
      vertex 29.917 6.99298 2.55
      vertex 29.8816 7.00787 2
      vertex 29.917 6.99298 2
    endloop
  endfacet
  facet normal -0.368733 -0.929535 0
    outer loop
      vertex 29.917 6.99298 2
      vertex 29.9532 6.97862 2.55
      vertex 29.917 6.99298 2.55
    endloop
  endfacet
  facet normal -0.368733 -0.929535 -0
    outer loop
      vertex 29.9532 6.97862 2.55
      vertex 29.917 6.99298 2
      vertex 29.9532 6.97862 2
    endloop
  endfacet
  facet normal -0.351179 -0.936308 0
    outer loop
      vertex 29.9532 6.97862 2
      vertex 29.9901 6.96478 2.55
      vertex 29.9532 6.97862 2.55
    endloop
  endfacet
  facet normal -0.351179 -0.936308 -0
    outer loop
      vertex 29.9901 6.96478 2.55
      vertex 29.9532 6.97862 2
      vertex 29.9901 6.96478 2
    endloop
  endfacet
  facet normal -0.326823 -0.945086 0
    outer loop
      vertex 29.9901 6.96478 2
      vertex 30.0307 6.95074 2.55
      vertex 29.9901 6.96478 2.55
    endloop
  endfacet
  facet normal -0.326823 -0.945086 -0
    outer loop
      vertex 30.0307 6.95074 2.55
      vertex 29.9901 6.96478 2
      vertex 30.0307 6.95074 2
    endloop
  endfacet
  facet normal -0.304224 -0.9526 0
    outer loop
      vertex 30.0307 6.95074 2
      vertex 30.0777 6.93573 2.55
      vertex 30.0307 6.95074 2.55
    endloop
  endfacet
  facet normal -0.304224 -0.9526 -0
    outer loop
      vertex 30.0777 6.93573 2.55
      vertex 30.0307 6.95074 2
      vertex 30.0777 6.93573 2
    endloop
  endfacet
  facet normal -0.286198 -0.958171 0
    outer loop
      vertex 30.0777 6.93573 2
      vertex 30.1312 6.91975 2.55
      vertex 30.0777 6.93573 2.55
    endloop
  endfacet
  facet normal -0.286198 -0.958171 -0
    outer loop
      vertex 30.1312 6.91975 2.55
      vertex 30.0777 6.93573 2
      vertex 30.1312 6.91975 2
    endloop
  endfacet
  facet normal -0.272429 -0.962176 0
    outer loop
      vertex 30.1312 6.91975 2
      vertex 30.1911 6.90279 2.55
      vertex 30.1312 6.91975 2.55
    endloop
  endfacet
  facet normal -0.272429 -0.962176 -0
    outer loop
      vertex 30.1911 6.90279 2.55
      vertex 30.1312 6.91975 2
      vertex 30.1911 6.90279 2
    endloop
  endfacet
  facet normal -0.261059 -0.965323 0
    outer loop
      vertex 30.1911 6.90279 2
      vertex 30.2574 6.88486 2.55
      vertex 30.1911 6.90279 2.55
    endloop
  endfacet
  facet normal -0.261059 -0.965323 -0
    outer loop
      vertex 30.2574 6.88486 2.55
      vertex 30.1911 6.90279 2
      vertex 30.2574 6.88486 2
    endloop
  endfacet
  facet normal -0.251484 -0.967861 0
    outer loop
      vertex 30.2574 6.88486 2
      vertex 30.3301 6.86597 2.55
      vertex 30.2574 6.88486 2.55
    endloop
  endfacet
  facet normal -0.251484 -0.967861 -0
    outer loop
      vertex 30.3301 6.86597 2.55
      vertex 30.2574 6.88486 2
      vertex 30.3301 6.86597 2
    endloop
  endfacet
  facet normal -0.243573 -0.969883 0
    outer loop
      vertex 30.3301 6.86597 2
      vertex 30.4093 6.84608 2.55
      vertex 30.3301 6.86597 2.55
    endloop
  endfacet
  facet normal -0.243573 -0.969883 -0
    outer loop
      vertex 30.4093 6.84608 2.55
      vertex 30.3301 6.86597 2
      vertex 30.4093 6.84608 2
    endloop
  endfacet
  facet normal -0.236549 -0.97162 0
    outer loop
      vertex 30.4093 6.84608 2
      vertex 30.4949 6.82524 2.55
      vertex 30.4093 6.84608 2.55
    endloop
  endfacet
  facet normal -0.236549 -0.97162 -0
    outer loop
      vertex 30.4949 6.82524 2.55
      vertex 30.4093 6.84608 2
      vertex 30.4949 6.82524 2
    endloop
  endfacet
  facet normal -0.230772 -0.973008 0
    outer loop
      vertex 30.4949 6.82524 2
      vertex 30.5869 6.80342 2.55
      vertex 30.4949 6.82524 2.55
    endloop
  endfacet
  facet normal -0.230772 -0.973008 -0
    outer loop
      vertex 30.5869 6.80342 2.55
      vertex 30.4949 6.82524 2
      vertex 30.5869 6.80342 2
    endloop
  endfacet
  facet normal -0.201954 -0.979395 0
    outer loop
      vertex 30.5869 6.80342 2
      vertex 30.6933 6.78148 2.55
      vertex 30.5869 6.80342 2.55
    endloop
  endfacet
  facet normal -0.201954 -0.979395 -0
    outer loop
      vertex 30.6933 6.78148 2.55
      vertex 30.5869 6.80342 2
      vertex 30.6933 6.78148 2
    endloop
  endfacet
  facet normal -0.210615 -0.977569 0
    outer loop
      vertex 30.6933 6.78148 2
      vertex 30.7917 6.76028 2.55
      vertex 30.6933 6.78148 2.55
    endloop
  endfacet
  facet normal -0.210615 -0.977569 -0
    outer loop
      vertex 30.7917 6.76028 2.55
      vertex 30.6933 6.78148 2
      vertex 30.7917 6.76028 2
    endloop
  endfacet
  facet normal -0.220847 -0.975308 0
    outer loop
      vertex 30.7917 6.76028 2
      vertex 30.8821 6.73981 2.55
      vertex 30.7917 6.76028 2.55
    endloop
  endfacet
  facet normal -0.220847 -0.975308 -0
    outer loop
      vertex 30.8821 6.73981 2.55
      vertex 30.7917 6.76028 2
      vertex 30.8821 6.73981 2
    endloop
  endfacet
  facet normal -0.232481 -0.972601 0
    outer loop
      vertex 30.8821 6.73981 2
      vertex 30.9646 6.72009 2.55
      vertex 30.8821 6.73981 2.55
    endloop
  endfacet
  facet normal -0.232481 -0.972601 -0
    outer loop
      vertex 30.9646 6.72009 2.55
      vertex 30.8821 6.73981 2
      vertex 30.9646 6.72009 2
    endloop
  endfacet
  facet normal -0.24669 -0.969094 0
    outer loop
      vertex 30.9646 6.72009 2
      vertex 31.0392 6.7011 2.55
      vertex 30.9646 6.72009 2.55
    endloop
  endfacet
  facet normal -0.24669 -0.969094 -0
    outer loop
      vertex 31.0392 6.7011 2.55
      vertex 30.9646 6.72009 2
      vertex 31.0392 6.7011 2
    endloop
  endfacet
  facet normal -0.263913 -0.964547 0
    outer loop
      vertex 31.0392 6.7011 2
      vertex 31.1059 6.68285 2.55
      vertex 31.0392 6.7011 2.55
    endloop
  endfacet
  facet normal -0.263913 -0.964547 -0
    outer loop
      vertex 31.1059 6.68285 2.55
      vertex 31.0392 6.7011 2
      vertex 31.1059 6.68285 2
    endloop
  endfacet
  facet normal -0.286 -0.95823 0
    outer loop
      vertex 31.1059 6.68285 2
      vertex 31.1646 6.66533 2.55
      vertex 31.1059 6.68285 2.55
    endloop
  endfacet
  facet normal -0.286 -0.95823 -0
    outer loop
      vertex 31.1646 6.66533 2.55
      vertex 31.1059 6.68285 2
      vertex 31.1646 6.66533 2
    endloop
  endfacet
  facet normal -0.313816 -0.949484 0
    outer loop
      vertex 31.1646 6.66533 2
      vertex 31.2154 6.64854 2.55
      vertex 31.1646 6.66533 2.55
    endloop
  endfacet
  facet normal -0.313816 -0.949484 -0
    outer loop
      vertex 31.2154 6.64854 2.55
      vertex 31.1646 6.66533 2
      vertex 31.2154 6.64854 2
    endloop
  endfacet
  facet normal -0.35074 -0.936473 0
    outer loop
      vertex 31.2154 6.64854 2
      vertex 31.2582 6.63251 2.55
      vertex 31.2154 6.64854 2.55
    endloop
  endfacet
  facet normal -0.35074 -0.936473 -0
    outer loop
      vertex 31.2582 6.63251 2.55
      vertex 31.2154 6.64854 2
      vertex 31.2582 6.63251 2
    endloop
  endfacet
  facet normal -0.390525 -0.920592 0
    outer loop
      vertex 31.2582 6.63251 2
      vertex 31.2962 6.61639 2.55
      vertex 31.2582 6.63251 2.55
    endloop
  endfacet
  facet normal -0.390525 -0.920592 -0
    outer loop
      vertex 31.2962 6.61639 2.55
      vertex 31.2582 6.63251 2
      vertex 31.2962 6.61639 2
    endloop
  endfacet
  facet normal -0.427155 -0.904178 0
    outer loop
      vertex 31.2962 6.61639 2
      vertex 31.3321 6.59943 2.55
      vertex 31.2962 6.61639 2.55
    endloop
  endfacet
  facet normal -0.427155 -0.904178 -0
    outer loop
      vertex 31.3321 6.59943 2.55
      vertex 31.2962 6.61639 2
      vertex 31.3321 6.59943 2
    endloop
  endfacet
  facet normal -0.465038 -0.885291 0
    outer loop
      vertex 31.3321 6.59943 2
      vertex 31.3661 6.58157 2.55
      vertex 31.3321 6.59943 2.55
    endloop
  endfacet
  facet normal -0.465038 -0.885291 -0
    outer loop
      vertex 31.3661 6.58157 2.55
      vertex 31.3321 6.59943 2
      vertex 31.3661 6.58157 2
    endloop
  endfacet
  facet normal -0.503771 -0.863837 0
    outer loop
      vertex 31.3661 6.58157 2
      vertex 31.3982 6.56285 2.55
      vertex 31.3661 6.58157 2.55
    endloop
  endfacet
  facet normal -0.503771 -0.863837 -0
    outer loop
      vertex 31.3982 6.56285 2.55
      vertex 31.3661 6.58157 2
      vertex 31.3982 6.56285 2
    endloop
  endfacet
  facet normal -0.544207 -0.838951 0
    outer loop
      vertex 31.3982 6.56285 2
      vertex 31.4284 6.54326 2.55
      vertex 31.3982 6.56285 2.55
    endloop
  endfacet
  facet normal -0.544207 -0.838951 -0
    outer loop
      vertex 31.4284 6.54326 2.55
      vertex 31.3982 6.56285 2
      vertex 31.4284 6.54326 2
    endloop
  endfacet
  facet normal -0.58725 -0.809406 0
    outer loop
      vertex 31.4284 6.54326 2
      vertex 31.4566 6.5228 2.55
      vertex 31.4284 6.54326 2.55
    endloop
  endfacet
  facet normal -0.58725 -0.809406 -0
    outer loop
      vertex 31.4566 6.5228 2.55
      vertex 31.4284 6.54326 2
      vertex 31.4566 6.5228 2
    endloop
  endfacet
  facet normal -0.631528 -0.775353 0
    outer loop
      vertex 31.4566 6.5228 2
      vertex 31.4828 6.50146 2.55
      vertex 31.4566 6.5228 2.55
    endloop
  endfacet
  facet normal -0.631528 -0.775353 -0
    outer loop
      vertex 31.4828 6.50146 2.55
      vertex 31.4566 6.5228 2
      vertex 31.4828 6.50146 2
    endloop
  endfacet
  facet normal -0.674485 -0.738288 0
    outer loop
      vertex 31.4828 6.50146 2
      vertex 31.5071 6.47926 2.55
      vertex 31.4828 6.50146 2.55
    endloop
  endfacet
  facet normal -0.674485 -0.738288 -0
    outer loop
      vertex 31.5071 6.47926 2.55
      vertex 31.4828 6.50146 2
      vertex 31.5071 6.47926 2
    endloop
  endfacet
  facet normal -0.717448 -0.696612 0
    outer loop
      vertex 31.5295 6.45619 2
      vertex 31.5071 6.47926 2.55
      vertex 31.5071 6.47926 2
    endloop
  endfacet
  facet normal -0.717448 -0.696612 0
    outer loop
      vertex 31.5071 6.47926 2.55
      vertex 31.5295 6.45619 2
      vertex 31.5295 6.45619 2.55
    endloop
  endfacet
  facet normal -0.767831 -0.640652 0
    outer loop
      vertex 31.5497 6.43198 2
      vertex 31.5295 6.45619 2.55
      vertex 31.5295 6.45619 2
    endloop
  endfacet
  facet normal -0.767831 -0.640652 0
    outer loop
      vertex 31.5295 6.45619 2.55
      vertex 31.5497 6.43198 2
      vertex 31.5497 6.43198 2.55
    endloop
  endfacet
  facet normal -0.82114 -0.570726 0
    outer loop
      vertex 31.5675 6.40637 2
      vertex 31.5497 6.43198 2.55
      vertex 31.5497 6.43198 2
    endloop
  endfacet
  facet normal -0.82114 -0.570726 0
    outer loop
      vertex 31.5497 6.43198 2.55
      vertex 31.5675 6.40637 2
      vertex 31.5675 6.40637 2.55
    endloop
  endfacet
  facet normal -0.867412 -0.49759 0
    outer loop
      vertex 31.583 6.37935 2
      vertex 31.5675 6.40637 2.55
      vertex 31.5675 6.40637 2
    endloop
  endfacet
  facet normal -0.867412 -0.49759 0
    outer loop
      vertex 31.5675 6.40637 2.55
      vertex 31.583 6.37935 2
      vertex 31.583 6.37935 2.55
    endloop
  endfacet
  facet normal -0.908221 -0.418491 0
    outer loop
      vertex 31.5961 6.35092 2
      vertex 31.583 6.37935 2.55
      vertex 31.583 6.37935 2
    endloop
  endfacet
  facet normal -0.908221 -0.418491 0
    outer loop
      vertex 31.583 6.37935 2.55
      vertex 31.5961 6.35092 2
      vertex 31.5961 6.35092 2.55
    endloop
  endfacet
  facet normal -0.941277 -0.337635 0
    outer loop
      vertex 31.6068 6.32109 2
      vertex 31.5961 6.35092 2.55
      vertex 31.5961 6.35092 2
    endloop
  endfacet
  facet normal -0.941277 -0.337635 0
    outer loop
      vertex 31.5961 6.35092 2.55
      vertex 31.6068 6.32109 2
      vertex 31.6068 6.32109 2.55
    endloop
  endfacet
  facet normal -0.966491 -0.2567 0
    outer loop
      vertex 31.6151 6.28984 2
      vertex 31.6068 6.32109 2.55
      vertex 31.6068 6.32109 2
    endloop
  endfacet
  facet normal -0.966491 -0.2567 0
    outer loop
      vertex 31.6068 6.32109 2.55
      vertex 31.6151 6.28984 2
      vertex 31.6151 6.28984 2.55
    endloop
  endfacet
  facet normal -0.984062 -0.177824 0
    outer loop
      vertex 31.621 6.25719 2
      vertex 31.6151 6.28984 2.55
      vertex 31.6151 6.28984 2
    endloop
  endfacet
  facet normal -0.984062 -0.177824 0
    outer loop
      vertex 31.6151 6.28984 2.55
      vertex 31.621 6.25719 2
      vertex 31.621 6.25719 2.55
    endloop
  endfacet
  facet normal -0.994461 -0.10511 0
    outer loop
      vertex 31.6246 6.22313 2
      vertex 31.621 6.25719 2.55
      vertex 31.621 6.25719 2
    endloop
  endfacet
  facet normal -0.994461 -0.10511 0
    outer loop
      vertex 31.621 6.25719 2.55
      vertex 31.6246 6.22313 2
      vertex 31.6246 6.22313 2.55
    endloop
  endfacet
  facet normal -0.999428 -0.0338216 0
    outer loop
      vertex 31.6258 6.18767 2
      vertex 31.6246 6.22313 2.55
      vertex 31.6246 6.22313 2
    endloop
  endfacet
  facet normal -0.999428 -0.0338216 0
    outer loop
      vertex 31.6246 6.22313 2.55
      vertex 31.6258 6.18767 2
      vertex 31.6258 6.18767 2.55
    endloop
  endfacet
  facet normal -0.995401 0.0957922 0
    outer loop
      vertex 31.6155 6.08064 2
      vertex 31.6258 6.18767 2.55
      vertex 31.6258 6.18767 2
    endloop
  endfacet
  facet normal -0.995401 0.0957922 0
    outer loop
      vertex 31.6258 6.18767 2.55
      vertex 31.6155 6.08064 2
      vertex 31.6155 6.08064 2.55
    endloop
  endfacet
  facet normal -0.949814 0.312816 0
    outer loop
      vertex 31.5844 5.98621 2
      vertex 31.6155 6.08064 2.55
      vertex 31.6155 6.08064 2
    endloop
  endfacet
  facet normal -0.949814 0.312816 0
    outer loop
      vertex 31.6155 6.08064 2.55
      vertex 31.5844 5.98621 2
      vertex 31.5844 5.98621 2.55
    endloop
  endfacet
  facet normal -0.845464 0.534032 0
    outer loop
      vertex 31.5327 5.90436 2
      vertex 31.5844 5.98621 2.55
      vertex 31.5844 5.98621 2
    endloop
  endfacet
  facet normal -0.845464 0.534032 0
    outer loop
      vertex 31.5844 5.98621 2.55
      vertex 31.5327 5.90436 2
      vertex 31.5327 5.90436 2.55
    endloop
  endfacet
  facet normal -0.690765 0.723079 0
    outer loop
      vertex 31.5327 5.90436 2
      vertex 31.4602 5.8351 2.55
      vertex 31.5327 5.90436 2.55
    endloop
  endfacet
  facet normal -0.690765 0.723079 0
    outer loop
      vertex 31.4602 5.8351 2.55
      vertex 31.5327 5.90436 2
      vertex 31.4602 5.8351 2
    endloop
  endfacet
  facet normal -0.519883 0.854238 0
    outer loop
      vertex 31.4602 5.8351 2
      vertex 31.3671 5.77844 2.55
      vertex 31.4602 5.8351 2.55
    endloop
  endfacet
  facet normal -0.519883 0.854238 0
    outer loop
      vertex 31.3671 5.77844 2.55
      vertex 31.4602 5.8351 2
      vertex 31.3671 5.77844 2
    endloop
  endfacet
  facet normal -0.361054 0.932545 0
    outer loop
      vertex 31.3671 5.77844 2
      vertex 31.2533 5.73438 2.55
      vertex 31.3671 5.77844 2.55
    endloop
  endfacet
  facet normal -0.361054 0.932545 0
    outer loop
      vertex 31.2533 5.73438 2.55
      vertex 31.3671 5.77844 2
      vertex 31.2533 5.73438 2
    endloop
  endfacet
  facet normal -0.227893 0.973686 0
    outer loop
      vertex 31.2533 5.73438 2
      vertex 31.1188 5.7029 2.55
      vertex 31.2533 5.73438 2.55
    endloop
  endfacet
  facet normal -0.227893 0.973686 0
    outer loop
      vertex 31.1188 5.7029 2.55
      vertex 31.2533 5.73438 2
      vertex 31.1188 5.7029 2
    endloop
  endfacet
  facet normal -0.120746 0.992683 0
    outer loop
      vertex 31.1188 5.7029 2
      vertex 30.9635 5.68401 2.55
      vertex 31.1188 5.7029 2.55
    endloop
  endfacet
  facet normal -0.120746 0.992683 0
    outer loop
      vertex 30.9635 5.68401 2.55
      vertex 31.1188 5.7029 2
      vertex 30.9635 5.68401 2
    endloop
  endfacet
  facet normal -0.0358496 0.999357 0
    outer loop
      vertex 30.9635 5.68401 2
      vertex 30.7876 5.6777 2.55
      vertex 30.9635 5.68401 2.55
    endloop
  endfacet
  facet normal -0.0358496 0.999357 0
    outer loop
      vertex 30.7876 5.6777 2.55
      vertex 30.9635 5.68401 2
      vertex 30.7876 5.6777 2
    endloop
  endfacet
  facet normal 0.0194027 0.999812 -0
    outer loop
      vertex 30.7876 5.6777 2
      vertex 30.7 5.6794 2.55
      vertex 30.7876 5.6777 2.55
    endloop
  endfacet
  facet normal 0.0194027 0.999812 0
    outer loop
      vertex 30.7 5.6794 2.55
      vertex 30.7876 5.6777 2
      vertex 30.7 5.6794 2
    endloop
  endfacet
  facet normal 0.0606325 0.99816 -0
    outer loop
      vertex 30.7 5.6794 2
      vertex 30.6167 5.68446 2.55
      vertex 30.7 5.6794 2.55
    endloop
  endfacet
  facet normal 0.0606325 0.99816 0
    outer loop
      vertex 30.6167 5.68446 2.55
      vertex 30.7 5.6794 2
      vertex 30.6167 5.68446 2
    endloop
  endfacet
  facet normal 0.106738 0.994287 -0
    outer loop
      vertex 30.6167 5.68446 2
      vertex 30.5378 5.69293 2.55
      vertex 30.6167 5.68446 2.55
    endloop
  endfacet
  facet normal 0.106738 0.994287 0
    outer loop
      vertex 30.5378 5.69293 2.55
      vertex 30.6167 5.68446 2
      vertex 30.5378 5.69293 2
    endloop
  endfacet
  facet normal 0.156622 0.987659 -0
    outer loop
      vertex 30.5378 5.69293 2
      vertex 30.4632 5.70476 2.55
      vertex 30.5378 5.69293 2.55
    endloop
  endfacet
  facet normal 0.156622 0.987659 0
    outer loop
      vertex 30.4632 5.70476 2.55
      vertex 30.5378 5.69293 2
      vertex 30.4632 5.70476 2
    endloop
  endfacet
  facet normal 0.212019 0.977265 -0
    outer loop
      vertex 30.4632 5.70476 2
      vertex 30.393 5.71999 2.55
      vertex 30.4632 5.70476 2.55
    endloop
  endfacet
  facet normal 0.212019 0.977265 0
    outer loop
      vertex 30.393 5.71999 2.55
      vertex 30.4632 5.70476 2
      vertex 30.393 5.71999 2
    endloop
  endfacet
  facet normal 0.271363 0.962477 -0
    outer loop
      vertex 30.393 5.71999 2
      vertex 30.3271 5.73857 2.55
      vertex 30.393 5.71999 2.55
    endloop
  endfacet
  facet normal 0.271363 0.962477 0
    outer loop
      vertex 30.3271 5.73857 2.55
      vertex 30.393 5.71999 2
      vertex 30.3271 5.73857 2
    endloop
  endfacet
  facet normal 0.336686 0.941617 -0
    outer loop
      vertex 30.3271 5.73857 2
      vertex 30.2656 5.76056 2.55
      vertex 30.3271 5.73857 2.55
    endloop
  endfacet
  facet normal 0.336686 0.941617 0
    outer loop
      vertex 30.2656 5.76056 2.55
      vertex 30.3271 5.73857 2
      vertex 30.2656 5.76056 2
    endloop
  endfacet
  facet normal 0.405308 0.91418 -0
    outer loop
      vertex 30.2656 5.76056 2
      vertex 30.2084 5.78592 2.55
      vertex 30.2656 5.76056 2.55
    endloop
  endfacet
  facet normal 0.405308 0.91418 0
    outer loop
      vertex 30.2084 5.78592 2.55
      vertex 30.2656 5.76056 2
      vertex 30.2084 5.78592 2
    endloop
  endfacet
  facet normal 0.478211 0.878245 -0
    outer loop
      vertex 30.2084 5.78592 2
      vertex 30.1556 5.81467 2.55
      vertex 30.2084 5.78592 2.55
    endloop
  endfacet
  facet normal 0.478211 0.878245 0
    outer loop
      vertex 30.1556 5.81467 2.55
      vertex 30.2084 5.78592 2
      vertex 30.1556 5.81467 2
    endloop
  endfacet
  facet normal 0.554307 0.832313 -0
    outer loop
      vertex 30.1556 5.81467 2
      vertex 30.1068 5.84717 2.55
      vertex 30.1556 5.81467 2.55
    endloop
  endfacet
  facet normal 0.554307 0.832313 0
    outer loop
      vertex 30.1068 5.84717 2.55
      vertex 30.1556 5.81467 2
      vertex 30.1068 5.84717 2
    endloop
  endfacet
  facet normal 0.630346 0.776314 -0
    outer loop
      vertex 30.1068 5.84717 2
      vertex 30.0617 5.88379 2.55
      vertex 30.1068 5.84717 2.55
    endloop
  endfacet
  facet normal 0.630346 0.776314 0
    outer loop
      vertex 30.0617 5.88379 2.55
      vertex 30.1068 5.84717 2
      vertex 30.0617 5.88379 2
    endloop
  endfacet
  facet normal 0.701402 0.712765 -0
    outer loop
      vertex 30.0617 5.88379 2
      vertex 30.0203 5.92453 2.55
      vertex 30.0617 5.88379 2.55
    endloop
  endfacet
  facet normal 0.701402 0.712765 0
    outer loop
      vertex 30.0203 5.92453 2.55
      vertex 30.0617 5.88379 2
      vertex 30.0203 5.92453 2
    endloop
  endfacet
  facet normal 0.764717 0.644367 0
    outer loop
      vertex 30.0203 5.92453 2.55
      vertex 29.9825 5.96939 2
      vertex 29.9825 5.96939 2.55
    endloop
  endfacet
  facet normal 0.764717 0.644367 0
    outer loop
      vertex 29.9825 5.96939 2
      vertex 30.0203 5.92453 2.55
      vertex 30.0203 5.92453 2
    endloop
  endfacet
  facet normal 0.821479 0.570239 0
    outer loop
      vertex 29.9825 5.96939 2.55
      vertex 29.9485 6.01837 2
      vertex 29.9485 6.01837 2.55
    endloop
  endfacet
  facet normal 0.821479 0.570239 0
    outer loop
      vertex 29.9485 6.01837 2
      vertex 29.9825 5.96939 2.55
      vertex 29.9825 5.96939 2
    endloop
  endfacet
  facet normal 0.867841 0.496843 0
    outer loop
      vertex 29.9485 6.01837 2.55
      vertex 29.9181 6.07147 2
      vertex 29.9181 6.07147 2.55
    endloop
  endfacet
  facet normal 0.867841 0.496843 0
    outer loop
      vertex 29.9181 6.07147 2
      vertex 29.9485 6.01837 2.55
      vertex 29.9485 6.01837 2
    endloop
  endfacet
  facet normal 0.906171 0.422911 0
    outer loop
      vertex 29.9181 6.07147 2.55
      vertex 29.8914 6.12868 2
      vertex 29.8914 6.12868 2.55
    endloop
  endfacet
  facet normal 0.906171 0.422911 0
    outer loop
      vertex 29.8914 6.12868 2
      vertex 29.9181 6.07147 2.55
      vertex 29.9181 6.07147 2
    endloop
  endfacet
  facet normal 0.936342 0.35109 0
    outer loop
      vertex 29.8914 6.12868 2.55
      vertex 29.8684 6.19002 2
      vertex 29.8684 6.19002 2.55
    endloop
  endfacet
  facet normal 0.936342 0.35109 0
    outer loop
      vertex 29.8684 6.19002 2
      vertex 29.8914 6.12868 2.55
      vertex 29.8914 6.12868 2
    endloop
  endfacet
  facet normal 0.959155 0.28288 0
    outer loop
      vertex 29.8684 6.19002 2.55
      vertex 29.8491 6.25546 2
      vertex 29.8491 6.25546 2.55
    endloop
  endfacet
  facet normal 0.959155 0.28288 0
    outer loop
      vertex 29.8491 6.25546 2
      vertex 29.8684 6.19002 2.55
      vertex 29.8684 6.19002 2
    endloop
  endfacet
  facet normal -0.162685 0.986678 0
    outer loop
      vertex 29.8491 6.25546 2
      vertex 29.076 6.12799 2.55
      vertex 29.8491 6.25546 2.55
    endloop
  endfacet
  facet normal -0.162685 0.986678 0
    outer loop
      vertex 29.076 6.12799 2.55
      vertex 29.8491 6.25546 2
      vertex 29.076 6.12799 2
    endloop
  endfacet
  facet normal -0.966783 -0.255597 0
    outer loop
      vertex 29.1062 6.01376 2
      vertex 29.076 6.12799 2.55
      vertex 29.076 6.12799 2
    endloop
  endfacet
  facet normal -0.966783 -0.255597 0
    outer loop
      vertex 29.076 6.12799 2.55
      vertex 29.1062 6.01376 2
      vertex 29.1062 6.01376 2.55
    endloop
  endfacet
  facet normal -0.944013 -0.329909 0
    outer loop
      vertex 29.1438 5.90617 2
      vertex 29.1062 6.01376 2.55
      vertex 29.1062 6.01376 2
    endloop
  endfacet
  facet normal -0.944013 -0.329909 0
    outer loop
      vertex 29.1062 6.01376 2.55
      vertex 29.1438 5.90617 2
      vertex 29.1438 5.90617 2.55
    endloop
  endfacet
  facet normal -0.913378 -0.407112 0
    outer loop
      vertex 29.1888 5.80521 2
      vertex 29.1438 5.90617 2.55
      vertex 29.1438 5.90617 2
    endloop
  endfacet
  facet normal -0.913378 -0.407112 0
    outer loop
      vertex 29.1438 5.90617 2.55
      vertex 29.1888 5.80521 2
      vertex 29.1888 5.80521 2.55
    endloop
  endfacet
  facet normal -0.874572 -0.484895 0
    outer loop
      vertex 29.2411 5.71088 2
      vertex 29.1888 5.80521 2.55
      vertex 29.1888 5.80521 2
    endloop
  endfacet
  facet normal -0.874572 -0.484895 0
    outer loop
      vertex 29.1888 5.80521 2.55
      vertex 29.2411 5.71088 2
      vertex 29.2411 5.71088 2.55
    endloop
  endfacet
  facet normal -0.826676 -0.562679 0
    outer loop
      vertex 29.3008 5.62317 2
      vertex 29.2411 5.71088 2.55
      vertex 29.2411 5.71088 2
    endloop
  endfacet
  facet normal -0.826676 -0.562679 0
    outer loop
      vertex 29.2411 5.71088 2.55
      vertex 29.3008 5.62317 2
      vertex 29.3008 5.62317 2.55
    endloop
  endfacet
  facet normal -0.770826 -0.637046 0
    outer loop
      vertex 29.3678 5.5421 2
      vertex 29.3008 5.62317 2.55
      vertex 29.3008 5.62317 2
    endloop
  endfacet
  facet normal -0.770826 -0.637046 0
    outer loop
      vertex 29.3008 5.62317 2.55
      vertex 29.3678 5.5421 2
      vertex 29.3678 5.5421 2.55
    endloop
  endfacet
  facet normal -0.707249 -0.706964 0
    outer loop
      vertex 29.4422 5.46767 2
      vertex 29.3678 5.5421 2.55
      vertex 29.3678 5.5421 2
    endloop
  endfacet
  facet normal -0.707249 -0.706964 0
    outer loop
      vertex 29.3678 5.5421 2.55
      vertex 29.4422 5.46767 2
      vertex 29.4422 5.46767 2.55
    endloop
  endfacet
  facet normal -0.638201 -0.76987 0
    outer loop
      vertex 29.4422 5.46767 2
      vertex 29.524 5.39986 2.55
      vertex 29.4422 5.46767 2.55
    endloop
  endfacet
  facet normal -0.638201 -0.76987 -0
    outer loop
      vertex 29.524 5.39986 2.55
      vertex 29.4422 5.46767 2
      vertex 29.524 5.39986 2
    endloop
  endfacet
  facet normal -0.566113 -0.824328 0
    outer loop
      vertex 29.524 5.39986 2
      vertex 29.6131 5.33867 2.55
      vertex 29.524 5.39986 2.55
    endloop
  endfacet
  facet normal -0.566113 -0.824328 -0
    outer loop
      vertex 29.6131 5.33867 2.55
      vertex 29.524 5.39986 2
      vertex 29.6131 5.33867 2
    endloop
  endfacet
  facet normal -0.491696 -0.870767 0
    outer loop
      vertex 29.6131 5.33867 2
      vertex 29.7099 5.28401 2.55
      vertex 29.6131 5.33867 2.55
    endloop
  endfacet
  facet normal -0.491696 -0.870767 -0
    outer loop
      vertex 29.7099 5.28401 2.55
      vertex 29.6131 5.33867 2
      vertex 29.7099 5.28401 2
    endloop
  endfacet
  facet normal -0.418651 -0.908147 0
    outer loop
      vertex 29.7099 5.28401 2
      vertex 29.8145 5.23579 2.55
      vertex 29.7099 5.28401 2.55
    endloop
  endfacet
  facet normal -0.418651 -0.908147 -0
    outer loop
      vertex 29.8145 5.23579 2.55
      vertex 29.7099 5.28401 2
      vertex 29.8145 5.23579 2
    endloop
  endfacet
  facet normal -0.34849 -0.937312 0
    outer loop
      vertex 29.8145 5.23579 2
      vertex 29.9269 5.194 2.55
      vertex 29.8145 5.23579 2.55
    endloop
  endfacet
  facet normal -0.34849 -0.937312 -0
    outer loop
      vertex 29.9269 5.194 2.55
      vertex 29.8145 5.23579 2
      vertex 29.9269 5.194 2
    endloop
  endfacet
  facet normal -0.282292 -0.959329 0
    outer loop
      vertex 29.9269 5.194 2
      vertex 30.0471 5.15863 2.55
      vertex 29.9269 5.194 2.55
    endloop
  endfacet
  facet normal -0.282292 -0.959329 -0
    outer loop
      vertex 30.0471 5.15863 2.55
      vertex 29.9269 5.194 2
      vertex 30.0471 5.15863 2
    endloop
  endfacet
  facet normal -0.220291 -0.975434 0
    outer loop
      vertex 30.0471 5.15863 2
      vertex 30.1752 5.1297 2.55
      vertex 30.0471 5.15863 2.55
    endloop
  endfacet
  facet normal -0.220291 -0.975434 -0
    outer loop
      vertex 30.1752 5.1297 2.55
      vertex 30.0471 5.15863 2
      vertex 30.1752 5.1297 2
    endloop
  endfacet
  facet normal -0.163269 -0.986582 0
    outer loop
      vertex 30.1752 5.1297 2
      vertex 30.3111 5.10721 2.55
      vertex 30.1752 5.1297 2.55
    endloop
  endfacet
  facet normal -0.163269 -0.986582 -0
    outer loop
      vertex 30.3111 5.10721 2.55
      vertex 30.1752 5.1297 2
      vertex 30.3111 5.10721 2
    endloop
  endfacet
  facet normal -0.111129 -0.993806 0
    outer loop
      vertex 30.3111 5.10721 2
      vertex 30.4549 5.09113 2.55
      vertex 30.3111 5.10721 2.55
    endloop
  endfacet
  facet normal -0.111129 -0.993806 -0
    outer loop
      vertex 30.4549 5.09113 2.55
      vertex 30.3111 5.10721 2
      vertex 30.4549 5.09113 2
    endloop
  endfacet
  facet normal -0.0635258 -0.99798 0
    outer loop
      vertex 30.4549 5.09113 2
      vertex 30.6065 5.08148 2.55
      vertex 30.4549 5.09113 2.55
    endloop
  endfacet
  facet normal -0.0635258 -0.99798 -0
    outer loop
      vertex 30.6065 5.08148 2.55
      vertex 30.4549 5.09113 2
      vertex 30.6065 5.08148 2
    endloop
  endfacet
  facet normal -0.0201966 -0.999796 0
    outer loop
      vertex 30.6065 5.08148 2
      vertex 30.7659 5.07826 2.55
      vertex 30.6065 5.08148 2.55
    endloop
  endfacet
  facet normal -0.0201966 -0.999796 -0
    outer loop
      vertex 30.7659 5.07826 2.55
      vertex 30.6065 5.08148 2
      vertex 30.7659 5.07826 2
    endloop
  endfacet
  facet normal 0.0211204 -0.999777 0
    outer loop
      vertex 30.7659 5.07826 2
      vertex 30.9401 5.08194 2.55
      vertex 30.7659 5.07826 2.55
    endloop
  endfacet
  facet normal 0.0211204 -0.999777 0
    outer loop
      vertex 30.9401 5.08194 2.55
      vertex 30.7659 5.07826 2
      vertex 30.9401 5.08194 2
    endloop
  endfacet
  facet normal 0.0666799 -0.997774 0
    outer loop
      vertex 42.0955 5.08194 2
      vertex 42.2601 5.09294 2.55
      vertex 42.0955 5.08194 2.55
    endloop
  endfacet
  facet normal 0.0666799 -0.997774 0
    outer loop
      vertex 42.2601 5.09294 2.55
      vertex 42.0955 5.08194 2
      vertex 42.2601 5.09294 2
    endloop
  endfacet
  facet normal 0.11744 -0.99308 0
    outer loop
      vertex 42.2601 5.09294 2
      vertex 42.4151 5.11127 2.55
      vertex 42.2601 5.09294 2.55
    endloop
  endfacet
  facet normal 0.11744 -0.99308 0
    outer loop
      vertex 42.4151 5.11127 2.55
      vertex 42.2601 5.09294 2
      vertex 42.4151 5.11127 2
    endloop
  endfacet
  facet normal 0.173793 -0.984782 0
    outer loop
      vertex 42.4151 5.11127 2
      vertex 42.5605 5.13693 2.55
      vertex 42.4151 5.11127 2.55
    endloop
  endfacet
  facet normal 0.173793 -0.984782 0
    outer loop
      vertex 42.5605 5.13693 2.55
      vertex 42.4151 5.11127 2
      vertex 42.5605 5.13693 2
    endloop
  endfacet
  facet normal 0.236364 -0.971664 0
    outer loop
      vertex 42.5605 5.13693 2
      vertex 42.6962 5.16994 2.55
      vertex 42.5605 5.13693 2.55
    endloop
  endfacet
  facet normal 0.236364 -0.971664 0
    outer loop
      vertex 42.6962 5.16994 2.55
      vertex 42.5605 5.13693 2
      vertex 42.6962 5.16994 2
    endloop
  endfacet
  facet normal 0.304406 -0.952542 0
    outer loop
      vertex 42.6962 5.16994 2
      vertex 42.8224 5.21027 2.55
      vertex 42.6962 5.16994 2.55
    endloop
  endfacet
  facet normal 0.304406 -0.952542 0
    outer loop
      vertex 42.8224 5.21027 2.55
      vertex 42.6962 5.16994 2
      vertex 42.8224 5.21027 2
    endloop
  endfacet
  facet normal 0.378361 -0.925658 0
    outer loop
      vertex 42.8224 5.21027 2
      vertex 42.939 5.25793 2.55
      vertex 42.8224 5.21027 2.55
    endloop
  endfacet
  facet normal 0.378361 -0.925658 0
    outer loop
      vertex 42.939 5.25793 2.55
      vertex 42.8224 5.21027 2
      vertex 42.939 5.25793 2
    endloop
  endfacet
  facet normal 0.457498 -0.88921 0
    outer loop
      vertex 42.939 5.25793 2
      vertex 43.0459 5.31293 2.55
      vertex 42.939 5.25793 2.55
    endloop
  endfacet
  facet normal 0.457498 -0.88921 0
    outer loop
      vertex 43.0459 5.31293 2.55
      vertex 42.939 5.25793 2
      vertex 43.0459 5.31293 2
    endloop
  endfacet
  facet normal 0.539471 -0.842004 0
    outer loop
      vertex 43.0459 5.31293 2
      vertex 43.1432 5.37527 2.55
      vertex 43.0459 5.31293 2.55
    endloop
  endfacet
  facet normal 0.539471 -0.842004 0
    outer loop
      vertex 43.1432 5.37527 2.55
      vertex 43.0459 5.31293 2
      vertex 43.1432 5.37527 2
    endloop
  endfacet
  facet normal 0.62108 -0.783748 0
    outer loop
      vertex 43.1432 5.37527 2
      vertex 43.2306 5.44453 2.55
      vertex 43.1432 5.37527 2.55
    endloop
  endfacet
  facet normal 0.62108 -0.783748 0
    outer loop
      vertex 43.2306 5.44453 2.55
      vertex 43.1432 5.37527 2
      vertex 43.2306 5.44453 2
    endloop
  endfacet
  facet normal 0.701116 -0.713047 0
    outer loop
      vertex 43.2306 5.44453 2
      vertex 43.3077 5.52034 2.55
      vertex 43.2306 5.44453 2.55
    endloop
  endfacet
  facet normal 0.701116 -0.713047 0
    outer loop
      vertex 43.3077 5.52034 2.55
      vertex 43.2306 5.44453 2
      vertex 43.3077 5.52034 2
    endloop
  endfacet
  facet normal 0.77612 -0.630586 0
    outer loop
      vertex 43.3077 5.52034 2.55
      vertex 43.3746 5.60268 2
      vertex 43.3746 5.60268 2.55
    endloop
  endfacet
  facet normal 0.77612 -0.630586 0
    outer loop
      vertex 43.3746 5.60268 2
      vertex 43.3077 5.52034 2.55
      vertex 43.3077 5.52034 2
    endloop
  endfacet
  facet normal 0.843865 -0.536556 0
    outer loop
      vertex 43.3746 5.60268 2.55
      vertex 43.4311 5.69154 2
      vertex 43.4311 5.69154 2.55
    endloop
  endfacet
  facet normal 0.843865 -0.536556 0
    outer loop
      vertex 43.4311 5.69154 2
      vertex 43.3746 5.60268 2.55
      vertex 43.3746 5.60268 2
    endloop
  endfacet
  facet normal 0.899628 -0.436658 0
    outer loop
      vertex 43.4311 5.69154 2.55
      vertex 43.4774 5.78693 2
      vertex 43.4774 5.78693 2.55
    endloop
  endfacet
  facet normal 0.899628 -0.436658 0
    outer loop
      vertex 43.4774 5.78693 2
      vertex 43.4311 5.69154 2.55
      vertex 43.4311 5.69154 2
    endloop
  endfacet
  facet normal 0.942908 -0.333052 0
    outer loop
      vertex 43.4774 5.78693 2.55
      vertex 43.5134 5.88885 2
      vertex 43.5134 5.88885 2.55
    endloop
  endfacet
  facet normal 0.942908 -0.333052 0
    outer loop
      vertex 43.5134 5.88885 2
      vertex 43.4774 5.78693 2.55
      vertex 43.4774 5.78693 2
    endloop
  endfacet
  facet normal 0.973051 -0.230589 0
    outer loop
      vertex 43.5134 5.88885 2.55
      vertex 43.5391 5.9973 2
      vertex 43.5391 5.9973 2.55
    endloop
  endfacet
  facet normal 0.973051 -0.230589 0
    outer loop
      vertex 43.5391 5.9973 2
      vertex 43.5134 5.88885 2.55
      vertex 43.5134 5.88885 2
    endloop
  endfacet
  facet normal 0.991148 -0.132762 0
    outer loop
      vertex 43.5391 5.9973 2.55
      vertex 43.5545 6.11227 2
      vertex 43.5545 6.11227 2.55
    endloop
  endfacet
  facet normal 0.991148 -0.132762 0
    outer loop
      vertex 43.5545 6.11227 2
      vertex 43.5391 5.9973 2.55
      vertex 43.5391 5.9973 2
    endloop
  endfacet
  facet normal 0.999121 -0.041928 0
    outer loop
      vertex 43.5545 6.11227 2.55
      vertex 43.5596 6.2338 2
      vertex 43.5596 6.2338 2.55
    endloop
  endfacet
  facet normal 0.999121 -0.041928 0
    outer loop
      vertex 43.5596 6.2338 2
      vertex 43.5545 6.11227 2.55
      vertex 43.5545 6.11227 2
    endloop
  endfacet
  facet normal 0.999852 0.0171894 0
    outer loop
      vertex 43.5596 6.2338 2.55
      vertex 43.5587 6.28615 2
      vertex 43.5587 6.28615 2.55
    endloop
  endfacet
  facet normal 0.999852 0.0171894 0
    outer loop
      vertex 43.5587 6.28615 2
      vertex 43.5596 6.2338 2.55
      vertex 43.5596 6.2338 2
    endloop
  endfacet
  facet normal 0.9986 0.0528878 0
    outer loop
      vertex 43.5587 6.28615 2.55
      vertex 43.556 6.33713 2
      vertex 43.556 6.33713 2.55
    endloop
  endfacet
  facet normal 0.9986 0.0528878 0
    outer loop
      vertex 43.556 6.33713 2
      vertex 43.5587 6.28615 2.55
      vertex 43.5587 6.28615 2
    endloop
  endfacet
  facet normal 0.99591 0.0903547 0
    outer loop
      vertex 43.556 6.33713 2.55
      vertex 43.5515 6.38673 2
      vertex 43.5515 6.38673 2.55
    endloop
  endfacet
  facet normal 0.99591 0.0903547 0
    outer loop
      vertex 43.5515 6.38673 2
      vertex 43.556 6.33713 2.55
      vertex 43.556 6.33713 2
    endloop
  endfacet
  facet normal 0.99158 0.129497 0
    outer loop
      vertex 43.5515 6.38673 2.55
      vertex 43.5452 6.43497 2
      vertex 43.5452 6.43497 2.55
    endloop
  endfacet
  facet normal 0.99158 0.129497 0
    outer loop
      vertex 43.5452 6.43497 2
      vertex 43.5515 6.38673 2.55
      vertex 43.5515 6.38673 2
    endloop
  endfacet
  facet normal 0.985032 0.17237 0
    outer loop
      vertex 43.5452 6.43497 2.55
      vertex 43.537 6.48183 2
      vertex 43.537 6.48183 2.55
    endloop
  endfacet
  facet normal 0.985032 0.17237 0
    outer loop
      vertex 43.537 6.48183 2
      vertex 43.5452 6.43497 2.55
      vertex 43.5452 6.43497 2
    endloop
  endfacet
  facet normal 0.977118 0.212697 0
    outer loop
      vertex 43.537 6.48183 2.55
      vertex 43.5271 6.52731 2
      vertex 43.5271 6.52731 2.55
    endloop
  endfacet
  facet normal 0.977118 0.212697 0
    outer loop
      vertex 43.5271 6.52731 2
      vertex 43.537 6.48183 2.55
      vertex 43.537 6.48183 2
    endloop
  endfacet
  facet normal 0.966046 0.258371 0
    outer loop
      vertex 43.5271 6.52731 2.55
      vertex 43.5153 6.57143 2
      vertex 43.5153 6.57143 2.55
    endloop
  endfacet
  facet normal 0.966046 0.258371 0
    outer loop
      vertex 43.5153 6.57143 2
      vertex 43.5271 6.52731 2.55
      vertex 43.5271 6.52731 2
    endloop
  endfacet
  facet normal 0.953583 0.301131 0
    outer loop
      vertex 43.5153 6.57143 2.55
      vertex 43.5018 6.61418 2
      vertex 43.5018 6.61418 2.55
    endloop
  endfacet
  facet normal 0.953583 0.301131 0
    outer loop
      vertex 43.5018 6.61418 2
      vertex 43.5153 6.57143 2.55
      vertex 43.5153 6.57143 2
    endloop
  endfacet
  facet normal 0.937174 0.348863 0
    outer loop
      vertex 43.5018 6.61418 2.55
      vertex 43.4864 6.65555 2
      vertex 43.4864 6.65555 2.55
    endloop
  endfacet
  facet normal 0.937174 0.348863 0
    outer loop
      vertex 43.4864 6.65555 2
      vertex 43.5018 6.61418 2.55
      vertex 43.5018 6.61418 2
    endloop
  endfacet
  facet normal 0.919679 0.392672 0
    outer loop
      vertex 43.4864 6.65555 2.55
      vertex 43.4693 6.6956 2
      vertex 43.4693 6.6956 2.55
    endloop
  endfacet
  facet normal 0.919679 0.392672 0
    outer loop
      vertex 43.4693 6.6956 2
      vertex 43.4864 6.65555 2.55
      vertex 43.4864 6.65555 2
    endloop
  endfacet
  facet normal 0.90079 0.434255 0
    outer loop
      vertex 43.4693 6.6956 2.55
      vertex 43.4506 6.73439 2
      vertex 43.4506 6.73439 2.55
    endloop
  endfacet
  facet normal 0.90079 0.434255 0
    outer loop
      vertex 43.4506 6.73439 2
      vertex 43.4693 6.6956 2.55
      vertex 43.4693 6.6956 2
    endloop
  endfacet
  facet normal 0.879468 0.475958 0
    outer loop
      vertex 43.4506 6.73439 2.55
      vertex 43.4303 6.7719 2
      vertex 43.4303 6.7719 2.55
    endloop
  endfacet
  facet normal 0.879468 0.475958 0
    outer loop
      vertex 43.4303 6.7719 2
      vertex 43.4506 6.73439 2.55
      vertex 43.4506 6.73439 2
    endloop
  endfacet
  facet normal 0.855863 0.517202 0
    outer loop
      vertex 43.4303 6.7719 2.55
      vertex 43.4084 6.80814 2
      vertex 43.4084 6.80814 2.55
    endloop
  endfacet
  facet normal 0.855863 0.517202 0
    outer loop
      vertex 43.4084 6.80814 2
      vertex 43.4303 6.7719 2.55
      vertex 43.4303 6.7719 2
    endloop
  endfacet
  facet normal 0.829852 0.557983 0
    outer loop
      vertex 43.4084 6.80814 2.55
      vertex 43.3849 6.84309 2
      vertex 43.3849 6.84309 2.55
    endloop
  endfacet
  facet normal 0.829852 0.557983 0
    outer loop
      vertex 43.3849 6.84309 2
      vertex 43.4084 6.80814 2.55
      vertex 43.4084 6.80814 2
    endloop
  endfacet
  facet normal 0.801995 0.597331 0
    outer loop
      vertex 43.3849 6.84309 2.55
      vertex 43.3598 6.87679 2
      vertex 43.3598 6.87679 2.55
    endloop
  endfacet
  facet normal 0.801995 0.597331 0
    outer loop
      vertex 43.3598 6.87679 2
      vertex 43.3849 6.84309 2.55
      vertex 43.3849 6.84309 2
    endloop
  endfacet
  facet normal 0.771916 0.635724 0
    outer loop
      vertex 43.3598 6.87679 2.55
      vertex 43.3331 6.90921 2
      vertex 43.3331 6.90921 2.55
    endloop
  endfacet
  facet normal 0.771916 0.635724 0
    outer loop
      vertex 43.3331 6.90921 2
      vertex 43.3598 6.87679 2.55
      vertex 43.3598 6.87679 2
    endloop
  endfacet
  facet normal 0.738866 0.673853 0
    outer loop
      vertex 43.3331 6.90921 2.55
      vertex 43.3047 6.94035 2
      vertex 43.3047 6.94035 2.55
    endloop
  endfacet
  facet normal 0.738866 0.673853 0
    outer loop
      vertex 43.3047 6.94035 2
      vertex 43.3331 6.90921 2.55
      vertex 43.3331 6.90921 2
    endloop
  endfacet
  facet normal 0.70687 0.707343 -0
    outer loop
      vertex 43.3047 6.94035 2
      vertex 43.2748 6.97023 2.55
      vertex 43.3047 6.94035 2.55
    endloop
  endfacet
  facet normal 0.70687 0.707343 0
    outer loop
      vertex 43.2748 6.97023 2.55
      vertex 43.3047 6.94035 2
      vertex 43.2748 6.97023 2
    endloop
  endfacet
  facet normal 0.669221 0.743063 -0
    outer loop
      vertex 43.2748 6.97023 2
      vertex 43.2428 6.99905 2.55
      vertex 43.2748 6.97023 2.55
    endloop
  endfacet
  facet normal 0.669221 0.743063 0
    outer loop
      vertex 43.2428 6.99905 2.55
      vertex 43.2748 6.97023 2
      vertex 43.2428 6.99905 2
    endloop
  endfacet
  facet normal 0.631543 0.775341 -0
    outer loop
      vertex 43.2428 6.99905 2
      vertex 43.2084 7.02707 2.55
      vertex 43.2428 6.99905 2.55
    endloop
  endfacet
  facet normal 0.631543 0.775341 0
    outer loop
      vertex 43.2084 7.02707 2.55
      vertex 43.2428 6.99905 2
      vertex 43.2084 7.02707 2
    endloop
  endfacet
  facet normal 0.594956 0.803758 -0
    outer loop
      vertex 43.2084 7.02707 2
      vertex 43.1716 7.05431 2.55
      vertex 43.2084 7.02707 2.55
    endloop
  endfacet
  facet normal 0.594956 0.803758 0
    outer loop
      vertex 43.1716 7.05431 2.55
      vertex 43.2084 7.02707 2
      vertex 43.1716 7.05431 2
    endloop
  endfacet
  facet normal 0.557767 0.829998 -0
    outer loop
      vertex 43.1716 7.05431 2
      vertex 43.1323 7.08072 2.55
      vertex 43.1716 7.05431 2.55
    endloop
  endfacet
  facet normal 0.557767 0.829998 0
    outer loop
      vertex 43.1323 7.08072 2.55
      vertex 43.1716 7.05431 2
      vertex 43.1323 7.08072 2
    endloop
  endfacet
  facet normal 0.522572 0.852595 -0
    outer loop
      vertex 43.1323 7.08072 2
      vertex 43.0905 7.10634 2.55
      vertex 43.1323 7.08072 2.55
    endloop
  endfacet
  facet normal 0.522572 0.852595 0
    outer loop
      vertex 43.0905 7.10634 2.55
      vertex 43.1323 7.08072 2
      vertex 43.0905 7.10634 2
    endloop
  endfacet
  facet normal 0.490318 0.871544 -0
    outer loop
      vertex 43.0905 7.10634 2
      vertex 43.0464 7.13115 2.55
      vertex 43.0905 7.10634 2.55
    endloop
  endfacet
  facet normal 0.490318 0.871544 0
    outer loop
      vertex 43.0464 7.13115 2.55
      vertex 43.0905 7.10634 2
      vertex 43.0464 7.13115 2
    endloop
  endfacet
  facet normal 0.457391 0.889266 -0
    outer loop
      vertex 43.0464 7.13115 2
      vertex 42.9997 7.15517 2.55
      vertex 43.0464 7.13115 2.55
    endloop
  endfacet
  facet normal 0.457391 0.889266 0
    outer loop
      vertex 42.9997 7.15517 2.55
      vertex 43.0464 7.13115 2
      vertex 42.9997 7.15517 2
    endloop
  endfacet
  facet normal 0.427366 0.904079 -0
    outer loop
      vertex 42.9997 7.15517 2
      vertex 42.9506 7.17838 2.55
      vertex 42.9997 7.15517 2.55
    endloop
  endfacet
  facet normal 0.427366 0.904079 0
    outer loop
      vertex 42.9506 7.17838 2.55
      vertex 42.9997 7.15517 2
      vertex 42.9506 7.17838 2
    endloop
  endfacet
  facet normal 0.398856 0.917013 -0
    outer loop
      vertex 42.9506 7.17838 2
      vertex 42.8991 7.20078 2.55
      vertex 42.9506 7.17838 2.55
    endloop
  endfacet
  facet normal 0.398856 0.917013 0
    outer loop
      vertex 42.8991 7.20078 2.55
      vertex 42.9506 7.17838 2
      vertex 42.8991 7.20078 2
    endloop
  endfacet
  facet normal 0.365286 0.930895 -0
    outer loop
      vertex 42.8991 7.20078 2
      vertex 42.8425 7.22299 2.55
      vertex 42.8991 7.20078 2.55
    endloop
  endfacet
  facet normal 0.365286 0.930895 0
    outer loop
      vertex 42.8425 7.22299 2.55
      vertex 42.8991 7.20078 2
      vertex 42.8425 7.22299 2
    endloop
  endfacet
  facet normal 0.332245 0.943193 -0
    outer loop
      vertex 42.8425 7.22299 2
      vertex 42.7782 7.24564 2.55
      vertex 42.8425 7.22299 2.55
    endloop
  endfacet
  facet normal 0.332245 0.943193 0
    outer loop
      vertex 42.7782 7.24564 2.55
      vertex 42.8425 7.22299 2
      vertex 42.7782 7.24564 2
    endloop
  endfacet
  facet normal 0.305111 0.952317 -0
    outer loop
      vertex 42.7782 7.24564 2
      vertex 42.7061 7.26874 2.55
      vertex 42.7782 7.24564 2.55
    endloop
  endfacet
  facet normal 0.305111 0.952317 0
    outer loop
      vertex 42.7061 7.26874 2.55
      vertex 42.7782 7.24564 2
      vertex 42.7061 7.26874 2
    endloop
  endfacet
  facet normal 0.282602 0.959237 -0
    outer loop
      vertex 42.7061 7.26874 2
      vertex 42.6263 7.29225 2.55
      vertex 42.7061 7.26874 2.55
    endloop
  endfacet
  facet normal 0.282602 0.959237 0
    outer loop
      vertex 42.6263 7.29225 2.55
      vertex 42.7061 7.26874 2
      vertex 42.6263 7.29225 2
    endloop
  endfacet
  facet normal 0.263928 0.964542 -0
    outer loop
      vertex 42.6263 7.29225 2
      vertex 42.5387 7.31622 2.55
      vertex 42.6263 7.29225 2.55
    endloop
  endfacet
  facet normal 0.263928 0.964542 0
    outer loop
      vertex 42.5387 7.31622 2.55
      vertex 42.6263 7.29225 2
      vertex 42.5387 7.31622 2
    endloop
  endfacet
  facet normal 0.247938 0.968776 -0
    outer loop
      vertex 42.5387 7.31622 2
      vertex 42.4434 7.34061 2.55
      vertex 42.5387 7.31622 2.55
    endloop
  endfacet
  facet normal 0.247938 0.968776 0
    outer loop
      vertex 42.4434 7.34061 2.55
      vertex 42.5387 7.31622 2
      vertex 42.4434 7.34061 2
    endloop
  endfacet
  facet normal 0.234444 0.97213 -0
    outer loop
      vertex 42.4434 7.34061 2
      vertex 42.3404 7.36545 2.55
      vertex 42.4434 7.34061 2.55
    endloop
  endfacet
  facet normal 0.234444 0.97213 0
    outer loop
      vertex 42.3404 7.36545 2.55
      vertex 42.4434 7.34061 2
      vertex 42.3404 7.36545 2
    endloop
  endfacet
  facet normal 0.222359 0.974965 -0
    outer loop
      vertex 42.3404 7.36545 2
      vertex 42.2296 7.39072 2.55
      vertex 42.3404 7.36545 2.55
    endloop
  endfacet
  facet normal 0.222359 0.974965 0
    outer loop
      vertex 42.2296 7.39072 2.55
      vertex 42.3404 7.36545 2
      vertex 42.2296 7.39072 2
    endloop
  endfacet
  facet normal 0.212042 0.97726 -0
    outer loop
      vertex 42.2296 7.39072 2
      vertex 42.1112 7.41641 2.55
      vertex 42.2296 7.39072 2.55
    endloop
  endfacet
  facet normal 0.212042 0.97726 0
    outer loop
      vertex 42.1112 7.41641 2.55
      vertex 42.2296 7.39072 2
      vertex 42.1112 7.41641 2
    endloop
  endfacet
  facet normal 0.215181 0.976574 -0
    outer loop
      vertex 42.1112 7.41641 2
      vertex 42.0119 7.43829 2.55
      vertex 42.1112 7.41641 2.55
    endloop
  endfacet
  facet normal 0.215181 0.976574 0
    outer loop
      vertex 42.0119 7.43829 2.55
      vertex 42.1112 7.41641 2
      vertex 42.0119 7.43829 2
    endloop
  endfacet
  facet normal 0.224198 0.974544 -0
    outer loop
      vertex 42.0119 7.43829 2
      vertex 41.9204 7.45934 2.55
      vertex 42.0119 7.43829 2.55
    endloop
  endfacet
  facet normal 0.224198 0.974544 0
    outer loop
      vertex 41.9204 7.45934 2.55
      vertex 42.0119 7.43829 2
      vertex 41.9204 7.45934 2
    endloop
  endfacet
  facet normal 0.234448 0.972129 -0
    outer loop
      vertex 41.9204 7.45934 2
      vertex 41.8366 7.47955 2.55
      vertex 41.9204 7.45934 2.55
    endloop
  endfacet
  facet normal 0.234448 0.972129 0
    outer loop
      vertex 41.8366 7.47955 2.55
      vertex 41.9204 7.45934 2
      vertex 41.8366 7.47955 2
    endloop
  endfacet
  facet normal 0.246668 0.9691 -0
    outer loop
      vertex 41.8366 7.47955 2
      vertex 41.7605 7.49892 2.55
      vertex 41.8366 7.47955 2.55
    endloop
  endfacet
  facet normal 0.246668 0.9691 0
    outer loop
      vertex 41.7605 7.49892 2.55
      vertex 41.8366 7.47955 2
      vertex 41.7605 7.49892 2
    endloop
  endfacet
  facet normal 0.261257 0.965269 -0
    outer loop
      vertex 41.7605 7.49892 2
      vertex 41.692 7.51746 2.55
      vertex 41.7605 7.49892 2.55
    endloop
  endfacet
  facet normal 0.261257 0.965269 0
    outer loop
      vertex 41.692 7.51746 2.55
      vertex 41.7605 7.49892 2
      vertex 41.692 7.51746 2
    endloop
  endfacet
  facet normal 0.279939 0.960018 -0
    outer loop
      vertex 41.692 7.51746 2
      vertex 41.6313 7.53516 2.55
      vertex 41.692 7.51746 2.55
    endloop
  endfacet
  facet normal 0.279939 0.960018 0
    outer loop
      vertex 41.6313 7.53516 2.55
      vertex 41.692 7.51746 2
      vertex 41.6313 7.53516 2
    endloop
  endfacet
  facet normal 0.302818 0.953049 -0
    outer loop
      vertex 41.6313 7.53516 2
      vertex 41.5783 7.552 2.55
      vertex 41.6313 7.53516 2.55
    endloop
  endfacet
  facet normal 0.302818 0.953049 0
    outer loop
      vertex 41.5783 7.552 2.55
      vertex 41.6313 7.53516 2
      vertex 41.5783 7.552 2
    endloop
  endfacet
  facet normal 0.333408 0.942783 -0
    outer loop
      vertex 41.5783 7.552 2
      vertex 41.533 7.56802 2.55
      vertex 41.5783 7.552 2.55
    endloop
  endfacet
  facet normal 0.333408 0.942783 0
    outer loop
      vertex 41.533 7.56802 2.55
      vertex 41.5783 7.552 2
      vertex 41.533 7.56802 2
    endloop
  endfacet
  facet normal 0.374577 0.927196 -0
    outer loop
      vertex 41.533 7.56802 2
      vertex 41.4954 7.58321 2.55
      vertex 41.533 7.56802 2.55
    endloop
  endfacet
  facet normal 0.374577 0.927196 0
    outer loop
      vertex 41.4954 7.58321 2.55
      vertex 41.533 7.56802 2
      vertex 41.4954 7.58321 2
    endloop
  endfacet
  facet normal 0.418865 0.908048 -0
    outer loop
      vertex 41.4954 7.58321 2
      vertex 41.4626 7.59834 2.55
      vertex 41.4954 7.58321 2.55
    endloop
  endfacet
  facet normal 0.418865 0.908048 0
    outer loop
      vertex 41.4626 7.59834 2.55
      vertex 41.4954 7.58321 2
      vertex 41.4626 7.59834 2
    endloop
  endfacet
  facet normal 0.454782 0.890603 -0
    outer loop
      vertex 41.4626 7.59834 2
      vertex 41.4316 7.61417 2.55
      vertex 41.4626 7.59834 2.55
    endloop
  endfacet
  facet normal 0.454782 0.890603 0
    outer loop
      vertex 41.4316 7.61417 2.55
      vertex 41.4626 7.59834 2
      vertex 41.4316 7.61417 2
    endloop
  endfacet
  facet normal 0.492411 0.870363 -0
    outer loop
      vertex 41.4316 7.61417 2
      vertex 41.4024 7.63069 2.55
      vertex 41.4316 7.61417 2.55
    endloop
  endfacet
  facet normal 0.492411 0.870363 0
    outer loop
      vertex 41.4024 7.63069 2.55
      vertex 41.4316 7.61417 2
      vertex 41.4024 7.63069 2
    endloop
  endfacet
  facet normal 0.533725 0.845658 -0
    outer loop
      vertex 41.4024 7.63069 2
      vertex 41.3751 7.64792 2.55
      vertex 41.4024 7.63069 2.55
    endloop
  endfacet
  facet normal 0.533725 0.845658 0
    outer loop
      vertex 41.3751 7.64792 2.55
      vertex 41.4024 7.63069 2
      vertex 41.3751 7.64792 2
    endloop
  endfacet
  facet normal 0.57691 0.816807 -0
    outer loop
      vertex 41.3751 7.64792 2
      vertex 41.3497 7.66586 2.55
      vertex 41.3751 7.64792 2.55
    endloop
  endfacet
  facet normal 0.57691 0.816807 0
    outer loop
      vertex 41.3497 7.66586 2.55
      vertex 41.3751 7.64792 2
      vertex 41.3497 7.66586 2
    endloop
  endfacet
  facet normal 0.617997 0.78618 -0
    outer loop
      vertex 41.3497 7.66586 2
      vertex 41.326 7.68449 2.55
      vertex 41.3497 7.66586 2.55
    endloop
  endfacet
  facet normal 0.617997 0.78618 0
    outer loop
      vertex 41.326 7.68449 2.55
      vertex 41.3497 7.66586 2
      vertex 41.326 7.68449 2
    endloop
  endfacet
  facet normal 0.663639 0.748053 -0
    outer loop
      vertex 41.326 7.68449 2
      vertex 41.3042 7.70383 2.55
      vertex 41.326 7.68449 2.55
    endloop
  endfacet
  facet normal 0.663639 0.748053 0
    outer loop
      vertex 41.3042 7.70383 2.55
      vertex 41.326 7.68449 2
      vertex 41.3042 7.70383 2
    endloop
  endfacet
  facet normal 0.709757 0.704447 0
    outer loop
      vertex 41.3042 7.70383 2.55
      vertex 41.2843 7.72388 2
      vertex 41.2843 7.72388 2.55
    endloop
  endfacet
  facet normal 0.709757 0.704447 0
    outer loop
      vertex 41.2843 7.72388 2
      vertex 41.3042 7.70383 2.55
      vertex 41.3042 7.70383 2
    endloop
  endfacet
  facet normal 0.753274 0.657707 0
    outer loop
      vertex 41.2843 7.72388 2.55
      vertex 41.2662 7.74461 2
      vertex 41.2662 7.74461 2.55
    endloop
  endfacet
  facet normal 0.753274 0.657707 0
    outer loop
      vertex 41.2662 7.74461 2
      vertex 41.2843 7.72388 2.55
      vertex 41.2843 7.72388 2
    endloop
  endfacet
  facet normal 0.802381 0.596812 0
    outer loop
      vertex 41.2662 7.74461 2.55
      vertex 41.25 7.76639 2
      vertex 41.25 7.76639 2.55
    endloop
  endfacet
  facet normal 0.802381 0.596812 0
    outer loop
      vertex 41.25 7.76639 2
      vertex 41.2662 7.74461 2.55
      vertex 41.2662 7.74461 2
    endloop
  endfacet
  facet normal 0.850265 0.526355 0
    outer loop
      vertex 41.25 7.76639 2.55
      vertex 41.2357 7.78949 2
      vertex 41.2357 7.78949 2.55
    endloop
  endfacet
  facet normal 0.850265 0.526355 0
    outer loop
      vertex 41.2357 7.78949 2
      vertex 41.25 7.76639 2.55
      vertex 41.25 7.76639 2
    endloop
  endfacet
  facet normal 0.891934 0.452166 0
    outer loop
      vertex 41.2357 7.78949 2.55
      vertex 41.2233 7.81395 2
      vertex 41.2233 7.81395 2.55
    endloop
  endfacet
  facet normal 0.891934 0.452166 0
    outer loop
      vertex 41.2233 7.81395 2
      vertex 41.2357 7.78949 2.55
      vertex 41.2357 7.78949 2
    endloop
  endfacet
  facet normal 0.926181 0.37708 0
    outer loop
      vertex 41.2233 7.81395 2.55
      vertex 41.2128 7.83974 2
      vertex 41.2128 7.83974 2.55
    endloop
  endfacet
  facet normal 0.926181 0.37708 0
    outer loop
      vertex 41.2128 7.83974 2
      vertex 41.2233 7.81395 2.55
      vertex 41.2233 7.81395 2
    endloop
  endfacet
  facet normal 0.953253 0.302174 0
    outer loop
      vertex 41.2128 7.83974 2.55
      vertex 41.2042 7.86687 2
      vertex 41.2042 7.86687 2.55
    endloop
  endfacet
  facet normal 0.953253 0.302174 0
    outer loop
      vertex 41.2042 7.86687 2
      vertex 41.2128 7.83974 2.55
      vertex 41.2128 7.83974 2
    endloop
  endfacet
  facet normal 0.973408 0.229077 0
    outer loop
      vertex 41.2042 7.86687 2.55
      vertex 41.1975 7.89534 2
      vertex 41.1975 7.89534 2.55
    endloop
  endfacet
  facet normal 0.973408 0.229077 0
    outer loop
      vertex 41.1975 7.89534 2
      vertex 41.2042 7.86687 2.55
      vertex 41.2042 7.86687 2
    endloop
  endfacet
  facet normal 0.987275 0.159024 0
    outer loop
      vertex 41.1975 7.89534 2.55
      vertex 41.1927 7.92514 2
      vertex 41.1927 7.92514 2.55
    endloop
  endfacet
  facet normal 0.987275 0.159024 0
    outer loop
      vertex 41.1927 7.92514 2
      vertex 41.1975 7.89534 2.55
      vertex 41.1975 7.89534 2
    endloop
  endfacet
  facet normal 0.995982 0.0895552 0
    outer loop
      vertex 41.1927 7.92514 2.55
      vertex 41.1899 7.95628 2
      vertex 41.1899 7.95628 2.55
    endloop
  endfacet
  facet normal 0.995982 0.0895552 0
    outer loop
      vertex 41.1899 7.95628 2
      vertex 41.1927 7.92514 2.55
      vertex 41.1927 7.92514 2
    endloop
  endfacet
  facet normal 0.999527 0.0307641 0
    outer loop
      vertex 41.1899 7.95628 2.55
      vertex 41.1889 7.98877 2
      vertex 41.1889 7.98877 2.55
    endloop
  endfacet
  facet normal 0.999527 0.0307641 0
    outer loop
      vertex 41.1889 7.98877 2
      vertex 41.1899 7.95628 2.55
      vertex 41.1899 7.95628 2
    endloop
  endfacet
  facet normal 0.995602 -0.093689 0
    outer loop
      vertex 41.1889 7.98877 2.55
      vertex 41.1979 8.08441 2
      vertex 41.1979 8.08441 2.55
    endloop
  endfacet
  facet normal 0.995602 -0.093689 0
    outer loop
      vertex 41.1979 8.08441 2
      vertex 41.1889 7.98877 2.55
      vertex 41.1889 7.98877 2
    endloop
  endfacet
  facet normal 0.952757 -0.303735 0
    outer loop
      vertex 41.1979 8.08441 2.55
      vertex 41.2248 8.16879 2
      vertex 41.2248 8.16879 2.55
    endloop
  endfacet
  facet normal 0.952757 -0.303735 0
    outer loop
      vertex 41.2248 8.16879 2
      vertex 41.1979 8.08441 2.55
      vertex 41.1979 8.08441 2
    endloop
  endfacet
  facet normal 0.852226 -0.523174 0
    outer loop
      vertex 41.2248 8.16879 2.55
      vertex 41.2697 8.24193 2
      vertex 41.2697 8.24193 2.55
    endloop
  endfacet
  facet normal 0.852226 -0.523174 0
    outer loop
      vertex 41.2697 8.24193 2
      vertex 41.2248 8.16879 2.55
      vertex 41.2248 8.16879 2
    endloop
  endfacet
  facet normal 0.701928 -0.712248 0
    outer loop
      vertex 41.2697 8.24193 2
      vertex 41.3325 8.30382 2.55
      vertex 41.2697 8.24193 2.55
    endloop
  endfacet
  facet normal 0.701928 -0.712248 0
    outer loop
      vertex 41.3325 8.30382 2.55
      vertex 41.2697 8.24193 2
      vertex 41.3325 8.30382 2
    endloop
  endfacet
  facet normal 0.530979 -0.847385 0
    outer loop
      vertex 41.3325 8.30382 2
      vertex 41.4133 8.35445 2.55
      vertex 41.3325 8.30382 2.55
    endloop
  endfacet
  facet normal 0.530979 -0.847385 0
    outer loop
      vertex 41.4133 8.35445 2.55
      vertex 41.3325 8.30382 2
      vertex 41.4133 8.35445 2
    endloop
  endfacet
  facet normal 0.370417 -0.928866 0
    outer loop
      vertex 41.4133 8.35445 2
      vertex 41.512 8.39381 2.55
      vertex 41.4133 8.35445 2.55
    endloop
  endfacet
  facet normal 0.370417 -0.928866 0
    outer loop
      vertex 41.512 8.39381 2.55
      vertex 41.4133 8.35445 2
      vertex 41.512 8.39381 2
    endloop
  endfacet
  facet normal 0.234413 -0.972137 0
    outer loop
      vertex 41.512 8.39381 2
      vertex 41.6287 8.42195 2.55
      vertex 41.512 8.39381 2.55
    endloop
  endfacet
  facet normal 0.234413 -0.972137 0
    outer loop
      vertex 41.6287 8.42195 2.55
      vertex 41.512 8.39381 2
      vertex 41.6287 8.42195 2
    endloop
  endfacet
  facet normal 0.124434 -0.992228 0
    outer loop
      vertex 41.6287 8.42195 2
      vertex 41.7633 8.43883 2.55
      vertex 41.6287 8.42195 2.55
    endloop
  endfacet
  facet normal 0.124434 -0.992228 0
    outer loop
      vertex 41.7633 8.43883 2.55
      vertex 41.6287 8.42195 2
      vertex 41.7633 8.43883 2
    endloop
  endfacet
  facet normal 0.0368688 -0.99932 0
    outer loop
      vertex 41.7633 8.43883 2
      vertex 41.9159 8.44446 2.55
      vertex 41.7633 8.43883 2.55
    endloop
  endfacet
  facet normal 0.0368688 -0.99932 0
    outer loop
      vertex 41.9159 8.44446 2.55
      vertex 41.7633 8.43883 2
      vertex 41.9159 8.44446 2
    endloop
  endfacet
  facet normal -0.0208063 -0.999784 0
    outer loop
      vertex 41.9159 8.44446 2
      vertex 41.9899 8.44292 2.55
      vertex 41.9159 8.44446 2.55
    endloop
  endfacet
  facet normal -0.0208063 -0.999784 -0
    outer loop
      vertex 41.9899 8.44292 2.55
      vertex 41.9159 8.44446 2
      vertex 41.9899 8.44292 2
    endloop
  endfacet
  facet normal -0.0659986 -0.99782 0
    outer loop
      vertex 41.9899 8.44292 2
      vertex 42.0599 8.43829 2.55
      vertex 41.9899 8.44292 2.55
    endloop
  endfacet
  facet normal -0.0659986 -0.99782 -0
    outer loop
      vertex 42.0599 8.43829 2.55
      vertex 41.9899 8.44292 2
      vertex 42.0599 8.43829 2
    endloop
  endfacet
  facet normal -0.115535 -0.993303 0
    outer loop
      vertex 42.0599 8.43829 2
      vertex 42.1261 8.43059 2.55
      vertex 42.0599 8.43829 2.55
    endloop
  endfacet
  facet normal -0.115535 -0.993303 -0
    outer loop
      vertex 42.1261 8.43059 2.55
      vertex 42.0599 8.43829 2
      vertex 42.1261 8.43059 2
    endloop
  endfacet
  facet normal -0.17092 -0.985285 0
    outer loop
      vertex 42.1261 8.43059 2
      vertex 42.1883 8.4198 2.55
      vertex 42.1261 8.43059 2.55
    endloop
  endfacet
  facet normal -0.17092 -0.985285 -0
    outer loop
      vertex 42.1883 8.4198 2.55
      vertex 42.1261 8.43059 2
      vertex 42.1883 8.4198 2
    endloop
  endfacet
  facet normal -0.231448 -0.972847 0
    outer loop
      vertex 42.1883 8.4198 2
      vertex 42.2466 8.40593 2.55
      vertex 42.1883 8.4198 2.55
    endloop
  endfacet
  facet normal -0.231448 -0.972847 -0
    outer loop
      vertex 42.2466 8.40593 2.55
      vertex 42.1883 8.4198 2
      vertex 42.2466 8.40593 2
    endloop
  endfacet
  facet normal -0.297315 -0.954779 0
    outer loop
      vertex 42.2466 8.40593 2
      vertex 42.301 8.38899 2.55
      vertex 42.2466 8.40593 2.55
    endloop
  endfacet
  facet normal -0.297315 -0.954779 -0
    outer loop
      vertex 42.301 8.38899 2.55
      vertex 42.2466 8.40593 2
      vertex 42.301 8.38899 2
    endloop
  endfacet
  facet normal -0.368692 -0.929552 0
    outer loop
      vertex 42.301 8.38899 2
      vertex 42.3515 8.36896 2.55
      vertex 42.301 8.38899 2.55
    endloop
  endfacet
  facet normal -0.368692 -0.929552 -0
    outer loop
      vertex 42.3515 8.36896 2.55
      vertex 42.301 8.38899 2
      vertex 42.3515 8.36896 2
    endloop
  endfacet
  facet normal -0.444443 -0.895807 0
    outer loop
      vertex 42.3515 8.36896 2
      vertex 42.3981 8.34584 2.55
      vertex 42.3515 8.36896 2.55
    endloop
  endfacet
  facet normal -0.444443 -0.895807 -0
    outer loop
      vertex 42.3981 8.34584 2.55
      vertex 42.3515 8.36896 2
      vertex 42.3981 8.34584 2
    endloop
  endfacet
  facet normal -0.523584 -0.851974 0
    outer loop
      vertex 42.3981 8.34584 2
      vertex 42.4407 8.31966 2.55
      vertex 42.3981 8.34584 2.55
    endloop
  endfacet
  facet normal -0.523584 -0.851974 -0
    outer loop
      vertex 42.4407 8.31966 2.55
      vertex 42.3981 8.34584 2
      vertex 42.4407 8.31966 2
    endloop
  endfacet
  facet normal -0.597904 -0.801568 0
    outer loop
      vertex 42.4407 8.31966 2
      vertex 42.4799 8.29042 2.55
      vertex 42.4407 8.31966 2.55
    endloop
  endfacet
  facet normal -0.597904 -0.801568 -0
    outer loop
      vertex 42.4799 8.29042 2.55
      vertex 42.4407 8.31966 2
      vertex 42.4799 8.29042 2
    endloop
  endfacet
  facet normal -0.666106 -0.745857 0
    outer loop
      vertex 42.4799 8.29042 2
      vertex 42.516 8.25818 2.55
      vertex 42.4799 8.29042 2.55
    endloop
  endfacet
  facet normal -0.666106 -0.745857 -0
    outer loop
      vertex 42.516 8.25818 2.55
      vertex 42.4799 8.29042 2
      vertex 42.516 8.25818 2
    endloop
  endfacet
  facet normal -0.729086 -0.684422 0
    outer loop
      vertex 42.5491 8.22292 2
      vertex 42.516 8.25818 2.55
      vertex 42.516 8.25818 2
    endloop
  endfacet
  facet normal -0.729086 -0.684422 0
    outer loop
      vertex 42.516 8.25818 2.55
      vertex 42.5491 8.22292 2
      vertex 42.5491 8.22292 2.55
    endloop
  endfacet
  facet normal -0.78701 -0.61694 0
    outer loop
      vertex 42.5791 8.18465 2
      vertex 42.5491 8.22292 2.55
      vertex 42.5491 8.22292 2
    endloop
  endfacet
  facet normal -0.78701 -0.61694 0
    outer loop
      vertex 42.5491 8.22292 2.55
      vertex 42.5791 8.18465 2
      vertex 42.5791 8.18465 2.55
    endloop
  endfacet
  facet normal -0.836945 -0.547288 0
    outer loop
      vertex 42.6061 8.14336 2
      vertex 42.5791 8.18465 2.55
      vertex 42.5791 8.18465 2
    endloop
  endfacet
  facet normal -0.836945 -0.547288 0
    outer loop
      vertex 42.5791 8.18465 2.55
      vertex 42.6061 8.14336 2
      vertex 42.6061 8.14336 2.55
    endloop
  endfacet
  facet normal -0.880178 -0.474645 0
    outer loop
      vertex 42.63 8.09904 2
      vertex 42.6061 8.14336 2.55
      vertex 42.6061 8.14336 2
    endloop
  endfacet
  facet normal -0.880178 -0.474645 0
    outer loop
      vertex 42.6061 8.14336 2.55
      vertex 42.63 8.09904 2
      vertex 42.63 8.09904 2.55
    endloop
  endfacet
  facet normal -0.914718 -0.404092 0
    outer loop
      vertex 42.6509 8.05173 2
      vertex 42.63 8.09904 2.55
      vertex 42.63 8.09904 2
    endloop
  endfacet
  facet normal -0.914718 -0.404092 0
    outer loop
      vertex 42.63 8.09904 2.55
      vertex 42.6509 8.05173 2
      vertex 42.6509 8.05173 2.55
    endloop
  endfacet
  facet normal -0.942776 -0.333428 0
    outer loop
      vertex 42.6687 8.0014 2
      vertex 42.6509 8.05173 2.55
      vertex 42.6509 8.05173 2
    endloop
  endfacet
  facet normal -0.942776 -0.333428 0
    outer loop
      vertex 42.6509 8.05173 2.55
      vertex 42.6687 8.0014 2
      vertex 42.6687 8.0014 2.55
    endloop
  endfacet
  facet normal -0.963596 -0.267364 0
    outer loop
      vertex 42.6835 7.94806 2
      vertex 42.6687 8.0014 2.55
      vertex 42.6687 8.0014 2
    endloop
  endfacet
  facet normal -0.963596 -0.267364 0
    outer loop
      vertex 42.6687 8.0014 2.55
      vertex 42.6835 7.94806 2
      vertex 42.6835 7.94806 2.55
    endloop
  endfacet
  facet normal 0.135112 -0.99083 0
    outer loop
      vertex 42.6835 7.94806 2
      vertex 43.4593 8.05385 2.55
      vertex 42.6835 7.94806 2.55
    endloop
  endfacet
  facet normal 0.135112 -0.99083 0
    outer loop
      vertex 43.4593 8.05385 2.55
      vertex 42.6835 7.94806 2
      vertex 43.4593 8.05385 2
    endloop
  endfacet
  facet normal 0.973151 0.23017 0
    outer loop
      vertex 43.4593 8.05385 2.55
      vertex 43.4332 8.1642 2
      vertex 43.4332 8.1642 2.55
    endloop
  endfacet
  facet normal 0.973151 0.23017 0
    outer loop
      vertex 43.4332 8.1642 2
      vertex 43.4593 8.05385 2.55
      vertex 43.4593 8.05385 2
    endloop
  endfacet
  facet normal 0.954332 0.298749 0
    outer loop
      vertex 43.4332 8.1642 2.55
      vertex 43.4009 8.26738 2
      vertex 43.4009 8.26738 2.55
    endloop
  endfacet
  facet normal 0.954332 0.298749 0
    outer loop
      vertex 43.4009 8.26738 2
      vertex 43.4332 8.1642 2.55
      vertex 43.4332 8.1642 2
    endloop
  endfacet
  facet normal 0.928156 0.372191 0
    outer loop
      vertex 43.4009 8.26738 2.55
      vertex 43.3624 8.36339 2
      vertex 43.3624 8.36339 2.55
    endloop
  endfacet
  facet normal 0.928156 0.372191 0
    outer loop
      vertex 43.3624 8.36339 2
      vertex 43.4009 8.26738 2.55
      vertex 43.4009 8.26738 2
    endloop
  endfacet
  facet normal 0.892874 0.450307 0
    outer loop
      vertex 43.3624 8.36339 2.55
      vertex 43.3176 8.45222 2
      vertex 43.3176 8.45222 2.55
    endloop
  endfacet
  facet normal 0.892874 0.450307 0
    outer loop
      vertex 43.3176 8.45222 2
      vertex 43.3624 8.36339 2.55
      vertex 43.3624 8.36339 2
    endloop
  endfacet
  facet normal 0.847794 0.530325 0
    outer loop
      vertex 43.3176 8.45222 2.55
      vertex 43.2665 8.53391 2
      vertex 43.2665 8.53391 2.55
    endloop
  endfacet
  facet normal 0.847794 0.530325 0
    outer loop
      vertex 43.2665 8.53391 2
      vertex 43.3176 8.45222 2.55
      vertex 43.3176 8.45222 2
    endloop
  endfacet
  facet normal 0.792149 0.610327 0
    outer loop
      vertex 43.2665 8.53391 2.55
      vertex 43.2091 8.60841 2
      vertex 43.2091 8.60841 2.55
    endloop
  endfacet
  facet normal 0.792149 0.610327 0
    outer loop
      vertex 43.2091 8.60841 2
      vertex 43.2665 8.53391 2.55
      vertex 43.2665 8.53391 2
    endloop
  endfacet
  facet normal 0.727007 0.68663 0
    outer loop
      vertex 43.2091 8.60841 2.55
      vertex 43.1455 8.67575 2
      vertex 43.1455 8.67575 2.55
    endloop
  endfacet
  facet normal 0.727007 0.68663 0
    outer loop
      vertex 43.1455 8.67575 2
      vertex 43.2091 8.60841 2.55
      vertex 43.2091 8.60841 2
    endloop
  endfacet
  facet normal 0.652451 0.757831 -0
    outer loop
      vertex 43.1455 8.67575 2
      vertex 43.0756 8.73593 2.55
      vertex 43.1455 8.67575 2.55
    endloop
  endfacet
  facet normal 0.652451 0.757831 0
    outer loop
      vertex 43.0756 8.73593 2.55
      vertex 43.1455 8.67575 2
      vertex 43.0756 8.73593 2
    endloop
  endfacet
  facet normal 0.571507 0.820597 -0
    outer loop
      vertex 43.0756 8.73593 2
      vertex 42.9995 8.78893 2.55
      vertex 43.0756 8.73593 2.55
    endloop
  endfacet
  facet normal 0.571507 0.820597 0
    outer loop
      vertex 42.9995 8.78893 2.55
      vertex 43.0756 8.73593 2
      vertex 42.9995 8.78893 2
    endloop
  endfacet
  facet normal 0.487157 0.873314 -0
    outer loop
      vertex 42.9995 8.78893 2
      vertex 42.9158 8.83562 2.55
      vertex 42.9995 8.78893 2.55
    endloop
  endfacet
  facet normal 0.487157 0.873314 0
    outer loop
      vertex 42.9158 8.83562 2.55
      vertex 42.9995 8.78893 2
      vertex 42.9158 8.83562 2
    endloop
  endfacet
  facet normal 0.407607 0.913158 -0
    outer loop
      vertex 42.9158 8.83562 2
      vertex 42.8235 8.87682 2.55
      vertex 42.9158 8.83562 2.55
    endloop
  endfacet
  facet normal 0.407607 0.913158 0
    outer loop
      vertex 42.8235 8.87682 2.55
      vertex 42.9158 8.83562 2
      vertex 42.8235 8.87682 2
    endloop
  endfacet
  facet normal 0.332884 0.942968 -0
    outer loop
      vertex 42.8235 8.87682 2
      vertex 42.7224 8.91251 2.55
      vertex 42.8235 8.87682 2.55
    endloop
  endfacet
  facet normal 0.332884 0.942968 0
    outer loop
      vertex 42.7224 8.91251 2.55
      vertex 42.8235 8.87682 2
      vertex 42.7224 8.91251 2
    endloop
  endfacet
  facet normal 0.265055 0.964233 -0
    outer loop
      vertex 42.7224 8.91251 2
      vertex 42.6125 8.94272 2.55
      vertex 42.7224 8.91251 2.55
    endloop
  endfacet
  facet normal 0.265055 0.964233 0
    outer loop
      vertex 42.6125 8.94272 2.55
      vertex 42.7224 8.91251 2
      vertex 42.6125 8.94272 2
    endloop
  endfacet
  facet normal 0.204047 0.978961 -0
    outer loop
      vertex 42.6125 8.94272 2
      vertex 42.4939 8.96744 2.55
      vertex 42.6125 8.94272 2.55
    endloop
  endfacet
  facet normal 0.204047 0.978961 0
    outer loop
      vertex 42.4939 8.96744 2.55
      vertex 42.6125 8.94272 2
      vertex 42.4939 8.96744 2
    endloop
  endfacet
  facet normal 0.14929 0.988793 -0
    outer loop
      vertex 42.4939 8.96744 2
      vertex 42.3666 8.98666 2.55
      vertex 42.4939 8.96744 2.55
    endloop
  endfacet
  facet normal 0.14929 0.988793 0
    outer loop
      vertex 42.3666 8.98666 2.55
      vertex 42.4939 8.96744 2
      vertex 42.3666 8.98666 2
    endloop
  endfacet
  facet normal 0.1003 0.994957 -0
    outer loop
      vertex 42.3666 8.98666 2
      vertex 42.2305 9.00038 2.55
      vertex 42.3666 8.98666 2.55
    endloop
  endfacet
  facet normal 0.1003 0.994957 0
    outer loop
      vertex 42.2305 9.00038 2.55
      vertex 42.3666 8.98666 2
      vertex 42.2305 9.00038 2
    endloop
  endfacet
  facet normal 0.0568142 0.998385 -0
    outer loop
      vertex 42.2305 9.00038 2
      vertex 42.0857 9.00862 2.55
      vertex 42.2305 9.00038 2.55
    endloop
  endfacet
  facet normal 0.0568142 0.998385 0
    outer loop
      vertex 42.0857 9.00862 2.55
      vertex 42.2305 9.00038 2
      vertex 42.0857 9.00862 2
    endloop
  endfacet
  facet normal 0.0179008 0.99984 -0
    outer loop
      vertex 42.0857 9.00862 2
      vertex 41.9321 9.01137 2.55
      vertex 42.0857 9.00862 2.55
    endloop
  endfacet
  facet normal 0.0179008 0.99984 0
    outer loop
      vertex 41.9321 9.01137 2.55
      vertex 42.0857 9.00862 2
      vertex 41.9321 9.01137 2
    endloop
  endfacet
  facet normal -0.0210774 0.999778 0
    outer loop
      vertex 41.9321 9.01137 2
      vertex 41.7713 9.00798 2.55
      vertex 41.9321 9.01137 2.55
    endloop
  endfacet
  facet normal -0.0210774 0.999778 0
    outer loop
      vertex 41.7713 9.00798 2.55
      vertex 41.9321 9.01137 2
      vertex 41.7713 9.00798 2
    endloop
  endfacet
  facet normal -0.06702 0.997752 0
    outer loop
      vertex 41.7713 9.00798 2
      vertex 41.6193 8.99777 2.55
      vertex 41.7713 9.00798 2.55
    endloop
  endfacet
  facet normal -0.06702 0.997752 0
    outer loop
      vertex 41.6193 8.99777 2.55
      vertex 41.7713 9.00798 2
      vertex 41.6193 8.99777 2
    endloop
  endfacet
  facet normal -0.117806 0.993037 0
    outer loop
      vertex 41.6193 8.99777 2
      vertex 41.476 8.98077 2.55
      vertex 41.6193 8.99777 2.55
    endloop
  endfacet
  facet normal -0.117806 0.993037 0
    outer loop
      vertex 41.476 8.98077 2.55
      vertex 41.6193 8.99777 2
      vertex 41.476 8.98077 2
    endloop
  endfacet
  facet normal -0.173977 0.98475 0
    outer loop
      vertex 41.476 8.98077 2
      vertex 41.3414 8.95699 2.55
      vertex 41.476 8.98077 2.55
    endloop
  endfacet
  facet normal -0.173977 0.98475 0
    outer loop
      vertex 41.3414 8.95699 2.55
      vertex 41.476 8.98077 2
      vertex 41.3414 8.95699 2
    endloop
  endfacet
  facet normal -0.236352 0.971668 0
    outer loop
      vertex 41.3414 8.95699 2
      vertex 41.2156 8.92639 2.55
      vertex 41.3414 8.95699 2.55
    endloop
  endfacet
  facet normal -0.236352 0.971668 0
    outer loop
      vertex 41.2156 8.92639 2.55
      vertex 41.3414 8.95699 2
      vertex 41.2156 8.92639 2
    endloop
  endfacet
  facet normal -0.304097 0.952641 0
    outer loop
      vertex 41.2156 8.92639 2
      vertex 41.0985 8.88901 2.55
      vertex 41.2156 8.92639 2.55
    endloop
  endfacet
  facet normal -0.304097 0.952641 0
    outer loop
      vertex 41.0985 8.88901 2.55
      vertex 41.2156 8.92639 2
      vertex 41.0985 8.88901 2
    endloop
  endfacet
  facet normal -0.377495 0.926012 0
    outer loop
      vertex 41.0985 8.88901 2
      vertex 40.9901 8.84482 2.55
      vertex 41.0985 8.88901 2.55
    endloop
  endfacet
  facet normal -0.377495 0.926012 0
    outer loop
      vertex 40.9901 8.84482 2.55
      vertex 41.0985 8.88901 2
      vertex 40.9901 8.84482 2
    endloop
  endfacet
  facet normal -0.455631 0.890169 0
    outer loop
      vertex 40.9901 8.84482 2
      vertex 40.8905 8.79384 2.55
      vertex 40.9901 8.84482 2.55
    endloop
  endfacet
  facet normal -0.455631 0.890169 0
    outer loop
      vertex 40.8905 8.79384 2.55
      vertex 40.9901 8.84482 2
      vertex 40.8905 8.79384 2
    endloop
  endfacet
  facet normal -0.53693 0.843627 0
    outer loop
      vertex 40.8905 8.79384 2
      vertex 40.7997 8.73605 2.55
      vertex 40.8905 8.79384 2.55
    endloop
  endfacet
  facet normal -0.53693 0.843627 0
    outer loop
      vertex 40.7997 8.73605 2.55
      vertex 40.8905 8.79384 2
      vertex 40.7997 8.73605 2
    endloop
  endfacet
  facet normal -0.617686 0.786425 0
    outer loop
      vertex 40.7997 8.73605 2
      vertex 40.718 8.67188 2.55
      vertex 40.7997 8.73605 2.55
    endloop
  endfacet
  facet normal -0.617686 0.786425 0
    outer loop
      vertex 40.718 8.67188 2.55
      vertex 40.7997 8.73605 2
      vertex 40.718 8.67188 2
    endloop
  endfacet
  facet normal -0.697501 0.716584 0
    outer loop
      vertex 40.718 8.67188 2
      vertex 40.6459 8.6017 2.55
      vertex 40.718 8.67188 2.55
    endloop
  endfacet
  facet normal -0.697501 0.716584 0
    outer loop
      vertex 40.6459 8.6017 2.55
      vertex 40.718 8.67188 2
      vertex 40.6459 8.6017 2
    endloop
  endfacet
  facet normal -0.773066 0.634326 0
    outer loop
      vertex 40.5834 8.52553 2
      vertex 40.6459 8.6017 2.55
      vertex 40.6459 8.6017 2
    endloop
  endfacet
  facet normal -0.773066 0.634326 0
    outer loop
      vertex 40.6459 8.6017 2.55
      vertex 40.5834 8.52553 2
      vertex 40.5834 8.52553 2.55
    endloop
  endfacet
  facet normal -0.841258 0.540633 0
    outer loop
      vertex 40.5306 8.44337 2
      vertex 40.5834 8.52553 2.55
      vertex 40.5834 8.52553 2
    endloop
  endfacet
  facet normal -0.841258 0.540633 0
    outer loop
      vertex 40.5834 8.52553 2.55
      vertex 40.5306 8.44337 2
      vertex 40.5306 8.44337 2.55
    endloop
  endfacet
  facet normal -0.897581 0.440849 0
    outer loop
      vertex 40.4873 8.35521 2
      vertex 40.5306 8.44337 2.55
      vertex 40.5306 8.44337 2
    endloop
  endfacet
  facet normal -0.897581 0.440849 0
    outer loop
      vertex 40.5306 8.44337 2.55
      vertex 40.4873 8.35521 2
      vertex 40.4873 8.35521 2.55
    endloop
  endfacet
  facet normal -0.941821 0.336115 0
    outer loop
      vertex 40.4537 8.26106 2
      vertex 40.4873 8.35521 2.55
      vertex 40.4873 8.35521 2
    endloop
  endfacet
  facet normal -0.941821 0.336115 0
    outer loop
      vertex 40.4873 8.35521 2.55
      vertex 40.4537 8.26106 2
      vertex 40.4537 8.26106 2.55
    endloop
  endfacet
  facet normal -0.972461 0.233064 0
    outer loop
      vertex 40.4297 8.16092 2
      vertex 40.4537 8.26106 2.55
      vertex 40.4537 8.26106 2
    endloop
  endfacet
  facet normal -0.972461 0.233064 0
    outer loop
      vertex 40.4537 8.26106 2.55
      vertex 40.4297 8.16092 2
      vertex 40.4297 8.16092 2.55
    endloop
  endfacet
  facet normal -0.990797 0.135355 0
    outer loop
      vertex 40.4152 8.05478 2
      vertex 40.4297 8.16092 2.55
      vertex 40.4297 8.16092 2
    endloop
  endfacet
  facet normal -0.990797 0.135355 0
    outer loop
      vertex 40.4297 8.16092 2.55
      vertex 40.4152 8.05478 2
      vertex 40.4152 8.05478 2.55
    endloop
  endfacet
  facet normal -0.999085 0.0427721 0
    outer loop
      vertex 40.4104 7.94266 2
      vertex 40.4152 8.05478 2.55
      vertex 40.4152 8.05478 2
    endloop
  endfacet
  facet normal -0.999085 0.0427721 0
    outer loop
      vertex 40.4152 8.05478 2.55
      vertex 40.4104 7.94266 2
      vertex 40.4104 7.94266 2.55
    endloop
  endfacet
  facet normal -0.999877 -0.0156756 0
    outer loop
      vertex 40.4111 7.89801 2
      vertex 40.4104 7.94266 2.55
      vertex 40.4104 7.94266 2
    endloop
  endfacet
  facet normal -0.999877 -0.0156756 0
    outer loop
      vertex 40.4104 7.94266 2.55
      vertex 40.4111 7.89801 2
      vertex 40.4111 7.89801 2.55
    endloop
  endfacet
  facet normal -0.999047 -0.0436366 0
    outer loop
      vertex 40.413 7.85451 2
      vertex 40.4111 7.89801 2.55
      vertex 40.4111 7.89801 2
    endloop
  endfacet
  facet normal -0.999047 -0.0436366 0
    outer loop
      vertex 40.4111 7.89801 2.55
      vertex 40.413 7.85451 2
      vertex 40.413 7.85451 2.55
    endloop
  endfacet
  facet normal -0.996979 -0.0776684 0
    outer loop
      vertex 40.4163 7.81215 2
      vertex 40.413 7.85451 2.55
      vertex 40.413 7.85451 2
    endloop
  endfacet
  facet normal -0.996979 -0.0776684 0
    outer loop
      vertex 40.413 7.85451 2.55
      vertex 40.4163 7.81215 2
      vertex 40.4163 7.81215 2.55
    endloop
  endfacet
  facet normal -0.993834 -0.110881 0
    outer loop
      vertex 40.4209 7.77092 2
      vertex 40.4163 7.81215 2.55
      vertex 40.4163 7.81215 2
    endloop
  endfacet
  facet normal -0.993834 -0.110881 0
    outer loop
      vertex 40.4163 7.81215 2.55
      vertex 40.4209 7.77092 2
      vertex 40.4209 7.77092 2.55
    endloop
  endfacet
  facet normal -0.989343 -0.145601 0
    outer loop
      vertex 40.4268 7.73083 2
      vertex 40.4209 7.77092 2.55
      vertex 40.4209 7.77092 2
    endloop
  endfacet
  facet normal -0.989343 -0.145601 0
    outer loop
      vertex 40.4209 7.77092 2.55
      vertex 40.4268 7.73083 2
      vertex 40.4268 7.73083 2.55
    endloop
  endfacet
  facet normal -0.983781 -0.179375 0
    outer loop
      vertex 40.4339 7.69189 2
      vertex 40.4268 7.73083 2.55
      vertex 40.4268 7.73083 2
    endloop
  endfacet
  facet normal -0.983781 -0.179375 0
    outer loop
      vertex 40.4268 7.73083 2.55
      vertex 40.4339 7.69189 2
      vertex 40.4339 7.69189 2.55
    endloop
  endfacet
  facet normal -0.97565 -0.219334 0
    outer loop
      vertex 40.4424 7.65408 2
      vertex 40.4339 7.69189 2.55
      vertex 40.4339 7.69189 2
    endloop
  endfacet
  facet normal -0.97565 -0.219334 0
    outer loop
      vertex 40.4339 7.69189 2.55
      vertex 40.4424 7.65408 2
      vertex 40.4424 7.65408 2.55
    endloop
  endfacet
  facet normal -0.966077 -0.258253 0
    outer loop
      vertex 40.4522 7.61742 2
      vertex 40.4424 7.65408 2.55
      vertex 40.4424 7.65408 2
    endloop
  endfacet
  facet normal -0.966077 -0.258253 0
    outer loop
      vertex 40.4424 7.65408 2.55
      vertex 40.4522 7.61742 2
      vertex 40.4522 7.61742 2.55
    endloop
  endfacet
  facet normal -0.954504 -0.298199 0
    outer loop
      vertex 40.4633 7.58189 2
      vertex 40.4522 7.61742 2.55
      vertex 40.4522 7.61742 2
    endloop
  endfacet
  facet normal -0.954504 -0.298199 0
    outer loop
      vertex 40.4522 7.61742 2.55
      vertex 40.4633 7.58189 2
      vertex 40.4633 7.58189 2.55
    endloop
  endfacet
  facet normal -0.941773 -0.33625 0
    outer loop
      vertex 40.4756 7.54744 2
      vertex 40.4633 7.58189 2.55
      vertex 40.4633 7.58189 2
    endloop
  endfacet
  facet normal -0.941773 -0.33625 0
    outer loop
      vertex 40.4633 7.58189 2.55
      vertex 40.4756 7.54744 2
      vertex 40.4756 7.54744 2.55
    endloop
  endfacet
  facet normal -0.929279 -0.369379 0
    outer loop
      vertex 40.4889 7.51398 2
      vertex 40.4756 7.54744 2.55
      vertex 40.4756 7.54744 2
    endloop
  endfacet
  facet normal -0.929279 -0.369379 0
    outer loop
      vertex 40.4756 7.54744 2.55
      vertex 40.4889 7.51398 2
      vertex 40.4889 7.51398 2.55
    endloop
  endfacet
  facet normal -0.91504 -0.403362 0
    outer loop
      vertex 40.5032 7.48154 2
      vertex 40.4889 7.51398 2.55
      vertex 40.4889 7.51398 2
    endloop
  endfacet
  facet normal -0.91504 -0.403362 0
    outer loop
      vertex 40.4889 7.51398 2.55
      vertex 40.5032 7.48154 2
      vertex 40.5032 7.48154 2.55
    endloop
  endfacet
  facet normal -0.898109 -0.439773 0
    outer loop
      vertex 40.5186 7.45009 2
      vertex 40.5032 7.48154 2.55
      vertex 40.5032 7.48154 2
    endloop
  endfacet
  facet normal -0.898109 -0.439773 0
    outer loop
      vertex 40.5032 7.48154 2.55
      vertex 40.5186 7.45009 2
      vertex 40.5186 7.45009 2.55
    endloop
  endfacet
  facet normal -0.88036 -0.474307 0
    outer loop
      vertex 40.535 7.41965 2
      vertex 40.5186 7.45009 2.55
      vertex 40.5186 7.45009 2
    endloop
  endfacet
  facet normal -0.88036 -0.474307 0
    outer loop
      vertex 40.5186 7.45009 2.55
      vertex 40.535 7.41965 2
      vertex 40.535 7.41965 2.55
    endloop
  endfacet
  facet normal -0.859598 -0.51097 0
    outer loop
      vertex 40.5525 7.39021 2
      vertex 40.535 7.41965 2.55
      vertex 40.535 7.41965 2
    endloop
  endfacet
  facet normal -0.859598 -0.51097 0
    outer loop
      vertex 40.535 7.41965 2.55
      vertex 40.5525 7.39021 2
      vertex 40.5525 7.39021 2.55
    endloop
  endfacet
  facet normal -0.83808 -0.545548 0
    outer loop
      vertex 40.571 7.36179 2
      vertex 40.5525 7.39021 2.55
      vertex 40.5525 7.39021 2
    endloop
  endfacet
  facet normal -0.83808 -0.545548 0
    outer loop
      vertex 40.5525 7.39021 2.55
      vertex 40.571 7.36179 2
      vertex 40.571 7.36179 2.55
    endloop
  endfacet
  facet normal -0.815136 -0.579269 0
    outer loop
      vertex 40.5905 7.33435 2
      vertex 40.571 7.36179 2.55
      vertex 40.571 7.36179 2
    endloop
  endfacet
  facet normal -0.815136 -0.579269 0
    outer loop
      vertex 40.571 7.36179 2.55
      vertex 40.5905 7.33435 2
      vertex 40.5905 7.33435 2.55
    endloop
  endfacet
  facet normal -0.788499 -0.615036 0
    outer loop
      vertex 40.6111 7.30794 2
      vertex 40.5905 7.33435 2.55
      vertex 40.5905 7.33435 2
    endloop
  endfacet
  facet normal -0.788499 -0.615036 0
    outer loop
      vertex 40.5905 7.33435 2.55
      vertex 40.6111 7.30794 2
      vertex 40.6111 7.30794 2.55
    endloop
  endfacet
  facet normal -0.763296 -0.646049 0
    outer loop
      vertex 40.6327 7.28242 2
      vertex 40.6111 7.30794 2.55
      vertex 40.6111 7.30794 2
    endloop
  endfacet
  facet normal -0.763296 -0.646049 0
    outer loop
      vertex 40.6111 7.30794 2.55
      vertex 40.6327 7.28242 2
      vertex 40.6327 7.28242 2.55
    endloop
  endfacet
  facet normal -0.737092 -0.675792 0
    outer loop
      vertex 40.6553 7.25777 2
      vertex 40.6327 7.28242 2.55
      vertex 40.6327 7.28242 2
    endloop
  endfacet
  facet normal -0.737092 -0.675792 0
    outer loop
      vertex 40.6327 7.28242 2.55
      vertex 40.6553 7.25777 2
      vertex 40.6553 7.25777 2.55
    endloop
  endfacet
  facet normal -0.710675 -0.703521 0
    outer loop
      vertex 40.6789 7.23393 2
      vertex 40.6553 7.25777 2.55
      vertex 40.6553 7.25777 2
    endloop
  endfacet
  facet normal -0.710675 -0.703521 0
    outer loop
      vertex 40.6553 7.25777 2.55
      vertex 40.6789 7.23393 2
      vertex 40.6789 7.23393 2.55
    endloop
  endfacet
  facet normal -0.681315 -0.731991 0
    outer loop
      vertex 40.6789 7.23393 2
      vertex 40.7036 7.21094 2.55
      vertex 40.6789 7.23393 2.55
    endloop
  endfacet
  facet normal -0.681315 -0.731991 -0
    outer loop
      vertex 40.7036 7.21094 2.55
      vertex 40.6789 7.23393 2
      vertex 40.7036 7.21094 2
    endloop
  endfacet
  facet normal -0.654481 -0.756079 0
    outer loop
      vertex 40.7036 7.21094 2
      vertex 40.7292 7.18878 2.55
      vertex 40.7036 7.21094 2.55
    endloop
  endfacet
  facet normal -0.654481 -0.756079 -0
    outer loop
      vertex 40.7292 7.18878 2.55
      vertex 40.7036 7.21094 2
      vertex 40.7292 7.18878 2
    endloop
  endfacet
  facet normal -0.625232 -0.780439 0
    outer loop
      vertex 40.7292 7.18878 2
      vertex 40.7558 7.16747 2.55
      vertex 40.7292 7.18878 2.55
    endloop
  endfacet
  facet normal -0.625232 -0.780439 -0
    outer loop
      vertex 40.7558 7.16747 2.55
      vertex 40.7292 7.18878 2
      vertex 40.7558 7.16747 2
    endloop
  endfacet
  facet normal -0.595895 -0.803062 0
    outer loop
      vertex 40.7558 7.16747 2
      vertex 40.7834 7.14699 2.55
      vertex 40.7558 7.16747 2.55
    endloop
  endfacet
  facet normal -0.595895 -0.803062 -0
    outer loop
      vertex 40.7834 7.14699 2.55
      vertex 40.7558 7.16747 2
      vertex 40.7834 7.14699 2
    endloop
  endfacet
  facet normal -0.56648 -0.824076 0
    outer loop
      vertex 40.7834 7.14699 2
      vertex 40.812 7.12733 2.55
      vertex 40.7834 7.14699 2.55
    endloop
  endfacet
  facet normal -0.56648 -0.824076 -0
    outer loop
      vertex 40.812 7.12733 2.55
      vertex 40.7834 7.14699 2
      vertex 40.812 7.12733 2
    endloop
  endfacet
  facet normal -0.534646 -0.845076 0
    outer loop
      vertex 40.812 7.12733 2
      vertex 40.8417 7.10854 2.55
      vertex 40.812 7.12733 2.55
    endloop
  endfacet
  facet normal -0.534646 -0.845076 -0
    outer loop
      vertex 40.8417 7.10854 2.55
      vertex 40.812 7.12733 2
      vertex 40.8417 7.10854 2
    endloop
  endfacet
  facet normal -0.51076 -0.859723 0
    outer loop
      vertex 40.8417 7.10854 2
      vertex 40.8722 7.09042 2.55
      vertex 40.8417 7.10854 2.55
    endloop
  endfacet
  facet normal -0.51076 -0.859723 -0
    outer loop
      vertex 40.8722 7.09042 2.55
      vertex 40.8417 7.10854 2
      vertex 40.8722 7.09042 2
    endloop
  endfacet
  facet normal -0.488307 -0.872672 0
    outer loop
      vertex 40.8722 7.09042 2
      vertex 40.9036 7.07285 2.55
      vertex 40.8722 7.09042 2.55
    endloop
  endfacet
  facet normal -0.488307 -0.872672 -0
    outer loop
      vertex 40.9036 7.07285 2.55
      vertex 40.8722 7.09042 2
      vertex 40.9036 7.07285 2
    endloop
  endfacet
  facet normal -0.469088 -0.883151 0
    outer loop
      vertex 40.9036 7.07285 2
      vertex 40.9357 7.0558 2.55
      vertex 40.9036 7.07285 2.55
    endloop
  endfacet
  facet normal -0.469088 -0.883151 -0
    outer loop
      vertex 40.9357 7.0558 2.55
      vertex 40.9036 7.07285 2
      vertex 40.9357 7.0558 2
    endloop
  endfacet
  facet normal -0.44743 -0.894319 0
    outer loop
      vertex 40.9357 7.0558 2
      vertex 40.9687 7.03929 2.55
      vertex 40.9357 7.0558 2.55
    endloop
  endfacet
  facet normal -0.44743 -0.894319 -0
    outer loop
      vertex 40.9687 7.03929 2.55
      vertex 40.9357 7.0558 2
      vertex 40.9687 7.03929 2
    endloop
  endfacet
  facet normal -0.428236 -0.903667 0
    outer loop
      vertex 40.9687 7.03929 2
      vertex 41.0024 7.02332 2.55
      vertex 40.9687 7.03929 2.55
    endloop
  endfacet
  facet normal -0.428236 -0.903667 -0
    outer loop
      vertex 41.0024 7.02332 2.55
      vertex 40.9687 7.03929 2
      vertex 41.0024 7.02332 2
    endloop
  endfacet
  facet normal -0.407729 -0.913103 0
    outer loop
      vertex 41.0024 7.02332 2
      vertex 41.037 7.00787 2.55
      vertex 41.0024 7.02332 2.55
    endloop
  endfacet
  facet normal -0.407729 -0.913103 -0
    outer loop
      vertex 41.037 7.00787 2.55
      vertex 41.0024 7.02332 2
      vertex 41.037 7.00787 2
    endloop
  endfacet
  facet normal -0.388652 -0.921385 0
    outer loop
      vertex 41.037 7.00787 2
      vertex 41.0723 6.99298 2.55
      vertex 41.037 7.00787 2.55
    endloop
  endfacet
  facet normal -0.388652 -0.921385 -0
    outer loop
      vertex 41.0723 6.99298 2.55
      vertex 41.037 7.00787 2
      vertex 41.0723 6.99298 2
    endloop
  endfacet
  facet normal -0.368733 -0.929535 0
    outer loop
      vertex 41.0723 6.99298 2
      vertex 41.1085 6.97862 2.55
      vertex 41.0723 6.99298 2.55
    endloop
  endfacet
  facet normal -0.368733 -0.929535 -0
    outer loop
      vertex 41.1085 6.97862 2.55
      vertex 41.0723 6.99298 2
      vertex 41.1085 6.97862 2
    endloop
  endfacet
  facet normal -0.350347 -0.93662 0
    outer loop
      vertex 41.1085 6.97862 2
      vertex 41.1455 6.96478 2.55
      vertex 41.1085 6.97862 2.55
    endloop
  endfacet
  facet normal -0.350347 -0.93662 -0
    outer loop
      vertex 41.1455 6.96478 2.55
      vertex 41.1085 6.97862 2
      vertex 41.1455 6.96478 2
    endloop
  endfacet
  facet normal -0.326823 -0.945086 0
    outer loop
      vertex 41.1455 6.96478 2
      vertex 41.1861 6.95074 2.55
      vertex 41.1455 6.96478 2.55
    endloop
  endfacet
  facet normal -0.326823 -0.945086 -0
    outer loop
      vertex 41.1861 6.95074 2.55
      vertex 41.1455 6.96478 2
      vertex 41.1861 6.95074 2
    endloop
  endfacet
  facet normal -0.304224 -0.9526 0
    outer loop
      vertex 41.1861 6.95074 2
      vertex 41.2331 6.93573 2.55
      vertex 41.1861 6.95074 2.55
    endloop
  endfacet
  facet normal -0.304224 -0.9526 -0
    outer loop
      vertex 41.2331 6.93573 2.55
      vertex 41.1861 6.95074 2
      vertex 41.2331 6.93573 2
    endloop
  endfacet
  facet normal -0.286689 -0.958024 0
    outer loop
      vertex 41.2331 6.93573 2
      vertex 41.2865 6.91975 2.55
      vertex 41.2331 6.93573 2.55
    endloop
  endfacet
  facet normal -0.286689 -0.958024 -0
    outer loop
      vertex 41.2865 6.91975 2.55
      vertex 41.2331 6.93573 2
      vertex 41.2865 6.91975 2
    endloop
  endfacet
  facet normal -0.272429 -0.962176 0
    outer loop
      vertex 41.2865 6.91975 2
      vertex 41.3464 6.90279 2.55
      vertex 41.2865 6.91975 2.55
    endloop
  endfacet
  facet normal -0.272429 -0.962176 -0
    outer loop
      vertex 41.3464 6.90279 2.55
      vertex 41.2865 6.91975 2
      vertex 41.3464 6.90279 2
    endloop
  endfacet
  facet normal -0.261059 -0.965323 0
    outer loop
      vertex 41.3464 6.90279 2
      vertex 41.4127 6.88486 2.55
      vertex 41.3464 6.90279 2.55
    endloop
  endfacet
  facet normal -0.261059 -0.965323 -0
    outer loop
      vertex 41.4127 6.88486 2.55
      vertex 41.3464 6.90279 2
      vertex 41.4127 6.88486 2
    endloop
  endfacet
  facet normal -0.251161 -0.967945 0
    outer loop
      vertex 41.4127 6.88486 2
      vertex 41.4855 6.86597 2.55
      vertex 41.4127 6.88486 2.55
    endloop
  endfacet
  facet normal -0.251161 -0.967945 -0
    outer loop
      vertex 41.4855 6.86597 2.55
      vertex 41.4127 6.88486 2
      vertex 41.4855 6.86597 2
    endloop
  endfacet
  facet normal -0.243573 -0.969883 0
    outer loop
      vertex 41.4855 6.86597 2
      vertex 41.5647 6.84608 2.55
      vertex 41.4855 6.86597 2.55
    endloop
  endfacet
  facet normal -0.243573 -0.969883 -0
    outer loop
      vertex 41.5647 6.84608 2.55
      vertex 41.4855 6.86597 2
      vertex 41.5647 6.84608 2
    endloop
  endfacet
  facet normal -0.23681 -0.971556 0
    outer loop
      vertex 41.5647 6.84608 2
      vertex 41.6502 6.82524 2.55
      vertex 41.5647 6.84608 2.55
    endloop
  endfacet
  facet normal -0.23681 -0.971556 -0
    outer loop
      vertex 41.6502 6.82524 2.55
      vertex 41.5647 6.84608 2
      vertex 41.6502 6.82524 2
    endloop
  endfacet
  facet normal -0.230535 -0.973064 0
    outer loop
      vertex 41.6502 6.82524 2
      vertex 41.7423 6.80342 2.55
      vertex 41.6502 6.82524 2.55
    endloop
  endfacet
  facet normal -0.230535 -0.973064 -0
    outer loop
      vertex 41.7423 6.80342 2.55
      vertex 41.6502 6.82524 2
      vertex 41.7423 6.80342 2
    endloop
  endfacet
  facet normal -0.202136 -0.979357 0
    outer loop
      vertex 41.7423 6.80342 2
      vertex 41.8486 6.78148 2.55
      vertex 41.7423 6.80342 2.55
    endloop
  endfacet
  facet normal -0.202136 -0.979357 -0
    outer loop
      vertex 41.8486 6.78148 2.55
      vertex 41.7423 6.80342 2
      vertex 41.8486 6.78148 2
    endloop
  endfacet
  facet normal -0.210615 -0.977569 0
    outer loop
      vertex 41.8486 6.78148 2
      vertex 41.947 6.76028 2.55
      vertex 41.8486 6.78148 2.55
    endloop
  endfacet
  facet normal -0.210615 -0.977569 -0
    outer loop
      vertex 41.947 6.76028 2.55
      vertex 41.8486 6.78148 2
      vertex 41.947 6.76028 2
    endloop
  endfacet
  facet normal -0.220615 -0.975361 0
    outer loop
      vertex 41.947 6.76028 2
      vertex 42.0375 6.73981 2.55
      vertex 41.947 6.76028 2.55
    endloop
  endfacet
  facet normal -0.220615 -0.975361 -0
    outer loop
      vertex 42.0375 6.73981 2.55
      vertex 41.947 6.76028 2
      vertex 42.0375 6.73981 2
    endloop
  endfacet
  facet normal -0.232481 -0.972601 0
    outer loop
      vertex 42.0375 6.73981 2
      vertex 42.12 6.72009 2.55
      vertex 42.0375 6.73981 2.55
    endloop
  endfacet
  facet normal -0.232481 -0.972601 -0
    outer loop
      vertex 42.12 6.72009 2.55
      vertex 42.0375 6.73981 2
      vertex 42.12 6.72009 2
    endloop
  endfacet
  facet normal -0.24669 -0.969094 0
    outer loop
      vertex 42.12 6.72009 2
      vertex 42.1946 6.7011 2.55
      vertex 42.12 6.72009 2.55
    endloop
  endfacet
  facet normal -0.24669 -0.969094 -0
    outer loop
      vertex 42.1946 6.7011 2.55
      vertex 42.12 6.72009 2
      vertex 42.1946 6.7011 2
    endloop
  endfacet
  facet normal -0.264281 -0.964446 0
    outer loop
      vertex 42.1946 6.7011 2
      vertex 42.2612 6.68285 2.55
      vertex 42.1946 6.7011 2.55
    endloop
  endfacet
  facet normal -0.264281 -0.964446 -0
    outer loop
      vertex 42.2612 6.68285 2.55
      vertex 42.1946 6.7011 2
      vertex 42.2612 6.68285 2
    endloop
  endfacet
  facet normal -0.285553 -0.958363 0
    outer loop
      vertex 42.2612 6.68285 2
      vertex 42.32 6.66533 2.55
      vertex 42.2612 6.68285 2.55
    endloop
  endfacet
  facet normal -0.285553 -0.958363 -0
    outer loop
      vertex 42.32 6.66533 2.55
      vertex 42.2612 6.68285 2
      vertex 42.32 6.66533 2
    endloop
  endfacet
  facet normal -0.314374 -0.949299 0
    outer loop
      vertex 42.32 6.66533 2
      vertex 42.3707 6.64854 2.55
      vertex 42.32 6.66533 2.55
    endloop
  endfacet
  facet normal -0.314374 -0.949299 -0
    outer loop
      vertex 42.3707 6.64854 2.55
      vertex 42.32 6.66533 2
      vertex 42.3707 6.64854 2
    endloop
  endfacet
  facet normal -0.350022 -0.936741 0
    outer loop
      vertex 42.3707 6.64854 2
      vertex 42.4136 6.63251 2.55
      vertex 42.3707 6.64854 2.55
    endloop
  endfacet
  facet normal -0.350022 -0.936741 -0
    outer loop
      vertex 42.4136 6.63251 2.55
      vertex 42.3707 6.64854 2
      vertex 42.4136 6.63251 2
    endloop
  endfacet
  facet normal -0.391398 -0.920222 0
    outer loop
      vertex 42.4136 6.63251 2
      vertex 42.4515 6.61639 2.55
      vertex 42.4136 6.63251 2.55
    endloop
  endfacet
  facet normal -0.391398 -0.920222 -0
    outer loop
      vertex 42.4515 6.61639 2.55
      vertex 42.4136 6.63251 2
      vertex 42.4515 6.61639 2
    endloop
  endfacet
  facet normal -0.426184 -0.904636 0
    outer loop
      vertex 42.4515 6.61639 2
      vertex 42.4875 6.59943 2.55
      vertex 42.4515 6.61639 2.55
    endloop
  endfacet
  facet normal -0.426184 -0.904636 -0
    outer loop
      vertex 42.4875 6.59943 2.55
      vertex 42.4515 6.61639 2
      vertex 42.4875 6.59943 2
    endloop
  endfacet
  facet normal -0.465038 -0.885291 0
    outer loop
      vertex 42.4875 6.59943 2
      vertex 42.5215 6.58157 2.55
      vertex 42.4875 6.59943 2.55
    endloop
  endfacet
  facet normal -0.465038 -0.885291 -0
    outer loop
      vertex 42.5215 6.58157 2.55
      vertex 42.4875 6.59943 2
      vertex 42.5215 6.58157 2
    endloop
  endfacet
  facet normal -0.503771 -0.863837 0
    outer loop
      vertex 42.5215 6.58157 2
      vertex 42.5536 6.56285 2.55
      vertex 42.5215 6.58157 2.55
    endloop
  endfacet
  facet normal -0.503771 -0.863837 -0
    outer loop
      vertex 42.5536 6.56285 2.55
      vertex 42.5215 6.58157 2
      vertex 42.5536 6.56285 2
    endloop
  endfacet
  facet normal -0.545478 -0.838125 0
    outer loop
      vertex 42.5536 6.56285 2
      vertex 42.5837 6.54326 2.55
      vertex 42.5536 6.56285 2.55
    endloop
  endfacet
  facet normal -0.545478 -0.838125 -0
    outer loop
      vertex 42.5837 6.54326 2.55
      vertex 42.5536 6.56285 2
      vertex 42.5837 6.54326 2
    endloop
  endfacet
  facet normal -0.58725 -0.809406 0
    outer loop
      vertex 42.5837 6.54326 2
      vertex 42.6119 6.5228 2.55
      vertex 42.5837 6.54326 2.55
    endloop
  endfacet
  facet normal -0.58725 -0.809406 -0
    outer loop
      vertex 42.6119 6.5228 2.55
      vertex 42.5837 6.54326 2
      vertex 42.6119 6.5228 2
    endloop
  endfacet
  facet normal -0.630081 -0.776529 0
    outer loop
      vertex 42.6119 6.5228 2
      vertex 42.6382 6.50146 2.55
      vertex 42.6119 6.5228 2.55
    endloop
  endfacet
  facet normal -0.630081 -0.776529 -0
    outer loop
      vertex 42.6382 6.50146 2.55
      vertex 42.6119 6.5228 2
      vertex 42.6382 6.50146 2
    endloop
  endfacet
  facet normal -0.674485 -0.738288 0
    outer loop
      vertex 42.6382 6.50146 2
      vertex 42.6625 6.47926 2.55
      vertex 42.6382 6.50146 2.55
    endloop
  endfacet
  facet normal -0.674485 -0.738288 -0
    outer loop
      vertex 42.6625 6.47926 2.55
      vertex 42.6382 6.50146 2
      vertex 42.6625 6.47926 2
    endloop
  endfacet
  facet normal -0.719004 -0.695006 0
    outer loop
      vertex 42.6848 6.45619 2
      vertex 42.6625 6.47926 2.55
      vertex 42.6625 6.47926 2
    endloop
  endfacet
  facet normal -0.719004 -0.695006 0
    outer loop
      vertex 42.6625 6.47926 2.55
      vertex 42.6848 6.45619 2
      vertex 42.6848 6.45619 2.55
    endloop
  endfacet
  facet normal -0.767831 -0.640652 0
    outer loop
      vertex 42.705 6.43198 2
      vertex 42.6848 6.45619 2.55
      vertex 42.6848 6.45619 2
    endloop
  endfacet
  facet normal -0.767831 -0.640652 0
    outer loop
      vertex 42.6848 6.45619 2.55
      vertex 42.705 6.43198 2
      vertex 42.705 6.43198 2.55
    endloop
  endfacet
  facet normal -0.819638 -0.572882 0
    outer loop
      vertex 42.7229 6.40637 2
      vertex 42.705 6.43198 2.55
      vertex 42.705 6.43198 2
    endloop
  endfacet
  facet normal -0.819638 -0.572882 0
    outer loop
      vertex 42.705 6.43198 2.55
      vertex 42.7229 6.40637 2
      vertex 42.7229 6.40637 2.55
    endloop
  endfacet
  facet normal -0.868797 -0.495169 0
    outer loop
      vertex 42.7383 6.37935 2
      vertex 42.7229 6.40637 2.55
      vertex 42.7229 6.40637 2
    endloop
  endfacet
  facet normal -0.868797 -0.495169 0
    outer loop
      vertex 42.7229 6.40637 2.55
      vertex 42.7383 6.37935 2
      vertex 42.7383 6.37935 2.55
    endloop
  endfacet
  facet normal -0.908221 -0.418491 0
    outer loop
      vertex 42.7514 6.35092 2
      vertex 42.7383 6.37935 2.55
      vertex 42.7383 6.37935 2
    endloop
  endfacet
  facet normal -0.908221 -0.418491 0
    outer loop
      vertex 42.7383 6.37935 2.55
      vertex 42.7514 6.35092 2
      vertex 42.7514 6.35092 2.55
    endloop
  endfacet
  facet normal -0.941277 -0.337635 0
    outer loop
      vertex 42.7621 6.32109 2
      vertex 42.7514 6.35092 2.55
      vertex 42.7514 6.35092 2
    endloop
  endfacet
  facet normal -0.941277 -0.337635 0
    outer loop
      vertex 42.7514 6.35092 2.55
      vertex 42.7621 6.32109 2
      vertex 42.7621 6.32109 2.55
    endloop
  endfacet
  facet normal -0.966491 -0.2567 0
    outer loop
      vertex 42.7704 6.28984 2
      vertex 42.7621 6.32109 2.55
      vertex 42.7621 6.32109 2
    endloop
  endfacet
  facet normal -0.966491 -0.2567 0
    outer loop
      vertex 42.7621 6.32109 2.55
      vertex 42.7704 6.28984 2
      vertex 42.7704 6.28984 2.55
    endloop
  endfacet
  facet normal -0.983531 -0.180741 0
    outer loop
      vertex 42.7764 6.25719 2
      vertex 42.7704 6.28984 2.55
      vertex 42.7704 6.28984 2
    endloop
  endfacet
  facet normal -0.983531 -0.180741 0
    outer loop
      vertex 42.7704 6.28984 2.55
      vertex 42.7764 6.25719 2
      vertex 42.7764 6.25719 2.55
    endloop
  endfacet
  facet normal -0.994461 -0.10511 0
    outer loop
      vertex 42.78 6.22313 2
      vertex 42.7764 6.25719 2.55
      vertex 42.7764 6.25719 2
    endloop
  endfacet
  facet normal -0.994461 -0.10511 0
    outer loop
      vertex 42.7764 6.25719 2.55
      vertex 42.78 6.22313 2
      vertex 42.78 6.22313 2.55
    endloop
  endfacet
  facet normal -0.999428 -0.0338216 0
    outer loop
      vertex 42.7812 6.18767 2
      vertex 42.78 6.22313 2.55
      vertex 42.78 6.22313 2
    endloop
  endfacet
  facet normal -0.999428 -0.0338216 0
    outer loop
      vertex 42.78 6.22313 2.55
      vertex 42.7812 6.18767 2
      vertex 42.7812 6.18767 2.55
    endloop
  endfacet
  facet normal -0.995312 0.0967135 0
    outer loop
      vertex 42.7708 6.08064 2
      vertex 42.7812 6.18767 2.55
      vertex 42.7812 6.18767 2
    endloop
  endfacet
  facet normal -0.995312 0.0967135 0
    outer loop
      vertex 42.7812 6.18767 2.55
      vertex 42.7708 6.08064 2
      vertex 42.7708 6.08064 2.55
    endloop
  endfacet
  facet normal -0.950112 0.311908 0
    outer loop
      vertex 42.7398 5.98621 2
      vertex 42.7708 6.08064 2.55
      vertex 42.7708 6.08064 2
    endloop
  endfacet
  facet normal -0.950112 0.311908 0
    outer loop
      vertex 42.7708 6.08064 2.55
      vertex 42.7398 5.98621 2
      vertex 42.7398 5.98621 2.55
    endloop
  endfacet
  facet normal -0.844998 0.53477 0
    outer loop
      vertex 42.688 5.90436 2
      vertex 42.7398 5.98621 2.55
      vertex 42.7398 5.98621 2
    endloop
  endfacet
  facet normal -0.844998 0.53477 0
    outer loop
      vertex 42.7398 5.98621 2.55
      vertex 42.688 5.90436 2
      vertex 42.688 5.90436 2.55
    endloop
  endfacet
  facet normal -0.691263 0.722603 0
    outer loop
      vertex 42.688 5.90436 2
      vertex 42.6156 5.8351 2.55
      vertex 42.688 5.90436 2.55
    endloop
  endfacet
  facet normal -0.691263 0.722603 0
    outer loop
      vertex 42.6156 5.8351 2.55
      vertex 42.688 5.90436 2
      vertex 42.6156 5.8351 2
    endloop
  endfacet
  facet normal -0.519883 0.854238 0
    outer loop
      vertex 42.6156 5.8351 2
      vertex 42.5225 5.77844 2.55
      vertex 42.6156 5.8351 2.55
    endloop
  endfacet
  facet normal -0.519883 0.854238 0
    outer loop
      vertex 42.5225 5.77844 2.55
      vertex 42.6156 5.8351 2
      vertex 42.5225 5.77844 2
    endloop
  endfacet
  facet normal -0.360778 0.932652 0
    outer loop
      vertex 42.5225 5.77844 2
      vertex 42.4086 5.73438 2.55
      vertex 42.5225 5.77844 2.55
    endloop
  endfacet
  facet normal -0.360778 0.932652 0
    outer loop
      vertex 42.4086 5.73438 2.55
      vertex 42.5225 5.77844 2
      vertex 42.4086 5.73438 2
    endloop
  endfacet
  facet normal -0.227893 0.973686 0
    outer loop
      vertex 42.4086 5.73438 2
      vertex 42.2741 5.7029 2.55
      vertex 42.4086 5.73438 2.55
    endloop
  endfacet
  facet normal -0.227893 0.973686 0
    outer loop
      vertex 42.2741 5.7029 2.55
      vertex 42.4086 5.73438 2
      vertex 42.2741 5.7029 2
    endloop
  endfacet
  facet normal -0.120822 0.992674 0
    outer loop
      vertex 42.2741 5.7029 2
      vertex 42.1189 5.68401 2.55
      vertex 42.2741 5.7029 2.55
    endloop
  endfacet
  facet normal -0.120822 0.992674 0
    outer loop
      vertex 42.1189 5.68401 2.55
      vertex 42.2741 5.7029 2
      vertex 42.1189 5.68401 2
    endloop
  endfacet
  facet normal -0.0358496 0.999357 0
    outer loop
      vertex 42.1189 5.68401 2
      vertex 41.943 5.6777 2.55
      vertex 42.1189 5.68401 2.55
    endloop
  endfacet
  facet normal -0.0358496 0.999357 0
    outer loop
      vertex 41.943 5.6777 2.55
      vertex 42.1189 5.68401 2
      vertex 41.943 5.6777 2
    endloop
  endfacet
  facet normal 0.0194027 0.999812 -0
    outer loop
      vertex 41.943 5.6777 2
      vertex 41.8554 5.6794 2.55
      vertex 41.943 5.6777 2.55
    endloop
  endfacet
  facet normal 0.0194027 0.999812 0
    outer loop
      vertex 41.8554 5.6794 2.55
      vertex 41.943 5.6777 2
      vertex 41.8554 5.6794 2
    endloop
  endfacet
  facet normal 0.0606325 0.99816 -0
    outer loop
      vertex 41.8554 5.6794 2
      vertex 41.7721 5.68446 2.55
      vertex 41.8554 5.6794 2.55
    endloop
  endfacet
  facet normal 0.0606325 0.99816 0
    outer loop
      vertex 41.7721 5.68446 2.55
      vertex 41.8554 5.6794 2
      vertex 41.7721 5.68446 2
    endloop
  endfacet
  facet normal 0.106604 0.994302 -0
    outer loop
      vertex 41.7721 5.68446 2
      vertex 41.6931 5.69293 2.55
      vertex 41.7721 5.68446 2.55
    endloop
  endfacet
  facet normal 0.106604 0.994302 0
    outer loop
      vertex 41.6931 5.69293 2.55
      vertex 41.7721 5.68446 2
      vertex 41.6931 5.69293 2
    endloop
  endfacet
  facet normal 0.156827 0.987626 -0
    outer loop
      vertex 41.6931 5.69293 2
      vertex 41.6186 5.70476 2.55
      vertex 41.6931 5.69293 2.55
    endloop
  endfacet
  facet normal 0.156827 0.987626 0
    outer loop
      vertex 41.6186 5.70476 2.55
      vertex 41.6931 5.69293 2
      vertex 41.6186 5.70476 2
    endloop
  endfacet
  facet normal 0.211731 0.977328 -0
    outer loop
      vertex 41.6186 5.70476 2
      vertex 41.5483 5.71999 2.55
      vertex 41.6186 5.70476 2.55
    endloop
  endfacet
  facet normal 0.211731 0.977328 0
    outer loop
      vertex 41.5483 5.71999 2.55
      vertex 41.6186 5.70476 2
      vertex 41.5483 5.71999 2
    endloop
  endfacet
  facet normal 0.271745 0.962369 -0
    outer loop
      vertex 41.5483 5.71999 2
      vertex 41.4825 5.73857 2.55
      vertex 41.5483 5.71999 2.55
    endloop
  endfacet
  facet normal 0.271745 0.962369 0
    outer loop
      vertex 41.4825 5.73857 2.55
      vertex 41.5483 5.71999 2
      vertex 41.4825 5.73857 2
    endloop
  endfacet
  facet normal 0.336201 0.94179 -0
    outer loop
      vertex 41.4825 5.73857 2
      vertex 41.4209 5.76056 2.55
      vertex 41.4825 5.73857 2.55
    endloop
  endfacet
  facet normal 0.336201 0.94179 0
    outer loop
      vertex 41.4209 5.76056 2.55
      vertex 41.4825 5.73857 2
      vertex 41.4209 5.76056 2
    endloop
  endfacet
  facet normal 0.405901 0.913917 -0
    outer loop
      vertex 41.4209 5.76056 2
      vertex 41.3638 5.78592 2.55
      vertex 41.4209 5.76056 2.55
    endloop
  endfacet
  facet normal 0.405901 0.913917 0
    outer loop
      vertex 41.3638 5.78592 2.55
      vertex 41.4209 5.76056 2
      vertex 41.3638 5.78592 2
    endloop
  endfacet
  facet normal 0.478211 0.878245 -0
    outer loop
      vertex 41.3638 5.78592 2
      vertex 41.311 5.81467 2.55
      vertex 41.3638 5.78592 2.55
    endloop
  endfacet
  facet normal 0.478211 0.878245 0
    outer loop
      vertex 41.311 5.81467 2.55
      vertex 41.3638 5.78592 2
      vertex 41.311 5.81467 2
    endloop
  endfacet
  facet normal 0.554307 0.832313 -0
    outer loop
      vertex 41.311 5.81467 2
      vertex 41.2622 5.84717 2.55
      vertex 41.311 5.81467 2.55
    endloop
  endfacet
  facet normal 0.554307 0.832313 0
    outer loop
      vertex 41.2622 5.84717 2.55
      vertex 41.311 5.81467 2
      vertex 41.2622 5.84717 2
    endloop
  endfacet
  facet normal 0.630346 0.776314 -0
    outer loop
      vertex 41.2622 5.84717 2
      vertex 41.2171 5.88379 2.55
      vertex 41.2622 5.84717 2.55
    endloop
  endfacet
  facet normal 0.630346 0.776314 0
    outer loop
      vertex 41.2171 5.88379 2.55
      vertex 41.2622 5.84717 2
      vertex 41.2171 5.88379 2
    endloop
  endfacet
  facet normal 0.700542 0.713611 -0
    outer loop
      vertex 41.2171 5.88379 2
      vertex 41.1756 5.92453 2.55
      vertex 41.2171 5.88379 2.55
    endloop
  endfacet
  facet normal 0.700542 0.713611 0
    outer loop
      vertex 41.1756 5.92453 2.55
      vertex 41.2171 5.88379 2
      vertex 41.1756 5.92453 2
    endloop
  endfacet
  facet normal 0.765557 0.643368 0
    outer loop
      vertex 41.1756 5.92453 2.55
      vertex 41.1379 5.96939 2
      vertex 41.1379 5.96939 2.55
    endloop
  endfacet
  facet normal 0.765557 0.643368 0
    outer loop
      vertex 41.1379 5.96939 2
      vertex 41.1756 5.92453 2.55
      vertex 41.1756 5.92453 2
    endloop
  endfacet
  facet normal 0.821479 0.570239 0
    outer loop
      vertex 41.1379 5.96939 2.55
      vertex 41.1039 6.01837 2
      vertex 41.1039 6.01837 2.55
    endloop
  endfacet
  facet normal 0.821479 0.570239 0
    outer loop
      vertex 41.1039 6.01837 2
      vertex 41.1379 5.96939 2.55
      vertex 41.1379 5.96939 2
    endloop
  endfacet
  facet normal 0.867841 0.496843 0
    outer loop
      vertex 41.1039 6.01837 2.55
      vertex 41.0735 6.07147 2
      vertex 41.0735 6.07147 2.55
    endloop
  endfacet
  facet normal 0.867841 0.496843 0
    outer loop
      vertex 41.0735 6.07147 2
      vertex 41.1039 6.01837 2.55
      vertex 41.1039 6.01837 2
    endloop
  endfacet
  facet normal 0.906171 0.422911 0
    outer loop
      vertex 41.0735 6.07147 2.55
      vertex 41.0468 6.12868 2
      vertex 41.0468 6.12868 2.55
    endloop
  endfacet
  facet normal 0.906171 0.422911 0
    outer loop
      vertex 41.0468 6.12868 2
      vertex 41.0735 6.07147 2.55
      vertex 41.0735 6.07147 2
    endloop
  endfacet
  facet normal 0.936342 0.35109 0
    outer loop
      vertex 41.0468 6.12868 2.55
      vertex 41.0238 6.19002 2
      vertex 41.0238 6.19002 2.55
    endloop
  endfacet
  facet normal 0.936342 0.35109 0
    outer loop
      vertex 41.0238 6.19002 2
      vertex 41.0468 6.12868 2.55
      vertex 41.0468 6.12868 2
    endloop
  endfacet
  facet normal 0.959155 0.28288 0
    outer loop
      vertex 41.0238 6.19002 2.55
      vertex 41.0045 6.25546 2
      vertex 41.0045 6.25546 2.55
    endloop
  endfacet
  facet normal 0.959155 0.28288 0
    outer loop
      vertex 41.0045 6.25546 2
      vertex 41.0238 6.19002 2.55
      vertex 41.0238 6.19002 2
    endloop
  endfacet
  facet normal -0.162685 0.986678 0
    outer loop
      vertex 41.0045 6.25546 2
      vertex 40.2314 6.12799 2.55
      vertex 41.0045 6.25546 2.55
    endloop
  endfacet
  facet normal -0.162685 0.986678 0
    outer loop
      vertex 40.2314 6.12799 2.55
      vertex 41.0045 6.25546 2
      vertex 40.2314 6.12799 2
    endloop
  endfacet
  facet normal -0.966783 -0.255597 0
    outer loop
      vertex 40.2616 6.01376 2
      vertex 40.2314 6.12799 2.55
      vertex 40.2314 6.12799 2
    endloop
  endfacet
  facet normal -0.966783 -0.255597 0
    outer loop
      vertex 40.2314 6.12799 2.55
      vertex 40.2616 6.01376 2
      vertex 40.2616 6.01376 2.55
    endloop
  endfacet
  facet normal -0.944013 -0.329909 0
    outer loop
      vertex 40.2992 5.90617 2
      vertex 40.2616 6.01376 2.55
      vertex 40.2616 6.01376 2
    endloop
  endfacet
  facet normal -0.944013 -0.329909 0
    outer loop
      vertex 40.2616 6.01376 2.55
      vertex 40.2992 5.90617 2
      vertex 40.2992 5.90617 2.55
    endloop
  endfacet
  facet normal -0.913714 -0.406357 0
    outer loop
      vertex 40.3441 5.80521 2
      vertex 40.2992 5.90617 2.55
      vertex 40.2992 5.90617 2
    endloop
  endfacet
  facet normal -0.913714 -0.406357 0
    outer loop
      vertex 40.2992 5.90617 2.55
      vertex 40.3441 5.80521 2
      vertex 40.3441 5.80521 2.55
    endloop
  endfacet
  facet normal -0.874572 -0.484895 0
    outer loop
      vertex 40.3964 5.71088 2
      vertex 40.3441 5.80521 2.55
      vertex 40.3441 5.80521 2
    endloop
  endfacet
  facet normal -0.874572 -0.484895 0
    outer loop
      vertex 40.3441 5.80521 2.55
      vertex 40.3964 5.71088 2
      vertex 40.3964 5.71088 2.55
    endloop
  endfacet
  facet normal -0.826676 -0.562679 0
    outer loop
      vertex 40.4561 5.62317 2
      vertex 40.3964 5.71088 2.55
      vertex 40.3964 5.71088 2
    endloop
  endfacet
  facet normal -0.826676 -0.562679 0
    outer loop
      vertex 40.3964 5.71088 2.55
      vertex 40.4561 5.62317 2
      vertex 40.4561 5.62317 2.55
    endloop
  endfacet
  facet normal -0.770826 -0.637046 0
    outer loop
      vertex 40.5231 5.5421 2
      vertex 40.4561 5.62317 2.55
      vertex 40.4561 5.62317 2
    endloop
  endfacet
  facet normal -0.770826 -0.637046 0
    outer loop
      vertex 40.4561 5.62317 2.55
      vertex 40.5231 5.5421 2
      vertex 40.5231 5.5421 2.55
    endloop
  endfacet
  facet normal -0.707249 -0.706964 0
    outer loop
      vertex 40.5975 5.46767 2
      vertex 40.5231 5.5421 2.55
      vertex 40.5231 5.5421 2
    endloop
  endfacet
  facet normal -0.707249 -0.706964 0
    outer loop
      vertex 40.5231 5.5421 2.55
      vertex 40.5975 5.46767 2
      vertex 40.5975 5.46767 2.55
    endloop
  endfacet
  facet normal -0.638201 -0.76987 0
    outer loop
      vertex 40.5975 5.46767 2
      vertex 40.6793 5.39986 2.55
      vertex 40.5975 5.46767 2.55
    endloop
  endfacet
  facet normal -0.638201 -0.76987 -0
    outer loop
      vertex 40.6793 5.39986 2.55
      vertex 40.5975 5.46767 2
      vertex 40.6793 5.39986 2
    endloop
  endfacet
  facet normal -0.565681 -0.824624 0
    outer loop
      vertex 40.6793 5.39986 2
      vertex 40.7685 5.33867 2.55
      vertex 40.6793 5.39986 2.55
    endloop
  endfacet
  facet normal -0.565681 -0.824624 -0
    outer loop
      vertex 40.7685 5.33867 2.55
      vertex 40.6793 5.39986 2
      vertex 40.7685 5.33867 2
    endloop
  endfacet
  facet normal -0.492081 -0.870549 0
    outer loop
      vertex 40.7685 5.33867 2
      vertex 40.8652 5.28401 2.55
      vertex 40.7685 5.33867 2.55
    endloop
  endfacet
  facet normal -0.492081 -0.870549 -0
    outer loop
      vertex 40.8652 5.28401 2.55
      vertex 40.7685 5.33867 2
      vertex 40.8652 5.28401 2
    endloop
  endfacet
  facet normal -0.418651 -0.908147 0
    outer loop
      vertex 40.8652 5.28401 2
      vertex 40.9698 5.23579 2.55
      vertex 40.8652 5.28401 2.55
    endloop
  endfacet
  facet normal -0.418651 -0.908147 -0
    outer loop
      vertex 40.9698 5.23579 2.55
      vertex 40.8652 5.28401 2
      vertex 40.9698 5.23579 2
    endloop
  endfacet
  facet normal -0.34849 -0.937312 0
    outer loop
      vertex 40.9698 5.23579 2
      vertex 41.0822 5.194 2.55
      vertex 40.9698 5.23579 2.55
    endloop
  endfacet
  facet normal -0.34849 -0.937312 -0
    outer loop
      vertex 41.0822 5.194 2.55
      vertex 40.9698 5.23579 2
      vertex 41.0822 5.194 2
    endloop
  endfacet
  facet normal -0.282076 -0.959392 0
    outer loop
      vertex 41.0822 5.194 2
      vertex 41.2025 5.15863 2.55
      vertex 41.0822 5.194 2.55
    endloop
  endfacet
  facet normal -0.282076 -0.959392 -0
    outer loop
      vertex 41.2025 5.15863 2.55
      vertex 41.0822 5.194 2
      vertex 41.2025 5.15863 2
    endloop
  endfacet
  facet normal -0.220291 -0.975434 0
    outer loop
      vertex 41.2025 5.15863 2
      vertex 41.3306 5.1297 2.55
      vertex 41.2025 5.15863 2.55
    endloop
  endfacet
  facet normal -0.220291 -0.975434 -0
    outer loop
      vertex 41.3306 5.1297 2.55
      vertex 41.2025 5.15863 2
      vertex 41.3306 5.1297 2
    endloop
  endfacet
  facet normal -0.163269 -0.986582 0
    outer loop
      vertex 41.3306 5.1297 2
      vertex 41.4665 5.10721 2.55
      vertex 41.3306 5.1297 2.55
    endloop
  endfacet
  facet normal -0.163269 -0.986582 -0
    outer loop
      vertex 41.4665 5.10721 2.55
      vertex 41.3306 5.1297 2
      vertex 41.4665 5.10721 2
    endloop
  endfacet
  facet normal -0.111206 -0.993797 0
    outer loop
      vertex 41.4665 5.10721 2
      vertex 41.6102 5.09113 2.55
      vertex 41.4665 5.10721 2.55
    endloop
  endfacet
  facet normal -0.111206 -0.993797 -0
    outer loop
      vertex 41.6102 5.09113 2.55
      vertex 41.4665 5.10721 2
      vertex 41.6102 5.09113 2
    endloop
  endfacet
  facet normal -0.0635258 -0.99798 0
    outer loop
      vertex 41.6102 5.09113 2
      vertex 41.7618 5.08148 2.55
      vertex 41.6102 5.09113 2.55
    endloop
  endfacet
  facet normal -0.0635258 -0.99798 -0
    outer loop
      vertex 41.7618 5.08148 2.55
      vertex 41.6102 5.09113 2
      vertex 41.7618 5.08148 2
    endloop
  endfacet
  facet normal -0.020184 -0.999796 0
    outer loop
      vertex 41.7618 5.08148 2
      vertex 41.9213 5.07826 2.55
      vertex 41.7618 5.08148 2.55
    endloop
  endfacet
  facet normal -0.020184 -0.999796 -0
    outer loop
      vertex 41.9213 5.07826 2.55
      vertex 41.7618 5.08148 2
      vertex 41.9213 5.07826 2
    endloop
  endfacet
  facet normal 0.0211204 -0.999777 0
    outer loop
      vertex 41.9213 5.07826 2
      vertex 42.0955 5.08194 2.55
      vertex 41.9213 5.07826 2.55
    endloop
  endfacet
  facet normal 0.0211204 -0.999777 0
    outer loop
      vertex 42.0955 5.08194 2.55
      vertex 41.9213 5.07826 2
      vertex 42.0955 5.08194 2
    endloop
  endfacet
  facet normal 0.0709744 -0.997478 0
    outer loop
      vertex 45.9694 5.08124 2
      vertex 46.0942 5.09012 2.55
      vertex 45.9694 5.08124 2.55
    endloop
  endfacet
  facet normal 0.0709744 -0.997478 0
    outer loop
      vertex 46.0942 5.09012 2.55
      vertex 45.9694 5.08124 2
      vertex 46.0942 5.09012 2
    endloop
  endfacet
  facet normal 0.121391 -0.992605 0
    outer loop
      vertex 46.0942 5.09012 2
      vertex 46.2153 5.10493 2.55
      vertex 46.0942 5.09012 2.55
    endloop
  endfacet
  facet normal 0.121391 -0.992605 0
    outer loop
      vertex 46.2153 5.10493 2.55
      vertex 46.0942 5.09012 2
      vertex 46.2153 5.10493 2
    endloop
  endfacet
  facet normal 0.173843 -0.984773 0
    outer loop
      vertex 46.2153 5.10493 2
      vertex 46.3329 5.12569 2.55
      vertex 46.2153 5.10493 2.55
    endloop
  endfacet
  facet normal 0.173843 -0.984773 0
    outer loop
      vertex 46.3329 5.12569 2.55
      vertex 46.2153 5.10493 2
      vertex 46.3329 5.12569 2
    endloop
  endfacet
  facet normal 0.227986 -0.973664 0
    outer loop
      vertex 46.3329 5.12569 2
      vertex 46.4468 5.15236 2.55
      vertex 46.3329 5.12569 2.55
    endloop
  endfacet
  facet normal 0.227986 -0.973664 0
    outer loop
      vertex 46.4468 5.15236 2.55
      vertex 46.3329 5.12569 2
      vertex 46.4468 5.15236 2
    endloop
  endfacet
  facet normal 0.283357 -0.959014 0
    outer loop
      vertex 46.4468 5.15236 2
      vertex 46.5571 5.18495 2.55
      vertex 46.4468 5.15236 2.55
    endloop
  endfacet
  facet normal 0.283357 -0.959014 0
    outer loop
      vertex 46.5571 5.18495 2.55
      vertex 46.4468 5.15236 2
      vertex 46.5571 5.18495 2
    endloop
  endfacet
  facet normal 0.33964 -0.940555 0
    outer loop
      vertex 46.5571 5.18495 2
      vertex 46.6638 5.22348 2.55
      vertex 46.5571 5.18495 2.55
    endloop
  endfacet
  facet normal 0.33964 -0.940555 0
    outer loop
      vertex 46.6638 5.22348 2.55
      vertex 46.5571 5.18495 2
      vertex 46.6638 5.22348 2
    endloop
  endfacet
  facet normal 0.395907 -0.918291 0
    outer loop
      vertex 46.6638 5.22348 2
      vertex 46.7669 5.26793 2.55
      vertex 46.6638 5.22348 2.55
    endloop
  endfacet
  facet normal 0.395907 -0.918291 0
    outer loop
      vertex 46.7669 5.26793 2.55
      vertex 46.6638 5.22348 2
      vertex 46.7669 5.26793 2
    endloop
  endfacet
  facet normal 0.452089 -0.891973 0
    outer loop
      vertex 46.7669 5.26793 2
      vertex 46.8663 5.31831 2.55
      vertex 46.7669 5.26793 2.55
    endloop
  endfacet
  facet normal 0.452089 -0.891973 0
    outer loop
      vertex 46.8663 5.31831 2.55
      vertex 46.7669 5.26793 2
      vertex 46.8663 5.31831 2
    endloop
  endfacet
  facet normal 0.506818 -0.862053 0
    outer loop
      vertex 46.8663 5.31831 2
      vertex 46.9615 5.37428 2.55
      vertex 46.8663 5.31831 2.55
    endloop
  endfacet
  facet normal 0.506818 -0.862053 0
    outer loop
      vertex 46.9615 5.37428 2.55
      vertex 46.8663 5.31831 2
      vertex 46.9615 5.37428 2
    endloop
  endfacet
  facet normal 0.562134 -0.827046 0
    outer loop
      vertex 46.9615 5.37428 2
      vertex 47.0516 5.43552 2.55
      vertex 46.9615 5.37428 2.55
    endloop
  endfacet
  facet normal 0.562134 -0.827046 0
    outer loop
      vertex 47.0516 5.43552 2.55
      vertex 46.9615 5.37428 2
      vertex 47.0516 5.43552 2
    endloop
  endfacet
  facet normal 0.615676 -0.787999 0
    outer loop
      vertex 47.0516 5.43552 2
      vertex 47.1367 5.50201 2.55
      vertex 47.0516 5.43552 2.55
    endloop
  endfacet
  facet normal 0.615676 -0.787999 0
    outer loop
      vertex 47.1367 5.50201 2.55
      vertex 47.0516 5.43552 2
      vertex 47.1367 5.50201 2
    endloop
  endfacet
  facet normal 0.667216 -0.744864 0
    outer loop
      vertex 47.1367 5.50201 2
      vertex 47.2168 5.57376 2.55
      vertex 47.1367 5.50201 2.55
    endloop
  endfacet
  facet normal 0.667216 -0.744864 0
    outer loop
      vertex 47.2168 5.57376 2.55
      vertex 47.1367 5.50201 2
      vertex 47.2168 5.57376 2
    endloop
  endfacet
  facet normal 0.716394 -0.697696 0
    outer loop
      vertex 47.2168 5.57376 2.55
      vertex 47.2918 5.65077 2
      vertex 47.2918 5.65077 2.55
    endloop
  endfacet
  facet normal 0.716394 -0.697696 0
    outer loop
      vertex 47.2918 5.65077 2
      vertex 47.2168 5.57376 2.55
      vertex 47.2168 5.57376 2
    endloop
  endfacet
  facet normal 0.761578 -0.648073 0
    outer loop
      vertex 47.2918 5.65077 2.55
      vertex 47.3618 5.73303 2
      vertex 47.3618 5.73303 2.55
    endloop
  endfacet
  facet normal 0.761578 -0.648073 0
    outer loop
      vertex 47.3618 5.73303 2
      vertex 47.2918 5.65077 2.55
      vertex 47.2918 5.65077 2
    endloop
  endfacet
  facet normal 0.802776 -0.59628 0
    outer loop
      vertex 47.3618 5.73303 2.55
      vertex 47.4268 5.82054 2
      vertex 47.4268 5.82054 2.55
    endloop
  endfacet
  facet normal 0.802776 -0.59628 0
    outer loop
      vertex 47.4268 5.82054 2
      vertex 47.3618 5.73303 2.55
      vertex 47.3618 5.73303 2
    endloop
  endfacet
  facet normal 0.839684 -0.543075 0
    outer loop
      vertex 47.4268 5.82054 2.55
      vertex 47.4868 5.91331 2
      vertex 47.4868 5.91331 2.55
    endloop
  endfacet
  facet normal 0.839684 -0.543075 0
    outer loop
      vertex 47.4868 5.91331 2
      vertex 47.4268 5.82054 2.55
      vertex 47.4268 5.82054 2
    endloop
  endfacet
  facet normal 0.872515 -0.488587 0
    outer loop
      vertex 47.4868 5.91331 2.55
      vertex 47.5417 6.01135 2
      vertex 47.5417 6.01135 2.55
    endloop
  endfacet
  facet normal 0.872515 -0.488587 0
    outer loop
      vertex 47.5417 6.01135 2
      vertex 47.4868 5.91331 2.55
      vertex 47.4868 5.91331 2
    endloop
  endfacet
  facet normal 0.900031 -0.435825 0
    outer loop
      vertex 47.5417 6.01135 2.55
      vertex 47.5913 6.11378 2
      vertex 47.5913 6.11378 2.55
    endloop
  endfacet
  facet normal 0.900031 -0.435825 0
    outer loop
      vertex 47.5913 6.11378 2
      vertex 47.5417 6.01135 2.55
      vertex 47.5417 6.01135 2
    endloop
  endfacet
  facet normal 0.924528 -0.381114 0
    outer loop
      vertex 47.5913 6.11378 2.55
      vertex 47.635 6.21979 2
      vertex 47.635 6.21979 2.55
    endloop
  endfacet
  facet normal 0.924528 -0.381114 0
    outer loop
      vertex 47.635 6.21979 2
      vertex 47.5913 6.11378 2.55
      vertex 47.5913 6.11378 2
    endloop
  endfacet
  facet normal 0.94529 -0.32623 0
    outer loop
      vertex 47.635 6.21979 2.55
      vertex 47.6728 6.32932 2
      vertex 47.6728 6.32932 2.55
    endloop
  endfacet
  facet normal 0.94529 -0.32623 0
    outer loop
      vertex 47.6728 6.32932 2
      vertex 47.635 6.21979 2.55
      vertex 47.635 6.21979 2
    endloop
  endfacet
  facet normal 0.961998 -0.273058 0
    outer loop
      vertex 47.6728 6.32932 2.55
      vertex 47.7049 6.44241 2
      vertex 47.7049 6.44241 2.55
    endloop
  endfacet
  facet normal 0.961998 -0.273058 0
    outer loop
      vertex 47.7049 6.44241 2
      vertex 47.6728 6.32932 2.55
      vertex 47.6728 6.32932 2
    endloop
  endfacet
  facet normal 0.975689 -0.219162 0
    outer loop
      vertex 47.7049 6.44241 2.55
      vertex 47.7311 6.55905 2
      vertex 47.7311 6.55905 2.55
    endloop
  endfacet
  facet normal 0.975689 -0.219162 0
    outer loop
      vertex 47.7311 6.55905 2
      vertex 47.7049 6.44241 2.55
      vertex 47.7049 6.44241 2
    endloop
  endfacet
  facet normal 0.9859 -0.167338 0
    outer loop
      vertex 47.7311 6.55905 2.55
      vertex 47.7515 6.67924 2
      vertex 47.7515 6.67924 2.55
    endloop
  endfacet
  facet normal 0.9859 -0.167338 0
    outer loop
      vertex 47.7515 6.67924 2
      vertex 47.7311 6.55905 2.55
      vertex 47.7311 6.55905 2
    endloop
  endfacet
  facet normal 0.993111 -0.117177 0
    outer loop
      vertex 47.7515 6.67924 2.55
      vertex 47.7661 6.80298 2
      vertex 47.7661 6.80298 2.55
    endloop
  endfacet
  facet normal 0.993111 -0.117177 0
    outer loop
      vertex 47.7661 6.80298 2
      vertex 47.7515 6.67924 2.55
      vertex 47.7515 6.67924 2
    endloop
  endfacet
  facet normal 0.997672 -0.0681888 0
    outer loop
      vertex 47.7661 6.80298 2.55
      vertex 47.7748 6.93027 2
      vertex 47.7748 6.93027 2.55
    endloop
  endfacet
  facet normal 0.997672 -0.0681888 0
    outer loop
      vertex 47.7748 6.93027 2
      vertex 47.7661 6.80298 2.55
      vertex 47.7661 6.80298 2
    endloop
  endfacet
  facet normal 0.999754 -0.0221607 0
    outer loop
      vertex 47.7748 6.93027 2.55
      vertex 47.7777 7.0611 2
      vertex 47.7777 7.0611 2.55
    endloop
  endfacet
  facet normal 0.999754 -0.0221607 0
    outer loop
      vertex 47.7777 7.0611 2
      vertex 47.7748 6.93027 2.55
      vertex 47.7748 6.93027 2
    endloop
  endfacet
  facet normal 0.99949 0.0319407 0
    outer loop
      vertex 47.7777 7.0611 2.55
      vertex 47.7714 7.25824 2
      vertex 47.7714 7.25824 2.55
    endloop
  endfacet
  facet normal 0.99949 0.0319407 0
    outer loop
      vertex 47.7714 7.25824 2
      vertex 47.7777 7.0611 2.55
      vertex 47.7777 7.0611 2
    endloop
  endfacet
  facet normal 0.994961 0.10026 0
    outer loop
      vertex 47.7714 7.25824 2.55
      vertex 47.7525 7.4458 2
      vertex 47.7525 7.4458 2.55
    endloop
  endfacet
  facet normal 0.994961 0.10026 0
    outer loop
      vertex 47.7525 7.4458 2
      vertex 47.7714 7.25824 2.55
      vertex 47.7714 7.25824 2
    endloop
  endfacet
  facet normal 0.984601 0.174814 0
    outer loop
      vertex 47.7525 7.4458 2.55
      vertex 47.7209 7.62378 2
      vertex 47.7209 7.62378 2.55
    endloop
  endfacet
  facet normal 0.984601 0.174814 0
    outer loop
      vertex 47.7209 7.62378 2
      vertex 47.7525 7.4458 2.55
      vertex 47.7525 7.4458 2
    endloop
  endfacet
  facet normal 0.967242 0.253857 0
    outer loop
      vertex 47.7209 7.62378 2.55
      vertex 47.6767 7.79219 2
      vertex 47.6767 7.79219 2.55
    endloop
  endfacet
  facet normal 0.967242 0.253857 0
    outer loop
      vertex 47.6767 7.79219 2
      vertex 47.7209 7.62378 2.55
      vertex 47.7209 7.62378 2
    endloop
  endfacet
  facet normal 0.941601 0.336731 0
    outer loop
      vertex 47.6767 7.79219 2.55
      vertex 47.6199 7.95102 2
      vertex 47.6199 7.95102 2.55
    endloop
  endfacet
  facet normal 0.941601 0.336731 0
    outer loop
      vertex 47.6199 7.95102 2
      vertex 47.6767 7.79219 2.55
      vertex 47.6767 7.79219 2
    endloop
  endfacet
  facet normal 0.906775 0.421615 0
    outer loop
      vertex 47.6199 7.95102 2.55
      vertex 47.5505 8.10028 2
      vertex 47.5505 8.10028 2.55
    endloop
  endfacet
  facet normal 0.906775 0.421615 0
    outer loop
      vertex 47.5505 8.10028 2
      vertex 47.6199 7.95102 2.55
      vertex 47.6199 7.95102 2
    endloop
  endfacet
  facet normal 0.862077 0.506777 0
    outer loop
      vertex 47.5505 8.10028 2.55
      vertex 47.4684 8.23994 2
      vertex 47.4684 8.23994 2.55
    endloop
  endfacet
  facet normal 0.862077 0.506777 0
    outer loop
      vertex 47.4684 8.23994 2
      vertex 47.5505 8.10028 2.55
      vertex 47.5505 8.10028 2
    endloop
  endfacet
  facet normal 0.808537 0.588445 0
    outer loop
      vertex 47.4684 8.23994 2.55
      vertex 47.3737 8.37006 2
      vertex 47.3737 8.37006 2.55
    endloop
  endfacet
  facet normal 0.808537 0.588445 0
    outer loop
      vertex 47.3737 8.37006 2
      vertex 47.4684 8.23994 2.55
      vertex 47.4684 8.23994 2
    endloop
  endfacet
  facet normal 0.746855 0.664987 0
    outer loop
      vertex 47.3737 8.37006 2.55
      vertex 47.2664 8.49057 2
      vertex 47.2664 8.49057 2.55
    endloop
  endfacet
  facet normal 0.746855 0.664987 0
    outer loop
      vertex 47.2664 8.49057 2
      vertex 47.3737 8.37006 2.55
      vertex 47.3737 8.37006 2
    endloop
  endfacet
  facet normal 0.677997 0.735065 -0
    outer loop
      vertex 47.2664 8.49057 2
      vertex 47.1479 8.59987 2.55
      vertex 47.2664 8.49057 2.55
    endloop
  endfacet
  facet normal 0.677997 0.735065 0
    outer loop
      vertex 47.1479 8.59987 2.55
      vertex 47.2664 8.49057 2
      vertex 47.1479 8.59987 2
    endloop
  endfacet
  facet normal 0.600598 0.799551 -0
    outer loop
      vertex 47.1479 8.59987 2
      vertex 47.0195 8.69632 2.55
      vertex 47.1479 8.59987 2.55
    endloop
  endfacet
  facet normal 0.600598 0.799551 0
    outer loop
      vertex 47.0195 8.69632 2.55
      vertex 47.1479 8.59987 2
      vertex 47.0195 8.69632 2
    endloop
  endfacet
  facet normal 0.517817 0.855491 -0
    outer loop
      vertex 47.0195 8.69632 2
      vertex 46.8814 8.77991 2.55
      vertex 47.0195 8.69632 2.55
    endloop
  endfacet
  facet normal 0.517817 0.855491 0
    outer loop
      vertex 46.8814 8.77991 2.55
      vertex 47.0195 8.69632 2
      vertex 46.8814 8.77991 2
    endloop
  endfacet
  facet normal 0.431145 0.902283 -0
    outer loop
      vertex 46.8814 8.77991 2
      vertex 46.7334 8.85063 2.55
      vertex 46.8814 8.77991 2.55
    endloop
  endfacet
  facet normal 0.431145 0.902283 0
    outer loop
      vertex 46.7334 8.85063 2.55
      vertex 46.8814 8.77991 2
      vertex 46.7334 8.85063 2
    endloop
  endfacet
  facet normal 0.344447 0.938806 -0
    outer loop
      vertex 46.7334 8.85063 2
      vertex 46.5757 8.90849 2.55
      vertex 46.7334 8.85063 2.55
    endloop
  endfacet
  facet normal 0.344447 0.938806 0
    outer loop
      vertex 46.5757 8.90849 2.55
      vertex 46.7334 8.85063 2
      vertex 46.5757 8.90849 2
    endloop
  endfacet
  facet normal 0.25942 0.965765 -0
    outer loop
      vertex 46.5757 8.90849 2
      vertex 46.4081 8.95351 2.55
      vertex 46.5757 8.90849 2.55
    endloop
  endfacet
  facet normal 0.25942 0.965765 0
    outer loop
      vertex 46.4081 8.95351 2.55
      vertex 46.5757 8.90849 2
      vertex 46.4081 8.95351 2
    endloop
  endfacet
  facet normal 0.178324 0.983972 -0
    outer loop
      vertex 46.4081 8.95351 2
      vertex 46.2307 8.98566 2.55
      vertex 46.4081 8.95351 2.55
    endloop
  endfacet
  facet normal 0.178324 0.983972 0
    outer loop
      vertex 46.2307 8.98566 2.55
      vertex 46.4081 8.95351 2
      vertex 46.2307 8.98566 2
    endloop
  endfacet
  facet normal 0.10245 0.994738 -0
    outer loop
      vertex 46.2307 8.98566 2
      vertex 46.0435 9.00494 2.55
      vertex 46.2307 8.98566 2.55
    endloop
  endfacet
  facet normal 0.10245 0.994738 0
    outer loop
      vertex 46.0435 9.00494 2.55
      vertex 46.2307 8.98566 2
      vertex 46.0435 9.00494 2
    endloop
  endfacet
  facet normal 0.0326222 0.999468 -0
    outer loop
      vertex 46.0435 9.00494 2
      vertex 45.8465 9.01137 2.55
      vertex 46.0435 9.00494 2.55
    endloop
  endfacet
  facet normal 0.0326222 0.999468 0
    outer loop
      vertex 45.8465 9.01137 2.55
      vertex 46.0435 9.00494 2
      vertex 45.8465 9.01137 2
    endloop
  endfacet
  facet normal -0.0323181 0.999478 0
    outer loop
      vertex 45.8465 9.01137 2
      vertex 45.6495 9.005 2.55
      vertex 45.8465 9.01137 2.55
    endloop
  endfacet
  facet normal -0.0323181 0.999478 0
    outer loop
      vertex 45.6495 9.005 2.55
      vertex 45.8465 9.01137 2
      vertex 45.6495 9.005 2
    endloop
  endfacet
  facet normal -0.101398 0.994846 0
    outer loop
      vertex 45.6495 9.005 2
      vertex 45.4623 8.98592 2.55
      vertex 45.6495 9.005 2.55
    endloop
  endfacet
  facet normal -0.101398 0.994846 0
    outer loop
      vertex 45.4623 8.98592 2.55
      vertex 45.6495 9.005 2
      vertex 45.4623 8.98592 2
    endloop
  endfacet
  facet normal -0.176648 0.984274 0
    outer loop
      vertex 45.4623 8.98592 2
      vertex 45.285 8.9541 2.55
      vertex 45.4623 8.98592 2.55
    endloop
  endfacet
  facet normal -0.176648 0.984274 0
    outer loop
      vertex 45.285 8.9541 2.55
      vertex 45.4623 8.98592 2
      vertex 45.285 8.9541 2
    endloop
  endfacet
  facet normal -0.25698 0.966417 0
    outer loop
      vertex 45.285 8.9541 2
      vertex 45.1175 8.90956 2.55
      vertex 45.285 8.9541 2.55
    endloop
  endfacet
  facet normal -0.25698 0.966417 0
    outer loop
      vertex 45.1175 8.90956 2.55
      vertex 45.285 8.9541 2
      vertex 45.1175 8.90956 2
    endloop
  endfacet
  facet normal -0.341537 0.939868 0
    outer loop
      vertex 45.1175 8.90956 2
      vertex 44.9599 8.85229 2.55
      vertex 45.1175 8.90956 2.55
    endloop
  endfacet
  facet normal -0.341537 0.939868 0
    outer loop
      vertex 44.9599 8.85229 2.55
      vertex 45.1175 8.90956 2
      vertex 44.9599 8.85229 2
    endloop
  endfacet
  facet normal -0.427984 0.903786 0
    outer loop
      vertex 44.9599 8.85229 2
      vertex 44.8121 8.7823 2.55
      vertex 44.9599 8.85229 2.55
    endloop
  endfacet
  facet normal -0.427984 0.903786 0
    outer loop
      vertex 44.8121 8.7823 2.55
      vertex 44.9599 8.85229 2
      vertex 44.8121 8.7823 2
    endloop
  endfacet
  facet normal -0.514404 0.857548 0
    outer loop
      vertex 44.8121 8.7823 2
      vertex 44.6742 8.69958 2.55
      vertex 44.8121 8.7823 2.55
    endloop
  endfacet
  facet normal -0.514404 0.857548 0
    outer loop
      vertex 44.6742 8.69958 2.55
      vertex 44.8121 8.7823 2
      vertex 44.6742 8.69958 2
    endloop
  endfacet
  facet normal -0.597453 0.801904 0
    outer loop
      vertex 44.6742 8.69958 2
      vertex 44.5461 8.60414 2.55
      vertex 44.6742 8.69958 2.55
    endloop
  endfacet
  facet normal -0.597453 0.801904 0
    outer loop
      vertex 44.5461 8.60414 2.55
      vertex 44.6742 8.69958 2
      vertex 44.5461 8.60414 2
    endloop
  endfacet
  facet normal -0.674803 0.737998 0
    outer loop
      vertex 44.5461 8.60414 2
      vertex 44.4278 8.49597 2.55
      vertex 44.5461 8.60414 2.55
    endloop
  endfacet
  facet normal -0.674803 0.737998 0
    outer loop
      vertex 44.4278 8.49597 2.55
      vertex 44.5461 8.60414 2
      vertex 44.4278 8.49597 2
    endloop
  endfacet
  facet normal -0.745024 0.667037 0
    outer loop
      vertex 44.3208 8.37646 2
      vertex 44.4278 8.49597 2.55
      vertex 44.4278 8.49597 2
    endloop
  endfacet
  facet normal -0.745024 0.667037 0
    outer loop
      vertex 44.4278 8.49597 2.55
      vertex 44.3208 8.37646 2
      vertex 44.3208 8.37646 2.55
    endloop
  endfacet
  facet normal -0.808088 0.589062 0
    outer loop
      vertex 44.2264 8.24696 2
      vertex 44.3208 8.37646 2.55
      vertex 44.3208 8.37646 2
    endloop
  endfacet
  facet normal -0.808088 0.589062 0
    outer loop
      vertex 44.3208 8.37646 2.55
      vertex 44.2264 8.24696 2
      vertex 44.2264 8.24696 2.55
    endloop
  endfacet
  facet normal -0.8623 0.506399 0
    outer loop
      vertex 44.1445 8.1075 2
      vertex 44.2264 8.24696 2.55
      vertex 44.2264 8.24696 2
    endloop
  endfacet
  facet normal -0.8623 0.506399 0
    outer loop
      vertex 44.2264 8.24696 2.55
      vertex 44.1445 8.1075 2
      vertex 44.1445 8.1075 2.55
    endloop
  endfacet
  facet normal -0.907454 0.420151 0
    outer loop
      vertex 44.0753 7.95804 2
      vertex 44.1445 8.1075 2.55
      vertex 44.1445 8.1075 2
    endloop
  endfacet
  facet normal -0.907454 0.420151 0
    outer loop
      vertex 44.1445 8.1075 2.55
      vertex 44.0753 7.95804 2
      vertex 44.0753 7.95804 2.55
    endloop
  endfacet
  facet normal -0.942189 0.335082 0
    outer loop
      vertex 44.0186 7.79861 2
      vertex 44.0753 7.95804 2.55
      vertex 44.0753 7.95804 2
    endloop
  endfacet
  facet normal -0.942189 0.335082 0
    outer loop
      vertex 44.0753 7.95804 2.55
      vertex 44.0186 7.79861 2
      vertex 44.0186 7.79861 2.55
    endloop
  endfacet
  facet normal -0.967748 0.25192 0
    outer loop
      vertex 43.9745 7.6292 2
      vertex 44.0186 7.79861 2.55
      vertex 44.0186 7.79861 2
    endloop
  endfacet
  facet normal -0.967748 0.25192 0
    outer loop
      vertex 44.0186 7.79861 2.55
      vertex 43.9745 7.6292 2
      vertex 43.9745 7.6292 2.55
    endloop
  endfacet
  facet normal -0.985024 0.172416 0
    outer loop
      vertex 43.9431 7.44981 2
      vertex 43.9745 7.6292 2.55
      vertex 43.9745 7.6292 2
    endloop
  endfacet
  facet normal -0.985024 0.172416 0
    outer loop
      vertex 43.9745 7.6292 2.55
      vertex 43.9431 7.44981 2
      vertex 43.9431 7.44981 2.55
    endloop
  endfacet
  facet normal -0.995056 0.0993112 0
    outer loop
      vertex 43.9242 7.26044 2
      vertex 43.9431 7.44981 2.55
      vertex 43.9431 7.44981 2
    endloop
  endfacet
  facet normal -0.995056 0.0993112 0
    outer loop
      vertex 43.9431 7.44981 2.55
      vertex 43.9242 7.26044 2
      vertex 43.9242 7.26044 2.55
    endloop
  endfacet
  facet normal -0.999501 0.0315885 0
    outer loop
      vertex 43.9179 7.0611 2
      vertex 43.9242 7.26044 2.55
      vertex 43.9242 7.26044 2
    endloop
  endfacet
  facet normal -0.999501 0.0315885 0
    outer loop
      vertex 43.9242 7.26044 2.55
      vertex 43.9179 7.0611 2
      vertex 43.9179 7.0611 2.55
    endloop
  endfacet
  facet normal -0.999505 -0.0314671 0
    outer loop
      vertex 43.9242 6.86099 2
      vertex 43.9179 7.0611 2.55
      vertex 43.9179 7.0611 2
    endloop
  endfacet
  facet normal -0.999505 -0.0314671 0
    outer loop
      vertex 43.9179 7.0611 2.55
      vertex 43.9242 6.86099 2
      vertex 43.9242 6.86099 2.55
    endloop
  endfacet
  facet normal -0.995111 -0.0987638 0
    outer loop
      vertex 43.9431 6.67056 2
      vertex 43.9242 6.86099 2.55
      vertex 43.9242 6.86099 2
    endloop
  endfacet
  facet normal -0.995111 -0.0987638 0
    outer loop
      vertex 43.9242 6.86099 2.55
      vertex 43.9431 6.67056 2
      vertex 43.9431 6.67056 2.55
    endloop
  endfacet
  facet normal -0.985059 -0.172215 0
    outer loop
      vertex 43.9747 6.48981 2
      vertex 43.9431 6.67056 2.55
      vertex 43.9431 6.67056 2
    endloop
  endfacet
  facet normal -0.985059 -0.172215 0
    outer loop
      vertex 43.9431 6.67056 2.55
      vertex 43.9747 6.48981 2
      vertex 43.9747 6.48981 2.55
    endloop
  endfacet
  facet normal -0.968205 -0.250159 0
    outer loop
      vertex 44.0189 6.31874 2
      vertex 43.9747 6.48981 2.55
      vertex 43.9747 6.48981 2
    endloop
  endfacet
  facet normal -0.968205 -0.250159 0
    outer loop
      vertex 43.9747 6.48981 2.55
      vertex 44.0189 6.31874 2
      vertex 44.0189 6.31874 2.55
    endloop
  endfacet
  facet normal -0.943298 -0.331946 0
    outer loop
      vertex 44.0757 6.15733 2
      vertex 44.0189 6.31874 2.55
      vertex 44.0189 6.31874 2
    endloop
  endfacet
  facet normal -0.943298 -0.331946 0
    outer loop
      vertex 44.0189 6.31874 2.55
      vertex 44.0757 6.15733 2
      vertex 44.0757 6.15733 2.55
    endloop
  endfacet
  facet normal -0.909358 -0.416015 0
    outer loop
      vertex 44.1451 6.00563 2
      vertex 44.0757 6.15733 2.55
      vertex 44.0757 6.15733 2
    endloop
  endfacet
  facet normal -0.909358 -0.416015 0
    outer loop
      vertex 44.0757 6.15733 2.55
      vertex 44.1451 6.00563 2
      vertex 44.1451 6.00563 2.55
    endloop
  endfacet
  facet normal -0.865779 -0.500426 0
    outer loop
      vertex 44.2272 5.86359 2
      vertex 44.1451 6.00563 2.55
      vertex 44.1451 6.00563 2
    endloop
  endfacet
  facet normal -0.865779 -0.500426 0
    outer loop
      vertex 44.1451 6.00563 2.55
      vertex 44.2272 5.86359 2
      vertex 44.2272 5.86359 2.55
    endloop
  endfacet
  facet normal -0.813277 -0.581877 0
    outer loop
      vertex 44.3219 5.73123 2
      vertex 44.2272 5.86359 2.55
      vertex 44.2272 5.86359 2
    endloop
  endfacet
  facet normal -0.813277 -0.581877 0
    outer loop
      vertex 44.2272 5.86359 2.55
      vertex 44.3219 5.73123 2
      vertex 44.3219 5.73123 2.55
    endloop
  endfacet
  facet normal -0.752714 -0.658348 0
    outer loop
      vertex 44.4292 5.60855 2
      vertex 44.3219 5.73123 2.55
      vertex 44.3219 5.73123 2
    endloop
  endfacet
  facet normal -0.752714 -0.658348 0
    outer loop
      vertex 44.3219 5.73123 2.55
      vertex 44.4292 5.60855 2
      vertex 44.4292 5.60855 2.55
    endloop
  endfacet
  facet normal -0.684923 -0.728615 0
    outer loop
      vertex 44.4292 5.60855 2
      vertex 44.5476 5.49725 2.55
      vertex 44.4292 5.60855 2.55
    endloop
  endfacet
  facet normal -0.684923 -0.728615 -0
    outer loop
      vertex 44.5476 5.49725 2.55
      vertex 44.4292 5.60855 2
      vertex 44.5476 5.49725 2
    endloop
  endfacet
  facet normal -0.608393 -0.793636 0
    outer loop
      vertex 44.5476 5.49725 2
      vertex 44.6757 5.39905 2.55
      vertex 44.5476 5.49725 2.55
    endloop
  endfacet
  facet normal -0.608393 -0.793636 -0
    outer loop
      vertex 44.6757 5.39905 2.55
      vertex 44.5476 5.49725 2
      vertex 44.6757 5.39905 2
    endloop
  endfacet
  facet normal -0.525993 -0.850489 0
    outer loop
      vertex 44.6757 5.39905 2
      vertex 44.8133 5.31395 2.55
      vertex 44.6757 5.39905 2.55
    endloop
  endfacet
  facet normal -0.525993 -0.850489 -0
    outer loop
      vertex 44.8133 5.31395 2.55
      vertex 44.6757 5.39905 2
      vertex 44.8133 5.31395 2
    endloop
  endfacet
  facet normal -0.439243 -0.898368 0
    outer loop
      vertex 44.8133 5.31395 2
      vertex 44.9606 5.24193 2.55
      vertex 44.8133 5.31395 2.55
    endloop
  endfacet
  facet normal -0.439243 -0.898368 -0
    outer loop
      vertex 44.9606 5.24193 2.55
      vertex 44.8133 5.31395 2
      vertex 44.9606 5.24193 2
    endloop
  endfacet
  facet normal -0.351751 -0.936093 0
    outer loop
      vertex 44.9606 5.24193 2
      vertex 45.1174 5.18301 2.55
      vertex 44.9606 5.24193 2.55
    endloop
  endfacet
  facet normal -0.351751 -0.936093 -0
    outer loop
      vertex 45.1174 5.18301 2.55
      vertex 44.9606 5.24193 2
      vertex 45.1174 5.18301 2
    endloop
  endfacet
  facet normal -0.265331 -0.964157 0
    outer loop
      vertex 45.1174 5.18301 2
      vertex 45.2839 5.13719 2.55
      vertex 45.1174 5.18301 2.55
    endloop
  endfacet
  facet normal -0.265331 -0.964157 -0
    outer loop
      vertex 45.2839 5.13719 2.55
      vertex 45.1174 5.18301 2
      vertex 45.2839 5.13719 2
    endloop
  endfacet
  facet normal -0.182731 -0.983163 0
    outer loop
      vertex 45.2839 5.13719 2
      vertex 45.46 5.10446 2.55
      vertex 45.2839 5.13719 2.55
    endloop
  endfacet
  facet normal -0.182731 -0.983163 -0
    outer loop
      vertex 45.46 5.10446 2.55
      vertex 45.2839 5.13719 2
      vertex 45.46 5.10446 2
    endloop
  endfacet
  facet normal -0.105228 -0.994448 0
    outer loop
      vertex 45.46 5.10446 2
      vertex 45.6457 5.08481 2.55
      vertex 45.46 5.10446 2.55
    endloop
  endfacet
  facet normal -0.105228 -0.994448 -0
    outer loop
      vertex 45.6457 5.08481 2.55
      vertex 45.46 5.10446 2
      vertex 45.6457 5.08481 2
    endloop
  endfacet
  facet normal -0.0335193 -0.999438 0
    outer loop
      vertex 45.6457 5.08481 2
      vertex 45.841 5.07826 2.55
      vertex 45.6457 5.08481 2.55
    endloop
  endfacet
  facet normal -0.0335193 -0.999438 -0
    outer loop
      vertex 45.841 5.07826 2.55
      vertex 45.6457 5.08481 2
      vertex 45.841 5.07826 2
    endloop
  endfacet
  facet normal 0.0232025 -0.999731 0
    outer loop
      vertex 45.841 5.07826 2
      vertex 45.9694 5.08124 2.55
      vertex 45.841 5.07826 2.55
    endloop
  endfacet
  facet normal 0.0232025 -0.999731 0
    outer loop
      vertex 45.9694 5.08124 2.55
      vertex 45.841 5.07826 2
      vertex 45.9694 5.08124 2
    endloop
  endfacet
  facet normal 0.124354 0.992238 -0
    outer loop
      vertex 45.7286 5.71202 2
      vertex 45.6216 5.72543 2.55
      vertex 45.7286 5.71202 2.55
    endloop
  endfacet
  facet normal 0.124354 0.992238 0
    outer loop
      vertex 45.6216 5.72543 2.55
      vertex 45.7286 5.71202 2
      vertex 45.6216 5.72543 2
    endloop
  endfacet
  facet normal 0.214734 0.976673 -0
    outer loop
      vertex 45.6216 5.72543 2
      vertex 45.5199 5.74779 2.55
      vertex 45.6216 5.72543 2.55
    endloop
  endfacet
  facet normal 0.214734 0.976673 0
    outer loop
      vertex 45.5199 5.74779 2.55
      vertex 45.6216 5.72543 2
      vertex 45.5199 5.74779 2
    endloop
  endfacet
  facet normal 0.309019 0.951056 -0
    outer loop
      vertex 45.5199 5.74779 2
      vertex 45.4236 5.77908 2.55
      vertex 45.5199 5.74779 2.55
    endloop
  endfacet
  facet normal 0.309019 0.951056 0
    outer loop
      vertex 45.4236 5.77908 2.55
      vertex 45.5199 5.74779 2
      vertex 45.4236 5.77908 2
    endloop
  endfacet
  facet normal 0.405167 0.914243 -0
    outer loop
      vertex 45.4236 5.77908 2
      vertex 45.3328 5.81932 2.55
      vertex 45.4236 5.77908 2.55
    endloop
  endfacet
  facet normal 0.405167 0.914243 0
    outer loop
      vertex 45.3328 5.81932 2.55
      vertex 45.4236 5.77908 2
      vertex 45.3328 5.81932 2
    endloop
  endfacet
  facet normal 0.498452 0.866917 -0
    outer loop
      vertex 45.3328 5.81932 2
      vertex 45.2473 5.86848 2.55
      vertex 45.3328 5.81932 2.55
    endloop
  endfacet
  facet normal 0.498452 0.866917 0
    outer loop
      vertex 45.2473 5.86848 2.55
      vertex 45.3328 5.81932 2
      vertex 45.2473 5.86848 2
    endloop
  endfacet
  facet normal 0.587348 0.809334 -0
    outer loop
      vertex 45.2473 5.86848 2
      vertex 45.1672 5.92661 2.55
      vertex 45.2473 5.86848 2.55
    endloop
  endfacet
  facet normal 0.587348 0.809334 0
    outer loop
      vertex 45.1672 5.92661 2.55
      vertex 45.2473 5.86848 2
      vertex 45.1672 5.92661 2
    endloop
  endfacet
  facet normal 0.668029 0.744136 -0
    outer loop
      vertex 45.1672 5.92661 2
      vertex 45.0925 5.99367 2.55
      vertex 45.1672 5.92661 2.55
    endloop
  endfacet
  facet normal 0.668029 0.744136 0
    outer loop
      vertex 45.0925 5.99367 2.55
      vertex 45.1672 5.92661 2
      vertex 45.0925 5.99367 2
    endloop
  endfacet
  facet normal 0.738927 0.673785 0
    outer loop
      vertex 45.0925 5.99367 2.55
      vertex 45.0232 6.06967 2
      vertex 45.0232 6.06967 2.55
    endloop
  endfacet
  facet normal 0.738927 0.673785 0
    outer loop
      vertex 45.0232 6.06967 2
      vertex 45.0925 5.99367 2.55
      vertex 45.0925 5.99367 2
    endloop
  endfacet
  facet normal 0.799668 0.600443 0
    outer loop
      vertex 45.0232 6.06967 2.55
      vertex 44.9603 6.15344 2
      vertex 44.9603 6.15344 2.55
    endloop
  endfacet
  facet normal 0.799668 0.600443 0
    outer loop
      vertex 44.9603 6.15344 2
      vertex 45.0232 6.06967 2.55
      vertex 45.0232 6.06967 2
    endloop
  endfacet
  facet normal 0.852105 0.523371 0
    outer loop
      vertex 44.9603 6.15344 2.55
      vertex 44.9048 6.2438 2
      vertex 44.9048 6.2438 2.55
    endloop
  endfacet
  facet normal 0.852105 0.523371 0
    outer loop
      vertex 44.9048 6.2438 2
      vertex 44.9603 6.15344 2.55
      vertex 44.9603 6.15344 2
    endloop
  endfacet
  facet normal 0.895845 0.444366 0
    outer loop
      vertex 44.9048 6.2438 2.55
      vertex 44.8567 6.34077 2
      vertex 44.8567 6.34077 2.55
    endloop
  endfacet
  facet normal 0.895845 0.444366 0
    outer loop
      vertex 44.8567 6.34077 2
      vertex 44.9048 6.2438 2.55
      vertex 44.9048 6.2438 2
    endloop
  endfacet
  facet normal 0.930715 0.365744 0
    outer loop
      vertex 44.8567 6.34077 2.55
      vertex 44.816 6.44434 2
      vertex 44.816 6.44434 2.55
    endloop
  endfacet
  facet normal 0.930715 0.365744 0
    outer loop
      vertex 44.816 6.44434 2
      vertex 44.8567 6.34077 2.55
      vertex 44.8567 6.34077 2
    endloop
  endfacet
  facet normal 0.957214 0.28938 0
    outer loop
      vertex 44.816 6.44434 2.55
      vertex 44.7827 6.55449 2
      vertex 44.7827 6.55449 2.55
    endloop
  endfacet
  facet normal 0.957214 0.28938 0
    outer loop
      vertex 44.7827 6.55449 2
      vertex 44.816 6.44434 2.55
      vertex 44.816 6.44434 2
    endloop
  endfacet
  facet normal 0.97627 0.216559 0
    outer loop
      vertex 44.7827 6.55449 2.55
      vertex 44.7568 6.67125 2
      vertex 44.7568 6.67125 2.55
    endloop
  endfacet
  facet normal 0.97627 0.216559 0
    outer loop
      vertex 44.7568 6.67125 2
      vertex 44.7827 6.55449 2.55
      vertex 44.7827 6.55449 2
    endloop
  endfacet
  facet normal 0.988939 0.148321 0
    outer loop
      vertex 44.7568 6.67125 2.55
      vertex 44.7383 6.7946 2
      vertex 44.7383 6.7946 2.55
    endloop
  endfacet
  facet normal 0.988939 0.148321 0
    outer loop
      vertex 44.7383 6.7946 2
      vertex 44.7568 6.67125 2.55
      vertex 44.7568 6.67125 2
    endloop
  endfacet
  facet normal 0.996372 0.0851011 0
    outer loop
      vertex 44.7383 6.7946 2.55
      vertex 44.7272 6.92456 2
      vertex 44.7272 6.92456 2.55
    endloop
  endfacet
  facet normal 0.996372 0.0851011 0
    outer loop
      vertex 44.7272 6.92456 2
      vertex 44.7383 6.7946 2.55
      vertex 44.7383 6.7946 2
    endloop
  endfacet
  facet normal 0.999633 0.0270883 0
    outer loop
      vertex 44.7272 6.92456 2.55
      vertex 44.7235 7.0611 2
      vertex 44.7235 7.0611 2.55
    endloop
  endfacet
  facet normal 0.999633 0.0270883 0
    outer loop
      vertex 44.7235 7.0611 2
      vertex 44.7272 6.92456 2.55
      vertex 44.7272 6.92456 2
    endloop
  endfacet
  facet normal 0.999646 -0.0266119 0
    outer loop
      vertex 44.7235 7.0611 2.55
      vertex 44.7271 7.19633 2
      vertex 44.7271 7.19633 2.55
    endloop
  endfacet
  facet normal 0.999646 -0.0266119 0
    outer loop
      vertex 44.7271 7.19633 2
      vertex 44.7235 7.0611 2.55
      vertex 44.7235 7.0611 2
    endloop
  endfacet
  facet normal 0.996418 -0.0845606 0
    outer loop
      vertex 44.7271 7.19633 2.55
      vertex 44.738 7.32477 2
      vertex 44.738 7.32477 2.55
    endloop
  endfacet
  facet normal 0.996418 -0.0845606 0
    outer loop
      vertex 44.738 7.32477 2
      vertex 44.7271 7.19633 2.55
      vertex 44.7271 7.19633 2
    endloop
  endfacet
  facet normal 0.98911 -0.147179 0
    outer loop
      vertex 44.738 7.32477 2.55
      vertex 44.7561 7.44641 2
      vertex 44.7561 7.44641 2.55
    endloop
  endfacet
  facet normal 0.98911 -0.147179 0
    outer loop
      vertex 44.7561 7.44641 2
      vertex 44.738 7.32477 2.55
      vertex 44.738 7.32477 2
    endloop
  endfacet
  facet normal 0.976586 -0.215129 0
    outer loop
      vertex 44.7561 7.44641 2.55
      vertex 44.7814 7.56126 2
      vertex 44.7814 7.56126 2.55
    endloop
  endfacet
  facet normal 0.976586 -0.215129 0
    outer loop
      vertex 44.7814 7.56126 2
      vertex 44.7561 7.44641 2.55
      vertex 44.7561 7.44641 2
    endloop
  endfacet
  facet normal 0.957619 -0.288039 0
    outer loop
      vertex 44.7814 7.56126 2.55
      vertex 44.8139 7.66931 2
      vertex 44.8139 7.66931 2.55
    endloop
  endfacet
  facet normal 0.957619 -0.288039 0
    outer loop
      vertex 44.8139 7.66931 2
      vertex 44.7814 7.56126 2.55
      vertex 44.7814 7.56126 2
    endloop
  endfacet
  facet normal 0.930667 -0.365869 0
    outer loop
      vertex 44.8139 7.66931 2.55
      vertex 44.8537 7.77055 2
      vertex 44.8537 7.77055 2.55
    endloop
  endfacet
  facet normal 0.930667 -0.365869 0
    outer loop
      vertex 44.8537 7.77055 2
      vertex 44.8139 7.66931 2.55
      vertex 44.8139 7.66931 2
    endloop
  endfacet
  facet normal 0.89526 -0.445544 0
    outer loop
      vertex 44.8537 7.77055 2.55
      vertex 44.9007 7.86499 2
      vertex 44.9007 7.86499 2.55
    endloop
  endfacet
  facet normal 0.89526 -0.445544 0
    outer loop
      vertex 44.9007 7.86499 2
      vertex 44.8537 7.77055 2.55
      vertex 44.8537 7.77055 2
    endloop
  endfacet
  facet normal 0.850089 -0.526638 0
    outer loop
      vertex 44.9007 7.86499 2.55
      vertex 44.955 7.95264 2
      vertex 44.955 7.95264 2.55
    endloop
  endfacet
  facet normal 0.850089 -0.526638 0
    outer loop
      vertex 44.955 7.95264 2
      vertex 44.9007 7.86499 2.55
      vertex 44.9007 7.86499 2
    endloop
  endfacet
  facet normal 0.79638 -0.604796 0
    outer loop
      vertex 44.955 7.95264 2.55
      vertex 45.0164 8.03349 2
      vertex 45.0164 8.03349 2.55
    endloop
  endfacet
  facet normal 0.79638 -0.604796 0
    outer loop
      vertex 45.0164 8.03349 2
      vertex 44.955 7.95264 2.55
      vertex 44.955 7.95264 2
    endloop
  endfacet
  facet normal 0.73192 -0.681391 0
    outer loop
      vertex 45.0164 8.03349 2.55
      vertex 45.0845 8.10664 2
      vertex 45.0845 8.10664 2.55
    endloop
  endfacet
  facet normal 0.73192 -0.681391 0
    outer loop
      vertex 45.0845 8.10664 2
      vertex 45.0164 8.03349 2.55
      vertex 45.0164 8.03349 2
    endloop
  endfacet
  facet normal 0.656342 -0.754463 0
    outer loop
      vertex 45.0845 8.10664 2
      vertex 45.1587 8.17119 2.55
      vertex 45.0845 8.10664 2.55
    endloop
  endfacet
  facet normal 0.656342 -0.754463 0
    outer loop
      vertex 45.1587 8.17119 2.55
      vertex 45.0845 8.10664 2
      vertex 45.1587 8.17119 2
    endloop
  endfacet
  facet normal 0.572158 -0.820144 0
    outer loop
      vertex 45.1587 8.17119 2
      vertex 45.2389 8.22714 2.55
      vertex 45.1587 8.17119 2.55
    endloop
  endfacet
  facet normal 0.572158 -0.820144 0
    outer loop
      vertex 45.2389 8.22714 2.55
      vertex 45.1587 8.17119 2
      vertex 45.2389 8.22714 2
    endloop
  endfacet
  facet normal 0.481372 -0.876516 0
    outer loop
      vertex 45.2389 8.22714 2
      vertex 45.3251 8.27448 2.55
      vertex 45.2389 8.22714 2.55
    endloop
  endfacet
  facet normal 0.481372 -0.876516 0
    outer loop
      vertex 45.3251 8.27448 2.55
      vertex 45.2389 8.22714 2
      vertex 45.3251 8.27448 2
    endloop
  endfacet
  facet normal 0.387198 -0.921996 0
    outer loop
      vertex 45.3251 8.27448 2
      vertex 45.4173 8.3132 2.55
      vertex 45.3251 8.27448 2.55
    endloop
  endfacet
  facet normal 0.387198 -0.921996 0
    outer loop
      vertex 45.4173 8.3132 2.55
      vertex 45.3251 8.27448 2
      vertex 45.4173 8.3132 2
    endloop
  endfacet
  facet normal 0.293237 -0.95604 0
    outer loop
      vertex 45.4173 8.3132 2
      vertex 45.5155 8.34332 2.55
      vertex 45.4173 8.3132 2.55
    endloop
  endfacet
  facet normal 0.293237 -0.95604 0
    outer loop
      vertex 45.5155 8.34332 2.55
      vertex 45.4173 8.3132 2
      vertex 45.5155 8.34332 2
    endloop
  endfacet
  facet normal 0.202072 -0.979371 0
    outer loop
      vertex 45.5155 8.34332 2
      vertex 45.6198 8.36484 2.55
      vertex 45.5155 8.34332 2.55
    endloop
  endfacet
  facet normal 0.202072 -0.979371 0
    outer loop
      vertex 45.6198 8.36484 2.55
      vertex 45.5155 8.34332 2
      vertex 45.6198 8.36484 2
    endloop
  endfacet
  facet normal 0.116251 -0.99322 0
    outer loop
      vertex 45.6198 8.36484 2
      vertex 45.7301 8.37775 2.55
      vertex 45.6198 8.36484 2.55
    endloop
  endfacet
  facet normal 0.116251 -0.99322 0
    outer loop
      vertex 45.7301 8.37775 2.55
      vertex 45.6198 8.36484 2
      vertex 45.7301 8.37775 2
    endloop
  endfacet
  facet normal 0.0369164 -0.999318 0
    outer loop
      vertex 45.7301 8.37775 2
      vertex 45.8465 8.38205 2.55
      vertex 45.7301 8.37775 2.55
    endloop
  endfacet
  facet normal 0.0369164 -0.999318 0
    outer loop
      vertex 45.8465 8.38205 2.55
      vertex 45.7301 8.37775 2
      vertex 45.8465 8.38205 2
    endloop
  endfacet
  facet normal -0.0377567 -0.999287 0
    outer loop
      vertex 45.8465 8.38205 2
      vertex 45.9611 8.37772 2.55
      vertex 45.8465 8.38205 2.55
    endloop
  endfacet
  facet normal -0.0377567 -0.999287 -0
    outer loop
      vertex 45.9611 8.37772 2.55
      vertex 45.8465 8.38205 2
      vertex 45.9611 8.37772 2
    endloop
  endfacet
  facet normal -0.118821 -0.992916 0
    outer loop
      vertex 45.9611 8.37772 2
      vertex 46.0699 8.3647 2.55
      vertex 45.9611 8.37772 2.55
    endloop
  endfacet
  facet normal -0.118821 -0.992916 -0
    outer loop
      vertex 46.0699 8.3647 2.55
      vertex 45.9611 8.37772 2
      vertex 46.0699 8.3647 2
    endloop
  endfacet
  facet normal -0.205972 -0.978558 0
    outer loop
      vertex 46.0699 8.3647 2
      vertex 46.1729 8.34302 2.55
      vertex 46.0699 8.3647 2.55
    endloop
  endfacet
  facet normal -0.205972 -0.978558 -0
    outer loop
      vertex 46.1729 8.34302 2.55
      vertex 46.0699 8.3647 2
      vertex 46.1729 8.34302 2
    endloop
  endfacet
  facet normal -0.298331 -0.954462 0
    outer loop
      vertex 46.1729 8.34302 2
      vertex 46.27 8.31267 2.55
      vertex 46.1729 8.34302 2.55
    endloop
  endfacet
  facet normal -0.298331 -0.954462 -0
    outer loop
      vertex 46.27 8.31267 2.55
      vertex 46.1729 8.34302 2
      vertex 46.27 8.31267 2
    endloop
  endfacet
  facet normal -0.39308 -0.919504 0
    outer loop
      vertex 46.27 8.31267 2
      vertex 46.3613 8.27364 2.55
      vertex 46.27 8.31267 2.55
    endloop
  endfacet
  facet normal -0.39308 -0.919504 -0
    outer loop
      vertex 46.3613 8.27364 2.55
      vertex 46.27 8.31267 2
      vertex 46.3613 8.27364 2
    endloop
  endfacet
  facet normal -0.487359 -0.873202 0
    outer loop
      vertex 46.3613 8.27364 2
      vertex 46.4468 8.22592 2.55
      vertex 46.3613 8.27364 2.55
    endloop
  endfacet
  facet normal -0.487359 -0.873202 -0
    outer loop
      vertex 46.4468 8.22592 2.55
      vertex 46.3613 8.27364 2
      vertex 46.4468 8.22592 2
    endloop
  endfacet
  facet normal -0.577375 -0.816479 0
    outer loop
      vertex 46.4468 8.22592 2
      vertex 46.5265 8.16956 2.55
      vertex 46.4468 8.22592 2.55
    endloop
  endfacet
  facet normal -0.577375 -0.816479 -0
    outer loop
      vertex 46.5265 8.16956 2.55
      vertex 46.4468 8.22592 2
      vertex 46.5265 8.16956 2
    endloop
  endfacet
  facet normal -0.661349 -0.750078 0
    outer loop
      vertex 46.5265 8.16956 2
      vertex 46.6003 8.10449 2.55
      vertex 46.5265 8.16956 2.55
    endloop
  endfacet
  facet normal -0.661349 -0.750078 -0
    outer loop
      vertex 46.6003 8.10449 2.55
      vertex 46.5265 8.16956 2
      vertex 46.6003 8.10449 2
    endloop
  endfacet
  facet normal -0.735002 -0.678065 0
    outer loop
      vertex 46.6683 8.03078 2
      vertex 46.6003 8.10449 2.55
      vertex 46.6003 8.10449 2
    endloop
  endfacet
  facet normal -0.735002 -0.678065 0
    outer loop
      vertex 46.6003 8.10449 2.55
      vertex 46.6683 8.03078 2
      vertex 46.6683 8.03078 2.55
    endloop
  endfacet
  facet normal -0.797735 -0.603008 0
    outer loop
      vertex 46.7298 7.94942 2
      vertex 46.6683 8.03078 2.55
      vertex 46.6683 8.03078 2
    endloop
  endfacet
  facet normal -0.797735 -0.603008 0
    outer loop
      vertex 46.6683 8.03078 2.55
      vertex 46.7298 7.94942 2
      vertex 46.7298 7.94942 2.55
    endloop
  endfacet
  facet normal -0.850893 -0.525338 0
    outer loop
      vertex 46.7841 7.86147 2
      vertex 46.7298 7.94942 2.55
      vertex 46.7298 7.94942 2
    endloop
  endfacet
  facet normal -0.850893 -0.525338 0
    outer loop
      vertex 46.7298 7.94942 2.55
      vertex 46.7841 7.86147 2
      vertex 46.7841 7.86147 2.55
    endloop
  endfacet
  facet normal -0.895467 -0.445129 0
    outer loop
      vertex 46.8311 7.76692 2
      vertex 46.7841 7.86147 2.55
      vertex 46.7841 7.86147 2
    endloop
  endfacet
  facet normal -0.895467 -0.445129 0
    outer loop
      vertex 46.7841 7.86147 2.55
      vertex 46.8311 7.76692 2
      vertex 46.8311 7.76692 2.55
    endloop
  endfacet
  facet normal -0.930556 -0.36615 0
    outer loop
      vertex 46.8709 7.66577 2
      vertex 46.8311 7.76692 2.55
      vertex 46.8311 7.76692 2
    endloop
  endfacet
  facet normal -0.930556 -0.36615 0
    outer loop
      vertex 46.8311 7.76692 2.55
      vertex 46.8709 7.66577 2
      vertex 46.8709 7.66577 2.55
    endloop
  endfacet
  facet normal -0.95739 -0.288799 0
    outer loop
      vertex 46.9034 7.55803 2
      vertex 46.8709 7.66577 2.55
      vertex 46.8709 7.66577 2
    endloop
  endfacet
  facet normal -0.95739 -0.288799 0
    outer loop
      vertex 46.8709 7.66577 2.55
      vertex 46.9034 7.55803 2
      vertex 46.9034 7.55803 2.55
    endloop
  endfacet
  facet normal -0.97638 -0.216062 0
    outer loop
      vertex 46.9287 7.4437 2
      vertex 46.9034 7.55803 2.55
      vertex 46.9034 7.55803 2
    endloop
  endfacet
  facet normal -0.97638 -0.216062 0
    outer loop
      vertex 46.9034 7.55803 2.55
      vertex 46.9287 7.4437 2
      vertex 46.9287 7.4437 2.55
    endloop
  endfacet
  facet normal -0.988987 -0.148001 0
    outer loop
      vertex 46.9468 7.32275 2
      vertex 46.9287 7.4437 2.55
      vertex 46.9287 7.4437 2
    endloop
  endfacet
  facet normal -0.988987 -0.148001 0
    outer loop
      vertex 46.9287 7.4437 2.55
      vertex 46.9468 7.32275 2
      vertex 46.9468 7.32275 2.55
    endloop
  endfacet
  facet normal -0.996367 -0.0851596 0
    outer loop
      vertex 46.9577 7.19522 2
      vertex 46.9468 7.32275 2.55
      vertex 46.9468 7.32275 2
    endloop
  endfacet
  facet normal -0.996367 -0.0851596 0
    outer loop
      vertex 46.9468 7.32275 2.55
      vertex 46.9577 7.19522 2
      vertex 46.9577 7.19522 2.55
    endloop
  endfacet
  facet normal -0.99964 -0.026832 0
    outer loop
      vertex 46.9613 7.0611 2
      vertex 46.9577 7.19522 2.55
      vertex 46.9577 7.19522 2
    endloop
  endfacet
  facet normal -0.99964 -0.026832 0
    outer loop
      vertex 46.9577 7.19522 2.55
      vertex 46.9613 7.0611 2
      vertex 46.9613 7.0611 2.55
    endloop
  endfacet
  facet normal -0.999671 0.0256326 0
    outer loop
      vertex 46.9577 6.9207 2
      vertex 46.9613 7.0611 2.55
      vertex 46.9613 7.0611 2
    endloop
  endfacet
  facet normal -0.999671 0.0256326 0
    outer loop
      vertex 46.9613 7.0611 2.55
      vertex 46.9577 6.9207 2
      vertex 46.9577 6.9207 2.55
    endloop
  endfacet
  facet normal -0.996725 0.0808641 0
    outer loop
      vertex 46.9469 6.78758 2
      vertex 46.9577 6.9207 2.55
      vertex 46.9577 6.9207 2
    endloop
  endfacet
  facet normal -0.996725 0.0808641 0
    outer loop
      vertex 46.9577 6.9207 2.55
      vertex 46.9469 6.78758 2
      vertex 46.9469 6.78758 2.55
    endloop
  endfacet
  facet normal -0.98992 0.141631 0
    outer loop
      vertex 46.9289 6.66177 2
      vertex 46.9469 6.78758 2.55
      vertex 46.9469 6.78758 2
    endloop
  endfacet
  facet normal -0.98992 0.141631 0
    outer loop
      vertex 46.9469 6.78758 2.55
      vertex 46.9289 6.66177 2
      vertex 46.9289 6.66177 2.55
    endloop
  endfacet
  facet normal -0.978131 0.20799 0
    outer loop
      vertex 46.9037 6.54326 2
      vertex 46.9289 6.66177 2.55
      vertex 46.9289 6.66177 2
    endloop
  endfacet
  facet normal -0.978131 0.20799 0
    outer loop
      vertex 46.9289 6.66177 2.55
      vertex 46.9037 6.54326 2
      vertex 46.9037 6.54326 2.55
    endloop
  endfacet
  facet normal -0.960091 0.279688 0
    outer loop
      vertex 46.8713 6.43204 2
      vertex 46.9037 6.54326 2.55
      vertex 46.9037 6.54326 2
    endloop
  endfacet
  facet normal -0.960091 0.279688 0
    outer loop
      vertex 46.9037 6.54326 2.55
      vertex 46.8713 6.43204 2
      vertex 46.8713 6.43204 2.55
    endloop
  endfacet
  facet normal -0.934454 0.356085 0
    outer loop
      vertex 46.8317 6.32812 2
      vertex 46.8713 6.43204 2.55
      vertex 46.8713 6.43204 2
    endloop
  endfacet
  facet normal -0.934454 0.356085 0
    outer loop
      vertex 46.8713 6.43204 2.55
      vertex 46.8317 6.32812 2
      vertex 46.8317 6.32812 2.55
    endloop
  endfacet
  facet normal -0.899947 0.435999 0
    outer loop
      vertex 46.7849 6.23152 2
      vertex 46.8317 6.32812 2.55
      vertex 46.8317 6.32812 2
    endloop
  endfacet
  facet normal -0.899947 0.435999 0
    outer loop
      vertex 46.8317 6.32812 2.55
      vertex 46.7849 6.23152 2
      vertex 46.7849 6.23152 2.55
    endloop
  endfacet
  facet normal -0.855764 0.517367 0
    outer loop
      vertex 46.7309 6.1422 2
      vertex 46.7849 6.23152 2.55
      vertex 46.7849 6.23152 2
    endloop
  endfacet
  facet normal -0.855764 0.517367 0
    outer loop
      vertex 46.7849 6.23152 2.55
      vertex 46.7309 6.1422 2
      vertex 46.7309 6.1422 2.55
    endloop
  endfacet
  facet normal -0.801475 0.598028 0
    outer loop
      vertex 46.6697 6.06018 2
      vertex 46.7309 6.1422 2.55
      vertex 46.7309 6.1422 2
    endloop
  endfacet
  facet normal -0.801475 0.598028 0
    outer loop
      vertex 46.7309 6.1422 2.55
      vertex 46.6697 6.06018 2
      vertex 46.6697 6.06018 2.55
    endloop
  endfacet
  facet normal -0.73732 0.675544 0
    outer loop
      vertex 46.6019 5.98618 2
      vertex 46.6697 6.06018 2.55
      vertex 46.6697 6.06018 2
    endloop
  endfacet
  facet normal -0.73732 0.675544 0
    outer loop
      vertex 46.6697 6.06018 2.55
      vertex 46.6019 5.98618 2
      vertex 46.6019 5.98618 2.55
    endloop
  endfacet
  facet normal -0.662215 0.749314 0
    outer loop
      vertex 46.6019 5.98618 2
      vertex 46.528 5.92087 2.55
      vertex 46.6019 5.98618 2.55
    endloop
  endfacet
  facet normal -0.662215 0.749314 0
    outer loop
      vertex 46.528 5.92087 2.55
      vertex 46.6019 5.98618 2
      vertex 46.528 5.92087 2
    endloop
  endfacet
  facet normal -0.577564 0.816345 0
    outer loop
      vertex 46.528 5.92087 2
      vertex 46.448 5.86427 2.55
      vertex 46.528 5.92087 2.55
    endloop
  endfacet
  facet normal -0.577564 0.816345 0
    outer loop
      vertex 46.448 5.86427 2.55
      vertex 46.528 5.92087 2
      vertex 46.448 5.86427 2
    endloop
  endfacet
  facet normal -0.486436 0.873716 0
    outer loop
      vertex 46.448 5.86427 2
      vertex 46.362 5.81639 2.55
      vertex 46.448 5.86427 2.55
    endloop
  endfacet
  facet normal -0.486436 0.873716 0
    outer loop
      vertex 46.362 5.81639 2.55
      vertex 46.448 5.86427 2
      vertex 46.362 5.81639 2
    endloop
  endfacet
  facet normal -0.391458 0.920196 0
    outer loop
      vertex 46.362 5.81639 2
      vertex 46.2699 5.77721 2.55
      vertex 46.362 5.81639 2.55
    endloop
  endfacet
  facet normal -0.391458 0.920196 0
    outer loop
      vertex 46.2699 5.77721 2.55
      vertex 46.362 5.81639 2
      vertex 46.2699 5.77721 2
    endloop
  endfacet
  facet normal -0.296712 0.954967 0
    outer loop
      vertex 46.2699 5.77721 2
      vertex 46.1718 5.74673 2.55
      vertex 46.2699 5.77721 2.55
    endloop
  endfacet
  facet normal -0.296712 0.954967 0
    outer loop
      vertex 46.1718 5.74673 2.55
      vertex 46.2699 5.77721 2
      vertex 46.1718 5.74673 2
    endloop
  endfacet
  facet normal -0.204509 0.978865 0
    outer loop
      vertex 46.1718 5.74673 2
      vertex 46.0676 5.72496 2.55
      vertex 46.1718 5.74673 2.55
    endloop
  endfacet
  facet normal -0.204509 0.978865 0
    outer loop
      vertex 46.0676 5.72496 2.55
      vertex 46.1718 5.74673 2
      vertex 46.0676 5.72496 2
    endloop
  endfacet
  facet normal -0.117688 0.993051 0
    outer loop
      vertex 46.0676 5.72496 2
      vertex 45.9574 5.7119 2.55
      vertex 46.0676 5.72496 2.55
    endloop
  endfacet
  facet normal -0.117688 0.993051 0
    outer loop
      vertex 45.9574 5.7119 2.55
      vertex 46.0676 5.72496 2
      vertex 45.9574 5.7119 2
    endloop
  endfacet
  facet normal -0.0373451 0.999302 0
    outer loop
      vertex 45.9574 5.7119 2
      vertex 45.841 5.70755 2.55
      vertex 45.9574 5.7119 2.55
    endloop
  endfacet
  facet normal -0.0373451 0.999302 0
    outer loop
      vertex 45.841 5.70755 2.55
      vertex 45.9574 5.7119 2
      vertex 45.841 5.70755 2
    endloop
  endfacet
  facet normal 0.0397373 0.99921 -0
    outer loop
      vertex 45.841 5.70755 2
      vertex 45.7286 5.71202 2.55
      vertex 45.841 5.70755 2.55
    endloop
  endfacet
  facet normal 0.0397373 0.99921 0
    outer loop
      vertex 45.7286 5.71202 2.55
      vertex 45.841 5.70755 2
      vertex 45.7286 5.71202 2
    endloop
  endfacet
  facet normal 0.855937 -0.51708 0
    outer loop
      vertex 66.2414 6.70035 2.55
      vertex 67.6031 8.95441 2
      vertex 67.6031 8.95441 2.55
    endloop
  endfacet
  facet normal 0.855937 -0.51708 0
    outer loop
      vertex 67.6031 8.95441 2
      vertex 66.2414 6.70035 2.55
      vertex 66.2414 6.70035 2
    endloop
  endfacet
  facet normal 0 1 -0
    outer loop
      vertex 67.6031 8.95441 2
      vertex 66.765 8.95441 2.55
      vertex 67.6031 8.95441 2.55
    endloop
  endfacet
  facet normal 0 1 0
    outer loop
      vertex 66.765 8.95441 2.55
      vertex 67.6031 8.95441 2
      vertex 66.765 8.95441 2
    endloop
  endfacet
  facet normal -0.867339 0.497718 0
    outer loop
      vertex 65.8373 7.33777 2
      vertex 66.765 8.95441 2.55
      vertex 66.765 8.95441 2
    endloop
  endfacet
  facet normal -0.867339 0.497718 0
    outer loop
      vertex 66.765 8.95441 2.55
      vertex 65.8373 7.33777 2
      vertex 65.8373 7.33777 2.55
    endloop
  endfacet
  facet normal 0.86986 0.493299 0
    outer loop
      vertex 65.8373 7.33777 2.55
      vertex 64.9205 8.95441 2
      vertex 64.9205 8.95441 2.55
    endloop
  endfacet
  facet normal 0.86986 0.493299 0
    outer loop
      vertex 64.9205 8.95441 2
      vertex 65.8373 7.33777 2.55
      vertex 65.8373 7.33777 2
    endloop
  endfacet
  facet normal 0 1 -0
    outer loop
      vertex 64.9205 8.95441 2
      vertex 64.0823 8.95441 2.55
      vertex 64.9205 8.95441 2.55
    endloop
  endfacet
  facet normal 0 1 0
    outer loop
      vertex 64.0823 8.95441 2.55
      vertex 64.9205 8.95441 2
      vertex 64.0823 8.95441 2
    endloop
  endfacet
  facet normal -0.855937 -0.51708 0
    outer loop
      vertex 65.444 6.70035 2
      vertex 64.0823 8.95441 2.55
      vertex 64.0823 8.95441 2
    endloop
  endfacet
  facet normal -0.855937 -0.51708 0
    outer loop
      vertex 64.0823 8.95441 2.55
      vertex 65.444 6.70035 2
      vertex 65.444 6.70035 2.55
    endloop
  endfacet
  facet normal -1 0 0
    outer loop
      vertex 65.444 5.13251 2
      vertex 65.444 6.70035 2.55
      vertex 65.444 6.70035 2
    endloop
  endfacet
  facet normal -1 -0 0
    outer loop
      vertex 65.444 6.70035 2.55
      vertex 65.444 5.13251 2
      vertex 65.444 5.13251 2.55
    endloop
  endfacet
  facet normal 0 -1 0
    outer loop
      vertex 65.444 5.13251 2
      vertex 66.2414 5.13251 2.55
      vertex 65.444 5.13251 2.55
    endloop
  endfacet
  facet normal 0 -1 -0
    outer loop
      vertex 66.2414 5.13251 2.55
      vertex 65.444 5.13251 2
      vertex 66.2414 5.13251 2
    endloop
  endfacet
  facet normal 1 -0 0
    outer loop
      vertex 66.2414 5.13251 2.55
      vertex 66.2414 6.70035 2
      vertex 66.2414 6.70035 2.55
    endloop
  endfacet
  facet normal 1 0 0
    outer loop
      vertex 66.2414 6.70035 2
      vertex 66.2414 5.13251 2.55
      vertex 66.2414 5.13251 2
    endloop
  endfacet
  facet normal 0 1 -0
    outer loop
      vertex 36.0229 5.75095 2
      vertex 33.7065 5.75095 2.55
      vertex 36.0229 5.75095 2.55
    endloop
  endfacet
  facet normal 0 1 0
    outer loop
      vertex 33.7065 5.75095 2.55
      vertex 36.0229 5.75095 2
      vertex 33.7065 5.75095 2
    endloop
  endfacet
  facet normal 1 -0 0
    outer loop
      vertex 33.7065 5.75095 2.55
      vertex 33.7065 6.75731 2
      vertex 33.7065 6.75731 2.55
    endloop
  endfacet
  facet normal 1 0 0
    outer loop
      vertex 33.7065 6.75731 2
      vertex 33.7065 5.75095 2.55
      vertex 33.7065 5.75095 2
    endloop
  endfacet
  facet normal 0 -1 0
    outer loop
      vertex 33.7065 6.75731 2
      vertex 35.7463 6.75731 2.55
      vertex 33.7065 6.75731 2.55
    endloop
  endfacet
  facet normal 0 -1 -0
    outer loop
      vertex 35.7463 6.75731 2.55
      vertex 33.7065 6.75731 2
      vertex 35.7463 6.75731 2
    endloop
  endfacet
  facet normal 1 -0 0
    outer loop
      vertex 35.7463 6.75731 2.55
      vertex 35.7463 7.37573 2
      vertex 35.7463 7.37573 2.55
    endloop
  endfacet
  facet normal 1 0 0
    outer loop
      vertex 35.7463 7.37573 2
      vertex 35.7463 6.75731 2.55
      vertex 35.7463 6.75731 2
    endloop
  endfacet
  facet normal 0 1 -0
    outer loop
      vertex 35.7463 7.37573 2
      vertex 33.7065 7.37573 2.55
      vertex 35.7463 7.37573 2.55
    endloop
  endfacet
  facet normal 0 1 0
    outer loop
      vertex 33.7065 7.37573 2.55
      vertex 35.7463 7.37573 2
      vertex 33.7065 7.37573 2
    endloop
  endfacet
  facet normal 1 -0 0
    outer loop
      vertex 33.7065 7.37573 2.55
      vertex 33.7065 8.33597 2
      vertex 33.7065 8.33597 2.55
    endloop
  endfacet
  facet normal 1 0 0
    outer loop
      vertex 33.7065 8.33597 2
      vertex 33.7065 7.37573 2.55
      vertex 33.7065 7.37573 2
    endloop
  endfacet
  facet normal 0 -1 0
    outer loop
      vertex 33.7065 8.33597 2
      vertex 35.9118 8.33597 2.55
      vertex 33.7065 8.33597 2.55
    endloop
  endfacet
  facet normal 0 -1 -0
    outer loop
      vertex 35.9118 8.33597 2.55
      vertex 33.7065 8.33597 2
      vertex 35.9118 8.33597 2
    endloop
  endfacet
  facet normal 1 -0 0
    outer loop
      vertex 35.9118 8.33597 2.55
      vertex 35.9118 8.95441 2
      vertex 35.9118 8.95441 2.55
    endloop
  endfacet
  facet normal 1 0 0
    outer loop
      vertex 35.9118 8.95441 2
      vertex 35.9118 8.33597 2.55
      vertex 35.9118 8.33597 2
    endloop
  endfacet
  facet normal 0 1 -0
    outer loop
      vertex 35.9118 8.95441 2
      vertex 32.9063 8.95441 2.55
      vertex 35.9118 8.95441 2.55
    endloop
  endfacet
  facet normal 0 1 0
    outer loop
      vertex 32.9063 8.95441 2.55
      vertex 35.9118 8.95441 2
      vertex 32.9063 8.95441 2
    endloop
  endfacet
  facet normal -1 0 0
    outer loop
      vertex 32.9063 5.13251 2
      vertex 32.9063 8.95441 2.55
      vertex 32.9063 8.95441 2
    endloop
  endfacet
  facet normal -1 -0 0
    outer loop
      vertex 32.9063 8.95441 2.55
      vertex 32.9063 5.13251 2
      vertex 32.9063 5.13251 2.55
    endloop
  endfacet
  facet normal 0 -1 0
    outer loop
      vertex 32.9063 5.13251 2
      vertex 36.0229 5.13251 2.55
      vertex 32.9063 5.13251 2.55
    endloop
  endfacet
  facet normal 0 -1 -0
    outer loop
      vertex 36.0229 5.13251 2.55
      vertex 32.9063 5.13251 2
      vertex 36.0229 5.13251 2
    endloop
  endfacet
  facet normal 1 -0 0
    outer loop
      vertex 36.0229 5.13251 2.55
      vertex 36.0229 5.75095 2
      vertex 36.0229 5.75095 2.55
    endloop
  endfacet
  facet normal 1 0 0
    outer loop
      vertex 36.0229 5.75095 2
      vertex 36.0229 5.13251 2.55
      vertex 36.0229 5.13251 2
    endloop
  endfacet
  facet normal 0.99995 0.0100078 0
    outer loop
      vertex 37.2356 7.38657 2.55
      vertex 37.235 7.44652 2
      vertex 37.235 7.44652 2.55
    endloop
  endfacet
  facet normal 0.99995 0.0100078 0
    outer loop
      vertex 37.235 7.44652 2
      vertex 37.2356 7.38657 2.55
      vertex 37.2356 7.38657 2
    endloop
  endfacet
  facet normal 0.999606 0.0280788 0
    outer loop
      vertex 37.235 7.44652 2.55
      vertex 37.2332 7.5106 2
      vertex 37.2332 7.5106 2.55
    endloop
  endfacet
  facet normal 0.999606 0.0280788 0
    outer loop
      vertex 37.2332 7.5106 2
      vertex 37.235 7.44652 2.55
      vertex 37.235 7.44652 2
    endloop
  endfacet
  facet normal 0.999036 0.0439072 0
    outer loop
      vertex 37.2332 7.5106 2.55
      vertex 37.2302 7.57886 2
      vertex 37.2302 7.57886 2.55
    endloop
  endfacet
  facet normal 0.999036 0.0439072 0
    outer loop
      vertex 37.2302 7.57886 2
      vertex 37.2332 7.5106 2.55
      vertex 37.2332 7.5106 2
    endloop
  endfacet
  facet normal 0.998322 0.0579137 0
    outer loop
      vertex 37.2302 7.57886 2.55
      vertex 37.226 7.65126 2
      vertex 37.226 7.65126 2.55
    endloop
  endfacet
  facet normal 0.998322 0.0579137 0
    outer loop
      vertex 37.226 7.65126 2
      vertex 37.2302 7.57886 2.55
      vertex 37.2302 7.57886 2
    endloop
  endfacet
  facet normal 0.997521 0.0703673 0
    outer loop
      vertex 37.226 7.65126 2.55
      vertex 37.2206 7.72781 2
      vertex 37.2206 7.72781 2.55
    endloop
  endfacet
  facet normal 0.997521 0.0703673 0
    outer loop
      vertex 37.2206 7.72781 2
      vertex 37.226 7.65126 2.55
      vertex 37.226 7.65126 2
    endloop
  endfacet
  facet normal 0.996573 0.0827185 0
    outer loop
      vertex 37.2206 7.72781 2.55
      vertex 37.2139 7.80853 2
      vertex 37.2139 7.80853 2.55
    endloop
  endfacet
  facet normal 0.996573 0.0827185 0
    outer loop
      vertex 37.2139 7.80853 2
      vertex 37.2206 7.72781 2.55
      vertex 37.2206 7.72781 2
    endloop
  endfacet
  facet normal 0.995802 0.0915303 0
    outer loop
      vertex 37.2139 7.80853 2.55
      vertex 37.2061 7.89339 2
      vertex 37.2061 7.89339 2.55
    endloop
  endfacet
  facet normal 0.995802 0.0915303 0
    outer loop
      vertex 37.2061 7.89339 2
      vertex 37.2139 7.80853 2.55
      vertex 37.2139 7.80853 2
    endloop
  endfacet
  facet normal 0.994928 0.100588 0
    outer loop
      vertex 37.2061 7.89339 2.55
      vertex 37.1971 7.98241 2
      vertex 37.1971 7.98241 2.55
    endloop
  endfacet
  facet normal 0.994928 0.100588 0
    outer loop
      vertex 37.1971 7.98241 2
      vertex 37.2061 7.89339 2.55
      vertex 37.2061 7.89339 2
    endloop
  endfacet
  facet normal 0.993945 0.109881 0
    outer loop
      vertex 37.1971 7.98241 2.55
      vertex 37.1868 8.07558 2
      vertex 37.1868 8.07558 2.55
    endloop
  endfacet
  facet normal 0.993945 0.109881 0
    outer loop
      vertex 37.1868 8.07558 2
      vertex 37.1971 7.98241 2.55
      vertex 37.1971 7.98241 2
    endloop
  endfacet
  facet normal -0.870306 -0.492511 0
    outer loop
      vertex 38.8523 5.13251 2
      vertex 37.1868 8.07558 2.55
      vertex 37.1868 8.07558 2
    endloop
  endfacet
  facet normal -0.870306 -0.492511 0
    outer loop
      vertex 37.1868 8.07558 2.55
      vertex 38.8523 5.13251 2
      vertex 38.8523 5.13251 2.55
    endloop
  endfacet
  facet normal 0 -1 0
    outer loop
      vertex 38.8523 5.13251 2
      vertex 39.7908 5.13251 2.55
      vertex 38.8523 5.13251 2.55
    endloop
  endfacet
  facet normal 0 -1 -0
    outer loop
      vertex 39.7908 5.13251 2.55
      vertex 38.8523 5.13251 2
      vertex 39.7908 5.13251 2
    endloop
  endfacet
  facet normal 1 -0 0
    outer loop
      vertex 39.7908 5.13251 2.55
      vertex 39.7908 8.95441 2
      vertex 39.7908 8.95441 2.55
    endloop
  endfacet
  facet normal 1 0 0
    outer loop
      vertex 39.7908 8.95441 2
      vertex 39.7908 5.13251 2.55
      vertex 39.7908 5.13251 2
    endloop
  endfacet
  facet normal 0 1 -0
    outer loop
      vertex 39.7908 8.95441 2
      vertex 39.0802 8.95441 2.55
      vertex 39.7908 8.95441 2.55
    endloop
  endfacet
  facet normal 0 1 0
    outer loop
      vertex 39.0802 8.95441 2.55
      vertex 39.7908 8.95441 2
      vertex 39.0802 8.95441 2
    endloop
  endfacet
  facet normal -1 0 0
    outer loop
      vertex 39.0802 6.73286 2
      vertex 39.0802 8.95441 2.55
      vertex 39.0802 8.95441 2
    endloop
  endfacet
  facet normal -1 -0 0
    outer loop
      vertex 39.0802 8.95441 2.55
      vertex 39.0802 6.73286 2
      vertex 39.0802 6.73286 2.55
    endloop
  endfacet
  facet normal -0.999978 -0.00661099 0
    outer loop
      vertex 39.0807 6.65723 2
      vertex 39.0802 6.73286 2.55
      vertex 39.0802 6.73286 2
    endloop
  endfacet
  facet normal -0.999978 -0.00661099 0
    outer loop
      vertex 39.0802 6.73286 2.55
      vertex 39.0807 6.65723 2
      vertex 39.0807 6.65723 2.55
    endloop
  endfacet
  facet normal -0.999699 -0.0245214 0
    outer loop
      vertex 39.0826 6.57977 2
      vertex 39.0807 6.65723 2.55
      vertex 39.0807 6.65723 2
    endloop
  endfacet
  facet normal -0.999699 -0.0245214 0
    outer loop
      vertex 39.0807 6.65723 2.55
      vertex 39.0826 6.57977 2
      vertex 39.0826 6.57977 2.55
    endloop
  endfacet
  facet normal -0.999284 -0.0378278 0
    outer loop
      vertex 39.0856 6.50052 2
      vertex 39.0826 6.57977 2.55
      vertex 39.0826 6.57977 2
    endloop
  endfacet
  facet normal -0.999284 -0.0378278 0
    outer loop
      vertex 39.0826 6.57977 2.55
      vertex 39.0856 6.50052 2
      vertex 39.0856 6.50052 2.55
    endloop
  endfacet
  facet normal -0.998661 -0.0517377 0
    outer loop
      vertex 39.0898 6.41945 2
      vertex 39.0856 6.50052 2.55
      vertex 39.0856 6.50052 2
    endloop
  endfacet
  facet normal -0.998661 -0.0517377 0
    outer loop
      vertex 39.0856 6.50052 2.55
      vertex 39.0898 6.41945 2
      vertex 39.0898 6.41945 2.55
    endloop
  endfacet
  facet normal -0.997885 -0.0650088 0
    outer loop
      vertex 39.0952 6.33656 2
      vertex 39.0898 6.41945 2.55
      vertex 39.0898 6.41945 2
    endloop
  endfacet
  facet normal -0.997885 -0.0650088 0
    outer loop
      vertex 39.0898 6.41945 2.55
      vertex 39.0952 6.33656 2
      vertex 39.0952 6.33656 2.55
    endloop
  endfacet
  facet normal -0.996976 -0.0777048 0
    outer loop
      vertex 39.1018 6.25188 2
      vertex 39.0952 6.33656 2.55
      vertex 39.0952 6.33656 2
    endloop
  endfacet
  facet normal -0.996976 -0.0777048 0
    outer loop
      vertex 39.0952 6.33656 2.55
      vertex 39.1018 6.25188 2
      vertex 39.1018 6.25188 2.55
    endloop
  endfacet
  facet normal -0.995856 -0.0909405 0
    outer loop
      vertex 39.1097 6.16537 2
      vertex 39.1018 6.25188 2.55
      vertex 39.1018 6.25188 2
    endloop
  endfacet
  facet normal -0.995856 -0.0909405 0
    outer loop
      vertex 39.1018 6.25188 2.55
      vertex 39.1097 6.16537 2
      vertex 39.1097 6.16537 2.55
    endloop
  endfacet
  facet normal -0.994846 -0.1014 0
    outer loop
      vertex 39.1187 6.07707 2
      vertex 39.1097 6.16537 2.55
      vertex 39.1097 6.16537 2
    endloop
  endfacet
  facet normal -0.994846 -0.1014 0
    outer loop
      vertex 39.1097 6.16537 2.55
      vertex 39.1187 6.07707 2
      vertex 39.1187 6.07707 2.55
    endloop
  endfacet
  facet normal -0.993532 -0.113553 0
    outer loop
      vertex 39.129 5.98695 2
      vertex 39.1187 6.07707 2.55
      vertex 39.1187 6.07707 2
    endloop
  endfacet
  facet normal -0.993532 -0.113553 0
    outer loop
      vertex 39.1187 6.07707 2.55
      vertex 39.129 5.98695 2
      vertex 39.129 5.98695 2.55
    endloop
  endfacet
  facet normal 0.868973 0.49486 0
    outer loop
      vertex 39.129 5.98695 2.55
      vertex 37.4391 8.95441 2
      vertex 37.4391 8.95441 2.55
    endloop
  endfacet
  facet normal 0.868973 0.49486 0
    outer loop
      vertex 37.4391 8.95441 2
      vertex 39.129 5.98695 2.55
      vertex 39.129 5.98695 2
    endloop
  endfacet
  facet normal 0 1 -0
    outer loop
      vertex 37.4391 8.95441 2
      vertex 36.5249 8.95441 2.55
      vertex 37.4391 8.95441 2.55
    endloop
  endfacet
  facet normal 0 1 0
    outer loop
      vertex 36.5249 8.95441 2.55
      vertex 37.4391 8.95441 2
      vertex 36.5249 8.95441 2
    endloop
  endfacet
  facet normal -1 0 0
    outer loop
      vertex 36.5249 5.13251 2
      vertex 36.5249 8.95441 2.55
      vertex 36.5249 8.95441 2
    endloop
  endfacet
  facet normal -1 -0 0
    outer loop
      vertex 36.5249 8.95441 2.55
      vertex 36.5249 5.13251 2
      vertex 36.5249 5.13251 2.55
    endloop
  endfacet
  facet normal 0 -1 0
    outer loop
      vertex 36.5249 5.13251 2
      vertex 37.2356 5.13251 2.55
      vertex 36.5249 5.13251 2.55
    endloop
  endfacet
  facet normal 0 -1 -0
    outer loop
      vertex 37.2356 5.13251 2.55
      vertex 36.5249 5.13251 2
      vertex 37.2356 5.13251 2
    endloop
  endfacet
  facet normal 1 -0 0
    outer loop
      vertex 37.2356 5.13251 2.55
      vertex 37.2356 7.38657 2
      vertex 37.2356 7.38657 2.55
    endloop
  endfacet
  facet normal 1 0 0
    outer loop
      vertex 37.2356 7.38657 2
      vertex 37.2356 5.13251 2.55
      vertex 37.2356 5.13251 2
    endloop
  endfacet
  facet normal 0 -1 0
    outer loop
      vertex 61.845 6.10902 2
      vertex 63.3016 6.10902 2.55
      vertex 61.845 6.10902 2.55
    endloop
  endfacet
  facet normal 0 -1 -0
    outer loop
      vertex 63.3016 6.10902 2.55
      vertex 61.845 6.10902 2
      vertex 63.3016 6.10902 2
    endloop
  endfacet
  facet normal -0.944663 -0.328041 0
    outer loop
      vertex 63.6407 5.13251 2
      vertex 63.3016 6.10902 2.55
      vertex 63.3016 6.10902 2
    endloop
  endfacet
  facet normal -0.944663 -0.328041 0
    outer loop
      vertex 63.3016 6.10902 2.55
      vertex 63.6407 5.13251 2
      vertex 63.6407 5.13251 2.55
    endloop
  endfacet
  facet normal 0 -1 0
    outer loop
      vertex 63.6407 5.13251 2
      vertex 64.4327 5.13251 2.55
      vertex 63.6407 5.13251 2.55
    endloop
  endfacet
  facet normal 0 -1 -0
    outer loop
      vertex 64.4327 5.13251 2.55
      vertex 63.6407 5.13251 2
      vertex 64.4327 5.13251 2
    endloop
  endfacet
  facet normal 0.939871 0.34153 0
    outer loop
      vertex 64.4327 5.13251 2.55
      vertex 63.0439 8.95441 2
      vertex 63.0439 8.95441 2.55
    endloop
  endfacet
  facet normal 0.939871 0.34153 0
    outer loop
      vertex 63.0439 8.95441 2
      vertex 64.4327 5.13251 2.55
      vertex 64.4327 5.13251 2
    endloop
  endfacet
  facet normal 0 1 -0
    outer loop
      vertex 63.0439 8.95441 2
      vertex 62.1 8.95441 2.55
      vertex 63.0439 8.95441 2.55
    endloop
  endfacet
  facet normal 0 1 0
    outer loop
      vertex 62.1 8.95441 2.55
      vertex 63.0439 8.95441 2
      vertex 62.1 8.95441 2
    endloop
  endfacet
  facet normal -0.939436 0.342724 0
    outer loop
      vertex 60.7057 5.13251 2
      vertex 62.1 8.95441 2.55
      vertex 62.1 8.95441 2
    endloop
  endfacet
  facet normal -0.939436 0.342724 0
    outer loop
      vertex 62.1 8.95441 2.55
      vertex 60.7057 5.13251 2
      vertex 60.7057 5.13251 2.55
    endloop
  endfacet
  facet normal 0 -1 0
    outer loop
      vertex 60.7057 5.13251 2
      vertex 61.5059 5.13251 2.55
      vertex 60.7057 5.13251 2.55
    endloop
  endfacet
  facet normal 0 -1 -0
    outer loop
      vertex 61.5059 5.13251 2.55
      vertex 60.7057 5.13251 2
      vertex 61.5059 5.13251 2
    endloop
  endfacet
  facet normal 0.944663 -0.328041 0
    outer loop
      vertex 61.5059 5.13251 2.55
      vertex 61.845 6.10902 2
      vertex 61.845 6.10902 2.55
    endloop
  endfacet
  facet normal 0.944663 -0.328041 0
    outer loop
      vertex 61.845 6.10902 2
      vertex 61.5059 5.13251 2.55
      vertex 61.5059 5.13251 2
    endloop
  endfacet
  facet normal 0.945857 -0.324585 0
    outer loop
      vertex 62.024 6.71118 2.55
      vertex 62.1144 6.97461 2
      vertex 62.1144 6.97461 2.55
    endloop
  endfacet
  facet normal 0.945857 -0.324585 0
    outer loop
      vertex 62.1144 6.97461 2
      vertex 62.024 6.71118 2.55
      vertex 62.024 6.71118 2
    endloop
  endfacet
  facet normal 0.945947 -0.32432 0
    outer loop
      vertex 62.1144 6.97461 2.55
      vertex 62.1952 7.21028 2
      vertex 62.1952 7.21028 2.55
    endloop
  endfacet
  facet normal 0.945947 -0.32432 0
    outer loop
      vertex 62.1952 7.21028 2
      vertex 62.1144 6.97461 2.55
      vertex 62.1144 6.97461 2
    endloop
  endfacet
  facet normal 0.946221 -0.323522 0
    outer loop
      vertex 62.1952 7.21028 2.55
      vertex 62.2663 7.41823 2
      vertex 62.2663 7.41823 2.55
    endloop
  endfacet
  facet normal 0.946221 -0.323522 0
    outer loop
      vertex 62.2663 7.41823 2
      vertex 62.1952 7.21028 2.55
      vertex 62.1952 7.21028 2
    endloop
  endfacet
  facet normal 0.946417 -0.322947 0
    outer loop
      vertex 62.2663 7.41823 2.55
      vertex 62.3278 7.59846 2
      vertex 62.3278 7.59846 2.55
    endloop
  endfacet
  facet normal 0.946417 -0.322947 0
    outer loop
      vertex 62.3278 7.59846 2
      vertex 62.2663 7.41823 2.55
      vertex 62.2663 7.41823 2
    endloop
  endfacet
  facet normal 0.946678 -0.322181 0
    outer loop
      vertex 62.3278 7.59846 2.55
      vertex 62.3797 7.75096 2
      vertex 62.3797 7.75096 2.55
    endloop
  endfacet
  facet normal 0.946678 -0.322181 0
    outer loop
      vertex 62.3797 7.75096 2
      vertex 62.3278 7.59846 2.55
      vertex 62.3278 7.59846 2
    endloop
  endfacet
  facet normal 0.947531 -0.319665 0
    outer loop
      vertex 62.3797 7.75096 2.55
      vertex 62.4218 7.87575 2
      vertex 62.4218 7.87575 2.55
    endloop
  endfacet
  facet normal 0.947531 -0.319665 0
    outer loop
      vertex 62.4218 7.87575 2
      vertex 62.3797 7.75096 2.55
      vertex 62.3797 7.75096 2
    endloop
  endfacet
  facet normal 0.947938 -0.318454 0
    outer loop
      vertex 62.4218 7.87575 2.55
      vertex 62.4544 7.97279 2
      vertex 62.4544 7.97279 2.55
    endloop
  endfacet
  facet normal 0.947938 -0.318454 0
    outer loop
      vertex 62.4544 7.97279 2
      vertex 62.4218 7.87575 2.55
      vertex 62.4218 7.87575 2
    endloop
  endfacet
  facet normal 0.949516 -0.31372 0
    outer loop
      vertex 62.4544 7.97279 2.55
      vertex 62.4773 8.0421 2
      vertex 62.4773 8.0421 2.55
    endloop
  endfacet
  facet normal 0.949516 -0.31372 0
    outer loop
      vertex 62.4773 8.0421 2
      vertex 62.4544 7.97279 2.55
      vertex 62.4544 7.97279 2
    endloop
  endfacet
  facet normal 0.952483 -0.304593 0
    outer loop
      vertex 62.4773 8.0421 2.55
      vertex 62.4906 8.08369 2
      vertex 62.4906 8.08369 2.55
    endloop
  endfacet
  facet normal 0.952483 -0.304593 0
    outer loop
      vertex 62.4906 8.08369 2
      vertex 62.4773 8.0421 2.55
      vertex 62.4773 8.0421 2
    endloop
  endfacet
  facet normal 0.957024 -0.290007 0
    outer loop
      vertex 62.4906 8.08369 2.55
      vertex 62.4989 8.11108 2
      vertex 62.4989 8.11108 2.55
    endloop
  endfacet
  facet normal 0.957024 -0.290007 0
    outer loop
      vertex 62.4989 8.11108 2
      vertex 62.4906 8.08369 2.55
      vertex 62.4906 8.08369 2
    endloop
  endfacet
  facet normal 0.957984 -0.286822 0
    outer loop
      vertex 62.4989 8.11108 2.55
      vertex 62.5069 8.1378 2
      vertex 62.5069 8.1378 2.55
    endloop
  endfacet
  facet normal 0.957984 -0.286822 0
    outer loop
      vertex 62.5069 8.1378 2
      vertex 62.4989 8.11108 2.55
      vertex 62.4989 8.11108 2
    endloop
  endfacet
  facet normal 0.958008 -0.286741 0
    outer loop
      vertex 62.5069 8.1378 2.55
      vertex 62.5147 8.16386 2
      vertex 62.5147 8.16386 2.55
    endloop
  endfacet
  facet normal 0.958008 -0.286741 0
    outer loop
      vertex 62.5147 8.16386 2
      vertex 62.5069 8.1378 2.55
      vertex 62.5069 8.1378 2
    endloop
  endfacet
  facet normal 0.959004 -0.283394 0
    outer loop
      vertex 62.5147 8.16386 2.55
      vertex 62.5222 8.18924 2
      vertex 62.5222 8.18924 2.55
    endloop
  endfacet
  facet normal 0.959004 -0.283394 0
    outer loop
      vertex 62.5222 8.18924 2
      vertex 62.5147 8.16386 2.55
      vertex 62.5147 8.16386 2
    endloop
  endfacet
  facet normal 0.960104 -0.279642 0
    outer loop
      vertex 62.5222 8.18924 2.55
      vertex 62.5294 8.21396 2
      vertex 62.5294 8.21396 2.55
    endloop
  endfacet
  facet normal 0.960104 -0.279642 0
    outer loop
      vertex 62.5294 8.21396 2
      vertex 62.5222 8.18924 2.55
      vertex 62.5222 8.18924 2
    endloop
  endfacet
  facet normal 0.960156 -0.279463 0
    outer loop
      vertex 62.5294 8.21396 2.55
      vertex 62.5364 8.23801 2
      vertex 62.5364 8.23801 2.55
    endloop
  endfacet
  facet normal 0.960156 -0.279463 0
    outer loop
      vertex 62.5364 8.23801 2
      vertex 62.5294 8.21396 2.55
      vertex 62.5294 8.21396 2
    endloop
  endfacet
  facet normal 0.961275 -0.27559 0
    outer loop
      vertex 62.5364 8.23801 2.55
      vertex 62.5431 8.26138 2
      vertex 62.5431 8.26138 2.55
    endloop
  endfacet
  facet normal 0.961275 -0.27559 0
    outer loop
      vertex 62.5431 8.26138 2
      vertex 62.5364 8.23801 2.55
      vertex 62.5364 8.23801 2
    endloop
  endfacet
  facet normal 0.962509 -0.271249 0
    outer loop
      vertex 62.5431 8.26138 2.55
      vertex 62.5495 8.28409 2
      vertex 62.5495 8.28409 2.55
    endloop
  endfacet
  facet normal 0.962509 -0.271249 0
    outer loop
      vertex 62.5495 8.28409 2
      vertex 62.5431 8.26138 2.55
      vertex 62.5431 8.26138 2
    endloop
  endfacet
  facet normal 0.962669 -0.270682 0
    outer loop
      vertex 62.5495 8.28409 2.55
      vertex 62.5557 8.30614 2
      vertex 62.5557 8.30614 2.55
    endloop
  endfacet
  facet normal 0.962669 -0.270682 0
    outer loop
      vertex 62.5557 8.30614 2
      vertex 62.5495 8.28409 2.55
      vertex 62.5495 8.28409 2
    endloop
  endfacet
  facet normal 0.965066 -0.262009 0
    outer loop
      vertex 62.5557 8.30614 2.55
      vertex 62.5719 8.36581 2
      vertex 62.5719 8.36581 2.55
    endloop
  endfacet
  facet normal 0.965066 -0.262009 0
    outer loop
      vertex 62.5719 8.36581 2
      vertex 62.5557 8.30614 2.55
      vertex 62.5557 8.30614 2
    endloop
  endfacet
  facet normal -0.956632 -0.291298 0
    outer loop
      vertex 62.6289 8.17862 2
      vertex 62.5719 8.36581 2.55
      vertex 62.5719 8.36581 2
    endloop
  endfacet
  facet normal -0.956632 -0.291298 0
    outer loop
      vertex 62.5719 8.36581 2.55
      vertex 62.6289 8.17862 2
      vertex 62.6289 8.17862 2.55
    endloop
  endfacet
  facet normal -0.9535 -0.301394 0
    outer loop
      vertex 62.7455 7.80974 2
      vertex 62.6289 8.17862 2.55
      vertex 62.6289 8.17862 2
    endloop
  endfacet
  facet normal -0.9535 -0.301394 0
    outer loop
      vertex 62.6289 8.17862 2.55
      vertex 62.7455 7.80974 2
      vertex 62.7455 7.80974 2.55
    endloop
  endfacet
  facet normal -0.945827 -0.324672 0
    outer loop
      vertex 63.1226 6.71118 2
      vertex 62.7455 7.80974 2.55
      vertex 62.7455 7.80974 2
    endloop
  endfacet
  facet normal -0.945827 -0.324672 0
    outer loop
      vertex 62.7455 7.80974 2.55
      vertex 63.1226 6.71118 2
      vertex 63.1226 6.71118 2.55
    endloop
  endfacet
  facet normal 0 1 -0
    outer loop
      vertex 63.1226 6.71118 2
      vertex 62.024 6.71118 2.55
      vertex 63.1226 6.71118 2.55
    endloop
  endfacet
  facet normal 0 1 0
    outer loop
      vertex 62.024 6.71118 2.55
      vertex 63.1226 6.71118 2
      vertex 62.024 6.71118 2
    endloop
  endfacet
  facet normal 0 1 -0
    outer loop
      vertex 25.5658 8.95441 2
      vertex 24.7656 8.95441 2.55
      vertex 25.5658 8.95441 2.55
    endloop
  endfacet
  facet normal 0 1 0
    outer loop
      vertex 24.7656 8.95441 2.55
      vertex 25.5658 8.95441 2
      vertex 24.7656 8.95441 2
    endloop
  endfacet
  facet normal -1 0 0
    outer loop
      vertex 24.7656 5.13251 2
      vertex 24.7656 8.95441 2.55
      vertex 24.7656 8.95441 2
    endloop
  endfacet
  facet normal -1 -0 0
    outer loop
      vertex 24.7656 8.95441 2.55
      vertex 24.7656 5.13251 2
      vertex 24.7656 5.13251 2.55
    endloop
  endfacet
  facet normal 0 -1 0
    outer loop
      vertex 24.7656 5.13251 2
      vertex 25.5658 5.13251 2.55
      vertex 24.7656 5.13251 2.55
    endloop
  endfacet
  facet normal 0 -1 -0
    outer loop
      vertex 25.5658 5.13251 2.55
      vertex 24.7656 5.13251 2
      vertex 25.5658 5.13251 2
    endloop
  endfacet
  facet normal 1 -0 0
    outer loop
      vertex 25.5658 5.13251 2.55
      vertex 25.5658 8.95441 2
      vertex 25.5658 8.95441 2.55
    endloop
  endfacet
  facet normal 1 0 0
    outer loop
      vertex 25.5658 8.95441 2
      vertex 25.5658 5.13251 2.55
      vertex 25.5658 5.13251 2
    endloop
  endfacet
  facet normal 0 -1 0
    outer loop
      vertex 57.8212 6.58371 2
      vertex 58.7597 6.58371 2.55
      vertex 57.8212 6.58371 2.55
    endloop
  endfacet
  facet normal 0 -1 -0
    outer loop
      vertex 58.7597 6.58371 2.55
      vertex 57.8212 6.58371 2
      vertex 58.7597 6.58371 2
    endloop
  endfacet
  facet normal -0.853241 -0.521517 0
    outer loop
      vertex 59.6467 5.13251 2
      vertex 58.7597 6.58371 2.55
      vertex 58.7597 6.58371 2
    endloop
  endfacet
  facet normal -0.853241 -0.521517 0
    outer loop
      vertex 58.7597 6.58371 2.55
      vertex 59.6467 5.13251 2
      vertex 59.6467 5.13251 2.55
    endloop
  endfacet
  facet normal 0 -1 0
    outer loop
      vertex 59.6467 5.13251 2
      vertex 60.5473 5.13251 2.55
      vertex 59.6467 5.13251 2.55
    endloop
  endfacet
  facet normal 0 -1 -0
    outer loop
      vertex 60.5473 5.13251 2.55
      vertex 59.6467 5.13251 2
      vertex 60.5473 5.13251 2
    endloop
  endfacet
  facet normal 0.840893 0.541202 0
    outer loop
      vertex 60.5473 5.13251 2.55
      vertex 59.5138 6.73831 2
      vertex 59.5138 6.73831 2.55
    endloop
  endfacet
  facet normal 0.840893 0.541202 0
    outer loop
      vertex 59.5138 6.73831 2
      vertex 60.5473 5.13251 2.55
      vertex 60.5473 5.13251 2
    endloop
  endfacet
  facet normal 0.262972 -0.964803 0
    outer loop
      vertex 59.5138 6.73831 2
      vertex 59.598 6.76126 2.55
      vertex 59.5138 6.73831 2.55
    endloop
  endfacet
  facet normal 0.262972 -0.964803 0
    outer loop
      vertex 59.598 6.76126 2.55
      vertex 59.5138 6.73831 2
      vertex 59.598 6.76126 2
    endloop
  endfacet
  facet normal 0.327991 -0.944681 0
    outer loop
      vertex 59.598 6.76126 2
      vertex 59.6783 6.78914 2.55
      vertex 59.598 6.76126 2.55
    endloop
  endfacet
  facet normal 0.327991 -0.944681 0
    outer loop
      vertex 59.6783 6.78914 2.55
      vertex 59.598 6.76126 2
      vertex 59.6783 6.78914 2
    endloop
  endfacet
  facet normal 0.395038 -0.918665 0
    outer loop
      vertex 59.6783 6.78914 2
      vertex 59.7546 6.82195 2.55
      vertex 59.6783 6.78914 2.55
    endloop
  endfacet
  facet normal 0.395038 -0.918665 0
    outer loop
      vertex 59.7546 6.82195 2.55
      vertex 59.6783 6.78914 2
      vertex 59.7546 6.82195 2
    endloop
  endfacet
  facet normal 0.46195 -0.886906 0
    outer loop
      vertex 59.7546 6.82195 2
      vertex 59.827 6.85966 2.55
      vertex 59.7546 6.82195 2.55
    endloop
  endfacet
  facet normal 0.46195 -0.886906 0
    outer loop
      vertex 59.827 6.85966 2.55
      vertex 59.7546 6.82195 2
      vertex 59.827 6.85966 2
    endloop
  endfacet
  facet normal 0.529107 -0.848555 0
    outer loop
      vertex 59.827 6.85966 2
      vertex 59.8954 6.90231 2.55
      vertex 59.827 6.85966 2.55
    endloop
  endfacet
  facet normal 0.529107 -0.848555 0
    outer loop
      vertex 59.8954 6.90231 2.55
      vertex 59.827 6.85966 2
      vertex 59.8954 6.90231 2
    endloop
  endfacet
  facet normal 0.594068 -0.804415 0
    outer loop
      vertex 59.8954 6.90231 2
      vertex 59.9598 6.94987 2.55
      vertex 59.8954 6.90231 2.55
    endloop
  endfacet
  facet normal 0.594068 -0.804415 0
    outer loop
      vertex 59.9598 6.94987 2.55
      vertex 59.8954 6.90231 2
      vertex 59.9598 6.94987 2
    endloop
  endfacet
  facet normal 0.655263 -0.755401 0
    outer loop
      vertex 59.9598 6.94987 2
      vertex 60.0203 7.00235 2.55
      vertex 59.9598 6.94987 2.55
    endloop
  endfacet
  facet normal 0.655263 -0.755401 0
    outer loop
      vertex 60.0203 7.00235 2.55
      vertex 59.9598 6.94987 2
      vertex 60.0203 7.00235 2
    endloop
  endfacet
  facet normal 0.712174 -0.702003 0
    outer loop
      vertex 60.0203 7.00235 2.55
      vertex 60.0769 7.05977 2
      vertex 60.0769 7.05977 2.55
    endloop
  endfacet
  facet normal 0.712174 -0.702003 0
    outer loop
      vertex 60.0769 7.05977 2
      vertex 60.0203 7.00235 2.55
      vertex 60.0203 7.00235 2
    endloop
  endfacet
  facet normal 0.764186 -0.644996 0
    outer loop
      vertex 60.0769 7.05977 2.55
      vertex 60.1295 7.12209 2
      vertex 60.1295 7.12209 2.55
    endloop
  endfacet
  facet normal 0.764186 -0.644996 0
    outer loop
      vertex 60.1295 7.12209 2
      vertex 60.0769 7.05977 2.55
      vertex 60.0769 7.05977 2
    endloop
  endfacet
  facet normal 0.810576 -0.585634 0
    outer loop
      vertex 60.1295 7.12209 2.55
      vertex 60.1773 7.18825 2
      vertex 60.1773 7.18825 2.55
    endloop
  endfacet
  facet normal 0.810576 -0.585634 0
    outer loop
      vertex 60.1773 7.18825 2
      vertex 60.1295 7.12209 2.55
      vertex 60.1295 7.12209 2
    endloop
  endfacet
  facet normal 0.852694 -0.522411 0
    outer loop
      vertex 60.1773 7.18825 2.55
      vertex 60.2195 7.25713 2
      vertex 60.2195 7.25713 2.55
    endloop
  endfacet
  facet normal 0.852694 -0.522411 0
    outer loop
      vertex 60.2195 7.25713 2
      vertex 60.1773 7.18825 2.55
      vertex 60.1773 7.18825 2
    endloop
  endfacet
  facet normal 0.890335 -0.455306 0
    outer loop
      vertex 60.2195 7.25713 2.55
      vertex 60.2561 7.3287 2
      vertex 60.2561 7.3287 2.55
    endloop
  endfacet
  facet normal 0.890335 -0.455306 0
    outer loop
      vertex 60.2561 7.3287 2
      vertex 60.2195 7.25713 2.55
      vertex 60.2195 7.25713 2
    endloop
  endfacet
  facet normal 0.923334 -0.383998 0
    outer loop
      vertex 60.2561 7.3287 2.55
      vertex 60.287 7.403 2
      vertex 60.287 7.403 2.55
    endloop
  endfacet
  facet normal 0.923334 -0.383998 0
    outer loop
      vertex 60.287 7.403 2
      vertex 60.2561 7.3287 2.55
      vertex 60.2561 7.3287 2
    endloop
  endfacet
  facet normal 0.949677 -0.31323 0
    outer loop
      vertex 60.287 7.403 2.55
      vertex 60.3124 7.48001 2
      vertex 60.3124 7.48001 2.55
    endloop
  endfacet
  facet normal 0.949677 -0.31323 0
    outer loop
      vertex 60.3124 7.48001 2
      vertex 60.287 7.403 2.55
      vertex 60.287 7.403 2
    endloop
  endfacet
  facet normal 0.970791 -0.239927 0
    outer loop
      vertex 60.3124 7.48001 2.55
      vertex 60.3321 7.55972 2
      vertex 60.3321 7.55972 2.55
    endloop
  endfacet
  facet normal 0.970791 -0.239927 0
    outer loop
      vertex 60.3321 7.55972 2
      vertex 60.3124 7.48001 2.55
      vertex 60.3124 7.48001 2
    endloop
  endfacet
  facet normal 0.985888 -0.167404 0
    outer loop
      vertex 60.3321 7.55972 2.55
      vertex 60.3461 7.64217 2
      vertex 60.3461 7.64217 2.55
    endloop
  endfacet
  facet normal 0.985888 -0.167404 0
    outer loop
      vertex 60.3461 7.64217 2
      vertex 60.3321 7.55972 2.55
      vertex 60.3321 7.55972 2
    endloop
  endfacet
  facet normal 0.995053 -0.0993417 0
    outer loop
      vertex 60.3461 7.64217 2.55
      vertex 60.3546 7.72731 2
      vertex 60.3546 7.72731 2.55
    endloop
  endfacet
  facet normal 0.995053 -0.0993417 0
    outer loop
      vertex 60.3546 7.72731 2
      vertex 60.3461 7.64217 2.55
      vertex 60.3461 7.64217 2
    endloop
  endfacet
  facet normal 0.999493 -0.0318527 0
    outer loop
      vertex 60.3546 7.72731 2.55
      vertex 60.3574 7.81517 2
      vertex 60.3574 7.81517 2.55
    endloop
  endfacet
  facet normal 0.999493 -0.0318527 0
    outer loop
      vertex 60.3574 7.81517 2
      vertex 60.3546 7.72731 2.55
      vertex 60.3546 7.72731 2
    endloop
  endfacet
  facet normal 0.999256 0.0385619 0
    outer loop
      vertex 60.3574 7.81517 2.55
      vertex 60.3528 7.93437 2
      vertex 60.3528 7.93437 2.55
    endloop
  endfacet
  facet normal 0.999256 0.0385619 0
    outer loop
      vertex 60.3528 7.93437 2
      vertex 60.3574 7.81517 2.55
      vertex 60.3574 7.81517 2
    endloop
  endfacet
  facet normal 0.992608 0.121361 0
    outer loop
      vertex 60.3528 7.93437 2.55
      vertex 60.339 8.04724 2
      vertex 60.339 8.04724 2.55
    endloop
  endfacet
  facet normal 0.992608 0.121361 0
    outer loop
      vertex 60.339 8.04724 2
      vertex 60.3528 7.93437 2.55
      vertex 60.3528 7.93437 2
    endloop
  endfacet
  facet normal 0.977671 0.210143 0
    outer loop
      vertex 60.339 8.04724 2.55
      vertex 60.3161 8.15378 2
      vertex 60.3161 8.15378 2.55
    endloop
  endfacet
  facet normal 0.977671 0.210143 0
    outer loop
      vertex 60.3161 8.15378 2
      vertex 60.339 8.04724 2.55
      vertex 60.339 8.04724 2
    endloop
  endfacet
  facet normal 0.952342 0.305031 0
    outer loop
      vertex 60.3161 8.15378 2.55
      vertex 60.284 8.254 2
      vertex 60.284 8.254 2.55
    endloop
  endfacet
  facet normal 0.952342 0.305031 0
    outer loop
      vertex 60.284 8.254 2
      vertex 60.3161 8.15378 2.55
      vertex 60.3161 8.15378 2
    endloop
  endfacet
  facet normal 0.915325 0.402716 0
    outer loop
      vertex 60.284 8.254 2.55
      vertex 60.2427 8.34787 2
      vertex 60.2427 8.34787 2.55
    endloop
  endfacet
  facet normal 0.915325 0.402716 0
    outer loop
      vertex 60.2427 8.34787 2
      vertex 60.284 8.254 2.55
      vertex 60.284 8.254 2
    endloop
  endfacet
  facet normal 0.866227 0.499651 0
    outer loop
      vertex 60.2427 8.34787 2.55
      vertex 60.1922 8.43542 2
      vertex 60.1922 8.43542 2.55
    endloop
  endfacet
  facet normal 0.866227 0.499651 0
    outer loop
      vertex 60.1922 8.43542 2
      vertex 60.2427 8.34787 2.55
      vertex 60.2427 8.34787 2
    endloop
  endfacet
  facet normal 0.806257 0.591566 0
    outer loop
      vertex 60.1922 8.43542 2.55
      vertex 60.1326 8.51665 2
      vertex 60.1326 8.51665 2.55
    endloop
  endfacet
  facet normal 0.806257 0.591566 0
    outer loop
      vertex 60.1326 8.51665 2
      vertex 60.1922 8.43542 2.55
      vertex 60.1922 8.43542 2
    endloop
  endfacet
  facet normal 0.736415 0.67653 0
    outer loop
      vertex 60.1326 8.51665 2.55
      vertex 60.0638 8.59154 2
      vertex 60.0638 8.59154 2.55
    endloop
  endfacet
  facet normal 0.736415 0.67653 0
    outer loop
      vertex 60.0638 8.59154 2
      vertex 60.1326 8.51665 2.55
      vertex 60.1326 8.51665 2
    endloop
  endfacet
  facet normal 0.659716 0.751515 -0
    outer loop
      vertex 60.0638 8.59154 2
      vertex 59.9857 8.6601 2.55
      vertex 60.0638 8.59154 2.55
    endloop
  endfacet
  facet normal 0.659716 0.751515 0
    outer loop
      vertex 59.9857 8.6601 2.55
      vertex 60.0638 8.59154 2
      vertex 59.9857 8.6601 2
    endloop
  endfacet
  facet normal 0.581523 0.81353 -0
    outer loop
      vertex 59.9857 8.6601 2
      vertex 59.8993 8.72186 2.55
      vertex 59.9857 8.6601 2.55
    endloop
  endfacet
  facet normal 0.581523 0.81353 0
    outer loop
      vertex 59.8993 8.72186 2.55
      vertex 59.9857 8.6601 2
      vertex 59.8993 8.72186 2
    endloop
  endfacet
  facet normal 0.50125 0.865302 -0
    outer loop
      vertex 59.8993 8.72186 2
      vertex 59.8052 8.77637 2.55
      vertex 59.8993 8.72186 2.55
    endloop
  endfacet
  facet normal 0.50125 0.865302 0
    outer loop
      vertex 59.8052 8.77637 2.55
      vertex 59.8993 8.72186 2
      vertex 59.8052 8.77637 2
    endloop
  endfacet
  facet normal 0.420933 0.907092 -0
    outer loop
      vertex 59.8052 8.77637 2
      vertex 59.7034 8.82361 2.55
      vertex 59.8052 8.77637 2.55
    endloop
  endfacet
  facet normal 0.420933 0.907092 0
    outer loop
      vertex 59.7034 8.82361 2.55
      vertex 59.8052 8.77637 2
      vertex 59.7034 8.82361 2
    endloop
  endfacet
  facet normal 0.342541 0.939503 -0
    outer loop
      vertex 59.7034 8.82361 2
      vertex 59.5938 8.86357 2.55
      vertex 59.7034 8.82361 2.55
    endloop
  endfacet
  facet normal 0.342541 0.939503 0
    outer loop
      vertex 59.5938 8.86357 2.55
      vertex 59.7034 8.82361 2
      vertex 59.5938 8.86357 2
    endloop
  endfacet
  facet normal 0.268746 0.963211 -0
    outer loop
      vertex 59.5938 8.86357 2
      vertex 59.4766 8.89627 2.55
      vertex 59.5938 8.86357 2.55
    endloop
  endfacet
  facet normal 0.268746 0.963211 0
    outer loop
      vertex 59.4766 8.89627 2.55
      vertex 59.5938 8.86357 2
      vertex 59.4766 8.89627 2
    endloop
  endfacet
  facet normal 0.199432 0.979912 -0
    outer loop
      vertex 59.4766 8.89627 2
      vertex 59.3516 8.92171 2.55
      vertex 59.4766 8.89627 2.55
    endloop
  endfacet
  facet normal 0.199432 0.979912 0
    outer loop
      vertex 59.3516 8.92171 2.55
      vertex 59.4766 8.89627 2
      vertex 59.3516 8.92171 2
    endloop
  endfacet
  facet normal 0.13576 0.990742 -0
    outer loop
      vertex 59.3516 8.92171 2
      vertex 59.219 8.93988 2.55
      vertex 59.3516 8.92171 2.55
    endloop
  endfacet
  facet normal 0.13576 0.990742 0
    outer loop
      vertex 59.219 8.93988 2.55
      vertex 59.3516 8.92171 2
      vertex 59.219 8.93988 2
    endloop
  endfacet
  facet normal 0.0774024 0.997 -0
    outer loop
      vertex 59.219 8.93988 2
      vertex 59.0786 8.95078 2.55
      vertex 59.219 8.93988 2.55
    endloop
  endfacet
  facet normal 0.0774024 0.997 0
    outer loop
      vertex 59.0786 8.95078 2.55
      vertex 59.219 8.93988 2
      vertex 59.0786 8.95078 2
    endloop
  endfacet
  facet normal 0.0245197 0.999699 -0
    outer loop
      vertex 59.0786 8.95078 2
      vertex 58.9306 8.95441 2.55
      vertex 59.0786 8.95078 2.55
    endloop
  endfacet
  facet normal 0.0245197 0.999699 0
    outer loop
      vertex 58.9306 8.95441 2.55
      vertex 59.0786 8.95078 2
      vertex 58.9306 8.95441 2
    endloop
  endfacet
  facet normal 0 1 -0
    outer loop
      vertex 58.9306 8.95441 2
      vertex 57.021 8.95441 2.55
      vertex 58.9306 8.95441 2.55
    endloop
  endfacet
  facet normal 0 1 0
    outer loop
      vertex 57.021 8.95441 2.55
      vertex 58.9306 8.95441 2
      vertex 57.021 8.95441 2
    endloop
  endfacet
  facet normal -1 0 0
    outer loop
      vertex 57.021 5.13251 2
      vertex 57.021 8.95441 2.55
      vertex 57.021 8.95441 2
    endloop
  endfacet
  facet normal -1 -0 0
    outer loop
      vertex 57.021 8.95441 2.55
      vertex 57.021 5.13251 2
      vertex 57.021 5.13251 2.55
    endloop
  endfacet
  facet normal 0 -1 0
    outer loop
      vertex 57.021 5.13251 2
      vertex 57.8212 5.13251 2.55
      vertex 57.021 5.13251 2.55
    endloop
  endfacet
  facet normal 0 -1 -0
    outer loop
      vertex 57.8212 5.13251 2.55
      vertex 57.021 5.13251 2
      vertex 57.8212 5.13251 2
    endloop
  endfacet
  facet normal 1 -0 0
    outer loop
      vertex 57.8212 5.13251 2.55
      vertex 57.8212 6.58371 2
      vertex 57.8212 6.58371 2.55
    endloop
  endfacet
  facet normal 1 0 0
    outer loop
      vertex 57.8212 6.58371 2
      vertex 57.8212 5.13251 2.55
      vertex 57.8212 5.13251 2
    endloop
  endfacet
  facet normal 1 -0 0
    outer loop
      vertex 57.8212 7.20485 2.55
      vertex 57.8212 8.33325 2
      vertex 57.8212 8.33325 2.55
    endloop
  endfacet
  facet normal 1 0 0
    outer loop
      vertex 57.8212 8.33325 2
      vertex 57.8212 7.20485 2.55
      vertex 57.8212 7.20485 2
    endloop
  endfacet
  facet normal 0 -1 0
    outer loop
      vertex 57.8212 8.33325 2
      vertex 58.8465 8.33325 2.55
      vertex 57.8212 8.33325 2.55
    endloop
  endfacet
  facet normal 0 -1 -0
    outer loop
      vertex 58.8465 8.33325 2.55
      vertex 57.8212 8.33325 2
      vertex 58.8465 8.33325 2
    endloop
  endfacet
  facet normal -0.0458302 -0.998949 0
    outer loop
      vertex 58.8465 8.33325 2
      vertex 58.9945 8.32646 2.55
      vertex 58.8465 8.33325 2.55
    endloop
  endfacet
  facet normal -0.0458302 -0.998949 -0
    outer loop
      vertex 58.9945 8.32646 2.55
      vertex 58.8465 8.33325 2
      vertex 58.9945 8.32646 2
    endloop
  endfacet
  facet normal -0.154331 -0.988019 0
    outer loop
      vertex 58.9945 8.32646 2
      vertex 59.1251 8.30606 2.55
      vertex 58.9945 8.32646 2.55
    endloop
  endfacet
  facet normal -0.154331 -0.988019 -0
    outer loop
      vertex 59.1251 8.30606 2.55
      vertex 58.9945 8.32646 2
      vertex 59.1251 8.30606 2
    endloop
  endfacet
  facet normal -0.287658 -0.957733 0
    outer loop
      vertex 59.1251 8.30606 2
      vertex 59.2383 8.27206 2.55
      vertex 59.1251 8.30606 2.55
    endloop
  endfacet
  facet normal -0.287658 -0.957733 -0
    outer loop
      vertex 59.2383 8.27206 2.55
      vertex 59.1251 8.30606 2
      vertex 59.2383 8.27206 2
    endloop
  endfacet
  facet normal -0.444744 -0.895658 0
    outer loop
      vertex 59.2383 8.27206 2
      vertex 59.3341 8.22449 2.55
      vertex 59.2383 8.27206 2.55
    endloop
  endfacet
  facet normal -0.444744 -0.895658 -0
    outer loop
      vertex 59.3341 8.22449 2.55
      vertex 59.2383 8.27206 2
      vertex 59.3341 8.22449 2
    endloop
  endfacet
  facet normal -0.615757 -0.787936 0
    outer loop
      vertex 59.3341 8.22449 2
      vertex 59.4124 8.1633 2.55
      vertex 59.3341 8.22449 2.55
    endloop
  endfacet
  facet normal -0.615757 -0.787936 -0
    outer loop
      vertex 59.4124 8.1633 2.55
      vertex 59.3341 8.22449 2
      vertex 59.4124 8.1633 2
    endloop
  endfacet
  facet normal -0.774889 -0.632097 0
    outer loop
      vertex 59.4734 8.08852 2
      vertex 59.4124 8.1633 2.55
      vertex 59.4124 8.1633 2
    endloop
  endfacet
  facet normal -0.774889 -0.632097 0
    outer loop
      vertex 59.4124 8.1633 2.55
      vertex 59.4734 8.08852 2
      vertex 59.4734 8.08852 2.55
    endloop
  endfacet
  facet normal -0.897192 -0.441641 0
    outer loop
      vertex 59.5169 8.00015 2
      vertex 59.4734 8.08852 2.55
      vertex 59.4734 8.08852 2
    endloop
  endfacet
  facet normal -0.897192 -0.441641 0
    outer loop
      vertex 59.4734 8.08852 2.55
      vertex 59.5169 8.00015 2
      vertex 59.5169 8.00015 2.55
    endloop
  endfacet
  facet normal -0.968769 -0.247964 0
    outer loop
      vertex 59.543 7.89818 2
      vertex 59.5169 8.00015 2.55
      vertex 59.5169 8.00015 2
    endloop
  endfacet
  facet normal -0.968769 -0.247964 0
    outer loop
      vertex 59.5169 8.00015 2.55
      vertex 59.543 7.89818 2
      vertex 59.543 7.89818 2.55
    endloop
  endfacet
  facet normal -0.997179 -0.0750667 0
    outer loop
      vertex 59.5517 7.78261 2
      vertex 59.543 7.89818 2.55
      vertex 59.543 7.89818 2
    endloop
  endfacet
  facet normal -0.997179 -0.0750667 0
    outer loop
      vertex 59.543 7.89818 2.55
      vertex 59.5517 7.78261 2
      vertex 59.5517 7.78261 2.55
    endloop
  endfacet
  facet normal -0.999375 0.0353493 0
    outer loop
      vertex 59.5496 7.72324 2
      vertex 59.5517 7.78261 2.55
      vertex 59.5517 7.78261 2
    endloop
  endfacet
  facet normal -0.999375 0.0353493 0
    outer loop
      vertex 59.5517 7.78261 2.55
      vertex 59.5496 7.72324 2
      vertex 59.5496 7.72324 2.55
    endloop
  endfacet
  facet normal -0.993612 0.11285 0
    outer loop
      vertex 59.5432 7.66689 2
      vertex 59.5496 7.72324 2.55
      vertex 59.5496 7.72324 2
    endloop
  endfacet
  facet normal -0.993612 0.11285 0
    outer loop
      vertex 59.5496 7.72324 2.55
      vertex 59.5432 7.66689 2
      vertex 59.5432 7.66689 2.55
    endloop
  endfacet
  facet normal -0.980482 0.196611 0
    outer loop
      vertex 59.5325 7.61353 2
      vertex 59.5432 7.66689 2.55
      vertex 59.5432 7.66689 2
    endloop
  endfacet
  facet normal -0.980482 0.196611 0
    outer loop
      vertex 59.5432 7.66689 2.55
      vertex 59.5325 7.61353 2
      vertex 59.5325 7.61353 2.55
    endloop
  endfacet
  facet normal -0.958344 0.285618 0
    outer loop
      vertex 59.5175 7.5632 2
      vertex 59.5325 7.61353 2.55
      vertex 59.5325 7.61353 2
    endloop
  endfacet
  facet normal -0.958344 0.285618 0
    outer loop
      vertex 59.5325 7.61353 2.55
      vertex 59.5175 7.5632 2
      vertex 59.5175 7.5632 2.55
    endloop
  endfacet
  facet normal -0.925945 0.377657 0
    outer loop
      vertex 59.4982 7.51588 2
      vertex 59.5175 7.5632 2.55
      vertex 59.5175 7.5632 2
    endloop
  endfacet
  facet normal -0.925945 0.377657 0
    outer loop
      vertex 59.5175 7.5632 2.55
      vertex 59.4982 7.51588 2
      vertex 59.4982 7.51588 2.55
    endloop
  endfacet
  facet normal -0.882617 0.470092 0
    outer loop
      vertex 59.4746 7.47157 2
      vertex 59.4982 7.51588 2.55
      vertex 59.4982 7.51588 2
    endloop
  endfacet
  facet normal -0.882617 0.470092 0
    outer loop
      vertex 59.4982 7.51588 2.55
      vertex 59.4746 7.47157 2
      vertex 59.4746 7.47157 2.55
    endloop
  endfacet
  facet normal -0.828576 0.559876 0
    outer loop
      vertex 59.4467 7.43028 2
      vertex 59.4746 7.47157 2.55
      vertex 59.4746 7.47157 2
    endloop
  endfacet
  facet normal -0.828576 0.559876 0
    outer loop
      vertex 59.4746 7.47157 2.55
      vertex 59.4467 7.43028 2
      vertex 59.4467 7.43028 2.55
    endloop
  endfacet
  facet normal -0.766249 0.642544 0
    outer loop
      vertex 59.4146 7.392 2
      vertex 59.4467 7.43028 2.55
      vertex 59.4467 7.43028 2
    endloop
  endfacet
  facet normal -0.766249 0.642544 0
    outer loop
      vertex 59.4467 7.43028 2.55
      vertex 59.4146 7.392 2
      vertex 59.4146 7.392 2.55
    endloop
  endfacet
  facet normal -0.694784 0.719218 0
    outer loop
      vertex 59.4146 7.392 2
      vertex 59.3781 7.35674 2.55
      vertex 59.4146 7.392 2.55
    endloop
  endfacet
  facet normal -0.694784 0.719218 0
    outer loop
      vertex 59.3781 7.35674 2.55
      vertex 59.4146 7.392 2
      vertex 59.3781 7.35674 2
    endloop
  endfacet
  facet normal -0.618524 0.785766 0
    outer loop
      vertex 59.3781 7.35674 2
      vertex 59.3376 7.32486 2.55
      vertex 59.3781 7.35674 2.55
    endloop
  endfacet
  facet normal -0.618524 0.785766 0
    outer loop
      vertex 59.3376 7.32486 2.55
      vertex 59.3781 7.35674 2
      vertex 59.3376 7.32486 2
    endloop
  endfacet
  facet normal -0.533336 0.845903 0
    outer loop
      vertex 59.3376 7.32486 2
      vertex 59.293 7.29674 2.55
      vertex 59.3376 7.32486 2.55
    endloop
  endfacet
  facet normal -0.533336 0.845903 0
    outer loop
      vertex 59.293 7.29674 2.55
      vertex 59.3376 7.32486 2
      vertex 59.293 7.29674 2
    endloop
  endfacet
  facet normal -0.447801 0.894133 0
    outer loop
      vertex 59.293 7.29674 2
      vertex 59.2443 7.27235 2.55
      vertex 59.293 7.29674 2.55
    endloop
  endfacet
  facet normal -0.447801 0.894133 0
    outer loop
      vertex 59.2443 7.27235 2.55
      vertex 59.293 7.29674 2
      vertex 59.2443 7.27235 2
    endloop
  endfacet
  facet normal -0.365127 0.930958 0
    outer loop
      vertex 59.2443 7.27235 2
      vertex 59.1917 7.25172 2.55
      vertex 59.2443 7.27235 2.55
    endloop
  endfacet
  facet normal -0.365127 0.930958 0
    outer loop
      vertex 59.1917 7.25172 2.55
      vertex 59.2443 7.27235 2
      vertex 59.1917 7.25172 2
    endloop
  endfacet
  facet normal -0.285176 0.958475 0
    outer loop
      vertex 59.1917 7.25172 2
      vertex 59.135 7.23485 2.55
      vertex 59.1917 7.25172 2.55
    endloop
  endfacet
  facet normal -0.285176 0.958475 0
    outer loop
      vertex 59.135 7.23485 2.55
      vertex 59.1917 7.25172 2
      vertex 59.135 7.23485 2
    endloop
  endfacet
  facet normal -0.211599 0.977357 0
    outer loop
      vertex 59.135 7.23485 2
      vertex 59.0744 7.22173 2.55
      vertex 59.135 7.23485 2.55
    endloop
  endfacet
  facet normal -0.211599 0.977357 0
    outer loop
      vertex 59.0744 7.22173 2.55
      vertex 59.135 7.23485 2
      vertex 59.0744 7.22173 2
    endloop
  endfacet
  facet normal -0.143327 0.989675 0
    outer loop
      vertex 59.0744 7.22173 2
      vertex 59.0097 7.21236 2.55
      vertex 59.0744 7.22173 2.55
    endloop
  endfacet
  facet normal -0.143327 0.989675 0
    outer loop
      vertex 59.0097 7.21236 2.55
      vertex 59.0744 7.22173 2
      vertex 59.0097 7.21236 2
    endloop
  endfacet
  facet normal -0.0815588 0.996669 0
    outer loop
      vertex 59.0097 7.21236 2
      vertex 58.9409 7.20673 2.55
      vertex 59.0097 7.21236 2.55
    endloop
  endfacet
  facet normal -0.0815588 0.996669 0
    outer loop
      vertex 58.9409 7.20673 2.55
      vertex 59.0097 7.21236 2
      vertex 58.9409 7.20673 2
    endloop
  endfacet
  facet normal -0.0258511 0.999666 0
    outer loop
      vertex 58.9409 7.20673 2
      vertex 58.8682 7.20485 2.55
      vertex 58.9409 7.20673 2.55
    endloop
  endfacet
  facet normal -0.0258511 0.999666 0
    outer loop
      vertex 58.8682 7.20485 2.55
      vertex 58.9409 7.20673 2
      vertex 58.8682 7.20485 2
    endloop
  endfacet
  facet normal 0 1 -0
    outer loop
      vertex 58.8682 7.20485 2
      vertex 57.8212 7.20485 2.55
      vertex 58.8682 7.20485 2.55
    endloop
  endfacet
  facet normal 0 1 0
    outer loop
      vertex 57.8212 7.20485 2.55
      vertex 58.8682 7.20485 2
      vertex 57.8212 7.20485 2
    endloop
  endfacet
  facet normal 0 -1 0
    outer loop
      vertex 49.0818 6.58371 2
      vertex 50.0203 6.58371 2.55
      vertex 49.0818 6.58371 2.55
    endloop
  endfacet
  facet normal 0 -1 -0
    outer loop
      vertex 50.0203 6.58371 2.55
      vertex 49.0818 6.58371 2
      vertex 50.0203 6.58371 2
    endloop
  endfacet
  facet normal -0.853241 -0.521517 0
    outer loop
      vertex 50.9073 5.13251 2
      vertex 50.0203 6.58371 2.55
      vertex 50.0203 6.58371 2
    endloop
  endfacet
  facet normal -0.853241 -0.521517 0
    outer loop
      vertex 50.0203 6.58371 2.55
      vertex 50.9073 5.13251 2
      vertex 50.9073 5.13251 2.55
    endloop
  endfacet
  facet normal 0 -1 0
    outer loop
      vertex 50.9073 5.13251 2
      vertex 51.8079 5.13251 2.55
      vertex 50.9073 5.13251 2.55
    endloop
  endfacet
  facet normal 0 -1 -0
    outer loop
      vertex 51.8079 5.13251 2.55
      vertex 50.9073 5.13251 2
      vertex 51.8079 5.13251 2
    endloop
  endfacet
  facet normal 0.840893 0.541202 0
    outer loop
      vertex 51.8079 5.13251 2.55
      vertex 50.7744 6.73831 2
      vertex 50.7744 6.73831 2.55
    endloop
  endfacet
  facet normal 0.840893 0.541202 0
    outer loop
      vertex 50.7744 6.73831 2
      vertex 51.8079 5.13251 2.55
      vertex 51.8079 5.13251 2
    endloop
  endfacet
  facet normal 0.262972 -0.964803 0
    outer loop
      vertex 50.7744 6.73831 2
      vertex 50.8586 6.76126 2.55
      vertex 50.7744 6.73831 2.55
    endloop
  endfacet
  facet normal 0.262972 -0.964803 0
    outer loop
      vertex 50.8586 6.76126 2.55
      vertex 50.7744 6.73831 2
      vertex 50.8586 6.76126 2
    endloop
  endfacet
  facet normal 0.327991 -0.944681 0
    outer loop
      vertex 50.8586 6.76126 2
      vertex 50.9389 6.78914 2.55
      vertex 50.8586 6.76126 2.55
    endloop
  endfacet
  facet normal 0.327991 -0.944681 0
    outer loop
      vertex 50.9389 6.78914 2.55
      vertex 50.8586 6.76126 2
      vertex 50.9389 6.78914 2
    endloop
  endfacet
  facet normal 0.395038 -0.918665 0
    outer loop
      vertex 50.9389 6.78914 2
      vertex 51.0152 6.82195 2.55
      vertex 50.9389 6.78914 2.55
    endloop
  endfacet
  facet normal 0.395038 -0.918665 0
    outer loop
      vertex 51.0152 6.82195 2.55
      vertex 50.9389 6.78914 2
      vertex 51.0152 6.82195 2
    endloop
  endfacet
  facet normal 0.46195 -0.886906 0
    outer loop
      vertex 51.0152 6.82195 2
      vertex 51.0876 6.85966 2.55
      vertex 51.0152 6.82195 2.55
    endloop
  endfacet
  facet normal 0.46195 -0.886906 0
    outer loop
      vertex 51.0876 6.85966 2.55
      vertex 51.0152 6.82195 2
      vertex 51.0876 6.85966 2
    endloop
  endfacet
  facet normal 0.529107 -0.848555 0
    outer loop
      vertex 51.0876 6.85966 2
      vertex 51.156 6.90231 2.55
      vertex 51.0876 6.85966 2.55
    endloop
  endfacet
  facet normal 0.529107 -0.848555 0
    outer loop
      vertex 51.156 6.90231 2.55
      vertex 51.0876 6.85966 2
      vertex 51.156 6.90231 2
    endloop
  endfacet
  facet normal 0.593471 -0.804855 0
    outer loop
      vertex 51.156 6.90231 2
      vertex 51.2205 6.94987 2.55
      vertex 51.156 6.90231 2.55
    endloop
  endfacet
  facet normal 0.593471 -0.804855 0
    outer loop
      vertex 51.2205 6.94987 2.55
      vertex 51.156 6.90231 2
      vertex 51.2205 6.94987 2
    endloop
  endfacet
  facet normal 0.655263 -0.755401 0
    outer loop
      vertex 51.2205 6.94987 2
      vertex 51.281 7.00235 2.55
      vertex 51.2205 6.94987 2.55
    endloop
  endfacet
  facet normal 0.655263 -0.755401 0
    outer loop
      vertex 51.281 7.00235 2.55
      vertex 51.2205 6.94987 2
      vertex 51.281 7.00235 2
    endloop
  endfacet
  facet normal 0.712794 -0.701373 0
    outer loop
      vertex 51.281 7.00235 2.55
      vertex 51.3375 7.05977 2
      vertex 51.3375 7.05977 2.55
    endloop
  endfacet
  facet normal 0.712794 -0.701373 0
    outer loop
      vertex 51.3375 7.05977 2
      vertex 51.281 7.00235 2.55
      vertex 51.281 7.00235 2
    endloop
  endfacet
  facet normal 0.764186 -0.644996 0
    outer loop
      vertex 51.3375 7.05977 2.55
      vertex 51.3901 7.12209 2
      vertex 51.3901 7.12209 2.55
    endloop
  endfacet
  facet normal 0.764186 -0.644996 0
    outer loop
      vertex 51.3901 7.12209 2
      vertex 51.3375 7.05977 2.55
      vertex 51.3375 7.05977 2
    endloop
  endfacet
  facet normal 0.809994 -0.586438 0
    outer loop
      vertex 51.3901 7.12209 2.55
      vertex 51.438 7.18825 2
      vertex 51.438 7.18825 2.55
    endloop
  endfacet
  facet normal 0.809994 -0.586438 0
    outer loop
      vertex 51.438 7.18825 2
      vertex 51.3901 7.12209 2.55
      vertex 51.3901 7.12209 2
    endloop
  endfacet
  facet normal 0.852694 -0.522411 0
    outer loop
      vertex 51.438 7.18825 2.55
      vertex 51.4802 7.25713 2
      vertex 51.4802 7.25713 2.55
    endloop
  endfacet
  facet normal 0.852694 -0.522411 0
    outer loop
      vertex 51.4802 7.25713 2
      vertex 51.438 7.18825 2.55
      vertex 51.438 7.18825 2
    endloop
  endfacet
  facet normal 0.890839 -0.454319 0
    outer loop
      vertex 51.4802 7.25713 2.55
      vertex 51.5167 7.3287 2
      vertex 51.5167 7.3287 2.55
    endloop
  endfacet
  facet normal 0.890839 -0.454319 0
    outer loop
      vertex 51.5167 7.3287 2
      vertex 51.4802 7.25713 2.55
      vertex 51.4802 7.25713 2
    endloop
  endfacet
  facet normal 0.922893 -0.385056 0
    outer loop
      vertex 51.5167 7.3287 2.55
      vertex 51.5477 7.403 2
      vertex 51.5477 7.403 2.55
    endloop
  endfacet
  facet normal 0.922893 -0.385056 0
    outer loop
      vertex 51.5477 7.403 2
      vertex 51.5167 7.3287 2.55
      vertex 51.5167 7.3287 2
    endloop
  endfacet
  facet normal 0.950044 -0.312117 0
    outer loop
      vertex 51.5477 7.403 2.55
      vertex 51.573 7.48001 2
      vertex 51.573 7.48001 2.55
    endloop
  endfacet
  facet normal 0.950044 -0.312117 0
    outer loop
      vertex 51.573 7.48001 2
      vertex 51.5477 7.403 2.55
      vertex 51.5477 7.403 2
    endloop
  endfacet
  facet normal 0.970791 -0.239927 0
    outer loop
      vertex 51.573 7.48001 2.55
      vertex 51.5927 7.55972 2
      vertex 51.5927 7.55972 2.55
    endloop
  endfacet
  facet normal 0.970791 -0.239927 0
    outer loop
      vertex 51.5927 7.55972 2
      vertex 51.573 7.48001 2.55
      vertex 51.573 7.48001 2
    endloop
  endfacet
  facet normal 0.98569 -0.168566 0
    outer loop
      vertex 51.5927 7.55972 2.55
      vertex 51.6068 7.64217 2
      vertex 51.6068 7.64217 2.55
    endloop
  endfacet
  facet normal 0.98569 -0.168566 0
    outer loop
      vertex 51.6068 7.64217 2
      vertex 51.5927 7.55972 2.55
      vertex 51.5927 7.55972 2
    endloop
  endfacet
  facet normal 0.995168 -0.0981843 0
    outer loop
      vertex 51.6068 7.64217 2.55
      vertex 51.6152 7.72731 2
      vertex 51.6152 7.72731 2.55
    endloop
  endfacet
  facet normal 0.995168 -0.0981843 0
    outer loop
      vertex 51.6152 7.72731 2
      vertex 51.6068 7.64217 2.55
      vertex 51.6068 7.64217 2
    endloop
  endfacet
  facet normal 0.999493 -0.0318527 0
    outer loop
      vertex 51.6152 7.72731 2.55
      vertex 51.618 7.81517 2
      vertex 51.618 7.81517 2.55
    endloop
  endfacet
  facet normal 0.999493 -0.0318527 0
    outer loop
      vertex 51.618 7.81517 2
      vertex 51.6152 7.72731 2.55
      vertex 51.6152 7.72731 2
    endloop
  endfacet
  facet normal 0.999256 0.0385619 0
    outer loop
      vertex 51.618 7.81517 2.55
      vertex 51.6134 7.93437 2
      vertex 51.6134 7.93437 2.55
    endloop
  endfacet
  facet normal 0.999256 0.0385619 0
    outer loop
      vertex 51.6134 7.93437 2
      vertex 51.618 7.81517 2.55
      vertex 51.618 7.81517 2
    endloop
  endfacet
  facet normal 0.992714 0.120494 0
    outer loop
      vertex 51.6134 7.93437 2.55
      vertex 51.5997 8.04724 2
      vertex 51.5997 8.04724 2.55
    endloop
  endfacet
  facet normal 0.992714 0.120494 0
    outer loop
      vertex 51.5997 8.04724 2
      vertex 51.6134 7.93437 2.55
      vertex 51.6134 7.93437 2
    endloop
  endfacet
  facet normal 0.977482 0.21102 0
    outer loop
      vertex 51.5997 8.04724 2.55
      vertex 51.5767 8.15378 2
      vertex 51.5767 8.15378 2.55
    endloop
  endfacet
  facet normal 0.977482 0.21102 0
    outer loop
      vertex 51.5767 8.15378 2
      vertex 51.5997 8.04724 2.55
      vertex 51.5997 8.04724 2
    endloop
  endfacet
  facet normal 0.952342 0.305031 0
    outer loop
      vertex 51.5767 8.15378 2.55
      vertex 51.5446 8.254 2
      vertex 51.5446 8.254 2.55
    endloop
  endfacet
  facet normal 0.952342 0.305031 0
    outer loop
      vertex 51.5446 8.254 2
      vertex 51.5767 8.15378 2.55
      vertex 51.5767 8.15378 2
    endloop
  endfacet
  facet normal 0.915325 0.402716 0
    outer loop
      vertex 51.5446 8.254 2.55
      vertex 51.5033 8.34787 2
      vertex 51.5033 8.34787 2.55
    endloop
  endfacet
  facet normal 0.915325 0.402716 0
    outer loop
      vertex 51.5033 8.34787 2
      vertex 51.5446 8.254 2.55
      vertex 51.5446 8.254 2
    endloop
  endfacet
  facet normal 0.866227 0.499651 0
    outer loop
      vertex 51.5033 8.34787 2.55
      vertex 51.4528 8.43542 2
      vertex 51.4528 8.43542 2.55
    endloop
  endfacet
  facet normal 0.866227 0.499651 0
    outer loop
      vertex 51.4528 8.43542 2
      vertex 51.5033 8.34787 2.55
      vertex 51.5033 8.34787 2
    endloop
  endfacet
  facet normal 0.806257 0.591566 0
    outer loop
      vertex 51.4528 8.43542 2.55
      vertex 51.3932 8.51665 2
      vertex 51.3932 8.51665 2.55
    endloop
  endfacet
  facet normal 0.806257 0.591566 0
    outer loop
      vertex 51.3932 8.51665 2
      vertex 51.4528 8.43542 2.55
      vertex 51.4528 8.43542 2
    endloop
  endfacet
  facet normal 0.736415 0.67653 0
    outer loop
      vertex 51.3932 8.51665 2.55
      vertex 51.3244 8.59154 2
      vertex 51.3244 8.59154 2.55
    endloop
  endfacet
  facet normal 0.736415 0.67653 0
    outer loop
      vertex 51.3244 8.59154 2
      vertex 51.3932 8.51665 2.55
      vertex 51.3932 8.51665 2
    endloop
  endfacet
  facet normal 0.660194 0.751095 -0
    outer loop
      vertex 51.3244 8.59154 2
      vertex 51.2464 8.6601 2.55
      vertex 51.3244 8.59154 2.55
    endloop
  endfacet
  facet normal 0.660194 0.751095 0
    outer loop
      vertex 51.2464 8.6601 2.55
      vertex 51.3244 8.59154 2
      vertex 51.2464 8.6601 2
    endloop
  endfacet
  facet normal 0.581078 0.813848 -0
    outer loop
      vertex 51.2464 8.6601 2
      vertex 51.1599 8.72186 2.55
      vertex 51.2464 8.6601 2.55
    endloop
  endfacet
  facet normal 0.581078 0.813848 0
    outer loop
      vertex 51.1599 8.72186 2.55
      vertex 51.2464 8.6601 2
      vertex 51.1599 8.72186 2
    endloop
  endfacet
  facet normal 0.50125 0.865302 -0
    outer loop
      vertex 51.1599 8.72186 2
      vertex 51.0658 8.77637 2.55
      vertex 51.1599 8.72186 2.55
    endloop
  endfacet
  facet normal 0.50125 0.865302 0
    outer loop
      vertex 51.0658 8.77637 2.55
      vertex 51.1599 8.72186 2
      vertex 51.0658 8.77637 2
    endloop
  endfacet
  facet normal 0.420933 0.907092 -0
    outer loop
      vertex 51.0658 8.77637 2
      vertex 50.964 8.82361 2.55
      vertex 51.0658 8.77637 2.55
    endloop
  endfacet
  facet normal 0.420933 0.907092 0
    outer loop
      vertex 50.964 8.82361 2.55
      vertex 51.0658 8.77637 2
      vertex 50.964 8.82361 2
    endloop
  endfacet
  facet normal 0.342541 0.939503 -0
    outer loop
      vertex 50.964 8.82361 2
      vertex 50.8544 8.86357 2.55
      vertex 50.964 8.82361 2.55
    endloop
  endfacet
  facet normal 0.342541 0.939503 0
    outer loop
      vertex 50.8544 8.86357 2.55
      vertex 50.964 8.82361 2
      vertex 50.8544 8.86357 2
    endloop
  endfacet
  facet normal 0.268746 0.963211 -0
    outer loop
      vertex 50.8544 8.86357 2
      vertex 50.7372 8.89627 2.55
      vertex 50.8544 8.86357 2.55
    endloop
  endfacet
  facet normal 0.268746 0.963211 0
    outer loop
      vertex 50.7372 8.89627 2.55
      vertex 50.8544 8.86357 2
      vertex 50.7372 8.89627 2
    endloop
  endfacet
  facet normal 0.199585 0.979881 -0
    outer loop
      vertex 50.7372 8.89627 2
      vertex 50.6123 8.92171 2.55
      vertex 50.7372 8.89627 2.55
    endloop
  endfacet
  facet normal 0.199585 0.979881 0
    outer loop
      vertex 50.6123 8.92171 2.55
      vertex 50.7372 8.89627 2
      vertex 50.6123 8.92171 2
    endloop
  endfacet
  facet normal 0.13566 0.990756 -0
    outer loop
      vertex 50.6123 8.92171 2
      vertex 50.4796 8.93988 2.55
      vertex 50.6123 8.92171 2.55
    endloop
  endfacet
  facet normal 0.13566 0.990756 0
    outer loop
      vertex 50.4796 8.93988 2.55
      vertex 50.6123 8.92171 2
      vertex 50.4796 8.93988 2
    endloop
  endfacet
  facet normal 0.0774573 0.996996 -0
    outer loop
      vertex 50.4796 8.93988 2
      vertex 50.3393 8.95078 2.55
      vertex 50.4796 8.93988 2.55
    endloop
  endfacet
  facet normal 0.0774573 0.996996 0
    outer loop
      vertex 50.3393 8.95078 2.55
      vertex 50.4796 8.93988 2
      vertex 50.3393 8.95078 2
    endloop
  endfacet
  facet normal 0.0245031 0.9997 -0
    outer loop
      vertex 50.3393 8.95078 2
      vertex 50.1912 8.95441 2.55
      vertex 50.3393 8.95078 2.55
    endloop
  endfacet
  facet normal 0.0245031 0.9997 0
    outer loop
      vertex 50.1912 8.95441 2.55
      vertex 50.3393 8.95078 2
      vertex 50.1912 8.95441 2
    endloop
  endfacet
  facet normal 0 1 -0
    outer loop
      vertex 50.1912 8.95441 2
      vertex 48.2816 8.95441 2.55
      vertex 50.1912 8.95441 2.55
    endloop
  endfacet
  facet normal 0 1 0
    outer loop
      vertex 48.2816 8.95441 2.55
      vertex 50.1912 8.95441 2
      vertex 48.2816 8.95441 2
    endloop
  endfacet
  facet normal -1 0 0
    outer loop
      vertex 48.2816 5.13251 2
      vertex 48.2816 8.95441 2.55
      vertex 48.2816 8.95441 2
    endloop
  endfacet
  facet normal -1 -0 0
    outer loop
      vertex 48.2816 8.95441 2.55
      vertex 48.2816 5.13251 2
      vertex 48.2816 5.13251 2.55
    endloop
  endfacet
  facet normal 0 -1 0
    outer loop
      vertex 48.2816 5.13251 2
      vertex 49.0818 5.13251 2.55
      vertex 48.2816 5.13251 2.55
    endloop
  endfacet
  facet normal 0 -1 -0
    outer loop
      vertex 49.0818 5.13251 2.55
      vertex 48.2816 5.13251 2
      vertex 49.0818 5.13251 2
    endloop
  endfacet
  facet normal 1 -0 0
    outer loop
      vertex 49.0818 5.13251 2.55
      vertex 49.0818 6.58371 2
      vertex 49.0818 6.58371 2.55
    endloop
  endfacet
  facet normal 1 0 0
    outer loop
      vertex 49.0818 6.58371 2
      vertex 49.0818 5.13251 2.55
      vertex 49.0818 5.13251 2
    endloop
  endfacet
  facet normal 1 -0 0
    outer loop
      vertex 49.0818 7.20485 2.55
      vertex 49.0818 8.33325 2
      vertex 49.0818 8.33325 2.55
    endloop
  endfacet
  facet normal 1 0 0
    outer loop
      vertex 49.0818 8.33325 2
      vertex 49.0818 7.20485 2.55
      vertex 49.0818 7.20485 2
    endloop
  endfacet
  facet normal 0 -1 0
    outer loop
      vertex 49.0818 8.33325 2
      vertex 50.1071 8.33325 2.55
      vertex 49.0818 8.33325 2.55
    endloop
  endfacet
  facet normal 0 -1 -0
    outer loop
      vertex 50.1071 8.33325 2.55
      vertex 49.0818 8.33325 2
      vertex 50.1071 8.33325 2
    endloop
  endfacet
  facet normal -0.0458302 -0.998949 0
    outer loop
      vertex 50.1071 8.33325 2
      vertex 50.2551 8.32646 2.55
      vertex 50.1071 8.33325 2.55
    endloop
  endfacet
  facet normal -0.0458302 -0.998949 -0
    outer loop
      vertex 50.2551 8.32646 2.55
      vertex 50.1071 8.33325 2
      vertex 50.2551 8.32646 2
    endloop
  endfacet
  facet normal -0.154331 -0.988019 0
    outer loop
      vertex 50.2551 8.32646 2
      vertex 50.3857 8.30606 2.55
      vertex 50.2551 8.32646 2.55
    endloop
  endfacet
  facet normal -0.154331 -0.988019 -0
    outer loop
      vertex 50.3857 8.30606 2.55
      vertex 50.2551 8.32646 2
      vertex 50.3857 8.30606 2
    endloop
  endfacet
  facet normal -0.287658 -0.957733 0
    outer loop
      vertex 50.3857 8.30606 2
      vertex 50.4989 8.27206 2.55
      vertex 50.3857 8.30606 2.55
    endloop
  endfacet
  facet normal -0.287658 -0.957733 -0
    outer loop
      vertex 50.4989 8.27206 2.55
      vertex 50.3857 8.30606 2
      vertex 50.4989 8.27206 2
    endloop
  endfacet
  facet normal -0.444744 -0.895658 0
    outer loop
      vertex 50.4989 8.27206 2
      vertex 50.5947 8.22449 2.55
      vertex 50.4989 8.27206 2.55
    endloop
  endfacet
  facet normal -0.444744 -0.895658 -0
    outer loop
      vertex 50.5947 8.22449 2.55
      vertex 50.4989 8.27206 2
      vertex 50.5947 8.22449 2
    endloop
  endfacet
  facet normal -0.615269 -0.788317 0
    outer loop
      vertex 50.5947 8.22449 2
      vertex 50.6731 8.1633 2.55
      vertex 50.5947 8.22449 2.55
    endloop
  endfacet
  facet normal -0.615269 -0.788317 -0
    outer loop
      vertex 50.6731 8.1633 2.55
      vertex 50.5947 8.22449 2
      vertex 50.6731 8.1633 2
    endloop
  endfacet
  facet normal -0.775397 -0.631474 0
    outer loop
      vertex 50.734 8.08852 2
      vertex 50.6731 8.1633 2.55
      vertex 50.6731 8.1633 2
    endloop
  endfacet
  facet normal -0.775397 -0.631474 0
    outer loop
      vertex 50.6731 8.1633 2.55
      vertex 50.734 8.08852 2
      vertex 50.734 8.08852 2.55
    endloop
  endfacet
  facet normal -0.897192 -0.441641 0
    outer loop
      vertex 50.7775 8.00015 2
      vertex 50.734 8.08852 2.55
      vertex 50.734 8.08852 2
    endloop
  endfacet
  facet normal -0.897192 -0.441641 0
    outer loop
      vertex 50.734 8.08852 2.55
      vertex 50.7775 8.00015 2
      vertex 50.7775 8.00015 2.55
    endloop
  endfacet
  facet normal -0.968541 -0.248855 0
    outer loop
      vertex 50.8037 7.89818 2
      vertex 50.7775 8.00015 2.55
      vertex 50.7775 8.00015 2
    endloop
  endfacet
  facet normal -0.968541 -0.248855 0
    outer loop
      vertex 50.7775 8.00015 2.55
      vertex 50.8037 7.89818 2
      vertex 50.8037 7.89818 2.55
    endloop
  endfacet
  facet normal -0.997179 -0.0750667 0
    outer loop
      vertex 50.8124 7.78261 2
      vertex 50.8037 7.89818 2.55
      vertex 50.8037 7.89818 2
    endloop
  endfacet
  facet normal -0.997179 -0.0750667 0
    outer loop
      vertex 50.8037 7.89818 2.55
      vertex 50.8124 7.78261 2
      vertex 50.8124 7.78261 2.55
    endloop
  endfacet
  facet normal -0.999314 0.0370303 0
    outer loop
      vertex 50.8102 7.72324 2
      vertex 50.8124 7.78261 2.55
      vertex 50.8124 7.78261 2
    endloop
  endfacet
  facet normal -0.999314 0.0370303 0
    outer loop
      vertex 50.8124 7.78261 2.55
      vertex 50.8102 7.72324 2
      vertex 50.8102 7.72324 2.55
    endloop
  endfacet
  facet normal -0.993612 0.11285 0
    outer loop
      vertex 50.8038 7.66689 2
      vertex 50.8102 7.72324 2.55
      vertex 50.8102 7.72324 2
    endloop
  endfacet
  facet normal -0.993612 0.11285 0
    outer loop
      vertex 50.8102 7.72324 2.55
      vertex 50.8038 7.66689 2
      vertex 50.8038 7.66689 2.55
    endloop
  endfacet
  facet normal -0.980482 0.196611 0
    outer loop
      vertex 50.7931 7.61353 2
      vertex 50.8038 7.66689 2.55
      vertex 50.8038 7.66689 2
    endloop
  endfacet
  facet normal -0.980482 0.196611 0
    outer loop
      vertex 50.8038 7.66689 2.55
      vertex 50.7931 7.61353 2
      vertex 50.7931 7.61353 2.55
    endloop
  endfacet
  facet normal -0.958344 0.285618 0
    outer loop
      vertex 50.7781 7.5632 2
      vertex 50.7931 7.61353 2.55
      vertex 50.7931 7.61353 2
    endloop
  endfacet
  facet normal -0.958344 0.285618 0
    outer loop
      vertex 50.7931 7.61353 2.55
      vertex 50.7781 7.5632 2
      vertex 50.7781 7.5632 2.55
    endloop
  endfacet
  facet normal -0.925945 0.377657 0
    outer loop
      vertex 50.7588 7.51588 2
      vertex 50.7781 7.5632 2.55
      vertex 50.7781 7.5632 2
    endloop
  endfacet
  facet normal -0.925945 0.377657 0
    outer loop
      vertex 50.7781 7.5632 2.55
      vertex 50.7588 7.51588 2
      vertex 50.7588 7.51588 2.55
    endloop
  endfacet
  facet normal -0.882617 0.470092 0
    outer loop
      vertex 50.7352 7.47157 2
      vertex 50.7588 7.51588 2.55
      vertex 50.7588 7.51588 2
    endloop
  endfacet
  facet normal -0.882617 0.470092 0
    outer loop
      vertex 50.7588 7.51588 2.55
      vertex 50.7352 7.47157 2
      vertex 50.7352 7.47157 2.55
    endloop
  endfacet
  facet normal -0.829507 0.558496 0
    outer loop
      vertex 50.7074 7.43028 2
      vertex 50.7352 7.47157 2.55
      vertex 50.7352 7.47157 2
    endloop
  endfacet
  facet normal -0.829507 0.558496 0
    outer loop
      vertex 50.7352 7.47157 2.55
      vertex 50.7074 7.43028 2
      vertex 50.7074 7.43028 2.55
    endloop
  endfacet
  facet normal -0.765264 0.643717 0
    outer loop
      vertex 50.6752 7.392 2
      vertex 50.7074 7.43028 2.55
      vertex 50.7074 7.43028 2
    endloop
  endfacet
  facet normal -0.765264 0.643717 0
    outer loop
      vertex 50.7074 7.43028 2.55
      vertex 50.6752 7.392 2
      vertex 50.6752 7.392 2.55
    endloop
  endfacet
  facet normal -0.69577 0.718265 0
    outer loop
      vertex 50.6752 7.392 2
      vertex 50.6388 7.35674 2.55
      vertex 50.6752 7.392 2.55
    endloop
  endfacet
  facet normal -0.69577 0.718265 0
    outer loop
      vertex 50.6388 7.35674 2.55
      vertex 50.6752 7.392 2
      vertex 50.6388 7.35674 2
    endloop
  endfacet
  facet normal -0.617582 0.786507 0
    outer loop
      vertex 50.6388 7.35674 2
      vertex 50.5982 7.32486 2.55
      vertex 50.6388 7.35674 2.55
    endloop
  endfacet
  facet normal -0.617582 0.786507 0
    outer loop
      vertex 50.5982 7.32486 2.55
      vertex 50.6388 7.35674 2
      vertex 50.5982 7.32486 2
    endloop
  endfacet
  facet normal -0.533336 0.845903 0
    outer loop
      vertex 50.5982 7.32486 2
      vertex 50.5536 7.29674 2.55
      vertex 50.5982 7.32486 2.55
    endloop
  endfacet
  facet normal -0.533336 0.845903 0
    outer loop
      vertex 50.5536 7.29674 2.55
      vertex 50.5982 7.32486 2
      vertex 50.5536 7.29674 2
    endloop
  endfacet
  facet normal -0.448537 0.893764 0
    outer loop
      vertex 50.5536 7.29674 2
      vertex 50.505 7.27235 2.55
      vertex 50.5536 7.29674 2.55
    endloop
  endfacet
  facet normal -0.448537 0.893764 0
    outer loop
      vertex 50.505 7.27235 2.55
      vertex 50.5536 7.29674 2
      vertex 50.505 7.27235 2
    endloop
  endfacet
  facet normal -0.364526 0.931193 0
    outer loop
      vertex 50.505 7.27235 2
      vertex 50.4523 7.25172 2.55
      vertex 50.505 7.27235 2.55
    endloop
  endfacet
  facet normal -0.364526 0.931193 0
    outer loop
      vertex 50.4523 7.25172 2.55
      vertex 50.505 7.27235 2
      vertex 50.4523 7.25172 2
    endloop
  endfacet
  facet normal -0.285639 0.958337 0
    outer loop
      vertex 50.4523 7.25172 2
      vertex 50.3957 7.23485 2.55
      vertex 50.4523 7.25172 2.55
    endloop
  endfacet
  facet normal -0.285639 0.958337 0
    outer loop
      vertex 50.3957 7.23485 2.55
      vertex 50.4523 7.25172 2
      vertex 50.3957 7.23485 2
    endloop
  endfacet
  facet normal -0.211266 0.977429 0
    outer loop
      vertex 50.3957 7.23485 2
      vertex 50.335 7.22173 2.55
      vertex 50.3957 7.23485 2.55
    endloop
  endfacet
  facet normal -0.211266 0.977429 0
    outer loop
      vertex 50.335 7.22173 2.55
      vertex 50.3957 7.23485 2
      vertex 50.335 7.22173 2
    endloop
  endfacet
  facet normal -0.143327 0.989675 0
    outer loop
      vertex 50.335 7.22173 2
      vertex 50.2703 7.21236 2.55
      vertex 50.335 7.22173 2.55
    endloop
  endfacet
  facet normal -0.143327 0.989675 0
    outer loop
      vertex 50.2703 7.21236 2.55
      vertex 50.335 7.22173 2
      vertex 50.2703 7.21236 2
    endloop
  endfacet
  facet normal -0.0816767 0.996659 0
    outer loop
      vertex 50.2703 7.21236 2
      vertex 50.2016 7.20673 2.55
      vertex 50.2703 7.21236 2.55
    endloop
  endfacet
  facet normal -0.0816767 0.996659 0
    outer loop
      vertex 50.2016 7.20673 2.55
      vertex 50.2703 7.21236 2
      vertex 50.2016 7.20673 2
    endloop
  endfacet
  facet normal -0.0258156 0.999667 0
    outer loop
      vertex 50.2016 7.20673 2
      vertex 50.1288 7.20485 2.55
      vertex 50.2016 7.20673 2.55
    endloop
  endfacet
  facet normal -0.0258156 0.999667 0
    outer loop
      vertex 50.1288 7.20485 2.55
      vertex 50.2016 7.20673 2
      vertex 50.1288 7.20485 2
    endloop
  endfacet
  facet normal 0 1 -0
    outer loop
      vertex 50.1288 7.20485 2
      vertex 49.0818 7.20485 2.55
      vertex 50.1288 7.20485 2.55
    endloop
  endfacet
  facet normal 0 1 0
    outer loop
      vertex 49.0818 7.20485 2.55
      vertex 50.1288 7.20485 2
      vertex 49.0818 7.20485 2
    endloop
  endfacet
  facet normal 0 -1 0
    outer loop
      vertex 55.4321 8.33597 2
      vertex 56.669 8.33597 2.55
      vertex 55.4321 8.33597 2.55
    endloop
  endfacet
  facet normal 0 -1 -0
    outer loop
      vertex 56.669 8.33597 2.55
      vertex 55.4321 8.33597 2
      vertex 56.669 8.33597 2
    endloop
  endfacet
  facet normal 1 -0 0
    outer loop
      vertex 56.669 8.33597 2.55
      vertex 56.669 8.95441 2
      vertex 56.669 8.95441 2.55
    endloop
  endfacet
  facet normal 1 0 0
    outer loop
      vertex 56.669 8.95441 2
      vertex 56.669 8.33597 2.55
      vertex 56.669 8.33597 2
    endloop
  endfacet
  facet normal 0 1 -0
    outer loop
      vertex 56.669 8.95441 2
      vertex 53.3978 8.95441 2.55
      vertex 56.669 8.95441 2.55
    endloop
  endfacet
  facet normal 0 1 0
    outer loop
      vertex 53.3978 8.95441 2.55
      vertex 56.669 8.95441 2
      vertex 53.3978 8.95441 2
    endloop
  endfacet
  facet normal -1 0 0
    outer loop
      vertex 53.3978 8.33597 2
      vertex 53.3978 8.95441 2.55
      vertex 53.3978 8.95441 2
    endloop
  endfacet
  facet normal -1 -0 0
    outer loop
      vertex 53.3978 8.95441 2.55
      vertex 53.3978 8.33597 2
      vertex 53.3978 8.33597 2.55
    endloop
  endfacet
  facet normal 0 -1 0
    outer loop
      vertex 53.3978 8.33597 2
      vertex 54.6319 8.33597 2.55
      vertex 53.3978 8.33597 2.55
    endloop
  endfacet
  facet normal 0 -1 -0
    outer loop
      vertex 54.6319 8.33597 2.55
      vertex 53.3978 8.33597 2
      vertex 54.6319 8.33597 2
    endloop
  endfacet
  facet normal -1 0 0
    outer loop
      vertex 54.6319 5.13251 2
      vertex 54.6319 8.33597 2.55
      vertex 54.6319 8.33597 2
    endloop
  endfacet
  facet normal -1 -0 0
    outer loop
      vertex 54.6319 8.33597 2.55
      vertex 54.6319 5.13251 2
      vertex 54.6319 5.13251 2.55
    endloop
  endfacet
  facet normal 0 -1 0
    outer loop
      vertex 54.6319 5.13251 2
      vertex 55.4321 5.13251 2.55
      vertex 54.6319 5.13251 2.55
    endloop
  endfacet
  facet normal 0 -1 -0
    outer loop
      vertex 55.4321 5.13251 2.55
      vertex 54.6319 5.13251 2
      vertex 55.4321 5.13251 2
    endloop
  endfacet
  facet normal 1 -0 0
    outer loop
      vertex 55.4321 5.13251 2.55
      vertex 55.4321 8.33597 2
      vertex 55.4321 8.33597 2.55
    endloop
  endfacet
  facet normal 1 0 0
    outer loop
      vertex 55.4321 8.33597 2
      vertex 55.4321 5.13251 2.55
      vertex 55.4321 5.13251 2
    endloop
  endfacet
endsolid OpenSCAD_Model
