solid OpenSCAD_Model
  facet normal 0.998796 0.0490465 0
    outer loop
      vertex 42 25 22
      vertex 41.9278 26.4703 4
      vertex 41.9278 26.4703 22
    endloop
  endfacet
  facet normal 0.998796 0.0490465 0
    outer loop
      vertex 41.9278 26.4703 4
      vertex 42 25 22
      vertex 42 25 4
    endloop
  endfacet
  facet normal -0.998796 0.0490465 0
    outer loop
      vertex 12 25 4
      vertex 12.0722 26.4703 22
      vertex 12.0722 26.4703 4
    endloop
  endfacet
  facet normal -0.998796 0.0490465 0
    outer loop
      vertex 12.0722 26.4703 22
      vertex 12 25 4
      vertex 12 25 22
    endloop
  endfacet
  facet normal 0.0490465 0.998796 -0
    outer loop
      vertex 28.4703 39.9278 4
      vertex 27 40 22
      vertex 28.4703 39.9278 22
    endloop
  endfacet
  facet normal 0.0490465 0.998796 0
    outer loop
      vertex 27 40 22
      vertex 28.4703 39.9278 4
      vertex 27 40 4
    endloop
  endfacet
  facet normal -0.0490465 -0.998796 0
    outer loop
      vertex 25.5297 10.0722 4
      vertex 27 10 22
      vertex 25.5297 10.0722 22
    endloop
  endfacet
  facet normal -0.0490465 -0.998796 -0
    outer loop
      vertex 27 10 22
      vertex 25.5297 10.0722 4
      vertex 27 10 4
    endloop
  endfacet
  facet normal 0.740935 0.671577 0
    outer loop
      vertex 38.5952 34.5159 22
      vertex 37.6066 35.6066 4
      vertex 37.6066 35.6066 22
    endloop
  endfacet
  facet normal 0.740935 0.671577 0
    outer loop
      vertex 37.6066 35.6066 4
      vertex 38.5952 34.5159 22
      vertex 38.5952 34.5159 4
    endloop
  endfacet
  facet normal -0.671577 0.740935 0
    outer loop
      vertex 17.4841 36.5952 4
      vertex 16.3934 35.6066 22
      vertex 17.4841 36.5952 22
    endloop
  endfacet
  facet normal -0.671577 0.740935 0
    outer loop
      vertex 16.3934 35.6066 22
      vertex 17.4841 36.5952 4
      vertex 16.3934 35.6066 4
    endloop
  endfacet
  facet normal -0.3369 0.94154 0
    outer loop
      vertex 22.6457 39.3541 4
      vertex 21.2598 38.8582 22
      vertex 22.6457 39.3541 22
    endloop
  endfacet
  facet normal -0.3369 0.94154 0
    outer loop
      vertex 21.2598 38.8582 22
      vertex 22.6457 39.3541 4
      vertex 21.2598 38.8582 4
    endloop
  endfacet
  facet normal 0.903983 0.427569 0
    outer loop
      vertex 40.8582 30.7402 22
      vertex 40.2288 32.0709 4
      vertex 40.2288 32.0709 22
    endloop
  endfacet
  facet normal 0.903983 0.427569 0
    outer loop
      vertex 40.2288 32.0709 4
      vertex 40.8582 30.7402 22
      vertex 40.8582 30.7402 4
    endloop
  endfacet
  facet normal 0.857739 0.514086 0
    outer loop
      vertex 40.2288 32.0709 22
      vertex 39.472 33.3336 4
      vertex 39.472 33.3336 22
    endloop
  endfacet
  facet normal 0.857739 0.514086 0
    outer loop
      vertex 39.472 33.3336 4
      vertex 40.2288 32.0709 22
      vertex 40.2288 32.0709 4
    endloop
  endfacet
  facet normal 0.427569 0.903983 -0
    outer loop
      vertex 34.0709 38.2288 4
      vertex 32.7402 38.8582 22
      vertex 34.0709 38.2288 22
    endloop
  endfacet
  facet normal 0.427569 0.903983 0
    outer loop
      vertex 32.7402 38.8582 22
      vertex 34.0709 38.2288 4
      vertex 32.7402 38.8582 4
    endloop
  endfacet
  facet normal 0.595676 0.803225 -0
    outer loop
      vertex 36.5159 36.5952 4
      vertex 35.3336 37.472 22
      vertex 36.5159 36.5952 22
    endloop
  endfacet
  facet normal 0.595676 0.803225 0
    outer loop
      vertex 35.3336 37.472 22
      vertex 36.5159 36.5952 4
      vertex 35.3336 37.472 4
    endloop
  endfacet
  facet normal -0.903983 0.427569 0
    outer loop
      vertex 13.1418 30.7402 4
      vertex 13.7712 32.0709 22
      vertex 13.7712 32.0709 4
    endloop
  endfacet
  facet normal -0.903983 0.427569 0
    outer loop
      vertex 13.7712 32.0709 22
      vertex 13.1418 30.7402 4
      vertex 13.1418 30.7402 22
    endloop
  endfacet
  facet normal -0.146736 0.989176 0
    outer loop
      vertex 25.5297 39.9278 4
      vertex 24.0736 39.7118 22
      vertex 25.5297 39.9278 22
    endloop
  endfacet
  facet normal -0.146736 0.989176 0
    outer loop
      vertex 24.0736 39.7118 22
      vertex 25.5297 39.9278 4
      vertex 24.0736 39.7118 4
    endloop
  endfacet
  facet normal 0 0 1
    outer loop
      vertex 71 25 4
      vertex 71.9952 25 4
      vertex 71.9664 25.5862 4
    endloop
  endfacet
  facet normal 0 0 1
    outer loop
      vertex 70.9759 25.4901 4
      vertex 71.9664 25.5862 4
      vertex 71.9663 25.5876 4
    endloop
  endfacet
  facet normal 0 0 1
    outer loop
      vertex 71.9952 25 4
      vertex 71 25 4
      vertex 71.9664 24.4138 4
    endloop
  endfacet
  facet normal 0 0 1
    outer loop
      vertex 70.9759 25.4901 4
      vertex 71.9663 25.5876 4
      vertex 71.8802 26.1682 4
    endloop
  endfacet
  facet normal -0 0 1
    outer loop
      vertex 70.9759 24.5099 4
      vertex 71.9664 24.4138 4
      vertex 71 25 4
    endloop
  endfacet
  facet normal 0 0 1
    outer loop
      vertex 71.8797 26.171 4
      vertex 71.8802 26.1682 4
      vertex 71.88 26.1696 4
    endloop
  endfacet
  facet normal 0 0 1
    outer loop
      vertex 71.9664 24.4138 4
      vertex 70.9759 24.5099 4
      vertex 71.9663 24.4124 4
    endloop
  endfacet
  facet normal 0 0 1
    outer loop
      vertex 71.8802 26.1682 4
      vertex 71.8797 26.171 4
      vertex 70.9039 25.9755 4
    endloop
  endfacet
  facet normal 0 0 1
    outer loop
      vertex 71.9663 24.4124 4
      vertex 70.9759 24.5099 4
      vertex 71.8802 23.8318 4
    endloop
  endfacet
  facet normal 0 0 1
    outer loop
      vertex 70.9039 25.9755 4
      vertex 71.8797 26.171 4
      vertex 71.737 26.7403 4
    endloop
  endfacet
  facet normal -0 0 1
    outer loop
      vertex 70.9039 24.0245 4
      vertex 71.8802 23.8318 4
      vertex 70.9759 24.5099 4
    endloop
  endfacet
  facet normal 0 0 1
    outer loop
      vertex 70.7847 26.4514 4
      vertex 71.737 26.7403 4
      vertex 71.5393 27.2929 4
    endloop
  endfacet
  facet normal 0 -0 1
    outer loop
      vertex 71.8797 23.829 4
      vertex 71.8802 23.8318 4
      vertex 70.9039 24.0245 4
    endloop
  endfacet
  facet normal 0 0 1
    outer loop
      vertex 71.5382 27.2955 4
      vertex 71.5393 27.2929 4
      vertex 71.5388 27.2943 4
    endloop
  endfacet
  facet normal 0 0 1
    outer loop
      vertex 71.8802 23.8318 4
      vertex 71.8797 23.829 4
      vertex 71.88 23.8304 4
    endloop
  endfacet
  facet normal 0 0 1
    outer loop
      vertex 71.5393 27.2929 4
      vertex 71.5382 27.2955 4
      vertex 70.6194 26.9134 4
    endloop
  endfacet
  facet normal 0 0 1
    outer loop
      vertex 71.8797 23.829 4
      vertex 70.9039 24.0245 4
      vertex 71.737 23.2597 4
    endloop
  endfacet
  facet normal 0 0 1
    outer loop
      vertex 70.6194 26.9134 4
      vertex 71.5382 27.2955 4
      vertex 71.2873 27.8261 4
    endloop
  endfacet
  facet normal -0 0 1
    outer loop
      vertex 70.7847 23.5486 4
      vertex 71.737 23.2597 4
      vertex 70.9039 24.0245 4
    endloop
  endfacet
  facet normal 0 0 1
    outer loop
      vertex 71.737 23.2597 4
      vertex 70.7847 23.5486 4
      vertex 71.5393 22.7071 4
    endloop
  endfacet
  facet normal 0 0 1
    outer loop
      vertex 70.4096 27.357 4
      vertex 71.2873 27.8261 4
      vertex 70.9855 28.3295 4
    endloop
  endfacet
  facet normal 0 0 1
    outer loop
      vertex 70.1573 27.7779 4
      vertex 70.9855 28.3295 4
      vertex 70.9848 28.3307 4
    endloop
  endfacet
  facet normal 0 0 1
    outer loop
      vertex 71.9664 25.5862 4
      vertex 70.9759 25.4901 4
      vertex 71 25 4
    endloop
  endfacet
  facet normal 0 0 1
    outer loop
      vertex 71.8802 26.1682 4
      vertex 70.9039 25.9755 4
      vertex 70.9759 25.4901 4
    endloop
  endfacet
  facet normal 0 0 1
    outer loop
      vertex 71.737 26.7403 4
      vertex 70.7847 26.4514 4
      vertex 70.9039 25.9755 4
    endloop
  endfacet
  facet normal 0 0 1
    outer loop
      vertex 70.1573 27.7779 4
      vertex 70.9848 28.3307 4
      vertex 70.6352 28.8022 4
    endloop
  endfacet
  facet normal 0 0 0
    outer loop
      vertex 70.6334 28.8044 4
      vertex 70.6352 28.8022 4
      vertex 70.6343 28.8033 4
    endloop
  endfacet
  facet normal 0 0 1
    outer loop
      vertex 70.6352 28.8022 4
      vertex 70.6334 28.8044 4
      vertex 69.8651 28.172 4
    endloop
  endfacet
  facet normal 0 0 1
    outer loop
      vertex 71.5393 27.2929 4
      vertex 70.6194 26.9134 4
      vertex 70.7847 26.4514 4
    endloop
  endfacet
  facet normal 0 0 1
    outer loop
      vertex 71.2873 27.8261 4
      vertex 70.4096 27.357 4
      vertex 70.6194 26.9134 4
    endloop
  endfacet
  facet normal 0 0 1
    outer loop
      vertex 69.8651 28.172 4
      vertex 70.6334 28.8044 4
      vertex 70.2392 29.2392 4
    endloop
  endfacet
  facet normal 0 0 1
    outer loop
      vertex 70.9855 28.3295 4
      vertex 70.1573 27.7779 4
      vertex 70.4096 27.357 4
    endloop
  endfacet
  facet normal 0 0 1
    outer loop
      vertex 70.6352 28.8022 4
      vertex 69.8651 28.172 4
      vertex 70.1573 27.7779 4
    endloop
  endfacet
  facet normal 0 0 1
    outer loop
      vertex 69.5355 28.5355 4
      vertex 70.2392 29.2392 4
      vertex 69.8044 29.6334 4
    endloop
  endfacet
  facet normal 0 0 -1
    outer loop
      vertex 69.8022 29.6352 4
      vertex 69.8044 29.6334 4
      vertex 69.8033 29.6343 4
    endloop
  endfacet
  facet normal 0 0 1
    outer loop
      vertex 69.8044 29.6334 4
      vertex 69.8022 29.6352 4
      vertex 69.172 28.8651 4
    endloop
  endfacet
  facet normal 0 0 1
    outer loop
      vertex 70.2392 29.2392 4
      vertex 69.5355 28.5355 4
      vertex 69.8651 28.172 4
    endloop
  endfacet
  facet normal 0 0 1
    outer loop
      vertex 69.172 28.8651 4
      vertex 69.8022 29.6352 4
      vertex 69.3307 29.9848 4
    endloop
  endfacet
  facet normal 0 0 1
    outer loop
      vertex 68.7778 29.1573 4
      vertex 69.3307 29.9848 4
      vertex 69.3295 29.9855 4
    endloop
  endfacet
  facet normal 0 0 1
    outer loop
      vertex 69.8044 29.6334 4
      vertex 69.172 28.8651 4
      vertex 69.5355 28.5355 4
    endloop
  endfacet
  facet normal 0 0 1
    outer loop
      vertex 68.7778 29.1573 4
      vertex 69.3295 29.9855 4
      vertex 68.8261 30.2873 4
    endloop
  endfacet
  facet normal 0 0 1
    outer loop
      vertex 69.3307 29.9848 4
      vertex 68.7778 29.1573 4
      vertex 69.172 28.8651 4
    endloop
  endfacet
  facet normal 0 0 1
    outer loop
      vertex 68.8261 30.2873 4
      vertex 68.357 29.4096 4
      vertex 68.7778 29.1573 4
    endloop
  endfacet
  facet normal 0 0 1
    outer loop
      vertex 68.2955 30.5382 4
      vertex 68.357 29.4096 4
      vertex 68.8261 30.2873 4
    endloop
  endfacet
  facet normal 0 0 1
    outer loop
      vertex 68.2929 30.5393 4
      vertex 68.2955 30.5382 4
      vertex 68.2943 30.5388 4
    endloop
  endfacet
  facet normal 0 0 1
    outer loop
      vertex 68.2955 30.5382 4
      vertex 68.2929 30.5393 4
      vertex 67.9134 29.6194 4
    endloop
  endfacet
  facet normal 0 0 1
    outer loop
      vertex 68.2955 30.5382 4
      vertex 67.9134 29.6194 4
      vertex 68.357 29.4096 4
    endloop
  endfacet
  facet normal 0 0 1
    outer loop
      vertex 67.7403 30.737 4
      vertex 67.9134 29.6194 4
      vertex 68.2929 30.5393 4
    endloop
  endfacet
  facet normal 0 0 1
    outer loop
      vertex 67.7403 30.737 4
      vertex 67.4514 29.7847 4
      vertex 67.9134 29.6194 4
    endloop
  endfacet
  facet normal 0 0 1
    outer loop
      vertex 67.171 30.8797 4
      vertex 67.4514 29.7847 4
      vertex 67.7403 30.737 4
    endloop
  endfacet
  facet normal 0 0 1
    outer loop
      vertex 67.1682 30.8802 4
      vertex 67.171 30.8797 4
      vertex 67.1696 30.88 4
    endloop
  endfacet
  facet normal 0 0 1
    outer loop
      vertex 67.171 30.8797 4
      vertex 67.1682 30.8802 4
      vertex 66.9754 29.9039 4
    endloop
  endfacet
  facet normal 0 0 1
    outer loop
      vertex 67.171 30.8797 4
      vertex 66.9754 29.9039 4
      vertex 67.4514 29.7847 4
    endloop
  endfacet
  facet normal 0 0 1
    outer loop
      vertex 66.5876 30.9663 4
      vertex 66.9754 29.9039 4
      vertex 67.1682 30.8802 4
    endloop
  endfacet
  facet normal 0 0 1
    outer loop
      vertex 66.4901 29.9759 4
      vertex 66.5876 30.9663 4
      vertex 66.5862 30.9664 4
    endloop
  endfacet
  facet normal 0 0 1
    outer loop
      vertex 66.5876 30.9663 4
      vertex 66.4901 29.9759 4
      vertex 66.9754 29.9039 4
    endloop
  endfacet
  facet normal 0 0 1
    outer loop
      vertex 66 30.9952 4
      vertex 66.4901 29.9759 4
      vertex 66.5862 30.9664 4
    endloop
  endfacet
  facet normal 0 0 1
    outer loop
      vertex 66 30.9952 4
      vertex 66 30 4
      vertex 66.4901 29.9759 4
    endloop
  endfacet
  facet normal 0 0 1
    outer loop
      vertex 66 30.9952 4
      vertex 65.5099 29.9759 4
      vertex 66 30 4
    endloop
  endfacet
  facet normal -0 0 1
    outer loop
      vertex 65.4138 30.9664 4
      vertex 65.5099 29.9759 4
      vertex 66 30.9952 4
    endloop
  endfacet
  facet normal -0 0 1
    outer loop
      vertex 65.4124 30.9663 4
      vertex 65.5099 29.9759 4
      vertex 65.4138 30.9664 4
    endloop
  endfacet
  facet normal 0 0 1
    outer loop
      vertex 65.4124 30.9663 4
      vertex 65.0246 29.9039 4
      vertex 65.5099 29.9759 4
    endloop
  endfacet
  facet normal -0 0 1
    outer loop
      vertex 64.8318 30.8802 4
      vertex 65.0246 29.9039 4
      vertex 65.4124 30.9663 4
    endloop
  endfacet
  facet normal 0 0 1
    outer loop
      vertex 64.829 30.8797 4
      vertex 64.8318 30.8802 4
      vertex 64.8304 30.88 4
    endloop
  endfacet
  facet normal 0 0 1
    outer loop
      vertex 64.8318 30.8802 4
      vertex 64.829 30.8797 4
      vertex 65.0246 29.9039 4
    endloop
  endfacet
  facet normal 0 0 1
    outer loop
      vertex 64.829 30.8797 4
      vertex 64.5486 29.7847 4
      vertex 65.0246 29.9039 4
    endloop
  endfacet
  facet normal -0 0 1
    outer loop
      vertex 64.2597 30.737 4
      vertex 64.5486 29.7847 4
      vertex 64.829 30.8797 4
    endloop
  endfacet
  facet normal 0 0 1
    outer loop
      vertex 64.2597 30.737 4
      vertex 64.0866 29.6194 4
      vertex 64.5486 29.7847 4
    endloop
  endfacet
  facet normal -0 0 1
    outer loop
      vertex 63.7071 30.5393 4
      vertex 64.0866 29.6194 4
      vertex 64.2597 30.737 4
    endloop
  endfacet
  facet normal 0 0 1
    outer loop
      vertex 63.7045 30.5382 4
      vertex 63.7071 30.5393 4
      vertex 63.7057 30.5388 4
    endloop
  endfacet
  facet normal 0 0 1
    outer loop
      vertex 63.7071 30.5393 4
      vertex 63.7045 30.5382 4
      vertex 64.0866 29.6194 4
    endloop
  endfacet
  facet normal 0 0 1
    outer loop
      vertex 63.7045 30.5382 4
      vertex 63.643 29.4096 4
      vertex 64.0866 29.6194 4
    endloop
  endfacet
  facet normal -0 0 1
    outer loop
      vertex 63.1739 30.2873 4
      vertex 63.643 29.4096 4
      vertex 63.7045 30.5382 4
    endloop
  endfacet
  facet normal 0 0 1
    outer loop
      vertex 63.643 29.4096 4
      vertex 63.1739 30.2873 4
      vertex 63.2221 29.1573 4
    endloop
  endfacet
  facet normal -0 0 1
    outer loop
      vertex 62.6705 29.9855 4
      vertex 63.2221 29.1573 4
      vertex 63.1739 30.2873 4
    endloop
  endfacet
  facet normal -0 0 1
    outer loop
      vertex 62.6693 29.9848 4
      vertex 63.2221 29.1573 4
      vertex 62.6705 29.9855 4
    endloop
  endfacet
  facet normal 0 0 1
    outer loop
      vertex 63.2221 29.1573 4
      vertex 62.6693 29.9848 4
      vertex 62.828 28.8651 4
    endloop
  endfacet
  facet normal -0 0 1
    outer loop
      vertex 62.1978 29.6352 4
      vertex 62.828 28.8651 4
      vertex 62.6693 29.9848 4
    endloop
  endfacet
  facet normal -0 0 1
    outer loop
      vertex 62.1956 29.6334 4
      vertex 62.828 28.8651 4
      vertex 62.1978 29.6352 4
    endloop
  endfacet
  facet normal 0 0 -1
    outer loop
      vertex 62.1956 29.6334 4
      vertex 62.1978 29.6352 4
      vertex 62.1967 29.6343 4
    endloop
  endfacet
  facet normal 0 0 1
    outer loop
      vertex 62.828 28.8651 4
      vertex 62.1956 29.6334 4
      vertex 62.4645 28.5355 4
    endloop
  endfacet
  facet normal -0 0 1
    outer loop
      vertex 61.7608 29.2392 4
      vertex 62.4645 28.5355 4
      vertex 62.1956 29.6334 4
    endloop
  endfacet
  facet normal 0 0 1
    outer loop
      vertex 62.4645 28.5355 4
      vertex 61.7608 29.2392 4
      vertex 62.1349 28.172 4
    endloop
  endfacet
  facet normal -0 0 1
    outer loop
      vertex 61.3666 28.8044 4
      vertex 62.1349 28.172 4
      vertex 61.7608 29.2392 4
    endloop
  endfacet
  facet normal -0 0 1
    outer loop
      vertex 61.3648 28.8022 4
      vertex 62.1349 28.172 4
      vertex 61.3666 28.8044 4
    endloop
  endfacet
  facet normal 0 0 1
    outer loop
      vertex 62.1349 28.172 4
      vertex 61.3648 28.8022 4
      vertex 61.8427 27.7779 4
    endloop
  endfacet
  facet normal -0 0 1
    outer loop
      vertex 61.0152 28.3307 4
      vertex 61.8427 27.7779 4
      vertex 61.3648 28.8022 4
    endloop
  endfacet
  facet normal 0 0 1
    outer loop
      vertex 61.3648 28.8022 4
      vertex 61.3666 28.8044 4
      vertex 61.3657 28.8033 4
    endloop
  endfacet
  facet normal -0 0 1
    outer loop
      vertex 61.0145 28.3295 4
      vertex 61.8427 27.7779 4
      vertex 61.0152 28.3307 4
    endloop
  endfacet
  facet normal 0 0 1
    outer loop
      vertex 61.8427 27.7779 4
      vertex 61.0145 28.3295 4
      vertex 61.5904 27.357 4
    endloop
  endfacet
  facet normal -0 0 1
    outer loop
      vertex 60.7127 27.8261 4
      vertex 61.5904 27.357 4
      vertex 61.0145 28.3295 4
    endloop
  endfacet
  facet normal 0 0 1
    outer loop
      vertex 61.5904 27.357 4
      vertex 60.7127 27.8261 4
      vertex 61.3806 26.9134 4
    endloop
  endfacet
  facet normal -0 0 1
    outer loop
      vertex 60.4618 27.2955 4
      vertex 61.3806 26.9134 4
      vertex 60.7127 27.8261 4
    endloop
  endfacet
  facet normal -0 0 1
    outer loop
      vertex 60.4607 27.2929 4
      vertex 61.3806 26.9134 4
      vertex 60.4618 27.2955 4
    endloop
  endfacet
  facet normal 0 0 1
    outer loop
      vertex 61.3806 26.9134 4
      vertex 60.4607 27.2929 4
      vertex 61.2153 26.4514 4
    endloop
  endfacet
  facet normal -0 0 1
    outer loop
      vertex 60.263 26.7403 4
      vertex 61.2153 26.4514 4
      vertex 60.4607 27.2929 4
    endloop
  endfacet
  facet normal -0 0 1
    outer loop
      vertex 70.6194 23.0866 4
      vertex 71.5393 22.7071 4
      vertex 70.7847 23.5486 4
    endloop
  endfacet
  facet normal 0 -0 1
    outer loop
      vertex 71.5382 22.7045 4
      vertex 71.5393 22.7071 4
      vertex 70.6194 23.0866 4
    endloop
  endfacet
  facet normal 0 0 1
    outer loop
      vertex 71.5393 22.7071 4
      vertex 71.5382 22.7045 4
      vertex 71.5388 22.7057 4
    endloop
  endfacet
  facet normal 0 0 1
    outer loop
      vertex 71.5382 22.7045 4
      vertex 70.6194 23.0866 4
      vertex 71.2873 22.1739 4
    endloop
  endfacet
  facet normal -0 0 1
    outer loop
      vertex 70.4096 22.643 4
      vertex 71.2873 22.1739 4
      vertex 70.6194 23.0866 4
    endloop
  endfacet
  facet normal 0 0 1
    outer loop
      vertex 71.2873 22.1739 4
      vertex 70.4096 22.643 4
      vertex 70.9855 21.6705 4
    endloop
  endfacet
  facet normal -0 0 1
    outer loop
      vertex 70.1573 22.2221 4
      vertex 70.9855 21.6705 4
      vertex 70.4096 22.643 4
    endloop
  endfacet
  facet normal 0 0 1
    outer loop
      vertex 70.9855 21.6705 4
      vertex 70.1573 22.2221 4
      vertex 70.9848 21.6693 4
    endloop
  endfacet
  facet normal 0 0 1
    outer loop
      vertex 70.9848 21.6693 4
      vertex 70.1573 22.2221 4
      vertex 70.6352 21.1978 4
    endloop
  endfacet
  facet normal -0 0 1
    outer loop
      vertex 69.8651 21.828 4
      vertex 70.6352 21.1978 4
      vertex 70.1573 22.2221 4
    endloop
  endfacet
  facet normal 0 -0 1
    outer loop
      vertex 70.6334 21.1956 4
      vertex 70.6352 21.1978 4
      vertex 69.8651 21.828 4
    endloop
  endfacet
  facet normal 0 0 0
    outer loop
      vertex 70.6352 21.1978 4
      vertex 70.6334 21.1956 4
      vertex 70.6343 21.1967 4
    endloop
  endfacet
  facet normal 0 0 1
    outer loop
      vertex 70.6334 21.1956 4
      vertex 69.8651 21.828 4
      vertex 70.2392 20.7608 4
    endloop
  endfacet
  facet normal -0 0 1
    outer loop
      vertex 69.5355 21.4645 4
      vertex 70.2392 20.7608 4
      vertex 69.8651 21.828 4
    endloop
  endfacet
  facet normal 0 0 1
    outer loop
      vertex 70.2392 20.7608 4
      vertex 69.5355 21.4645 4
      vertex 69.8044 20.3666 4
    endloop
  endfacet
  facet normal -0 0 1
    outer loop
      vertex 69.172 21.1349 4
      vertex 69.8044 20.3666 4
      vertex 69.5355 21.4645 4
    endloop
  endfacet
  facet normal 0 -0 1
    outer loop
      vertex 69.8022 20.3648 4
      vertex 69.8044 20.3666 4
      vertex 69.172 21.1349 4
    endloop
  endfacet
  facet normal 0 0 -1
    outer loop
      vertex 69.8044 20.3666 4
      vertex 69.8022 20.3648 4
      vertex 69.8033 20.3657 4
    endloop
  endfacet
  facet normal 0 0 1
    outer loop
      vertex 69.8022 20.3648 4
      vertex 69.172 21.1349 4
      vertex 69.3307 20.0152 4
    endloop
  endfacet
  facet normal -0 0 1
    outer loop
      vertex 68.7778 20.8427 4
      vertex 69.3307 20.0152 4
      vertex 69.172 21.1349 4
    endloop
  endfacet
  facet normal 0 0 1
    outer loop
      vertex 69.3307 20.0152 4
      vertex 68.7778 20.8427 4
      vertex 69.3295 20.0145 4
    endloop
  endfacet
  facet normal 0 0 1
    outer loop
      vertex 69.3295 20.0145 4
      vertex 68.7778 20.8427 4
      vertex 68.8261 19.7127 4
    endloop
  endfacet
  facet normal -0 0 1
    outer loop
      vertex 68.357 20.5904 4
      vertex 68.8261 19.7127 4
      vertex 68.7778 20.8427 4
    endloop
  endfacet
  facet normal 0 0 1
    outer loop
      vertex 68.357 20.5904 4
      vertex 68.2955 19.4618 4
      vertex 68.8261 19.7127 4
    endloop
  endfacet
  facet normal -0 0 1
    outer loop
      vertex 67.9134 20.3806 4
      vertex 68.2955 19.4618 4
      vertex 68.357 20.5904 4
    endloop
  endfacet
  facet normal 0 -0 1
    outer loop
      vertex 68.2929 19.4607 4
      vertex 68.2955 19.4618 4
      vertex 67.9134 20.3806 4
    endloop
  endfacet
  facet normal 0 0 1
    outer loop
      vertex 68.2955 19.4618 4
      vertex 68.2929 19.4607 4
      vertex 68.2943 19.4612 4
    endloop
  endfacet
  facet normal 0 0 1
    outer loop
      vertex 67.9134 20.3806 4
      vertex 67.7403 19.263 4
      vertex 68.2929 19.4607 4
    endloop
  endfacet
  facet normal -0 0 1
    outer loop
      vertex 67.4514 20.2153 4
      vertex 67.7403 19.263 4
      vertex 67.9134 20.3806 4
    endloop
  endfacet
  facet normal 0 0 1
    outer loop
      vertex 67.4514 20.2153 4
      vertex 67.171 19.1203 4
      vertex 67.7403 19.263 4
    endloop
  endfacet
  facet normal -0 0 1
    outer loop
      vertex 66.9754 20.0961 4
      vertex 67.171 19.1203 4
      vertex 67.4514 20.2153 4
    endloop
  endfacet
  facet normal 0 -0 1
    outer loop
      vertex 67.1682 19.1198 4
      vertex 67.171 19.1203 4
      vertex 66.9754 20.0961 4
    endloop
  endfacet
  facet normal 0 0 1
    outer loop
      vertex 67.171 19.1203 4
      vertex 67.1682 19.1198 4
      vertex 67.1696 19.12 4
    endloop
  endfacet
  facet normal 0 0 1
    outer loop
      vertex 66.9754 20.0961 4
      vertex 66.5876 19.0337 4
      vertex 67.1682 19.1198 4
    endloop
  endfacet
  facet normal -0 0 1
    outer loop
      vertex 66.4901 20.0241 4
      vertex 66.5876 19.0337 4
      vertex 66.9754 20.0961 4
    endloop
  endfacet
  facet normal 0 0 1
    outer loop
      vertex 66.5876 19.0337 4
      vertex 66.4901 20.0241 4
      vertex 66.5862 19.0336 4
    endloop
  endfacet
  facet normal -0 0 1
    outer loop
      vertex 66 20 4
      vertex 66.5862 19.0336 4
      vertex 66.4901 20.0241 4
    endloop
  endfacet
  facet normal 0 0 1
    outer loop
      vertex 66 20 4
      vertex 66 19.0048 4
      vertex 66.5862 19.0336 4
    endloop
  endfacet
  facet normal 0 0 1
    outer loop
      vertex 65.5099 20.0241 4
      vertex 66 19.0048 4
      vertex 66 20 4
    endloop
  endfacet
  facet normal 0 0 1
    outer loop
      vertex 65.5099 20.0241 4
      vertex 65.4138 19.0336 4
      vertex 66 19.0048 4
    endloop
  endfacet
  facet normal 0 0 1
    outer loop
      vertex 65.5099 20.0241 4
      vertex 65.4124 19.0337 4
      vertex 65.4138 19.0336 4
    endloop
  endfacet
  facet normal 0 0 1
    outer loop
      vertex 65.0246 20.0961 4
      vertex 65.4124 19.0337 4
      vertex 65.5099 20.0241 4
    endloop
  endfacet
  facet normal 0 0 1
    outer loop
      vertex 65.0246 20.0961 4
      vertex 64.8318 19.1198 4
      vertex 65.4124 19.0337 4
    endloop
  endfacet
  facet normal -0 0 1
    outer loop
      vertex 64.829 19.1203 4
      vertex 64.8318 19.1198 4
      vertex 65.0246 20.0961 4
    endloop
  endfacet
  facet normal 0 0 1
    outer loop
      vertex 64.8318 19.1198 4
      vertex 64.829 19.1203 4
      vertex 64.8304 19.12 4
    endloop
  endfacet
  facet normal 0 0 1
    outer loop
      vertex 64.5486 20.2153 4
      vertex 64.829 19.1203 4
      vertex 65.0246 20.0961 4
    endloop
  endfacet
  facet normal 0 0 1
    outer loop
      vertex 64.5486 20.2153 4
      vertex 64.2597 19.263 4
      vertex 64.829 19.1203 4
    endloop
  endfacet
  facet normal 0 0 1
    outer loop
      vertex 64.0866 20.3806 4
      vertex 64.2597 19.263 4
      vertex 64.5486 20.2153 4
    endloop
  endfacet
  facet normal 0 0 1
    outer loop
      vertex 64.0866 20.3806 4
      vertex 63.7071 19.4607 4
      vertex 64.2597 19.263 4
    endloop
  endfacet
  facet normal -0 0 1
    outer loop
      vertex 63.7045 19.4618 4
      vertex 63.7071 19.4607 4
      vertex 64.0866 20.3806 4
    endloop
  endfacet
  facet normal 0 0 1
    outer loop
      vertex 63.7071 19.4607 4
      vertex 63.7045 19.4618 4
      vertex 63.7057 19.4612 4
    endloop
  endfacet
  facet normal 0 0 1
    outer loop
      vertex 63.643 20.5904 4
      vertex 63.7045 19.4618 4
      vertex 64.0866 20.3806 4
    endloop
  endfacet
  facet normal 0 0 1
    outer loop
      vertex 63.1739 19.7127 4
      vertex 63.643 20.5904 4
      vertex 63.2221 20.8427 4
    endloop
  endfacet
  facet normal 0 0 1
    outer loop
      vertex 63.643 20.5904 4
      vertex 63.1739 19.7127 4
      vertex 63.7045 19.4618 4
    endloop
  endfacet
  facet normal 0 0 1
    outer loop
      vertex 62.6693 20.0152 4
      vertex 63.2221 20.8427 4
      vertex 62.828 21.1349 4
    endloop
  endfacet
  facet normal 0 0 1
    outer loop
      vertex 63.2221 20.8427 4
      vertex 62.6705 20.0145 4
      vertex 63.1739 19.7127 4
    endloop
  endfacet
  facet normal 0 0 1
    outer loop
      vertex 63.2221 20.8427 4
      vertex 62.6693 20.0152 4
      vertex 62.6705 20.0145 4
    endloop
  endfacet
  facet normal 0 0 1
    outer loop
      vertex 62.1956 20.3666 4
      vertex 62.828 21.1349 4
      vertex 62.4645 21.4645 4
    endloop
  endfacet
  facet normal 0 0 1
    outer loop
      vertex 62.828 21.1349 4
      vertex 62.1978 20.3648 4
      vertex 62.6693 20.0152 4
    endloop
  endfacet
  facet normal 0 0 1
    outer loop
      vertex 62.828 21.1349 4
      vertex 62.1956 20.3666 4
      vertex 62.1978 20.3648 4
    endloop
  endfacet
  facet normal 0 0 -1
    outer loop
      vertex 62.1978 20.3648 4
      vertex 62.1956 20.3666 4
      vertex 62.1967 20.3657 4
    endloop
  endfacet
  facet normal 0 0 1
    outer loop
      vertex 61.7608 20.7608 4
      vertex 62.4645 21.4645 4
      vertex 62.1349 21.828 4
    endloop
  endfacet
  facet normal 0 0 1
    outer loop
      vertex 61.3648 21.1978 4
      vertex 62.1349 21.828 4
      vertex 61.8427 22.2221 4
    endloop
  endfacet
  facet normal 0 0 1
    outer loop
      vertex 62.4645 21.4645 4
      vertex 61.7608 20.7608 4
      vertex 62.1956 20.3666 4
    endloop
  endfacet
  facet normal 0 0 1
    outer loop
      vertex 61.0145 21.6705 4
      vertex 61.8427 22.2221 4
      vertex 61.5904 22.643 4
    endloop
  endfacet
  facet normal 0 0 1
    outer loop
      vertex 60.7127 22.1739 4
      vertex 61.5904 22.643 4
      vertex 61.3806 23.0866 4
    endloop
  endfacet
  facet normal 0 0 1
    outer loop
      vertex 62.1349 21.828 4
      vertex 61.3666 21.1956 4
      vertex 61.7608 20.7608 4
    endloop
  endfacet
  facet normal 0 0 1
    outer loop
      vertex 62.1349 21.828 4
      vertex 61.3648 21.1978 4
      vertex 61.3666 21.1956 4
    endloop
  endfacet
  facet normal 0 0 1
    outer loop
      vertex 61.3666 21.1956 4
      vertex 61.3648 21.1978 4
      vertex 61.3657 21.1967 4
    endloop
  endfacet
  facet normal 0 0 1
    outer loop
      vertex 60.4607 22.7071 4
      vertex 61.3806 23.0866 4
      vertex 61.2153 23.5486 4
    endloop
  endfacet
  facet normal 0 0 1
    outer loop
      vertex 60.263 23.2597 4
      vertex 61.2153 23.5486 4
      vertex 61.0961 24.0245 4
    endloop
  endfacet
  facet normal 0 0 1
    outer loop
      vertex 60.1198 23.8318 4
      vertex 61.0961 24.0245 4
      vertex 61.0241 24.5099 4
    endloop
  endfacet
  facet normal 0 0 1
    outer loop
      vertex 61.8427 22.2221 4
      vertex 61.0152 21.6693 4
      vertex 61.3648 21.1978 4
    endloop
  endfacet
  facet normal 0 0 1
    outer loop
      vertex 61.8427 22.2221 4
      vertex 61.0145 21.6705 4
      vertex 61.0152 21.6693 4
    endloop
  endfacet
  facet normal 0 0 1
    outer loop
      vertex 60.0336 24.4138 4
      vertex 61.0241 24.5099 4
      vertex 61 25 4
    endloop
  endfacet
  facet normal 0 0 1
    outer loop
      vertex 61.2153 26.4514 4
      vertex 60.263 26.7403 4
      vertex 61.0961 25.9755 4
    endloop
  endfacet
  facet normal 0 0 1
    outer loop
      vertex 61.5904 22.643 4
      vertex 60.7127 22.1739 4
      vertex 61.0145 21.6705 4
    endloop
  endfacet
  facet normal -0 0 1
    outer loop
      vertex 60.1203 26.171 4
      vertex 61.0961 25.9755 4
      vertex 60.263 26.7403 4
    endloop
  endfacet
  facet normal 0 0 1
    outer loop
      vertex 61.3806 23.0866 4
      vertex 60.4618 22.7045 4
      vertex 60.7127 22.1739 4
    endloop
  endfacet
  facet normal 0 0 1
    outer loop
      vertex 60.4607 27.2929 4
      vertex 60.4618 27.2955 4
      vertex 60.4612 27.2943 4
    endloop
  endfacet
  facet normal -0 0 1
    outer loop
      vertex 60.1198 26.1682 4
      vertex 61.0961 25.9755 4
      vertex 60.1203 26.171 4
    endloop
  endfacet
  facet normal 0 0 1
    outer loop
      vertex 61.3806 23.0866 4
      vertex 60.4607 22.7071 4
      vertex 60.4618 22.7045 4
    endloop
  endfacet
  facet normal 0 0 1
    outer loop
      vertex 60.4618 22.7045 4
      vertex 60.4607 22.7071 4
      vertex 60.4612 22.7057 4
    endloop
  endfacet
  facet normal 0 0 1
    outer loop
      vertex 61.0961 25.9755 4
      vertex 60.1198 26.1682 4
      vertex 61.0241 25.4901 4
    endloop
  endfacet
  facet normal 0 0 1
    outer loop
      vertex 61.2153 23.5486 4
      vertex 60.263 23.2597 4
      vertex 60.4607 22.7071 4
    endloop
  endfacet
  facet normal -0 0 1
    outer loop
      vertex 60.0337 25.5876 4
      vertex 61.0241 25.4901 4
      vertex 60.1198 26.1682 4
    endloop
  endfacet
  facet normal 0 0 1
    outer loop
      vertex 61.0961 24.0245 4
      vertex 60.1203 23.829 4
      vertex 60.263 23.2597 4
    endloop
  endfacet
  facet normal 0 0 1
    outer loop
      vertex 60.1198 26.1682 4
      vertex 60.1203 26.171 4
      vertex 60.12 26.1696 4
    endloop
  endfacet
  facet normal -0 0 1
    outer loop
      vertex 60.0336 25.5862 4
      vertex 61.0241 25.4901 4
      vertex 60.0337 25.5876 4
    endloop
  endfacet
  facet normal 0 0 1
    outer loop
      vertex 61.0961 24.0245 4
      vertex 60.1198 23.8318 4
      vertex 60.1203 23.829 4
    endloop
  endfacet
  facet normal 0 0 1
    outer loop
      vertex 60.1203 23.829 4
      vertex 60.1198 23.8318 4
      vertex 60.12 23.8304 4
    endloop
  endfacet
  facet normal 0 0 1
    outer loop
      vertex 61.0241 25.4901 4
      vertex 60.0336 25.5862 4
      vertex 61 25 4
    endloop
  endfacet
  facet normal 0 0 1
    outer loop
      vertex 60.0048 25 4
      vertex 61 25 4
      vertex 60.0336 25.5862 4
    endloop
  endfacet
  facet normal 0 0 1
    outer loop
      vertex 61.0241 24.5099 4
      vertex 60.0336 24.4138 4
      vertex 60.0337 24.4124 4
    endloop
  endfacet
  facet normal 0 0 1
    outer loop
      vertex 61.0241 24.5099 4
      vertex 60.0337 24.4124 4
      vertex 60.1198 23.8318 4
    endloop
  endfacet
  facet normal 0 0 1
    outer loop
      vertex 61 25 4
      vertex 60.0048 25 4
      vertex 60.0336 24.4138 4
    endloop
  endfacet
  facet normal 0 0 1
    outer loop
      vertex -2.75 21 4
      vertex 12 25 4
      vertex -2.75 29 4
    endloop
  endfacet
  facet normal 0 0 1
    outer loop
      vertex 0 35 4
      vertex -2.76083 29.2205 4
      vertex -2.75 29 4
    endloop
  endfacet
  facet normal 0 0 1
    outer loop
      vertex 0 35 4
      vertex -2.79323 29.439 4
      vertex -2.76083 29.2205 4
    endloop
  endfacet
  facet normal 0 0 1
    outer loop
      vertex 0 35 4
      vertex -2.84688 29.6531 4
      vertex -2.79323 29.439 4
    endloop
  endfacet
  facet normal 0 0 1
    outer loop
      vertex 0 35 4
      vertex -2.92127 29.861 4
      vertex -2.84688 29.6531 4
    endloop
  endfacet
  facet normal 0 0 1
    outer loop
      vertex 0 35 4
      vertex -3.01568 30.0606 4
      vertex -2.92127 29.861 4
    endloop
  endfacet
  facet normal 0 0 1
    outer loop
      vertex 0 35 4
      vertex -3.12919 30.25 4
      vertex -3.01568 30.0606 4
    endloop
  endfacet
  facet normal 0 0 1
    outer loop
      vertex 0 35 4
      vertex -3.26073 30.4274 4
      vertex -3.12919 30.25 4
    endloop
  endfacet
  facet normal 0 0 1
    outer loop
      vertex 0 35 4
      vertex -3.40901 30.591 4
      vertex -3.26073 30.4274 4
    endloop
  endfacet
  facet normal 0 0 1
    outer loop
      vertex 0 35 4
      vertex -3.57261 30.7393 4
      vertex -3.40901 30.591 4
    endloop
  endfacet
  facet normal 0 0 1
    outer loop
      vertex 0 35 4
      vertex -3.74997 30.8708 4
      vertex -3.57261 30.7393 4
    endloop
  endfacet
  facet normal 0 0 1
    outer loop
      vertex 0 35 4
      vertex -3.93936 30.9843 4
      vertex -3.74997 30.8708 4
    endloop
  endfacet
  facet normal 0 0 1
    outer loop
      vertex 0 35 4
      vertex -4.13896 31.0787 4
      vertex -3.93936 30.9843 4
    endloop
  endfacet
  facet normal 0 0 1
    outer loop
      vertex 0 35 4
      vertex -4.34686 31.1531 4
      vertex -4.13896 31.0787 4
    endloop
  endfacet
  facet normal -0 0 1
    outer loop
      vertex -7 35 4
      vertex -4.34686 31.1531 4
      vertex 0 35 4
    endloop
  endfacet
  facet normal 0 0 1
    outer loop
      vertex -4.34686 31.1531 4
      vertex -7 35 4
      vertex -4.56105 31.2068 4
    endloop
  endfacet
  facet normal 0 0 1
    outer loop
      vertex -4.56105 31.2068 4
      vertex -7 35 4
      vertex -4.77946 31.2392 4
    endloop
  endfacet
  facet normal 0 0 1
    outer loop
      vertex -4.77946 31.2392 4
      vertex -7 35 4
      vertex -5 31.25 4
    endloop
  endfacet
  facet normal 0 0 1
    outer loop
      vertex -5 31.25 4
      vertex -7 35 4
      vertex -5.22054 31.2392 4
    endloop
  endfacet
  facet normal 0 0 1
    outer loop
      vertex -5.22054 31.2392 4
      vertex -7 35 4
      vertex -5.43895 31.2068 4
    endloop
  endfacet
  facet normal 0 0 1
    outer loop
      vertex -5.43895 31.2068 4
      vertex -7 35 4
      vertex -5.65314 31.1531 4
    endloop
  endfacet
  facet normal 0 0 1
    outer loop
      vertex -5.65314 31.1531 4
      vertex -7 35 4
      vertex -5.86104 31.0787 4
    endloop
  endfacet
  facet normal 0 0 1
    outer loop
      vertex -5.86104 31.0787 4
      vertex -7 35 4
      vertex -6.06064 30.9843 4
    endloop
  endfacet
  facet normal -0 0 1
    outer loop
      vertex -7.29405 34.9855 4
      vertex -6.06064 30.9843 4
      vertex -7 35 4
    endloop
  endfacet
  facet normal -0 0 1
    outer loop
      vertex -7.58528 34.9424 4
      vertex -6.06064 30.9843 4
      vertex -7.29405 34.9855 4
    endloop
  endfacet
  facet normal -0 0 1
    outer loop
      vertex -7.87086 34.8708 4
      vertex -6.06064 30.9843 4
      vertex -7.58528 34.9424 4
    endloop
  endfacet
  facet normal 0 0 1
    outer loop
      vertex -6.06064 30.9843 4
      vertex -7.87086 34.8708 4
      vertex -6.25003 30.8708 4
    endloop
  endfacet
  facet normal -0 0 1
    outer loop
      vertex -8.14806 34.7716 4
      vertex -6.25003 30.8708 4
      vertex -7.87086 34.8708 4
    endloop
  endfacet
  facet normal -0 0 1
    outer loop
      vertex -8.4142 34.6458 4
      vertex -6.25003 30.8708 4
      vertex -8.14806 34.7716 4
    endloop
  endfacet
  facet normal -0 0 1
    outer loop
      vertex -8.66672 34.4944 4
      vertex -6.25003 30.8708 4
      vertex -8.4142 34.6458 4
    endloop
  endfacet
  facet normal -0 0 1
    outer loop
      vertex -8.90318 34.319 4
      vertex -6.25003 30.8708 4
      vertex -8.66672 34.4944 4
    endloop
  endfacet
  facet normal -0 0 1
    outer loop
      vertex -9.12132 34.1213 4
      vertex -6.25003 30.8708 4
      vertex -8.90318 34.319 4
    endloop
  endfacet
  facet normal 0 0 1
    outer loop
      vertex -6.25003 30.8708 4
      vertex -9.12132 34.1213 4
      vertex -6.42738 30.7393 4
    endloop
  endfacet
  facet normal -0 0 1
    outer loop
      vertex -9.31905 33.9032 4
      vertex -6.42738 30.7393 4
      vertex -9.12132 34.1213 4
    endloop
  endfacet
  facet normal 0 0 1
    outer loop
      vertex -7.23917 29.2205 4
      vertex -10 32 4
      vertex -7.25 29 4
    endloop
  endfacet
  facet normal -0 0 1
    outer loop
      vertex -9.49442 33.6667 4
      vertex -6.42738 30.7393 4
      vertex -9.31905 33.9032 4
    endloop
  endfacet
  facet normal 0 0 1
    outer loop
      vertex 12 25 4
      vertex -2.75 21 4
      vertex 0 15 4
    endloop
  endfacet
  facet normal -0 0 1
    outer loop
      vertex -2.76083 20.7795 4
      vertex 0 15 4
      vertex -2.75 21 4
    endloop
  endfacet
  facet normal -0 0 1
    outer loop
      vertex -2.79323 20.561 4
      vertex 0 15 4
      vertex -2.76083 20.7795 4
    endloop
  endfacet
  facet normal -0 0 1
    outer loop
      vertex -2.84688 20.3469 4
      vertex 0 15 4
      vertex -2.79323 20.561 4
    endloop
  endfacet
  facet normal -0 0 1
    outer loop
      vertex -2.92127 20.139 4
      vertex 0 15 4
      vertex -2.84688 20.3469 4
    endloop
  endfacet
  facet normal -0 0 1
    outer loop
      vertex -3.01568 19.9394 4
      vertex 0 15 4
      vertex -2.92127 20.139 4
    endloop
  endfacet
  facet normal -0 0 1
    outer loop
      vertex -3.12919 19.75 4
      vertex 0 15 4
      vertex -3.01568 19.9394 4
    endloop
  endfacet
  facet normal -0 0 1
    outer loop
      vertex -3.26073 19.5726 4
      vertex 0 15 4
      vertex -3.12919 19.75 4
    endloop
  endfacet
  facet normal -0 0 1
    outer loop
      vertex -3.40901 19.409 4
      vertex 0 15 4
      vertex -3.26073 19.5726 4
    endloop
  endfacet
  facet normal -0 0 1
    outer loop
      vertex -3.57261 19.2607 4
      vertex 0 15 4
      vertex -3.40901 19.409 4
    endloop
  endfacet
  facet normal -0 0 1
    outer loop
      vertex -3.74997 19.1292 4
      vertex 0 15 4
      vertex -3.57261 19.2607 4
    endloop
  endfacet
  facet normal -0 0 1
    outer loop
      vertex -3.93936 19.0157 4
      vertex 0 15 4
      vertex -3.74997 19.1292 4
    endloop
  endfacet
  facet normal -0 0 1
    outer loop
      vertex -4.13896 18.9213 4
      vertex 0 15 4
      vertex -3.93936 19.0157 4
    endloop
  endfacet
  facet normal -0 0 1
    outer loop
      vertex -4.34686 18.8469 4
      vertex 0 15 4
      vertex -4.13896 18.9213 4
    endloop
  endfacet
  facet normal 0 0 1
    outer loop
      vertex -7 15 4
      vertex -4.34686 18.8469 4
      vertex -4.56105 18.7932 4
    endloop
  endfacet
  facet normal 0 0 1
    outer loop
      vertex -7 15 4
      vertex -4.56105 18.7932 4
      vertex -4.77946 18.7608 4
    endloop
  endfacet
  facet normal 0 0 1
    outer loop
      vertex -7 15 4
      vertex -4.77946 18.7608 4
      vertex -5 18.75 4
    endloop
  endfacet
  facet normal 0 0 1
    outer loop
      vertex -7 15 4
      vertex -5 18.75 4
      vertex -5.22054 18.7608 4
    endloop
  endfacet
  facet normal 0 0 1
    outer loop
      vertex -7 15 4
      vertex -5.22054 18.7608 4
      vertex -5.43895 18.7932 4
    endloop
  endfacet
  facet normal 0 0 1
    outer loop
      vertex -7 15 4
      vertex -5.43895 18.7932 4
      vertex -5.65314 18.8469 4
    endloop
  endfacet
  facet normal 0 0 1
    outer loop
      vertex -7 15 4
      vertex -5.65314 18.8469 4
      vertex -5.86104 18.9213 4
    endloop
  endfacet
  facet normal 0 0 1
    outer loop
      vertex -7 15 4
      vertex -5.86104 18.9213 4
      vertex -6.06064 19.0157 4
    endloop
  endfacet
  facet normal 0 0 1
    outer loop
      vertex -7.87086 15.1292 4
      vertex -6.06064 19.0157 4
      vertex -6.25003 19.1292 4
    endloop
  endfacet
  facet normal 0 0 1
    outer loop
      vertex -4.34686 18.8469 4
      vertex -7 15 4
      vertex 0 15 4
    endloop
  endfacet
  facet normal 0 0 1
    outer loop
      vertex -9.12132 15.8787 4
      vertex -6.25003 19.1292 4
      vertex -6.42738 19.2607 4
    endloop
  endfacet
  facet normal 0 0 1
    outer loop
      vertex -9.94237 17.4147 4
      vertex -6.42738 19.2607 4
      vertex -6.59099 19.409 4
    endloop
  endfacet
  facet normal 0 0 1
    outer loop
      vertex -10 18 4
      vertex -6.59099 19.409 4
      vertex -6.73927 19.5726 4
    endloop
  endfacet
  facet normal 0 0 1
    outer loop
      vertex -10 18 4
      vertex -6.73927 19.5726 4
      vertex -6.87081 19.75 4
    endloop
  endfacet
  facet normal 0 0 1
    outer loop
      vertex -10 18 4
      vertex -6.87081 19.75 4
      vertex -6.98432 19.9394 4
    endloop
  endfacet
  facet normal 0 0 1
    outer loop
      vertex -10 18 4
      vertex -6.98432 19.9394 4
      vertex -7.07873 20.139 4
    endloop
  endfacet
  facet normal 0 0 1
    outer loop
      vertex -10 18 4
      vertex -7.07873 20.139 4
      vertex -7.15312 20.3469 4
    endloop
  endfacet
  facet normal 0 0 1
    outer loop
      vertex -10 18 4
      vertex -7.15312 20.3469 4
      vertex -7.20677 20.561 4
    endloop
  endfacet
  facet normal 0 0 1
    outer loop
      vertex -10 18 4
      vertex -7.20677 20.561 4
      vertex -7.23917 20.7795 4
    endloop
  endfacet
  facet normal 0 0 1
    outer loop
      vertex -10 18 4
      vertex -7.23917 20.7795 4
      vertex -7.25 21 4
    endloop
  endfacet
  facet normal 0 0 1
    outer loop
      vertex -6.06064 19.0157 4
      vertex -7.29405 15.0144 4
      vertex -7 15 4
    endloop
  endfacet
  facet normal 0 0 1
    outer loop
      vertex -7.25 29 4
      vertex -10 32 4
      vertex -7.25 21 4
    endloop
  endfacet
  facet normal -0 0 1
    outer loop
      vertex -9.64577 33.4142 4
      vertex -6.42738 30.7393 4
      vertex -9.49442 33.6667 4
    endloop
  endfacet
  facet normal 0 0 1
    outer loop
      vertex -10 18 4
      vertex -7.25 21 4
      vertex -10 32 4
    endloop
  endfacet
  facet normal -0 0 1
    outer loop
      vertex -9.77165 33.148 4
      vertex -6.42738 30.7393 4
      vertex -9.64577 33.4142 4
    endloop
  endfacet
  facet normal 0 0 1
    outer loop
      vertex -6.59099 19.409 4
      vertex -10 18 4
      vertex -9.98557 17.7059 4
    endloop
  endfacet
  facet normal -0 0 1
    outer loop
      vertex -9.87083 32.8708 4
      vertex -6.42738 30.7393 4
      vertex -9.77165 33.148 4
    endloop
  endfacet
  facet normal 0 0 1
    outer loop
      vertex -6.06064 19.0157 4
      vertex -7.58528 15.0576 4
      vertex -7.29405 15.0144 4
    endloop
  endfacet
  facet normal -0 0 1
    outer loop
      vertex -9.94237 32.5853 4
      vertex -6.42738 30.7393 4
      vertex -9.87083 32.8708 4
    endloop
  endfacet
  facet normal 0 0 1
    outer loop
      vertex -6.06064 19.0157 4
      vertex -7.87086 15.1292 4
      vertex -7.58528 15.0576 4
    endloop
  endfacet
  facet normal 0 0 1
    outer loop
      vertex -6.42738 30.7393 4
      vertex -9.94237 32.5853 4
      vertex -6.59099 30.591 4
    endloop
  endfacet
  facet normal 0 0 1
    outer loop
      vertex -6.25003 19.1292 4
      vertex -8.14806 15.2283 4
      vertex -7.87086 15.1292 4
    endloop
  endfacet
  facet normal -0 0 1
    outer loop
      vertex -9.98557 32.294 4
      vertex -6.59099 30.591 4
      vertex -9.94237 32.5853 4
    endloop
  endfacet
  facet normal 0 0 1
    outer loop
      vertex -6.25003 19.1292 4
      vertex -8.4142 15.3542 4
      vertex -8.14806 15.2283 4
    endloop
  endfacet
  facet normal -0 0 1
    outer loop
      vertex -10 32 4
      vertex -6.59099 30.591 4
      vertex -9.98557 32.294 4
    endloop
  endfacet
  facet normal 0 0 1
    outer loop
      vertex -6.25003 19.1292 4
      vertex -8.66672 15.5056 4
      vertex -8.4142 15.3542 4
    endloop
  endfacet
  facet normal 0 0 1
    outer loop
      vertex -6.59099 30.591 4
      vertex -10 32 4
      vertex -6.73927 30.4274 4
    endloop
  endfacet
  facet normal 0 0 1
    outer loop
      vertex -6.25003 19.1292 4
      vertex -8.90318 15.681 4
      vertex -8.66672 15.5056 4
    endloop
  endfacet
  facet normal 0 0 1
    outer loop
      vertex -6.73927 30.4274 4
      vertex -10 32 4
      vertex -6.87081 30.25 4
    endloop
  endfacet
  facet normal 0 0 1
    outer loop
      vertex -6.25003 19.1292 4
      vertex -9.12132 15.8787 4
      vertex -8.90318 15.681 4
    endloop
  endfacet
  facet normal 0 0 1
    outer loop
      vertex -6.87081 30.25 4
      vertex -10 32 4
      vertex -6.98432 30.0606 4
    endloop
  endfacet
  facet normal 0 0 1
    outer loop
      vertex -6.42738 19.2607 4
      vertex -9.31905 16.0968 4
      vertex -9.12132 15.8787 4
    endloop
  endfacet
  facet normal 0 0 1
    outer loop
      vertex -6.98432 30.0606 4
      vertex -10 32 4
      vertex -7.07873 29.861 4
    endloop
  endfacet
  facet normal 0 0 1
    outer loop
      vertex -6.42738 19.2607 4
      vertex -9.49442 16.3333 4
      vertex -9.31905 16.0968 4
    endloop
  endfacet
  facet normal 0 0 1
    outer loop
      vertex -7.07873 29.861 4
      vertex -10 32 4
      vertex -7.15312 29.6531 4
    endloop
  endfacet
  facet normal 0 0 1
    outer loop
      vertex -6.42738 19.2607 4
      vertex -9.64577 16.5858 4
      vertex -9.49442 16.3333 4
    endloop
  endfacet
  facet normal 0 0 1
    outer loop
      vertex -7.20677 29.439 4
      vertex -10 32 4
      vertex -7.23917 29.2205 4
    endloop
  endfacet
  facet normal 0 0 1
    outer loop
      vertex -6.42738 19.2607 4
      vertex -9.77165 16.8519 4
      vertex -9.64577 16.5858 4
    endloop
  endfacet
  facet normal 0 0 1
    outer loop
      vertex -7.15312 29.6531 4
      vertex -10 32 4
      vertex -7.20677 29.439 4
    endloop
  endfacet
  facet normal 0 0 1
    outer loop
      vertex -6.42738 19.2607 4
      vertex -9.87083 17.1291 4
      vertex -9.77165 16.8519 4
    endloop
  endfacet
  facet normal 0 0 1
    outer loop
      vertex -6.42738 19.2607 4
      vertex -9.94237 17.4147 4
      vertex -9.87083 17.1291 4
    endloop
  endfacet
  facet normal 0 0 1
    outer loop
      vertex -6.59099 19.409 4
      vertex -9.98557 17.7059 4
      vertex -9.94237 17.4147 4
    endloop
  endfacet
  facet normal -0 0 1
    outer loop
      vertex 8.23707 41.4926 4
      vertex 15.4048 34.5159 4
      vertex 8.37886 41.6211 4
    endloop
  endfacet
  facet normal 0 0 1
    outer loop
      vertex 12 25 4
      vertex 8.94061 7.19113 4
      vertex 8.95 7 4
    endloop
  endfacet
  facet normal -0 0 1
    outer loop
      vertex 8.08336 41.3786 4
      vertex 15.4048 34.5159 4
      vertex 8.23707 41.4926 4
    endloop
  endfacet
  facet normal 0 0 1
    outer loop
      vertex 12 25 4
      vertex 8.91253 7.38043 4
      vertex 8.94061 7.19113 4
    endloop
  endfacet
  facet normal 0 0 1
    outer loop
      vertex 15.4048 34.5159 4
      vertex 8.08336 41.3786 4
      vertex 14.528 33.3336 4
    endloop
  endfacet
  facet normal 0 0 1
    outer loop
      vertex 12 25 4
      vertex 8.86603 7.56605 4
      vertex 8.91253 7.38043 4
    endloop
  endfacet
  facet normal -0 0 1
    outer loop
      vertex 7.91922 41.2803 4
      vertex 14.528 33.3336 4
      vertex 8.08336 41.3786 4
    endloop
  endfacet
  facet normal 0 0 1
    outer loop
      vertex 12 25 4
      vertex 8.80156 7.74623 4
      vertex 8.86603 7.56605 4
    endloop
  endfacet
  facet normal -0 0 1
    outer loop
      vertex 7.74623 41.1984 4
      vertex 14.528 33.3336 4
      vertex 7.91922 41.2803 4
    endloop
  endfacet
  facet normal 0 0 1
    outer loop
      vertex 12 25 4
      vertex 8.71975 7.91922 4
      vertex 8.80156 7.74623 4
    endloop
  endfacet
  facet normal -0 0 1
    outer loop
      vertex 7.56605 41.134 4
      vertex 14.528 33.3336 4
      vertex 7.74623 41.1984 4
    endloop
  endfacet
  facet normal 0 0 1
    outer loop
      vertex 12 25 4
      vertex 8.62137 8.08336 4
      vertex 8.71975 7.91922 4
    endloop
  endfacet
  facet normal 0 0 1
    outer loop
      vertex 14.528 33.3336 4
      vertex 7.56605 41.134 4
      vertex 13.7712 32.0709 4
    endloop
  endfacet
  facet normal 0 0 1
    outer loop
      vertex 12 25 4
      vertex 8.50737 8.23707 4
      vertex 8.62137 8.08336 4
    endloop
  endfacet
  facet normal -0 0 1
    outer loop
      vertex 7.38043 41.0875 4
      vertex 13.7712 32.0709 4
      vertex 7.56605 41.134 4
    endloop
  endfacet
  facet normal 0 0 1
    outer loop
      vertex 12 25 4
      vertex 8.37886 8.37886 4
      vertex 8.50737 8.23707 4
    endloop
  endfacet
  facet normal -0 0 1
    outer loop
      vertex 7.19113 41.0594 4
      vertex 13.7712 32.0709 4
      vertex 7.38043 41.0875 4
    endloop
  endfacet
  facet normal 0 0 1
    outer loop
      vertex 12 25 4
      vertex 8.23707 8.50737 4
      vertex 8.37886 8.37886 4
    endloop
  endfacet
  facet normal 0 0 1
    outer loop
      vertex 13.7712 32.0709 4
      vertex 7.19113 41.0594 4
      vertex 13.1418 30.7402 4
    endloop
  endfacet
  facet normal 0 0 1
    outer loop
      vertex 12 25 4
      vertex 8.08336 8.62137 4
      vertex 8.23707 8.50737 4
    endloop
  endfacet
  facet normal -0 0 1
    outer loop
      vertex 7 41.05 4
      vertex 13.1418 30.7402 4
      vertex 7.19113 41.0594 4
    endloop
  endfacet
  facet normal 0 0 1
    outer loop
      vertex 12 25 4
      vertex 7.91922 8.71975 4
      vertex 8.08336 8.62137 4
    endloop
  endfacet
  facet normal -0 0 1
    outer loop
      vertex 0 35 4
      vertex 13.1418 30.7402 4
      vertex 7 41.05 4
    endloop
  endfacet
  facet normal 0 0 1
    outer loop
      vertex 12 25 4
      vertex 7.74623 8.80156 4
      vertex 7.91922 8.71975 4
    endloop
  endfacet
  facet normal 0 0 1
    outer loop
      vertex 13.1418 30.7402 4
      vertex 0 35 4
      vertex 12.6459 29.3543 4
    endloop
  endfacet
  facet normal 0 0 1
    outer loop
      vertex 12.0722 26.4703 4
      vertex -2.75 29 4
      vertex 12 25 4
    endloop
  endfacet
  facet normal -0 0 1
    outer loop
      vertex -2.75 29 4
      vertex 12.2882 27.9264 4
      vertex 0 35 4
    endloop
  endfacet
  facet normal 0 -0 1
    outer loop
      vertex 7.19113 8.94061 4
      vertex 12 25 4
      vertex 0 15 4
    endloop
  endfacet
  facet normal 0 0 1
    outer loop
      vertex 12.2882 27.9264 4
      vertex -2.75 29 4
      vertex 12.0722 26.4703 4
    endloop
  endfacet
  facet normal 0 0 1
    outer loop
      vertex 12 25 4
      vertex 7.56605 8.86603 4
      vertex 7.74623 8.80156 4
    endloop
  endfacet
  facet normal 0 0 1
    outer loop
      vertex 12.6459 29.3543 4
      vertex 0 35 4
      vertex 12.2882 27.9264 4
    endloop
  endfacet
  facet normal 0 0 1
    outer loop
      vertex 12 25 4
      vertex 7.38043 8.91253 4
      vertex 7.56605 8.86603 4
    endloop
  endfacet
  facet normal 0 0 1
    outer loop
      vertex 0 35 4
      vertex 7 41.05 4
      vertex 6.80887 41.0594 4
    endloop
  endfacet
  facet normal 0 0 1
    outer loop
      vertex 12 25 4
      vertex 7.19113 8.94061 4
      vertex 7.38043 8.91253 4
    endloop
  endfacet
  facet normal 0 0 1
    outer loop
      vertex 0 35 4
      vertex 6.80887 41.0594 4
      vertex 6.61957 41.0875 4
    endloop
  endfacet
  facet normal 0 0 1
    outer loop
      vertex 7.19113 8.94061 4
      vertex 0 15 4
      vertex 7 8.95 4
    endloop
  endfacet
  facet normal 0 0 1
    outer loop
      vertex 0 35 4
      vertex 6.61957 41.0875 4
      vertex 6.43394 41.134 4
    endloop
  endfacet
  facet normal 0 0 1
    outer loop
      vertex 7 8.95 4
      vertex 0 15 4
      vertex 6.80887 8.94061 4
    endloop
  endfacet
  facet normal 0 0 1
    outer loop
      vertex 0 35 4
      vertex 6.43394 41.134 4
      vertex 6.25377 41.1984 4
    endloop
  endfacet
  facet normal 0 0 1
    outer loop
      vertex 6.80887 8.94061 4
      vertex 0 15 4
      vertex 6.61957 8.91253 4
    endloop
  endfacet
  facet normal 0 0 1
    outer loop
      vertex 0 35 4
      vertex 6.25377 41.1984 4
      vertex 6.08078 41.2803 4
    endloop
  endfacet
  facet normal 0 0 1
    outer loop
      vertex 6.61957 8.91253 4
      vertex 0 15 4
      vertex 6.43394 8.86603 4
    endloop
  endfacet
  facet normal 0 0 1
    outer loop
      vertex 0 35 4
      vertex 6.08078 41.2803 4
      vertex 5.91664 41.3786 4
    endloop
  endfacet
  facet normal 0 0 1
    outer loop
      vertex 6.43394 8.86603 4
      vertex 0 15 4
      vertex 6.25377 8.80156 4
    endloop
  endfacet
  facet normal 0 0 1
    outer loop
      vertex 0 35 4
      vertex 5.91664 41.3786 4
      vertex 5.76293 41.4926 4
    endloop
  endfacet
  facet normal 0 0 1
    outer loop
      vertex 6.25377 8.80156 4
      vertex 0 15 4
      vertex 6.08078 8.71975 4
    endloop
  endfacet
  facet normal 0 0 1
    outer loop
      vertex 0 35 4
      vertex 5.76293 41.4926 4
      vertex 5.62114 41.6211 4
    endloop
  endfacet
  facet normal 0 0 1
    outer loop
      vertex 6.08078 8.71975 4
      vertex 0 15 4
      vertex 5.91664 8.62137 4
    endloop
  endfacet
  facet normal 0 0 1
    outer loop
      vertex 0 35 4
      vertex 5.62114 41.6211 4
      vertex 5.49263 41.7629 4
    endloop
  endfacet
  facet normal 0 0 1
    outer loop
      vertex 5.91664 8.62137 4
      vertex 0 15 4
      vertex 5.76293 8.50737 4
    endloop
  endfacet
  facet normal 0 0 1
    outer loop
      vertex 0 35 4
      vertex 5.49263 41.7629 4
      vertex 5.37863 41.9166 4
    endloop
  endfacet
  facet normal 0 0 1
    outer loop
      vertex 5.76293 8.50737 4
      vertex 0 15 4
      vertex 5.62114 8.37886 4
    endloop
  endfacet
  facet normal 0 0 1
    outer loop
      vertex 0 35 4
      vertex 5.37863 41.9166 4
      vertex 5.28025 42.0808 4
    endloop
  endfacet
  facet normal 0 0 1
    outer loop
      vertex 5.62114 8.37886 4
      vertex 0 15 4
      vertex 5.49263 8.23707 4
    endloop
  endfacet
  facet normal 0 0 1
    outer loop
      vertex 0 35 4
      vertex 5.28025 42.0808 4
      vertex 5.19843 42.2538 4
    endloop
  endfacet
  facet normal 0 0 1
    outer loop
      vertex 5.49263 8.23707 4
      vertex 0 15 4
      vertex 5.37863 8.08336 4
    endloop
  endfacet
  facet normal 0 0 1
    outer loop
      vertex 0 35 4
      vertex 5.19843 42.2538 4
      vertex 5.13397 42.4339 4
    endloop
  endfacet
  facet normal 0 0 1
    outer loop
      vertex 5.37863 8.08336 4
      vertex 0 15 4
      vertex 5.28025 7.91922 4
    endloop
  endfacet
  facet normal 0 0 1
    outer loop
      vertex 0 46 4
      vertex 5.13397 42.4339 4
      vertex 5.08747 42.6196 4
    endloop
  endfacet
  facet normal 0 0 1
    outer loop
      vertex 5.28025 7.91922 4
      vertex 0 15 4
      vertex 5.19843 7.74623 4
    endloop
  endfacet
  facet normal 0 0 1
    outer loop
      vertex 0 46 4
      vertex 5.08747 42.6196 4
      vertex 5.05939 42.8089 4
    endloop
  endfacet
  facet normal 0 0 1
    outer loop
      vertex 5.19843 7.74623 4
      vertex 0 15 4
      vertex 5.13397 7.56605 4
    endloop
  endfacet
  facet normal 0 0 1
    outer loop
      vertex 0 46 4
      vertex 5.05939 42.8089 4
      vertex 5.05 43 4
    endloop
  endfacet
  facet normal 0 0 1
    outer loop
      vertex 0 4 4
      vertex 5.13397 7.56605 4
      vertex 0 15 4
    endloop
  endfacet
  facet normal 0 0 1
    outer loop
      vertex 92 46 4
      vertex 86.866 42.4339 4
      vertex 92 35 4
    endloop
  endfacet
  facet normal 0 0 1
    outer loop
      vertex 92 15 4
      vertex 86.9406 7.19113 4
      vertex 86.95 7 4
    endloop
  endfacet
  facet normal -0 0 1
    outer loop
      vertex 86.8016 42.2538 4
      vertex 92 35 4
      vertex 86.866 42.4339 4
    endloop
  endfacet
  facet normal 0 0 1
    outer loop
      vertex 92 15 4
      vertex 86.9125 7.38043 4
      vertex 86.9406 7.19113 4
    endloop
  endfacet
  facet normal -0 0 1
    outer loop
      vertex 86.7197 42.0808 4
      vertex 92 35 4
      vertex 86.8016 42.2538 4
    endloop
  endfacet
  facet normal 0 0 1
    outer loop
      vertex 92 15 4
      vertex 86.866 7.56605 4
      vertex 86.9125 7.38043 4
    endloop
  endfacet
  facet normal -0 0 1
    outer loop
      vertex 86.6214 41.9166 4
      vertex 92 35 4
      vertex 86.7197 42.0808 4
    endloop
  endfacet
  facet normal 0 0 1
    outer loop
      vertex 92 15 4
      vertex 86.8016 7.74623 4
      vertex 86.866 7.56605 4
    endloop
  endfacet
  facet normal -0 0 1
    outer loop
      vertex 86.5074 41.7629 4
      vertex 92 35 4
      vertex 86.6214 41.9166 4
    endloop
  endfacet
  facet normal 0 0 1
    outer loop
      vertex 92 15 4
      vertex 86.7197 7.91922 4
      vertex 86.8016 7.74623 4
    endloop
  endfacet
  facet normal -0 0 1
    outer loop
      vertex 86.3789 41.6211 4
      vertex 92 35 4
      vertex 86.5074 41.7629 4
    endloop
  endfacet
  facet normal 0 0 1
    outer loop
      vertex 92 15 4
      vertex 86.6214 8.08336 4
      vertex 86.7197 7.91922 4
    endloop
  endfacet
  facet normal -0 0 1
    outer loop
      vertex 86.2371 41.4926 4
      vertex 92 35 4
      vertex 86.3789 41.6211 4
    endloop
  endfacet
  facet normal 0 0 1
    outer loop
      vertex 92 15 4
      vertex 86.5074 8.23707 4
      vertex 86.6214 8.08336 4
    endloop
  endfacet
  facet normal -0 0 1
    outer loop
      vertex 86.0834 41.3786 4
      vertex 92 35 4
      vertex 86.2371 41.4926 4
    endloop
  endfacet
  facet normal 0 0 1
    outer loop
      vertex 92 15 4
      vertex 86.3789 8.37886 4
      vertex 86.5074 8.23707 4
    endloop
  endfacet
  facet normal -0 0 1
    outer loop
      vertex 85.9192 41.2803 4
      vertex 92 35 4
      vertex 86.0834 41.3786 4
    endloop
  endfacet
  facet normal -0 0 1
    outer loop
      vertex 79.9326 23.6278 4
      vertex 92 15 4
      vertex 80 25 4
    endloop
  endfacet
  facet normal 0 -0 1
    outer loop
      vertex 79.9326 26.3722 4
      vertex 92 35 4
      vertex 79.731 27.7313 4
    endloop
  endfacet
  facet normal -0 0 1
    outer loop
      vertex 79.731 22.2687 4
      vertex 92 15 4
      vertex 79.9326 23.6278 4
    endloop
  endfacet
  facet normal -0 0 1
    outer loop
      vertex 85.7462 41.1984 4
      vertex 92 35 4
      vertex 85.9192 41.2803 4
    endloop
  endfacet
  facet normal 0 0 1
    outer loop
      vertex 92 15 4
      vertex 86.2371 8.50737 4
      vertex 86.3789 8.37886 4
    endloop
  endfacet
  facet normal -0 0 1
    outer loop
      vertex 85.5661 41.134 4
      vertex 92 35 4
      vertex 85.7462 41.1984 4
    endloop
  endfacet
  facet normal 0 0 1
    outer loop
      vertex 92 15 4
      vertex 86.0834 8.62137 4
      vertex 86.2371 8.50737 4
    endloop
  endfacet
  facet normal -0 0 1
    outer loop
      vertex 85.3804 41.0875 4
      vertex 92 35 4
      vertex 85.5661 41.134 4
    endloop
  endfacet
  facet normal -0 0 1
    outer loop
      vertex 79.3972 20.936 4
      vertex 92 15 4
      vertex 79.731 22.2687 4
    endloop
  endfacet
  facet normal -0 0 1
    outer loop
      vertex 85.1911 41.0594 4
      vertex 92 35 4
      vertex 85.3804 41.0875 4
    endloop
  endfacet
  facet normal 0 0 1
    outer loop
      vertex 92 15 4
      vertex 85.9192 8.71975 4
      vertex 86.0834 8.62137 4
    endloop
  endfacet
  facet normal -0 0 1
    outer loop
      vertex 85 41.05 4
      vertex 92 35 4
      vertex 85.1911 41.0594 4
    endloop
  endfacet
  facet normal 0 0 1
    outer loop
      vertex 92 15 4
      vertex 85.7462 8.80156 4
      vertex 85.9192 8.71975 4
    endloop
  endfacet
  facet normal 0 0 1
    outer loop
      vertex 92 35 4
      vertex 85 41.05 4
      vertex 78.9343 30.3576 4
    endloop
  endfacet
  facet normal -0 0 1
    outer loop
      vertex 78.9343 19.6424 4
      vertex 92 15 4
      vertex 79.3972 20.936 4
    endloop
  endfacet
  facet normal 0 0 1
    outer loop
      vertex 78.3469 31.5996 4
      vertex 85 41.05 4
      vertex 84.8089 41.0594 4
    endloop
  endfacet
  facet normal 0 0 1
    outer loop
      vertex 92 15 4
      vertex 85.5661 8.86603 4
      vertex 85.7462 8.80156 4
    endloop
  endfacet
  facet normal 0 0 1
    outer loop
      vertex 78.3469 31.5996 4
      vertex 84.8089 41.0594 4
      vertex 84.6196 41.0875 4
    endloop
  endfacet
  facet normal 0 0 1
    outer loop
      vertex 92 15 4
      vertex 85.3804 8.91253 4
      vertex 85.5661 8.86603 4
    endloop
  endfacet
  facet normal 0 0 1
    outer loop
      vertex 78.3469 31.5996 4
      vertex 84.6196 41.0875 4
      vertex 84.4339 41.134 4
    endloop
  endfacet
  facet normal 0 -0 1
    outer loop
      vertex 85 8.95 4
      vertex 92 15 4
      vertex 78.9343 19.6424 4
    endloop
  endfacet
  facet normal 0 0 1
    outer loop
      vertex 77.6406 32.778 4
      vertex 84.4339 41.134 4
      vertex 84.2538 41.1984 4
    endloop
  endfacet
  facet normal 0 0 1
    outer loop
      vertex 92 15 4
      vertex 85.1911 8.94061 4
      vertex 85.3804 8.91253 4
    endloop
  endfacet
  facet normal 0 0 1
    outer loop
      vertex 77.6406 32.778 4
      vertex 84.2538 41.1984 4
      vertex 84.0808 41.2803 4
    endloop
  endfacet
  facet normal 0 0 1
    outer loop
      vertex 92 15 4
      vertex 85 8.95 4
      vertex 85.1911 8.94061 4
    endloop
  endfacet
  facet normal 0 0 1
    outer loop
      vertex 76.8221 33.8815 4
      vertex 84.0808 41.2803 4
      vertex 83.9166 41.3786 4
    endloop
  endfacet
  facet normal -0 0 1
    outer loop
      vertex 78.3469 18.4004 4
      vertex 85 8.95 4
      vertex 78.9343 19.6424 4
    endloop
  endfacet
  facet normal 0 0 1
    outer loop
      vertex 76.8221 33.8815 4
      vertex 83.9166 41.3786 4
      vertex 83.7629 41.4926 4
    endloop
  endfacet
  facet normal 0 0 1
    outer loop
      vertex 85 8.95 4
      vertex 78.3469 18.4004 4
      vertex 84.8089 8.94061 4
    endloop
  endfacet
  facet normal 0 0 1
    outer loop
      vertex 76.8221 33.8815 4
      vertex 83.7629 41.4926 4
      vertex 83.6211 41.6211 4
    endloop
  endfacet
  facet normal 0 0 1
    outer loop
      vertex 84.8089 8.94061 4
      vertex 78.3469 18.4004 4
      vertex 84.6196 8.91253 4
    endloop
  endfacet
  facet normal 0 0 1
    outer loop
      vertex 75.8995 34.8995 4
      vertex 83.6211 41.6211 4
      vertex 83.4926 41.7629 4
    endloop
  endfacet
  facet normal 0 0 1
    outer loop
      vertex 84.6196 8.91253 4
      vertex 78.3469 18.4004 4
      vertex 84.4339 8.86603 4
    endloop
  endfacet
  facet normal 0 0 1
    outer loop
      vertex 75.8995 34.8995 4
      vertex 83.4926 41.7629 4
      vertex 83.3786 41.9166 4
    endloop
  endfacet
  facet normal -0 0 1
    outer loop
      vertex 77.6406 17.222 4
      vertex 84.4339 8.86603 4
      vertex 78.3469 18.4004 4
    endloop
  endfacet
  facet normal 0 0 1
    outer loop
      vertex 74.8815 35.8221 4
      vertex 83.3786 41.9166 4
      vertex 83.2803 42.0808 4
    endloop
  endfacet
  facet normal 0 0 1
    outer loop
      vertex 84.4339 8.86603 4
      vertex 77.6406 17.222 4
      vertex 84.2538 8.80156 4
    endloop
  endfacet
  facet normal 0 0 1
    outer loop
      vertex 74.8815 35.8221 4
      vertex 83.2803 42.0808 4
      vertex 83.1984 42.2538 4
    endloop
  endfacet
  facet normal 0 0 1
    outer loop
      vertex 84.2538 8.80156 4
      vertex 77.6406 17.222 4
      vertex 84.0808 8.71975 4
    endloop
  endfacet
  facet normal 0 0 1
    outer loop
      vertex 74.8815 35.8221 4
      vertex 83.1984 42.2538 4
      vertex 83.134 42.4339 4
    endloop
  endfacet
  facet normal -0 0 1
    outer loop
      vertex 76.8221 16.1185 4
      vertex 84.0808 8.71975 4
      vertex 77.6406 17.222 4
    endloop
  endfacet
  facet normal 0 0 1
    outer loop
      vertex 73.778 36.6406 4
      vertex 83.134 42.4339 4
      vertex 83.0875 42.6196 4
    endloop
  endfacet
  facet normal 0 0 1
    outer loop
      vertex 84.0808 8.71975 4
      vertex 76.8221 16.1185 4
      vertex 83.9166 8.62137 4
    endloop
  endfacet
  facet normal 0 0 1
    outer loop
      vertex 73.778 36.6406 4
      vertex 83.0875 42.6196 4
      vertex 83.0594 42.8089 4
    endloop
  endfacet
  facet normal 0 0 1
    outer loop
      vertex 83.9166 8.62137 4
      vertex 76.8221 16.1185 4
      vertex 83.7629 8.50737 4
    endloop
  endfacet
  facet normal 0 0 1
    outer loop
      vertex 73.778 36.6406 4
      vertex 83.0594 42.8089 4
      vertex 83.05 43 4
    endloop
  endfacet
  facet normal 0 0 1
    outer loop
      vertex 83.7629 8.50737 4
      vertex 76.8221 16.1185 4
      vertex 83.6211 8.37886 4
    endloop
  endfacet
  facet normal 0 0 1
    outer loop
      vertex 86.9406 42.8089 4
      vertex 92 46 4
      vertex 86.95 43 4
    endloop
  endfacet
  facet normal 0 0 1
    outer loop
      vertex 86.9125 42.6196 4
      vertex 92 46 4
      vertex 86.9406 42.8089 4
    endloop
  endfacet
  facet normal 0 0 1
    outer loop
      vertex 86.5074 44.2371 4
      vertex 92 46 4
      vertex 91.9807 46.3921 4
    endloop
  endfacet
  facet normal 0 0 1
    outer loop
      vertex 86.866 42.4339 4
      vertex 92 46 4
      vertex 86.9125 42.6196 4
    endloop
  endfacet
  facet normal 0 0 1
    outer loop
      vertex 86.5074 44.2371 4
      vertex 91.9807 46.3921 4
      vertex 91.9231 46.7803 4
    endloop
  endfacet
  facet normal 0 0 1
    outer loop
      vertex 92 15 4
      vertex 86.95 7 4
      vertex 92 4 4
    endloop
  endfacet
  facet normal 0 0 1
    outer loop
      vertex 86.5074 44.2371 4
      vertex 91.9231 46.7803 4
      vertex 91.8278 47.1611 4
    endloop
  endfacet
  facet normal -0 0 1
    outer loop
      vertex 86.9406 6.80887 4
      vertex 92 4 4
      vertex 86.95 7 4
    endloop
  endfacet
  facet normal 0 0 1
    outer loop
      vertex 86.5074 44.2371 4
      vertex 91.8278 47.1611 4
      vertex 91.6955 47.5307 4
    endloop
  endfacet
  facet normal -0 0 1
    outer loop
      vertex 86.9125 6.61957 4
      vertex 92 4 4
      vertex 86.9406 6.80887 4
    endloop
  endfacet
  facet normal 0 0 1
    outer loop
      vertex 86.5074 44.2371 4
      vertex 91.6955 47.5307 4
      vertex 91.5277 47.8856 4
    endloop
  endfacet
  facet normal -0 0 1
    outer loop
      vertex 86.866 6.43394 4
      vertex 92 4 4
      vertex 86.9125 6.61957 4
    endloop
  endfacet
  facet normal 0 0 1
    outer loop
      vertex 86.3789 44.3789 4
      vertex 91.5277 47.8856 4
      vertex 91.3259 48.2223 4
    endloop
  endfacet
  facet normal -0 0 1
    outer loop
      vertex 86.8016 6.25377 4
      vertex 92 4 4
      vertex 86.866 6.43394 4
    endloop
  endfacet
  facet normal 0 0 1
    outer loop
      vertex 86.3789 44.3789 4
      vertex 91.3259 48.2223 4
      vertex 91.092 48.5376 4
    endloop
  endfacet
  facet normal -0 0 1
    outer loop
      vertex 86.7197 6.08078 4
      vertex 92 4 4
      vertex 86.8016 6.25377 4
    endloop
  endfacet
  facet normal 0 0 1
    outer loop
      vertex 86.3789 44.3789 4
      vertex 91.092 48.5376 4
      vertex 90.8284 48.8284 4
    endloop
  endfacet
  facet normal -0 0 1
    outer loop
      vertex 86.6214 5.91664 4
      vertex 92 4 4
      vertex 86.7197 6.08078 4
    endloop
  endfacet
  facet normal 0 0 1
    outer loop
      vertex 86.3789 44.3789 4
      vertex 90.8284 48.8284 4
      vertex 90.5376 49.092 4
    endloop
  endfacet
  facet normal -0 0 1
    outer loop
      vertex 86.5074 5.76293 4
      vertex 92 4 4
      vertex 86.6214 5.91664 4
    endloop
  endfacet
  facet normal 0 0 1
    outer loop
      vertex 86.3789 44.3789 4
      vertex 90.5376 49.092 4
      vertex 90.2223 49.3259 4
    endloop
  endfacet
  facet normal 0 0 1
    outer loop
      vertex 92 4 4
      vertex 86.5074 5.76293 4
      vertex 91.9807 3.60793 4
    endloop
  endfacet
  facet normal 0 0 1
    outer loop
      vertex 86.3789 44.3789 4
      vertex 90.2223 49.3259 4
      vertex 89.8856 49.5277 4
    endloop
  endfacet
  facet normal 0 0 1
    outer loop
      vertex 91.9807 3.60793 4
      vertex 86.5074 5.76293 4
      vertex 91.9231 3.21964 4
    endloop
  endfacet
  facet normal 0 0 1
    outer loop
      vertex 86.2371 44.5074 4
      vertex 89.8856 49.5277 4
      vertex 89.5307 49.6955 4
    endloop
  endfacet
  facet normal 0 0 1
    outer loop
      vertex 91.9231 3.21964 4
      vertex 86.5074 5.76293 4
      vertex 91.8278 2.83885 4
    endloop
  endfacet
  facet normal 0 0 1
    outer loop
      vertex 86.2371 44.5074 4
      vertex 89.5307 49.6955 4
      vertex 89.1611 49.8278 4
    endloop
  endfacet
  facet normal 0 0 1
    outer loop
      vertex 91.8278 2.83885 4
      vertex 86.5074 5.76293 4
      vertex 91.6955 2.46925 4
    endloop
  endfacet
  facet normal 0 0 1
    outer loop
      vertex 86.2371 44.5074 4
      vertex 89.1611 49.8278 4
      vertex 88.7803 49.9231 4
    endloop
  endfacet
  facet normal 0 0 1
    outer loop
      vertex 91.6955 2.46925 4
      vertex 86.5074 5.76293 4
      vertex 91.5277 2.11441 4
    endloop
  endfacet
  facet normal 0 0 1
    outer loop
      vertex 86.2371 44.5074 4
      vertex 88.7803 49.9231 4
      vertex 88.3921 49.9807 4
    endloop
  endfacet
  facet normal -0 0 1
    outer loop
      vertex 86.3789 5.62114 4
      vertex 91.5277 2.11441 4
      vertex 86.5074 5.76293 4
    endloop
  endfacet
  facet normal 0 0 1
    outer loop
      vertex 86.2371 44.5074 4
      vertex 88.3921 49.9807 4
      vertex 88 50 4
    endloop
  endfacet
  facet normal 0 0 1
    outer loop
      vertex 91.5277 2.11441 4
      vertex 86.3789 5.62114 4
      vertex 91.3259 1.77771 4
    endloop
  endfacet
  facet normal 0 0 1
    outer loop
      vertex 91.3259 1.77771 4
      vertex 86.3789 5.62114 4
      vertex 91.092 1.46242 4
    endloop
  endfacet
  facet normal 0 0 1
    outer loop
      vertex 92 46 4
      vertex 86.9406 43.1911 4
      vertex 86.95 43 4
    endloop
  endfacet
  facet normal 0 0 1
    outer loop
      vertex 92 46 4
      vertex 86.9125 43.3804 4
      vertex 86.9406 43.1911 4
    endloop
  endfacet
  facet normal 0 0 1
    outer loop
      vertex 92 46 4
      vertex 86.866 43.5661 4
      vertex 86.9125 43.3804 4
    endloop
  endfacet
  facet normal 0 0 1
    outer loop
      vertex 92 46 4
      vertex 86.8016 43.7462 4
      vertex 86.866 43.5661 4
    endloop
  endfacet
  facet normal 0 0 1
    outer loop
      vertex 92 46 4
      vertex 86.7197 43.9192 4
      vertex 86.8016 43.7462 4
    endloop
  endfacet
  facet normal 0 0 1
    outer loop
      vertex 92 46 4
      vertex 86.6214 44.0834 4
      vertex 86.7197 43.9192 4
    endloop
  endfacet
  facet normal 0 0 1
    outer loop
      vertex 92 46 4
      vertex 86.5074 44.2371 4
      vertex 86.6214 44.0834 4
    endloop
  endfacet
  facet normal 0 0 1
    outer loop
      vertex 91.5277 47.8856 4
      vertex 86.3789 44.3789 4
      vertex 86.5074 44.2371 4
    endloop
  endfacet
  facet normal 0 0 1
    outer loop
      vertex 89.8856 49.5277 4
      vertex 86.2371 44.5074 4
      vertex 86.3789 44.3789 4
    endloop
  endfacet
  facet normal 0 0 1
    outer loop
      vertex 88 50 4
      vertex 86.0834 44.6214 4
      vertex 86.2371 44.5074 4
    endloop
  endfacet
  facet normal 0 0 1
    outer loop
      vertex 88 50 4
      vertex 85.9192 44.7197 4
      vertex 86.0834 44.6214 4
    endloop
  endfacet
  facet normal 0 0 1
    outer loop
      vertex 88 50 4
      vertex 85.7462 44.8016 4
      vertex 85.9192 44.7197 4
    endloop
  endfacet
  facet normal 0 0 1
    outer loop
      vertex 88 50 4
      vertex 85.5661 44.866 4
      vertex 85.7462 44.8016 4
    endloop
  endfacet
  facet normal 0 0 1
    outer loop
      vertex 88 50 4
      vertex 85.3804 44.9125 4
      vertex 85.5661 44.866 4
    endloop
  endfacet
  facet normal 0 0 1
    outer loop
      vertex 88 50 4
      vertex 85.1911 44.9406 4
      vertex 85.3804 44.9125 4
    endloop
  endfacet
  facet normal 0 0 1
    outer loop
      vertex 88 50 4
      vertex 85 44.95 4
      vertex 85.1911 44.9406 4
    endloop
  endfacet
  facet normal 0 0 1
    outer loop
      vertex 88 50 4
      vertex 84.8089 44.9406 4
      vertex 85 44.95 4
    endloop
  endfacet
  facet normal 0 0 1
    outer loop
      vertex 88 50 4
      vertex 84.6196 44.9125 4
      vertex 84.8089 44.9406 4
    endloop
  endfacet
  facet normal 0 0 1
    outer loop
      vertex 88 50 4
      vertex 84.4339 44.866 4
      vertex 84.6196 44.9125 4
    endloop
  endfacet
  facet normal 0 0 1
    outer loop
      vertex 88 50 4
      vertex 84.2538 44.8016 4
      vertex 84.4339 44.866 4
    endloop
  endfacet
  facet normal 0 0 1
    outer loop
      vertex 88 50 4
      vertex 84.0808 44.7197 4
      vertex 84.2538 44.8016 4
    endloop
  endfacet
  facet normal 0 0 1
    outer loop
      vertex 88 50 4
      vertex 83.9166 44.6214 4
      vertex 84.0808 44.7197 4
    endloop
  endfacet
  facet normal 0 0 1
    outer loop
      vertex 88 50 4
      vertex 83.7629 44.5074 4
      vertex 83.9166 44.6214 4
    endloop
  endfacet
  facet normal 0 0 1
    outer loop
      vertex 88 50 4
      vertex 83.6211 44.3789 4
      vertex 83.7629 44.5074 4
    endloop
  endfacet
  facet normal 0 0 1
    outer loop
      vertex 67.3722 38.9326 4
      vertex 83.6211 44.3789 4
      vertex 88 50 4
    endloop
  endfacet
  facet normal -0 0 1
    outer loop
      vertex 75.8995 15.1005 4
      vertex 83.6211 8.37886 4
      vertex 76.8221 16.1185 4
    endloop
  endfacet
  facet normal 0 0 1
    outer loop
      vertex 72.5996 37.3469 4
      vertex 83.05 43 4
      vertex 83.0594 43.1911 4
    endloop
  endfacet
  facet normal 0 0 1
    outer loop
      vertex 72.5996 37.3469 4
      vertex 83.0594 43.1911 4
      vertex 83.0875 43.3804 4
    endloop
  endfacet
  facet normal 0 0 1
    outer loop
      vertex 92 35 4
      vertex 80 25 4
      vertex 92 15 4
    endloop
  endfacet
  facet normal 0 -0 1
    outer loop
      vertex 80 25 4
      vertex 92 35 4
      vertex 79.9326 26.3722 4
    endloop
  endfacet
  facet normal 0 0 1
    outer loop
      vertex 92 35 4
      vertex 79.3972 29.064 4
      vertex 79.731 27.7313 4
    endloop
  endfacet
  facet normal 0 0 1
    outer loop
      vertex 71.3576 37.9343 4
      vertex 83.0875 43.3804 4
      vertex 83.134 43.5661 4
    endloop
  endfacet
  facet normal 0 0 1
    outer loop
      vertex 92 35 4
      vertex 78.9343 30.3576 4
      vertex 79.3972 29.064 4
    endloop
  endfacet
  facet normal 0 0 1
    outer loop
      vertex 85 41.05 4
      vertex 78.3469 31.5996 4
      vertex 78.9343 30.3576 4
    endloop
  endfacet
  facet normal 0 0 1
    outer loop
      vertex 71.3576 37.9343 4
      vertex 83.134 43.5661 4
      vertex 83.1984 43.7462 4
    endloop
  endfacet
  facet normal 0 0 1
    outer loop
      vertex 84.4339 41.134 4
      vertex 77.6406 32.778 4
      vertex 78.3469 31.5996 4
    endloop
  endfacet
  facet normal 0 0 1
    outer loop
      vertex 70.064 38.3972 4
      vertex 83.1984 43.7462 4
      vertex 83.2803 43.9192 4
    endloop
  endfacet
  facet normal 0 0 1
    outer loop
      vertex 84.0808 41.2803 4
      vertex 76.8221 33.8815 4
      vertex 77.6406 32.778 4
    endloop
  endfacet
  facet normal 0 0 1
    outer loop
      vertex 70.064 38.3972 4
      vertex 83.2803 43.9192 4
      vertex 83.3786 44.0834 4
    endloop
  endfacet
  facet normal 0 0 1
    outer loop
      vertex 83.6211 41.6211 4
      vertex 75.8995 34.8995 4
      vertex 76.8221 33.8815 4
    endloop
  endfacet
  facet normal 0 0 1
    outer loop
      vertex 68.7313 38.731 4
      vertex 83.3786 44.0834 4
      vertex 83.4926 44.2371 4
    endloop
  endfacet
  facet normal 0 0 1
    outer loop
      vertex 83.6211 44.3789 4
      vertex 67.3722 38.9326 4
      vertex 83.4926 44.2371 4
    endloop
  endfacet
  facet normal 0 0 1
    outer loop
      vertex 83.3786 41.9166 4
      vertex 74.8815 35.8221 4
      vertex 75.8995 34.8995 4
    endloop
  endfacet
  facet normal 0 0 1
    outer loop
      vertex 83.134 42.4339 4
      vertex 73.778 36.6406 4
      vertex 74.8815 35.8221 4
    endloop
  endfacet
  facet normal 0 0 1
    outer loop
      vertex 83.05 43 4
      vertex 72.5996 37.3469 4
      vertex 73.778 36.6406 4
    endloop
  endfacet
  facet normal 0 0 1
    outer loop
      vertex 83.0875 43.3804 4
      vertex 71.3576 37.9343 4
      vertex 72.5996 37.3469 4
    endloop
  endfacet
  facet normal 0 0 1
    outer loop
      vertex 83.1984 43.7462 4
      vertex 70.064 38.3972 4
      vertex 71.3576 37.9343 4
    endloop
  endfacet
  facet normal 0 0 1
    outer loop
      vertex 83.3786 44.0834 4
      vertex 68.7313 38.731 4
      vertex 70.064 38.3972 4
    endloop
  endfacet
  facet normal 0 0 1
    outer loop
      vertex 83.4926 44.2371 4
      vertex 67.3722 38.9326 4
      vertex 68.7313 38.731 4
    endloop
  endfacet
  facet normal 0 0 1
    outer loop
      vertex 88 50 4
      vertex 66 39 4
      vertex 67.3722 38.9326 4
    endloop
  endfacet
  facet normal 0 0 1
    outer loop
      vertex 88 50 4
      vertex 64.6278 38.9326 4
      vertex 66 39 4
    endloop
  endfacet
  facet normal 0 0 1
    outer loop
      vertex 88 50 4
      vertex 63.2687 38.731 4
      vertex 64.6278 38.9326 4
    endloop
  endfacet
  facet normal -0 0 1
    outer loop
      vertex 31.3543 39.3541 4
      vertex 63.2687 38.731 4
      vertex 88 50 4
    endloop
  endfacet
  facet normal 0 0 1
    outer loop
      vertex 63.2687 38.731 4
      vertex 31.3543 39.3541 4
      vertex 61.936 38.3972 4
    endloop
  endfacet
  facet normal 0 0 1
    outer loop
      vertex 52.0674 26.3722 4
      vertex 42 25 4
      vertex 52 25 4
    endloop
  endfacet
  facet normal -0 0 1
    outer loop
      vertex 41.9278 26.4703 4
      vertex 52.0674 26.3722 4
      vertex 52.269 27.7313 4
    endloop
  endfacet
  facet normal -0 0 1
    outer loop
      vertex 41.7118 27.9264 4
      vertex 52.269 27.7313 4
      vertex 52.6028 29.064 4
    endloop
  endfacet
  facet normal -0 0 1
    outer loop
      vertex 41.3541 29.3543 4
      vertex 52.6028 29.064 4
      vertex 53.0657 30.3576 4
    endloop
  endfacet
  facet normal -0 0 1
    outer loop
      vertex 40.8582 30.7402 4
      vertex 53.0657 30.3576 4
      vertex 53.6531 31.5996 4
    endloop
  endfacet
  facet normal -0 0 1
    outer loop
      vertex 40.2288 32.0709 4
      vertex 53.6531 31.5996 4
      vertex 54.3594 32.778 4
    endloop
  endfacet
  facet normal -0 0 1
    outer loop
      vertex 39.472 33.3336 4
      vertex 54.3594 32.778 4
      vertex 55.1779 33.8815 4
    endloop
  endfacet
  facet normal -0 0 1
    outer loop
      vertex 38.5952 34.5159 4
      vertex 55.1779 33.8815 4
      vertex 56.1005 34.8995 4
    endloop
  endfacet
  facet normal -0 0 1
    outer loop
      vertex 37.6066 35.6066 4
      vertex 56.1005 34.8995 4
      vertex 57.1185 35.8221 4
    endloop
  endfacet
  facet normal -0 0 1
    outer loop
      vertex 36.5159 36.5952 4
      vertex 57.1185 35.8221 4
      vertex 58.222 36.6406 4
    endloop
  endfacet
  facet normal 0 0 1
    outer loop
      vertex 52.0674 26.3722 4
      vertex 41.9278 26.4703 4
      vertex 42 25 4
    endloop
  endfacet
  facet normal 0 0 1
    outer loop
      vertex 52.269 27.7313 4
      vertex 41.7118 27.9264 4
      vertex 41.9278 26.4703 4
    endloop
  endfacet
  facet normal 0 0 1
    outer loop
      vertex 35.3336 37.472 4
      vertex 58.222 36.6406 4
      vertex 59.4004 37.3469 4
    endloop
  endfacet
  facet normal 0 0 1
    outer loop
      vertex 52.6028 29.064 4
      vertex 41.3541 29.3543 4
      vertex 41.7118 27.9264 4
    endloop
  endfacet
  facet normal 0 0 1
    outer loop
      vertex 34.0709 38.2288 4
      vertex 59.4004 37.3469 4
      vertex 60.6424 37.9343 4
    endloop
  endfacet
  facet normal 0 0 1
    outer loop
      vertex 53.0657 30.3576 4
      vertex 40.8582 30.7402 4
      vertex 41.3541 29.3543 4
    endloop
  endfacet
  facet normal -0 -0 1
    outer loop
      vertex 32.7402 38.8582 4
      vertex 61.936 38.3972 4
      vertex 31.3543 39.3541 4
    endloop
  endfacet
  facet normal 0 0 1
    outer loop
      vertex 53.6531 31.5996 4
      vertex 40.2288 32.0709 4
      vertex 40.8582 30.7402 4
    endloop
  endfacet
  facet normal 0 0 1
    outer loop
      vertex 54.3594 32.778 4
      vertex 39.472 33.3336 4
      vertex 40.2288 32.0709 4
    endloop
  endfacet
  facet normal 0 0 1
    outer loop
      vertex 55.1779 33.8815 4
      vertex 38.5952 34.5159 4
      vertex 39.472 33.3336 4
    endloop
  endfacet
  facet normal 0 0 1
    outer loop
      vertex 56.1005 34.8995 4
      vertex 37.6066 35.6066 4
      vertex 38.5952 34.5159 4
    endloop
  endfacet
  facet normal 0 0 1
    outer loop
      vertex 57.1185 35.8221 4
      vertex 36.5159 36.5952 4
      vertex 37.6066 35.6066 4
    endloop
  endfacet
  facet normal 0 0 1
    outer loop
      vertex 58.222 36.6406 4
      vertex 35.3336 37.472 4
      vertex 36.5159 36.5952 4
    endloop
  endfacet
  facet normal 0 0 1
    outer loop
      vertex 59.4004 37.3469 4
      vertex 34.0709 38.2288 4
      vertex 35.3336 37.472 4
    endloop
  endfacet
  facet normal 0 0 1
    outer loop
      vertex 60.6424 37.9343 4
      vertex 32.7402 38.8582 4
      vertex 34.0709 38.2288 4
    endloop
  endfacet
  facet normal 0 0 1
    outer loop
      vertex 61.936 38.3972 4
      vertex 32.7402 38.8582 4
      vertex 60.6424 37.9343 4
    endloop
  endfacet
  facet normal 0 0 1
    outer loop
      vertex 88 50 4
      vertex 29.9264 39.7118 4
      vertex 31.3543 39.3541 4
    endloop
  endfacet
  facet normal -0 0 1
    outer loop
      vertex 4 50 4
      vertex 29.9264 39.7118 4
      vertex 88 50 4
    endloop
  endfacet
  facet normal 0 0 1
    outer loop
      vertex 29.9264 39.7118 4
      vertex 4 50 4
      vertex 28.4703 39.9278 4
    endloop
  endfacet
  facet normal 0 0 1
    outer loop
      vertex 28.4703 39.9278 4
      vertex 4 50 4
      vertex 27 40 4
    endloop
  endfacet
  facet normal 0 0 1
    outer loop
      vertex 27 40 4
      vertex 4 50 4
      vertex 25.5297 39.9278 4
    endloop
  endfacet
  facet normal 0 0 1
    outer loop
      vertex 16.3934 35.6066 4
      vertex 8.50737 41.7629 4
      vertex 15.4048 34.5159 4
    endloop
  endfacet
  facet normal -0 0 1
    outer loop
      vertex 8.50737 41.7629 4
      vertex 16.3934 35.6066 4
      vertex 8.62137 41.9166 4
    endloop
  endfacet
  facet normal -0 0 1
    outer loop
      vertex 8.62137 41.9166 4
      vertex 16.3934 35.6066 4
      vertex 8.71975 42.0808 4
    endloop
  endfacet
  facet normal -0 0 1
    outer loop
      vertex 8.71975 42.0808 4
      vertex 16.3934 35.6066 4
      vertex 8.80156 42.2538 4
    endloop
  endfacet
  facet normal 0 0 1
    outer loop
      vertex 17.4841 36.5952 4
      vertex 8.80156 42.2538 4
      vertex 16.3934 35.6066 4
    endloop
  endfacet
  facet normal -0 0 1
    outer loop
      vertex 8.80156 42.2538 4
      vertex 17.4841 36.5952 4
      vertex 8.86603 42.4339 4
    endloop
  endfacet
  facet normal -0 0 1
    outer loop
      vertex 8.86603 42.4339 4
      vertex 17.4841 36.5952 4
      vertex 8.91253 42.6196 4
    endloop
  endfacet
  facet normal 0 0 1
    outer loop
      vertex 18.6664 37.472 4
      vertex 8.91253 42.6196 4
      vertex 17.4841 36.5952 4
    endloop
  endfacet
  facet normal -0 0 1
    outer loop
      vertex 8.91253 42.6196 4
      vertex 18.6664 37.472 4
      vertex 8.94061 42.8089 4
    endloop
  endfacet
  facet normal -0 0 1
    outer loop
      vertex 8.94061 42.8089 4
      vertex 18.6664 37.472 4
      vertex 8.95 43 4
    endloop
  endfacet
  facet normal 0 0 1
    outer loop
      vertex 8.94061 43.1911 4
      vertex 18.6664 37.472 4
      vertex 19.9291 38.2288 4
    endloop
  endfacet
  facet normal 0 0 1
    outer loop
      vertex 8.86603 43.5661 4
      vertex 19.9291 38.2288 4
      vertex 21.2598 38.8582 4
    endloop
  endfacet
  facet normal 0 0 1
    outer loop
      vertex 8.71975 43.9192 4
      vertex 21.2598 38.8582 4
      vertex 22.6457 39.3541 4
    endloop
  endfacet
  facet normal 0 0 1
    outer loop
      vertex 8.50737 44.2371 4
      vertex 22.6457 39.3541 4
      vertex 24.0736 39.7118 4
    endloop
  endfacet
  facet normal 0 0 1
    outer loop
      vertex 25.5297 39.9278 4
      vertex 4 50 4
      vertex 24.0736 39.7118 4
    endloop
  endfacet
  facet normal 0 0 1
    outer loop
      vertex 18.6664 37.472 4
      vertex 8.94061 43.1911 4
      vertex 8.95 43 4
    endloop
  endfacet
  facet normal 0 0 1
    outer loop
      vertex 19.9291 38.2288 4
      vertex 8.91253 43.3804 4
      vertex 8.94061 43.1911 4
    endloop
  endfacet
  facet normal 0 0 1
    outer loop
      vertex 19.9291 38.2288 4
      vertex 8.86603 43.5661 4
      vertex 8.91253 43.3804 4
    endloop
  endfacet
  facet normal 0 0 1
    outer loop
      vertex 21.2598 38.8582 4
      vertex 8.80156 43.7462 4
      vertex 8.86603 43.5661 4
    endloop
  endfacet
  facet normal 0 0 1
    outer loop
      vertex 21.2598 38.8582 4
      vertex 8.71975 43.9192 4
      vertex 8.80156 43.7462 4
    endloop
  endfacet
  facet normal 0 0 1
    outer loop
      vertex 22.6457 39.3541 4
      vertex 8.62137 44.0834 4
      vertex 8.71975 43.9192 4
    endloop
  endfacet
  facet normal 0 0 1
    outer loop
      vertex 22.6457 39.3541 4
      vertex 8.50737 44.2371 4
      vertex 8.62137 44.0834 4
    endloop
  endfacet
  facet normal 0 0 1
    outer loop
      vertex 24.0736 39.7118 4
      vertex 8.37886 44.3789 4
      vertex 8.50737 44.2371 4
    endloop
  endfacet
  facet normal 0 0 1
    outer loop
      vertex 24.0736 39.7118 4
      vertex 4 50 4
      vertex 8.37886 44.3789 4
    endloop
  endfacet
  facet normal 0 0 1
    outer loop
      vertex 8.37886 44.3789 4
      vertex 4 50 4
      vertex 8.23707 44.5074 4
    endloop
  endfacet
  facet normal 0 0 1
    outer loop
      vertex 8.23707 44.5074 4
      vertex 4 50 4
      vertex 8.08336 44.6214 4
    endloop
  endfacet
  facet normal 0 0 1
    outer loop
      vertex 8.08336 44.6214 4
      vertex 4 50 4
      vertex 7.91922 44.7197 4
    endloop
  endfacet
  facet normal 0 0 1
    outer loop
      vertex 7.91922 44.7197 4
      vertex 4 50 4
      vertex 7.74623 44.8016 4
    endloop
  endfacet
  facet normal 0 0 1
    outer loop
      vertex 7.74623 44.8016 4
      vertex 4 50 4
      vertex 7.56605 44.866 4
    endloop
  endfacet
  facet normal 0 0 1
    outer loop
      vertex 7.56605 44.866 4
      vertex 4 50 4
      vertex 7.38043 44.9125 4
    endloop
  endfacet
  facet normal 0 0 1
    outer loop
      vertex 7.38043 44.9125 4
      vertex 4 50 4
      vertex 7.19113 44.9406 4
    endloop
  endfacet
  facet normal 0 0 1
    outer loop
      vertex 7.19113 44.9406 4
      vertex 4 50 4
      vertex 7 44.95 4
    endloop
  endfacet
  facet normal -0 0 1
    outer loop
      vertex 0.907944 48.5376 4
      vertex 5.62114 44.3789 4
      vertex 1.17157 48.8284 4
    endloop
  endfacet
  facet normal -0 0 1
    outer loop
      vertex 1.17157 48.8284 4
      vertex 5.62114 44.3789 4
      vertex 1.46242 49.092 4
    endloop
  endfacet
  facet normal -0 0 1
    outer loop
      vertex 1.46242 49.092 4
      vertex 5.62114 44.3789 4
      vertex 1.77771 49.3259 4
    endloop
  endfacet
  facet normal -0 0 1
    outer loop
      vertex 1.77771 49.3259 4
      vertex 5.62114 44.3789 4
      vertex 2.11441 49.5277 4
    endloop
  endfacet
  facet normal 0 0 1
    outer loop
      vertex 5.76293 44.5074 4
      vertex 2.11441 49.5277 4
      vertex 5.62114 44.3789 4
    endloop
  endfacet
  facet normal -0 0 1
    outer loop
      vertex 2.11441 49.5277 4
      vertex 5.76293 44.5074 4
      vertex 2.46925 49.6955 4
    endloop
  endfacet
  facet normal -0 0 1
    outer loop
      vertex 2.46925 49.6955 4
      vertex 5.76293 44.5074 4
      vertex 2.83885 49.8278 4
    endloop
  endfacet
  facet normal -0 0 1
    outer loop
      vertex 2.83885 49.8278 4
      vertex 5.76293 44.5074 4
      vertex 3.21964 49.9231 4
    endloop
  endfacet
  facet normal -0 0 1
    outer loop
      vertex 3.21964 49.9231 4
      vertex 5.76293 44.5074 4
      vertex 3.60793 49.9807 4
    endloop
  endfacet
  facet normal -0 0 1
    outer loop
      vertex 3.60793 49.9807 4
      vertex 5.76293 44.5074 4
      vertex 4 50 4
    endloop
  endfacet
  facet normal 0 0 1
    outer loop
      vertex 5.91664 44.6214 4
      vertex 4 50 4
      vertex 5.76293 44.5074 4
    endloop
  endfacet
  facet normal 0 0 1
    outer loop
      vertex 6.08078 44.7197 4
      vertex 4 50 4
      vertex 5.91664 44.6214 4
    endloop
  endfacet
  facet normal 0 0 1
    outer loop
      vertex 6.25377 44.8016 4
      vertex 4 50 4
      vertex 6.08078 44.7197 4
    endloop
  endfacet
  facet normal 0 0 1
    outer loop
      vertex 6.43394 44.866 4
      vertex 4 50 4
      vertex 6.25377 44.8016 4
    endloop
  endfacet
  facet normal 0 0 1
    outer loop
      vertex 6.61957 44.9125 4
      vertex 4 50 4
      vertex 6.43394 44.866 4
    endloop
  endfacet
  facet normal 0 0 1
    outer loop
      vertex 6.80887 44.9406 4
      vertex 4 50 4
      vertex 6.61957 44.9125 4
    endloop
  endfacet
  facet normal 0 0 1
    outer loop
      vertex 7 44.95 4
      vertex 4 50 4
      vertex 6.80887 44.9406 4
    endloop
  endfacet
  facet normal 0 0 1
    outer loop
      vertex 91.092 1.46242 4
      vertex 86.3789 5.62114 4
      vertex 90.8284 1.17157 4
    endloop
  endfacet
  facet normal 0 0 1
    outer loop
      vertex 90.8284 1.17157 4
      vertex 86.3789 5.62114 4
      vertex 90.5376 0.907944 4
    endloop
  endfacet
  facet normal 0 0 1
    outer loop
      vertex 90.5376 0.907944 4
      vertex 86.3789 5.62114 4
      vertex 90.2223 0.674118 4
    endloop
  endfacet
  facet normal 0 0 1
    outer loop
      vertex 90.2223 0.674118 4
      vertex 86.3789 5.62114 4
      vertex 89.8856 0.472305 4
    endloop
  endfacet
  facet normal -0 0 1
    outer loop
      vertex 86.2371 5.49263 4
      vertex 89.8856 0.472305 4
      vertex 86.3789 5.62114 4
    endloop
  endfacet
  facet normal 0 0 1
    outer loop
      vertex 89.8856 0.472305 4
      vertex 86.2371 5.49263 4
      vertex 89.5307 0.304474 4
    endloop
  endfacet
  facet normal 0 0 1
    outer loop
      vertex 89.5307 0.304474 4
      vertex 86.2371 5.49263 4
      vertex 89.1611 0.172226 4
    endloop
  endfacet
  facet normal 0 0 1
    outer loop
      vertex 89.1611 0.172226 4
      vertex 86.2371 5.49263 4
      vertex 88.7803 0.0768585 4
    endloop
  endfacet
  facet normal 0 0 1
    outer loop
      vertex 88.7803 0.0768585 4
      vertex 86.2371 5.49263 4
      vertex 88.3921 0.0192566 4
    endloop
  endfacet
  facet normal 0 0 1
    outer loop
      vertex 88.3921 0.0192566 4
      vertex 86.2371 5.49263 4
      vertex 88 0 4
    endloop
  endfacet
  facet normal -0 0 1
    outer loop
      vertex 86.0834 5.37863 4
      vertex 88 0 4
      vertex 86.2371 5.49263 4
    endloop
  endfacet
  facet normal -0 0 1
    outer loop
      vertex 85.9192 5.28025 4
      vertex 88 0 4
      vertex 86.0834 5.37863 4
    endloop
  endfacet
  facet normal -0 0 1
    outer loop
      vertex 85.7462 5.19843 4
      vertex 88 0 4
      vertex 85.9192 5.28025 4
    endloop
  endfacet
  facet normal -0 0 1
    outer loop
      vertex 85.5661 5.13397 4
      vertex 88 0 4
      vertex 85.7462 5.19843 4
    endloop
  endfacet
  facet normal -0 0 1
    outer loop
      vertex 85.3804 5.08747 4
      vertex 88 0 4
      vertex 85.5661 5.13397 4
    endloop
  endfacet
  facet normal -0 0 1
    outer loop
      vertex 85.1911 5.05939 4
      vertex 88 0 4
      vertex 85.3804 5.08747 4
    endloop
  endfacet
  facet normal -0 0 1
    outer loop
      vertex 85 5.05 4
      vertex 88 0 4
      vertex 85.1911 5.05939 4
    endloop
  endfacet
  facet normal 0 0 1
    outer loop
      vertex 84.8089 5.05939 4
      vertex 88 0 4
      vertex 85 5.05 4
    endloop
  endfacet
  facet normal 0 0 1
    outer loop
      vertex 84.6196 5.08747 4
      vertex 88 0 4
      vertex 84.8089 5.05939 4
    endloop
  endfacet
  facet normal 0 0 1
    outer loop
      vertex 84.4339 5.13397 4
      vertex 88 0 4
      vertex 84.6196 5.08747 4
    endloop
  endfacet
  facet normal 0 0 1
    outer loop
      vertex 84.2538 5.19843 4
      vertex 88 0 4
      vertex 84.4339 5.13397 4
    endloop
  endfacet
  facet normal 0 0 1
    outer loop
      vertex 84.0808 5.28025 4
      vertex 88 0 4
      vertex 84.2538 5.19843 4
    endloop
  endfacet
  facet normal 0 0 1
    outer loop
      vertex 83.9166 5.37863 4
      vertex 88 0 4
      vertex 84.0808 5.28025 4
    endloop
  endfacet
  facet normal 0 0 1
    outer loop
      vertex 83.7629 5.49263 4
      vertex 88 0 4
      vertex 83.9166 5.37863 4
    endloop
  endfacet
  facet normal 0 0 1
    outer loop
      vertex 83.6211 5.62114 4
      vertex 88 0 4
      vertex 83.7629 5.49263 4
    endloop
  endfacet
  facet normal 0 0 1
    outer loop
      vertex 67.3722 11.0674 4
      vertex 83.6211 5.62114 4
      vertex 83.4926 5.76293 4
    endloop
  endfacet
  facet normal 0 0 1
    outer loop
      vertex 83.6211 8.37886 4
      vertex 75.8995 15.1005 4
      vertex 83.4926 8.23707 4
    endloop
  endfacet
  facet normal 0 0 1
    outer loop
      vertex 83.4926 8.23707 4
      vertex 75.8995 15.1005 4
      vertex 83.3786 8.08336 4
    endloop
  endfacet
  facet normal -0 0 1
    outer loop
      vertex 74.8815 14.1779 4
      vertex 83.3786 8.08336 4
      vertex 75.8995 15.1005 4
    endloop
  endfacet
  facet normal 0 0 1
    outer loop
      vertex 83.3786 8.08336 4
      vertex 74.8815 14.1779 4
      vertex 83.2803 7.91922 4
    endloop
  endfacet
  facet normal 0 0 1
    outer loop
      vertex 83.2803 7.91922 4
      vertex 74.8815 14.1779 4
      vertex 83.1984 7.74623 4
    endloop
  endfacet
  facet normal 0 0 1
    outer loop
      vertex 83.1984 7.74623 4
      vertex 74.8815 14.1779 4
      vertex 83.134 7.56605 4
    endloop
  endfacet
  facet normal -0 0 1
    outer loop
      vertex 73.778 13.3594 4
      vertex 83.134 7.56605 4
      vertex 74.8815 14.1779 4
    endloop
  endfacet
  facet normal 0 0 1
    outer loop
      vertex 83.134 7.56605 4
      vertex 73.778 13.3594 4
      vertex 83.0875 7.38043 4
    endloop
  endfacet
  facet normal 0 0 1
    outer loop
      vertex 83.0875 7.38043 4
      vertex 73.778 13.3594 4
      vertex 83.0594 7.19113 4
    endloop
  endfacet
  facet normal 0 0 1
    outer loop
      vertex 83.0594 7.19113 4
      vertex 73.778 13.3594 4
      vertex 83.05 7 4
    endloop
  endfacet
  facet normal -0 0 1
    outer loop
      vertex 72.5996 12.6531 4
      vertex 83.05 7 4
      vertex 73.778 13.3594 4
    endloop
  endfacet
  facet normal 0 0 1
    outer loop
      vertex 83.05 7 4
      vertex 72.5996 12.6531 4
      vertex 83.0594 6.80887 4
    endloop
  endfacet
  facet normal 0 0 1
    outer loop
      vertex 83.0594 6.80887 4
      vertex 72.5996 12.6531 4
      vertex 83.0875 6.61957 4
    endloop
  endfacet
  facet normal -0 0 1
    outer loop
      vertex 71.3576 12.0657 4
      vertex 83.0875 6.61957 4
      vertex 72.5996 12.6531 4
    endloop
  endfacet
  facet normal 0 0 1
    outer loop
      vertex 83.0875 6.61957 4
      vertex 71.3576 12.0657 4
      vertex 83.134 6.43394 4
    endloop
  endfacet
  facet normal 0 0 1
    outer loop
      vertex 83.134 6.43394 4
      vertex 71.3576 12.0657 4
      vertex 83.1984 6.25377 4
    endloop
  endfacet
  facet normal -0 0 1
    outer loop
      vertex 70.064 11.6028 4
      vertex 83.1984 6.25377 4
      vertex 71.3576 12.0657 4
    endloop
  endfacet
  facet normal 0 0 1
    outer loop
      vertex 83.1984 6.25377 4
      vertex 70.064 11.6028 4
      vertex 83.2803 6.08078 4
    endloop
  endfacet
  facet normal 0 0 1
    outer loop
      vertex 83.2803 6.08078 4
      vertex 70.064 11.6028 4
      vertex 83.3786 5.91664 4
    endloop
  endfacet
  facet normal -0 0 1
    outer loop
      vertex 68.7313 11.269 4
      vertex 83.3786 5.91664 4
      vertex 70.064 11.6028 4
    endloop
  endfacet
  facet normal 0 0 1
    outer loop
      vertex 83.3786 5.91664 4
      vertex 68.7313 11.269 4
      vertex 83.4926 5.76293 4
    endloop
  endfacet
  facet normal -0 0 1
    outer loop
      vertex 67.3722 11.0674 4
      vertex 83.4926 5.76293 4
      vertex 68.7313 11.269 4
    endloop
  endfacet
  facet normal 0 0 1
    outer loop
      vertex 83.6211 5.62114 4
      vertex 67.3722 11.0674 4
      vertex 88 0 4
    endloop
  endfacet
  facet normal -0 0 1
    outer loop
      vertex 66 11 4
      vertex 88 0 4
      vertex 67.3722 11.0674 4
    endloop
  endfacet
  facet normal 0 0 1
    outer loop
      vertex 64.6278 11.0674 4
      vertex 88 0 4
      vertex 66 11 4
    endloop
  endfacet
  facet normal 0 0 1
    outer loop
      vertex 63.2687 11.269 4
      vertex 88 0 4
      vertex 64.6278 11.0674 4
    endloop
  endfacet
  facet normal 0 0 1
    outer loop
      vertex 31.3543 10.6459 4
      vertex 63.2687 11.269 4
      vertex 61.936 11.6028 4
    endloop
  endfacet
  facet normal 0 0 1
    outer loop
      vertex 32.7402 11.1418 4
      vertex 61.936 11.6028 4
      vertex 60.6424 12.0657 4
    endloop
  endfacet
  facet normal -0 0 1
    outer loop
      vertex 42 25 4
      vertex 52.0674 23.6278 4
      vertex 52 25 4
    endloop
  endfacet
  facet normal 0 0 1
    outer loop
      vertex 41.9278 23.5297 4
      vertex 52.0674 23.6278 4
      vertex 42 25 4
    endloop
  endfacet
  facet normal 0 0 1
    outer loop
      vertex 52.0674 23.6278 4
      vertex 41.9278 23.5297 4
      vertex 52.269 22.2687 4
    endloop
  endfacet
  facet normal 0 0 1
    outer loop
      vertex 41.7118 22.0736 4
      vertex 52.269 22.2687 4
      vertex 41.9278 23.5297 4
    endloop
  endfacet
  facet normal 0 0 1
    outer loop
      vertex 52.269 22.2687 4
      vertex 41.7118 22.0736 4
      vertex 52.6028 20.936 4
    endloop
  endfacet
  facet normal 0 0 1
    outer loop
      vertex 41.3541 20.6457 4
      vertex 52.6028 20.936 4
      vertex 41.7118 22.0736 4
    endloop
  endfacet
  facet normal 0 0 1
    outer loop
      vertex 52.6028 20.936 4
      vertex 41.3541 20.6457 4
      vertex 53.0657 19.6424 4
    endloop
  endfacet
  facet normal 0 0 1
    outer loop
      vertex 40.8582 19.2598 4
      vertex 53.0657 19.6424 4
      vertex 41.3541 20.6457 4
    endloop
  endfacet
  facet normal 0 0 1
    outer loop
      vertex 53.0657 19.6424 4
      vertex 40.8582 19.2598 4
      vertex 53.6531 18.4004 4
    endloop
  endfacet
  facet normal 0 0 1
    outer loop
      vertex 40.2288 17.9291 4
      vertex 53.6531 18.4004 4
      vertex 40.8582 19.2598 4
    endloop
  endfacet
  facet normal 0 0 1
    outer loop
      vertex 53.6531 18.4004 4
      vertex 40.2288 17.9291 4
      vertex 54.3594 17.222 4
    endloop
  endfacet
  facet normal 0 0 1
    outer loop
      vertex 39.472 16.6664 4
      vertex 54.3594 17.222 4
      vertex 40.2288 17.9291 4
    endloop
  endfacet
  facet normal 0 0 1
    outer loop
      vertex 54.3594 17.222 4
      vertex 39.472 16.6664 4
      vertex 55.1779 16.1185 4
    endloop
  endfacet
  facet normal 0 0 1
    outer loop
      vertex 38.5952 15.4841 4
      vertex 55.1779 16.1185 4
      vertex 39.472 16.6664 4
    endloop
  endfacet
  facet normal 0 0 1
    outer loop
      vertex 55.1779 16.1185 4
      vertex 38.5952 15.4841 4
      vertex 56.1005 15.1005 4
    endloop
  endfacet
  facet normal 0 0 1
    outer loop
      vertex 37.6066 14.3934 4
      vertex 56.1005 15.1005 4
      vertex 38.5952 15.4841 4
    endloop
  endfacet
  facet normal 0 0 1
    outer loop
      vertex 56.1005 15.1005 4
      vertex 37.6066 14.3934 4
      vertex 57.1185 14.1779 4
    endloop
  endfacet
  facet normal 0 0 1
    outer loop
      vertex 36.5159 13.4048 4
      vertex 57.1185 14.1779 4
      vertex 37.6066 14.3934 4
    endloop
  endfacet
  facet normal 0 0 1
    outer loop
      vertex 57.1185 14.1779 4
      vertex 36.5159 13.4048 4
      vertex 58.222 13.3594 4
    endloop
  endfacet
  facet normal 0 0 1
    outer loop
      vertex 35.3336 12.528 4
      vertex 58.222 13.3594 4
      vertex 36.5159 13.4048 4
    endloop
  endfacet
  facet normal 0 0 1
    outer loop
      vertex 58.222 13.3594 4
      vertex 35.3336 12.528 4
      vertex 59.4004 12.6531 4
    endloop
  endfacet
  facet normal 0 0 1
    outer loop
      vertex 34.0709 11.7712 4
      vertex 59.4004 12.6531 4
      vertex 35.3336 12.528 4
    endloop
  endfacet
  facet normal 0 0 1
    outer loop
      vertex 59.4004 12.6531 4
      vertex 34.0709 11.7712 4
      vertex 60.6424 12.0657 4
    endloop
  endfacet
  facet normal 0 0 1
    outer loop
      vertex 32.7402 11.1418 4
      vertex 60.6424 12.0657 4
      vertex 34.0709 11.7712 4
    endloop
  endfacet
  facet normal 0 0 1
    outer loop
      vertex 61.936 11.6028 4
      vertex 32.7402 11.1418 4
      vertex 31.3543 10.6459 4
    endloop
  endfacet
  facet normal 0 0 1
    outer loop
      vertex 63.2687 11.269 4
      vertex 31.3543 10.6459 4
      vertex 88 0 4
    endloop
  endfacet
  facet normal -0 0 1
    outer loop
      vertex 29.9264 10.2882 4
      vertex 88 0 4
      vertex 31.3543 10.6459 4
    endloop
  endfacet
  facet normal 0 0 1
    outer loop
      vertex 4 0 4
      vertex 29.9264 10.2882 4
      vertex 28.4703 10.0722 4
    endloop
  endfacet
  facet normal 0 0 1
    outer loop
      vertex 4 0 4
      vertex 28.4703 10.0722 4
      vertex 27 10 4
    endloop
  endfacet
  facet normal 0 0 1
    outer loop
      vertex 4 0 4
      vertex 27 10 4
      vertex 25.5297 10.0722 4
    endloop
  endfacet
  facet normal 0 0 1
    outer loop
      vertex 4 0 4
      vertex 25.5297 10.0722 4
      vertex 24.0736 10.2882 4
    endloop
  endfacet
  facet normal -0 0 1
    outer loop
      vertex 8.37886 41.6211 4
      vertex 15.4048 34.5159 4
      vertex 8.50737 41.7629 4
    endloop
  endfacet
  facet normal 0 0 1
    outer loop
      vertex 12 25 4
      vertex 8.95 7 4
      vertex 12.0722 23.5297 4
    endloop
  endfacet
  facet normal 0 0 1
    outer loop
      vertex 12.0722 23.5297 4
      vertex 8.95 7 4
      vertex 12.2882 22.0736 4
    endloop
  endfacet
  facet normal 0 0 1
    outer loop
      vertex 8.95 7 4
      vertex 12.6459 20.6457 4
      vertex 12.2882 22.0736 4
    endloop
  endfacet
  facet normal 0 0 1
    outer loop
      vertex 8.95 7 4
      vertex 13.1418 19.2598 4
      vertex 12.6459 20.6457 4
    endloop
  endfacet
  facet normal 0 0 1
    outer loop
      vertex 8.95 7 4
      vertex 13.7712 17.9291 4
      vertex 13.1418 19.2598 4
    endloop
  endfacet
  facet normal 0 0 1
    outer loop
      vertex 8.95 7 4
      vertex 14.528 16.6664 4
      vertex 13.7712 17.9291 4
    endloop
  endfacet
  facet normal 0 0 1
    outer loop
      vertex 8.95 7 4
      vertex 15.4048 15.4841 4
      vertex 14.528 16.6664 4
    endloop
  endfacet
  facet normal 0 0 1
    outer loop
      vertex 8.95 7 4
      vertex 16.3934 14.3934 4
      vertex 15.4048 15.4841 4
    endloop
  endfacet
  facet normal 0 0 1
    outer loop
      vertex 8.95 7 4
      vertex 17.4841 13.4048 4
      vertex 16.3934 14.3934 4
    endloop
  endfacet
  facet normal 0 0 1
    outer loop
      vertex 8.95 7 4
      vertex 18.6664 12.528 4
      vertex 17.4841 13.4048 4
    endloop
  endfacet
  facet normal 0 0 1
    outer loop
      vertex 8.94061 6.80887 4
      vertex 18.6664 12.528 4
      vertex 8.95 7 4
    endloop
  endfacet
  facet normal 0 0 1
    outer loop
      vertex 18.6664 12.528 4
      vertex 8.94061 6.80887 4
      vertex 19.9291 11.7712 4
    endloop
  endfacet
  facet normal 0 0 1
    outer loop
      vertex 8.91253 6.61957 4
      vertex 19.9291 11.7712 4
      vertex 8.94061 6.80887 4
    endloop
  endfacet
  facet normal 0 0 1
    outer loop
      vertex 8.86603 6.43394 4
      vertex 19.9291 11.7712 4
      vertex 8.91253 6.61957 4
    endloop
  endfacet
  facet normal 0 0 1
    outer loop
      vertex 19.9291 11.7712 4
      vertex 8.86603 6.43394 4
      vertex 21.2598 11.1418 4
    endloop
  endfacet
  facet normal 0 0 1
    outer loop
      vertex 8.80156 6.25377 4
      vertex 21.2598 11.1418 4
      vertex 8.86603 6.43394 4
    endloop
  endfacet
  facet normal 0 0 1
    outer loop
      vertex 8.71975 6.08078 4
      vertex 21.2598 11.1418 4
      vertex 8.80156 6.25377 4
    endloop
  endfacet
  facet normal 0 0 1
    outer loop
      vertex 21.2598 11.1418 4
      vertex 8.71975 6.08078 4
      vertex 22.6457 10.6459 4
    endloop
  endfacet
  facet normal 0 0 1
    outer loop
      vertex 8.62137 5.91664 4
      vertex 22.6457 10.6459 4
      vertex 8.71975 6.08078 4
    endloop
  endfacet
  facet normal 0 0 1
    outer loop
      vertex 8.50737 5.76293 4
      vertex 22.6457 10.6459 4
      vertex 8.62137 5.91664 4
    endloop
  endfacet
  facet normal 0 0 1
    outer loop
      vertex 22.6457 10.6459 4
      vertex 8.50737 5.76293 4
      vertex 24.0736 10.2882 4
    endloop
  endfacet
  facet normal 0 0 1
    outer loop
      vertex 8.37886 5.62114 4
      vertex 24.0736 10.2882 4
      vertex 8.50737 5.76293 4
    endloop
  endfacet
  facet normal 0 0 1
    outer loop
      vertex 4 0 4
      vertex 24.0736 10.2882 4
      vertex 8.37886 5.62114 4
    endloop
  endfacet
  facet normal 0 0 1
    outer loop
      vertex 4 0 4
      vertex 8.37886 5.62114 4
      vertex 8.23707 5.49263 4
    endloop
  endfacet
  facet normal 0 0 1
    outer loop
      vertex 4 0 4
      vertex 8.23707 5.49263 4
      vertex 8.08336 5.37863 4
    endloop
  endfacet
  facet normal 0 0 1
    outer loop
      vertex 4 0 4
      vertex 8.08336 5.37863 4
      vertex 7.91922 5.28025 4
    endloop
  endfacet
  facet normal 0 0 1
    outer loop
      vertex 4 0 4
      vertex 7.91922 5.28025 4
      vertex 7.74623 5.19843 4
    endloop
  endfacet
  facet normal 0 0 1
    outer loop
      vertex 4 0 4
      vertex 7.74623 5.19843 4
      vertex 7.56605 5.13397 4
    endloop
  endfacet
  facet normal 0 0 1
    outer loop
      vertex 4 0 4
      vertex 7.56605 5.13397 4
      vertex 7.38043 5.08747 4
    endloop
  endfacet
  facet normal 0 0 1
    outer loop
      vertex 4 0 4
      vertex 7.38043 5.08747 4
      vertex 7.19113 5.05939 4
    endloop
  endfacet
  facet normal 0 0 1
    outer loop
      vertex 4 0 4
      vertex 7.19113 5.05939 4
      vertex 7 5.05 4
    endloop
  endfacet
  facet normal 0 0 1
    outer loop
      vertex 4 0 4
      vertex 7 5.05 4
      vertex 6.80887 5.05939 4
    endloop
  endfacet
  facet normal 0 0 1
    outer loop
      vertex 29.9264 10.2882 4
      vertex 4 0 4
      vertex 88 0 4
    endloop
  endfacet
  facet normal 0 0 1
    outer loop
      vertex 6.61957 5.08747 4
      vertex 4 0 4
      vertex 6.80887 5.05939 4
    endloop
  endfacet
  facet normal 0 0 1
    outer loop
      vertex 6.43394 5.13397 4
      vertex 4 0 4
      vertex 6.61957 5.08747 4
    endloop
  endfacet
  facet normal 0 0 1
    outer loop
      vertex 6.25377 5.19843 4
      vertex 4 0 4
      vertex 6.43394 5.13397 4
    endloop
  endfacet
  facet normal 0 0 1
    outer loop
      vertex 6.08078 5.28025 4
      vertex 4 0 4
      vertex 6.25377 5.19843 4
    endloop
  endfacet
  facet normal 0 0 1
    outer loop
      vertex 5.91664 5.37863 4
      vertex 4 0 4
      vertex 6.08078 5.28025 4
    endloop
  endfacet
  facet normal 0 0 1
    outer loop
      vertex 5.76293 5.49263 4
      vertex 4 0 4
      vertex 5.91664 5.37863 4
    endloop
  endfacet
  facet normal 0 0 1
    outer loop
      vertex 2.11441 0.472305 4
      vertex 5.76293 5.49263 4
      vertex 5.62114 5.62114 4
    endloop
  endfacet
  facet normal 0 0 1
    outer loop
      vertex 0.472305 2.11441 4
      vertex 5.62114 5.62114 4
      vertex 5.49263 5.76293 4
    endloop
  endfacet
  facet normal 0 0 1
    outer loop
      vertex 0 4 4
      vertex 5.49263 5.76293 4
      vertex 5.37863 5.91664 4
    endloop
  endfacet
  facet normal 0 0 1
    outer loop
      vertex 0 4 4
      vertex 5.37863 5.91664 4
      vertex 5.28025 6.08078 4
    endloop
  endfacet
  facet normal 0 0 1
    outer loop
      vertex 0 4 4
      vertex 5.28025 6.08078 4
      vertex 5.19843 6.25377 4
    endloop
  endfacet
  facet normal 0 0 1
    outer loop
      vertex 0 4 4
      vertex 5.19843 6.25377 4
      vertex 5.13397 6.43394 4
    endloop
  endfacet
  facet normal 0 0 1
    outer loop
      vertex 0 4 4
      vertex 5.13397 6.43394 4
      vertex 5.08747 6.61957 4
    endloop
  endfacet
  facet normal 0 0 1
    outer loop
      vertex 0 4 4
      vertex 5.08747 6.61957 4
      vertex 5.05939 6.80887 4
    endloop
  endfacet
  facet normal 0 0 1
    outer loop
      vertex 0 4 4
      vertex 5.05939 6.80887 4
      vertex 5.05 7 4
    endloop
  endfacet
  facet normal 0 0 1
    outer loop
      vertex 5.13397 7.56605 4
      vertex 0 4 4
      vertex 5.08747 7.38043 4
    endloop
  endfacet
  facet normal -0 0 1
    outer loop
      vertex 0.674118 48.2223 4
      vertex 5.62114 44.3789 4
      vertex 0.907944 48.5376 4
    endloop
  endfacet
  facet normal 0 0 1
    outer loop
      vertex 5.08747 7.38043 4
      vertex 0 4 4
      vertex 5.05939 7.19113 4
    endloop
  endfacet
  facet normal -0 0 1
    outer loop
      vertex 0.472305 47.8856 4
      vertex 5.62114 44.3789 4
      vertex 0.674118 48.2223 4
    endloop
  endfacet
  facet normal 0 0 1
    outer loop
      vertex 5.05939 7.19113 4
      vertex 0 4 4
      vertex 5.05 7 4
    endloop
  endfacet
  facet normal 0 0 1
    outer loop
      vertex 5.62114 44.3789 4
      vertex 0.472305 47.8856 4
      vertex 5.49263 44.2371 4
    endloop
  endfacet
  facet normal 0 0 1
    outer loop
      vertex 5.49263 5.76293 4
      vertex 0 4 4
      vertex 0.0192566 3.60793 4
    endloop
  endfacet
  facet normal -0 0 1
    outer loop
      vertex 0.304474 47.5307 4
      vertex 5.49263 44.2371 4
      vertex 0.472305 47.8856 4
    endloop
  endfacet
  facet normal 0 0 1
    outer loop
      vertex 5.76293 5.49263 4
      vertex 3.60793 0.0192566 4
      vertex 4 0 4
    endloop
  endfacet
  facet normal -0 0 1
    outer loop
      vertex 0.172226 47.1611 4
      vertex 5.49263 44.2371 4
      vertex 0.304474 47.5307 4
    endloop
  endfacet
  facet normal 0 0 1
    outer loop
      vertex 5.76293 5.49263 4
      vertex 3.21964 0.0768585 4
      vertex 3.60793 0.0192566 4
    endloop
  endfacet
  facet normal -0 0 1
    outer loop
      vertex 0.0768585 46.7803 4
      vertex 5.49263 44.2371 4
      vertex 0.172226 47.1611 4
    endloop
  endfacet
  facet normal 0 0 1
    outer loop
      vertex 5.76293 5.49263 4
      vertex 2.83885 0.172226 4
      vertex 3.21964 0.0768585 4
    endloop
  endfacet
  facet normal -0 0 1
    outer loop
      vertex 0.0192566 46.3921 4
      vertex 5.49263 44.2371 4
      vertex 0.0768585 46.7803 4
    endloop
  endfacet
  facet normal 0 0 1
    outer loop
      vertex 5.76293 5.49263 4
      vertex 2.46925 0.304474 4
      vertex 2.83885 0.172226 4
    endloop
  endfacet
  facet normal -0 0 1
    outer loop
      vertex 0 46 4
      vertex 5.49263 44.2371 4
      vertex 0.0192566 46.3921 4
    endloop
  endfacet
  facet normal 0 0 1
    outer loop
      vertex 5.76293 5.49263 4
      vertex 2.11441 0.472305 4
      vertex 2.46925 0.304474 4
    endloop
  endfacet
  facet normal 0 0 1
    outer loop
      vertex 5.49263 44.2371 4
      vertex 0 46 4
      vertex 5.37863 44.0834 4
    endloop
  endfacet
  facet normal 0 0 1
    outer loop
      vertex 5.62114 5.62114 4
      vertex 1.77771 0.674118 4
      vertex 2.11441 0.472305 4
    endloop
  endfacet
  facet normal 0 0 1
    outer loop
      vertex 5.37863 44.0834 4
      vertex 0 46 4
      vertex 5.28025 43.9192 4
    endloop
  endfacet
  facet normal 0 0 1
    outer loop
      vertex 5.62114 5.62114 4
      vertex 1.46242 0.907944 4
      vertex 1.77771 0.674118 4
    endloop
  endfacet
  facet normal 0 0 1
    outer loop
      vertex 5.28025 43.9192 4
      vertex 0 46 4
      vertex 5.19843 43.7462 4
    endloop
  endfacet
  facet normal 0 0 1
    outer loop
      vertex 5.62114 5.62114 4
      vertex 1.17157 1.17157 4
      vertex 1.46242 0.907944 4
    endloop
  endfacet
  facet normal 0 0 1
    outer loop
      vertex 5.19843 43.7462 4
      vertex 0 46 4
      vertex 5.13397 43.5661 4
    endloop
  endfacet
  facet normal 0 0 1
    outer loop
      vertex 5.62114 5.62114 4
      vertex 0.907944 1.46242 4
      vertex 1.17157 1.17157 4
    endloop
  endfacet
  facet normal 0 0 1
    outer loop
      vertex 5.13397 43.5661 4
      vertex 0 46 4
      vertex 5.08747 43.3804 4
    endloop
  endfacet
  facet normal 0 0 1
    outer loop
      vertex 5.62114 5.62114 4
      vertex 0.674118 1.77771 4
      vertex 0.907944 1.46242 4
    endloop
  endfacet
  facet normal 0 0 1
    outer loop
      vertex 5.08747 43.3804 4
      vertex 0 46 4
      vertex 5.05939 43.1911 4
    endloop
  endfacet
  facet normal 0 0 1
    outer loop
      vertex 5.62114 5.62114 4
      vertex 0.472305 2.11441 4
      vertex 0.674118 1.77771 4
    endloop
  endfacet
  facet normal 0 0 1
    outer loop
      vertex 5.05939 43.1911 4
      vertex 0 46 4
      vertex 5.05 43 4
    endloop
  endfacet
  facet normal 0 0 1
    outer loop
      vertex 5.49263 5.76293 4
      vertex 0.304474 2.46925 4
      vertex 0.472305 2.11441 4
    endloop
  endfacet
  facet normal 0 0 1
    outer loop
      vertex 5.13397 42.4339 4
      vertex 0 46 4
      vertex 0 35 4
    endloop
  endfacet
  facet normal 0 0 1
    outer loop
      vertex 5.49263 5.76293 4
      vertex 0.172226 2.83885 4
      vertex 0.304474 2.46925 4
    endloop
  endfacet
  facet normal 0 0 1
    outer loop
      vertex 5.49263 5.76293 4
      vertex 0.0768585 3.21964 4
      vertex 0.172226 2.83885 4
    endloop
  endfacet
  facet normal 0 0 1
    outer loop
      vertex 5.49263 5.76293 4
      vertex 0.0192566 3.60793 4
      vertex 0.0768585 3.21964 4
    endloop
  endfacet
  facet normal 0 0 1
    outer loop
      vertex 98.591 30.591 4
      vertex 102 32 4
      vertex 101.986 32.294 4
    endloop
  endfacet
  facet normal 0 0 1
    outer loop
      vertex 102 32 4
      vertex 99.25 29 4
      vertex 102 18 4
    endloop
  endfacet
  facet normal 0 0 1
    outer loop
      vertex 98.591 30.591 4
      vertex 101.986 32.294 4
      vertex 101.942 32.5853 4
    endloop
  endfacet
  facet normal -0 0 1
    outer loop
      vertex 99.25 21 4
      vertex 102 18 4
      vertex 99.25 29 4
    endloop
  endfacet
  facet normal 0 0 1
    outer loop
      vertex 98.4274 30.7393 4
      vertex 101.942 32.5853 4
      vertex 101.871 32.8708 4
    endloop
  endfacet
  facet normal -0 0 1
    outer loop
      vertex 99.2392 20.7795 4
      vertex 102 18 4
      vertex 99.25 21 4
    endloop
  endfacet
  facet normal 0 0 1
    outer loop
      vertex 98.4274 30.7393 4
      vertex 101.871 32.8708 4
      vertex 101.772 33.148 4
    endloop
  endfacet
  facet normal -0 0 1
    outer loop
      vertex 99.2068 20.561 4
      vertex 102 18 4
      vertex 99.2392 20.7795 4
    endloop
  endfacet
  facet normal 0 0 1
    outer loop
      vertex 98.4274 30.7393 4
      vertex 101.772 33.148 4
      vertex 101.646 33.4142 4
    endloop
  endfacet
  facet normal -0 0 1
    outer loop
      vertex 99.1531 20.3469 4
      vertex 102 18 4
      vertex 99.2068 20.561 4
    endloop
  endfacet
  facet normal 0 0 1
    outer loop
      vertex 98.4274 30.7393 4
      vertex 101.646 33.4142 4
      vertex 101.494 33.6667 4
    endloop
  endfacet
  facet normal -0 0 1
    outer loop
      vertex 99.0787 20.139 4
      vertex 102 18 4
      vertex 99.1531 20.3469 4
    endloop
  endfacet
  facet normal 0 0 1
    outer loop
      vertex 98.4274 30.7393 4
      vertex 101.494 33.6667 4
      vertex 101.319 33.9032 4
    endloop
  endfacet
  facet normal -0 0 1
    outer loop
      vertex 98.9843 19.9394 4
      vertex 102 18 4
      vertex 99.0787 20.139 4
    endloop
  endfacet
  facet normal 0 0 1
    outer loop
      vertex 98.4274 30.7393 4
      vertex 101.319 33.9032 4
      vertex 101.121 34.1213 4
    endloop
  endfacet
  facet normal -0 0 1
    outer loop
      vertex 98.8708 19.75 4
      vertex 102 18 4
      vertex 98.9843 19.9394 4
    endloop
  endfacet
  facet normal 0 0 1
    outer loop
      vertex 98.25 30.8708 4
      vertex 101.121 34.1213 4
      vertex 100.903 34.319 4
    endloop
  endfacet
  facet normal -0 0 1
    outer loop
      vertex 98.7393 19.5726 4
      vertex 102 18 4
      vertex 98.8708 19.75 4
    endloop
  endfacet
  facet normal 0 0 1
    outer loop
      vertex 98.25 30.8708 4
      vertex 100.903 34.319 4
      vertex 100.667 34.4944 4
    endloop
  endfacet
  facet normal -0 0 1
    outer loop
      vertex 98.591 19.409 4
      vertex 102 18 4
      vertex 98.7393 19.5726 4
    endloop
  endfacet
  facet normal 0 0 1
    outer loop
      vertex 98.25 30.8708 4
      vertex 100.667 34.4944 4
      vertex 100.414 34.6458 4
    endloop
  endfacet
  facet normal 0 0 1
    outer loop
      vertex 102 18 4
      vertex 98.591 19.409 4
      vertex 101.986 17.7059 4
    endloop
  endfacet
  facet normal 0 0 1
    outer loop
      vertex 98.25 30.8708 4
      vertex 100.414 34.6458 4
      vertex 100.148 34.7716 4
    endloop
  endfacet
  facet normal 0 0 1
    outer loop
      vertex 101.986 17.7059 4
      vertex 98.591 19.409 4
      vertex 101.942 17.4147 4
    endloop
  endfacet
  facet normal 0 0 1
    outer loop
      vertex 98.25 30.8708 4
      vertex 100.148 34.7716 4
      vertex 99.8708 34.8708 4
    endloop
  endfacet
  facet normal -0 0 1
    outer loop
      vertex 98.4274 19.2607 4
      vertex 101.942 17.4147 4
      vertex 98.591 19.409 4
    endloop
  endfacet
  facet normal 0 0 1
    outer loop
      vertex 98.0606 30.9843 4
      vertex 99.8708 34.8708 4
      vertex 99.5853 34.9424 4
    endloop
  endfacet
  facet normal 0 0 1
    outer loop
      vertex 101.942 17.4147 4
      vertex 98.4274 19.2607 4
      vertex 101.871 17.1291 4
    endloop
  endfacet
  facet normal 0 0 1
    outer loop
      vertex 98.0606 30.9843 4
      vertex 99.5853 34.9424 4
      vertex 99.294 34.9855 4
    endloop
  endfacet
  facet normal 0 0 1
    outer loop
      vertex 101.871 17.1291 4
      vertex 98.4274 19.2607 4
      vertex 101.772 16.8519 4
    endloop
  endfacet
  facet normal 0 0 1
    outer loop
      vertex 101.772 16.8519 4
      vertex 98.4274 19.2607 4
      vertex 101.646 16.5858 4
    endloop
  endfacet
  facet normal 0 0 1
    outer loop
      vertex 102 32 4
      vertex 99.2392 29.2205 4
      vertex 99.25 29 4
    endloop
  endfacet
  facet normal 0 0 1
    outer loop
      vertex 102 32 4
      vertex 99.2068 29.439 4
      vertex 99.2392 29.2205 4
    endloop
  endfacet
  facet normal 0 0 1
    outer loop
      vertex 102 32 4
      vertex 99.1531 29.6531 4
      vertex 99.2068 29.439 4
    endloop
  endfacet
  facet normal 0 0 1
    outer loop
      vertex 102 32 4
      vertex 99.0787 29.861 4
      vertex 99.1531 29.6531 4
    endloop
  endfacet
  facet normal 0 0 1
    outer loop
      vertex 98.0606 30.9843 4
      vertex 99.294 34.9855 4
      vertex 99 35 4
    endloop
  endfacet
  facet normal 0 0 1
    outer loop
      vertex 102 32 4
      vertex 98.9843 30.0606 4
      vertex 99.0787 29.861 4
    endloop
  endfacet
  facet normal 0 0 1
    outer loop
      vertex 102 32 4
      vertex 98.8708 30.25 4
      vertex 98.9843 30.0606 4
    endloop
  endfacet
  facet normal 0 0 1
    outer loop
      vertex 102 32 4
      vertex 98.7393 30.4274 4
      vertex 98.8708 30.25 4
    endloop
  endfacet
  facet normal 0 0 1
    outer loop
      vertex 102 32 4
      vertex 98.591 30.591 4
      vertex 98.7393 30.4274 4
    endloop
  endfacet
  facet normal 0 0 1
    outer loop
      vertex 101.942 32.5853 4
      vertex 98.4274 30.7393 4
      vertex 98.591 30.591 4
    endloop
  endfacet
  facet normal 0 0 1
    outer loop
      vertex 101.121 34.1213 4
      vertex 98.25 30.8708 4
      vertex 98.4274 30.7393 4
    endloop
  endfacet
  facet normal 0 0 1
    outer loop
      vertex 99.8708 34.8708 4
      vertex 98.0606 30.9843 4
      vertex 98.25 30.8708 4
    endloop
  endfacet
  facet normal 0 0 1
    outer loop
      vertex 99 35 4
      vertex 97.861 31.0787 4
      vertex 98.0606 30.9843 4
    endloop
  endfacet
  facet normal 0 0 1
    outer loop
      vertex 99 35 4
      vertex 97.6531 31.1531 4
      vertex 97.861 31.0787 4
    endloop
  endfacet
  facet normal 0 0 1
    outer loop
      vertex 99 35 4
      vertex 97.4389 31.2068 4
      vertex 97.6531 31.1531 4
    endloop
  endfacet
  facet normal 0 0 1
    outer loop
      vertex 99 35 4
      vertex 97.2205 31.2392 4
      vertex 97.4389 31.2068 4
    endloop
  endfacet
  facet normal 0 0 1
    outer loop
      vertex 99 35 4
      vertex 97 31.25 4
      vertex 97.2205 31.2392 4
    endloop
  endfacet
  facet normal 0 0 1
    outer loop
      vertex 99 35 4
      vertex 96.7795 31.2392 4
      vertex 97 31.25 4
    endloop
  endfacet
  facet normal 0 0 1
    outer loop
      vertex 99 35 4
      vertex 96.5611 31.2068 4
      vertex 96.7795 31.2392 4
    endloop
  endfacet
  facet normal 0 0 1
    outer loop
      vertex 99 35 4
      vertex 96.3469 31.1531 4
      vertex 96.5611 31.2068 4
    endloop
  endfacet
  facet normal -0 0 1
    outer loop
      vertex 92 35 4
      vertex 96.3469 31.1531 4
      vertex 99 35 4
    endloop
  endfacet
  facet normal 0 0 1
    outer loop
      vertex 96.3469 31.1531 4
      vertex 92 35 4
      vertex 96.139 31.0787 4
    endloop
  endfacet
  facet normal 0 0 1
    outer loop
      vertex 96.139 31.0787 4
      vertex 92 35 4
      vertex 95.9394 30.9843 4
    endloop
  endfacet
  facet normal 0 0 1
    outer loop
      vertex 95.9394 30.9843 4
      vertex 92 35 4
      vertex 95.75 30.8708 4
    endloop
  endfacet
  facet normal 0 0 1
    outer loop
      vertex 95.75 30.8708 4
      vertex 92 35 4
      vertex 95.5726 30.7393 4
    endloop
  endfacet
  facet normal 0 0 1
    outer loop
      vertex 95.5726 30.7393 4
      vertex 92 35 4
      vertex 95.409 30.591 4
    endloop
  endfacet
  facet normal 0 0 1
    outer loop
      vertex 94.75 29 4
      vertex 92 35 4
      vertex 94.75 21 4
    endloop
  endfacet
  facet normal 0 0 1
    outer loop
      vertex 94.7608 29.2205 4
      vertex 92 35 4
      vertex 94.75 29 4
    endloop
  endfacet
  facet normal 0 0 1
    outer loop
      vertex 94.7932 29.439 4
      vertex 92 35 4
      vertex 94.7608 29.2205 4
    endloop
  endfacet
  facet normal 0 0 1
    outer loop
      vertex 94.8469 29.6531 4
      vertex 92 35 4
      vertex 94.7932 29.439 4
    endloop
  endfacet
  facet normal 0 0 1
    outer loop
      vertex 94.9213 29.861 4
      vertex 92 35 4
      vertex 94.8469 29.6531 4
    endloop
  endfacet
  facet normal 0 0 1
    outer loop
      vertex 95.0157 30.0606 4
      vertex 92 35 4
      vertex 94.9213 29.861 4
    endloop
  endfacet
  facet normal 0 0 1
    outer loop
      vertex 95.1292 30.25 4
      vertex 92 35 4
      vertex 95.0157 30.0606 4
    endloop
  endfacet
  facet normal 0 0 1
    outer loop
      vertex 95.2607 30.4274 4
      vertex 92 35 4
      vertex 95.1292 30.25 4
    endloop
  endfacet
  facet normal 0 0 1
    outer loop
      vertex 95.409 30.591 4
      vertex 92 35 4
      vertex 95.2607 30.4274 4
    endloop
  endfacet
  facet normal 0 0 1
    outer loop
      vertex 101.646 16.5858 4
      vertex 98.4274 19.2607 4
      vertex 101.494 16.3333 4
    endloop
  endfacet
  facet normal 0 0 1
    outer loop
      vertex 101.494 16.3333 4
      vertex 98.4274 19.2607 4
      vertex 101.319 16.0968 4
    endloop
  endfacet
  facet normal 0 0 1
    outer loop
      vertex 101.319 16.0968 4
      vertex 98.4274 19.2607 4
      vertex 101.121 15.8787 4
    endloop
  endfacet
  facet normal -0 0 1
    outer loop
      vertex 98.25 19.1292 4
      vertex 101.121 15.8787 4
      vertex 98.4274 19.2607 4
    endloop
  endfacet
  facet normal 0 0 1
    outer loop
      vertex 101.121 15.8787 4
      vertex 98.25 19.1292 4
      vertex 100.903 15.681 4
    endloop
  endfacet
  facet normal 0 0 1
    outer loop
      vertex 100.903 15.681 4
      vertex 98.25 19.1292 4
      vertex 100.667 15.5056 4
    endloop
  endfacet
  facet normal 0 0 1
    outer loop
      vertex 100.667 15.5056 4
      vertex 98.25 19.1292 4
      vertex 100.414 15.3542 4
    endloop
  endfacet
  facet normal 0 0 1
    outer loop
      vertex 100.414 15.3542 4
      vertex 98.25 19.1292 4
      vertex 100.148 15.2283 4
    endloop
  endfacet
  facet normal 0 0 1
    outer loop
      vertex 100.148 15.2283 4
      vertex 98.25 19.1292 4
      vertex 99.8708 15.1292 4
    endloop
  endfacet
  facet normal -0 0 1
    outer loop
      vertex 98.0606 19.0157 4
      vertex 99.8708 15.1292 4
      vertex 98.25 19.1292 4
    endloop
  endfacet
  facet normal 0 0 1
    outer loop
      vertex 99.8708 15.1292 4
      vertex 98.0606 19.0157 4
      vertex 99.5853 15.0576 4
    endloop
  endfacet
  facet normal 0 0 1
    outer loop
      vertex 99.5853 15.0576 4
      vertex 98.0606 19.0157 4
      vertex 99.294 15.0144 4
    endloop
  endfacet
  facet normal 0 0 1
    outer loop
      vertex 99.294 15.0144 4
      vertex 98.0606 19.0157 4
      vertex 99 15 4
    endloop
  endfacet
  facet normal -0 0 1
    outer loop
      vertex 97.861 18.9213 4
      vertex 99 15 4
      vertex 98.0606 19.0157 4
    endloop
  endfacet
  facet normal -0 0 1
    outer loop
      vertex 97.6531 18.8469 4
      vertex 99 15 4
      vertex 97.861 18.9213 4
    endloop
  endfacet
  facet normal -0 0 1
    outer loop
      vertex 97.4389 18.7932 4
      vertex 99 15 4
      vertex 97.6531 18.8469 4
    endloop
  endfacet
  facet normal -0 0 1
    outer loop
      vertex 97.2205 18.7608 4
      vertex 99 15 4
      vertex 97.4389 18.7932 4
    endloop
  endfacet
  facet normal -0 0 1
    outer loop
      vertex 97 18.75 4
      vertex 99 15 4
      vertex 97.2205 18.7608 4
    endloop
  endfacet
  facet normal 0 0 1
    outer loop
      vertex 96.7795 18.7608 4
      vertex 99 15 4
      vertex 97 18.75 4
    endloop
  endfacet
  facet normal 0 0 1
    outer loop
      vertex 96.5611 18.7932 4
      vertex 99 15 4
      vertex 96.7795 18.7608 4
    endloop
  endfacet
  facet normal 0 0 1
    outer loop
      vertex 96.3469 18.8469 4
      vertex 99 15 4
      vertex 96.5611 18.7932 4
    endloop
  endfacet
  facet normal 0 0 1
    outer loop
      vertex 92 15 4
      vertex 96.3469 18.8469 4
      vertex 96.139 18.9213 4
    endloop
  endfacet
  facet normal 0 0 1
    outer loop
      vertex 92 15 4
      vertex 96.139 18.9213 4
      vertex 95.9394 19.0157 4
    endloop
  endfacet
  facet normal 0 0 1
    outer loop
      vertex 92 15 4
      vertex 95.9394 19.0157 4
      vertex 95.75 19.1292 4
    endloop
  endfacet
  facet normal 0 0 1
    outer loop
      vertex 92 15 4
      vertex 95.75 19.1292 4
      vertex 95.5726 19.2607 4
    endloop
  endfacet
  facet normal 0 0 1
    outer loop
      vertex 92 15 4
      vertex 95.5726 19.2607 4
      vertex 95.409 19.409 4
    endloop
  endfacet
  facet normal 0 0 1
    outer loop
      vertex 92 15 4
      vertex 95.409 19.409 4
      vertex 95.2607 19.5726 4
    endloop
  endfacet
  facet normal 0 0 1
    outer loop
      vertex 92 15 4
      vertex 94.75 21 4
      vertex 92 35 4
    endloop
  endfacet
  facet normal 0 0 1
    outer loop
      vertex 94.75 21 4
      vertex 92 15 4
      vertex 94.7608 20.7795 4
    endloop
  endfacet
  facet normal 0 0 1
    outer loop
      vertex 96.3469 18.8469 4
      vertex 92 15 4
      vertex 99 15 4
    endloop
  endfacet
  facet normal 0 0 1
    outer loop
      vertex 95.1292 19.75 4
      vertex 92 15 4
      vertex 95.2607 19.5726 4
    endloop
  endfacet
  facet normal 0 0 1
    outer loop
      vertex 95.0157 19.9394 4
      vertex 92 15 4
      vertex 95.1292 19.75 4
    endloop
  endfacet
  facet normal 0 0 1
    outer loop
      vertex 94.9213 20.139 4
      vertex 92 15 4
      vertex 95.0157 19.9394 4
    endloop
  endfacet
  facet normal 0 0 1
    outer loop
      vertex 94.8469 20.3469 4
      vertex 92 15 4
      vertex 94.9213 20.139 4
    endloop
  endfacet
  facet normal 0 0 1
    outer loop
      vertex 94.7932 20.561 4
      vertex 92 15 4
      vertex 94.8469 20.3469 4
    endloop
  endfacet
  facet normal 0 0 1
    outer loop
      vertex 94.7608 20.7795 4
      vertex 92 15 4
      vertex 94.7932 20.561 4
    endloop
  endfacet
  facet normal 0.970027 0.242999 0
    outer loop
      vertex 41.7118 27.9264 22
      vertex 41.3541 29.3543 4
      vertex 41.3541 29.3543 22
    endloop
  endfacet
  facet normal 0.970027 0.242999 0
    outer loop
      vertex 41.3541 29.3543 4
      vertex 41.7118 27.9264 22
      vertex 41.7118 27.9264 4
    endloop
  endfacet
  facet normal 0.989176 0.146736 0
    outer loop
      vertex 41.9278 26.4703 22
      vertex 41.7118 27.9264 4
      vertex 41.7118 27.9264 22
    endloop
  endfacet
  facet normal 0.989176 0.146736 0
    outer loop
      vertex 41.7118 27.9264 4
      vertex 41.9278 26.4703 22
      vertex 41.9278 26.4703 4
    endloop
  endfacet
  facet normal 0.94154 0.3369 0
    outer loop
      vertex 41.3541 29.3543 22
      vertex 40.8582 30.7402 4
      vertex 40.8582 30.7402 22
    endloop
  endfacet
  facet normal 0.94154 0.3369 0
    outer loop
      vertex 40.8582 30.7402 4
      vertex 41.3541 29.3543 22
      vertex 41.3541 29.3543 4
    endloop
  endfacet
  facet normal 0.803225 0.595676 0
    outer loop
      vertex 39.472 33.3336 22
      vertex 38.5952 34.5159 4
      vertex 38.5952 34.5159 22
    endloop
  endfacet
  facet normal 0.803225 0.595676 0
    outer loop
      vertex 38.5952 34.5159 4
      vertex 39.472 33.3336 22
      vertex 39.472 33.3336 4
    endloop
  endfacet
  facet normal 0.242999 0.970027 -0
    outer loop
      vertex 31.3543 39.3541 4
      vertex 29.9264 39.7118 22
      vertex 31.3543 39.3541 22
    endloop
  endfacet
  facet normal 0.242999 0.970027 0
    outer loop
      vertex 29.9264 39.7118 22
      vertex 31.3543 39.3541 4
      vertex 29.9264 39.7118 4
    endloop
  endfacet
  facet normal 0.3369 0.94154 -0
    outer loop
      vertex 32.7402 38.8582 4
      vertex 31.3543 39.3541 22
      vertex 32.7402 38.8582 22
    endloop
  endfacet
  facet normal 0.3369 0.94154 0
    outer loop
      vertex 31.3543 39.3541 22
      vertex 32.7402 38.8582 4
      vertex 31.3543 39.3541 4
    endloop
  endfacet
  facet normal 0.146736 0.989176 -0
    outer loop
      vertex 29.9264 39.7118 4
      vertex 28.4703 39.9278 22
      vertex 29.9264 39.7118 22
    endloop
  endfacet
  facet normal 0.146736 0.989176 0
    outer loop
      vertex 28.4703 39.9278 22
      vertex 29.9264 39.7118 4
      vertex 28.4703 39.9278 4
    endloop
  endfacet
  facet normal 0.514086 0.857739 -0
    outer loop
      vertex 35.3336 37.472 4
      vertex 34.0709 38.2288 22
      vertex 35.3336 37.472 22
    endloop
  endfacet
  facet normal 0.514086 0.857739 0
    outer loop
      vertex 34.0709 38.2288 22
      vertex 35.3336 37.472 4
      vertex 34.0709 38.2288 4
    endloop
  endfacet
  facet normal 0.671577 0.740935 -0
    outer loop
      vertex 37.6066 35.6066 4
      vertex 36.5159 36.5952 22
      vertex 37.6066 35.6066 22
    endloop
  endfacet
  facet normal 0.671577 0.740935 0
    outer loop
      vertex 36.5159 36.5952 22
      vertex 37.6066 35.6066 4
      vertex 36.5159 36.5952 4
    endloop
  endfacet
  facet normal -0.970027 0.242999 0
    outer loop
      vertex 12.2882 27.9264 4
      vertex 12.6459 29.3543 22
      vertex 12.6459 29.3543 4
    endloop
  endfacet
  facet normal -0.970027 0.242999 0
    outer loop
      vertex 12.6459 29.3543 22
      vertex 12.2882 27.9264 4
      vertex 12.2882 27.9264 22
    endloop
  endfacet
  facet normal -0.803225 0.595676 0
    outer loop
      vertex 14.528 33.3336 4
      vertex 15.4048 34.5159 22
      vertex 15.4048 34.5159 4
    endloop
  endfacet
  facet normal -0.803225 0.595676 0
    outer loop
      vertex 15.4048 34.5159 22
      vertex 14.528 33.3336 4
      vertex 14.528 33.3336 22
    endloop
  endfacet
  facet normal -0.740935 0.671577 0
    outer loop
      vertex 15.4048 34.5159 4
      vertex 16.3934 35.6066 22
      vertex 16.3934 35.6066 4
    endloop
  endfacet
  facet normal -0.740935 0.671577 0
    outer loop
      vertex 16.3934 35.6066 22
      vertex 15.4048 34.5159 4
      vertex 15.4048 34.5159 22
    endloop
  endfacet
  facet normal -0.857739 0.514086 0
    outer loop
      vertex 13.7712 32.0709 4
      vertex 14.528 33.3336 22
      vertex 14.528 33.3336 4
    endloop
  endfacet
  facet normal -0.857739 0.514086 0
    outer loop
      vertex 14.528 33.3336 22
      vertex 13.7712 32.0709 4
      vertex 13.7712 32.0709 22
    endloop
  endfacet
  facet normal -0.94154 0.3369 0
    outer loop
      vertex 12.6459 29.3543 4
      vertex 13.1418 30.7402 22
      vertex 13.1418 30.7402 4
    endloop
  endfacet
  facet normal -0.94154 0.3369 0
    outer loop
      vertex 13.1418 30.7402 22
      vertex 12.6459 29.3543 4
      vertex 12.6459 29.3543 22
    endloop
  endfacet
  facet normal -0.989176 0.146736 0
    outer loop
      vertex 12.0722 26.4703 4
      vertex 12.2882 27.9264 22
      vertex 12.2882 27.9264 4
    endloop
  endfacet
  facet normal -0.989176 0.146736 0
    outer loop
      vertex 12.2882 27.9264 22
      vertex 12.0722 26.4703 4
      vertex 12.0722 26.4703 22
    endloop
  endfacet
  facet normal 0 0 1
    outer loop
      vertex 35 25 22
      vertex 42 25 22
      vertex 41.9278 26.4703 22
    endloop
  endfacet
  facet normal 0 0 1
    outer loop
      vertex 34.9615 25.7841 22
      vertex 41.9278 26.4703 22
      vertex 41.7118 27.9264 22
    endloop
  endfacet
  facet normal 0 0 1
    outer loop
      vertex 42 25 22
      vertex 35 25 22
      vertex 41.9278 23.5297 22
    endloop
  endfacet
  facet normal 0 0 1
    outer loop
      vertex 34.8463 26.5607 22
      vertex 41.7118 27.9264 22
      vertex 41.3541 29.3543 22
    endloop
  endfacet
  facet normal -0 0 1
    outer loop
      vertex 34.9615 24.2159 22
      vertex 41.9278 23.5297 22
      vertex 35 25 22
    endloop
  endfacet
  facet normal 0 0 1
    outer loop
      vertex 34.6555 27.3223 22
      vertex 41.3541 29.3543 22
      vertex 40.8582 30.7402 22
    endloop
  endfacet
  facet normal 0 0 1
    outer loop
      vertex 41.9278 23.5297 22
      vertex 34.9615 24.2159 22
      vertex 41.7118 22.0736 22
    endloop
  endfacet
  facet normal 0 0 1
    outer loop
      vertex 34.391 28.0615 22
      vertex 40.8582 30.7402 22
      vertex 40.2288 32.0709 22
    endloop
  endfacet
  facet normal -0 0 1
    outer loop
      vertex 34.8463 23.4393 22
      vertex 41.7118 22.0736 22
      vertex 34.9615 24.2159 22
    endloop
  endfacet
  facet normal 0 0 1
    outer loop
      vertex 34.0554 28.7712 22
      vertex 40.2288 32.0709 22
      vertex 39.472 33.3336 22
    endloop
  endfacet
  facet normal 0 0 1
    outer loop
      vertex 41.7118 22.0736 22
      vertex 34.8463 23.4393 22
      vertex 41.3541 20.6457 22
    endloop
  endfacet
  facet normal 0 0 1
    outer loop
      vertex 33.6518 29.4446 22
      vertex 39.472 33.3336 22
      vertex 38.5952 34.5159 22
    endloop
  endfacet
  facet normal -0 0 1
    outer loop
      vertex 34.6555 22.6777 22
      vertex 41.3541 20.6457 22
      vertex 34.8463 23.4393 22
    endloop
  endfacet
  facet normal 0 0 1
    outer loop
      vertex 33.1841 30.0751 22
      vertex 38.5952 34.5159 22
      vertex 37.6066 35.6066 22
    endloop
  endfacet
  facet normal 0 0 1
    outer loop
      vertex 41.3541 20.6457 22
      vertex 34.6555 22.6777 22
      vertex 40.8582 19.2598 22
    endloop
  endfacet
  facet normal 0 0 1
    outer loop
      vertex 32.6569 30.6569 22
      vertex 37.6066 35.6066 22
      vertex 36.5159 36.5952 22
    endloop
  endfacet
  facet normal -0 0 1
    outer loop
      vertex 34.391 21.9385 22
      vertex 40.8582 19.2598 22
      vertex 34.6555 22.6777 22
    endloop
  endfacet
  facet normal 0 0 1
    outer loop
      vertex 32.0751 31.1841 22
      vertex 36.5159 36.5952 22
      vertex 35.3336 37.472 22
    endloop
  endfacet
  facet normal 0 0 1
    outer loop
      vertex 40.8582 19.2598 22
      vertex 34.391 21.9385 22
      vertex 40.2288 17.9291 22
    endloop
  endfacet
  facet normal -0 0 1
    outer loop
      vertex 34.0554 21.2288 22
      vertex 40.2288 17.9291 22
      vertex 34.391 21.9385 22
    endloop
  endfacet
  facet normal 0 0 1
    outer loop
      vertex 41.9278 26.4703 22
      vertex 34.9615 25.7841 22
      vertex 35 25 22
    endloop
  endfacet
  facet normal 0 0 1
    outer loop
      vertex 41.7118 27.9264 22
      vertex 34.8463 26.5607 22
      vertex 34.9615 25.7841 22
    endloop
  endfacet
  facet normal 0 0 1
    outer loop
      vertex 41.3541 29.3543 22
      vertex 34.6555 27.3223 22
      vertex 34.8463 26.5607 22
    endloop
  endfacet
  facet normal 0 0 1
    outer loop
      vertex 40.8582 30.7402 22
      vertex 34.391 28.0615 22
      vertex 34.6555 27.3223 22
    endloop
  endfacet
  facet normal 0 0 1
    outer loop
      vertex 31.4446 31.6518 22
      vertex 35.3336 37.472 22
      vertex 34.0709 38.2288 22
    endloop
  endfacet
  facet normal 0 0 1
    outer loop
      vertex 40.2288 32.0709 22
      vertex 34.0554 28.7712 22
      vertex 34.391 28.0615 22
    endloop
  endfacet
  facet normal 0 0 1
    outer loop
      vertex 39.472 33.3336 22
      vertex 33.6518 29.4446 22
      vertex 34.0554 28.7712 22
    endloop
  endfacet
  facet normal 0 0 1
    outer loop
      vertex 38.5952 34.5159 22
      vertex 33.1841 30.0751 22
      vertex 33.6518 29.4446 22
    endloop
  endfacet
  facet normal 0 0 1
    outer loop
      vertex 30.7712 32.0554 22
      vertex 34.0709 38.2288 22
      vertex 32.7402 38.8582 22
    endloop
  endfacet
  facet normal 0 0 1
    outer loop
      vertex 37.6066 35.6066 22
      vertex 32.6569 30.6569 22
      vertex 33.1841 30.0751 22
    endloop
  endfacet
  facet normal 0 0 1
    outer loop
      vertex 36.5159 36.5952 22
      vertex 32.0751 31.1841 22
      vertex 32.6569 30.6569 22
    endloop
  endfacet
  facet normal 0 0 1
    outer loop
      vertex 35.3336 37.472 22
      vertex 31.4446 31.6518 22
      vertex 32.0751 31.1841 22
    endloop
  endfacet
  facet normal 0 0 1
    outer loop
      vertex 30.0615 32.391 22
      vertex 32.7402 38.8582 22
      vertex 31.3543 39.3541 22
    endloop
  endfacet
  facet normal 0 0 1
    outer loop
      vertex 34.0709 38.2288 22
      vertex 30.7712 32.0554 22
      vertex 31.4446 31.6518 22
    endloop
  endfacet
  facet normal 0 0 1
    outer loop
      vertex 32.7402 38.8582 22
      vertex 30.0615 32.391 22
      vertex 30.7712 32.0554 22
    endloop
  endfacet
  facet normal 0 0 1
    outer loop
      vertex 29.3223 32.6555 22
      vertex 31.3543 39.3541 22
      vertex 29.9264 39.7118 22
    endloop
  endfacet
  facet normal 0 0 1
    outer loop
      vertex 31.3543 39.3541 22
      vertex 29.3223 32.6555 22
      vertex 30.0615 32.391 22
    endloop
  endfacet
  facet normal 0 0 1
    outer loop
      vertex 29.9264 39.7118 22
      vertex 28.5607 32.8463 22
      vertex 29.3223 32.6555 22
    endloop
  endfacet
  facet normal 0 0 1
    outer loop
      vertex 28.4703 39.9278 22
      vertex 28.5607 32.8463 22
      vertex 29.9264 39.7118 22
    endloop
  endfacet
  facet normal 0 0 1
    outer loop
      vertex 28.4703 39.9278 22
      vertex 27.7841 32.9615 22
      vertex 28.5607 32.8463 22
    endloop
  endfacet
  facet normal 0 0 1
    outer loop
      vertex 27 40 22
      vertex 27.7841 32.9615 22
      vertex 28.4703 39.9278 22
    endloop
  endfacet
  facet normal 0 0 1
    outer loop
      vertex 27 40 22
      vertex 27 33 22
      vertex 27.7841 32.9615 22
    endloop
  endfacet
  facet normal 0 0 1
    outer loop
      vertex 27 40 22
      vertex 26.2159 32.9615 22
      vertex 27 33 22
    endloop
  endfacet
  facet normal -0 0 1
    outer loop
      vertex 25.5297 39.9278 22
      vertex 26.2159 32.9615 22
      vertex 27 40 22
    endloop
  endfacet
  facet normal 0 0 1
    outer loop
      vertex 25.5297 39.9278 22
      vertex 25.4393 32.8463 22
      vertex 26.2159 32.9615 22
    endloop
  endfacet
  facet normal -0 0 1
    outer loop
      vertex 24.0736 39.7118 22
      vertex 25.4393 32.8463 22
      vertex 25.5297 39.9278 22
    endloop
  endfacet
  facet normal 0 0 1
    outer loop
      vertex 25.4393 32.8463 22
      vertex 24.0736 39.7118 22
      vertex 24.6777 32.6555 22
    endloop
  endfacet
  facet normal -0 0 1
    outer loop
      vertex 22.6457 39.3541 22
      vertex 24.6777 32.6555 22
      vertex 24.0736 39.7118 22
    endloop
  endfacet
  facet normal 0 0 1
    outer loop
      vertex 24.6777 32.6555 22
      vertex 22.6457 39.3541 22
      vertex 23.9385 32.391 22
    endloop
  endfacet
  facet normal -0 0 1
    outer loop
      vertex 21.2598 38.8582 22
      vertex 23.9385 32.391 22
      vertex 22.6457 39.3541 22
    endloop
  endfacet
  facet normal 0 0 1
    outer loop
      vertex 23.9385 32.391 22
      vertex 21.2598 38.8582 22
      vertex 23.2288 32.0554 22
    endloop
  endfacet
  facet normal -0 0 1
    outer loop
      vertex 19.9291 38.2288 22
      vertex 23.2288 32.0554 22
      vertex 21.2598 38.8582 22
    endloop
  endfacet
  facet normal 0 0 1
    outer loop
      vertex 23.2288 32.0554 22
      vertex 19.9291 38.2288 22
      vertex 22.5554 31.6518 22
    endloop
  endfacet
  facet normal -0 0 1
    outer loop
      vertex 18.6664 37.472 22
      vertex 22.5554 31.6518 22
      vertex 19.9291 38.2288 22
    endloop
  endfacet
  facet normal 0 0 1
    outer loop
      vertex 22.5554 31.6518 22
      vertex 18.6664 37.472 22
      vertex 21.9249 31.1841 22
    endloop
  endfacet
  facet normal -0 0 1
    outer loop
      vertex 17.4841 36.5952 22
      vertex 21.9249 31.1841 22
      vertex 18.6664 37.472 22
    endloop
  endfacet
  facet normal 0 0 1
    outer loop
      vertex 21.9249 31.1841 22
      vertex 17.4841 36.5952 22
      vertex 21.3431 30.6569 22
    endloop
  endfacet
  facet normal -0 0 1
    outer loop
      vertex 16.3934 35.6066 22
      vertex 21.3431 30.6569 22
      vertex 17.4841 36.5952 22
    endloop
  endfacet
  facet normal 0 0 1
    outer loop
      vertex 21.3431 30.6569 22
      vertex 16.3934 35.6066 22
      vertex 20.8159 30.0751 22
    endloop
  endfacet
  facet normal -0 0 1
    outer loop
      vertex 15.4048 34.5159 22
      vertex 20.8159 30.0751 22
      vertex 16.3934 35.6066 22
    endloop
  endfacet
  facet normal 0 0 1
    outer loop
      vertex 20.8159 30.0751 22
      vertex 15.4048 34.5159 22
      vertex 20.3482 29.4446 22
    endloop
  endfacet
  facet normal -0 0 1
    outer loop
      vertex 14.528 33.3336 22
      vertex 20.3482 29.4446 22
      vertex 15.4048 34.5159 22
    endloop
  endfacet
  facet normal -0 0 1
    outer loop
      vertex 13.7712 32.0709 22
      vertex 19.9446 28.7712 22
      vertex 14.528 33.3336 22
    endloop
  endfacet
  facet normal 0 0 1
    outer loop
      vertex 20.3482 29.4446 22
      vertex 14.528 33.3336 22
      vertex 19.9446 28.7712 22
    endloop
  endfacet
  facet normal 0 0 1
    outer loop
      vertex 40.2288 17.9291 22
      vertex 34.0554 21.2288 22
      vertex 39.472 16.6664 22
    endloop
  endfacet
  facet normal -0 0 1
    outer loop
      vertex 33.6518 20.5554 22
      vertex 39.472 16.6664 22
      vertex 34.0554 21.2288 22
    endloop
  endfacet
  facet normal 0 0 1
    outer loop
      vertex 39.472 16.6664 22
      vertex 33.6518 20.5554 22
      vertex 38.5952 15.4841 22
    endloop
  endfacet
  facet normal -0 0 1
    outer loop
      vertex 33.1841 19.9249 22
      vertex 38.5952 15.4841 22
      vertex 33.6518 20.5554 22
    endloop
  endfacet
  facet normal 0 0 1
    outer loop
      vertex 38.5952 15.4841 22
      vertex 33.1841 19.9249 22
      vertex 37.6066 14.3934 22
    endloop
  endfacet
  facet normal -0 0 1
    outer loop
      vertex 32.6569 19.3431 22
      vertex 37.6066 14.3934 22
      vertex 33.1841 19.9249 22
    endloop
  endfacet
  facet normal 0 0 1
    outer loop
      vertex 37.6066 14.3934 22
      vertex 32.6569 19.3431 22
      vertex 36.5159 13.4048 22
    endloop
  endfacet
  facet normal -0 0 1
    outer loop
      vertex 32.0751 18.8159 22
      vertex 36.5159 13.4048 22
      vertex 32.6569 19.3431 22
    endloop
  endfacet
  facet normal 0 0 1
    outer loop
      vertex 36.5159 13.4048 22
      vertex 32.0751 18.8159 22
      vertex 35.3336 12.528 22
    endloop
  endfacet
  facet normal -0 0 1
    outer loop
      vertex 31.4446 18.3482 22
      vertex 35.3336 12.528 22
      vertex 32.0751 18.8159 22
    endloop
  endfacet
  facet normal 0 0 1
    outer loop
      vertex 35.3336 12.528 22
      vertex 31.4446 18.3482 22
      vertex 34.0709 11.7712 22
    endloop
  endfacet
  facet normal -0 0 1
    outer loop
      vertex 30.7712 17.9446 22
      vertex 34.0709 11.7712 22
      vertex 31.4446 18.3482 22
    endloop
  endfacet
  facet normal 0 0 1
    outer loop
      vertex 34.0709 11.7712 22
      vertex 30.7712 17.9446 22
      vertex 32.7402 11.1418 22
    endloop
  endfacet
  facet normal -0 0 1
    outer loop
      vertex 30.0615 17.609 22
      vertex 32.7402 11.1418 22
      vertex 30.7712 17.9446 22
    endloop
  endfacet
  facet normal 0 0 1
    outer loop
      vertex 32.7402 11.1418 22
      vertex 30.0615 17.609 22
      vertex 31.3543 10.6459 22
    endloop
  endfacet
  facet normal -0 0 1
    outer loop
      vertex 29.3223 17.3445 22
      vertex 31.3543 10.6459 22
      vertex 30.0615 17.609 22
    endloop
  endfacet
  facet normal 0 0 1
    outer loop
      vertex 31.3543 10.6459 22
      vertex 29.3223 17.3445 22
      vertex 29.9264 10.2882 22
    endloop
  endfacet
  facet normal -0 0 1
    outer loop
      vertex 28.5607 17.1537 22
      vertex 29.9264 10.2882 22
      vertex 29.3223 17.3445 22
    endloop
  endfacet
  facet normal 0 0 1
    outer loop
      vertex 28.5607 17.1537 22
      vertex 28.4703 10.0722 22
      vertex 29.9264 10.2882 22
    endloop
  endfacet
  facet normal -0 0 1
    outer loop
      vertex 27.7841 17.0385 22
      vertex 28.4703 10.0722 22
      vertex 28.5607 17.1537 22
    endloop
  endfacet
  facet normal -0 0 1
    outer loop
      vertex 27 17 22
      vertex 28.4703 10.0722 22
      vertex 27.7841 17.0385 22
    endloop
  endfacet
  facet normal 0 0 1
    outer loop
      vertex 27 17 22
      vertex 27 10 22
      vertex 28.4703 10.0722 22
    endloop
  endfacet
  facet normal 0 0 1
    outer loop
      vertex 26.2159 17.0385 22
      vertex 27 10 22
      vertex 27 17 22
    endloop
  endfacet
  facet normal 0 0 1
    outer loop
      vertex 26.2159 17.0385 22
      vertex 25.5297 10.0722 22
      vertex 27 10 22
    endloop
  endfacet
  facet normal 0 0 1
    outer loop
      vertex 25.4393 17.1537 22
      vertex 25.5297 10.0722 22
      vertex 26.2159 17.0385 22
    endloop
  endfacet
  facet normal 0 0 1
    outer loop
      vertex 24.0736 10.2882 22
      vertex 25.4393 17.1537 22
      vertex 24.6777 17.3445 22
    endloop
  endfacet
  facet normal 0 0 1
    outer loop
      vertex 25.4393 17.1537 22
      vertex 24.0736 10.2882 22
      vertex 25.5297 10.0722 22
    endloop
  endfacet
  facet normal 0 0 1
    outer loop
      vertex 22.6457 10.6459 22
      vertex 24.6777 17.3445 22
      vertex 23.9385 17.609 22
    endloop
  endfacet
  facet normal 0 0 1
    outer loop
      vertex 21.2598 11.1418 22
      vertex 23.9385 17.609 22
      vertex 23.2288 17.9446 22
    endloop
  endfacet
  facet normal 0 0 1
    outer loop
      vertex 24.6777 17.3445 22
      vertex 22.6457 10.6459 22
      vertex 24.0736 10.2882 22
    endloop
  endfacet
  facet normal 0 0 1
    outer loop
      vertex 19.9291 11.7712 22
      vertex 23.2288 17.9446 22
      vertex 22.5554 18.3482 22
    endloop
  endfacet
  facet normal 0 0 1
    outer loop
      vertex 18.6664 12.528 22
      vertex 22.5554 18.3482 22
      vertex 21.9249 18.8159 22
    endloop
  endfacet
  facet normal 0 0 1
    outer loop
      vertex 17.4841 13.4048 22
      vertex 21.9249 18.8159 22
      vertex 21.3431 19.3431 22
    endloop
  endfacet
  facet normal 0 0 1
    outer loop
      vertex 23.9385 17.609 22
      vertex 21.2598 11.1418 22
      vertex 22.6457 10.6459 22
    endloop
  endfacet
  facet normal 0 0 1
    outer loop
      vertex 16.3934 14.3934 22
      vertex 21.3431 19.3431 22
      vertex 20.8159 19.9249 22
    endloop
  endfacet
  facet normal 0 0 1
    outer loop
      vertex 15.4048 15.4841 22
      vertex 20.8159 19.9249 22
      vertex 20.3482 20.5554 22
    endloop
  endfacet
  facet normal 0 0 1
    outer loop
      vertex 14.528 16.6664 22
      vertex 20.3482 20.5554 22
      vertex 19.9446 21.2288 22
    endloop
  endfacet
  facet normal 0 0 1
    outer loop
      vertex 23.2288 17.9446 22
      vertex 19.9291 11.7712 22
      vertex 21.2598 11.1418 22
    endloop
  endfacet
  facet normal 0 0 1
    outer loop
      vertex 13.7712 17.9291 22
      vertex 19.9446 21.2288 22
      vertex 19.609 21.9385 22
    endloop
  endfacet
  facet normal 0 0 1
    outer loop
      vertex 13.1418 19.2598 22
      vertex 19.609 21.9385 22
      vertex 19.3445 22.6777 22
    endloop
  endfacet
  facet normal 0 0 1
    outer loop
      vertex 12.6459 20.6457 22
      vertex 19.3445 22.6777 22
      vertex 19.1537 23.4393 22
    endloop
  endfacet
  facet normal 0 0 1
    outer loop
      vertex 12.2882 22.0736 22
      vertex 19.1537 23.4393 22
      vertex 19.0385 24.2159 22
    endloop
  endfacet
  facet normal 0 0 1
    outer loop
      vertex 22.5554 18.3482 22
      vertex 18.6664 12.528 22
      vertex 19.9291 11.7712 22
    endloop
  endfacet
  facet normal 0 0 1
    outer loop
      vertex 12.0722 23.5297 22
      vertex 19.0385 24.2159 22
      vertex 19 25 22
    endloop
  endfacet
  facet normal 0 0 1
    outer loop
      vertex 19.9446 28.7712 22
      vertex 13.7712 32.0709 22
      vertex 19.609 28.0615 22
    endloop
  endfacet
  facet normal -0 0 1
    outer loop
      vertex 13.1418 30.7402 22
      vertex 19.609 28.0615 22
      vertex 13.7712 32.0709 22
    endloop
  endfacet
  facet normal 0 0 1
    outer loop
      vertex 21.9249 18.8159 22
      vertex 17.4841 13.4048 22
      vertex 18.6664 12.528 22
    endloop
  endfacet
  facet normal 0 0 1
    outer loop
      vertex 19.609 28.0615 22
      vertex 13.1418 30.7402 22
      vertex 19.3445 27.3223 22
    endloop
  endfacet
  facet normal 0 0 1
    outer loop
      vertex 21.3431 19.3431 22
      vertex 16.3934 14.3934 22
      vertex 17.4841 13.4048 22
    endloop
  endfacet
  facet normal -0 0 1
    outer loop
      vertex 12.6459 29.3543 22
      vertex 19.3445 27.3223 22
      vertex 13.1418 30.7402 22
    endloop
  endfacet
  facet normal 0 0 1
    outer loop
      vertex 20.8159 19.9249 22
      vertex 15.4048 15.4841 22
      vertex 16.3934 14.3934 22
    endloop
  endfacet
  facet normal 0 0 1
    outer loop
      vertex 19.3445 27.3223 22
      vertex 12.6459 29.3543 22
      vertex 19.1537 26.5607 22
    endloop
  endfacet
  facet normal 0 0 1
    outer loop
      vertex 20.3482 20.5554 22
      vertex 14.528 16.6664 22
      vertex 15.4048 15.4841 22
    endloop
  endfacet
  facet normal -0 0 1
    outer loop
      vertex 12.2882 27.9264 22
      vertex 19.1537 26.5607 22
      vertex 12.6459 29.3543 22
    endloop
  endfacet
  facet normal 0 0 1
    outer loop
      vertex 19.9446 21.2288 22
      vertex 13.7712 17.9291 22
      vertex 14.528 16.6664 22
    endloop
  endfacet
  facet normal 0 0 1
    outer loop
      vertex 19.1537 26.5607 22
      vertex 12.2882 27.9264 22
      vertex 19.0385 25.7841 22
    endloop
  endfacet
  facet normal 0 0 1
    outer loop
      vertex 19.609 21.9385 22
      vertex 13.1418 19.2598 22
      vertex 13.7712 17.9291 22
    endloop
  endfacet
  facet normal -0 0 1
    outer loop
      vertex 12.0722 26.4703 22
      vertex 19.0385 25.7841 22
      vertex 12.2882 27.9264 22
    endloop
  endfacet
  facet normal 0 0 1
    outer loop
      vertex 19.3445 22.6777 22
      vertex 12.6459 20.6457 22
      vertex 13.1418 19.2598 22
    endloop
  endfacet
  facet normal 0 0 1
    outer loop
      vertex 19.0385 25.7841 22
      vertex 12.0722 26.4703 22
      vertex 19 25 22
    endloop
  endfacet
  facet normal 0 0 1
    outer loop
      vertex 19.1537 23.4393 22
      vertex 12.2882 22.0736 22
      vertex 12.6459 20.6457 22
    endloop
  endfacet
  facet normal 0 0 1
    outer loop
      vertex 12 25 22
      vertex 19 25 22
      vertex 12.0722 26.4703 22
    endloop
  endfacet
  facet normal 0 0 1
    outer loop
      vertex 19.0385 24.2159 22
      vertex 12.0722 23.5297 22
      vertex 12.2882 22.0736 22
    endloop
  endfacet
  facet normal 0 0 1
    outer loop
      vertex 19 25 22
      vertex 12 25 22
      vertex 12.0722 23.5297 22
    endloop
  endfacet
  facet normal -0.514086 0.857739 0
    outer loop
      vertex 19.9291 38.2288 4
      vertex 18.6664 37.472 22
      vertex 19.9291 38.2288 22
    endloop
  endfacet
  facet normal -0.514086 0.857739 0
    outer loop
      vertex 18.6664 37.472 22
      vertex 19.9291 38.2288 4
      vertex 18.6664 37.472 4
    endloop
  endfacet
  facet normal -0.427569 0.903983 0
    outer loop
      vertex 21.2598 38.8582 4
      vertex 19.9291 38.2288 22
      vertex 21.2598 38.8582 22
    endloop
  endfacet
  facet normal -0.427569 0.903983 0
    outer loop
      vertex 19.9291 38.2288 22
      vertex 21.2598 38.8582 4
      vertex 19.9291 38.2288 4
    endloop
  endfacet
  facet normal -0.595676 0.803225 0
    outer loop
      vertex 18.6664 37.472 4
      vertex 17.4841 36.5952 22
      vertex 18.6664 37.472 22
    endloop
  endfacet
  facet normal -0.595676 0.803225 0
    outer loop
      vertex 17.4841 36.5952 22
      vertex 18.6664 37.472 4
      vertex 17.4841 36.5952 4
    endloop
  endfacet
  facet normal -0.242999 0.970027 0
    outer loop
      vertex 24.0736 39.7118 4
      vertex 22.6457 39.3541 22
      vertex 24.0736 39.7118 22
    endloop
  endfacet
  facet normal -0.242999 0.970027 0
    outer loop
      vertex 22.6457 39.3541 22
      vertex 24.0736 39.7118 4
      vertex 22.6457 39.3541 4
    endloop
  endfacet
  facet normal -0.0490465 0.998796 0
    outer loop
      vertex 27 40 4
      vertex 25.5297 39.9278 22
      vertex 27 40 22
    endloop
  endfacet
  facet normal -0.0490465 0.998796 0
    outer loop
      vertex 25.5297 39.9278 22
      vertex 27 40 4
      vertex 25.5297 39.9278 4
    endloop
  endfacet
  facet normal 0.998796 -0.0490465 0
    outer loop
      vertex 41.9278 23.5297 22
      vertex 42 25 4
      vertex 42 25 22
    endloop
  endfacet
  facet normal 0.998796 -0.0490465 0
    outer loop
      vertex 42 25 4
      vertex 41.9278 23.5297 22
      vertex 41.9278 23.5297 4
    endloop
  endfacet
  facet normal 0.0490465 -0.998796 0
    outer loop
      vertex 27 10 4
      vertex 28.4703 10.0722 22
      vertex 27 10 22
    endloop
  endfacet
  facet normal 0.0490465 -0.998796 0
    outer loop
      vertex 28.4703 10.0722 22
      vertex 27 10 4
      vertex 28.4703 10.0722 4
    endloop
  endfacet
  facet normal 0.242999 -0.970027 0
    outer loop
      vertex 29.9264 10.2882 4
      vertex 31.3543 10.6459 22
      vertex 29.9264 10.2882 22
    endloop
  endfacet
  facet normal 0.242999 -0.970027 0
    outer loop
      vertex 31.3543 10.6459 22
      vertex 29.9264 10.2882 4
      vertex 31.3543 10.6459 4
    endloop
  endfacet
  facet normal 0.595676 -0.803225 0
    outer loop
      vertex 35.3336 12.528 4
      vertex 36.5159 13.4048 22
      vertex 35.3336 12.528 22
    endloop
  endfacet
  facet normal 0.595676 -0.803225 0
    outer loop
      vertex 36.5159 13.4048 22
      vertex 35.3336 12.528 4
      vertex 36.5159 13.4048 4
    endloop
  endfacet
  facet normal 0.427569 -0.903983 0
    outer loop
      vertex 32.7402 11.1418 4
      vertex 34.0709 11.7712 22
      vertex 32.7402 11.1418 22
    endloop
  endfacet
  facet normal 0.427569 -0.903983 0
    outer loop
      vertex 34.0709 11.7712 22
      vertex 32.7402 11.1418 4
      vertex 34.0709 11.7712 4
    endloop
  endfacet
  facet normal 0.740935 -0.671577 0
    outer loop
      vertex 37.6066 14.3934 22
      vertex 38.5952 15.4841 4
      vertex 38.5952 15.4841 22
    endloop
  endfacet
  facet normal 0.740935 -0.671577 0
    outer loop
      vertex 38.5952 15.4841 4
      vertex 37.6066 14.3934 22
      vertex 37.6066 14.3934 4
    endloop
  endfacet
  facet normal 0.94154 -0.3369 0
    outer loop
      vertex 40.8582 19.2598 22
      vertex 41.3541 20.6457 4
      vertex 41.3541 20.6457 22
    endloop
  endfacet
  facet normal 0.94154 -0.3369 0
    outer loop
      vertex 41.3541 20.6457 4
      vertex 40.8582 19.2598 22
      vertex 40.8582 19.2598 4
    endloop
  endfacet
  facet normal 0.857739 -0.514086 0
    outer loop
      vertex 39.472 16.6664 22
      vertex 40.2288 17.9291 4
      vertex 40.2288 17.9291 22
    endloop
  endfacet
  facet normal 0.857739 -0.514086 0
    outer loop
      vertex 40.2288 17.9291 4
      vertex 39.472 16.6664 22
      vertex 39.472 16.6664 4
    endloop
  endfacet
  facet normal -0.671577 -0.740935 0
    outer loop
      vertex 16.3934 14.3934 4
      vertex 17.4841 13.4048 22
      vertex 16.3934 14.3934 22
    endloop
  endfacet
  facet normal -0.671577 -0.740935 -0
    outer loop
      vertex 17.4841 13.4048 22
      vertex 16.3934 14.3934 4
      vertex 17.4841 13.4048 4
    endloop
  endfacet
  facet normal -0.514086 -0.857739 0
    outer loop
      vertex 18.6664 12.528 4
      vertex 19.9291 11.7712 22
      vertex 18.6664 12.528 22
    endloop
  endfacet
  facet normal -0.514086 -0.857739 -0
    outer loop
      vertex 19.9291 11.7712 22
      vertex 18.6664 12.528 4
      vertex 19.9291 11.7712 4
    endloop
  endfacet
  facet normal -0.3369 -0.94154 0
    outer loop
      vertex 21.2598 11.1418 4
      vertex 22.6457 10.6459 22
      vertex 21.2598 11.1418 22
    endloop
  endfacet
  facet normal -0.3369 -0.94154 -0
    outer loop
      vertex 22.6457 10.6459 22
      vertex 21.2598 11.1418 4
      vertex 22.6457 10.6459 4
    endloop
  endfacet
  facet normal -0.146736 -0.989176 0
    outer loop
      vertex 24.0736 10.2882 4
      vertex 25.5297 10.0722 22
      vertex 24.0736 10.2882 22
    endloop
  endfacet
  facet normal -0.146736 -0.989176 -0
    outer loop
      vertex 25.5297 10.0722 22
      vertex 24.0736 10.2882 4
      vertex 25.5297 10.0722 4
    endloop
  endfacet
  facet normal -0.803225 -0.595676 0
    outer loop
      vertex 15.4048 15.4841 4
      vertex 14.528 16.6664 22
      vertex 14.528 16.6664 4
    endloop
  endfacet
  facet normal -0.803225 -0.595676 0
    outer loop
      vertex 14.528 16.6664 22
      vertex 15.4048 15.4841 4
      vertex 15.4048 15.4841 22
    endloop
  endfacet
  facet normal -0.903983 -0.427569 0
    outer loop
      vertex 13.7712 17.9291 4
      vertex 13.1418 19.2598 22
      vertex 13.1418 19.2598 4
    endloop
  endfacet
  facet normal -0.903983 -0.427569 0
    outer loop
      vertex 13.1418 19.2598 22
      vertex 13.7712 17.9291 4
      vertex 13.7712 17.9291 22
    endloop
  endfacet
  facet normal -0.857739 -0.514086 0
    outer loop
      vertex 14.528 16.6664 4
      vertex 13.7712 17.9291 22
      vertex 13.7712 17.9291 4
    endloop
  endfacet
  facet normal -0.857739 -0.514086 0
    outer loop
      vertex 13.7712 17.9291 22
      vertex 14.528 16.6664 4
      vertex 14.528 16.6664 22
    endloop
  endfacet
  facet normal -0.970027 -0.242999 0
    outer loop
      vertex 12.6459 20.6457 4
      vertex 12.2882 22.0736 22
      vertex 12.2882 22.0736 4
    endloop
  endfacet
  facet normal -0.970027 -0.242999 0
    outer loop
      vertex 12.2882 22.0736 22
      vertex 12.6459 20.6457 4
      vertex 12.6459 20.6457 22
    endloop
  endfacet
  facet normal -0.94154 -0.3369 0
    outer loop
      vertex 13.1418 19.2598 4
      vertex 12.6459 20.6457 22
      vertex 12.6459 20.6457 4
    endloop
  endfacet
  facet normal -0.94154 -0.3369 0
    outer loop
      vertex 12.6459 20.6457 22
      vertex 13.1418 19.2598 4
      vertex 13.1418 19.2598 22
    endloop
  endfacet
  facet normal -0.998796 -0.0490465 0
    outer loop
      vertex 12.0722 23.5297 4
      vertex 12 25 22
      vertex 12 25 4
    endloop
  endfacet
  facet normal -0.998796 -0.0490465 0
    outer loop
      vertex 12 25 22
      vertex 12.0722 23.5297 4
      vertex 12.0722 23.5297 22
    endloop
  endfacet
  facet normal 0.146736 -0.989176 0
    outer loop
      vertex 28.4703 10.0722 4
      vertex 29.9264 10.2882 22
      vertex 28.4703 10.0722 22
    endloop
  endfacet
  facet normal 0.146736 -0.989176 0
    outer loop
      vertex 29.9264 10.2882 22
      vertex 28.4703 10.0722 4
      vertex 29.9264 10.2882 4
    endloop
  endfacet
  facet normal 0.3369 -0.94154 0
    outer loop
      vertex 31.3543 10.6459 4
      vertex 32.7402 11.1418 22
      vertex 31.3543 10.6459 22
    endloop
  endfacet
  facet normal 0.3369 -0.94154 0
    outer loop
      vertex 32.7402 11.1418 22
      vertex 31.3543 10.6459 4
      vertex 32.7402 11.1418 4
    endloop
  endfacet
  facet normal 0.671577 -0.740935 0
    outer loop
      vertex 36.5159 13.4048 4
      vertex 37.6066 14.3934 22
      vertex 36.5159 13.4048 22
    endloop
  endfacet
  facet normal 0.671577 -0.740935 0
    outer loop
      vertex 37.6066 14.3934 22
      vertex 36.5159 13.4048 4
      vertex 37.6066 14.3934 4
    endloop
  endfacet
  facet normal 0.514086 -0.857739 0
    outer loop
      vertex 34.0709 11.7712 4
      vertex 35.3336 12.528 22
      vertex 34.0709 11.7712 22
    endloop
  endfacet
  facet normal 0.514086 -0.857739 0
    outer loop
      vertex 35.3336 12.528 22
      vertex 34.0709 11.7712 4
      vertex 35.3336 12.528 4
    endloop
  endfacet
  facet normal 0.803225 -0.595676 0
    outer loop
      vertex 38.5952 15.4841 22
      vertex 39.472 16.6664 4
      vertex 39.472 16.6664 22
    endloop
  endfacet
  facet normal 0.803225 -0.595676 0
    outer loop
      vertex 39.472 16.6664 4
      vertex 38.5952 15.4841 22
      vertex 38.5952 15.4841 4
    endloop
  endfacet
  facet normal 0.903983 -0.427569 0
    outer loop
      vertex 40.2288 17.9291 22
      vertex 40.8582 19.2598 4
      vertex 40.8582 19.2598 22
    endloop
  endfacet
  facet normal 0.903983 -0.427569 0
    outer loop
      vertex 40.8582 19.2598 4
      vertex 40.2288 17.9291 22
      vertex 40.2288 17.9291 4
    endloop
  endfacet
  facet normal 0.989176 -0.146736 0
    outer loop
      vertex 41.7118 22.0736 22
      vertex 41.9278 23.5297 4
      vertex 41.9278 23.5297 22
    endloop
  endfacet
  facet normal 0.989176 -0.146736 0
    outer loop
      vertex 41.9278 23.5297 4
      vertex 41.7118 22.0736 22
      vertex 41.7118 22.0736 4
    endloop
  endfacet
  facet normal 0.970027 -0.242999 0
    outer loop
      vertex 41.3541 20.6457 22
      vertex 41.7118 22.0736 4
      vertex 41.7118 22.0736 22
    endloop
  endfacet
  facet normal 0.970027 -0.242999 0
    outer loop
      vertex 41.7118 22.0736 4
      vertex 41.3541 20.6457 22
      vertex 41.3541 20.6457 4
    endloop
  endfacet
  facet normal -0.595676 -0.803225 0
    outer loop
      vertex 17.4841 13.4048 4
      vertex 18.6664 12.528 22
      vertex 17.4841 13.4048 22
    endloop
  endfacet
  facet normal -0.595676 -0.803225 -0
    outer loop
      vertex 18.6664 12.528 22
      vertex 17.4841 13.4048 4
      vertex 18.6664 12.528 4
    endloop
  endfacet
  facet normal -0.427569 -0.903983 0
    outer loop
      vertex 19.9291 11.7712 4
      vertex 21.2598 11.1418 22
      vertex 19.9291 11.7712 22
    endloop
  endfacet
  facet normal -0.427569 -0.903983 -0
    outer loop
      vertex 21.2598 11.1418 22
      vertex 19.9291 11.7712 4
      vertex 21.2598 11.1418 4
    endloop
  endfacet
  facet normal -0.242999 -0.970027 0
    outer loop
      vertex 22.6457 10.6459 4
      vertex 24.0736 10.2882 22
      vertex 22.6457 10.6459 22
    endloop
  endfacet
  facet normal -0.242999 -0.970027 -0
    outer loop
      vertex 24.0736 10.2882 22
      vertex 22.6457 10.6459 4
      vertex 24.0736 10.2882 4
    endloop
  endfacet
  facet normal -0.740935 -0.671577 0
    outer loop
      vertex 16.3934 14.3934 4
      vertex 15.4048 15.4841 22
      vertex 15.4048 15.4841 4
    endloop
  endfacet
  facet normal -0.740935 -0.671577 0
    outer loop
      vertex 15.4048 15.4841 22
      vertex 16.3934 14.3934 4
      vertex 16.3934 14.3934 22
    endloop
  endfacet
  facet normal -0.989176 -0.146736 0
    outer loop
      vertex 12.2882 22.0736 4
      vertex 12.0722 23.5297 22
      vertex 12.0722 23.5297 4
    endloop
  endfacet
  facet normal -0.989176 -0.146736 0
    outer loop
      vertex 12.0722 23.5297 22
      vertex 12.2882 22.0736 4
      vertex 12.2882 22.0736 22
    endloop
  endfacet
  facet normal -0.998797 -0.0490418 -0
    outer loop
      vertex 35 25 4.1
      vertex 34.9615 25.7841 0
      vertex 35 25 0
    endloop
  endfacet
  facet normal -0.998797 -0.0490418 0
    outer loop
      vertex 34.9615 25.7841 0
      vertex 35 25 4.1
      vertex 34.9615 25.7841 22
    endloop
  endfacet
  facet normal -0.998797 -0.0490418 0
    outer loop
      vertex 34.9615 25.7841 22
      vertex 35 25 4.1
      vertex 35 25 22
    endloop
  endfacet
  facet normal 0.998797 -0.0490418 0
    outer loop
      vertex 19 25 22
      vertex 19.0385 25.7841 4.1
      vertex 19.0385 25.7841 22
    endloop
  endfacet
  facet normal 0.998797 -0.0490418 0
    outer loop
      vertex 19.0385 25.7841 4.1
      vertex 19 25 22
      vertex 19 25 4.1
    endloop
  endfacet
  facet normal -0.0490418 -0.998797 0
    outer loop
      vertex 27 33 4.1
      vertex 27.7841 32.9615 22
      vertex 27 33 22
    endloop
  endfacet
  facet normal -0.0490418 -0.998797 0
    outer loop
      vertex 27.7841 32.9615 0
      vertex 27 33 4.1
      vertex 27 33 0
    endloop
  endfacet
  facet normal -0.0490418 -0.998797 0
    outer loop
      vertex 27 33 4.1
      vertex 27.7841 32.9615 0
      vertex 27.7841 32.9615 22
    endloop
  endfacet
  facet normal 0.0490418 0.998797 -0
    outer loop
      vertex 27 17 4.1
      vertex 26.2159 17.0385 22
      vertex 27 17 22
    endloop
  endfacet
  facet normal 0.0490418 0.998797 0
    outer loop
      vertex 26.2159 17.0385 22
      vertex 27 17 4.1
      vertex 26.2159 17.0385 4.1
    endloop
  endfacet
  facet normal 0.741023 0.67148 0
    outer loop
      vertex 21.3431 19.3431 22
      vertex 20.8159 19.9249 4.1
      vertex 20.8159 19.9249 22
    endloop
  endfacet
  facet normal 0.741023 0.67148 0
    outer loop
      vertex 20.8159 19.9249 4.1
      vertex 21.3431 19.3431 22
      vertex 21.3431 19.3431 4.1
    endloop
  endfacet
  facet normal -0.741023 -0.67148 0
    outer loop
      vertex 33.1841 30.0751 0
      vertex 32.6569 30.6569 22
      vertex 32.6569 30.6569 0
    endloop
  endfacet
  facet normal -0.741023 -0.67148 0
    outer loop
      vertex 32.6569 30.6569 22
      vertex 33.1841 30.0751 0
      vertex 33.1841 30.0751 22
    endloop
  endfacet
  facet normal 0.67148 -0.741023 0
    outer loop
      vertex 21.3431 30.6569 4.1
      vertex 21.9249 31.1841 22
      vertex 21.3431 30.6569 22
    endloop
  endfacet
  facet normal 0.67148 -0.741023 0
    outer loop
      vertex 21.9249 31.1841 22
      vertex 21.3431 30.6569 4.1
      vertex 21.9249 31.1841 4.1
    endloop
  endfacet
  facet normal 0.336901 -0.94154 0
    outer loop
      vertex 23.9385 32.391 4.1
      vertex 24.6777 32.6555 22
      vertex 23.9385 32.391 22
    endloop
  endfacet
  facet normal 0.336901 -0.94154 0
    outer loop
      vertex 24.6777 32.6555 22
      vertex 23.9385 32.391 4.1
      vertex 24.6777 32.6555 4.1
    endloop
  endfacet
  facet normal 0.94154 0.336901 0
    outer loop
      vertex 19.609 21.9385 22
      vertex 19.3445 22.6777 4.1
      vertex 19.3445 22.6777 22
    endloop
  endfacet
  facet normal 0.94154 0.336901 0
    outer loop
      vertex 19.3445 22.6777 4.1
      vertex 19.609 21.9385 22
      vertex 19.609 21.9385 4.1
    endloop
  endfacet
  facet normal -0.94154 -0.336901 0
    outer loop
      vertex 34.6555 27.3223 0
      vertex 34.391 28.0615 22
      vertex 34.391 28.0615 0
    endloop
  endfacet
  facet normal -0.94154 -0.336901 0
    outer loop
      vertex 34.391 28.0615 22
      vertex 34.6555 27.3223 0
      vertex 34.6555 27.3223 22
    endloop
  endfacet
  facet normal -0.989176 -0.146733 0
    outer loop
      vertex 34.9615 25.7841 0
      vertex 34.8463 26.5607 22
      vertex 34.8463 26.5607 0
    endloop
  endfacet
  facet normal -0.989176 -0.146733 0
    outer loop
      vertex 34.8463 26.5607 22
      vertex 34.9615 25.7841 0
      vertex 34.9615 25.7841 22
    endloop
  endfacet
  facet normal -0.427489 -0.90402 0
    outer loop
      vertex 30.0615 32.391 0
      vertex 30.7712 32.0554 22
      vertex 30.0615 32.391 22
    endloop
  endfacet
  facet normal -0.427489 -0.90402 -0
    outer loop
      vertex 30.7712 32.0554 22
      vertex 30.0615 32.391 0
      vertex 30.7712 32.0554 0
    endloop
  endfacet
  facet normal -0.595773 -0.803153 0
    outer loop
      vertex 31.4446 31.6518 0
      vertex 32.0751 31.1841 22
      vertex 31.4446 31.6518 22
    endloop
  endfacet
  facet normal -0.595773 -0.803153 -0
    outer loop
      vertex 32.0751 31.1841 22
      vertex 31.4446 31.6518 0
      vertex 32.0751 31.1841 0
    endloop
  endfacet
  facet normal 0.90402 -0.427489 0
    outer loop
      vertex 19.609 28.0615 22
      vertex 19.9446 28.7712 4.1
      vertex 19.9446 28.7712 22
    endloop
  endfacet
  facet normal 0.90402 -0.427489 0
    outer loop
      vertex 19.9446 28.7712 4.1
      vertex 19.609 28.0615 22
      vertex 19.609 28.0615 4.1
    endloop
  endfacet
  facet normal 0.146733 -0.989176 0
    outer loop
      vertex 25.4393 32.8463 4.1
      vertex 26.2159 32.9615 22
      vertex 25.4393 32.8463 22
    endloop
  endfacet
  facet normal 0.146733 -0.989176 0
    outer loop
      vertex 26.2159 32.9615 22
      vertex 25.4393 32.8463 4.1
      vertex 26.2159 32.9615 4.1
    endloop
  endfacet
  facet normal -0.90402 0.427489 0
    outer loop
      vertex 34.0554 21.2288 4.1
      vertex 34.391 21.9385 22
      vertex 34.391 21.9385 4.1
    endloop
  endfacet
  facet normal -0.90402 0.427489 0
    outer loop
      vertex 34.391 21.9385 22
      vertex 34.0554 21.2288 4.1
      vertex 34.0554 21.2288 22
    endloop
  endfacet
  facet normal -0.94154 0.336901 0
    outer loop
      vertex 34.391 21.9385 4.1
      vertex 34.6555 22.6777 22
      vertex 34.6555 22.6777 4.1
    endloop
  endfacet
  facet normal -0.94154 0.336901 0
    outer loop
      vertex 34.6555 22.6777 22
      vertex 34.391 21.9385 4.1
      vertex 34.391 21.9385 22
    endloop
  endfacet
  facet normal -0.970023 -0.243015 0
    outer loop
      vertex 34.8463 26.5607 0
      vertex 34.6555 27.3223 22
      vertex 34.6555 27.3223 0
    endloop
  endfacet
  facet normal -0.970023 -0.243015 0
    outer loop
      vertex 34.6555 27.3223 22
      vertex 34.8463 26.5607 0
      vertex 34.8463 26.5607 22
    endloop
  endfacet
  facet normal -0.85774 -0.514084 0
    outer loop
      vertex 34.0554 28.7712 0
      vertex 33.6518 29.4446 22
      vertex 33.6518 29.4446 0
    endloop
  endfacet
  facet normal -0.85774 -0.514084 0
    outer loop
      vertex 33.6518 29.4446 22
      vertex 34.0554 28.7712 0
      vertex 34.0554 28.7712 22
    endloop
  endfacet
  facet normal -0.803153 -0.595773 0
    outer loop
      vertex 33.6518 29.4446 0
      vertex 33.1841 30.0751 22
      vertex 33.1841 30.0751 0
    endloop
  endfacet
  facet normal -0.803153 -0.595773 0
    outer loop
      vertex 33.1841 30.0751 22
      vertex 33.6518 29.4446 0
      vertex 33.6518 29.4446 22
    endloop
  endfacet
  facet normal -0.90402 -0.427489 0
    outer loop
      vertex 34.391 28.0615 0
      vertex 34.0554 28.7712 22
      vertex 34.0554 28.7712 0
    endloop
  endfacet
  facet normal -0.90402 -0.427489 0
    outer loop
      vertex 34.0554 28.7712 22
      vertex 34.391 28.0615 0
      vertex 34.391 28.0615 22
    endloop
  endfacet
  facet normal -0.243015 -0.970023 0
    outer loop
      vertex 28.5607 32.8463 0
      vertex 29.3223 32.6555 22
      vertex 28.5607 32.8463 22
    endloop
  endfacet
  facet normal -0.243015 -0.970023 -0
    outer loop
      vertex 29.3223 32.6555 22
      vertex 28.5607 32.8463 0
      vertex 29.3223 32.6555 0
    endloop
  endfacet
  facet normal -0.336901 -0.94154 0
    outer loop
      vertex 29.3223 32.6555 0
      vertex 30.0615 32.391 22
      vertex 29.3223 32.6555 22
    endloop
  endfacet
  facet normal -0.336901 -0.94154 -0
    outer loop
      vertex 30.0615 32.391 22
      vertex 29.3223 32.6555 0
      vertex 30.0615 32.391 0
    endloop
  endfacet
  facet normal -0.146733 -0.989176 0
    outer loop
      vertex 27.7841 32.9615 0
      vertex 28.5607 32.8463 22
      vertex 27.7841 32.9615 22
    endloop
  endfacet
  facet normal -0.146733 -0.989176 -0
    outer loop
      vertex 28.5607 32.8463 22
      vertex 27.7841 32.9615 0
      vertex 28.5607 32.8463 0
    endloop
  endfacet
  facet normal -0.514084 -0.85774 0
    outer loop
      vertex 30.7712 32.0554 0
      vertex 31.4446 31.6518 22
      vertex 30.7712 32.0554 22
    endloop
  endfacet
  facet normal -0.514084 -0.85774 -0
    outer loop
      vertex 31.4446 31.6518 22
      vertex 30.7712 32.0554 0
      vertex 31.4446 31.6518 0
    endloop
  endfacet
  facet normal -0.67148 -0.741023 0
    outer loop
      vertex 32.0751 31.1841 0
      vertex 32.6569 30.6569 22
      vertex 32.0751 31.1841 22
    endloop
  endfacet
  facet normal -0.67148 -0.741023 -0
    outer loop
      vertex 32.6569 30.6569 22
      vertex 32.0751 31.1841 0
      vertex 32.6569 30.6569 0
    endloop
  endfacet
  facet normal 0.970023 -0.243015 0
    outer loop
      vertex 19.1537 26.5607 22
      vertex 19.3445 27.3223 4.1
      vertex 19.3445 27.3223 22
    endloop
  endfacet
  facet normal 0.970023 -0.243015 0
    outer loop
      vertex 19.3445 27.3223 4.1
      vertex 19.1537 26.5607 22
      vertex 19.1537 26.5607 4.1
    endloop
  endfacet
  facet normal 0.803153 -0.595773 0
    outer loop
      vertex 20.3482 29.4446 22
      vertex 20.8159 30.0751 4.1
      vertex 20.8159 30.0751 22
    endloop
  endfacet
  facet normal 0.803153 -0.595773 0
    outer loop
      vertex 20.8159 30.0751 4.1
      vertex 20.3482 29.4446 22
      vertex 20.3482 29.4446 4.1
    endloop
  endfacet
  facet normal 0.741023 -0.67148 0
    outer loop
      vertex 20.8159 30.0751 22
      vertex 21.3431 30.6569 4.1
      vertex 21.3431 30.6569 22
    endloop
  endfacet
  facet normal 0.741023 -0.67148 0
    outer loop
      vertex 21.3431 30.6569 4.1
      vertex 20.8159 30.0751 22
      vertex 20.8159 30.0751 4.1
    endloop
  endfacet
  facet normal 0.85774 -0.514084 0
    outer loop
      vertex 19.9446 28.7712 22
      vertex 20.3482 29.4446 4.1
      vertex 20.3482 29.4446 22
    endloop
  endfacet
  facet normal 0.85774 -0.514084 0
    outer loop
      vertex 20.3482 29.4446 4.1
      vertex 19.9446 28.7712 22
      vertex 19.9446 28.7712 4.1
    endloop
  endfacet
  facet normal 0.94154 -0.336901 0
    outer loop
      vertex 19.3445 27.3223 22
      vertex 19.609 28.0615 4.1
      vertex 19.609 28.0615 22
    endloop
  endfacet
  facet normal 0.94154 -0.336901 0
    outer loop
      vertex 19.609 28.0615 4.1
      vertex 19.3445 27.3223 22
      vertex 19.3445 27.3223 4.1
    endloop
  endfacet
  facet normal 0.989176 -0.146733 0
    outer loop
      vertex 19.0385 25.7841 22
      vertex 19.1537 26.5607 4.1
      vertex 19.1537 26.5607 22
    endloop
  endfacet
  facet normal 0.989176 -0.146733 0
    outer loop
      vertex 19.1537 26.5607 4.1
      vertex 19.0385 25.7841 22
      vertex 19.0385 25.7841 4.1
    endloop
  endfacet
  facet normal 0.514084 -0.85774 0
    outer loop
      vertex 22.5554 31.6518 4.1
      vertex 23.2288 32.0554 22
      vertex 22.5554 31.6518 22
    endloop
  endfacet
  facet normal 0.514084 -0.85774 0
    outer loop
      vertex 23.2288 32.0554 22
      vertex 22.5554 31.6518 4.1
      vertex 23.2288 32.0554 4.1
    endloop
  endfacet
  facet normal 0.427489 -0.90402 0
    outer loop
      vertex 23.2288 32.0554 4.1
      vertex 23.9385 32.391 22
      vertex 23.2288 32.0554 22
    endloop
  endfacet
  facet normal 0.427489 -0.90402 0
    outer loop
      vertex 23.9385 32.391 22
      vertex 23.2288 32.0554 4.1
      vertex 23.9385 32.391 4.1
    endloop
  endfacet
  facet normal 0.595773 -0.803153 0
    outer loop
      vertex 21.9249 31.1841 4.1
      vertex 22.5554 31.6518 22
      vertex 21.9249 31.1841 22
    endloop
  endfacet
  facet normal 0.595773 -0.803153 0
    outer loop
      vertex 22.5554 31.6518 22
      vertex 21.9249 31.1841 4.1
      vertex 22.5554 31.6518 4.1
    endloop
  endfacet
  facet normal 0.243015 -0.970023 0
    outer loop
      vertex 24.6777 32.6555 4.1
      vertex 25.4393 32.8463 22
      vertex 24.6777 32.6555 22
    endloop
  endfacet
  facet normal 0.243015 -0.970023 0
    outer loop
      vertex 25.4393 32.8463 22
      vertex 24.6777 32.6555 4.1
      vertex 25.4393 32.8463 4.1
    endloop
  endfacet
  facet normal 0.0490418 -0.998797 0
    outer loop
      vertex 26.2159 32.9615 4.1
      vertex 27 33 22
      vertex 26.2159 32.9615 22
    endloop
  endfacet
  facet normal 0.0490418 -0.998797 0
    outer loop
      vertex 27 33 22
      vertex 26.2159 32.9615 4.1
      vertex 27 33 4.1
    endloop
  endfacet
  facet normal -0.0490418 0.998797 0
    outer loop
      vertex 27.7841 17.0385 4.1
      vertex 27 17 22
      vertex 27.7841 17.0385 22
    endloop
  endfacet
  facet normal -0.0490418 0.998797 0
    outer loop
      vertex 27 17 22
      vertex 27.7841 17.0385 4.1
      vertex 27 17 4.1
    endloop
  endfacet
  facet normal -0.243015 0.970023 0
    outer loop
      vertex 29.3223 17.3445 4.1
      vertex 28.5607 17.1537 22
      vertex 29.3223 17.3445 22
    endloop
  endfacet
  facet normal -0.243015 0.970023 0
    outer loop
      vertex 28.5607 17.1537 22
      vertex 29.3223 17.3445 4.1
      vertex 28.5607 17.1537 4.1
    endloop
  endfacet
  facet normal -0.595773 0.803153 0
    outer loop
      vertex 32.0751 18.8159 4.1
      vertex 31.4446 18.3482 22
      vertex 32.0751 18.8159 22
    endloop
  endfacet
  facet normal -0.595773 0.803153 0
    outer loop
      vertex 31.4446 18.3482 22
      vertex 32.0751 18.8159 4.1
      vertex 31.4446 18.3482 4.1
    endloop
  endfacet
  facet normal -0.427489 0.90402 0
    outer loop
      vertex 30.7712 17.9446 4.1
      vertex 30.0615 17.609 22
      vertex 30.7712 17.9446 22
    endloop
  endfacet
  facet normal -0.427489 0.90402 0
    outer loop
      vertex 30.0615 17.609 22
      vertex 30.7712 17.9446 4.1
      vertex 30.0615 17.609 4.1
    endloop
  endfacet
  facet normal -0.741023 0.67148 0
    outer loop
      vertex 32.6569 19.3431 4.1
      vertex 33.1841 19.9249 22
      vertex 33.1841 19.9249 4.1
    endloop
  endfacet
  facet normal -0.741023 0.67148 0
    outer loop
      vertex 33.1841 19.9249 22
      vertex 32.6569 19.3431 4.1
      vertex 32.6569 19.3431 22
    endloop
  endfacet
  facet normal -0.85774 0.514084 0
    outer loop
      vertex 33.6518 20.5554 4.1
      vertex 34.0554 21.2288 22
      vertex 34.0554 21.2288 4.1
    endloop
  endfacet
  facet normal -0.85774 0.514084 0
    outer loop
      vertex 34.0554 21.2288 22
      vertex 33.6518 20.5554 4.1
      vertex 33.6518 20.5554 22
    endloop
  endfacet
  facet normal 0.67148 0.741023 -0
    outer loop
      vertex 21.9249 18.8159 4.1
      vertex 21.3431 19.3431 22
      vertex 21.9249 18.8159 22
    endloop
  endfacet
  facet normal 0.67148 0.741023 0
    outer loop
      vertex 21.3431 19.3431 22
      vertex 21.9249 18.8159 4.1
      vertex 21.3431 19.3431 4.1
    endloop
  endfacet
  facet normal 0.514084 0.85774 -0
    outer loop
      vertex 23.2288 17.9446 4.1
      vertex 22.5554 18.3482 22
      vertex 23.2288 17.9446 22
    endloop
  endfacet
  facet normal 0.514084 0.85774 0
    outer loop
      vertex 22.5554 18.3482 22
      vertex 23.2288 17.9446 4.1
      vertex 22.5554 18.3482 4.1
    endloop
  endfacet
  facet normal 0.336901 0.94154 -0
    outer loop
      vertex 24.6777 17.3445 4.1
      vertex 23.9385 17.609 22
      vertex 24.6777 17.3445 22
    endloop
  endfacet
  facet normal 0.336901 0.94154 0
    outer loop
      vertex 23.9385 17.609 22
      vertex 24.6777 17.3445 4.1
      vertex 23.9385 17.609 4.1
    endloop
  endfacet
  facet normal 0.146733 0.989176 -0
    outer loop
      vertex 26.2159 17.0385 4.1
      vertex 25.4393 17.1537 22
      vertex 26.2159 17.0385 22
    endloop
  endfacet
  facet normal 0.146733 0.989176 0
    outer loop
      vertex 25.4393 17.1537 22
      vertex 26.2159 17.0385 4.1
      vertex 25.4393 17.1537 4.1
    endloop
  endfacet
  facet normal 0.90402 0.427489 0
    outer loop
      vertex 19.9446 21.2288 22
      vertex 19.609 21.9385 4.1
      vertex 19.609 21.9385 22
    endloop
  endfacet
  facet normal 0.90402 0.427489 0
    outer loop
      vertex 19.609 21.9385 4.1
      vertex 19.9446 21.2288 22
      vertex 19.9446 21.2288 4.1
    endloop
  endfacet
  facet normal 0.803153 0.595773 0
    outer loop
      vertex 20.8159 19.9249 22
      vertex 20.3482 20.5554 4.1
      vertex 20.3482 20.5554 22
    endloop
  endfacet
  facet normal 0.803153 0.595773 0
    outer loop
      vertex 20.3482 20.5554 4.1
      vertex 20.8159 19.9249 22
      vertex 20.8159 19.9249 4.1
    endloop
  endfacet
  facet normal 0.970023 0.243015 0
    outer loop
      vertex 19.3445 22.6777 22
      vertex 19.1537 23.4393 4.1
      vertex 19.1537 23.4393 22
    endloop
  endfacet
  facet normal 0.970023 0.243015 0
    outer loop
      vertex 19.1537 23.4393 4.1
      vertex 19.3445 22.6777 22
      vertex 19.3445 22.6777 4.1
    endloop
  endfacet
  facet normal 0.998797 0.0490418 0
    outer loop
      vertex 19.0385 24.2159 22
      vertex 19 25 4.1
      vertex 19 25 22
    endloop
  endfacet
  facet normal 0.998797 0.0490418 0
    outer loop
      vertex 19 25 4.1
      vertex 19.0385 24.2159 22
      vertex 19.0385 24.2159 4.1
    endloop
  endfacet
  facet normal -0.998797 0.0490418 0
    outer loop
      vertex 34.9615 24.2159 4.1
      vertex 35 25 22
      vertex 35 25 4.1
    endloop
  endfacet
  facet normal -0.998797 0.0490418 0
    outer loop
      vertex 35 25 22
      vertex 34.9615 24.2159 4.1
      vertex 34.9615 24.2159 22
    endloop
  endfacet
  facet normal -0.146733 0.989176 0
    outer loop
      vertex 28.5607 17.1537 4.1
      vertex 27.7841 17.0385 22
      vertex 28.5607 17.1537 22
    endloop
  endfacet
  facet normal -0.146733 0.989176 0
    outer loop
      vertex 27.7841 17.0385 22
      vertex 28.5607 17.1537 4.1
      vertex 27.7841 17.0385 4.1
    endloop
  endfacet
  facet normal -0.336901 0.94154 0
    outer loop
      vertex 30.0615 17.609 4.1
      vertex 29.3223 17.3445 22
      vertex 30.0615 17.609 22
    endloop
  endfacet
  facet normal -0.336901 0.94154 0
    outer loop
      vertex 29.3223 17.3445 22
      vertex 30.0615 17.609 4.1
      vertex 29.3223 17.3445 4.1
    endloop
  endfacet
  facet normal -0.67148 0.741023 0
    outer loop
      vertex 32.6569 19.3431 4.1
      vertex 32.0751 18.8159 22
      vertex 32.6569 19.3431 22
    endloop
  endfacet
  facet normal -0.67148 0.741023 0
    outer loop
      vertex 32.0751 18.8159 22
      vertex 32.6569 19.3431 4.1
      vertex 32.0751 18.8159 4.1
    endloop
  endfacet
  facet normal -0.514084 0.85774 0
    outer loop
      vertex 31.4446 18.3482 4.1
      vertex 30.7712 17.9446 22
      vertex 31.4446 18.3482 22
    endloop
  endfacet
  facet normal -0.514084 0.85774 0
    outer loop
      vertex 30.7712 17.9446 22
      vertex 31.4446 18.3482 4.1
      vertex 30.7712 17.9446 4.1
    endloop
  endfacet
  facet normal -0.803153 0.595773 0
    outer loop
      vertex 33.1841 19.9249 4.1
      vertex 33.6518 20.5554 22
      vertex 33.6518 20.5554 4.1
    endloop
  endfacet
  facet normal -0.803153 0.595773 0
    outer loop
      vertex 33.6518 20.5554 22
      vertex 33.1841 19.9249 4.1
      vertex 33.1841 19.9249 22
    endloop
  endfacet
  facet normal -0.970023 0.243015 0
    outer loop
      vertex 34.6555 22.6777 4.1
      vertex 34.8463 23.4393 22
      vertex 34.8463 23.4393 4.1
    endloop
  endfacet
  facet normal -0.970023 0.243015 0
    outer loop
      vertex 34.8463 23.4393 22
      vertex 34.6555 22.6777 4.1
      vertex 34.6555 22.6777 22
    endloop
  endfacet
  facet normal -0.989176 0.146733 0
    outer loop
      vertex 34.8463 23.4393 4.1
      vertex 34.9615 24.2159 22
      vertex 34.9615 24.2159 4.1
    endloop
  endfacet
  facet normal -0.989176 0.146733 0
    outer loop
      vertex 34.9615 24.2159 22
      vertex 34.8463 23.4393 4.1
      vertex 34.8463 23.4393 22
    endloop
  endfacet
  facet normal 0.595773 0.803153 -0
    outer loop
      vertex 22.5554 18.3482 4.1
      vertex 21.9249 18.8159 22
      vertex 22.5554 18.3482 22
    endloop
  endfacet
  facet normal 0.595773 0.803153 0
    outer loop
      vertex 21.9249 18.8159 22
      vertex 22.5554 18.3482 4.1
      vertex 21.9249 18.8159 4.1
    endloop
  endfacet
  facet normal 0.427489 0.90402 -0
    outer loop
      vertex 23.9385 17.609 4.1
      vertex 23.2288 17.9446 22
      vertex 23.9385 17.609 22
    endloop
  endfacet
  facet normal 0.427489 0.90402 0
    outer loop
      vertex 23.2288 17.9446 22
      vertex 23.9385 17.609 4.1
      vertex 23.2288 17.9446 4.1
    endloop
  endfacet
  facet normal 0.243015 0.970023 -0
    outer loop
      vertex 25.4393 17.1537 4.1
      vertex 24.6777 17.3445 22
      vertex 25.4393 17.1537 22
    endloop
  endfacet
  facet normal 0.243015 0.970023 0
    outer loop
      vertex 24.6777 17.3445 22
      vertex 25.4393 17.1537 4.1
      vertex 24.6777 17.3445 4.1
    endloop
  endfacet
  facet normal 0.85774 0.514084 0
    outer loop
      vertex 20.3482 20.5554 22
      vertex 19.9446 21.2288 4.1
      vertex 19.9446 21.2288 22
    endloop
  endfacet
  facet normal 0.85774 0.514084 0
    outer loop
      vertex 19.9446 21.2288 4.1
      vertex 20.3482 20.5554 22
      vertex 20.3482 20.5554 4.1
    endloop
  endfacet
  facet normal 0.989176 0.146733 0
    outer loop
      vertex 19.1537 23.4393 22
      vertex 19.0385 24.2159 4.1
      vertex 19.0385 24.2159 22
    endloop
  endfacet
  facet normal 0.989176 0.146733 0
    outer loop
      vertex 19.0385 24.2159 4.1
      vertex 19.1537 23.4393 22
      vertex 19.1537 23.4393 4.1
    endloop
  endfacet
  facet normal 0.595741 0.803177 -0
    outer loop
      vertex 74.8815 35.8221 4
      vertex 73.778 36.6406 35
      vertex 74.8815 35.8221 35
    endloop
  endfacet
  facet normal 0.595741 0.803177 0
    outer loop
      vertex 73.778 36.6406 35
      vertex 74.8815 35.8221 4
      vertex 73.778 36.6406 4
    endloop
  endfacet
  facet normal -0.336917 0.941534 0
    outer loop
      vertex 61.936 38.3972 4
      vertex 60.6424 37.9343 35
      vertex 61.936 38.3972 35
    endloop
  endfacet
  facet normal -0.336917 0.941534 0
    outer loop
      vertex 60.6424 37.9343 35
      vertex 61.936 38.3972 4
      vertex 60.6424 37.9343 4
    endloop
  endfacet
  facet normal -0.903996 0.427542 0
    outer loop
      vertex 53.0657 30.3576 4
      vertex 53.6531 31.5996 35
      vertex 53.6531 31.5996 4
    endloop
  endfacet
  facet normal -0.903996 0.427542 0
    outer loop
      vertex 53.6531 31.5996 35
      vertex 53.0657 30.3576 4
      vertex 53.0657 30.3576 35
    endloop
  endfacet
  facet normal 0.941534 -0.336917 0
    outer loop
      vertex 78.9343 19.6424 35
      vertex 79.3972 20.936 4
      vertex 79.3972 20.936 35
    endloop
  endfacet
  facet normal 0.941534 -0.336917 0
    outer loop
      vertex 79.3972 20.936 4
      vertex 78.9343 19.6424 35
      vertex 78.9343 19.6424 4
    endloop
  endfacet
  facet normal -0.427542 -0.903996 0
    outer loop
      vertex 59.4004 12.6531 4
      vertex 60.6424 12.0657 35
      vertex 59.4004 12.6531 35
    endloop
  endfacet
  facet normal -0.427542 -0.903996 -0
    outer loop
      vertex 60.6424 12.0657 35
      vertex 59.4004 12.6531 4
      vertex 60.6424 12.0657 4
    endloop
  endfacet
  facet normal 0.903996 0.427542 0
    outer loop
      vertex 78.9343 30.3576 35
      vertex 78.3469 31.5996 4
      vertex 78.3469 31.5996 35
    endloop
  endfacet
  facet normal 0.903996 0.427542 0
    outer loop
      vertex 78.3469 31.5996 4
      vertex 78.9343 30.3576 35
      vertex 78.9343 30.3576 4
    endloop
  endfacet
  facet normal 0.85773 0.5141 0
    outer loop
      vertex 78.3469 31.5996 35
      vertex 77.6406 32.778 4
      vertex 77.6406 32.778 35
    endloop
  endfacet
  facet normal 0.85773 0.5141 0
    outer loop
      vertex 77.6406 32.778 4
      vertex 78.3469 31.5996 35
      vertex 78.3469 31.5996 4
    endloop
  endfacet
  facet normal 0.336917 0.941534 -0
    outer loop
      vertex 71.3576 37.9343 4
      vertex 70.064 38.3972 35
      vertex 71.3576 37.9343 35
    endloop
  endfacet
  facet normal 0.336917 0.941534 0
    outer loop
      vertex 70.064 38.3972 35
      vertex 71.3576 37.9343 4
      vertex 70.064 38.3972 4
    endloop
  endfacet
  facet normal 0.242964 0.970035 -0
    outer loop
      vertex 70.064 38.3972 4
      vertex 68.7313 38.731 35
      vertex 70.064 38.3972 35
    endloop
  endfacet
  facet normal 0.242964 0.970035 0
    outer loop
      vertex 68.7313 38.731 35
      vertex 70.064 38.3972 4
      vertex 68.7313 38.731 4
    endloop
  endfacet
  facet normal -0.740973 0.671534 0
    outer loop
      vertex 55.1779 33.8815 4
      vertex 56.1005 34.8995 35
      vertex 56.1005 34.8995 4
    endloop
  endfacet
  facet normal -0.740973 0.671534 0
    outer loop
      vertex 56.1005 34.8995 35
      vertex 55.1779 33.8815 4
      vertex 55.1779 33.8815 35
    endloop
  endfacet
  facet normal -0.146728 0.989177 0
    outer loop
      vertex 64.6278 38.9326 4
      vertex 63.2687 38.731 35
      vertex 64.6278 38.9326 35
    endloop
  endfacet
  facet normal -0.146728 0.989177 0
    outer loop
      vertex 63.2687 38.731 35
      vertex 64.6278 38.9326 4
      vertex 63.2687 38.731 4
    endloop
  endfacet
  facet normal 0.998796 -0.0490591 0
    outer loop
      vertex 79.9326 23.6278 35
      vertex 80 25 4
      vertex 80 25 35
    endloop
  endfacet
  facet normal 0.998796 -0.0490591 0
    outer loop
      vertex 80 25 4
      vertex 79.9326 23.6278 35
      vertex 79.9326 23.6278 4
    endloop
  endfacet
  facet normal 0.803177 -0.595741 0
    outer loop
      vertex 76.8221 16.1185 35
      vertex 77.6406 17.222 4
      vertex 77.6406 17.222 35
    endloop
  endfacet
  facet normal 0.803177 -0.595741 0
    outer loop
      vertex 77.6406 17.222 4
      vertex 76.8221 16.1185 35
      vertex 76.8221 16.1185 4
    endloop
  endfacet
  facet normal -0.146728 -0.989177 0
    outer loop
      vertex 63.2687 11.269 4
      vertex 64.6278 11.0674 35
      vertex 63.2687 11.269 35
    endloop
  endfacet
  facet normal -0.146728 -0.989177 -0
    outer loop
      vertex 64.6278 11.0674 35
      vertex 63.2687 11.269 4
      vertex 64.6278 11.0674 4
    endloop
  endfacet
  facet normal -0.671534 -0.740973 0
    outer loop
      vertex 56.1005 15.1005 4
      vertex 57.1185 14.1779 35
      vertex 56.1005 15.1005 35
    endloop
  endfacet
  facet normal -0.671534 -0.740973 -0
    outer loop
      vertex 57.1185 14.1779 35
      vertex 56.1005 15.1005 4
      vertex 57.1185 14.1779 4
    endloop
  endfacet
  facet normal 0.970035 0.242964 0
    outer loop
      vertex 79.731 27.7313 35
      vertex 79.3972 29.064 4
      vertex 79.3972 29.064 35
    endloop
  endfacet
  facet normal 0.970035 0.242964 0
    outer loop
      vertex 79.3972 29.064 4
      vertex 79.731 27.7313 35
      vertex 79.731 27.7313 4
    endloop
  endfacet
  facet normal 0.941534 0.336917 0
    outer loop
      vertex 79.3972 29.064 35
      vertex 78.9343 30.3576 4
      vertex 78.9343 30.3576 35
    endloop
  endfacet
  facet normal 0.941534 0.336917 0
    outer loop
      vertex 78.9343 30.3576 4
      vertex 79.3972 29.064 35
      vertex 79.3972 29.064 4
    endloop
  endfacet
  facet normal 0.740973 0.671534 0
    outer loop
      vertex 76.8221 33.8815 35
      vertex 75.8995 34.8995 4
      vertex 75.8995 34.8995 35
    endloop
  endfacet
  facet normal 0.740973 0.671534 0
    outer loop
      vertex 75.8995 34.8995 4
      vertex 76.8221 33.8815 35
      vertex 76.8221 33.8815 4
    endloop
  endfacet
  facet normal 0.803177 0.595741 0
    outer loop
      vertex 77.6406 32.778 35
      vertex 76.8221 33.8815 4
      vertex 76.8221 33.8815 35
    endloop
  endfacet
  facet normal 0.803177 0.595741 0
    outer loop
      vertex 76.8221 33.8815 4
      vertex 77.6406 32.778 35
      vertex 77.6406 32.778 4
    endloop
  endfacet
  facet normal 0.671534 0.740973 -0
    outer loop
      vertex 75.8995 34.8995 4
      vertex 74.8815 35.8221 35
      vertex 75.8995 34.8995 35
    endloop
  endfacet
  facet normal 0.671534 0.740973 0
    outer loop
      vertex 74.8815 35.8221 35
      vertex 75.8995 34.8995 4
      vertex 74.8815 35.8221 4
    endloop
  endfacet
  facet normal 0.5141 0.85773 -0
    outer loop
      vertex 73.778 36.6406 4
      vertex 72.5996 37.3469 35
      vertex 73.778 36.6406 35
    endloop
  endfacet
  facet normal 0.5141 0.85773 0
    outer loop
      vertex 72.5996 37.3469 35
      vertex 73.778 36.6406 4
      vertex 72.5996 37.3469 4
    endloop
  endfacet
  facet normal 0.0490591 0.998796 -0
    outer loop
      vertex 67.3722 38.9326 4
      vertex 66 39 35
      vertex 67.3722 38.9326 35
    endloop
  endfacet
  facet normal 0.0490591 0.998796 0
    outer loop
      vertex 66 39 35
      vertex 67.3722 38.9326 4
      vertex 66 39 4
    endloop
  endfacet
  facet normal 0.427542 0.903996 -0
    outer loop
      vertex 72.5996 37.3469 4
      vertex 71.3576 37.9343 35
      vertex 72.5996 37.3469 35
    endloop
  endfacet
  facet normal 0.427542 0.903996 0
    outer loop
      vertex 71.3576 37.9343 35
      vertex 72.5996 37.3469 4
      vertex 71.3576 37.9343 4
    endloop
  endfacet
  facet normal -0.998796 0.0490591 0
    outer loop
      vertex 52 25 4
      vertex 52.0674 26.3722 35
      vertex 52.0674 26.3722 4
    endloop
  endfacet
  facet normal -0.998796 0.0490591 0
    outer loop
      vertex 52.0674 26.3722 35
      vertex 52 25 4
      vertex 52 25 35
    endloop
  endfacet
  facet normal -0.941534 0.336917 0
    outer loop
      vertex 52.6028 29.064 4
      vertex 53.0657 30.3576 35
      vertex 53.0657 30.3576 4
    endloop
  endfacet
  facet normal -0.941534 0.336917 0
    outer loop
      vertex 53.0657 30.3576 35
      vertex 52.6028 29.064 4
      vertex 52.6028 29.064 35
    endloop
  endfacet
  facet normal -0.970035 0.242964 0
    outer loop
      vertex 52.269 27.7313 4
      vertex 52.6028 29.064 35
      vertex 52.6028 29.064 4
    endloop
  endfacet
  facet normal -0.970035 0.242964 0
    outer loop
      vertex 52.6028 29.064 35
      vertex 52.269 27.7313 4
      vertex 52.269 27.7313 35
    endloop
  endfacet
  facet normal -0.85773 0.5141 0
    outer loop
      vertex 53.6531 31.5996 4
      vertex 54.3594 32.778 35
      vertex 54.3594 32.778 4
    endloop
  endfacet
  facet normal -0.85773 0.5141 0
    outer loop
      vertex 54.3594 32.778 35
      vertex 53.6531 31.5996 4
      vertex 53.6531 31.5996 35
    endloop
  endfacet
  facet normal -0.803177 0.595741 0
    outer loop
      vertex 54.3594 32.778 4
      vertex 55.1779 33.8815 35
      vertex 55.1779 33.8815 4
    endloop
  endfacet
  facet normal -0.803177 0.595741 0
    outer loop
      vertex 55.1779 33.8815 35
      vertex 54.3594 32.778 4
      vertex 54.3594 32.778 35
    endloop
  endfacet
  facet normal -0.242964 0.970035 0
    outer loop
      vertex 63.2687 38.731 4
      vertex 61.936 38.3972 35
      vertex 63.2687 38.731 35
    endloop
  endfacet
  facet normal -0.242964 0.970035 0
    outer loop
      vertex 61.936 38.3972 35
      vertex 63.2687 38.731 4
      vertex 61.936 38.3972 4
    endloop
  endfacet
  facet normal -0.0490591 0.998796 0
    outer loop
      vertex 66 39 4
      vertex 64.6278 38.9326 35
      vertex 66 39 35
    endloop
  endfacet
  facet normal -0.0490591 0.998796 0
    outer loop
      vertex 64.6278 38.9326 35
      vertex 66 39 4
      vertex 64.6278 38.9326 4
    endloop
  endfacet
  facet normal -0.5141 0.85773 0
    outer loop
      vertex 59.4004 37.3469 4
      vertex 58.222 36.6406 35
      vertex 59.4004 37.3469 35
    endloop
  endfacet
  facet normal -0.5141 0.85773 0
    outer loop
      vertex 58.222 36.6406 35
      vertex 59.4004 37.3469 4
      vertex 58.222 36.6406 4
    endloop
  endfacet
  facet normal -0.595741 0.803177 0
    outer loop
      vertex 58.222 36.6406 4
      vertex 57.1185 35.8221 35
      vertex 58.222 36.6406 35
    endloop
  endfacet
  facet normal -0.595741 0.803177 0
    outer loop
      vertex 57.1185 35.8221 35
      vertex 58.222 36.6406 4
      vertex 57.1185 35.8221 4
    endloop
  endfacet
  facet normal -0.427542 0.903996 0
    outer loop
      vertex 60.6424 37.9343 4
      vertex 59.4004 37.3469 35
      vertex 60.6424 37.9343 35
    endloop
  endfacet
  facet normal -0.427542 0.903996 0
    outer loop
      vertex 59.4004 37.3469 35
      vertex 60.6424 37.9343 4
      vertex 59.4004 37.3469 4
    endloop
  endfacet
  facet normal -0.671534 0.740973 0
    outer loop
      vertex 57.1185 35.8221 4
      vertex 56.1005 34.8995 35
      vertex 57.1185 35.8221 35
    endloop
  endfacet
  facet normal -0.671534 0.740973 0
    outer loop
      vertex 56.1005 34.8995 35
      vertex 57.1185 35.8221 4
      vertex 56.1005 34.8995 4
    endloop
  endfacet
  facet normal 0.998796 0.0490591 0
    outer loop
      vertex 80 25 35
      vertex 79.9326 26.3722 4
      vertex 79.9326 26.3722 35
    endloop
  endfacet
  facet normal 0.998796 0.0490591 0
    outer loop
      vertex 79.9326 26.3722 4
      vertex 80 25 35
      vertex 80 25 4
    endloop
  endfacet
  facet normal 0.970035 -0.242964 0
    outer loop
      vertex 79.3972 20.936 35
      vertex 79.731 22.2687 4
      vertex 79.731 22.2687 35
    endloop
  endfacet
  facet normal 0.970035 -0.242964 0
    outer loop
      vertex 79.731 22.2687 4
      vertex 79.3972 20.936 35
      vertex 79.3972 20.936 4
    endloop
  endfacet
  facet normal 0.242964 -0.970035 0
    outer loop
      vertex 68.7313 11.269 4
      vertex 70.064 11.6028 35
      vertex 68.7313 11.269 35
    endloop
  endfacet
  facet normal 0.242964 -0.970035 0
    outer loop
      vertex 70.064 11.6028 35
      vertex 68.7313 11.269 4
      vertex 70.064 11.6028 4
    endloop
  endfacet
  facet normal 0.336917 -0.941534 0
    outer loop
      vertex 70.064 11.6028 4
      vertex 71.3576 12.0657 35
      vertex 70.064 11.6028 35
    endloop
  endfacet
  facet normal 0.336917 -0.941534 0
    outer loop
      vertex 71.3576 12.0657 35
      vertex 70.064 11.6028 4
      vertex 71.3576 12.0657 4
    endloop
  endfacet
  facet normal 0.671534 -0.740973 0
    outer loop
      vertex 74.8815 14.1779 4
      vertex 75.8995 15.1005 35
      vertex 74.8815 14.1779 35
    endloop
  endfacet
  facet normal 0.671534 -0.740973 0
    outer loop
      vertex 75.8995 15.1005 35
      vertex 74.8815 14.1779 4
      vertex 75.8995 15.1005 4
    endloop
  endfacet
  facet normal 0.5141 -0.85773 0
    outer loop
      vertex 72.5996 12.6531 4
      vertex 73.778 13.3594 35
      vertex 72.5996 12.6531 35
    endloop
  endfacet
  facet normal 0.5141 -0.85773 0
    outer loop
      vertex 73.778 13.3594 35
      vertex 72.5996 12.6531 4
      vertex 73.778 13.3594 4
    endloop
  endfacet
  facet normal 0.903996 -0.427542 0
    outer loop
      vertex 78.3469 18.4004 35
      vertex 78.9343 19.6424 4
      vertex 78.9343 19.6424 35
    endloop
  endfacet
  facet normal 0.903996 -0.427542 0
    outer loop
      vertex 78.9343 19.6424 4
      vertex 78.3469 18.4004 35
      vertex 78.3469 18.4004 4
    endloop
  endfacet
  facet normal -0.0490591 -0.998796 0
    outer loop
      vertex 64.6278 11.0674 4
      vertex 66 11 35
      vertex 64.6278 11.0674 35
    endloop
  endfacet
  facet normal -0.0490591 -0.998796 -0
    outer loop
      vertex 66 11 35
      vertex 64.6278 11.0674 4
      vertex 66 11 4
    endloop
  endfacet
  facet normal -0.336917 -0.941534 0
    outer loop
      vertex 60.6424 12.0657 4
      vertex 61.936 11.6028 35
      vertex 60.6424 12.0657 35
    endloop
  endfacet
  facet normal -0.336917 -0.941534 -0
    outer loop
      vertex 61.936 11.6028 35
      vertex 60.6424 12.0657 4
      vertex 61.936 11.6028 4
    endloop
  endfacet
  facet normal -0.5141 -0.85773 0
    outer loop
      vertex 58.222 13.3594 4
      vertex 59.4004 12.6531 35
      vertex 58.222 13.3594 35
    endloop
  endfacet
  facet normal -0.5141 -0.85773 -0
    outer loop
      vertex 59.4004 12.6531 35
      vertex 58.222 13.3594 4
      vertex 59.4004 12.6531 4
    endloop
  endfacet
  facet normal -0.970035 -0.242964 0
    outer loop
      vertex 52.6028 20.936 4
      vertex 52.269 22.2687 35
      vertex 52.269 22.2687 4
    endloop
  endfacet
  facet normal -0.970035 -0.242964 0
    outer loop
      vertex 52.269 22.2687 35
      vertex 52.6028 20.936 4
      vertex 52.6028 20.936 35
    endloop
  endfacet
  facet normal -0.998796 -0.0490591 0
    outer loop
      vertex 52.0674 23.6278 4
      vertex 52 25 35
      vertex 52 25 4
    endloop
  endfacet
  facet normal -0.998796 -0.0490591 0
    outer loop
      vertex 52 25 35
      vertex 52.0674 23.6278 4
      vertex 52.0674 23.6278 35
    endloop
  endfacet
  facet normal -0.803177 -0.595741 0
    outer loop
      vertex 55.1779 16.1185 4
      vertex 54.3594 17.222 35
      vertex 54.3594 17.222 4
    endloop
  endfacet
  facet normal -0.803177 -0.595741 0
    outer loop
      vertex 54.3594 17.222 35
      vertex 55.1779 16.1185 4
      vertex 55.1779 16.1185 35
    endloop
  endfacet
  facet normal -0.903996 -0.427542 0
    outer loop
      vertex 53.6531 18.4004 4
      vertex 53.0657 19.6424 35
      vertex 53.0657 19.6424 4
    endloop
  endfacet
  facet normal -0.903996 -0.427542 0
    outer loop
      vertex 53.0657 19.6424 35
      vertex 53.6531 18.4004 4
      vertex 53.6531 18.4004 35
    endloop
  endfacet
  facet normal -0.740973 -0.671534 0
    outer loop
      vertex 56.1005 15.1005 4
      vertex 55.1779 16.1185 35
      vertex 55.1779 16.1185 4
    endloop
  endfacet
  facet normal -0.740973 -0.671534 0
    outer loop
      vertex 55.1779 16.1185 35
      vertex 56.1005 15.1005 4
      vertex 56.1005 15.1005 35
    endloop
  endfacet
  facet normal 0.989177 0.146728 0
    outer loop
      vertex 79.9326 26.3722 35
      vertex 79.731 27.7313 4
      vertex 79.731 27.7313 35
    endloop
  endfacet
  facet normal 0.989177 0.146728 0
    outer loop
      vertex 79.731 27.7313 4
      vertex 79.9326 26.3722 35
      vertex 79.9326 26.3722 4
    endloop
  endfacet
  facet normal 0.146728 0.989177 -0
    outer loop
      vertex 68.7313 38.731 4
      vertex 67.3722 38.9326 35
      vertex 68.7313 38.731 35
    endloop
  endfacet
  facet normal 0.146728 0.989177 0
    outer loop
      vertex 67.3722 38.9326 35
      vertex 68.7313 38.731 4
      vertex 67.3722 38.9326 4
    endloop
  endfacet
  facet normal -0 0 1
    outer loop
      vertex 70.5047 25.0019 35
      vertex 80 25 35
      vertex 79.9326 26.3722 35
    endloop
  endfacet
  facet normal 0 0 1
    outer loop
      vertex 70.4828 25.4434 35
      vertex 79.9326 26.3722 35
      vertex 79.731 27.7313 35
    endloop
  endfacet
  facet normal 0 0 1
    outer loop
      vertex 80 25 35
      vertex 70.5047 25.0019 35
      vertex 70.5048 25 35
    endloop
  endfacet
  facet normal 0 0 1
    outer loop
      vertex 70.4183 25.8788 35
      vertex 79.731 27.7313 35
      vertex 79.3972 29.064 35
    endloop
  endfacet
  facet normal 0 0 1
    outer loop
      vertex 70.5047 24.9981 35
      vertex 80 25 35
      vertex 70.5048 25 35
    endloop
  endfacet
  facet normal 0 0 1
    outer loop
      vertex 70.3102 26.3095 35
      vertex 79.3972 29.064 35
      vertex 78.9343 30.3576 35
    endloop
  endfacet
  facet normal 0 0 1
    outer loop
      vertex 80 25 35
      vertex 70.5047 24.9981 35
      vertex 79.9326 23.6278 35
    endloop
  endfacet
  facet normal 0 0 1
    outer loop
      vertex 70.1619 26.7239 35
      vertex 78.9343 30.3576 35
      vertex 78.3469 31.5996 35
    endloop
  endfacet
  facet normal -0 0 1
    outer loop
      vertex 70.4831 24.5585 35
      vertex 79.9326 23.6278 35
      vertex 70.5047 24.9981 35
    endloop
  endfacet
  facet normal 0 0 1
    outer loop
      vertex 69.9719 27.1252 35
      vertex 78.3469 31.5996 35
      vertex 77.6406 32.778 35
    endloop
  endfacet
  facet normal -0 0 1
    outer loop
      vertex 70.4828 24.5566 35
      vertex 79.9326 23.6278 35
      vertex 70.4831 24.5585 35
    endloop
  endfacet
  facet normal 0 0 1
    outer loop
      vertex 69.7445 27.5043 35
      vertex 77.6406 32.778 35
      vertex 76.8221 33.8815 35
    endloop
  endfacet
  facet normal 0 0 1
    outer loop
      vertex 79.9326 23.6278 35
      vertex 70.4828 24.5566 35
      vertex 79.731 22.2687 35
    endloop
  endfacet
  facet normal 0 0 1
    outer loop
      vertex 69.4823 27.8578 35
      vertex 76.8221 33.8815 35
      vertex 75.8995 34.8995 35
    endloop
  endfacet
  facet normal -0 0 1
    outer loop
      vertex 70.4183 24.1212 35
      vertex 79.731 22.2687 35
      vertex 70.4828 24.5566 35
    endloop
  endfacet
  facet normal 0 0 1
    outer loop
      vertex 69.184 28.1866 35
      vertex 75.8995 34.8995 35
      vertex 74.8815 35.8221 35
    endloop
  endfacet
  facet normal 0 0 1
    outer loop
      vertex 79.731 22.2687 35
      vertex 70.4183 24.1212 35
      vertex 79.3972 20.936 35
    endloop
  endfacet
  facet normal 0 0 1
    outer loop
      vertex 68.8578 28.4823 35
      vertex 74.8815 35.8221 35
      vertex 73.778 36.6406 35
    endloop
  endfacet
  facet normal -0 0 1
    outer loop
      vertex 70.3113 23.6942 35
      vertex 79.3972 20.936 35
      vertex 70.4183 24.1212 35
    endloop
  endfacet
  facet normal 0 0 1
    outer loop
      vertex 68.5027 28.7456 35
      vertex 73.778 36.6406 35
      vertex 72.5996 37.3469 35
    endloop
  endfacet
  facet normal -0 0 1
    outer loop
      vertex 70.3102 23.6905 35
      vertex 79.3972 20.936 35
      vertex 70.3108 23.6923 35
    endloop
  endfacet
  facet normal 0 0 1
    outer loop
      vertex 68.1218 28.9737 35
      vertex 72.5996 37.3469 35
      vertex 71.3576 37.9343 35
    endloop
  endfacet
  facet normal 0 0 1
    outer loop
      vertex 79.3972 20.936 35
      vertex 70.3102 23.6905 35
      vertex 78.9343 19.6424 35
    endloop
  endfacet
  facet normal -0 0 1
    outer loop
      vertex 70.1619 23.2761 35
      vertex 78.9343 19.6424 35
      vertex 70.3102 23.6905 35
    endloop
  endfacet
  facet normal -0 0 1
    outer loop
      vertex 70.3108 23.6923 35
      vertex 79.3972 20.936 35
      vertex 70.3113 23.6942 35
    endloop
  endfacet
  facet normal 0 0 1
    outer loop
      vertex 79.9326 26.3722 35
      vertex 70.4831 25.4415 35
      vertex 70.5047 25.0019 35
    endloop
  endfacet
  facet normal 0 0 1
    outer loop
      vertex 79.9326 26.3722 35
      vertex 70.4828 25.4434 35
      vertex 70.4831 25.4415 35
    endloop
  endfacet
  facet normal 0 0 1
    outer loop
      vertex 79.731 27.7313 35
      vertex 70.4183 25.8788 35
      vertex 70.4828 25.4434 35
    endloop
  endfacet
  facet normal 0 0 1
    outer loop
      vertex 79.3972 29.064 35
      vertex 70.3113 26.3058 35
      vertex 70.4183 25.8788 35
    endloop
  endfacet
  facet normal 0 0 1
    outer loop
      vertex 79.3972 29.064 35
      vertex 70.3108 26.3077 35
      vertex 70.3113 26.3058 35
    endloop
  endfacet
  facet normal 0 0 1
    outer loop
      vertex 79.3972 29.064 35
      vertex 70.3102 26.3095 35
      vertex 70.3108 26.3077 35
    endloop
  endfacet
  facet normal 0 0 1
    outer loop
      vertex 78.9343 30.3576 35
      vertex 70.1619 26.7239 35
      vertex 70.3102 26.3095 35
    endloop
  endfacet
  facet normal 0 0 1
    outer loop
      vertex 67.7239 29.1619 35
      vertex 71.3576 37.9343 35
      vertex 70.064 38.3972 35
    endloop
  endfacet
  facet normal 0 0 1
    outer loop
      vertex 78.3469 31.5996 35
      vertex 69.9737 27.1218 35
      vertex 70.1619 26.7239 35
    endloop
  endfacet
  facet normal 0 0 1
    outer loop
      vertex 78.3469 31.5996 35
      vertex 69.9729 27.1236 35
      vertex 69.9737 27.1218 35
    endloop
  endfacet
  facet normal 0 0 1
    outer loop
      vertex 78.3469 31.5996 35
      vertex 69.9719 27.1252 35
      vertex 69.9729 27.1236 35
    endloop
  endfacet
  facet normal 0 0 1
    outer loop
      vertex 77.6406 32.778 35
      vertex 69.7456 27.5027 35
      vertex 69.9719 27.1252 35
    endloop
  endfacet
  facet normal 0 0 1
    outer loop
      vertex 77.6406 32.778 35
      vertex 69.7445 27.5043 35
      vertex 69.7456 27.5027 35
    endloop
  endfacet
  facet normal 0 0 1
    outer loop
      vertex 76.8221 33.8815 35
      vertex 69.4823 27.8578 35
      vertex 69.7445 27.5043 35
    endloop
  endfacet
  facet normal 0 0 1
    outer loop
      vertex 75.8995 34.8995 35
      vertex 69.1866 28.184 35
      vertex 69.4823 27.8578 35
    endloop
  endfacet
  facet normal 0 0 1
    outer loop
      vertex 75.8995 34.8995 35
      vertex 69.1854 28.1854 35
      vertex 69.1866 28.184 35
    endloop
  endfacet
  facet normal 0 0 1
    outer loop
      vertex 75.8995 34.8995 35
      vertex 69.184 28.1866 35
      vertex 69.1854 28.1854 35
    endloop
  endfacet
  facet normal 0 0 1
    outer loop
      vertex 74.8815 35.8221 35
      vertex 68.8578 28.4823 35
      vertex 69.184 28.1866 35
    endloop
  endfacet
  facet normal 0 0 1
    outer loop
      vertex 67.3058 29.3113 35
      vertex 70.064 38.3972 35
      vertex 68.7313 38.731 35
    endloop
  endfacet
  facet normal 0 0 1
    outer loop
      vertex 73.778 36.6406 35
      vertex 68.5042 28.7445 35
      vertex 68.8578 28.4823 35
    endloop
  endfacet
  facet normal 0 0 1
    outer loop
      vertex 73.778 36.6406 35
      vertex 68.5027 28.7456 35
      vertex 68.5042 28.7445 35
    endloop
  endfacet
  facet normal 0 0 1
    outer loop
      vertex 72.5996 37.3469 35
      vertex 68.1252 28.9719 35
      vertex 68.5027 28.7456 35
    endloop
  endfacet
  facet normal 0 0 1
    outer loop
      vertex 72.5996 37.3469 35
      vertex 68.1236 28.9729 35
      vertex 68.1252 28.9719 35
    endloop
  endfacet
  facet normal 0 0 1
    outer loop
      vertex 72.5996 37.3469 35
      vertex 68.1218 28.9737 35
      vertex 68.1236 28.9729 35
    endloop
  endfacet
  facet normal 0 0 1
    outer loop
      vertex 71.3576 37.9343 35
      vertex 67.7239 29.1619 35
      vertex 68.1218 28.9737 35
    endloop
  endfacet
  facet normal 0 0 1
    outer loop
      vertex 66.8788 29.4182 35
      vertex 68.7313 38.731 35
      vertex 67.3722 38.9326 35
    endloop
  endfacet
  facet normal 0 0 1
    outer loop
      vertex 70.064 38.3972 35
      vertex 67.3095 29.3102 35
      vertex 67.7239 29.1619 35
    endloop
  endfacet
  facet normal 0 0 1
    outer loop
      vertex 70.064 38.3972 35
      vertex 67.3077 29.3108 35
      vertex 67.3095 29.3102 35
    endloop
  endfacet
  facet normal 0 0 1
    outer loop
      vertex 70.064 38.3972 35
      vertex 67.3058 29.3113 35
      vertex 67.3077 29.3108 35
    endloop
  endfacet
  facet normal 0 0 1
    outer loop
      vertex 68.7313 38.731 35
      vertex 66.8788 29.4182 35
      vertex 67.3058 29.3113 35
    endloop
  endfacet
  facet normal 0 0 1
    outer loop
      vertex 67.3722 38.9326 35
      vertex 66.4434 29.4828 35
      vertex 66.8788 29.4182 35
    endloop
  endfacet
  facet normal 0 0 1
    outer loop
      vertex 67.3722 38.9326 35
      vertex 66.4416 29.4831 35
      vertex 66.4434 29.4828 35
    endloop
  endfacet
  facet normal 0 0 1
    outer loop
      vertex 67.3722 38.9326 35
      vertex 66.0019 29.5047 35
      vertex 66.4416 29.4831 35
    endloop
  endfacet
  facet normal 0 0 1
    outer loop
      vertex 66 39 35
      vertex 66.0019 29.5047 35
      vertex 67.3722 38.9326 35
    endloop
  endfacet
  facet normal 0 0 1
    outer loop
      vertex 66 39 35
      vertex 66 29.5048 35
      vertex 66.0019 29.5047 35
    endloop
  endfacet
  facet normal 0 0 1
    outer loop
      vertex 66 39 35
      vertex 65.9981 29.5047 35
      vertex 66 29.5048 35
    endloop
  endfacet
  facet normal 0 0 1
    outer loop
      vertex 66 39 35
      vertex 65.5584 29.4831 35
      vertex 65.9981 29.5047 35
    endloop
  endfacet
  facet normal -0 0 1
    outer loop
      vertex 64.6278 38.9326 35
      vertex 65.5584 29.4831 35
      vertex 66 39 35
    endloop
  endfacet
  facet normal 0 0 1
    outer loop
      vertex 65.5584 29.4831 35
      vertex 64.6278 38.9326 35
      vertex 65.5566 29.4828 35
    endloop
  endfacet
  facet normal 0 0 1
    outer loop
      vertex 65.5566 29.4828 35
      vertex 64.6278 38.9326 35
      vertex 65.1212 29.4182 35
    endloop
  endfacet
  facet normal -0 0 1
    outer loop
      vertex 63.2687 38.731 35
      vertex 65.1212 29.4182 35
      vertex 64.6278 38.9326 35
    endloop
  endfacet
  facet normal 0 0 1
    outer loop
      vertex 65.1212 29.4182 35
      vertex 63.2687 38.731 35
      vertex 64.6942 29.3113 35
    endloop
  endfacet
  facet normal -0 0 1
    outer loop
      vertex 61.936 38.3972 35
      vertex 64.6942 29.3113 35
      vertex 63.2687 38.731 35
    endloop
  endfacet
  facet normal 0 0 1
    outer loop
      vertex 64.6942 29.3113 35
      vertex 61.936 38.3972 35
      vertex 64.6923 29.3108 35
    endloop
  endfacet
  facet normal 0 0 1
    outer loop
      vertex 64.6923 29.3108 35
      vertex 61.936 38.3972 35
      vertex 64.6905 29.3102 35
    endloop
  endfacet
  facet normal 0 0 1
    outer loop
      vertex 64.6905 29.3102 35
      vertex 61.936 38.3972 35
      vertex 64.2761 29.1619 35
    endloop
  endfacet
  facet normal -0 0 1
    outer loop
      vertex 60.6424 37.9343 35
      vertex 64.2761 29.1619 35
      vertex 61.936 38.3972 35
    endloop
  endfacet
  facet normal 0 0 1
    outer loop
      vertex 64.2761 29.1619 35
      vertex 60.6424 37.9343 35
      vertex 63.8782 28.9737 35
    endloop
  endfacet
  facet normal -0 0 1
    outer loop
      vertex 59.4004 37.3469 35
      vertex 63.8782 28.9737 35
      vertex 60.6424 37.9343 35
    endloop
  endfacet
  facet normal 0 0 1
    outer loop
      vertex 63.8782 28.9737 35
      vertex 59.4004 37.3469 35
      vertex 63.8764 28.9729 35
    endloop
  endfacet
  facet normal 0 0 1
    outer loop
      vertex 63.8764 28.9729 35
      vertex 59.4004 37.3469 35
      vertex 63.8748 28.9719 35
    endloop
  endfacet
  facet normal 0 0 1
    outer loop
      vertex 63.8748 28.9719 35
      vertex 59.4004 37.3469 35
      vertex 63.4973 28.7456 35
    endloop
  endfacet
  facet normal -0 0 1
    outer loop
      vertex 58.222 36.6406 35
      vertex 63.4973 28.7456 35
      vertex 59.4004 37.3469 35
    endloop
  endfacet
  facet normal 0 0 1
    outer loop
      vertex 63.4973 28.7456 35
      vertex 58.222 36.6406 35
      vertex 63.4957 28.7445 35
    endloop
  endfacet
  facet normal 0 0 1
    outer loop
      vertex 63.4957 28.7445 35
      vertex 58.222 36.6406 35
      vertex 63.1422 28.4823 35
    endloop
  endfacet
  facet normal -0 0 1
    outer loop
      vertex 57.1185 35.8221 35
      vertex 63.1422 28.4823 35
      vertex 58.222 36.6406 35
    endloop
  endfacet
  facet normal 0 0 1
    outer loop
      vertex 63.1422 28.4823 35
      vertex 57.1185 35.8221 35
      vertex 62.816 28.1866 35
    endloop
  endfacet
  facet normal -0 0 1
    outer loop
      vertex 56.1005 34.8995 35
      vertex 62.816 28.1866 35
      vertex 57.1185 35.8221 35
    endloop
  endfacet
  facet normal 0 0 1
    outer loop
      vertex 62.816 28.1866 35
      vertex 56.1005 34.8995 35
      vertex 62.8146 28.1854 35
    endloop
  endfacet
  facet normal 0 0 1
    outer loop
      vertex 62.8146 28.1854 35
      vertex 56.1005 34.8995 35
      vertex 62.8134 28.184 35
    endloop
  endfacet
  facet normal 0 0 1
    outer loop
      vertex 62.8134 28.184 35
      vertex 56.1005 34.8995 35
      vertex 62.5177 27.8578 35
    endloop
  endfacet
  facet normal -0 0 1
    outer loop
      vertex 55.1779 33.8815 35
      vertex 62.5177 27.8578 35
      vertex 56.1005 34.8995 35
    endloop
  endfacet
  facet normal 0 0 1
    outer loop
      vertex 62.5177 27.8578 35
      vertex 55.1779 33.8815 35
      vertex 62.2555 27.5043 35
    endloop
  endfacet
  facet normal -0 0 1
    outer loop
      vertex 54.3594 32.778 35
      vertex 62.2555 27.5043 35
      vertex 55.1779 33.8815 35
    endloop
  endfacet
  facet normal 0 0 1
    outer loop
      vertex 62.2555 27.5043 35
      vertex 54.3594 32.778 35
      vertex 62.2544 27.5027 35
    endloop
  endfacet
  facet normal 0 0 1
    outer loop
      vertex 62.2544 27.5027 35
      vertex 54.3594 32.778 35
      vertex 62.0281 27.1252 35
    endloop
  endfacet
  facet normal -0 0 1
    outer loop
      vertex 53.6531 31.5996 35
      vertex 62.0281 27.1252 35
      vertex 54.3594 32.778 35
    endloop
  endfacet
  facet normal 0 0 1
    outer loop
      vertex 62.0281 27.1252 35
      vertex 53.6531 31.5996 35
      vertex 62.0271 27.1236 35
    endloop
  endfacet
  facet normal 0 0 1
    outer loop
      vertex 62.0271 27.1236 35
      vertex 53.6531 31.5996 35
      vertex 62.0263 27.1218 35
    endloop
  endfacet
  facet normal 0 0 1
    outer loop
      vertex 62.0263 27.1218 35
      vertex 53.6531 31.5996 35
      vertex 61.8381 26.7239 35
    endloop
  endfacet
  facet normal -0 0 1
    outer loop
      vertex 53.0657 30.3576 35
      vertex 61.8381 26.7239 35
      vertex 53.6531 31.5996 35
    endloop
  endfacet
  facet normal 0 0 1
    outer loop
      vertex 78.9343 19.6424 35
      vertex 70.1619 23.2761 35
      vertex 78.3469 18.4004 35
    endloop
  endfacet
  facet normal -0 0 1
    outer loop
      vertex 69.9737 22.8782 35
      vertex 78.3469 18.4004 35
      vertex 70.1619 23.2761 35
    endloop
  endfacet
  facet normal -0 0 1
    outer loop
      vertex 69.9729 22.8764 35
      vertex 78.3469 18.4004 35
      vertex 69.9737 22.8782 35
    endloop
  endfacet
  facet normal -0 0 1
    outer loop
      vertex 69.9719 22.8748 35
      vertex 78.3469 18.4004 35
      vertex 69.9729 22.8764 35
    endloop
  endfacet
  facet normal 0 0 1
    outer loop
      vertex 78.3469 18.4004 35
      vertex 69.9719 22.8748 35
      vertex 77.6406 17.222 35
    endloop
  endfacet
  facet normal -0 0 1
    outer loop
      vertex 69.7456 22.4973 35
      vertex 77.6406 17.222 35
      vertex 69.9719 22.8748 35
    endloop
  endfacet
  facet normal -0 0 1
    outer loop
      vertex 69.7445 22.4957 35
      vertex 77.6406 17.222 35
      vertex 69.7456 22.4973 35
    endloop
  endfacet
  facet normal 0 0 1
    outer loop
      vertex 77.6406 17.222 35
      vertex 69.7445 22.4957 35
      vertex 76.8221 16.1185 35
    endloop
  endfacet
  facet normal -0 0 1
    outer loop
      vertex 69.4823 22.1422 35
      vertex 76.8221 16.1185 35
      vertex 69.7445 22.4957 35
    endloop
  endfacet
  facet normal 0 0 1
    outer loop
      vertex 76.8221 16.1185 35
      vertex 69.4823 22.1422 35
      vertex 75.8995 15.1005 35
    endloop
  endfacet
  facet normal -0 0 1
    outer loop
      vertex 69.1866 21.816 35
      vertex 75.8995 15.1005 35
      vertex 69.4823 22.1422 35
    endloop
  endfacet
  facet normal -0 0 1
    outer loop
      vertex 69.1854 21.8146 35
      vertex 75.8995 15.1005 35
      vertex 69.1866 21.816 35
    endloop
  endfacet
  facet normal -0 0 1
    outer loop
      vertex 69.184 21.8134 35
      vertex 75.8995 15.1005 35
      vertex 69.1854 21.8146 35
    endloop
  endfacet
  facet normal 0 0 1
    outer loop
      vertex 75.8995 15.1005 35
      vertex 69.184 21.8134 35
      vertex 74.8815 14.1779 35
    endloop
  endfacet
  facet normal -0 0 1
    outer loop
      vertex 68.8578 21.5177 35
      vertex 74.8815 14.1779 35
      vertex 69.184 21.8134 35
    endloop
  endfacet
  facet normal 0 0 1
    outer loop
      vertex 74.8815 14.1779 35
      vertex 68.8578 21.5177 35
      vertex 73.778 13.3594 35
    endloop
  endfacet
  facet normal -0 0 1
    outer loop
      vertex 68.5042 21.2555 35
      vertex 73.778 13.3594 35
      vertex 68.8578 21.5177 35
    endloop
  endfacet
  facet normal -0 0 1
    outer loop
      vertex 68.5027 21.2544 35
      vertex 73.778 13.3594 35
      vertex 68.5042 21.2555 35
    endloop
  endfacet
  facet normal 0 0 1
    outer loop
      vertex 73.778 13.3594 35
      vertex 68.5027 21.2544 35
      vertex 72.5996 12.6531 35
    endloop
  endfacet
  facet normal -0 0 1
    outer loop
      vertex 68.1252 21.0281 35
      vertex 72.5996 12.6531 35
      vertex 68.5027 21.2544 35
    endloop
  endfacet
  facet normal -0 0 1
    outer loop
      vertex 68.1236 21.0271 35
      vertex 72.5996 12.6531 35
      vertex 68.1252 21.0281 35
    endloop
  endfacet
  facet normal -0 0 1
    outer loop
      vertex 68.1218 21.0263 35
      vertex 72.5996 12.6531 35
      vertex 68.1236 21.0271 35
    endloop
  endfacet
  facet normal 0 0 1
    outer loop
      vertex 72.5996 12.6531 35
      vertex 68.1218 21.0263 35
      vertex 71.3576 12.0657 35
    endloop
  endfacet
  facet normal -0 0 1
    outer loop
      vertex 67.7239 20.8381 35
      vertex 71.3576 12.0657 35
      vertex 68.1218 21.0263 35
    endloop
  endfacet
  facet normal 0 0 1
    outer loop
      vertex 71.3576 12.0657 35
      vertex 67.7239 20.8381 35
      vertex 70.064 11.6028 35
    endloop
  endfacet
  facet normal -0 0 1
    outer loop
      vertex 67.3095 20.6898 35
      vertex 70.064 11.6028 35
      vertex 67.7239 20.8381 35
    endloop
  endfacet
  facet normal -0 0 1
    outer loop
      vertex 67.3077 20.6892 35
      vertex 70.064 11.6028 35
      vertex 67.3095 20.6898 35
    endloop
  endfacet
  facet normal -0 0 1
    outer loop
      vertex 67.3058 20.6887 35
      vertex 70.064 11.6028 35
      vertex 67.3077 20.6892 35
    endloop
  endfacet
  facet normal 0 0 1
    outer loop
      vertex 70.064 11.6028 35
      vertex 67.3058 20.6887 35
      vertex 68.7313 11.269 35
    endloop
  endfacet
  facet normal -0 0 1
    outer loop
      vertex 66.8788 20.5818 35
      vertex 68.7313 11.269 35
      vertex 67.3058 20.6887 35
    endloop
  endfacet
  facet normal 0 0 1
    outer loop
      vertex 68.7313 11.269 35
      vertex 66.8788 20.5818 35
      vertex 67.3722 11.0674 35
    endloop
  endfacet
  facet normal -0 0 1
    outer loop
      vertex 66.4434 20.5172 35
      vertex 67.3722 11.0674 35
      vertex 66.8788 20.5818 35
    endloop
  endfacet
  facet normal -0 0 1
    outer loop
      vertex 66.4416 20.5169 35
      vertex 67.3722 11.0674 35
      vertex 66.4434 20.5172 35
    endloop
  endfacet
  facet normal -0 0 1
    outer loop
      vertex 66.0019 20.4953 35
      vertex 67.3722 11.0674 35
      vertex 66.4416 20.5169 35
    endloop
  endfacet
  facet normal 0 0 1
    outer loop
      vertex 66 11 35
      vertex 66.0019 20.4953 35
      vertex 66 20.4952 35
    endloop
  endfacet
  facet normal 0 0 1
    outer loop
      vertex 66.0019 20.4953 35
      vertex 66 11 35
      vertex 67.3722 11.0674 35
    endloop
  endfacet
  facet normal 0 0 1
    outer loop
      vertex 65.9981 20.4953 35
      vertex 66 11 35
      vertex 66 20.4952 35
    endloop
  endfacet
  facet normal 0 0 1
    outer loop
      vertex 65.5584 20.5169 35
      vertex 66 11 35
      vertex 65.9981 20.4953 35
    endloop
  endfacet
  facet normal 0 0 1
    outer loop
      vertex 64.6278 11.0674 35
      vertex 65.5584 20.5169 35
      vertex 65.5566 20.5172 35
    endloop
  endfacet
  facet normal 0 0 1
    outer loop
      vertex 64.6278 11.0674 35
      vertex 65.5566 20.5172 35
      vertex 65.1212 20.5818 35
    endloop
  endfacet
  facet normal 0 0 1
    outer loop
      vertex 63.2687 11.269 35
      vertex 65.1212 20.5818 35
      vertex 64.6942 20.6887 35
    endloop
  endfacet
  facet normal 0 0 1
    outer loop
      vertex 61.936 11.6028 35
      vertex 64.6942 20.6887 35
      vertex 64.6923 20.6892 35
    endloop
  endfacet
  facet normal 0 0 1
    outer loop
      vertex 61.936 11.6028 35
      vertex 64.6923 20.6892 35
      vertex 64.6905 20.6898 35
    endloop
  endfacet
  facet normal 0 0 1
    outer loop
      vertex 65.5584 20.5169 35
      vertex 64.6278 11.0674 35
      vertex 66 11 35
    endloop
  endfacet
  facet normal 0 0 1
    outer loop
      vertex 61.936 11.6028 35
      vertex 64.6905 20.6898 35
      vertex 64.2761 20.8381 35
    endloop
  endfacet
  facet normal 0 0 1
    outer loop
      vertex 60.6424 12.0657 35
      vertex 64.2761 20.8381 35
      vertex 63.8782 21.0263 35
    endloop
  endfacet
  facet normal 0 0 1
    outer loop
      vertex 59.4004 12.6531 35
      vertex 63.8782 21.0263 35
      vertex 63.8764 21.0271 35
    endloop
  endfacet
  facet normal 0 0 1
    outer loop
      vertex 59.4004 12.6531 35
      vertex 63.8764 21.0271 35
      vertex 63.8748 21.0281 35
    endloop
  endfacet
  facet normal 0 0 1
    outer loop
      vertex 59.4004 12.6531 35
      vertex 63.8748 21.0281 35
      vertex 63.4973 21.2544 35
    endloop
  endfacet
  facet normal 0 0 1
    outer loop
      vertex 58.222 13.3594 35
      vertex 63.4973 21.2544 35
      vertex 63.4957 21.2555 35
    endloop
  endfacet
  facet normal 0 0 1
    outer loop
      vertex 65.1212 20.5818 35
      vertex 63.2687 11.269 35
      vertex 64.6278 11.0674 35
    endloop
  endfacet
  facet normal 0 0 1
    outer loop
      vertex 58.222 13.3594 35
      vertex 63.4957 21.2555 35
      vertex 63.1422 21.5177 35
    endloop
  endfacet
  facet normal 0 0 1
    outer loop
      vertex 57.1185 14.1779 35
      vertex 63.1422 21.5177 35
      vertex 62.816 21.8134 35
    endloop
  endfacet
  facet normal 0 0 1
    outer loop
      vertex 56.1005 15.1005 35
      vertex 62.816 21.8134 35
      vertex 62.8146 21.8146 35
    endloop
  endfacet
  facet normal 0 0 1
    outer loop
      vertex 56.1005 15.1005 35
      vertex 62.8146 21.8146 35
      vertex 62.8134 21.816 35
    endloop
  endfacet
  facet normal 0 0 1
    outer loop
      vertex 56.1005 15.1005 35
      vertex 62.8134 21.816 35
      vertex 62.5177 22.1422 35
    endloop
  endfacet
  facet normal 0 0 1
    outer loop
      vertex 55.1779 16.1185 35
      vertex 62.5177 22.1422 35
      vertex 62.2555 22.4957 35
    endloop
  endfacet
  facet normal 0 0 1
    outer loop
      vertex 54.3594 17.222 35
      vertex 62.2555 22.4957 35
      vertex 62.2544 22.4973 35
    endloop
  endfacet
  facet normal 0 0 1
    outer loop
      vertex 54.3594 17.222 35
      vertex 62.2544 22.4973 35
      vertex 62.0281 22.8748 35
    endloop
  endfacet
  facet normal 0 0 1
    outer loop
      vertex 53.6531 18.4004 35
      vertex 62.0281 22.8748 35
      vertex 62.0271 22.8764 35
    endloop
  endfacet
  facet normal 0 0 1
    outer loop
      vertex 53.6531 18.4004 35
      vertex 62.0271 22.8764 35
      vertex 62.0263 22.8782 35
    endloop
  endfacet
  facet normal 0 0 1
    outer loop
      vertex 64.6942 20.6887 35
      vertex 61.936 11.6028 35
      vertex 63.2687 11.269 35
    endloop
  endfacet
  facet normal 0 0 1
    outer loop
      vertex 53.6531 18.4004 35
      vertex 62.0263 22.8782 35
      vertex 61.8381 23.2761 35
    endloop
  endfacet
  facet normal 0 0 1
    outer loop
      vertex 53.0657 19.6424 35
      vertex 61.8381 23.2761 35
      vertex 61.6898 23.6905 35
    endloop
  endfacet
  facet normal 0 0 1
    outer loop
      vertex 52.6028 20.936 35
      vertex 61.6898 23.6905 35
      vertex 61.6892 23.6923 35
    endloop
  endfacet
  facet normal 0 0 1
    outer loop
      vertex 52.6028 20.936 35
      vertex 61.6892 23.6923 35
      vertex 61.6887 23.6942 35
    endloop
  endfacet
  facet normal 0 0 1
    outer loop
      vertex 52.6028 20.936 35
      vertex 61.6887 23.6942 35
      vertex 61.5818 24.1212 35
    endloop
  endfacet
  facet normal 0 0 1
    outer loop
      vertex 52.269 22.2687 35
      vertex 61.5818 24.1212 35
      vertex 61.5172 24.5566 35
    endloop
  endfacet
  facet normal 0 0 1
    outer loop
      vertex 52.0674 23.6278 35
      vertex 61.5172 24.5566 35
      vertex 61.5169 24.5585 35
    endloop
  endfacet
  facet normal 0 0 1
    outer loop
      vertex 52.0674 23.6278 35
      vertex 61.5169 24.5585 35
      vertex 61.4953 24.9981 35
    endloop
  endfacet
  facet normal -0 0 1
    outer loop
      vertex 52 25 35
      vertex 61.4953 24.9981 35
      vertex 61.4952 25 35
    endloop
  endfacet
  facet normal 0 0 1
    outer loop
      vertex 61.8381 26.7239 35
      vertex 53.0657 30.3576 35
      vertex 61.6898 26.3095 35
    endloop
  endfacet
  facet normal 0 0 1
    outer loop
      vertex 64.2761 20.8381 35
      vertex 60.6424 12.0657 35
      vertex 61.936 11.6028 35
    endloop
  endfacet
  facet normal -0 0 1
    outer loop
      vertex 52.6028 29.064 35
      vertex 61.6898 26.3095 35
      vertex 53.0657 30.3576 35
    endloop
  endfacet
  facet normal 0 0 1
    outer loop
      vertex 63.8782 21.0263 35
      vertex 59.4004 12.6531 35
      vertex 60.6424 12.0657 35
    endloop
  endfacet
  facet normal 0 0 1
    outer loop
      vertex 61.6898 26.3095 35
      vertex 52.6028 29.064 35
      vertex 61.6892 26.3077 35
    endloop
  endfacet
  facet normal 0 0 1
    outer loop
      vertex 63.4973 21.2544 35
      vertex 58.222 13.3594 35
      vertex 59.4004 12.6531 35
    endloop
  endfacet
  facet normal 0 0 1
    outer loop
      vertex 61.6892 26.3077 35
      vertex 52.6028 29.064 35
      vertex 61.6887 26.3058 35
    endloop
  endfacet
  facet normal 0 0 1
    outer loop
      vertex 63.1422 21.5177 35
      vertex 57.1185 14.1779 35
      vertex 58.222 13.3594 35
    endloop
  endfacet
  facet normal 0 0 1
    outer loop
      vertex 61.6887 26.3058 35
      vertex 52.6028 29.064 35
      vertex 61.5818 25.8788 35
    endloop
  endfacet
  facet normal 0 0 1
    outer loop
      vertex 62.816 21.8134 35
      vertex 56.1005 15.1005 35
      vertex 57.1185 14.1779 35
    endloop
  endfacet
  facet normal -0 0 1
    outer loop
      vertex 52.269 27.7313 35
      vertex 61.5818 25.8788 35
      vertex 52.6028 29.064 35
    endloop
  endfacet
  facet normal 0 0 1
    outer loop
      vertex 62.5177 22.1422 35
      vertex 55.1779 16.1185 35
      vertex 56.1005 15.1005 35
    endloop
  endfacet
  facet normal 0 0 1
    outer loop
      vertex 61.5818 25.8788 35
      vertex 52.269 27.7313 35
      vertex 61.5172 25.4434 35
    endloop
  endfacet
  facet normal 0 0 1
    outer loop
      vertex 62.2555 22.4957 35
      vertex 54.3594 17.222 35
      vertex 55.1779 16.1185 35
    endloop
  endfacet
  facet normal -0 0 1
    outer loop
      vertex 52.0674 26.3722 35
      vertex 61.5172 25.4434 35
      vertex 52.269 27.7313 35
    endloop
  endfacet
  facet normal 0 0 1
    outer loop
      vertex 62.0281 22.8748 35
      vertex 53.6531 18.4004 35
      vertex 54.3594 17.222 35
    endloop
  endfacet
  facet normal 0 0 1
    outer loop
      vertex 61.5172 25.4434 35
      vertex 52.0674 26.3722 35
      vertex 61.5169 25.4415 35
    endloop
  endfacet
  facet normal 0 0 1
    outer loop
      vertex 61.8381 23.2761 35
      vertex 53.0657 19.6424 35
      vertex 53.6531 18.4004 35
    endloop
  endfacet
  facet normal 0 0 1
    outer loop
      vertex 61.5169 25.4415 35
      vertex 52.0674 26.3722 35
      vertex 61.4953 25.0019 35
    endloop
  endfacet
  facet normal 0 0 1
    outer loop
      vertex 61.6898 23.6905 35
      vertex 52.6028 20.936 35
      vertex 53.0657 19.6424 35
    endloop
  endfacet
  facet normal 0 0 1
    outer loop
      vertex 52 25 35
      vertex 61.4953 25.0019 35
      vertex 52.0674 26.3722 35
    endloop
  endfacet
  facet normal 0 0 1
    outer loop
      vertex 61.5818 24.1212 35
      vertex 52.269 22.2687 35
      vertex 52.6028 20.936 35
    endloop
  endfacet
  facet normal 0 0 1
    outer loop
      vertex 61.4953 25.0019 35
      vertex 52 25 35
      vertex 61.4952 25 35
    endloop
  endfacet
  facet normal 0 0 1
    outer loop
      vertex 61.5172 24.5566 35
      vertex 52.0674 23.6278 35
      vertex 52.269 22.2687 35
    endloop
  endfacet
  facet normal 0 0 1
    outer loop
      vertex 61.4953 24.9981 35
      vertex 52 25 35
      vertex 52.0674 23.6278 35
    endloop
  endfacet
  facet normal -0.989177 0.146728 0
    outer loop
      vertex 52.0674 26.3722 4
      vertex 52.269 27.7313 35
      vertex 52.269 27.7313 4
    endloop
  endfacet
  facet normal -0.989177 0.146728 0
    outer loop
      vertex 52.269 27.7313 35
      vertex 52.0674 26.3722 4
      vertex 52.0674 26.3722 35
    endloop
  endfacet
  facet normal 0.0490591 -0.998796 0
    outer loop
      vertex 66 11 4
      vertex 67.3722 11.0674 35
      vertex 66 11 35
    endloop
  endfacet
  facet normal 0.0490591 -0.998796 0
    outer loop
      vertex 67.3722 11.0674 35
      vertex 66 11 4
      vertex 67.3722 11.0674 4
    endloop
  endfacet
  facet normal 0.989177 -0.146728 0
    outer loop
      vertex 79.731 22.2687 35
      vertex 79.9326 23.6278 4
      vertex 79.9326 23.6278 35
    endloop
  endfacet
  facet normal 0.989177 -0.146728 0
    outer loop
      vertex 79.9326 23.6278 4
      vertex 79.731 22.2687 35
      vertex 79.731 22.2687 4
    endloop
  endfacet
  facet normal 0.427542 -0.903996 0
    outer loop
      vertex 71.3576 12.0657 4
      vertex 72.5996 12.6531 35
      vertex 71.3576 12.0657 35
    endloop
  endfacet
  facet normal 0.427542 -0.903996 0
    outer loop
      vertex 72.5996 12.6531 35
      vertex 71.3576 12.0657 4
      vertex 72.5996 12.6531 4
    endloop
  endfacet
  facet normal 0.740973 -0.671534 0
    outer loop
      vertex 75.8995 15.1005 35
      vertex 76.8221 16.1185 4
      vertex 76.8221 16.1185 35
    endloop
  endfacet
  facet normal 0.740973 -0.671534 0
    outer loop
      vertex 76.8221 16.1185 4
      vertex 75.8995 15.1005 35
      vertex 75.8995 15.1005 4
    endloop
  endfacet
  facet normal 0.595741 -0.803177 0
    outer loop
      vertex 73.778 13.3594 4
      vertex 74.8815 14.1779 35
      vertex 73.778 13.3594 35
    endloop
  endfacet
  facet normal 0.595741 -0.803177 0
    outer loop
      vertex 74.8815 14.1779 35
      vertex 73.778 13.3594 4
      vertex 74.8815 14.1779 4
    endloop
  endfacet
  facet normal 0.85773 -0.5141 0
    outer loop
      vertex 77.6406 17.222 35
      vertex 78.3469 18.4004 4
      vertex 78.3469 18.4004 35
    endloop
  endfacet
  facet normal 0.85773 -0.5141 0
    outer loop
      vertex 78.3469 18.4004 4
      vertex 77.6406 17.222 35
      vertex 77.6406 17.222 4
    endloop
  endfacet
  facet normal -0.242964 -0.970035 0
    outer loop
      vertex 61.936 11.6028 4
      vertex 63.2687 11.269 35
      vertex 61.936 11.6028 35
    endloop
  endfacet
  facet normal -0.242964 -0.970035 -0
    outer loop
      vertex 63.2687 11.269 35
      vertex 61.936 11.6028 4
      vertex 63.2687 11.269 4
    endloop
  endfacet
  facet normal -0.595741 -0.803177 0
    outer loop
      vertex 57.1185 14.1779 4
      vertex 58.222 13.3594 35
      vertex 57.1185 14.1779 35
    endloop
  endfacet
  facet normal -0.595741 -0.803177 -0
    outer loop
      vertex 58.222 13.3594 35
      vertex 57.1185 14.1779 4
      vertex 58.222 13.3594 4
    endloop
  endfacet
  facet normal -0.941534 -0.336917 0
    outer loop
      vertex 53.0657 19.6424 4
      vertex 52.6028 20.936 35
      vertex 52.6028 20.936 4
    endloop
  endfacet
  facet normal -0.941534 -0.336917 0
    outer loop
      vertex 52.6028 20.936 35
      vertex 53.0657 19.6424 4
      vertex 53.0657 19.6424 35
    endloop
  endfacet
  facet normal -0.989177 -0.146728 0
    outer loop
      vertex 52.269 22.2687 4
      vertex 52.0674 23.6278 35
      vertex 52.0674 23.6278 4
    endloop
  endfacet
  facet normal -0.989177 -0.146728 0
    outer loop
      vertex 52.0674 23.6278 35
      vertex 52.269 22.2687 4
      vertex 52.269 22.2687 35
    endloop
  endfacet
  facet normal -0.85773 -0.5141 0
    outer loop
      vertex 54.3594 17.222 4
      vertex 53.6531 18.4004 35
      vertex 53.6531 18.4004 4
    endloop
  endfacet
  facet normal -0.85773 -0.5141 0
    outer loop
      vertex 53.6531 18.4004 35
      vertex 54.3594 17.222 4
      vertex 54.3594 17.222 35
    endloop
  endfacet
  facet normal 0.146728 -0.989177 0
    outer loop
      vertex 67.3722 11.0674 4
      vertex 68.7313 11.269 35
      vertex 67.3722 11.0674 35
    endloop
  endfacet
  facet normal 0.146728 -0.989177 0
    outer loop
      vertex 68.7313 11.269 35
      vertex 67.3722 11.0674 4
      vertex 68.7313 11.269 4
    endloop
  endfacet
  facet normal -0.997646 -0.0490143 -0.0479644
    outer loop
      vertex 71.9952 25 4
      vertex 70.5047 25.0019 35
      vertex 71.9664 25.5862 4
    endloop
  endfacet
  facet normal -0.997469 -0.0524984 -0.0479557
    outer loop
      vertex 70.5047 25.0019 35
      vertex 71.9952 25 4
      vertex 70.5048 25 35
    endloop
  endfacet
  facet normal -0.996309 -0.0711649 -0.0480039
    outer loop
      vertex 71.9664 25.5862 4
      vertex 70.4831 25.4415 35
      vertex 71.9663 25.5876 4
    endloop
  endfacet
  facet normal -0.997645 -0.0490199 -0.0479645
    outer loop
      vertex 70.4831 25.4415 35
      vertex 71.9664 25.5862 4
      vertex 70.5047 25.0019 35
    endloop
  endfacet
  facet normal -0.94759 0.315863 -0.0480031
    outer loop
      vertex 71.737 23.2597 4
      vertex 70.3102 23.6905 35
      vertex 70.3108 23.6923 35
    endloop
  endfacet
  facet normal -0.940473 0.336467 -0.0479618
    outer loop
      vertex 70.3102 23.6905 35
      vertex 71.737 23.2597 4
      vertex 71.5393 22.7071 4
    endloop
  endfacet
  facet normal -0.0490088 -0.997646 -0.0479644
    outer loop
      vertex 66.5862 30.9664 4
      vertex 66.4416 29.4831 35
      vertex 66.0019 29.5047 35
    endloop
  endfacet
  facet normal -0.0711649 -0.996309 -0.0480037
    outer loop
      vertex 66.4416 29.4831 35
      vertex 66.5862 30.9664 4
      vertex 66.5876 30.9663 4
    endloop
  endfacet
  facet normal -0.773064 -0.632507 -0.0480195
    outer loop
      vertex 70.6352 28.8022 4
      vertex 69.4823 27.8578 35
      vertex 70.6343 28.8033 4
    endloop
  endfacet
  facet normal -0.802254 -0.595053 -0.0479641
    outer loop
      vertex 69.4823 27.8578 35
      vertex 70.6352 28.8022 4
      vertex 69.7445 27.5043 35
    endloop
  endfacet
  facet normal -0.513603 0.856686 -0.0479635
    outer loop
      vertex 68.8261 19.7127 4
      vertex 68.1252 21.0281 35
      vertex 69.3295 20.0145 4
    endloop
  endfacet
  facet normal -0.52939 0.847024 -0.0479105
    outer loop
      vertex 68.1252 21.0281 35
      vertex 68.8261 19.7127 4
      vertex 68.1236 21.0271 35
    endloop
  endfacet
  facet normal -0.976675 0.209287 -0.048015
    outer loop
      vertex 71.8797 23.829 4
      vertex 70.4183 24.1212 35
      vertex 71.88 23.8304 4
    endloop
  endfacet
  facet normal -0.968892 0.24279 -0.047964
    outer loop
      vertex 70.4183 24.1212 35
      vertex 71.8797 23.829 4
      vertex 70.3113 23.6942 35
    endloop
  endfacet
  facet normal -0.503292 0.862786 -0.0479319
    outer loop
      vertex 69.3295 20.0145 4
      vertex 68.5027 21.2544 35
      vertex 69.3307 20.0152 4
    endloop
  endfacet
  facet normal -0.51357 0.856706 -0.0479629
    outer loop
      vertex 68.5027 21.2544 35
      vertex 69.3295 20.0145 4
      vertex 68.1252 21.0281 35
    endloop
  endfacet
  facet normal -0.802355 -0.594917 -0.0479613
    outer loop
      vertex 70.9848 28.3307 4
      vertex 69.7445 27.5043 35
      vertex 70.6352 28.8022 4
    endloop
  endfacet
  facet normal -0.823091 -0.565875 -0.0480168
    outer loop
      vertex 69.7445 27.5043 35
      vertex 70.9848 28.3307 4
      vertex 69.7456 27.5027 35
    endloop
  endfacet
  facet normal -0.427077 -0.902942 -0.0479634
    outer loop
      vertex 68.2943 30.5388 4
      vertex 68.1218 28.9737 35
      vertex 67.7239 29.1619 35
    endloop
  endfacet
  facet normal -0.446707 -0.893414 -0.0475916
    outer loop
      vertex 68.1218 28.9737 35
      vertex 68.2943 30.5388 4
      vertex 68.2955 30.5382 4
    endloop
  endfacet
  facet normal -0.254203 -0.965971 -0.0477665
    outer loop
      vertex 67.171 30.8797 4
      vertex 67.3077 29.3108 35
      vertex 67.3058 29.3113 35
    endloop
  endfacet
  facet normal -0.242857 -0.968876 -0.0479636
    outer loop
      vertex 67.3077 29.3108 35
      vertex 67.171 30.8797 4
      vertex 67.7403 30.737 4
    endloop
  endfacet
  facet normal 0.141259 -0.988811 -0.0479523
    outer loop
      vertex 64.8318 30.8802 4
      vertex 65.1212 29.4182 35
      vertex 64.8304 30.88 4
    endloop
  endfacet
  facet normal 0.146594 -0.988033 -0.0479654
    outer loop
      vertex 65.1212 29.4182 35
      vertex 64.8318 30.8802 4
      vertex 65.5566 29.4828 35
    endloop
  endfacet
  facet normal 0.96596 -0.2542 -0.0479877
    outer loop
      vertex 61.6887 26.3058 35
      vertex 60.263 26.7403 4
      vertex 61.6892 26.3077 35
    endloop
  endfacet
  facet normal 0.968876 -0.242857 -0.0479628
    outer loop
      vertex 60.263 26.7403 4
      vertex 61.6887 26.3058 35
      vertex 60.1203 26.171 4
    endloop
  endfacet
  facet normal 0.996309 -0.0711649 -0.0480039
    outer loop
      vertex 61.5169 25.4415 35
      vertex 60.0336 25.5862 4
      vertex 60.0337 25.5876 4
    endloop
  endfacet
  facet normal 0.997645 -0.0490199 -0.0479645
    outer loop
      vertex 60.0336 25.5862 4
      vertex 61.5169 25.4415 35
      vertex 61.4953 25.0019 35
    endloop
  endfacet
  facet normal 0.802355 -0.594917 -0.0479613
    outer loop
      vertex 62.2555 27.5043 35
      vertex 61.0152 28.3307 4
      vertex 61.3648 28.8022 4
    endloop
  endfacet
  facet normal 0.823091 -0.565875 -0.0480168
    outer loop
      vertex 61.0152 28.3307 4
      vertex 62.2555 27.5043 35
      vertex 62.2544 27.5027 35
    endloop
  endfacet
  facet normal 0.862786 -0.503292 -0.0479319
    outer loop
      vertex 62.2544 27.5027 35
      vertex 61.0145 28.3295 4
      vertex 61.0152 28.3307 4
    endloop
  endfacet
  facet normal 0.856706 -0.51357 -0.0479629
    outer loop
      vertex 61.0145 28.3295 4
      vertex 62.2544 27.5027 35
      vertex 62.0281 27.1252 35
    endloop
  endfacet
  facet normal -0.940473 -0.336467 -0.0479618
    outer loop
      vertex 71.737 26.7403 4
      vertex 70.3102 26.3095 35
      vertex 71.5393 27.2929 4
    endloop
  endfacet
  facet normal -0.94759 -0.315863 -0.0480031
    outer loop
      vertex 70.3102 26.3095 35
      vertex 71.737 26.7403 4
      vertex 70.3108 26.3077 35
    endloop
  endfacet
  facet normal -0.141259 0.988811 -0.0479523
    outer loop
      vertex 67.1682 19.1198 4
      vertex 66.8788 20.5818 35
      vertex 67.1696 19.12 4
    endloop
  endfacet
  facet normal -0.146594 0.988033 -0.0479654
    outer loop
      vertex 66.8788 20.5818 35
      vertex 67.1682 19.1198 4
      vertex 66.4434 20.5172 35
    endloop
  endfacet
  facet normal -0.632485 0.773038 -0.0487363
    outer loop
      vertex 69.8033 20.3657 4
      vertex 69.184 21.8134 35
      vertex 69.8044 20.3666 4
    endloop
  endfacet
  facet normal -0.670848 0.740042 -0.0479618
    outer loop
      vertex 69.184 21.8134 35
      vertex 69.8033 20.3657 4
      vertex 68.8578 21.5177 35
    endloop
  endfacet
  facet normal -0.912743 0.405664 -0.0483371
    outer loop
      vertex 71.5382 22.7045 4
      vertex 69.9729 22.8764 35
      vertex 69.9737 22.8782 35
    endloop
  endfacet
  facet normal -0.902985 0.426986 -0.0479626
    outer loop
      vertex 69.9729 22.8764 35
      vertex 71.5382 22.7045 4
      vertex 71.2873 22.1739 4
    endloop
  endfacet
  facet normal -0.997469 0.0524984 -0.0479557
    outer loop
      vertex 71.9952 25 4
      vertex 70.5047 24.9981 35
      vertex 70.5048 25 35
    endloop
  endfacet
  facet normal -0.997646 0.0490143 -0.0479644
    outer loop
      vertex 70.5047 24.9981 35
      vertex 71.9952 25 4
      vertex 71.9664 24.4138 4
    endloop
  endfacet
  facet normal -0.986627 0.155783 -0.0479395
    outer loop
      vertex 71.9663 24.4124 4
      vertex 70.4828 24.5566 35
      vertex 70.4831 24.5585 35
    endloop
  endfacet
  facet normal -0.988044 0.146522 -0.0479642
    outer loop
      vertex 70.4828 24.5566 35
      vertex 71.9663 24.4124 4
      vertex 71.8802 23.8318 4
    endloop
  endfacet
  facet normal -0.902985 -0.426986 -0.0479626
    outer loop
      vertex 71.5382 27.2955 4
      vertex 69.9729 27.1236 35
      vertex 71.2873 27.8261 4
    endloop
  endfacet
  facet normal -0.912743 -0.405664 -0.0483371
    outer loop
      vertex 69.9729 27.1236 35
      vertex 71.5382 27.2955 4
      vertex 69.9737 27.1218 35
    endloop
  endfacet
  facet normal -0.739997 -0.670898 -0.0479613
    outer loop
      vertex 70.6334 28.8044 4
      vertex 69.1854 28.1854 35
      vertex 70.2392 29.2392 4
    endloop
  endfacet
  facet normal -0.758367 -0.650029 -0.0484027
    outer loop
      vertex 69.1854 28.1854 35
      vertex 70.6334 28.8044 4
      vertex 69.1866 28.184 35
    endloop
  endfacet
  facet normal -0.670848 -0.740042 -0.0479618
    outer loop
      vertex 69.8033 29.6343 4
      vertex 69.184 28.1866 35
      vertex 68.8578 28.4823 35
    endloop
  endfacet
  facet normal -0.632485 -0.773038 -0.0487363
    outer loop
      vertex 69.184 28.1866 35
      vertex 69.8033 29.6343 4
      vertex 69.8044 29.6334 4
    endloop
  endfacet
  facet normal -0.242577 -0.968946 -0.047966
    outer loop
      vertex 67.1696 30.88 4
      vertex 67.3058 29.3113 35
      vertex 66.8788 29.4182 35
    endloop
  endfacet
  facet normal -0.209282 -0.976652 -0.0485022
    outer loop
      vertex 67.3058 29.3113 35
      vertex 67.1696 30.88 4
      vertex 67.171 30.8797 4
    endloop
  endfacet
  facet normal 0.632485 -0.773038 -0.0487363
    outer loop
      vertex 62.1967 29.6343 4
      vertex 62.816 28.1866 35
      vertex 62.1956 29.6334 4
    endloop
  endfacet
  facet normal 0.670848 -0.740042 -0.0479618
    outer loop
      vertex 62.816 28.1866 35
      vertex 62.1967 29.6343 4
      vertex 63.1422 28.4823 35
    endloop
  endfacet
  facet normal 0.2542 -0.96596 -0.0479877
    outer loop
      vertex 64.2597 30.737 4
      vertex 64.6942 29.3113 35
      vertex 64.6923 29.3108 35
    endloop
  endfacet
  facet normal 0.242857 -0.968876 -0.0479628
    outer loop
      vertex 64.6942 29.3113 35
      vertex 64.2597 30.737 4
      vertex 64.829 30.8797 4
    endloop
  endfacet
  facet normal -0.16421 -0.985261 -0.0479134
    outer loop
      vertex 66.5876 30.9663 4
      vertex 66.4434 29.4828 35
      vertex 66.4416 29.4831 35
    endloop
  endfacet
  facet normal -0.146522 -0.988044 -0.0479642
    outer loop
      vertex 66.4434 29.4828 35
      vertex 66.5876 30.9663 4
      vertex 67.1682 30.8802 4
    endloop
  endfacet
  facet normal -0.0524984 -0.997469 -0.0479557
    outer loop
      vertex 66 30.9952 4
      vertex 66.0019 29.5047 35
      vertex 66 29.5048 35
    endloop
  endfacet
  facet normal -0.0490143 -0.997646 -0.0479644
    outer loop
      vertex 66.0019 29.5047 35
      vertex 66 30.9952 4
      vertex 66.5862 30.9664 4
    endloop
  endfacet
  facet normal 0.739997 -0.670898 -0.0479613
    outer loop
      vertex 62.8146 28.1854 35
      vertex 61.3666 28.8044 4
      vertex 61.7608 29.2392 4
    endloop
  endfacet
  facet normal 0.758367 -0.650029 -0.0484027
    outer loop
      vertex 61.3666 28.8044 4
      vertex 62.8146 28.1854 35
      vertex 62.8134 28.184 35
    endloop
  endfacet
  facet normal 0.997469 -0.0524984 -0.0479557
    outer loop
      vertex 60.0048 25 4
      vertex 61.4953 25.0019 35
      vertex 61.4952 25 35
    endloop
  endfacet
  facet normal 0.997646 -0.0490143 -0.0479644
    outer loop
      vertex 61.4953 25.0019 35
      vertex 60.0048 25 4
      vertex 60.0336 25.5862 4
    endloop
  endfacet
  facet normal 0.976652 -0.209282 -0.0485022
    outer loop
      vertex 61.6887 26.3058 35
      vertex 60.12 26.1696 4
      vertex 60.1203 26.171 4
    endloop
  endfacet
  facet normal 0.968946 -0.242577 -0.047966
    outer loop
      vertex 60.12 26.1696 4
      vertex 61.6887 26.3058 35
      vertex 61.5818 25.8788 35
    endloop
  endfacet
  facet normal 0.773064 -0.632507 -0.0480195
    outer loop
      vertex 62.5177 27.8578 35
      vertex 61.3648 28.8022 4
      vertex 61.3657 28.8033 4
    endloop
  endfacet
  facet normal 0.802254 -0.595053 -0.0479641
    outer loop
      vertex 61.3648 28.8022 4
      vertex 62.5177 27.8578 35
      vertex 62.2555 27.5043 35
    endloop
  endfacet
  facet normal 0.740042 0.670848 -0.0479618
    outer loop
      vertex 62.8134 21.816 35
      vertex 61.3657 21.1967 4
      vertex 62.5177 22.1422 35
    endloop
  endfacet
  facet normal 0.773038 0.632485 -0.0487363
    outer loop
      vertex 61.3657 21.1967 4
      vertex 62.8134 21.816 35
      vertex 61.3666 21.1956 4
    endloop
  endfacet
  facet normal 0.940442 0.336553 -0.0479633
    outer loop
      vertex 61.8381 23.2761 35
      vertex 60.4607 22.7071 4
      vertex 61.6898 23.6905 35
    endloop
  endfacet
  facet normal 0.940658 0.335949 -0.0479619
    outer loop
      vertex 60.4607 22.7071 4
      vertex 61.8381 23.2761 35
      vertex 60.4612 22.7057 4
    endloop
  endfacet
  facet normal 0.427077 0.902942 -0.0479634
    outer loop
      vertex 63.7057 19.4612 4
      vertex 63.8782 21.0263 35
      vertex 64.2761 20.8381 35
    endloop
  endfacet
  facet normal 0.446707 0.893414 -0.0475916
    outer loop
      vertex 63.8782 21.0263 35
      vertex 63.7057 19.4612 4
      vertex 63.7045 19.4618 4
    endloop
  endfacet
  facet normal 0.51357 0.856706 -0.0479629
    outer loop
      vertex 62.6705 20.0145 4
      vertex 63.4973 21.2544 35
      vertex 63.8748 21.0281 35
    endloop
  endfacet
  facet normal 0.503292 0.862786 -0.0479319
    outer loop
      vertex 63.4973 21.2544 35
      vertex 62.6705 20.0145 4
      vertex 62.6693 20.0152 4
    endloop
  endfacet
  facet normal -0.856686 -0.513603 -0.0479635
    outer loop
      vertex 71.2873 27.8261 4
      vertex 69.9719 27.1252 35
      vertex 70.9855 28.3295 4
    endloop
  endfacet
  facet normal -0.847024 -0.52939 -0.0479105
    outer loop
      vertex 69.9719 27.1252 35
      vertex 71.2873 27.8261 4
      vertex 69.9729 27.1236 35
    endloop
  endfacet
  facet normal -0.862786 -0.503292 -0.0479319
    outer loop
      vertex 70.9855 28.3295 4
      vertex 69.7456 27.5027 35
      vertex 70.9848 28.3307 4
    endloop
  endfacet
  facet normal -0.856706 -0.51357 -0.0479629
    outer loop
      vertex 69.7456 27.5027 35
      vertex 70.9855 28.3295 4
      vertex 69.9719 27.1252 35
    endloop
  endfacet
  facet normal 0.254203 0.965971 -0.0477665
    outer loop
      vertex 64.829 19.1203 4
      vertex 64.6923 20.6892 35
      vertex 64.6942 20.6887 35
    endloop
  endfacet
  facet normal 0.242857 0.968876 -0.0479636
    outer loop
      vertex 64.6923 20.6892 35
      vertex 64.829 19.1203 4
      vertex 64.2597 19.263 4
    endloop
  endfacet
  facet normal -0.0711649 0.996309 -0.0480037
    outer loop
      vertex 66.5862 19.0336 4
      vertex 66.4416 20.5169 35
      vertex 66.5876 19.0337 4
    endloop
  endfacet
  facet normal -0.0490088 0.997646 -0.0479644
    outer loop
      vertex 66.4416 20.5169 35
      vertex 66.5862 19.0336 4
      vertex 66.0019 20.4953 35
    endloop
  endfacet
  facet normal -0.336467 0.940473 -0.0479618
    outer loop
      vertex 67.7403 19.263 4
      vertex 67.3095 20.6898 35
      vertex 68.2929 19.4607 4
    endloop
  endfacet
  facet normal -0.315863 0.94759 -0.0480031
    outer loop
      vertex 67.3095 20.6898 35
      vertex 67.7403 19.263 4
      vertex 67.3077 20.6892 35
    endloop
  endfacet
  facet normal -0.2542 0.96596 -0.0479877
    outer loop
      vertex 67.7403 19.263 4
      vertex 67.3058 20.6887 35
      vertex 67.3077 20.6892 35
    endloop
  endfacet
  facet normal -0.242857 0.968876 -0.0479628
    outer loop
      vertex 67.3058 20.6887 35
      vertex 67.7403 19.263 4
      vertex 67.171 19.1203 4
    endloop
  endfacet
  facet normal -0.856706 0.51357 -0.0479629
    outer loop
      vertex 70.9855 21.6705 4
      vertex 69.7456 22.4973 35
      vertex 69.9719 22.8748 35
    endloop
  endfacet
  facet normal -0.862786 0.503292 -0.0479319
    outer loop
      vertex 69.7456 22.4973 35
      vertex 70.9855 21.6705 4
      vertex 70.9848 21.6693 4
    endloop
  endfacet
  facet normal -0.670898 0.739997 -0.0479613
    outer loop
      vertex 69.8044 20.3666 4
      vertex 69.1854 21.8146 35
      vertex 70.2392 20.7608 4
    endloop
  endfacet
  facet normal -0.650029 0.758367 -0.0484027
    outer loop
      vertex 69.1854 21.8146 35
      vertex 69.8044 20.3666 4
      vertex 69.184 21.8134 35
    endloop
  endfacet
  facet normal -0.847024 0.52939 -0.0479105
    outer loop
      vertex 71.2873 22.1739 4
      vertex 69.9719 22.8748 35
      vertex 69.9729 22.8764 35
    endloop
  endfacet
  facet normal -0.856686 0.513603 -0.0479635
    outer loop
      vertex 69.9719 22.8748 35
      vertex 71.2873 22.1739 4
      vertex 70.9855 21.6705 4
    endloop
  endfacet
  facet normal -0.773038 -0.632485 -0.0487363
    outer loop
      vertex 70.6343 28.8033 4
      vertex 69.1866 28.184 35
      vertex 70.6334 28.8044 4
    endloop
  endfacet
  facet normal -0.740042 -0.670848 -0.0479618
    outer loop
      vertex 69.1866 28.184 35
      vertex 70.6343 28.8033 4
      vertex 69.4823 27.8578 35
    endloop
  endfacet
  facet normal -0.52939 -0.847024 -0.0479105
    outer loop
      vertex 68.8261 30.2873 4
      vertex 68.1252 28.9719 35
      vertex 68.1236 28.9729 35
    endloop
  endfacet
  facet normal -0.513603 -0.856686 -0.0479635
    outer loop
      vertex 68.1252 28.9719 35
      vertex 68.8261 30.2873 4
      vertex 69.3295 29.9855 4
    endloop
  endfacet
  facet normal -0.405664 -0.912743 -0.0483371
    outer loop
      vertex 68.2955 30.5382 4
      vertex 68.1236 28.9729 35
      vertex 68.1218 28.9737 35
    endloop
  endfacet
  facet normal -0.426986 -0.902985 -0.0479626
    outer loop
      vertex 68.1236 28.9729 35
      vertex 68.2955 30.5382 4
      vertex 68.8261 30.2873 4
    endloop
  endfacet
  facet normal -0.650029 -0.758367 -0.0484027
    outer loop
      vertex 69.8044 29.6334 4
      vertex 69.1854 28.1854 35
      vertex 69.184 28.1866 35
    endloop
  endfacet
  facet normal -0.670898 -0.739997 -0.0479613
    outer loop
      vertex 69.1854 28.1854 35
      vertex 69.8044 29.6334 4
      vertex 70.2392 29.2392 4
    endloop
  endfacet
  facet normal -0.336553 -0.940442 -0.0479633
    outer loop
      vertex 68.2929 30.5393 4
      vertex 67.7239 29.1619 35
      vertex 67.3095 29.3102 35
    endloop
  endfacet
  facet normal -0.335949 -0.940658 -0.0479619
    outer loop
      vertex 67.7239 29.1619 35
      vertex 68.2929 30.5393 4
      vertex 68.2943 30.5388 4
    endloop
  endfacet
  facet normal -0.315863 -0.94759 -0.0480031
    outer loop
      vertex 67.7403 30.737 4
      vertex 67.3095 29.3102 35
      vertex 67.3077 29.3108 35
    endloop
  endfacet
  facet normal -0.336467 -0.940473 -0.0479618
    outer loop
      vertex 67.3095 29.3102 35
      vertex 67.7403 30.737 4
      vertex 68.2929 30.5393 4
    endloop
  endfacet
  facet normal 0.670898 -0.739997 -0.0479613
    outer loop
      vertex 62.1956 29.6334 4
      vertex 62.8146 28.1854 35
      vertex 61.7608 29.2392 4
    endloop
  endfacet
  facet normal 0.650029 -0.758367 -0.0484027
    outer loop
      vertex 62.8146 28.1854 35
      vertex 62.1956 29.6334 4
      vertex 62.816 28.1866 35
    endloop
  endfacet
  facet normal 0.594917 -0.802355 -0.0479613
    outer loop
      vertex 62.6693 29.9848 4
      vertex 63.4957 28.7445 35
      vertex 62.1978 29.6352 4
    endloop
  endfacet
  facet normal 0.565875 -0.823091 -0.0480168
    outer loop
      vertex 63.4957 28.7445 35
      vertex 62.6693 29.9848 4
      vertex 63.4973 28.7456 35
    endloop
  endfacet
  facet normal 0.336467 -0.940473 -0.0479618
    outer loop
      vertex 64.2597 30.737 4
      vertex 64.6905 29.3102 35
      vertex 63.7071 30.5393 4
    endloop
  endfacet
  facet normal 0.315863 -0.94759 -0.0480031
    outer loop
      vertex 64.6905 29.3102 35
      vertex 64.2597 30.737 4
      vertex 64.6923 29.3108 35
    endloop
  endfacet
  facet normal 0.335949 -0.940658 -0.0479619
    outer loop
      vertex 63.7071 30.5393 4
      vertex 64.2761 29.1619 35
      vertex 63.7057 30.5388 4
    endloop
  endfacet
  facet normal 0.336553 -0.940442 -0.0479633
    outer loop
      vertex 64.2761 29.1619 35
      vertex 63.7071 30.5393 4
      vertex 64.6905 29.3102 35
    endloop
  endfacet
  facet normal 0.446707 -0.893414 -0.0475916
    outer loop
      vertex 63.7057 30.5388 4
      vertex 63.8782 28.9737 35
      vertex 63.7045 30.5382 4
    endloop
  endfacet
  facet normal 0.427077 -0.902942 -0.0479634
    outer loop
      vertex 63.8782 28.9737 35
      vertex 63.7057 30.5388 4
      vertex 64.2761 29.1619 35
    endloop
  endfacet
  facet normal 0.0490143 -0.997646 -0.0479644
    outer loop
      vertex 66 30.9952 4
      vertex 65.9981 29.5047 35
      vertex 65.4138 30.9664 4
    endloop
  endfacet
  facet normal 0.0524984 -0.997469 -0.0479557
    outer loop
      vertex 65.9981 29.5047 35
      vertex 66 30.9952 4
      vertex 66 29.5048 35
    endloop
  endfacet
  facet normal 0.988811 -0.141259 -0.0479523
    outer loop
      vertex 61.5818 25.8788 35
      vertex 60.1198 26.1682 4
      vertex 60.12 26.1696 4
    endloop
  endfacet
  facet normal 0.988033 -0.146594 -0.0479654
    outer loop
      vertex 60.1198 26.1682 4
      vertex 61.5818 25.8788 35
      vertex 61.5172 25.4434 35
    endloop
  endfacet
  facet normal 0.988044 -0.146522 -0.0479642
    outer loop
      vertex 61.5172 25.4434 35
      vertex 60.0337 25.5876 4
      vertex 60.1198 26.1682 4
    endloop
  endfacet
  facet normal 0.986627 -0.155783 -0.0479395
    outer loop
      vertex 60.0337 25.5876 4
      vertex 61.5172 25.4434 35
      vertex 61.5169 25.4415 35
    endloop
  endfacet
  facet normal 0.940658 -0.335949 -0.0479619
    outer loop
      vertex 61.8381 26.7239 35
      vertex 60.4607 27.2929 4
      vertex 60.4612 27.2943 4
    endloop
  endfacet
  facet normal 0.940442 -0.336553 -0.0479633
    outer loop
      vertex 60.4607 27.2929 4
      vertex 61.8381 26.7239 35
      vertex 61.6898 26.3095 35
    endloop
  endfacet
  facet normal 0.940473 -0.336467 -0.0479618
    outer loop
      vertex 61.6898 26.3095 35
      vertex 60.263 26.7403 4
      vertex 60.4607 27.2929 4
    endloop
  endfacet
  facet normal 0.94759 -0.315863 -0.0480031
    outer loop
      vertex 60.263 26.7403 4
      vertex 61.6898 26.3095 35
      vertex 61.6892 26.3077 35
    endloop
  endfacet
  facet normal 0.902985 -0.426986 -0.0479626
    outer loop
      vertex 62.0271 27.1236 35
      vertex 60.4618 27.2955 4
      vertex 60.7127 27.8261 4
    endloop
  endfacet
  facet normal 0.912743 -0.405664 -0.0483371
    outer loop
      vertex 60.4618 27.2955 4
      vertex 62.0271 27.1236 35
      vertex 62.0263 27.1218 35
    endloop
  endfacet
  facet normal 0.856686 -0.513603 -0.0479635
    outer loop
      vertex 62.0281 27.1252 35
      vertex 60.7127 27.8261 4
      vertex 61.0145 28.3295 4
    endloop
  endfacet
  facet normal 0.847024 -0.52939 -0.0479105
    outer loop
      vertex 60.7127 27.8261 4
      vertex 62.0281 27.1252 35
      vertex 62.0271 27.1236 35
    endloop
  endfacet
  facet normal 0.773038 -0.632485 -0.0487363
    outer loop
      vertex 62.8134 28.184 35
      vertex 61.3657 28.8033 4
      vertex 61.3666 28.8044 4
    endloop
  endfacet
  facet normal 0.740042 -0.670848 -0.0479618
    outer loop
      vertex 61.3657 28.8033 4
      vertex 62.8134 28.184 35
      vertex 62.5177 27.8578 35
    endloop
  endfacet
  facet normal 0.997469 0.0524984 -0.0479557
    outer loop
      vertex 61.4953 24.9981 35
      vertex 60.0048 25 4
      vertex 61.4952 25 35
    endloop
  endfacet
  facet normal 0.997646 0.0490143 -0.0479644
    outer loop
      vertex 60.0048 25 4
      vertex 61.4953 24.9981 35
      vertex 60.0336 24.4138 4
    endloop
  endfacet
  facet normal 0.758367 0.650029 -0.0484027
    outer loop
      vertex 62.8146 21.8146 35
      vertex 61.3666 21.1956 4
      vertex 62.8134 21.816 35
    endloop
  endfacet
  facet normal 0.739997 0.670898 -0.0479613
    outer loop
      vertex 61.3666 21.1956 4
      vertex 62.8146 21.8146 35
      vertex 61.7608 20.7608 4
    endloop
  endfacet
  facet normal 0.823091 0.565875 -0.0480168
    outer loop
      vertex 62.2555 22.4957 35
      vertex 61.0152 21.6693 4
      vertex 62.2544 22.4973 35
    endloop
  endfacet
  facet normal 0.802355 0.594917 -0.0479613
    outer loop
      vertex 61.0152 21.6693 4
      vertex 62.2555 22.4957 35
      vertex 61.3648 21.1978 4
    endloop
  endfacet
  facet normal 0.965971 0.254203 -0.0477665
    outer loop
      vertex 61.6892 23.6923 35
      vertex 60.1203 23.829 4
      vertex 61.6887 23.6942 35
    endloop
  endfacet
  facet normal 0.968876 0.242857 -0.0479636
    outer loop
      vertex 60.1203 23.829 4
      vertex 61.6892 23.6923 35
      vertex 60.263 23.2597 4
    endloop
  endfacet
  facet normal 0.94759 0.315863 -0.0480031
    outer loop
      vertex 61.6898 23.6905 35
      vertex 60.263 23.2597 4
      vertex 61.6892 23.6923 35
    endloop
  endfacet
  facet normal 0.940473 0.336467 -0.0479618
    outer loop
      vertex 60.263 23.2597 4
      vertex 61.6898 23.6905 35
      vertex 60.4607 22.7071 4
    endloop
  endfacet
  facet normal 0.902942 0.427077 -0.0479634
    outer loop
      vertex 62.0263 22.8782 35
      vertex 60.4612 22.7057 4
      vertex 61.8381 23.2761 35
    endloop
  endfacet
  facet normal 0.893414 0.446707 -0.0475916
    outer loop
      vertex 60.4612 22.7057 4
      vertex 62.0263 22.8782 35
      vertex 60.4618 22.7045 4
    endloop
  endfacet
  facet normal 0.988033 0.146594 -0.0479654
    outer loop
      vertex 61.5818 24.1212 35
      vertex 60.1198 23.8318 4
      vertex 61.5172 24.5566 35
    endloop
  endfacet
  facet normal 0.988811 0.141259 -0.0479523
    outer loop
      vertex 60.1198 23.8318 4
      vertex 61.5818 24.1212 35
      vertex 60.12 23.8304 4
    endloop
  endfacet
  facet normal 0.650029 0.758367 -0.0484027
    outer loop
      vertex 62.1956 20.3666 4
      vertex 62.8146 21.8146 35
      vertex 62.816 21.8134 35
    endloop
  endfacet
  facet normal 0.670898 0.739997 -0.0479613
    outer loop
      vertex 62.8146 21.8146 35
      vertex 62.1956 20.3666 4
      vertex 61.7608 20.7608 4
    endloop
  endfacet
  facet normal -0.96596 -0.2542 -0.0479877
    outer loop
      vertex 71.737 26.7403 4
      vertex 70.3113 26.3058 35
      vertex 70.3108 26.3077 35
    endloop
  endfacet
  facet normal -0.968876 -0.242857 -0.0479628
    outer loop
      vertex 70.3113 26.3058 35
      vertex 71.737 26.7403 4
      vertex 71.8797 26.171 4
    endloop
  endfacet
  facet normal -0.976652 -0.209282 -0.0485022
    outer loop
      vertex 71.88 26.1696 4
      vertex 70.3113 26.3058 35
      vertex 71.8797 26.171 4
    endloop
  endfacet
  facet normal -0.968892 -0.24279 -0.0479624
    outer loop
      vertex 70.3113 26.3058 35
      vertex 71.88 26.1696 4
      vertex 70.4183 25.8788 35
    endloop
  endfacet
  facet normal -0.988044 -0.146522 -0.0479642
    outer loop
      vertex 71.9663 25.5876 4
      vertex 70.4828 25.4434 35
      vertex 71.8802 26.1682 4
    endloop
  endfacet
  facet normal -0.986627 -0.155783 -0.0479395
    outer loop
      vertex 70.4828 25.4434 35
      vertex 71.9663 25.5876 4
      vertex 70.4831 25.4415 35
    endloop
  endfacet
  facet normal -0.988811 -0.141259 -0.0479491
    outer loop
      vertex 71.8802 26.1682 4
      vertex 70.4183 25.8788 35
      vertex 71.88 26.1696 4
    endloop
  endfacet
  facet normal -0.988066 -0.146372 -0.0479617
    outer loop
      vertex 70.4183 25.8788 35
      vertex 71.8802 26.1682 4
      vertex 70.4828 25.4434 35
    endloop
  endfacet
  facet normal -0.940658 -0.335949 -0.0479619
    outer loop
      vertex 71.5393 27.2929 4
      vertex 70.1619 26.7239 35
      vertex 71.5388 27.2943 4
    endloop
  endfacet
  facet normal -0.940442 -0.336553 -0.0479633
    outer loop
      vertex 70.1619 26.7239 35
      vertex 71.5393 27.2929 4
      vertex 70.3102 26.3095 35
    endloop
  endfacet
  facet normal -0.893414 -0.446707 -0.0475916
    outer loop
      vertex 71.5388 27.2943 4
      vertex 69.9737 27.1218 35
      vertex 71.5382 27.2955 4
    endloop
  endfacet
  facet normal -0.902942 -0.427077 -0.0479634
    outer loop
      vertex 69.9737 27.1218 35
      vertex 71.5388 27.2943 4
      vertex 70.1619 26.7239 35
    endloop
  endfacet
  facet normal 0.405664 0.912743 -0.0483371
    outer loop
      vertex 63.7045 19.4618 4
      vertex 63.8764 21.0271 35
      vertex 63.8782 21.0263 35
    endloop
  endfacet
  facet normal 0.426986 0.902985 -0.0479626
    outer loop
      vertex 63.8764 21.0271 35
      vertex 63.7045 19.4618 4
      vertex 63.1739 19.7127 4
    endloop
  endfacet
  facet normal 0.52939 0.847024 -0.0479105
    outer loop
      vertex 63.1739 19.7127 4
      vertex 63.8748 21.0281 35
      vertex 63.8764 21.0271 35
    endloop
  endfacet
  facet normal 0.513603 0.856686 -0.0479635
    outer loop
      vertex 63.8748 21.0281 35
      vertex 63.1739 19.7127 4
      vertex 62.6705 20.0145 4
    endloop
  endfacet
  facet normal 0.242577 0.968946 -0.047966
    outer loop
      vertex 64.8304 19.12 4
      vertex 64.6942 20.6887 35
      vertex 65.1212 20.5818 35
    endloop
  endfacet
  facet normal 0.209282 0.976652 -0.0485022
    outer loop
      vertex 64.6942 20.6887 35
      vertex 64.8304 19.12 4
      vertex 64.829 19.1203 4
    endloop
  endfacet
  facet normal 0.16421 0.985261 -0.0479134
    outer loop
      vertex 65.4124 19.0337 4
      vertex 65.5566 20.5172 35
      vertex 65.5584 20.5169 35
    endloop
  endfacet
  facet normal 0.146522 0.988044 -0.0479642
    outer loop
      vertex 65.5566 20.5172 35
      vertex 65.4124 19.0337 4
      vertex 64.8318 19.1198 4
    endloop
  endfacet
  facet normal 0.0490088 0.997646 -0.0479644
    outer loop
      vertex 65.4138 19.0336 4
      vertex 65.5584 20.5169 35
      vertex 65.9981 20.4953 35
    endloop
  endfacet
  facet normal 0.0711649 0.996309 -0.0480037
    outer loop
      vertex 65.5584 20.5169 35
      vertex 65.4138 19.0336 4
      vertex 65.4124 19.0337 4
    endloop
  endfacet
  facet normal 0.0524984 0.997469 -0.0479557
    outer loop
      vertex 66 19.0048 4
      vertex 65.9981 20.4953 35
      vertex 66 20.4952 35
    endloop
  endfacet
  facet normal 0.0490143 0.997646 -0.0479644
    outer loop
      vertex 65.9981 20.4953 35
      vertex 66 19.0048 4
      vertex 65.4138 19.0336 4
    endloop
  endfacet
  facet normal -0.0490143 0.997646 -0.0479644
    outer loop
      vertex 66 19.0048 4
      vertex 66.0019 20.4953 35
      vertex 66.5862 19.0336 4
    endloop
  endfacet
  facet normal -0.0524984 0.997469 -0.0479557
    outer loop
      vertex 66.0019 20.4953 35
      vertex 66 19.0048 4
      vertex 66 20.4952 35
    endloop
  endfacet
  facet normal -0.146522 0.988044 -0.0479642
    outer loop
      vertex 66.5876 19.0337 4
      vertex 66.4434 20.5172 35
      vertex 67.1682 19.1198 4
    endloop
  endfacet
  facet normal -0.16421 0.985261 -0.0479134
    outer loop
      vertex 66.4434 20.5172 35
      vertex 66.5876 19.0337 4
      vertex 66.4416 20.5169 35
    endloop
  endfacet
  facet normal -0.335949 0.940658 -0.0479619
    outer loop
      vertex 68.2929 19.4607 4
      vertex 67.7239 20.8381 35
      vertex 68.2943 19.4612 4
    endloop
  endfacet
  facet normal -0.336553 0.940442 -0.0479633
    outer loop
      vertex 67.7239 20.8381 35
      vertex 68.2929 19.4607 4
      vertex 67.3095 20.6898 35
    endloop
  endfacet
  facet normal -0.446707 0.893414 -0.0475916
    outer loop
      vertex 68.2943 19.4612 4
      vertex 68.1218 21.0263 35
      vertex 68.2955 19.4618 4
    endloop
  endfacet
  facet normal -0.427077 0.902942 -0.0479634
    outer loop
      vertex 68.1218 21.0263 35
      vertex 68.2943 19.4612 4
      vertex 67.7239 20.8381 35
    endloop
  endfacet
  facet normal -0.426986 0.902985 -0.0479626
    outer loop
      vertex 68.2955 19.4618 4
      vertex 68.1236 21.0271 35
      vertex 68.8261 19.7127 4
    endloop
  endfacet
  facet normal -0.405664 0.912743 -0.0483371
    outer loop
      vertex 68.1236 21.0271 35
      vertex 68.2955 19.4618 4
      vertex 68.1218 21.0263 35
    endloop
  endfacet
  facet normal -0.758367 0.650029 -0.0484027
    outer loop
      vertex 70.6334 21.1956 4
      vertex 69.1854 21.8146 35
      vertex 69.1866 21.816 35
    endloop
  endfacet
  facet normal -0.739997 0.670898 -0.0479613
    outer loop
      vertex 69.1854 21.8146 35
      vertex 70.6334 21.1956 4
      vertex 70.2392 20.7608 4
    endloop
  endfacet
  facet normal -0.965971 0.254203 -0.0477665
    outer loop
      vertex 71.8797 23.829 4
      vertex 70.3108 23.6923 35
      vertex 70.3113 23.6942 35
    endloop
  endfacet
  facet normal -0.968876 0.242857 -0.0479636
    outer loop
      vertex 70.3108 23.6923 35
      vertex 71.8797 23.829 4
      vertex 71.737 23.2597 4
    endloop
  endfacet
  facet normal -0.997645 0.0490199 -0.0479645
    outer loop
      vertex 71.9664 24.4138 4
      vertex 70.4831 24.5585 35
      vertex 70.5047 24.9981 35
    endloop
  endfacet
  facet normal -0.996309 0.0711649 -0.0480039
    outer loop
      vertex 70.4831 24.5585 35
      vertex 71.9664 24.4138 4
      vertex 71.9663 24.4124 4
    endloop
  endfacet
  facet normal -0.902942 0.427077 -0.0479634
    outer loop
      vertex 71.5388 22.7057 4
      vertex 69.9737 22.8782 35
      vertex 70.1619 23.2761 35
    endloop
  endfacet
  facet normal -0.893414 0.446707 -0.0475916
    outer loop
      vertex 69.9737 22.8782 35
      vertex 71.5388 22.7057 4
      vertex 71.5382 22.7045 4
    endloop
  endfacet
  facet normal -0.940442 0.336553 -0.0479633
    outer loop
      vertex 71.5393 22.7071 4
      vertex 70.1619 23.2761 35
      vertex 70.3102 23.6905 35
    endloop
  endfacet
  facet normal -0.940658 0.335949 -0.0479619
    outer loop
      vertex 70.1619 23.2761 35
      vertex 71.5393 22.7071 4
      vertex 71.5388 22.7057 4
    endloop
  endfacet
  facet normal -0.823091 0.565875 -0.0480168
    outer loop
      vertex 70.9848 21.6693 4
      vertex 69.7445 22.4957 35
      vertex 69.7456 22.4973 35
    endloop
  endfacet
  facet normal -0.802355 0.594917 -0.0479613
    outer loop
      vertex 69.7445 22.4957 35
      vertex 70.9848 21.6693 4
      vertex 70.6352 21.1978 4
    endloop
  endfacet
  facet normal -0.51357 -0.856706 -0.0479629
    outer loop
      vertex 69.3295 29.9855 4
      vertex 68.5027 28.7456 35
      vertex 68.1252 28.9719 35
    endloop
  endfacet
  facet normal -0.503292 -0.862786 -0.0479319
    outer loop
      vertex 68.5027 28.7456 35
      vertex 69.3295 29.9855 4
      vertex 69.3307 29.9848 4
    endloop
  endfacet
  facet normal -0.146594 -0.988033 -0.0479654
    outer loop
      vertex 67.1682 30.8802 4
      vertex 66.8788 29.4182 35
      vertex 66.4434 29.4828 35
    endloop
  endfacet
  facet normal -0.141259 -0.988811 -0.0479523
    outer loop
      vertex 66.8788 29.4182 35
      vertex 67.1682 30.8802 4
      vertex 67.1696 30.88 4
    endloop
  endfacet
  facet normal 0.503292 -0.862786 -0.0479319
    outer loop
      vertex 62.6705 29.9855 4
      vertex 63.4973 28.7456 35
      vertex 62.6693 29.9848 4
    endloop
  endfacet
  facet normal 0.51357 -0.856706 -0.0479629
    outer loop
      vertex 63.4973 28.7456 35
      vertex 62.6705 29.9855 4
      vertex 63.8748 28.9719 35
    endloop
  endfacet
  facet normal 0.242577 -0.968946 -0.0479676
    outer loop
      vertex 64.829 30.8797 4
      vertex 65.1212 29.4182 35
      vertex 64.6942 29.3113 35
    endloop
  endfacet
  facet normal 0.209287 -0.976674 -0.0480182
    outer loop
      vertex 65.1212 29.4182 35
      vertex 64.829 30.8797 4
      vertex 64.8304 30.88 4
    endloop
  endfacet
  facet normal 0.0711649 -0.996309 -0.0480037
    outer loop
      vertex 65.4138 30.9664 4
      vertex 65.5584 29.4831 35
      vertex 65.4124 30.9663 4
    endloop
  endfacet
  facet normal 0.0490088 -0.997646 -0.0479644
    outer loop
      vertex 65.5584 29.4831 35
      vertex 65.4138 30.9664 4
      vertex 65.9981 29.5047 35
    endloop
  endfacet
  facet normal 0.146522 -0.988044 -0.0479642
    outer loop
      vertex 65.4124 30.9663 4
      vertex 65.5566 29.4828 35
      vertex 64.8318 30.8802 4
    endloop
  endfacet
  facet normal 0.16421 -0.985261 -0.0479134
    outer loop
      vertex 65.5566 29.4828 35
      vertex 65.4124 30.9663 4
      vertex 65.5584 29.4831 35
    endloop
  endfacet
  facet normal 0.893414 -0.446707 -0.0475916
    outer loop
      vertex 62.0263 27.1218 35
      vertex 60.4612 27.2943 4
      vertex 60.4618 27.2955 4
    endloop
  endfacet
  facet normal 0.902942 -0.427077 -0.0479634
    outer loop
      vertex 60.4612 27.2943 4
      vertex 62.0263 27.1218 35
      vertex 61.8381 26.7239 35
    endloop
  endfacet
  facet normal 0.856706 0.51357 -0.0479629
    outer loop
      vertex 62.2544 22.4973 35
      vertex 61.0145 21.6705 4
      vertex 62.0281 22.8748 35
    endloop
  endfacet
  facet normal 0.862786 0.503292 -0.0479319
    outer loop
      vertex 61.0145 21.6705 4
      vertex 62.2544 22.4973 35
      vertex 61.0152 21.6693 4
    endloop
  endfacet
  facet normal 0.976674 0.209287 -0.0480182
    outer loop
      vertex 61.5818 24.1212 35
      vertex 60.1203 23.829 4
      vertex 60.12 23.8304 4
    endloop
  endfacet
  facet normal 0.968946 0.242577 -0.0479676
    outer loop
      vertex 60.1203 23.829 4
      vertex 61.5818 24.1212 35
      vertex 61.6887 23.6942 35
    endloop
  endfacet
  facet normal 0.997645 0.0490199 -0.0479645
    outer loop
      vertex 61.5169 24.5585 35
      vertex 60.0336 24.4138 4
      vertex 61.4953 24.9981 35
    endloop
  endfacet
  facet normal 0.996309 0.0711649 -0.0480039
    outer loop
      vertex 60.0336 24.4138 4
      vertex 61.5169 24.5585 35
      vertex 60.0337 24.4124 4
    endloop
  endfacet
  facet normal 0.986627 0.155783 -0.0479395
    outer loop
      vertex 61.5172 24.5566 35
      vertex 60.0337 24.4124 4
      vertex 61.5169 24.5585 35
    endloop
  endfacet
  facet normal 0.988044 0.146522 -0.0479642
    outer loop
      vertex 60.0337 24.4124 4
      vertex 61.5172 24.5566 35
      vertex 60.1198 23.8318 4
    endloop
  endfacet
  facet normal 0.595053 0.802254 -0.0479641
    outer loop
      vertex 62.1978 20.3648 4
      vertex 63.1422 21.5177 35
      vertex 63.4957 21.2555 35
    endloop
  endfacet
  facet normal 0.632507 0.773064 -0.0480195
    outer loop
      vertex 63.1422 21.5177 35
      vertex 62.1978 20.3648 4
      vertex 62.1967 20.3657 4
    endloop
  endfacet
  facet normal 0.565875 0.823091 -0.0480168
    outer loop
      vertex 62.6693 20.0152 4
      vertex 63.4957 21.2555 35
      vertex 63.4973 21.2544 35
    endloop
  endfacet
  facet normal 0.594917 0.802355 -0.0479613
    outer loop
      vertex 63.4957 21.2555 35
      vertex 62.6693 20.0152 4
      vertex 62.1978 20.3648 4
    endloop
  endfacet
  facet normal 0.336553 0.940442 -0.0479633
    outer loop
      vertex 63.7071 19.4607 4
      vertex 64.2761 20.8381 35
      vertex 64.6905 20.6898 35
    endloop
  endfacet
  facet normal 0.335949 0.940658 -0.0479619
    outer loop
      vertex 64.2761 20.8381 35
      vertex 63.7071 19.4607 4
      vertex 63.7057 19.4612 4
    endloop
  endfacet
  facet normal 0.315863 0.94759 -0.0480031
    outer loop
      vertex 64.2597 19.263 4
      vertex 64.6905 20.6898 35
      vertex 64.6923 20.6892 35
    endloop
  endfacet
  facet normal 0.336467 0.940473 -0.0479618
    outer loop
      vertex 64.6905 20.6898 35
      vertex 64.2597 19.263 4
      vertex 63.7071 19.4607 4
    endloop
  endfacet
  facet normal 0.146594 0.988033 -0.0479654
    outer loop
      vertex 64.8318 19.1198 4
      vertex 65.1212 20.5818 35
      vertex 65.5566 20.5172 35
    endloop
  endfacet
  facet normal 0.141259 0.988811 -0.0479523
    outer loop
      vertex 65.1212 20.5818 35
      vertex 64.8318 19.1198 4
      vertex 64.8304 19.12 4
    endloop
  endfacet
  facet normal -0.242577 0.968946 -0.0479676
    outer loop
      vertex 67.171 19.1203 4
      vertex 66.8788 20.5818 35
      vertex 67.3058 20.6887 35
    endloop
  endfacet
  facet normal -0.209287 0.976674 -0.0480182
    outer loop
      vertex 66.8788 20.5818 35
      vertex 67.171 19.1203 4
      vertex 67.1696 19.12 4
    endloop
  endfacet
  facet normal -0.594917 0.802355 -0.0479632
    outer loop
      vertex 69.3307 20.0152 4
      vertex 68.5042 21.2555 35
      vertex 69.8022 20.3648 4
    endloop
  endfacet
  facet normal -0.590683 0.805476 -0.0479752
    outer loop
      vertex 68.5042 21.2555 35
      vertex 69.3307 20.0152 4
      vertex 68.5027 21.2544 35
    endloop
  endfacet
  facet normal -0.632507 0.773064 -0.0480195
    outer loop
      vertex 69.8022 20.3648 4
      vertex 68.8578 21.5177 35
      vertex 69.8033 20.3657 4
    endloop
  endfacet
  facet normal -0.594944 0.802335 -0.0479638
    outer loop
      vertex 68.8578 21.5177 35
      vertex 69.8022 20.3648 4
      vertex 68.5042 21.2555 35
    endloop
  endfacet
  facet normal -0.988066 0.146372 -0.0479617
    outer loop
      vertex 71.8802 23.8318 4
      vertex 70.4183 24.1212 35
      vertex 70.4828 24.5566 35
    endloop
  endfacet
  facet normal -0.988811 0.141259 -0.0479491
    outer loop
      vertex 70.4183 24.1212 35
      vertex 71.8802 23.8318 4
      vertex 71.88 23.8304 4
    endloop
  endfacet
  facet normal -0.802254 0.595053 -0.0479641
    outer loop
      vertex 70.6352 21.1978 4
      vertex 69.4823 22.1422 35
      vertex 69.7445 22.4957 35
    endloop
  endfacet
  facet normal -0.773064 0.632507 -0.0480195
    outer loop
      vertex 69.4823 22.1422 35
      vertex 70.6352 21.1978 4
      vertex 70.6343 21.1967 4
    endloop
  endfacet
  facet normal -0.594944 -0.802335 -0.0479638
    outer loop
      vertex 69.8022 29.6352 4
      vertex 68.8578 28.4823 35
      vertex 68.5042 28.7445 35
    endloop
  endfacet
  facet normal -0.632507 -0.773064 -0.0480195
    outer loop
      vertex 68.8578 28.4823 35
      vertex 69.8022 29.6352 4
      vertex 69.8033 29.6343 4
    endloop
  endfacet
  facet normal -0.590683 -0.805476 -0.0479752
    outer loop
      vertex 69.3307 29.9848 4
      vertex 68.5042 28.7445 35
      vertex 68.5027 28.7456 35
    endloop
  endfacet
  facet normal -0.594917 -0.802355 -0.0479632
    outer loop
      vertex 68.5042 28.7445 35
      vertex 69.3307 29.9848 4
      vertex 69.8022 29.6352 4
    endloop
  endfacet
  facet normal 0.632507 -0.773064 -0.0480195
    outer loop
      vertex 62.1978 29.6352 4
      vertex 63.1422 28.4823 35
      vertex 62.1967 29.6343 4
    endloop
  endfacet
  facet normal 0.595053 -0.802254 -0.0479641
    outer loop
      vertex 63.1422 28.4823 35
      vertex 62.1978 29.6352 4
      vertex 63.4957 28.7445 35
    endloop
  endfacet
  facet normal 0.426986 -0.902985 -0.0479626
    outer loop
      vertex 63.7045 30.5382 4
      vertex 63.8764 28.9729 35
      vertex 63.1739 30.2873 4
    endloop
  endfacet
  facet normal 0.405664 -0.912743 -0.0483371
    outer loop
      vertex 63.8764 28.9729 35
      vertex 63.7045 30.5382 4
      vertex 63.8782 28.9737 35
    endloop
  endfacet
  facet normal 0.513603 -0.856686 -0.0479635
    outer loop
      vertex 63.1739 30.2873 4
      vertex 63.8748 28.9719 35
      vertex 62.6705 29.9855 4
    endloop
  endfacet
  facet normal 0.52939 -0.847024 -0.0479105
    outer loop
      vertex 63.8748 28.9719 35
      vertex 63.1739 30.2873 4
      vertex 63.8764 28.9729 35
    endloop
  endfacet
  facet normal 0.802254 0.595053 -0.0479641
    outer loop
      vertex 62.5177 22.1422 35
      vertex 61.3648 21.1978 4
      vertex 62.2555 22.4957 35
    endloop
  endfacet
  facet normal 0.773064 0.632507 -0.0480195
    outer loop
      vertex 61.3648 21.1978 4
      vertex 62.5177 22.1422 35
      vertex 61.3657 21.1967 4
    endloop
  endfacet
  facet normal 0.912743 0.405664 -0.0483371
    outer loop
      vertex 62.0271 22.8764 35
      vertex 60.4618 22.7045 4
      vertex 62.0263 22.8782 35
    endloop
  endfacet
  facet normal 0.902985 0.426986 -0.0479626
    outer loop
      vertex 60.4618 22.7045 4
      vertex 62.0271 22.8764 35
      vertex 60.7127 22.1739 4
    endloop
  endfacet
  facet normal 0.847024 0.52939 -0.0479105
    outer loop
      vertex 62.0281 22.8748 35
      vertex 60.7127 22.1739 4
      vertex 62.0271 22.8764 35
    endloop
  endfacet
  facet normal 0.856686 0.513603 -0.0479635
    outer loop
      vertex 60.7127 22.1739 4
      vertex 62.0281 22.8748 35
      vertex 61.0145 21.6705 4
    endloop
  endfacet
  facet normal 0.670848 0.740042 -0.0479618
    outer loop
      vertex 62.1967 20.3657 4
      vertex 62.816 21.8134 35
      vertex 63.1422 21.5177 35
    endloop
  endfacet
  facet normal 0.632485 0.773038 -0.0487363
    outer loop
      vertex 62.816 21.8134 35
      vertex 62.1967 20.3657 4
      vertex 62.1956 20.3666 4
    endloop
  endfacet
  facet normal -0.740042 0.670848 -0.0479618
    outer loop
      vertex 70.6343 21.1967 4
      vertex 69.1866 21.816 35
      vertex 69.4823 22.1422 35
    endloop
  endfacet
  facet normal -0.773038 0.632485 -0.0487363
    outer loop
      vertex 69.1866 21.816 35
      vertex 70.6343 21.1967 4
      vertex 70.6334 21.1956 4
    endloop
  endfacet
  facet normal 0 0 -1
    outer loop
      vertex -2.75 29 0
      vertex 19 25 0
      vertex -2.75 21 0
    endloop
  endfacet
  facet normal 0 0 -1
    outer loop
      vertex 0 15 0
      vertex -2.76083 20.7795 0
      vertex -2.75 21 0
    endloop
  endfacet
  facet normal 0 0 -1
    outer loop
      vertex 0 15 0
      vertex -2.79323 20.561 0
      vertex -2.76083 20.7795 0
    endloop
  endfacet
  facet normal 0 0 -1
    outer loop
      vertex 0 15 0
      vertex -2.84688 20.3469 0
      vertex -2.79323 20.561 0
    endloop
  endfacet
  facet normal 0 0 -1
    outer loop
      vertex 0 15 0
      vertex -2.92127 20.139 0
      vertex -2.84688 20.3469 0
    endloop
  endfacet
  facet normal 0 0 -1
    outer loop
      vertex 0 15 0
      vertex -3.01568 19.9394 0
      vertex -2.92127 20.139 0
    endloop
  endfacet
  facet normal 0 0 -1
    outer loop
      vertex 0 15 0
      vertex -3.12919 19.75 0
      vertex -3.01568 19.9394 0
    endloop
  endfacet
  facet normal 0 0 -1
    outer loop
      vertex 0 15 0
      vertex -3.26073 19.5726 0
      vertex -3.12919 19.75 0
    endloop
  endfacet
  facet normal 0 0 -1
    outer loop
      vertex 0 15 0
      vertex -3.40901 19.409 0
      vertex -3.26073 19.5726 0
    endloop
  endfacet
  facet normal 0 0 -1
    outer loop
      vertex 0 15 0
      vertex -3.57261 19.2607 0
      vertex -3.40901 19.409 0
    endloop
  endfacet
  facet normal 0 0 -1
    outer loop
      vertex 0 15 0
      vertex -3.74997 19.1292 0
      vertex -3.57261 19.2607 0
    endloop
  endfacet
  facet normal 0 0 -1
    outer loop
      vertex 0 15 0
      vertex -3.93936 19.0157 0
      vertex -3.74997 19.1292 0
    endloop
  endfacet
  facet normal 0 0 -1
    outer loop
      vertex 0 15 0
      vertex -4.13896 18.9213 0
      vertex -3.93936 19.0157 0
    endloop
  endfacet
  facet normal 0 0 -1
    outer loop
      vertex 0 15 0
      vertex -4.34686 18.8469 0
      vertex -4.13896 18.9213 0
    endloop
  endfacet
  facet normal 0 0 -1
    outer loop
      vertex -7 15 0
      vertex -4.34686 18.8469 0
      vertex 0 15 0
    endloop
  endfacet
  facet normal 0 0 -1
    outer loop
      vertex -4.34686 18.8469 0
      vertex -7 15 0
      vertex -4.56105 18.7932 0
    endloop
  endfacet
  facet normal 0 0 -1
    outer loop
      vertex -4.56105 18.7932 0
      vertex -7 15 0
      vertex -4.77946 18.7608 0
    endloop
  endfacet
  facet normal 0 0 -1
    outer loop
      vertex -4.77946 18.7608 0
      vertex -7 15 0
      vertex -5 18.75 0
    endloop
  endfacet
  facet normal -0 0 -1
    outer loop
      vertex -5 18.75 0
      vertex -7 15 0
      vertex -5.22054 18.7608 0
    endloop
  endfacet
  facet normal -0 0 -1
    outer loop
      vertex -5.22054 18.7608 0
      vertex -7 15 0
      vertex -5.43895 18.7932 0
    endloop
  endfacet
  facet normal -0 0 -1
    outer loop
      vertex -5.43895 18.7932 0
      vertex -7 15 0
      vertex -5.65314 18.8469 0
    endloop
  endfacet
  facet normal -0 0 -1
    outer loop
      vertex -5.65314 18.8469 0
      vertex -7 15 0
      vertex -5.86104 18.9213 0
    endloop
  endfacet
  facet normal -0 0 -1
    outer loop
      vertex -5.86104 18.9213 0
      vertex -7 15 0
      vertex -6.06064 19.0157 0
    endloop
  endfacet
  facet normal 0 0 -1
    outer loop
      vertex -7.29405 15.0144 0
      vertex -6.06064 19.0157 0
      vertex -7 15 0
    endloop
  endfacet
  facet normal 0 0 -1
    outer loop
      vertex -7.58528 15.0576 0
      vertex -6.06064 19.0157 0
      vertex -7.29405 15.0144 0
    endloop
  endfacet
  facet normal 0 0 -1
    outer loop
      vertex -7.87086 15.1292 0
      vertex -6.06064 19.0157 0
      vertex -7.58528 15.0576 0
    endloop
  endfacet
  facet normal -0 0 -1
    outer loop
      vertex -6.06064 19.0157 0
      vertex -7.87086 15.1292 0
      vertex -6.25003 19.1292 0
    endloop
  endfacet
  facet normal 0 0 -1
    outer loop
      vertex -8.14806 15.2283 0
      vertex -6.25003 19.1292 0
      vertex -7.87086 15.1292 0
    endloop
  endfacet
  facet normal 0 0 -1
    outer loop
      vertex -8.4142 15.3542 0
      vertex -6.25003 19.1292 0
      vertex -8.14806 15.2283 0
    endloop
  endfacet
  facet normal 0 0 -1
    outer loop
      vertex -8.66672 15.5056 0
      vertex -6.25003 19.1292 0
      vertex -8.4142 15.3542 0
    endloop
  endfacet
  facet normal 0 0 -1
    outer loop
      vertex -8.90318 15.681 0
      vertex -6.25003 19.1292 0
      vertex -8.66672 15.5056 0
    endloop
  endfacet
  facet normal 0 0 -1
    outer loop
      vertex -9.12132 15.8787 0
      vertex -6.25003 19.1292 0
      vertex -8.90318 15.681 0
    endloop
  endfacet
  facet normal -0 0 -1
    outer loop
      vertex -6.25003 19.1292 0
      vertex -9.12132 15.8787 0
      vertex -6.42738 19.2607 0
    endloop
  endfacet
  facet normal 0 0 -1
    outer loop
      vertex -9.31905 16.0968 0
      vertex -6.42738 19.2607 0
      vertex -9.12132 15.8787 0
    endloop
  endfacet
  facet normal -0 0 -1
    outer loop
      vertex -7.23917 20.7795 0
      vertex -10 18 0
      vertex -7.25 21 0
    endloop
  endfacet
  facet normal 0 0 -1
    outer loop
      vertex -9.49442 16.3333 0
      vertex -6.42738 19.2607 0
      vertex -9.31905 16.0968 0
    endloop
  endfacet
  facet normal 0 0 -1
    outer loop
      vertex 19 25 0
      vertex -2.75 29 0
      vertex 0 35 0
    endloop
  endfacet
  facet normal 0 0 -1
    outer loop
      vertex -2.76083 29.2205 0
      vertex 0 35 0
      vertex -2.75 29 0
    endloop
  endfacet
  facet normal 0 0 -1
    outer loop
      vertex -2.79323 29.439 0
      vertex 0 35 0
      vertex -2.76083 29.2205 0
    endloop
  endfacet
  facet normal 0 0 -1
    outer loop
      vertex -2.84688 29.6531 0
      vertex 0 35 0
      vertex -2.79323 29.439 0
    endloop
  endfacet
  facet normal 0 0 -1
    outer loop
      vertex -2.92127 29.861 0
      vertex 0 35 0
      vertex -2.84688 29.6531 0
    endloop
  endfacet
  facet normal 0 0 -1
    outer loop
      vertex -3.01568 30.0606 0
      vertex 0 35 0
      vertex -2.92127 29.861 0
    endloop
  endfacet
  facet normal 0 0 -1
    outer loop
      vertex -3.12919 30.25 0
      vertex 0 35 0
      vertex -3.01568 30.0606 0
    endloop
  endfacet
  facet normal 0 0 -1
    outer loop
      vertex -3.26073 30.4274 0
      vertex 0 35 0
      vertex -3.12919 30.25 0
    endloop
  endfacet
  facet normal 0 0 -1
    outer loop
      vertex -3.40901 30.591 0
      vertex 0 35 0
      vertex -3.26073 30.4274 0
    endloop
  endfacet
  facet normal 0 0 -1
    outer loop
      vertex -3.57261 30.7393 0
      vertex 0 35 0
      vertex -3.40901 30.591 0
    endloop
  endfacet
  facet normal 0 0 -1
    outer loop
      vertex -3.74997 30.8708 0
      vertex 0 35 0
      vertex -3.57261 30.7393 0
    endloop
  endfacet
  facet normal 0 0 -1
    outer loop
      vertex -3.93936 30.9843 0
      vertex 0 35 0
      vertex -3.74997 30.8708 0
    endloop
  endfacet
  facet normal 0 0 -1
    outer loop
      vertex -4.13896 31.0787 0
      vertex 0 35 0
      vertex -3.93936 30.9843 0
    endloop
  endfacet
  facet normal 0 0 -1
    outer loop
      vertex -4.34686 31.1531 0
      vertex 0 35 0
      vertex -4.13896 31.0787 0
    endloop
  endfacet
  facet normal 0 0 -1
    outer loop
      vertex -7 35 0
      vertex -4.34686 31.1531 0
      vertex -4.56105 31.2068 0
    endloop
  endfacet
  facet normal 0 0 -1
    outer loop
      vertex -7 35 0
      vertex -4.56105 31.2068 0
      vertex -4.77946 31.2392 0
    endloop
  endfacet
  facet normal 0 0 -1
    outer loop
      vertex -7 35 0
      vertex -4.77946 31.2392 0
      vertex -5 31.25 0
    endloop
  endfacet
  facet normal 0 0 -1
    outer loop
      vertex -7 35 0
      vertex -5 31.25 0
      vertex -5.22054 31.2392 0
    endloop
  endfacet
  facet normal 0 0 -1
    outer loop
      vertex -7 35 0
      vertex -5.22054 31.2392 0
      vertex -5.43895 31.2068 0
    endloop
  endfacet
  facet normal 0 0 -1
    outer loop
      vertex -7 35 0
      vertex -5.43895 31.2068 0
      vertex -5.65314 31.1531 0
    endloop
  endfacet
  facet normal 0 0 -1
    outer loop
      vertex -7 35 0
      vertex -5.65314 31.1531 0
      vertex -5.86104 31.0787 0
    endloop
  endfacet
  facet normal 0 0 -1
    outer loop
      vertex -7 35 0
      vertex -5.86104 31.0787 0
      vertex -6.06064 30.9843 0
    endloop
  endfacet
  facet normal 0 0 -1
    outer loop
      vertex -7.87086 34.8708 0
      vertex -6.06064 30.9843 0
      vertex -6.25003 30.8708 0
    endloop
  endfacet
  facet normal 0 0 -1
    outer loop
      vertex -4.34686 31.1531 0
      vertex -7 35 0
      vertex 0 35 0
    endloop
  endfacet
  facet normal 0 0 -1
    outer loop
      vertex -9.12132 34.1213 0
      vertex -6.25003 30.8708 0
      vertex -6.42738 30.7393 0
    endloop
  endfacet
  facet normal 0 0 -1
    outer loop
      vertex -9.94237 32.5853 0
      vertex -6.42738 30.7393 0
      vertex -6.59099 30.591 0
    endloop
  endfacet
  facet normal 0 0 -1
    outer loop
      vertex -10 32 0
      vertex -6.59099 30.591 0
      vertex -6.73927 30.4274 0
    endloop
  endfacet
  facet normal 0 0 -1
    outer loop
      vertex -10 32 0
      vertex -6.73927 30.4274 0
      vertex -6.87081 30.25 0
    endloop
  endfacet
  facet normal 0 0 -1
    outer loop
      vertex -10 32 0
      vertex -6.87081 30.25 0
      vertex -6.98432 30.0606 0
    endloop
  endfacet
  facet normal 0 0 -1
    outer loop
      vertex -10 32 0
      vertex -6.98432 30.0606 0
      vertex -7.07873 29.861 0
    endloop
  endfacet
  facet normal 0 0 -1
    outer loop
      vertex -10 32 0
      vertex -7.07873 29.861 0
      vertex -7.15312 29.6531 0
    endloop
  endfacet
  facet normal 0 0 -1
    outer loop
      vertex -10 32 0
      vertex -7.15312 29.6531 0
      vertex -7.20677 29.439 0
    endloop
  endfacet
  facet normal 0 0 -1
    outer loop
      vertex -10 32 0
      vertex -7.20677 29.439 0
      vertex -7.23917 29.2205 0
    endloop
  endfacet
  facet normal 0 0 -1
    outer loop
      vertex -10 32 0
      vertex -7.23917 29.2205 0
      vertex -7.25 29 0
    endloop
  endfacet
  facet normal 0 0 -1
    outer loop
      vertex -6.06064 30.9843 0
      vertex -7.29405 34.9855 0
      vertex -7 35 0
    endloop
  endfacet
  facet normal -0 0 -1
    outer loop
      vertex -7.25 21 0
      vertex -10 18 0
      vertex -7.25 29 0
    endloop
  endfacet
  facet normal 0 0 -1
    outer loop
      vertex -9.64577 16.5858 0
      vertex -6.42738 19.2607 0
      vertex -9.49442 16.3333 0
    endloop
  endfacet
  facet normal 0 0 -1
    outer loop
      vertex -10 32 0
      vertex -7.25 29 0
      vertex -10 18 0
    endloop
  endfacet
  facet normal 0 0 -1
    outer loop
      vertex -9.77165 16.8519 0
      vertex -6.42738 19.2607 0
      vertex -9.64577 16.5858 0
    endloop
  endfacet
  facet normal 0 0 -1
    outer loop
      vertex -6.59099 30.591 0
      vertex -10 32 0
      vertex -9.98557 32.294 0
    endloop
  endfacet
  facet normal 0 0 -1
    outer loop
      vertex -9.87083 17.1291 0
      vertex -6.42738 19.2607 0
      vertex -9.77165 16.8519 0
    endloop
  endfacet
  facet normal 0 0 -1
    outer loop
      vertex -6.06064 30.9843 0
      vertex -7.58528 34.9424 0
      vertex -7.29405 34.9855 0
    endloop
  endfacet
  facet normal 0 0 -1
    outer loop
      vertex -9.94237 17.4147 0
      vertex -6.42738 19.2607 0
      vertex -9.87083 17.1291 0
    endloop
  endfacet
  facet normal 0 0 -1
    outer loop
      vertex -6.06064 30.9843 0
      vertex -7.87086 34.8708 0
      vertex -7.58528 34.9424 0
    endloop
  endfacet
  facet normal -0 0 -1
    outer loop
      vertex -6.42738 19.2607 0
      vertex -9.94237 17.4147 0
      vertex -6.59099 19.409 0
    endloop
  endfacet
  facet normal 0 0 -1
    outer loop
      vertex -6.25003 30.8708 0
      vertex -8.14806 34.7716 0
      vertex -7.87086 34.8708 0
    endloop
  endfacet
  facet normal 0 0 -1
    outer loop
      vertex -9.98557 17.7059 0
      vertex -6.59099 19.409 0
      vertex -9.94237 17.4147 0
    endloop
  endfacet
  facet normal 0 0 -1
    outer loop
      vertex -6.25003 30.8708 0
      vertex -8.4142 34.6458 0
      vertex -8.14806 34.7716 0
    endloop
  endfacet
  facet normal 0 0 -1
    outer loop
      vertex -10 18 0
      vertex -6.59099 19.409 0
      vertex -9.98557 17.7059 0
    endloop
  endfacet
  facet normal 0 0 -1
    outer loop
      vertex -6.25003 30.8708 0
      vertex -8.66672 34.4944 0
      vertex -8.4142 34.6458 0
    endloop
  endfacet
  facet normal -0 0 -1
    outer loop
      vertex -6.59099 19.409 0
      vertex -10 18 0
      vertex -6.73927 19.5726 0
    endloop
  endfacet
  facet normal 0 0 -1
    outer loop
      vertex -6.25003 30.8708 0
      vertex -8.90318 34.319 0
      vertex -8.66672 34.4944 0
    endloop
  endfacet
  facet normal -0 0 -1
    outer loop
      vertex -6.73927 19.5726 0
      vertex -10 18 0
      vertex -6.87081 19.75 0
    endloop
  endfacet
  facet normal 0 0 -1
    outer loop
      vertex -6.25003 30.8708 0
      vertex -9.12132 34.1213 0
      vertex -8.90318 34.319 0
    endloop
  endfacet
  facet normal -0 0 -1
    outer loop
      vertex -6.87081 19.75 0
      vertex -10 18 0
      vertex -6.98432 19.9394 0
    endloop
  endfacet
  facet normal 0 0 -1
    outer loop
      vertex -6.42738 30.7393 0
      vertex -9.31905 33.9032 0
      vertex -9.12132 34.1213 0
    endloop
  endfacet
  facet normal -0 0 -1
    outer loop
      vertex -6.98432 19.9394 0
      vertex -10 18 0
      vertex -7.07873 20.139 0
    endloop
  endfacet
  facet normal 0 0 -1
    outer loop
      vertex -6.42738 30.7393 0
      vertex -9.49442 33.6667 0
      vertex -9.31905 33.9032 0
    endloop
  endfacet
  facet normal -0 0 -1
    outer loop
      vertex -7.07873 20.139 0
      vertex -10 18 0
      vertex -7.15312 20.3469 0
    endloop
  endfacet
  facet normal 0 0 -1
    outer loop
      vertex -6.42738 30.7393 0
      vertex -9.64577 33.4142 0
      vertex -9.49442 33.6667 0
    endloop
  endfacet
  facet normal -0 0 -1
    outer loop
      vertex -7.20677 20.561 0
      vertex -10 18 0
      vertex -7.23917 20.7795 0
    endloop
  endfacet
  facet normal 0 0 -1
    outer loop
      vertex -6.42738 30.7393 0
      vertex -9.77165 33.148 0
      vertex -9.64577 33.4142 0
    endloop
  endfacet
  facet normal -0 0 -1
    outer loop
      vertex -7.15312 20.3469 0
      vertex -10 18 0
      vertex -7.20677 20.561 0
    endloop
  endfacet
  facet normal 0 0 -1
    outer loop
      vertex -6.42738 30.7393 0
      vertex -9.87083 32.8708 0
      vertex -9.77165 33.148 0
    endloop
  endfacet
  facet normal 0 0 -1
    outer loop
      vertex -6.42738 30.7393 0
      vertex -9.94237 32.5853 0
      vertex -9.87083 32.8708 0
    endloop
  endfacet
  facet normal 0 0 -1
    outer loop
      vertex -6.59099 30.591 0
      vertex -9.98557 32.294 0
      vertex -9.94237 32.5853 0
    endloop
  endfacet
  facet normal 0 0 -1
    outer loop
      vertex 8.23707 8.50737 0
      vertex 20.8159 19.9249 0
      vertex 8.37886 8.37886 0
    endloop
  endfacet
  facet normal 0 0 -1
    outer loop
      vertex 19 25 0
      vertex 8.94061 42.8089 0
      vertex 8.95 43 0
    endloop
  endfacet
  facet normal -0 0 -1
    outer loop
      vertex 20.8159 19.9249 0
      vertex 8.23707 8.50737 0
      vertex 20.3482 20.5554 0
    endloop
  endfacet
  facet normal 0 0 -1
    outer loop
      vertex 19 25 0
      vertex 8.91253 42.6196 0
      vertex 8.94061 42.8089 0
    endloop
  endfacet
  facet normal 0 0 -1
    outer loop
      vertex 8.08336 8.62137 0
      vertex 20.3482 20.5554 0
      vertex 8.23707 8.50737 0
    endloop
  endfacet
  facet normal 0 0 -1
    outer loop
      vertex 19 25 0
      vertex 8.86603 42.4339 0
      vertex 8.91253 42.6196 0
    endloop
  endfacet
  facet normal -0 0 -1
    outer loop
      vertex 20.3482 20.5554 0
      vertex 8.08336 8.62137 0
      vertex 19.9446 21.2288 0
    endloop
  endfacet
  facet normal 0 0 -1
    outer loop
      vertex 19 25 0
      vertex 8.80156 42.2538 0
      vertex 8.86603 42.4339 0
    endloop
  endfacet
  facet normal 0 0 -1
    outer loop
      vertex 7.91922 8.71975 0
      vertex 19.9446 21.2288 0
      vertex 8.08336 8.62137 0
    endloop
  endfacet
  facet normal 0 0 -1
    outer loop
      vertex 19 25 0
      vertex 8.71975 42.0808 0
      vertex 8.80156 42.2538 0
    endloop
  endfacet
  facet normal 0 0 -1
    outer loop
      vertex 7.74623 8.80156 0
      vertex 19.9446 21.2288 0
      vertex 7.91922 8.71975 0
    endloop
  endfacet
  facet normal 0 0 -1
    outer loop
      vertex 19 25 0
      vertex 8.62137 41.9166 0
      vertex 8.71975 42.0808 0
    endloop
  endfacet
  facet normal -0 0 -1
    outer loop
      vertex 19.9446 21.2288 0
      vertex 7.74623 8.80156 0
      vertex 19.609 21.9385 0
    endloop
  endfacet
  facet normal 0 0 -1
    outer loop
      vertex 19 25 0
      vertex 8.50737 41.7629 0
      vertex 8.62137 41.9166 0
    endloop
  endfacet
  facet normal 0 0 -1
    outer loop
      vertex 7.56605 8.86603 0
      vertex 19.609 21.9385 0
      vertex 7.74623 8.80156 0
    endloop
  endfacet
  facet normal 0 0 -1
    outer loop
      vertex 19 25 0
      vertex 8.37886 41.6211 0
      vertex 8.50737 41.7629 0
    endloop
  endfacet
  facet normal 0 0 -1
    outer loop
      vertex 7.38043 8.91253 0
      vertex 19.609 21.9385 0
      vertex 7.56605 8.86603 0
    endloop
  endfacet
  facet normal 0 0 -1
    outer loop
      vertex 19 25 0
      vertex 8.23707 41.4926 0
      vertex 8.37886 41.6211 0
    endloop
  endfacet
  facet normal -0 0 -1
    outer loop
      vertex 19.609 21.9385 0
      vertex 7.38043 8.91253 0
      vertex 19.3445 22.6777 0
    endloop
  endfacet
  facet normal 0 0 -1
    outer loop
      vertex 19 25 0
      vertex 8.08336 41.3786 0
      vertex 8.23707 41.4926 0
    endloop
  endfacet
  facet normal 0 0 -1
    outer loop
      vertex 0 15 0
      vertex 19.3445 22.6777 0
      vertex 7.38043 8.91253 0
    endloop
  endfacet
  facet normal 0 0 -1
    outer loop
      vertex 19 25 0
      vertex 7.91922 41.2803 0
      vertex 8.08336 41.3786 0
    endloop
  endfacet
  facet normal -0 0 -1
    outer loop
      vertex 19.3445 22.6777 0
      vertex 0 15 0
      vertex 19.1537 23.4393 0
    endloop
  endfacet
  facet normal 0 0 -1
    outer loop
      vertex 19 25 0
      vertex 7.74623 41.1984 0
      vertex 7.91922 41.2803 0
    endloop
  endfacet
  facet normal -0 0 -1
    outer loop
      vertex 19.1537 23.4393 0
      vertex 0 15 0
      vertex 19.0385 24.2159 0
    endloop
  endfacet
  facet normal -0 0 -1
    outer loop
      vertex 19.0385 24.2159 0
      vertex -2.75 21 0
      vertex 19 25 0
    endloop
  endfacet
  facet normal 0 0 -1
    outer loop
      vertex -2.75 21 0
      vertex 19.0385 24.2159 0
      vertex 0 15 0
    endloop
  endfacet
  facet normal 0 -0 -1
    outer loop
      vertex 7.38043 41.0875 0
      vertex 19 25 0
      vertex 0 35 0
    endloop
  endfacet
  facet normal 0 0 -1
    outer loop
      vertex 0 15 0
      vertex 7.38043 8.91253 0
      vertex 7.19113 8.94061 0
    endloop
  endfacet
  facet normal 0 0 -1
    outer loop
      vertex 19 25 0
      vertex 7.56605 41.134 0
      vertex 7.74623 41.1984 0
    endloop
  endfacet
  facet normal 0 0 -1
    outer loop
      vertex 0 15 0
      vertex 7.19113 8.94061 0
      vertex 7 8.95 0
    endloop
  endfacet
  facet normal 0 0 -1
    outer loop
      vertex 19 25 0
      vertex 7.38043 41.0875 0
      vertex 7.56605 41.134 0
    endloop
  endfacet
  facet normal 0 0 -1
    outer loop
      vertex 0 15 0
      vertex 7 8.95 0
      vertex 6.80887 8.94061 0
    endloop
  endfacet
  facet normal 0 0 -1
    outer loop
      vertex 7.38043 41.0875 0
      vertex 0 35 0
      vertex 7.19113 41.0594 0
    endloop
  endfacet
  facet normal 0 0 -1
    outer loop
      vertex 0 15 0
      vertex 6.80887 8.94061 0
      vertex 6.61957 8.91253 0
    endloop
  endfacet
  facet normal 0 0 -1
    outer loop
      vertex 7.19113 41.0594 0
      vertex 0 35 0
      vertex 7 41.05 0
    endloop
  endfacet
  facet normal 0 0 -1
    outer loop
      vertex 0 15 0
      vertex 6.61957 8.91253 0
      vertex 6.43394 8.86603 0
    endloop
  endfacet
  facet normal -0 0 -1
    outer loop
      vertex 7 41.05 0
      vertex 0 35 0
      vertex 6.80887 41.0594 0
    endloop
  endfacet
  facet normal 0 0 -1
    outer loop
      vertex 0 15 0
      vertex 6.43394 8.86603 0
      vertex 6.25377 8.80156 0
    endloop
  endfacet
  facet normal -0 0 -1
    outer loop
      vertex 6.80887 41.0594 0
      vertex 0 35 0
      vertex 6.61957 41.0875 0
    endloop
  endfacet
  facet normal 0 0 -1
    outer loop
      vertex 0 15 0
      vertex 6.25377 8.80156 0
      vertex 6.08078 8.71975 0
    endloop
  endfacet
  facet normal -0 0 -1
    outer loop
      vertex 6.61957 41.0875 0
      vertex 0 35 0
      vertex 6.43394 41.134 0
    endloop
  endfacet
  facet normal 0 0 -1
    outer loop
      vertex 0 15 0
      vertex 6.08078 8.71975 0
      vertex 5.91664 8.62137 0
    endloop
  endfacet
  facet normal -0 0 -1
    outer loop
      vertex 6.43394 41.134 0
      vertex 0 35 0
      vertex 6.25377 41.1984 0
    endloop
  endfacet
  facet normal 0 0 -1
    outer loop
      vertex 0 15 0
      vertex 5.91664 8.62137 0
      vertex 5.76293 8.50737 0
    endloop
  endfacet
  facet normal -0 0 -1
    outer loop
      vertex 6.25377 41.1984 0
      vertex 0 35 0
      vertex 6.08078 41.2803 0
    endloop
  endfacet
  facet normal 0 0 -1
    outer loop
      vertex 0 15 0
      vertex 5.76293 8.50737 0
      vertex 5.62114 8.37886 0
    endloop
  endfacet
  facet normal -0 0 -1
    outer loop
      vertex 6.08078 41.2803 0
      vertex 0 35 0
      vertex 5.91664 41.3786 0
    endloop
  endfacet
  facet normal 0 0 -1
    outer loop
      vertex 0 15 0
      vertex 5.62114 8.37886 0
      vertex 5.49263 8.23707 0
    endloop
  endfacet
  facet normal -0 0 -1
    outer loop
      vertex 5.91664 41.3786 0
      vertex 0 35 0
      vertex 5.76293 41.4926 0
    endloop
  endfacet
  facet normal 0 0 -1
    outer loop
      vertex 0 15 0
      vertex 5.49263 8.23707 0
      vertex 5.37863 8.08336 0
    endloop
  endfacet
  facet normal -0 0 -1
    outer loop
      vertex 5.76293 41.4926 0
      vertex 0 35 0
      vertex 5.62114 41.6211 0
    endloop
  endfacet
  facet normal 0 0 -1
    outer loop
      vertex 0 15 0
      vertex 5.37863 8.08336 0
      vertex 5.28025 7.91922 0
    endloop
  endfacet
  facet normal -0 0 -1
    outer loop
      vertex 5.62114 41.6211 0
      vertex 0 35 0
      vertex 5.49263 41.7629 0
    endloop
  endfacet
  facet normal 0 0 -1
    outer loop
      vertex 0 15 0
      vertex 5.28025 7.91922 0
      vertex 5.19843 7.74623 0
    endloop
  endfacet
  facet normal -0 0 -1
    outer loop
      vertex 5.49263 41.7629 0
      vertex 0 35 0
      vertex 5.37863 41.9166 0
    endloop
  endfacet
  facet normal 0 0 -1
    outer loop
      vertex 0 15 0
      vertex 5.19843 7.74623 0
      vertex 5.13397 7.56605 0
    endloop
  endfacet
  facet normal -0 0 -1
    outer loop
      vertex 5.37863 41.9166 0
      vertex 0 35 0
      vertex 5.28025 42.0808 0
    endloop
  endfacet
  facet normal 0 0 -1
    outer loop
      vertex 0 4 0
      vertex 5.13397 7.56605 0
      vertex 5.08747 7.38043 0
    endloop
  endfacet
  facet normal -0 0 -1
    outer loop
      vertex 5.28025 42.0808 0
      vertex 0 35 0
      vertex 5.19843 42.2538 0
    endloop
  endfacet
  facet normal 0 0 -1
    outer loop
      vertex 0 4 0
      vertex 5.08747 7.38043 0
      vertex 5.05939 7.19113 0
    endloop
  endfacet
  facet normal -0 0 -1
    outer loop
      vertex 5.19843 42.2538 0
      vertex 0 35 0
      vertex 5.13397 42.4339 0
    endloop
  endfacet
  facet normal 0 0 -1
    outer loop
      vertex 0 4 0
      vertex 5.05939 7.19113 0
      vertex 5.05 7 0
    endloop
  endfacet
  facet normal 0 0 -1
    outer loop
      vertex 0 46 0
      vertex 5.13397 42.4339 0
      vertex 0 35 0
    endloop
  endfacet
  facet normal 0 0 -1
    outer loop
      vertex 92 4 0
      vertex 86.866 7.56605 0
      vertex 92 15 0
    endloop
  endfacet
  facet normal 0 0 -1
    outer loop
      vertex 92 35 0
      vertex 86.9406 42.8089 0
      vertex 86.95 43 0
    endloop
  endfacet
  facet normal 0 0 -1
    outer loop
      vertex 86.8016 7.74623 0
      vertex 92 15 0
      vertex 86.866 7.56605 0
    endloop
  endfacet
  facet normal 0 0 -1
    outer loop
      vertex 92 35 0
      vertex 86.9125 42.6196 0
      vertex 86.9406 42.8089 0
    endloop
  endfacet
  facet normal 0 0 -1
    outer loop
      vertex 86.7197 7.91922 0
      vertex 92 15 0
      vertex 86.8016 7.74623 0
    endloop
  endfacet
  facet normal 0 0 -1
    outer loop
      vertex 92 35 0
      vertex 86.866 42.4339 0
      vertex 86.9125 42.6196 0
    endloop
  endfacet
  facet normal 0 0 -1
    outer loop
      vertex 86.6214 8.08336 0
      vertex 92 15 0
      vertex 86.7197 7.91922 0
    endloop
  endfacet
  facet normal 0 0 -1
    outer loop
      vertex 92 35 0
      vertex 86.8016 42.2538 0
      vertex 86.866 42.4339 0
    endloop
  endfacet
  facet normal 0 0 -1
    outer loop
      vertex 86.5074 8.23707 0
      vertex 92 15 0
      vertex 86.6214 8.08336 0
    endloop
  endfacet
  facet normal 0 0 -1
    outer loop
      vertex 92 35 0
      vertex 86.7197 42.0808 0
      vertex 86.8016 42.2538 0
    endloop
  endfacet
  facet normal 0 0 -1
    outer loop
      vertex 86.3789 8.37886 0
      vertex 92 15 0
      vertex 86.5074 8.23707 0
    endloop
  endfacet
  facet normal 0 0 -1
    outer loop
      vertex 92 35 0
      vertex 86.6214 41.9166 0
      vertex 86.7197 42.0808 0
    endloop
  endfacet
  facet normal 0 0 -1
    outer loop
      vertex 86.2371 8.50737 0
      vertex 92 15 0
      vertex 86.3789 8.37886 0
    endloop
  endfacet
  facet normal 0 0 -1
    outer loop
      vertex 92 35 0
      vertex 86.5074 41.7629 0
      vertex 86.6214 41.9166 0
    endloop
  endfacet
  facet normal 0 0 -1
    outer loop
      vertex 86.0834 8.62137 0
      vertex 92 15 0
      vertex 86.2371 8.50737 0
    endloop
  endfacet
  facet normal 0 0 -1
    outer loop
      vertex 92 35 0
      vertex 86.3789 41.6211 0
      vertex 86.5074 41.7629 0
    endloop
  endfacet
  facet normal 0 0 -1
    outer loop
      vertex 85.9192 8.71975 0
      vertex 92 15 0
      vertex 86.0834 8.62137 0
    endloop
  endfacet
  facet normal 0 0 -1
    outer loop
      vertex 92 35 0
      vertex 86.2371 41.4926 0
      vertex 86.3789 41.6211 0
    endloop
  endfacet
  facet normal 0 0 -1
    outer loop
      vertex 85.7462 8.80156 0
      vertex 92 15 0
      vertex 85.9192 8.71975 0
    endloop
  endfacet
  facet normal 0 0 -1
    outer loop
      vertex 92 35 0
      vertex 86.0834 41.3786 0
      vertex 86.2371 41.4926 0
    endloop
  endfacet
  facet normal 0 0 -1
    outer loop
      vertex 85.5661 8.86603 0
      vertex 92 15 0
      vertex 85.7462 8.80156 0
    endloop
  endfacet
  facet normal 0 0 -1
    outer loop
      vertex 92 35 0
      vertex 85.9192 41.2803 0
      vertex 86.0834 41.3786 0
    endloop
  endfacet
  facet normal 0 0 -1
    outer loop
      vertex 85.3804 8.91253 0
      vertex 92 15 0
      vertex 85.5661 8.86603 0
    endloop
  endfacet
  facet normal 0 0 -1
    outer loop
      vertex 92 35 0
      vertex 85.7462 41.1984 0
      vertex 85.9192 41.2803 0
    endloop
  endfacet
  facet normal 0 0 -1
    outer loop
      vertex 85.1911 8.94061 0
      vertex 92 15 0
      vertex 85.3804 8.91253 0
    endloop
  endfacet
  facet normal 0 0 -1
    outer loop
      vertex 92 35 0
      vertex 85.5661 41.134 0
      vertex 85.7462 41.1984 0
    endloop
  endfacet
  facet normal 0 0 -1
    outer loop
      vertex 85 8.95 0
      vertex 92 15 0
      vertex 85.1911 8.94061 0
    endloop
  endfacet
  facet normal 0 0 -1
    outer loop
      vertex 92 35 0
      vertex 85.3804 41.0875 0
      vertex 85.5661 41.134 0
    endloop
  endfacet
  facet normal 0 0 -1
    outer loop
      vertex 84.8089 8.94061 0
      vertex 92 15 0
      vertex 85 8.95 0
    endloop
  endfacet
  facet normal 0 0 -1
    outer loop
      vertex 92 35 0
      vertex 85.1911 41.0594 0
      vertex 85.3804 41.0875 0
    endloop
  endfacet
  facet normal 0 -0 -1
    outer loop
      vertex 71 25 0
      vertex 92 15 0
      vertex 70.9759 24.5099 0
    endloop
  endfacet
  facet normal 0 0 -1
    outer loop
      vertex 70.9759 25.4901 0
      vertex 92 35 0
      vertex 71 25 0
    endloop
  endfacet
  facet normal 0 0 -1
    outer loop
      vertex 84.6196 8.91253 0
      vertex 92 15 0
      vertex 84.8089 8.94061 0
    endloop
  endfacet
  facet normal 0 0 -1
    outer loop
      vertex 70.9039 25.9755 0
      vertex 92 35 0
      vertex 70.9759 25.4901 0
    endloop
  endfacet
  facet normal 0 0 -1
    outer loop
      vertex 70.7847 23.5486 0
      vertex 92 15 0
      vertex 84.6196 8.91253 0
    endloop
  endfacet
  facet normal 0 0 -1
    outer loop
      vertex 92 35 0
      vertex 85 41.05 0
      vertex 85.1911 41.0594 0
    endloop
  endfacet
  facet normal 0 0 -1
    outer loop
      vertex 70.7847 23.5486 0
      vertex 84.6196 8.91253 0
      vertex 84.4339 8.86603 0
    endloop
  endfacet
  facet normal 0 0 -1
    outer loop
      vertex 92 35 0
      vertex 84.8089 41.0594 0
      vertex 85 41.05 0
    endloop
  endfacet
  facet normal 0 0 -1
    outer loop
      vertex 70.6194 23.0866 0
      vertex 84.4339 8.86603 0
      vertex 84.2538 8.80156 0
    endloop
  endfacet
  facet normal 0 0 -1
    outer loop
      vertex 70.7847 26.4514 0
      vertex 92 35 0
      vertex 70.9039 25.9755 0
    endloop
  endfacet
  facet normal 0 0 -1
    outer loop
      vertex 70.4096 22.643 0
      vertex 84.2538 8.80156 0
      vertex 84.0808 8.71975 0
    endloop
  endfacet
  facet normal 0 0 -1
    outer loop
      vertex 92 35 0
      vertex 84.6196 41.0875 0
      vertex 84.8089 41.0594 0
    endloop
  endfacet
  facet normal 0 0 -1
    outer loop
      vertex 70.4096 22.643 0
      vertex 84.0808 8.71975 0
      vertex 83.9166 8.62137 0
    endloop
  endfacet
  facet normal -0 0 -1
    outer loop
      vertex 92 35 0
      vertex 70.7847 26.4514 0
      vertex 84.6196 41.0875 0
    endloop
  endfacet
  facet normal 0 0 -1
    outer loop
      vertex 70.1573 22.2221 0
      vertex 83.9166 8.62137 0
      vertex 83.7629 8.50737 0
    endloop
  endfacet
  facet normal -0 0 -1
    outer loop
      vertex 84.6196 41.0875 0
      vertex 70.7847 26.4514 0
      vertex 84.4339 41.134 0
    endloop
  endfacet
  facet normal 0 0 -1
    outer loop
      vertex 69.8651 21.828 0
      vertex 83.7629 8.50737 0
      vertex 83.6211 8.37886 0
    endloop
  endfacet
  facet normal 0 0 -1
    outer loop
      vertex 70.6194 26.9134 0
      vertex 84.4339 41.134 0
      vertex 70.7847 26.4514 0
    endloop
  endfacet
  facet normal 0 0 -1
    outer loop
      vertex 69.5355 21.4645 0
      vertex 83.6211 8.37886 0
      vertex 83.4926 8.23707 0
    endloop
  endfacet
  facet normal -0 0 -1
    outer loop
      vertex 84.4339 41.134 0
      vertex 70.6194 26.9134 0
      vertex 84.2538 41.1984 0
    endloop
  endfacet
  facet normal 0 0 -1
    outer loop
      vertex 69.172 21.1349 0
      vertex 83.4926 8.23707 0
      vertex 83.3786 8.08336 0
    endloop
  endfacet
  facet normal 0 0 -1
    outer loop
      vertex 70.4096 27.357 0
      vertex 84.2538 41.1984 0
      vertex 70.6194 26.9134 0
    endloop
  endfacet
  facet normal 0 0 -1
    outer loop
      vertex 69.172 21.1349 0
      vertex 83.3786 8.08336 0
      vertex 83.2803 7.91922 0
    endloop
  endfacet
  facet normal -0 0 -1
    outer loop
      vertex 84.2538 41.1984 0
      vertex 70.4096 27.357 0
      vertex 84.0808 41.2803 0
    endloop
  endfacet
  facet normal 0 0 -1
    outer loop
      vertex 68.7778 20.8427 0
      vertex 83.2803 7.91922 0
      vertex 83.1984 7.74623 0
    endloop
  endfacet
  facet normal -0 0 -1
    outer loop
      vertex 84.0808 41.2803 0
      vertex 70.4096 27.357 0
      vertex 83.9166 41.3786 0
    endloop
  endfacet
  facet normal 0 0 -1
    outer loop
      vertex 68.357 20.5904 0
      vertex 83.1984 7.74623 0
      vertex 83.134 7.56605 0
    endloop
  endfacet
  facet normal 0 0 -1
    outer loop
      vertex 70.1573 27.7779 0
      vertex 83.9166 41.3786 0
      vertex 70.4096 27.357 0
    endloop
  endfacet
  facet normal 0 0 -1
    outer loop
      vertex 67.9134 20.3806 0
      vertex 83.134 7.56605 0
      vertex 83.0875 7.38043 0
    endloop
  endfacet
  facet normal -0 0 -1
    outer loop
      vertex 83.9166 41.3786 0
      vertex 70.1573 27.7779 0
      vertex 83.7629 41.4926 0
    endloop
  endfacet
  facet normal 0 0 -1
    outer loop
      vertex 67.4514 20.2153 0
      vertex 83.0875 7.38043 0
      vertex 83.0594 7.19113 0
    endloop
  endfacet
  facet normal 0 0 -1
    outer loop
      vertex 69.8651 28.172 0
      vertex 83.7629 41.4926 0
      vertex 70.1573 27.7779 0
    endloop
  endfacet
  facet normal 0 0 -1
    outer loop
      vertex 67.4514 20.2153 0
      vertex 83.0594 7.19113 0
      vertex 83.05 7 0
    endloop
  endfacet
  facet normal -0 0 -1
    outer loop
      vertex 83.7629 41.4926 0
      vertex 69.8651 28.172 0
      vertex 83.6211 41.6211 0
    endloop
  endfacet
  facet normal 0 0 -1
    outer loop
      vertex 86.9406 7.19113 0
      vertex 92 4 0
      vertex 86.95 7 0
    endloop
  endfacet
  facet normal 0 0 -1
    outer loop
      vertex 86.9125 7.38043 0
      vertex 92 4 0
      vertex 86.9406 7.19113 0
    endloop
  endfacet
  facet normal 0 0 -1
    outer loop
      vertex 86.5074 5.76293 0
      vertex 92 4 0
      vertex 91.9807 3.60793 0
    endloop
  endfacet
  facet normal 0 0 -1
    outer loop
      vertex 86.866 7.56605 0
      vertex 92 4 0
      vertex 86.9125 7.38043 0
    endloop
  endfacet
  facet normal 0 0 -1
    outer loop
      vertex 86.5074 5.76293 0
      vertex 91.9807 3.60793 0
      vertex 91.9231 3.21964 0
    endloop
  endfacet
  facet normal 0 0 -1
    outer loop
      vertex 92 35 0
      vertex 86.95 43 0
      vertex 92 46 0
    endloop
  endfacet
  facet normal 0 0 -1
    outer loop
      vertex 86.5074 5.76293 0
      vertex 91.9231 3.21964 0
      vertex 91.8278 2.83885 0
    endloop
  endfacet
  facet normal 0 0 -1
    outer loop
      vertex 86.9406 43.1911 0
      vertex 92 46 0
      vertex 86.95 43 0
    endloop
  endfacet
  facet normal 0 0 -1
    outer loop
      vertex 86.5074 5.76293 0
      vertex 91.8278 2.83885 0
      vertex 91.6955 2.46925 0
    endloop
  endfacet
  facet normal 0 0 -1
    outer loop
      vertex 86.9125 43.3804 0
      vertex 92 46 0
      vertex 86.9406 43.1911 0
    endloop
  endfacet
  facet normal 0 0 -1
    outer loop
      vertex 86.5074 5.76293 0
      vertex 91.6955 2.46925 0
      vertex 91.5277 2.11441 0
    endloop
  endfacet
  facet normal 0 0 -1
    outer loop
      vertex 86.866 43.5661 0
      vertex 92 46 0
      vertex 86.9125 43.3804 0
    endloop
  endfacet
  facet normal 0 0 -1
    outer loop
      vertex 86.3789 5.62114 0
      vertex 91.5277 2.11441 0
      vertex 91.3259 1.77771 0
    endloop
  endfacet
  facet normal 0 0 -1
    outer loop
      vertex 86.8016 43.7462 0
      vertex 92 46 0
      vertex 86.866 43.5661 0
    endloop
  endfacet
  facet normal 0 0 -1
    outer loop
      vertex 86.3789 5.62114 0
      vertex 91.3259 1.77771 0
      vertex 91.092 1.46242 0
    endloop
  endfacet
  facet normal 0 0 -1
    outer loop
      vertex 86.7197 43.9192 0
      vertex 92 46 0
      vertex 86.8016 43.7462 0
    endloop
  endfacet
  facet normal 0 0 -1
    outer loop
      vertex 86.3789 5.62114 0
      vertex 91.092 1.46242 0
      vertex 90.8284 1.17157 0
    endloop
  endfacet
  facet normal 0 0 -1
    outer loop
      vertex 86.6214 44.0834 0
      vertex 92 46 0
      vertex 86.7197 43.9192 0
    endloop
  endfacet
  facet normal 0 0 -1
    outer loop
      vertex 86.3789 5.62114 0
      vertex 90.8284 1.17157 0
      vertex 90.5376 0.907944 0
    endloop
  endfacet
  facet normal 0 0 -1
    outer loop
      vertex 86.5074 44.2371 0
      vertex 92 46 0
      vertex 86.6214 44.0834 0
    endloop
  endfacet
  facet normal 0 0 -1
    outer loop
      vertex 86.3789 5.62114 0
      vertex 90.5376 0.907944 0
      vertex 90.2223 0.674118 0
    endloop
  endfacet
  facet normal -0 0 -1
    outer loop
      vertex 92 46 0
      vertex 86.5074 44.2371 0
      vertex 91.9807 46.3921 0
    endloop
  endfacet
  facet normal 0 0 -1
    outer loop
      vertex 86.3789 5.62114 0
      vertex 90.2223 0.674118 0
      vertex 89.8856 0.472305 0
    endloop
  endfacet
  facet normal -0 0 -1
    outer loop
      vertex 91.9807 46.3921 0
      vertex 86.5074 44.2371 0
      vertex 91.9231 46.7803 0
    endloop
  endfacet
  facet normal 0 0 -1
    outer loop
      vertex 86.2371 5.49263 0
      vertex 89.8856 0.472305 0
      vertex 89.5307 0.304474 0
    endloop
  endfacet
  facet normal -0 0 -1
    outer loop
      vertex 91.9231 46.7803 0
      vertex 86.5074 44.2371 0
      vertex 91.8278 47.1611 0
    endloop
  endfacet
  facet normal 0 0 -1
    outer loop
      vertex 86.2371 5.49263 0
      vertex 89.5307 0.304474 0
      vertex 89.1611 0.172226 0
    endloop
  endfacet
  facet normal -0 0 -1
    outer loop
      vertex 91.8278 47.1611 0
      vertex 86.5074 44.2371 0
      vertex 91.6955 47.5307 0
    endloop
  endfacet
  facet normal 0 0 -1
    outer loop
      vertex 86.2371 5.49263 0
      vertex 89.1611 0.172226 0
      vertex 88.7803 0.0768585 0
    endloop
  endfacet
  facet normal -0 0 -1
    outer loop
      vertex 91.6955 47.5307 0
      vertex 86.5074 44.2371 0
      vertex 91.5277 47.8856 0
    endloop
  endfacet
  facet normal 0 0 -1
    outer loop
      vertex 86.2371 5.49263 0
      vertex 88.7803 0.0768585 0
      vertex 88.3921 0.0192566 0
    endloop
  endfacet
  facet normal 0 0 -1
    outer loop
      vertex 86.3789 44.3789 0
      vertex 91.5277 47.8856 0
      vertex 86.5074 44.2371 0
    endloop
  endfacet
  facet normal 0 0 -1
    outer loop
      vertex 86.2371 5.49263 0
      vertex 88.3921 0.0192566 0
      vertex 88 0 0
    endloop
  endfacet
  facet normal -0 0 -1
    outer loop
      vertex 91.5277 47.8856 0
      vertex 86.3789 44.3789 0
      vertex 91.3259 48.2223 0
    endloop
  endfacet
  facet normal -0 0 -1
    outer loop
      vertex 91.3259 48.2223 0
      vertex 86.3789 44.3789 0
      vertex 91.092 48.5376 0
    endloop
  endfacet
  facet normal 0 0 -1
    outer loop
      vertex 92 4 0
      vertex 86.9406 6.80887 0
      vertex 86.95 7 0
    endloop
  endfacet
  facet normal 0 0 -1
    outer loop
      vertex 92 4 0
      vertex 86.9125 6.61957 0
      vertex 86.9406 6.80887 0
    endloop
  endfacet
  facet normal 0 0 -1
    outer loop
      vertex 92 4 0
      vertex 86.866 6.43394 0
      vertex 86.9125 6.61957 0
    endloop
  endfacet
  facet normal 0 0 -1
    outer loop
      vertex 92 4 0
      vertex 86.8016 6.25377 0
      vertex 86.866 6.43394 0
    endloop
  endfacet
  facet normal 0 0 -1
    outer loop
      vertex 92 4 0
      vertex 86.7197 6.08078 0
      vertex 86.8016 6.25377 0
    endloop
  endfacet
  facet normal 0 0 -1
    outer loop
      vertex 92 4 0
      vertex 86.6214 5.91664 0
      vertex 86.7197 6.08078 0
    endloop
  endfacet
  facet normal 0 0 -1
    outer loop
      vertex 92 4 0
      vertex 86.5074 5.76293 0
      vertex 86.6214 5.91664 0
    endloop
  endfacet
  facet normal 0 0 -1
    outer loop
      vertex 91.5277 2.11441 0
      vertex 86.3789 5.62114 0
      vertex 86.5074 5.76293 0
    endloop
  endfacet
  facet normal 0 0 -1
    outer loop
      vertex 89.8856 0.472305 0
      vertex 86.2371 5.49263 0
      vertex 86.3789 5.62114 0
    endloop
  endfacet
  facet normal 0 0 -1
    outer loop
      vertex 88 0 0
      vertex 86.0834 5.37863 0
      vertex 86.2371 5.49263 0
    endloop
  endfacet
  facet normal 0 0 -1
    outer loop
      vertex 88 0 0
      vertex 85.9192 5.28025 0
      vertex 86.0834 5.37863 0
    endloop
  endfacet
  facet normal 0 0 -1
    outer loop
      vertex 88 0 0
      vertex 85.7462 5.19843 0
      vertex 85.9192 5.28025 0
    endloop
  endfacet
  facet normal 0 0 -1
    outer loop
      vertex 88 0 0
      vertex 85.5661 5.13397 0
      vertex 85.7462 5.19843 0
    endloop
  endfacet
  facet normal 0 0 -1
    outer loop
      vertex 88 0 0
      vertex 85.3804 5.08747 0
      vertex 85.5661 5.13397 0
    endloop
  endfacet
  facet normal 0 0 -1
    outer loop
      vertex 88 0 0
      vertex 85.1911 5.05939 0
      vertex 85.3804 5.08747 0
    endloop
  endfacet
  facet normal 0 0 -1
    outer loop
      vertex 88 0 0
      vertex 85 5.05 0
      vertex 85.1911 5.05939 0
    endloop
  endfacet
  facet normal 0 0 -1
    outer loop
      vertex 88 0 0
      vertex 84.8089 5.05939 0
      vertex 85 5.05 0
    endloop
  endfacet
  facet normal 0 0 -1
    outer loop
      vertex 88 0 0
      vertex 84.6196 5.08747 0
      vertex 84.8089 5.05939 0
    endloop
  endfacet
  facet normal 0 0 -1
    outer loop
      vertex 88 0 0
      vertex 84.4339 5.13397 0
      vertex 84.6196 5.08747 0
    endloop
  endfacet
  facet normal 0 0 -1
    outer loop
      vertex 88 0 0
      vertex 84.2538 5.19843 0
      vertex 84.4339 5.13397 0
    endloop
  endfacet
  facet normal 0 0 -1
    outer loop
      vertex 88 0 0
      vertex 84.0808 5.28025 0
      vertex 84.2538 5.19843 0
    endloop
  endfacet
  facet normal 0 0 -1
    outer loop
      vertex 88 0 0
      vertex 83.9166 5.37863 0
      vertex 84.0808 5.28025 0
    endloop
  endfacet
  facet normal 0 0 -1
    outer loop
      vertex 88 0 0
      vertex 83.7629 5.49263 0
      vertex 83.9166 5.37863 0
    endloop
  endfacet
  facet normal 0 0 -1
    outer loop
      vertex 88 0 0
      vertex 83.6211 5.62114 0
      vertex 83.7629 5.49263 0
    endloop
  endfacet
  facet normal 0 0 -1
    outer loop
      vertex 88 0 0
      vertex 83.4926 5.76293 0
      vertex 83.6211 5.62114 0
    endloop
  endfacet
  facet normal 0 0 -1
    outer loop
      vertex 69.5355 28.5355 0
      vertex 83.6211 41.6211 0
      vertex 69.8651 28.172 0
    endloop
  endfacet
  facet normal 0 0 -1
    outer loop
      vertex 66.9754 20.0961 0
      vertex 83.05 7 0
      vertex 83.0594 6.80887 0
    endloop
  endfacet
  facet normal 0 0 -1
    outer loop
      vertex 66.4901 20.0241 0
      vertex 83.0594 6.80887 0
      vertex 83.0875 6.61957 0
    endloop
  endfacet
  facet normal 0 0 -1
    outer loop
      vertex 66 20 0
      vertex 83.0875 6.61957 0
      vertex 83.134 6.43394 0
    endloop
  endfacet
  facet normal 0 0 -1
    outer loop
      vertex 65.5099 20.0241 0
      vertex 83.134 6.43394 0
      vertex 83.1984 6.25377 0
    endloop
  endfacet
  facet normal 0 0 -1
    outer loop
      vertex 65.0246 20.0961 0
      vertex 83.1984 6.25377 0
      vertex 83.2803 6.08078 0
    endloop
  endfacet
  facet normal 0 0 -1
    outer loop
      vertex 64.5486 20.2153 0
      vertex 83.2803 6.08078 0
      vertex 83.3786 5.91664 0
    endloop
  endfacet
  facet normal 0 0 -1
    outer loop
      vertex 92 15 0
      vertex 71 25 0
      vertex 92 35 0
    endloop
  endfacet
  facet normal 0 0 -1
    outer loop
      vertex 92 15 0
      vertex 70.9039 24.0245 0
      vertex 70.9759 24.5099 0
    endloop
  endfacet
  facet normal 0 0 -1
    outer loop
      vertex 92 15 0
      vertex 70.7847 23.5486 0
      vertex 70.9039 24.0245 0
    endloop
  endfacet
  facet normal 0 0 -1
    outer loop
      vertex 84.4339 8.86603 0
      vertex 70.6194 23.0866 0
      vertex 70.7847 23.5486 0
    endloop
  endfacet
  facet normal 0 0 -1
    outer loop
      vertex 30.7712 17.9446 0
      vertex 83.3786 5.91664 0
      vertex 83.4926 5.76293 0
    endloop
  endfacet
  facet normal 0 0 -1
    outer loop
      vertex 84.2538 8.80156 0
      vertex 70.4096 22.643 0
      vertex 70.6194 23.0866 0
    endloop
  endfacet
  facet normal 0 0 -1
    outer loop
      vertex 83.9166 8.62137 0
      vertex 70.1573 22.2221 0
      vertex 70.4096 22.643 0
    endloop
  endfacet
  facet normal 0 0 -1
    outer loop
      vertex 30.0615 17.609 0
      vertex 83.4926 5.76293 0
      vertex 88 0 0
    endloop
  endfacet
  facet normal 0 0 -1
    outer loop
      vertex 83.7629 8.50737 0
      vertex 69.8651 21.828 0
      vertex 70.1573 22.2221 0
    endloop
  endfacet
  facet normal 0 0 -1
    outer loop
      vertex 83.6211 8.37886 0
      vertex 69.5355 21.4645 0
      vertex 69.8651 21.828 0
    endloop
  endfacet
  facet normal 0 0 -1
    outer loop
      vertex 83.4926 8.23707 0
      vertex 69.172 21.1349 0
      vertex 69.5355 21.4645 0
    endloop
  endfacet
  facet normal 0 0 -1
    outer loop
      vertex 83.2803 7.91922 0
      vertex 68.7778 20.8427 0
      vertex 69.172 21.1349 0
    endloop
  endfacet
  facet normal 0 0 -1
    outer loop
      vertex 83.1984 7.74623 0
      vertex 68.357 20.5904 0
      vertex 68.7778 20.8427 0
    endloop
  endfacet
  facet normal 0 0 -1
    outer loop
      vertex 83.134 7.56605 0
      vertex 67.9134 20.3806 0
      vertex 68.357 20.5904 0
    endloop
  endfacet
  facet normal 0 0 -1
    outer loop
      vertex 83.0875 7.38043 0
      vertex 67.4514 20.2153 0
      vertex 67.9134 20.3806 0
    endloop
  endfacet
  facet normal 0 0 -1
    outer loop
      vertex 83.05 7 0
      vertex 66.9754 20.0961 0
      vertex 67.4514 20.2153 0
    endloop
  endfacet
  facet normal 0 0 -1
    outer loop
      vertex 83.0594 6.80887 0
      vertex 66.4901 20.0241 0
      vertex 66.9754 20.0961 0
    endloop
  endfacet
  facet normal 0 0 -1
    outer loop
      vertex 83.0875 6.61957 0
      vertex 66 20 0
      vertex 66.4901 20.0241 0
    endloop
  endfacet
  facet normal 0 0 -1
    outer loop
      vertex 83.134 6.43394 0
      vertex 65.5099 20.0241 0
      vertex 66 20 0
    endloop
  endfacet
  facet normal 0 0 -1
    outer loop
      vertex 83.1984 6.25377 0
      vertex 65.0246 20.0961 0
      vertex 65.5099 20.0241 0
    endloop
  endfacet
  facet normal 0 0 -1
    outer loop
      vertex 83.2803 6.08078 0
      vertex 64.5486 20.2153 0
      vertex 65.0246 20.0961 0
    endloop
  endfacet
  facet normal 0 0 -1
    outer loop
      vertex 83.3786 5.91664 0
      vertex 64.0866 20.3806 0
      vertex 64.5486 20.2153 0
    endloop
  endfacet
  facet normal 0 0 -1
    outer loop
      vertex 83.3786 5.91664 0
      vertex 30.7712 17.9446 0
      vertex 64.0866 20.3806 0
    endloop
  endfacet
  facet normal 0 -0 -1
    outer loop
      vertex 31.4446 18.3482 0
      vertex 64.0866 20.3806 0
      vertex 30.7712 17.9446 0
    endloop
  endfacet
  facet normal -0 0 -1
    outer loop
      vertex 64.0866 20.3806 0
      vertex 31.4446 18.3482 0
      vertex 63.643 20.5904 0
    endloop
  endfacet
  facet normal 0 0 -1
    outer loop
      vertex 61.0241 24.5099 0
      vertex 35 25 0
      vertex 61 25 0
    endloop
  endfacet
  facet normal 0 0 -1
    outer loop
      vertex 34.9615 24.2159 0
      vertex 61.0241 24.5099 0
      vertex 61.0961 24.0245 0
    endloop
  endfacet
  facet normal 0 0 -1
    outer loop
      vertex 34.8463 23.4393 0
      vertex 61.0961 24.0245 0
      vertex 61.2153 23.5486 0
    endloop
  endfacet
  facet normal 0 0 -1
    outer loop
      vertex 34.6555 22.6777 0
      vertex 61.2153 23.5486 0
      vertex 61.3806 23.0866 0
    endloop
  endfacet
  facet normal 0 0 -1
    outer loop
      vertex 34.391 21.9385 0
      vertex 61.3806 23.0866 0
      vertex 61.5904 22.643 0
    endloop
  endfacet
  facet normal 0 0 -1
    outer loop
      vertex 34.0554 21.2288 0
      vertex 61.5904 22.643 0
      vertex 61.8427 22.2221 0
    endloop
  endfacet
  facet normal 0 0 -1
    outer loop
      vertex 33.6518 20.5554 0
      vertex 61.8427 22.2221 0
      vertex 62.1349 21.828 0
    endloop
  endfacet
  facet normal 0 0 -1
    outer loop
      vertex 33.6518 20.5554 0
      vertex 62.1349 21.828 0
      vertex 62.4645 21.4645 0
    endloop
  endfacet
  facet normal 0 0 -1
    outer loop
      vertex 33.1841 19.9249 0
      vertex 62.4645 21.4645 0
      vertex 62.828 21.1349 0
    endloop
  endfacet
  facet normal 0 -0 -1
    outer loop
      vertex 32.0751 18.8159 0
      vertex 63.643 20.5904 0
      vertex 31.4446 18.3482 0
    endloop
  endfacet
  facet normal -0 0 -1
    outer loop
      vertex 61.0241 24.5099 0
      vertex 34.9615 24.2159 0
      vertex 35 25 0
    endloop
  endfacet
  facet normal -0 0 -1
    outer loop
      vertex 61.0961 24.0245 0
      vertex 34.8463 23.4393 0
      vertex 34.9615 24.2159 0
    endloop
  endfacet
  facet normal 0 0 -1
    outer loop
      vertex 61.2153 23.5486 0
      vertex 34.6555 22.6777 0
      vertex 34.8463 23.4393 0
    endloop
  endfacet
  facet normal 0 0 -1
    outer loop
      vertex 61.3806 23.0866 0
      vertex 34.391 21.9385 0
      vertex 34.6555 22.6777 0
    endloop
  endfacet
  facet normal 0 0 -1
    outer loop
      vertex 61.5904 22.643 0
      vertex 34.0554 21.2288 0
      vertex 34.391 21.9385 0
    endloop
  endfacet
  facet normal 0 0 -1
    outer loop
      vertex 61.8427 22.2221 0
      vertex 33.6518 20.5554 0
      vertex 34.0554 21.2288 0
    endloop
  endfacet
  facet normal 0 0 -1
    outer loop
      vertex 62.4645 21.4645 0
      vertex 33.1841 19.9249 0
      vertex 33.6518 20.5554 0
    endloop
  endfacet
  facet normal 0 0 -1
    outer loop
      vertex 62.828 21.1349 0
      vertex 32.6569 19.3431 0
      vertex 33.1841 19.9249 0
    endloop
  endfacet
  facet normal -0 0 -1
    outer loop
      vertex 63.2221 20.8427 0
      vertex 32.6569 19.3431 0
      vertex 62.828 21.1349 0
    endloop
  endfacet
  facet normal 0 -0 -1
    outer loop
      vertex 32.6569 19.3431 0
      vertex 63.2221 20.8427 0
      vertex 32.0751 18.8159 0
    endloop
  endfacet
  facet normal -0 0 -1
    outer loop
      vertex 63.643 20.5904 0
      vertex 32.0751 18.8159 0
      vertex 63.2221 20.8427 0
    endloop
  endfacet
  facet normal 0 0 -1
    outer loop
      vertex 83.4926 5.76293 0
      vertex 30.0615 17.609 0
      vertex 30.7712 17.9446 0
    endloop
  endfacet
  facet normal 0 0 -1
    outer loop
      vertex 88 0 0
      vertex 29.3223 17.3445 0
      vertex 30.0615 17.609 0
    endloop
  endfacet
  facet normal 0 0 -1
    outer loop
      vertex 4 0 0
      vertex 29.3223 17.3445 0
      vertex 88 0 0
    endloop
  endfacet
  facet normal 0 0 -1
    outer loop
      vertex 29.3223 17.3445 0
      vertex 4 0 0
      vertex 28.5607 17.1537 0
    endloop
  endfacet
  facet normal 0 -0 -1
    outer loop
      vertex 8.37886 5.62114 0
      vertex 28.5607 17.1537 0
      vertex 4 0 0
    endloop
  endfacet
  facet normal 0 -0 -1
    outer loop
      vertex 8.50737 5.76293 0
      vertex 28.5607 17.1537 0
      vertex 8.37886 5.62114 0
    endloop
  endfacet
  facet normal 0 0 -1
    outer loop
      vertex 28.5607 17.1537 0
      vertex 8.50737 5.76293 0
      vertex 27.7841 17.0385 0
    endloop
  endfacet
  facet normal 0 -0 -1
    outer loop
      vertex 8.62137 5.91664 0
      vertex 27.7841 17.0385 0
      vertex 8.50737 5.76293 0
    endloop
  endfacet
  facet normal -0 0 -1
    outer loop
      vertex 21.3431 19.3431 0
      vertex 8.50737 8.23707 0
      vertex 20.8159 19.9249 0
    endloop
  endfacet
  facet normal 0 0 -1
    outer loop
      vertex 8.50737 8.23707 0
      vertex 21.3431 19.3431 0
      vertex 8.62137 8.08336 0
    endloop
  endfacet
  facet normal -0 0 -1
    outer loop
      vertex 21.9249 18.8159 0
      vertex 8.62137 8.08336 0
      vertex 21.3431 19.3431 0
    endloop
  endfacet
  facet normal 0 0 -1
    outer loop
      vertex 8.62137 8.08336 0
      vertex 21.9249 18.8159 0
      vertex 8.71975 7.91922 0
    endloop
  endfacet
  facet normal 0 0 -1
    outer loop
      vertex 8.71975 7.91922 0
      vertex 21.9249 18.8159 0
      vertex 8.80156 7.74623 0
    endloop
  endfacet
  facet normal -0 0 -1
    outer loop
      vertex 22.5554 18.3482 0
      vertex 8.80156 7.74623 0
      vertex 21.9249 18.8159 0
    endloop
  endfacet
  facet normal 0 0 -1
    outer loop
      vertex 8.80156 7.74623 0
      vertex 22.5554 18.3482 0
      vertex 8.86603 7.56605 0
    endloop
  endfacet
  facet normal -0 0 -1
    outer loop
      vertex 23.2288 17.9446 0
      vertex 8.86603 7.56605 0
      vertex 22.5554 18.3482 0
    endloop
  endfacet
  facet normal 0 0 -1
    outer loop
      vertex 8.86603 7.56605 0
      vertex 23.2288 17.9446 0
      vertex 8.91253 7.38043 0
    endloop
  endfacet
  facet normal 0 0 -1
    outer loop
      vertex 8.91253 7.38043 0
      vertex 23.2288 17.9446 0
      vertex 8.94061 7.19113 0
    endloop
  endfacet
  facet normal -0 0 -1
    outer loop
      vertex 23.9385 17.609 0
      vertex 8.94061 7.19113 0
      vertex 23.2288 17.9446 0
    endloop
  endfacet
  facet normal 0 0 -1
    outer loop
      vertex 8.94061 7.19113 0
      vertex 23.9385 17.609 0
      vertex 8.95 7 0
    endloop
  endfacet
  facet normal -0 0 -1
    outer loop
      vertex 24.6777 17.3445 0
      vertex 8.95 7 0
      vertex 23.9385 17.609 0
    endloop
  endfacet
  facet normal 0 0 -1
    outer loop
      vertex 27.7841 17.0385 0
      vertex 8.62137 5.91664 0
      vertex 27 17 0
    endloop
  endfacet
  facet normal 0 0 -1
    outer loop
      vertex 24.6777 17.3445 0
      vertex 8.94061 6.80887 0
      vertex 8.95 7 0
    endloop
  endfacet
  facet normal 0 0 -1
    outer loop
      vertex 24.6777 17.3445 0
      vertex 8.91253 6.61957 0
      vertex 8.94061 6.80887 0
    endloop
  endfacet
  facet normal -0 0 -1
    outer loop
      vertex 25.4393 17.1537 0
      vertex 8.91253 6.61957 0
      vertex 24.6777 17.3445 0
    endloop
  endfacet
  facet normal 0 -0 -1
    outer loop
      vertex 8.91253 6.61957 0
      vertex 25.4393 17.1537 0
      vertex 8.86603 6.43394 0
    endloop
  endfacet
  facet normal -0 0 -1
    outer loop
      vertex 26.2159 17.0385 0
      vertex 8.86603 6.43394 0
      vertex 25.4393 17.1537 0
    endloop
  endfacet
  facet normal 0 -0 -1
    outer loop
      vertex 8.86603 6.43394 0
      vertex 26.2159 17.0385 0
      vertex 8.80156 6.25377 0
    endloop
  endfacet
  facet normal -0 0 -1
    outer loop
      vertex 27 17 0
      vertex 8.80156 6.25377 0
      vertex 26.2159 17.0385 0
    endloop
  endfacet
  facet normal 0 -0 -1
    outer loop
      vertex 8.80156 6.25377 0
      vertex 27 17 0
      vertex 8.71975 6.08078 0
    endloop
  endfacet
  facet normal 0 -0 -1
    outer loop
      vertex 8.71975 6.08078 0
      vertex 27 17 0
      vertex 8.62137 5.91664 0
    endloop
  endfacet
  facet normal 0 0 -1
    outer loop
      vertex 8.37886 5.62114 0
      vertex 4 0 0
      vertex 8.23707 5.49263 0
    endloop
  endfacet
  facet normal 0 0 -1
    outer loop
      vertex 8.23707 5.49263 0
      vertex 4 0 0
      vertex 8.08336 5.37863 0
    endloop
  endfacet
  facet normal 0 0 -1
    outer loop
      vertex 8.08336 5.37863 0
      vertex 4 0 0
      vertex 7.91922 5.28025 0
    endloop
  endfacet
  facet normal 0 0 -1
    outer loop
      vertex 7.91922 5.28025 0
      vertex 4 0 0
      vertex 7.74623 5.19843 0
    endloop
  endfacet
  facet normal 0 0 -1
    outer loop
      vertex 7.74623 5.19843 0
      vertex 4 0 0
      vertex 7.56605 5.13397 0
    endloop
  endfacet
  facet normal 0 0 -1
    outer loop
      vertex 7.56605 5.13397 0
      vertex 4 0 0
      vertex 7.38043 5.08747 0
    endloop
  endfacet
  facet normal 0 0 -1
    outer loop
      vertex 7.38043 5.08747 0
      vertex 4 0 0
      vertex 7.19113 5.05939 0
    endloop
  endfacet
  facet normal 0 0 -1
    outer loop
      vertex 7.19113 5.05939 0
      vertex 4 0 0
      vertex 7 5.05 0
    endloop
  endfacet
  facet normal 0 0 -1
    outer loop
      vertex 0.907944 1.46242 0
      vertex 5.62114 5.62114 0
      vertex 1.17157 1.17157 0
    endloop
  endfacet
  facet normal 0 0 -1
    outer loop
      vertex 1.17157 1.17157 0
      vertex 5.62114 5.62114 0
      vertex 1.46242 0.907944 0
    endloop
  endfacet
  facet normal 0 0 -1
    outer loop
      vertex 1.46242 0.907944 0
      vertex 5.62114 5.62114 0
      vertex 1.77771 0.674118 0
    endloop
  endfacet
  facet normal 0 0 -1
    outer loop
      vertex 1.77771 0.674118 0
      vertex 5.62114 5.62114 0
      vertex 2.11441 0.472305 0
    endloop
  endfacet
  facet normal -0 0 -1
    outer loop
      vertex 5.76293 5.49263 0
      vertex 2.11441 0.472305 0
      vertex 5.62114 5.62114 0
    endloop
  endfacet
  facet normal 0 0 -1
    outer loop
      vertex 2.11441 0.472305 0
      vertex 5.76293 5.49263 0
      vertex 2.46925 0.304474 0
    endloop
  endfacet
  facet normal 0 0 -1
    outer loop
      vertex 2.46925 0.304474 0
      vertex 5.76293 5.49263 0
      vertex 2.83885 0.172226 0
    endloop
  endfacet
  facet normal 0 0 -1
    outer loop
      vertex 2.83885 0.172226 0
      vertex 5.76293 5.49263 0
      vertex 3.21964 0.0768585 0
    endloop
  endfacet
  facet normal 0 0 -1
    outer loop
      vertex 3.21964 0.0768585 0
      vertex 5.76293 5.49263 0
      vertex 3.60793 0.0192566 0
    endloop
  endfacet
  facet normal 0 0 -1
    outer loop
      vertex 3.60793 0.0192566 0
      vertex 5.76293 5.49263 0
      vertex 4 0 0
    endloop
  endfacet
  facet normal -0 0 -1
    outer loop
      vertex 5.91664 5.37863 0
      vertex 4 0 0
      vertex 5.76293 5.49263 0
    endloop
  endfacet
  facet normal -0 0 -1
    outer loop
      vertex 6.08078 5.28025 0
      vertex 4 0 0
      vertex 5.91664 5.37863 0
    endloop
  endfacet
  facet normal -0 0 -1
    outer loop
      vertex 6.25377 5.19843 0
      vertex 4 0 0
      vertex 6.08078 5.28025 0
    endloop
  endfacet
  facet normal -0 0 -1
    outer loop
      vertex 6.43394 5.13397 0
      vertex 4 0 0
      vertex 6.25377 5.19843 0
    endloop
  endfacet
  facet normal -0 0 -1
    outer loop
      vertex 6.61957 5.08747 0
      vertex 4 0 0
      vertex 6.43394 5.13397 0
    endloop
  endfacet
  facet normal -0 0 -1
    outer loop
      vertex 6.80887 5.05939 0
      vertex 4 0 0
      vertex 6.61957 5.08747 0
    endloop
  endfacet
  facet normal -0 0 -1
    outer loop
      vertex 7 5.05 0
      vertex 4 0 0
      vertex 6.80887 5.05939 0
    endloop
  endfacet
  facet normal -0 0 -1
    outer loop
      vertex 91.092 48.5376 0
      vertex 86.3789 44.3789 0
      vertex 90.8284 48.8284 0
    endloop
  endfacet
  facet normal -0 0 -1
    outer loop
      vertex 90.8284 48.8284 0
      vertex 86.3789 44.3789 0
      vertex 90.5376 49.092 0
    endloop
  endfacet
  facet normal -0 0 -1
    outer loop
      vertex 90.5376 49.092 0
      vertex 86.3789 44.3789 0
      vertex 90.2223 49.3259 0
    endloop
  endfacet
  facet normal -0 0 -1
    outer loop
      vertex 90.2223 49.3259 0
      vertex 86.3789 44.3789 0
      vertex 89.8856 49.5277 0
    endloop
  endfacet
  facet normal 0 0 -1
    outer loop
      vertex 86.2371 44.5074 0
      vertex 89.8856 49.5277 0
      vertex 86.3789 44.3789 0
    endloop
  endfacet
  facet normal -0 0 -1
    outer loop
      vertex 89.8856 49.5277 0
      vertex 86.2371 44.5074 0
      vertex 89.5307 49.6955 0
    endloop
  endfacet
  facet normal -0 0 -1
    outer loop
      vertex 89.5307 49.6955 0
      vertex 86.2371 44.5074 0
      vertex 89.1611 49.8278 0
    endloop
  endfacet
  facet normal -0 0 -1
    outer loop
      vertex 89.1611 49.8278 0
      vertex 86.2371 44.5074 0
      vertex 88.7803 49.9231 0
    endloop
  endfacet
  facet normal -0 0 -1
    outer loop
      vertex 88.7803 49.9231 0
      vertex 86.2371 44.5074 0
      vertex 88.3921 49.9807 0
    endloop
  endfacet
  facet normal -0 0 -1
    outer loop
      vertex 88.3921 49.9807 0
      vertex 86.2371 44.5074 0
      vertex 88 50 0
    endloop
  endfacet
  facet normal 0 0 -1
    outer loop
      vertex 86.0834 44.6214 0
      vertex 88 50 0
      vertex 86.2371 44.5074 0
    endloop
  endfacet
  facet normal 0 0 -1
    outer loop
      vertex 85.9192 44.7197 0
      vertex 88 50 0
      vertex 86.0834 44.6214 0
    endloop
  endfacet
  facet normal 0 0 -1
    outer loop
      vertex 85.7462 44.8016 0
      vertex 88 50 0
      vertex 85.9192 44.7197 0
    endloop
  endfacet
  facet normal 0 0 -1
    outer loop
      vertex 85.5661 44.866 0
      vertex 88 50 0
      vertex 85.7462 44.8016 0
    endloop
  endfacet
  facet normal 0 0 -1
    outer loop
      vertex 85.3804 44.9125 0
      vertex 88 50 0
      vertex 85.5661 44.866 0
    endloop
  endfacet
  facet normal 0 0 -1
    outer loop
      vertex 85.1911 44.9406 0
      vertex 88 50 0
      vertex 85.3804 44.9125 0
    endloop
  endfacet
  facet normal 0 0 -1
    outer loop
      vertex 85 44.95 0
      vertex 88 50 0
      vertex 85.1911 44.9406 0
    endloop
  endfacet
  facet normal 0 0 -1
    outer loop
      vertex 84.8089 44.9406 0
      vertex 88 50 0
      vertex 85 44.95 0
    endloop
  endfacet
  facet normal 0 0 -1
    outer loop
      vertex 84.6196 44.9125 0
      vertex 88 50 0
      vertex 84.8089 44.9406 0
    endloop
  endfacet
  facet normal 0 0 -1
    outer loop
      vertex 84.4339 44.866 0
      vertex 88 50 0
      vertex 84.6196 44.9125 0
    endloop
  endfacet
  facet normal 0 0 -1
    outer loop
      vertex 84.2538 44.8016 0
      vertex 88 50 0
      vertex 84.4339 44.866 0
    endloop
  endfacet
  facet normal 0 0 -1
    outer loop
      vertex 84.0808 44.7197 0
      vertex 88 50 0
      vertex 84.2538 44.8016 0
    endloop
  endfacet
  facet normal 0 0 -1
    outer loop
      vertex 83.9166 44.6214 0
      vertex 88 50 0
      vertex 84.0808 44.7197 0
    endloop
  endfacet
  facet normal 0 0 -1
    outer loop
      vertex 83.7629 44.5074 0
      vertex 88 50 0
      vertex 83.9166 44.6214 0
    endloop
  endfacet
  facet normal 0 0 -1
    outer loop
      vertex 83.6211 44.3789 0
      vertex 88 50 0
      vertex 83.7629 44.5074 0
    endloop
  endfacet
  facet normal 0 0 -1
    outer loop
      vertex 83.4926 44.2371 0
      vertex 88 50 0
      vertex 83.6211 44.3789 0
    endloop
  endfacet
  facet normal -0 0 -1
    outer loop
      vertex 83.6211 41.6211 0
      vertex 69.5355 28.5355 0
      vertex 83.4926 41.7629 0
    endloop
  endfacet
  facet normal 0 0 -1
    outer loop
      vertex 69.172 28.8651 0
      vertex 83.4926 41.7629 0
      vertex 69.5355 28.5355 0
    endloop
  endfacet
  facet normal -0 0 -1
    outer loop
      vertex 83.4926 41.7629 0
      vertex 69.172 28.8651 0
      vertex 83.3786 41.9166 0
    endloop
  endfacet
  facet normal -0 0 -1
    outer loop
      vertex 83.3786 41.9166 0
      vertex 69.172 28.8651 0
      vertex 83.2803 42.0808 0
    endloop
  endfacet
  facet normal 0 0 -1
    outer loop
      vertex 68.7778 29.1573 0
      vertex 83.2803 42.0808 0
      vertex 69.172 28.8651 0
    endloop
  endfacet
  facet normal -0 0 -1
    outer loop
      vertex 83.2803 42.0808 0
      vertex 68.7778 29.1573 0
      vertex 83.1984 42.2538 0
    endloop
  endfacet
  facet normal 0 0 -1
    outer loop
      vertex 68.357 29.4096 0
      vertex 83.1984 42.2538 0
      vertex 68.7778 29.1573 0
    endloop
  endfacet
  facet normal -0 0 -1
    outer loop
      vertex 83.1984 42.2538 0
      vertex 68.357 29.4096 0
      vertex 83.134 42.4339 0
    endloop
  endfacet
  facet normal 0 0 -1
    outer loop
      vertex 67.9134 29.6194 0
      vertex 83.134 42.4339 0
      vertex 68.357 29.4096 0
    endloop
  endfacet
  facet normal -0 0 -1
    outer loop
      vertex 83.134 42.4339 0
      vertex 67.9134 29.6194 0
      vertex 83.0875 42.6196 0
    endloop
  endfacet
  facet normal 0 0 -1
    outer loop
      vertex 67.4514 29.7847 0
      vertex 83.0875 42.6196 0
      vertex 67.9134 29.6194 0
    endloop
  endfacet
  facet normal -0 0 -1
    outer loop
      vertex 83.0875 42.6196 0
      vertex 67.4514 29.7847 0
      vertex 83.0594 42.8089 0
    endloop
  endfacet
  facet normal -0 0 -1
    outer loop
      vertex 83.0594 42.8089 0
      vertex 67.4514 29.7847 0
      vertex 83.05 43 0
    endloop
  endfacet
  facet normal 0 0 -1
    outer loop
      vertex 66.9754 29.9039 0
      vertex 83.05 43 0
      vertex 67.4514 29.7847 0
    endloop
  endfacet
  facet normal -0 0 -1
    outer loop
      vertex 83.05 43 0
      vertex 66.9754 29.9039 0
      vertex 83.0594 43.1911 0
    endloop
  endfacet
  facet normal 0 0 -1
    outer loop
      vertex 66.4901 29.9759 0
      vertex 83.0594 43.1911 0
      vertex 66.9754 29.9039 0
    endloop
  endfacet
  facet normal -0 0 -1
    outer loop
      vertex 83.0594 43.1911 0
      vertex 66.4901 29.9759 0
      vertex 83.0875 43.3804 0
    endloop
  endfacet
  facet normal 0 0 -1
    outer loop
      vertex 66 30 0
      vertex 83.0875 43.3804 0
      vertex 66.4901 29.9759 0
    endloop
  endfacet
  facet normal -0 0 -1
    outer loop
      vertex 83.0875 43.3804 0
      vertex 66 30 0
      vertex 83.134 43.5661 0
    endloop
  endfacet
  facet normal 0 0 -1
    outer loop
      vertex 65.5099 29.9759 0
      vertex 83.134 43.5661 0
      vertex 66 30 0
    endloop
  endfacet
  facet normal -0 0 -1
    outer loop
      vertex 83.134 43.5661 0
      vertex 65.5099 29.9759 0
      vertex 83.1984 43.7462 0
    endloop
  endfacet
  facet normal 0 0 -1
    outer loop
      vertex 65.0246 29.9039 0
      vertex 83.1984 43.7462 0
      vertex 65.5099 29.9759 0
    endloop
  endfacet
  facet normal -0 0 -1
    outer loop
      vertex 83.1984 43.7462 0
      vertex 65.0246 29.9039 0
      vertex 83.2803 43.9192 0
    endloop
  endfacet
  facet normal 0 0 -1
    outer loop
      vertex 64.5486 29.7847 0
      vertex 83.2803 43.9192 0
      vertex 65.0246 29.9039 0
    endloop
  endfacet
  facet normal -0 0 -1
    outer loop
      vertex 83.2803 43.9192 0
      vertex 64.5486 29.7847 0
      vertex 83.3786 44.0834 0
    endloop
  endfacet
  facet normal 0 0 -1
    outer loop
      vertex 64.0866 29.6194 0
      vertex 83.3786 44.0834 0
      vertex 64.5486 29.7847 0
    endloop
  endfacet
  facet normal 0 0 -1
    outer loop
      vertex 30.7712 32.0554 0
      vertex 83.3786 44.0834 0
      vertex 64.0866 29.6194 0
    endloop
  endfacet
  facet normal -0 0 -1
    outer loop
      vertex 83.3786 44.0834 0
      vertex 30.7712 32.0554 0
      vertex 83.4926 44.2371 0
    endloop
  endfacet
  facet normal 0 0 -1
    outer loop
      vertex 31.4446 31.6518 0
      vertex 64.0866 29.6194 0
      vertex 63.643 29.4096 0
    endloop
  endfacet
  facet normal 0 0 -1
    outer loop
      vertex 32.0751 31.1841 0
      vertex 63.643 29.4096 0
      vertex 63.2221 29.1573 0
    endloop
  endfacet
  facet normal 0 0 -1
    outer loop
      vertex 32.6569 30.6569 0
      vertex 63.2221 29.1573 0
      vertex 62.828 28.8651 0
    endloop
  endfacet
  facet normal 0 0 -1
    outer loop
      vertex 35 25 0
      vertex 61.0241 25.4901 0
      vertex 61 25 0
    endloop
  endfacet
  facet normal 0 0 -1
    outer loop
      vertex 34.9615 25.7841 0
      vertex 61.0241 25.4901 0
      vertex 35 25 0
    endloop
  endfacet
  facet normal 0 0 -1
    outer loop
      vertex 61.0241 25.4901 0
      vertex 34.9615 25.7841 0
      vertex 61.0961 25.9755 0
    endloop
  endfacet
  facet normal 0 0 -1
    outer loop
      vertex 34.8463 26.5607 0
      vertex 61.0961 25.9755 0
      vertex 34.9615 25.7841 0
    endloop
  endfacet
  facet normal 0 0 -1
    outer loop
      vertex 61.0961 25.9755 0
      vertex 34.8463 26.5607 0
      vertex 61.2153 26.4514 0
    endloop
  endfacet
  facet normal 0 0 -1
    outer loop
      vertex 34.6555 27.3223 0
      vertex 61.2153 26.4514 0
      vertex 34.8463 26.5607 0
    endloop
  endfacet
  facet normal 0 0 -1
    outer loop
      vertex 61.2153 26.4514 0
      vertex 34.6555 27.3223 0
      vertex 61.3806 26.9134 0
    endloop
  endfacet
  facet normal 0 0 -1
    outer loop
      vertex 34.391 28.0615 0
      vertex 61.3806 26.9134 0
      vertex 34.6555 27.3223 0
    endloop
  endfacet
  facet normal 0 0 -1
    outer loop
      vertex 61.3806 26.9134 0
      vertex 34.391 28.0615 0
      vertex 61.5904 27.357 0
    endloop
  endfacet
  facet normal 0 0 -1
    outer loop
      vertex 34.0554 28.7712 0
      vertex 61.5904 27.357 0
      vertex 34.391 28.0615 0
    endloop
  endfacet
  facet normal 0 0 -1
    outer loop
      vertex 61.5904 27.357 0
      vertex 34.0554 28.7712 0
      vertex 61.8427 27.7779 0
    endloop
  endfacet
  facet normal 0 0 -1
    outer loop
      vertex 33.6518 29.4446 0
      vertex 61.8427 27.7779 0
      vertex 34.0554 28.7712 0
    endloop
  endfacet
  facet normal 0 0 -1
    outer loop
      vertex 61.8427 27.7779 0
      vertex 33.6518 29.4446 0
      vertex 62.1349 28.172 0
    endloop
  endfacet
  facet normal 0 0 -1
    outer loop
      vertex 62.1349 28.172 0
      vertex 33.6518 29.4446 0
      vertex 62.4645 28.5355 0
    endloop
  endfacet
  facet normal 0 0 -1
    outer loop
      vertex 33.1841 30.0751 0
      vertex 62.4645 28.5355 0
      vertex 33.6518 29.4446 0
    endloop
  endfacet
  facet normal 0 0 -1
    outer loop
      vertex 62.4645 28.5355 0
      vertex 33.1841 30.0751 0
      vertex 62.828 28.8651 0
    endloop
  endfacet
  facet normal 0 0 -1
    outer loop
      vertex 32.6569 30.6569 0
      vertex 62.828 28.8651 0
      vertex 33.1841 30.0751 0
    endloop
  endfacet
  facet normal 0 0 -1
    outer loop
      vertex 63.2221 29.1573 0
      vertex 32.6569 30.6569 0
      vertex 32.0751 31.1841 0
    endloop
  endfacet
  facet normal 0 0 -1
    outer loop
      vertex 63.643 29.4096 0
      vertex 32.0751 31.1841 0
      vertex 31.4446 31.6518 0
    endloop
  endfacet
  facet normal 0 0 -1
    outer loop
      vertex 64.0866 29.6194 0
      vertex 31.4446 31.6518 0
      vertex 30.7712 32.0554 0
    endloop
  endfacet
  facet normal 0 0 -1
    outer loop
      vertex 30.0615 32.391 0
      vertex 83.4926 44.2371 0
      vertex 30.7712 32.0554 0
    endloop
  endfacet
  facet normal -0 0 -1
    outer loop
      vertex 83.4926 44.2371 0
      vertex 30.0615 32.391 0
      vertex 88 50 0
    endloop
  endfacet
  facet normal 0 0 -1
    outer loop
      vertex 29.3223 32.6555 0
      vertex 88 50 0
      vertex 30.0615 32.391 0
    endloop
  endfacet
  facet normal 0 0 -1
    outer loop
      vertex 4 50 0
      vertex 29.3223 32.6555 0
      vertex 28.5607 32.8463 0
    endloop
  endfacet
  facet normal 0 0 -1
    outer loop
      vertex 8.50737 44.2371 0
      vertex 28.5607 32.8463 0
      vertex 27.7841 32.9615 0
    endloop
  endfacet
  facet normal 0 0 -1
    outer loop
      vertex 8.62137 44.0834 0
      vertex 27.7841 32.9615 0
      vertex 27 33 0
    endloop
  endfacet
  facet normal 0 0 -1
    outer loop
      vertex 8.80156 43.7462 0
      vertex 27 33 0
      vertex 26.2159 32.9615 0
    endloop
  endfacet
  facet normal 0 0 -1
    outer loop
      vertex 8.86603 43.5661 0
      vertex 26.2159 32.9615 0
      vertex 25.4393 32.8463 0
    endloop
  endfacet
  facet normal 0 0 -1
    outer loop
      vertex 8.91253 43.3804 0
      vertex 25.4393 32.8463 0
      vertex 24.6777 32.6555 0
    endloop
  endfacet
  facet normal 0 0 -1
    outer loop
      vertex 8.37886 8.37886 0
      vertex 20.8159 19.9249 0
      vertex 8.50737 8.23707 0
    endloop
  endfacet
  facet normal 0 0 -1
    outer loop
      vertex 19 25 0
      vertex 8.95 43 0
      vertex 19.0385 25.7841 0
    endloop
  endfacet
  facet normal 0 0 -1
    outer loop
      vertex 19.0385 25.7841 0
      vertex 8.95 43 0
      vertex 19.1537 26.5607 0
    endloop
  endfacet
  facet normal 0 0 -1
    outer loop
      vertex 19.1537 26.5607 0
      vertex 8.95 43 0
      vertex 19.3445 27.3223 0
    endloop
  endfacet
  facet normal 0 0 -1
    outer loop
      vertex 19.3445 27.3223 0
      vertex 8.95 43 0
      vertex 19.609 28.0615 0
    endloop
  endfacet
  facet normal 0 0 -1
    outer loop
      vertex 19.609 28.0615 0
      vertex 8.95 43 0
      vertex 19.9446 28.7712 0
    endloop
  endfacet
  facet normal 0 0 -1
    outer loop
      vertex 8.95 43 0
      vertex 20.3482 29.4446 0
      vertex 19.9446 28.7712 0
    endloop
  endfacet
  facet normal 0 0 -1
    outer loop
      vertex 8.95 43 0
      vertex 20.8159 30.0751 0
      vertex 20.3482 29.4446 0
    endloop
  endfacet
  facet normal 0 0 -1
    outer loop
      vertex 8.95 43 0
      vertex 21.3431 30.6569 0
      vertex 20.8159 30.0751 0
    endloop
  endfacet
  facet normal 0 0 -1
    outer loop
      vertex 8.95 43 0
      vertex 21.9249 31.1841 0
      vertex 21.3431 30.6569 0
    endloop
  endfacet
  facet normal 0 0 -1
    outer loop
      vertex 8.95 43 0
      vertex 22.5554 31.6518 0
      vertex 21.9249 31.1841 0
    endloop
  endfacet
  facet normal 0 0 -1
    outer loop
      vertex 8.95 43 0
      vertex 23.2288 32.0554 0
      vertex 22.5554 31.6518 0
    endloop
  endfacet
  facet normal 0 0 -1
    outer loop
      vertex 8.95 43 0
      vertex 23.9385 32.391 0
      vertex 23.2288 32.0554 0
    endloop
  endfacet
  facet normal 0 0 -1
    outer loop
      vertex 8.95 43 0
      vertex 24.6777 32.6555 0
      vertex 23.9385 32.391 0
    endloop
  endfacet
  facet normal 0 0 -1
    outer loop
      vertex 8.94061 43.1911 0
      vertex 24.6777 32.6555 0
      vertex 8.95 43 0
    endloop
  endfacet
  facet normal 0 0 -1
    outer loop
      vertex 8.91253 43.3804 0
      vertex 24.6777 32.6555 0
      vertex 8.94061 43.1911 0
    endloop
  endfacet
  facet normal 0 0 -1
    outer loop
      vertex 25.4393 32.8463 0
      vertex 8.91253 43.3804 0
      vertex 8.86603 43.5661 0
    endloop
  endfacet
  facet normal 0 0 -1
    outer loop
      vertex 26.2159 32.9615 0
      vertex 8.86603 43.5661 0
      vertex 8.80156 43.7462 0
    endloop
  endfacet
  facet normal 0 0 -1
    outer loop
      vertex 27 33 0
      vertex 8.80156 43.7462 0
      vertex 8.71975 43.9192 0
    endloop
  endfacet
  facet normal 0 0 -1
    outer loop
      vertex 27 33 0
      vertex 8.71975 43.9192 0
      vertex 8.62137 44.0834 0
    endloop
  endfacet
  facet normal 0 0 -1
    outer loop
      vertex 27.7841 32.9615 0
      vertex 8.62137 44.0834 0
      vertex 8.50737 44.2371 0
    endloop
  endfacet
  facet normal 0 0 -1
    outer loop
      vertex 28.5607 32.8463 0
      vertex 8.50737 44.2371 0
      vertex 8.37886 44.3789 0
    endloop
  endfacet
  facet normal 0 0 -1
    outer loop
      vertex 28.5607 32.8463 0
      vertex 8.37886 44.3789 0
      vertex 4 50 0
    endloop
  endfacet
  facet normal 0 0 -1
    outer loop
      vertex 4 50 0
      vertex 8.37886 44.3789 0
      vertex 8.23707 44.5074 0
    endloop
  endfacet
  facet normal 0 0 -1
    outer loop
      vertex 4 50 0
      vertex 8.23707 44.5074 0
      vertex 8.08336 44.6214 0
    endloop
  endfacet
  facet normal 0 0 -1
    outer loop
      vertex 4 50 0
      vertex 8.08336 44.6214 0
      vertex 7.91922 44.7197 0
    endloop
  endfacet
  facet normal 0 0 -1
    outer loop
      vertex 4 50 0
      vertex 7.91922 44.7197 0
      vertex 7.74623 44.8016 0
    endloop
  endfacet
  facet normal 0 0 -1
    outer loop
      vertex 4 50 0
      vertex 7.74623 44.8016 0
      vertex 7.56605 44.866 0
    endloop
  endfacet
  facet normal 0 0 -1
    outer loop
      vertex 4 50 0
      vertex 7.56605 44.866 0
      vertex 7.38043 44.9125 0
    endloop
  endfacet
  facet normal 0 0 -1
    outer loop
      vertex 4 50 0
      vertex 7.38043 44.9125 0
      vertex 7.19113 44.9406 0
    endloop
  endfacet
  facet normal 0 0 -1
    outer loop
      vertex 4 50 0
      vertex 7.19113 44.9406 0
      vertex 7 44.95 0
    endloop
  endfacet
  facet normal 0 0 -1
    outer loop
      vertex 4 50 0
      vertex 7 44.95 0
      vertex 6.80887 44.9406 0
    endloop
  endfacet
  facet normal 0 0 -1
    outer loop
      vertex 29.3223 32.6555 0
      vertex 4 50 0
      vertex 88 50 0
    endloop
  endfacet
  facet normal 0 0 -1
    outer loop
      vertex 6.61957 44.9125 0
      vertex 4 50 0
      vertex 6.80887 44.9406 0
    endloop
  endfacet
  facet normal 0 0 -1
    outer loop
      vertex 6.43394 44.866 0
      vertex 4 50 0
      vertex 6.61957 44.9125 0
    endloop
  endfacet
  facet normal 0 0 -1
    outer loop
      vertex 6.25377 44.8016 0
      vertex 4 50 0
      vertex 6.43394 44.866 0
    endloop
  endfacet
  facet normal 0 0 -1
    outer loop
      vertex 6.08078 44.7197 0
      vertex 4 50 0
      vertex 6.25377 44.8016 0
    endloop
  endfacet
  facet normal 0 0 -1
    outer loop
      vertex 5.91664 44.6214 0
      vertex 4 50 0
      vertex 6.08078 44.7197 0
    endloop
  endfacet
  facet normal 0 0 -1
    outer loop
      vertex 5.76293 44.5074 0
      vertex 4 50 0
      vertex 5.91664 44.6214 0
    endloop
  endfacet
  facet normal 0 0 -1
    outer loop
      vertex 2.11441 49.5277 0
      vertex 5.76293 44.5074 0
      vertex 5.62114 44.3789 0
    endloop
  endfacet
  facet normal 0 0 -1
    outer loop
      vertex 0.472305 47.8856 0
      vertex 5.62114 44.3789 0
      vertex 5.49263 44.2371 0
    endloop
  endfacet
  facet normal 0 0 -1
    outer loop
      vertex 0 46 0
      vertex 5.49263 44.2371 0
      vertex 5.37863 44.0834 0
    endloop
  endfacet
  facet normal 0 0 -1
    outer loop
      vertex 0 46 0
      vertex 5.37863 44.0834 0
      vertex 5.28025 43.9192 0
    endloop
  endfacet
  facet normal 0 0 -1
    outer loop
      vertex 0 46 0
      vertex 5.28025 43.9192 0
      vertex 5.19843 43.7462 0
    endloop
  endfacet
  facet normal 0 0 -1
    outer loop
      vertex 0 46 0
      vertex 5.19843 43.7462 0
      vertex 5.13397 43.5661 0
    endloop
  endfacet
  facet normal 0 0 -1
    outer loop
      vertex 0 46 0
      vertex 5.13397 43.5661 0
      vertex 5.08747 43.3804 0
    endloop
  endfacet
  facet normal 0 0 -1
    outer loop
      vertex 0 46 0
      vertex 5.08747 43.3804 0
      vertex 5.05939 43.1911 0
    endloop
  endfacet
  facet normal 0 0 -1
    outer loop
      vertex 0 46 0
      vertex 5.05939 43.1911 0
      vertex 5.05 43 0
    endloop
  endfacet
  facet normal 0 0 -1
    outer loop
      vertex 5.13397 42.4339 0
      vertex 0 46 0
      vertex 5.08747 42.6196 0
    endloop
  endfacet
  facet normal 0 0 -1
    outer loop
      vertex 0.674118 1.77771 0
      vertex 5.62114 5.62114 0
      vertex 0.907944 1.46242 0
    endloop
  endfacet
  facet normal 0 0 -1
    outer loop
      vertex 5.08747 42.6196 0
      vertex 0 46 0
      vertex 5.05939 42.8089 0
    endloop
  endfacet
  facet normal 0 0 -1
    outer loop
      vertex 0.472305 2.11441 0
      vertex 5.62114 5.62114 0
      vertex 0.674118 1.77771 0
    endloop
  endfacet
  facet normal 0 0 -1
    outer loop
      vertex 5.05939 42.8089 0
      vertex 0 46 0
      vertex 5.05 43 0
    endloop
  endfacet
  facet normal -0 0 -1
    outer loop
      vertex 5.62114 5.62114 0
      vertex 0.472305 2.11441 0
      vertex 5.49263 5.76293 0
    endloop
  endfacet
  facet normal 0 0 -1
    outer loop
      vertex 5.49263 44.2371 0
      vertex 0 46 0
      vertex 0.0192566 46.3921 0
    endloop
  endfacet
  facet normal 0 0 -1
    outer loop
      vertex 0.304474 2.46925 0
      vertex 5.49263 5.76293 0
      vertex 0.472305 2.11441 0
    endloop
  endfacet
  facet normal 0 0 -1
    outer loop
      vertex 5.76293 44.5074 0
      vertex 3.60793 49.9807 0
      vertex 4 50 0
    endloop
  endfacet
  facet normal 0 0 -1
    outer loop
      vertex 0.172226 2.83885 0
      vertex 5.49263 5.76293 0
      vertex 0.304474 2.46925 0
    endloop
  endfacet
  facet normal 0 0 -1
    outer loop
      vertex 5.76293 44.5074 0
      vertex 3.21964 49.9231 0
      vertex 3.60793 49.9807 0
    endloop
  endfacet
  facet normal 0 0 -1
    outer loop
      vertex 0.0768585 3.21964 0
      vertex 5.49263 5.76293 0
      vertex 0.172226 2.83885 0
    endloop
  endfacet
  facet normal 0 0 -1
    outer loop
      vertex 5.76293 44.5074 0
      vertex 2.83885 49.8278 0
      vertex 3.21964 49.9231 0
    endloop
  endfacet
  facet normal 0 0 -1
    outer loop
      vertex 0.0192566 3.60793 0
      vertex 5.49263 5.76293 0
      vertex 0.0768585 3.21964 0
    endloop
  endfacet
  facet normal 0 0 -1
    outer loop
      vertex 5.76293 44.5074 0
      vertex 2.46925 49.6955 0
      vertex 2.83885 49.8278 0
    endloop
  endfacet
  facet normal 0 0 -1
    outer loop
      vertex 0 4 0
      vertex 5.49263 5.76293 0
      vertex 0.0192566 3.60793 0
    endloop
  endfacet
  facet normal 0 0 -1
    outer loop
      vertex 5.76293 44.5074 0
      vertex 2.11441 49.5277 0
      vertex 2.46925 49.6955 0
    endloop
  endfacet
  facet normal -0 0 -1
    outer loop
      vertex 5.49263 5.76293 0
      vertex 0 4 0
      vertex 5.37863 5.91664 0
    endloop
  endfacet
  facet normal 0 0 -1
    outer loop
      vertex 5.62114 44.3789 0
      vertex 1.77771 49.3259 0
      vertex 2.11441 49.5277 0
    endloop
  endfacet
  facet normal -0 0 -1
    outer loop
      vertex 5.37863 5.91664 0
      vertex 0 4 0
      vertex 5.28025 6.08078 0
    endloop
  endfacet
  facet normal 0 0 -1
    outer loop
      vertex 5.62114 44.3789 0
      vertex 1.46242 49.092 0
      vertex 1.77771 49.3259 0
    endloop
  endfacet
  facet normal -0 0 -1
    outer loop
      vertex 5.28025 6.08078 0
      vertex 0 4 0
      vertex 5.19843 6.25377 0
    endloop
  endfacet
  facet normal 0 0 -1
    outer loop
      vertex 5.62114 44.3789 0
      vertex 1.17157 48.8284 0
      vertex 1.46242 49.092 0
    endloop
  endfacet
  facet normal -0 0 -1
    outer loop
      vertex 5.19843 6.25377 0
      vertex 0 4 0
      vertex 5.13397 6.43394 0
    endloop
  endfacet
  facet normal 0 0 -1
    outer loop
      vertex 5.62114 44.3789 0
      vertex 0.907944 48.5376 0
      vertex 1.17157 48.8284 0
    endloop
  endfacet
  facet normal -0 0 -1
    outer loop
      vertex 5.13397 6.43394 0
      vertex 0 4 0
      vertex 5.08747 6.61957 0
    endloop
  endfacet
  facet normal 0 0 -1
    outer loop
      vertex 5.62114 44.3789 0
      vertex 0.674118 48.2223 0
      vertex 0.907944 48.5376 0
    endloop
  endfacet
  facet normal -0 0 -1
    outer loop
      vertex 5.08747 6.61957 0
      vertex 0 4 0
      vertex 5.05939 6.80887 0
    endloop
  endfacet
  facet normal 0 0 -1
    outer loop
      vertex 5.62114 44.3789 0
      vertex 0.472305 47.8856 0
      vertex 0.674118 48.2223 0
    endloop
  endfacet
  facet normal -0 0 -1
    outer loop
      vertex 5.05939 6.80887 0
      vertex 0 4 0
      vertex 5.05 7 0
    endloop
  endfacet
  facet normal 0 0 -1
    outer loop
      vertex 5.49263 44.2371 0
      vertex 0.304474 47.5307 0
      vertex 0.472305 47.8856 0
    endloop
  endfacet
  facet normal -0 0 -1
    outer loop
      vertex 5.13397 7.56605 0
      vertex 0 4 0
      vertex 0 15 0
    endloop
  endfacet
  facet normal 0 0 -1
    outer loop
      vertex 5.49263 44.2371 0
      vertex 0.172226 47.1611 0
      vertex 0.304474 47.5307 0
    endloop
  endfacet
  facet normal 0 0 -1
    outer loop
      vertex 5.49263 44.2371 0
      vertex 0.0768585 46.7803 0
      vertex 0.172226 47.1611 0
    endloop
  endfacet
  facet normal 0 0 -1
    outer loop
      vertex 5.49263 44.2371 0
      vertex 0.0192566 46.3921 0
      vertex 0.0768585 46.7803 0
    endloop
  endfacet
  facet normal 0 0 -1
    outer loop
      vertex 98.591 19.409 0
      vertex 102 18 0
      vertex 101.986 17.7059 0
    endloop
  endfacet
  facet normal 0 0 -1
    outer loop
      vertex 102 18 0
      vertex 99.25 21 0
      vertex 102 32 0
    endloop
  endfacet
  facet normal 0 0 -1
    outer loop
      vertex 98.591 19.409 0
      vertex 101.986 17.7059 0
      vertex 101.942 17.4147 0
    endloop
  endfacet
  facet normal 0 0 -1
    outer loop
      vertex 99.25 29 0
      vertex 102 32 0
      vertex 99.25 21 0
    endloop
  endfacet
  facet normal 0 0 -1
    outer loop
      vertex 98.4274 19.2607 0
      vertex 101.942 17.4147 0
      vertex 101.871 17.1291 0
    endloop
  endfacet
  facet normal 0 0 -1
    outer loop
      vertex 99.2392 29.2205 0
      vertex 102 32 0
      vertex 99.25 29 0
    endloop
  endfacet
  facet normal 0 0 -1
    outer loop
      vertex 98.4274 19.2607 0
      vertex 101.871 17.1291 0
      vertex 101.772 16.8519 0
    endloop
  endfacet
  facet normal 0 0 -1
    outer loop
      vertex 99.2068 29.439 0
      vertex 102 32 0
      vertex 99.2392 29.2205 0
    endloop
  endfacet
  facet normal 0 0 -1
    outer loop
      vertex 98.4274 19.2607 0
      vertex 101.772 16.8519 0
      vertex 101.646 16.5858 0
    endloop
  endfacet
  facet normal 0 0 -1
    outer loop
      vertex 99.1531 29.6531 0
      vertex 102 32 0
      vertex 99.2068 29.439 0
    endloop
  endfacet
  facet normal 0 0 -1
    outer loop
      vertex 98.4274 19.2607 0
      vertex 101.646 16.5858 0
      vertex 101.494 16.3333 0
    endloop
  endfacet
  facet normal 0 0 -1
    outer loop
      vertex 99.0787 29.861 0
      vertex 102 32 0
      vertex 99.1531 29.6531 0
    endloop
  endfacet
  facet normal 0 0 -1
    outer loop
      vertex 98.4274 19.2607 0
      vertex 101.494 16.3333 0
      vertex 101.319 16.0968 0
    endloop
  endfacet
  facet normal 0 0 -1
    outer loop
      vertex 98.9843 30.0606 0
      vertex 102 32 0
      vertex 99.0787 29.861 0
    endloop
  endfacet
  facet normal 0 0 -1
    outer loop
      vertex 98.4274 19.2607 0
      vertex 101.319 16.0968 0
      vertex 101.121 15.8787 0
    endloop
  endfacet
  facet normal 0 0 -1
    outer loop
      vertex 98.8708 30.25 0
      vertex 102 32 0
      vertex 98.9843 30.0606 0
    endloop
  endfacet
  facet normal 0 0 -1
    outer loop
      vertex 98.25 19.1292 0
      vertex 101.121 15.8787 0
      vertex 100.903 15.681 0
    endloop
  endfacet
  facet normal 0 0 -1
    outer loop
      vertex 98.7393 30.4274 0
      vertex 102 32 0
      vertex 98.8708 30.25 0
    endloop
  endfacet
  facet normal 0 0 -1
    outer loop
      vertex 98.25 19.1292 0
      vertex 100.903 15.681 0
      vertex 100.667 15.5056 0
    endloop
  endfacet
  facet normal 0 0 -1
    outer loop
      vertex 98.591 30.591 0
      vertex 102 32 0
      vertex 98.7393 30.4274 0
    endloop
  endfacet
  facet normal 0 0 -1
    outer loop
      vertex 98.25 19.1292 0
      vertex 100.667 15.5056 0
      vertex 100.414 15.3542 0
    endloop
  endfacet
  facet normal -0 0 -1
    outer loop
      vertex 102 32 0
      vertex 98.591 30.591 0
      vertex 101.986 32.294 0
    endloop
  endfacet
  facet normal 0 0 -1
    outer loop
      vertex 98.25 19.1292 0
      vertex 100.414 15.3542 0
      vertex 100.148 15.2283 0
    endloop
  endfacet
  facet normal -0 0 -1
    outer loop
      vertex 101.986 32.294 0
      vertex 98.591 30.591 0
      vertex 101.942 32.5853 0
    endloop
  endfacet
  facet normal 0 0 -1
    outer loop
      vertex 98.25 19.1292 0
      vertex 100.148 15.2283 0
      vertex 99.8708 15.1292 0
    endloop
  endfacet
  facet normal 0 0 -1
    outer loop
      vertex 98.4274 30.7393 0
      vertex 101.942 32.5853 0
      vertex 98.591 30.591 0
    endloop
  endfacet
  facet normal 0 0 -1
    outer loop
      vertex 98.0606 19.0157 0
      vertex 99.8708 15.1292 0
      vertex 99.5853 15.0576 0
    endloop
  endfacet
  facet normal -0 0 -1
    outer loop
      vertex 101.942 32.5853 0
      vertex 98.4274 30.7393 0
      vertex 101.871 32.8708 0
    endloop
  endfacet
  facet normal 0 0 -1
    outer loop
      vertex 98.0606 19.0157 0
      vertex 99.5853 15.0576 0
      vertex 99.294 15.0144 0
    endloop
  endfacet
  facet normal -0 0 -1
    outer loop
      vertex 101.871 32.8708 0
      vertex 98.4274 30.7393 0
      vertex 101.772 33.148 0
    endloop
  endfacet
  facet normal -0 0 -1
    outer loop
      vertex 101.772 33.148 0
      vertex 98.4274 30.7393 0
      vertex 101.646 33.4142 0
    endloop
  endfacet
  facet normal 0 0 -1
    outer loop
      vertex 102 18 0
      vertex 99.2392 20.7795 0
      vertex 99.25 21 0
    endloop
  endfacet
  facet normal 0 0 -1
    outer loop
      vertex 102 18 0
      vertex 99.2068 20.561 0
      vertex 99.2392 20.7795 0
    endloop
  endfacet
  facet normal 0 0 -1
    outer loop
      vertex 102 18 0
      vertex 99.1531 20.3469 0
      vertex 99.2068 20.561 0
    endloop
  endfacet
  facet normal 0 0 -1
    outer loop
      vertex 102 18 0
      vertex 99.0787 20.139 0
      vertex 99.1531 20.3469 0
    endloop
  endfacet
  facet normal 0 0 -1
    outer loop
      vertex 98.0606 19.0157 0
      vertex 99.294 15.0144 0
      vertex 99 15 0
    endloop
  endfacet
  facet normal 0 0 -1
    outer loop
      vertex 102 18 0
      vertex 98.9843 19.9394 0
      vertex 99.0787 20.139 0
    endloop
  endfacet
  facet normal 0 0 -1
    outer loop
      vertex 102 18 0
      vertex 98.8708 19.75 0
      vertex 98.9843 19.9394 0
    endloop
  endfacet
  facet normal 0 0 -1
    outer loop
      vertex 102 18 0
      vertex 98.7393 19.5726 0
      vertex 98.8708 19.75 0
    endloop
  endfacet
  facet normal 0 0 -1
    outer loop
      vertex 102 18 0
      vertex 98.591 19.409 0
      vertex 98.7393 19.5726 0
    endloop
  endfacet
  facet normal 0 0 -1
    outer loop
      vertex 101.942 17.4147 0
      vertex 98.4274 19.2607 0
      vertex 98.591 19.409 0
    endloop
  endfacet
  facet normal 0 0 -1
    outer loop
      vertex 101.121 15.8787 0
      vertex 98.25 19.1292 0
      vertex 98.4274 19.2607 0
    endloop
  endfacet
  facet normal 0 0 -1
    outer loop
      vertex 99.8708 15.1292 0
      vertex 98.0606 19.0157 0
      vertex 98.25 19.1292 0
    endloop
  endfacet
  facet normal 0 0 -1
    outer loop
      vertex 99 15 0
      vertex 97.861 18.9213 0
      vertex 98.0606 19.0157 0
    endloop
  endfacet
  facet normal 0 0 -1
    outer loop
      vertex 99 15 0
      vertex 97.6531 18.8469 0
      vertex 97.861 18.9213 0
    endloop
  endfacet
  facet normal 0 0 -1
    outer loop
      vertex 99 15 0
      vertex 97.4389 18.7932 0
      vertex 97.6531 18.8469 0
    endloop
  endfacet
  facet normal 0 0 -1
    outer loop
      vertex 99 15 0
      vertex 97.2205 18.7608 0
      vertex 97.4389 18.7932 0
    endloop
  endfacet
  facet normal 0 0 -1
    outer loop
      vertex 99 15 0
      vertex 97 18.75 0
      vertex 97.2205 18.7608 0
    endloop
  endfacet
  facet normal 0 0 -1
    outer loop
      vertex 99 15 0
      vertex 96.7795 18.7608 0
      vertex 97 18.75 0
    endloop
  endfacet
  facet normal 0 0 -1
    outer loop
      vertex 99 15 0
      vertex 96.5611 18.7932 0
      vertex 96.7795 18.7608 0
    endloop
  endfacet
  facet normal 0 0 -1
    outer loop
      vertex 99 15 0
      vertex 96.3469 18.8469 0
      vertex 96.5611 18.7932 0
    endloop
  endfacet
  facet normal 0 0 -1
    outer loop
      vertex 92 15 0
      vertex 96.3469 18.8469 0
      vertex 99 15 0
    endloop
  endfacet
  facet normal -0 0 -1
    outer loop
      vertex 96.3469 18.8469 0
      vertex 92 15 0
      vertex 96.139 18.9213 0
    endloop
  endfacet
  facet normal -0 0 -1
    outer loop
      vertex 96.139 18.9213 0
      vertex 92 15 0
      vertex 95.9394 19.0157 0
    endloop
  endfacet
  facet normal -0 0 -1
    outer loop
      vertex 95.9394 19.0157 0
      vertex 92 15 0
      vertex 95.75 19.1292 0
    endloop
  endfacet
  facet normal -0 0 -1
    outer loop
      vertex 95.75 19.1292 0
      vertex 92 15 0
      vertex 95.5726 19.2607 0
    endloop
  endfacet
  facet normal -0 0 -1
    outer loop
      vertex 95.5726 19.2607 0
      vertex 92 15 0
      vertex 95.409 19.409 0
    endloop
  endfacet
  facet normal -0 0 -1
    outer loop
      vertex 94.75 21 0
      vertex 92 15 0
      vertex 94.75 29 0
    endloop
  endfacet
  facet normal -0 0 -1
    outer loop
      vertex 94.7608 20.7795 0
      vertex 92 15 0
      vertex 94.75 21 0
    endloop
  endfacet
  facet normal -0 0 -1
    outer loop
      vertex 94.7932 20.561 0
      vertex 92 15 0
      vertex 94.7608 20.7795 0
    endloop
  endfacet
  facet normal -0 0 -1
    outer loop
      vertex 94.8469 20.3469 0
      vertex 92 15 0
      vertex 94.7932 20.561 0
    endloop
  endfacet
  facet normal -0 0 -1
    outer loop
      vertex 94.9213 20.139 0
      vertex 92 15 0
      vertex 94.8469 20.3469 0
    endloop
  endfacet
  facet normal -0 0 -1
    outer loop
      vertex 95.0157 19.9394 0
      vertex 92 15 0
      vertex 94.9213 20.139 0
    endloop
  endfacet
  facet normal -0 0 -1
    outer loop
      vertex 95.1292 19.75 0
      vertex 92 15 0
      vertex 95.0157 19.9394 0
    endloop
  endfacet
  facet normal -0 0 -1
    outer loop
      vertex 95.2607 19.5726 0
      vertex 92 15 0
      vertex 95.1292 19.75 0
    endloop
  endfacet
  facet normal -0 0 -1
    outer loop
      vertex 95.409 19.409 0
      vertex 92 15 0
      vertex 95.2607 19.5726 0
    endloop
  endfacet
  facet normal -0 0 -1
    outer loop
      vertex 101.646 33.4142 0
      vertex 98.4274 30.7393 0
      vertex 101.494 33.6667 0
    endloop
  endfacet
  facet normal -0 0 -1
    outer loop
      vertex 101.494 33.6667 0
      vertex 98.4274 30.7393 0
      vertex 101.319 33.9032 0
    endloop
  endfacet
  facet normal -0 0 -1
    outer loop
      vertex 101.319 33.9032 0
      vertex 98.4274 30.7393 0
      vertex 101.121 34.1213 0
    endloop
  endfacet
  facet normal 0 0 -1
    outer loop
      vertex 98.25 30.8708 0
      vertex 101.121 34.1213 0
      vertex 98.4274 30.7393 0
    endloop
  endfacet
  facet normal -0 0 -1
    outer loop
      vertex 101.121 34.1213 0
      vertex 98.25 30.8708 0
      vertex 100.903 34.319 0
    endloop
  endfacet
  facet normal -0 0 -1
    outer loop
      vertex 100.903 34.319 0
      vertex 98.25 30.8708 0
      vertex 100.667 34.4944 0
    endloop
  endfacet
  facet normal -0 0 -1
    outer loop
      vertex 100.667 34.4944 0
      vertex 98.25 30.8708 0
      vertex 100.414 34.6458 0
    endloop
  endfacet
  facet normal -0 0 -1
    outer loop
      vertex 100.414 34.6458 0
      vertex 98.25 30.8708 0
      vertex 100.148 34.7716 0
    endloop
  endfacet
  facet normal -0 0 -1
    outer loop
      vertex 100.148 34.7716 0
      vertex 98.25 30.8708 0
      vertex 99.8708 34.8708 0
    endloop
  endfacet
  facet normal 0 0 -1
    outer loop
      vertex 98.0606 30.9843 0
      vertex 99.8708 34.8708 0
      vertex 98.25 30.8708 0
    endloop
  endfacet
  facet normal -0 0 -1
    outer loop
      vertex 99.8708 34.8708 0
      vertex 98.0606 30.9843 0
      vertex 99.5853 34.9424 0
    endloop
  endfacet
  facet normal -0 0 -1
    outer loop
      vertex 99.5853 34.9424 0
      vertex 98.0606 30.9843 0
      vertex 99.294 34.9855 0
    endloop
  endfacet
  facet normal -0 0 -1
    outer loop
      vertex 99.294 34.9855 0
      vertex 98.0606 30.9843 0
      vertex 99 35 0
    endloop
  endfacet
  facet normal 0 0 -1
    outer loop
      vertex 97.861 31.0787 0
      vertex 99 35 0
      vertex 98.0606 30.9843 0
    endloop
  endfacet
  facet normal 0 0 -1
    outer loop
      vertex 97.6531 31.1531 0
      vertex 99 35 0
      vertex 97.861 31.0787 0
    endloop
  endfacet
  facet normal 0 0 -1
    outer loop
      vertex 97.4389 31.2068 0
      vertex 99 35 0
      vertex 97.6531 31.1531 0
    endloop
  endfacet
  facet normal 0 0 -1
    outer loop
      vertex 97.2205 31.2392 0
      vertex 99 35 0
      vertex 97.4389 31.2068 0
    endloop
  endfacet
  facet normal 0 0 -1
    outer loop
      vertex 97 31.25 0
      vertex 99 35 0
      vertex 97.2205 31.2392 0
    endloop
  endfacet
  facet normal 0 0 -1
    outer loop
      vertex 96.7795 31.2392 0
      vertex 99 35 0
      vertex 97 31.25 0
    endloop
  endfacet
  facet normal 0 0 -1
    outer loop
      vertex 96.5611 31.2068 0
      vertex 99 35 0
      vertex 96.7795 31.2392 0
    endloop
  endfacet
  facet normal 0 0 -1
    outer loop
      vertex 96.3469 31.1531 0
      vertex 99 35 0
      vertex 96.5611 31.2068 0
    endloop
  endfacet
  facet normal 0 0 -1
    outer loop
      vertex 92 35 0
      vertex 96.3469 31.1531 0
      vertex 96.139 31.0787 0
    endloop
  endfacet
  facet normal 0 0 -1
    outer loop
      vertex 92 35 0
      vertex 96.139 31.0787 0
      vertex 95.9394 30.9843 0
    endloop
  endfacet
  facet normal 0 0 -1
    outer loop
      vertex 92 35 0
      vertex 95.9394 30.9843 0
      vertex 95.75 30.8708 0
    endloop
  endfacet
  facet normal 0 0 -1
    outer loop
      vertex 92 35 0
      vertex 95.75 30.8708 0
      vertex 95.5726 30.7393 0
    endloop
  endfacet
  facet normal 0 0 -1
    outer loop
      vertex 92 35 0
      vertex 95.5726 30.7393 0
      vertex 95.409 30.591 0
    endloop
  endfacet
  facet normal 0 0 -1
    outer loop
      vertex 92 35 0
      vertex 95.409 30.591 0
      vertex 95.2607 30.4274 0
    endloop
  endfacet
  facet normal 0 0 -1
    outer loop
      vertex 92 35 0
      vertex 94.75 29 0
      vertex 92 15 0
    endloop
  endfacet
  facet normal 0 0 -1
    outer loop
      vertex 94.75 29 0
      vertex 92 35 0
      vertex 94.7608 29.2205 0
    endloop
  endfacet
  facet normal 0 0 -1
    outer loop
      vertex 96.3469 31.1531 0
      vertex 92 35 0
      vertex 99 35 0
    endloop
  endfacet
  facet normal 0 0 -1
    outer loop
      vertex 95.1292 30.25 0
      vertex 92 35 0
      vertex 95.2607 30.4274 0
    endloop
  endfacet
  facet normal 0 0 -1
    outer loop
      vertex 95.0157 30.0606 0
      vertex 92 35 0
      vertex 95.1292 30.25 0
    endloop
  endfacet
  facet normal 0 0 -1
    outer loop
      vertex 94.9213 29.861 0
      vertex 92 35 0
      vertex 95.0157 30.0606 0
    endloop
  endfacet
  facet normal 0 0 -1
    outer loop
      vertex 94.8469 29.6531 0
      vertex 92 35 0
      vertex 94.9213 29.861 0
    endloop
  endfacet
  facet normal 0 0 -1
    outer loop
      vertex 94.7932 29.439 0
      vertex 92 35 0
      vertex 94.8469 29.6531 0
    endloop
  endfacet
  facet normal 0 0 -1
    outer loop
      vertex 94.7608 29.2205 0
      vertex 92 35 0
      vertex 94.7932 29.439 0
    endloop
  endfacet
  facet normal -0.989175 -0.146742 0
    outer loop
      vertex 0.0768585 3.21964 0
      vertex 0.0192566 3.60793 4
      vertex 0.0192566 3.60793 0
    endloop
  endfacet
  facet normal -0.989175 -0.146742 0
    outer loop
      vertex 0.0192566 3.60793 4
      vertex 0.0768585 3.21964 0
      vertex 0.0768585 3.21964 4
    endloop
  endfacet
  facet normal -1 0 0
    outer loop
      vertex 0 4 0
      vertex 0 15 4
      vertex 0 15 0
    endloop
  endfacet
  facet normal -1 -0 0
    outer loop
      vertex 0 15 4
      vertex 0 4 0
      vertex 0 4 4
    endloop
  endfacet
  facet normal -1 0 0
    outer loop
      vertex 0 35 0
      vertex 0 46 4
      vertex 0 46 0
    endloop
  endfacet
  facet normal -1 -0 0
    outer loop
      vertex 0 46 4
      vertex 0 35 0
      vertex 0 35 4
    endloop
  endfacet
  facet normal -0.998796 -0.0490561 0
    outer loop
      vertex 0.0192566 3.60793 0
      vertex 0 4 4
      vertex 0 4 0
    endloop
  endfacet
  facet normal -0.998796 -0.0490561 0
    outer loop
      vertex 0 4 4
      vertex 0.0192566 3.60793 0
      vertex 0.0192566 3.60793 4
    endloop
  endfacet
  facet normal 0 1 -0
    outer loop
      vertex 88 50 0
      vertex 4 50 4
      vertex 88 50 4
    endloop
  endfacet
  facet normal 0 1 0
    outer loop
      vertex 4 50 4
      vertex 88 50 0
      vertex 4 50 0
    endloop
  endfacet
  facet normal 0.427505 -0.904013 0
    outer loop
      vertex 89.5307 0.304474 0
      vertex 89.8856 0.472305 4
      vertex 89.5307 0.304474 4
    endloop
  endfacet
  facet normal 0.427505 -0.904013 0
    outer loop
      vertex 89.8856 0.472305 4
      vertex 89.5307 0.304474 0
      vertex 89.8856 0.472305 0
    endloop
  endfacet
  facet normal 0.998791 -0.0491664 0
    outer loop
      vertex 91.9807 3.60793 4
      vertex 92 4 0
      vertex 92 4 4
    endloop
  endfacet
  facet normal 0.998791 -0.0491664 0
    outer loop
      vertex 92 4 0
      vertex 91.9807 3.60793 4
      vertex 91.9807 3.60793 0
    endloop
  endfacet
  facet normal 1 -0 0
    outer loop
      vertex 92 4 4
      vertex 92 15 0
      vertex 92 15 4
    endloop
  endfacet
  facet normal 1 0 0
    outer loop
      vertex 92 15 0
      vertex 92 4 4
      vertex 92 4 0
    endloop
  endfacet
  facet normal 1 -0 0
    outer loop
      vertex 92 35 4
      vertex 92 46 0
      vertex 92 46 4
    endloop
  endfacet
  facet normal 1 0 0
    outer loop
      vertex 92 46 0
      vertex 92 35 4
      vertex 92 35 0
    endloop
  endfacet
  facet normal 0 -1 0
    outer loop
      vertex 4 0 0
      vertex 88 0 4
      vertex 4 0 4
    endloop
  endfacet
  facet normal 0 -1 -0
    outer loop
      vertex 88 0 4
      vertex 4 0 0
      vertex 88 0 0
    endloop
  endfacet
  facet normal 0.0490523 -0.998796 0
    outer loop
      vertex 88 0 0
      vertex 88.3921 0.0192566 4
      vertex 88 0 4
    endloop
  endfacet
  facet normal 0.0490523 -0.998796 0
    outer loop
      vertex 88.3921 0.0192566 4
      vertex 88 0 0
      vertex 88.3921 0.0192566 0
    endloop
  endfacet
  facet normal -0.998796 0.0490523 0
    outer loop
      vertex 0 46 0
      vertex 0.0192566 46.3921 4
      vertex 0.0192566 46.3921 0
    endloop
  endfacet
  facet normal -0.998796 0.0490523 0
    outer loop
      vertex 0.0192566 46.3921 4
      vertex 0 46 0
      vertex 0 46 4
    endloop
  endfacet
  facet normal -0.671543 0.740965 0
    outer loop
      vertex 1.46242 49.092 0
      vertex 1.17157 48.8284 4
      vertex 1.46242 49.092 4
    endloop
  endfacet
  facet normal -0.671543 0.740965 0
    outer loop
      vertex 1.17157 48.8284 4
      vertex 1.46242 49.092 0
      vertex 1.17157 48.8284 0
    endloop
  endfacet
  facet normal -0.970042 0.242937 0
    outer loop
      vertex 0.0768585 46.7803 0
      vertex 0.172226 47.1611 4
      vertex 0.172226 47.1611 0
    endloop
  endfacet
  facet normal -0.970042 0.242937 0
    outer loop
      vertex 0.172226 47.1611 4
      vertex 0.0768585 46.7803 0
      vertex 0.0768585 46.7803 4
    endloop
  endfacet
  facet normal 0.998791 0.0491626 0
    outer loop
      vertex 92 46 4
      vertex 91.9807 46.3921 0
      vertex 91.9807 46.3921 4
    endloop
  endfacet
  facet normal 0.998791 0.0491626 0
    outer loop
      vertex 91.9807 46.3921 0
      vertex 92 46 4
      vertex 92 46 0
    endloop
  endfacet
  facet normal 0.671643 -0.740875 0
    outer loop
      vertex 90.5376 0.907944 0
      vertex 90.8284 1.17157 4
      vertex 90.5376 0.907944 4
    endloop
  endfacet
  facet normal 0.671643 -0.740875 0
    outer loop
      vertex 90.8284 1.17157 4
      vertex 90.5376 0.907944 0
      vertex 90.8284 1.17157 0
    endloop
  endfacet
  facet normal 0.989176 -0.146737 0
    outer loop
      vertex 91.9231 3.21964 4
      vertex 91.9807 3.60793 0
      vertex 91.9807 3.60793 4
    endloop
  endfacet
  facet normal 0.989176 -0.146737 0
    outer loop
      vertex 91.9807 3.60793 0
      vertex 91.9231 3.21964 4
      vertex 91.9231 3.21964 0
    endloop
  endfacet
  facet normal -0.67158 -0.740932 0
    outer loop
      vertex 1.17157 1.17157 0
      vertex 1.46242 0.907944 4
      vertex 1.17157 1.17157 4
    endloop
  endfacet
  facet normal -0.67158 -0.740932 -0
    outer loop
      vertex 1.46242 0.907944 4
      vertex 1.17157 1.17157 0
      vertex 1.46242 0.907944 0
    endloop
  endfacet
  facet normal -0.0490561 -0.998796 0
    outer loop
      vertex 3.60793 0.0192566 0
      vertex 4 0 4
      vertex 3.60793 0.0192566 4
    endloop
  endfacet
  facet normal -0.0490561 -0.998796 -0
    outer loop
      vertex 4 0 4
      vertex 3.60793 0.0192566 0
      vertex 4 0 0
    endloop
  endfacet
  facet normal 0.970083 0.242775 0
    outer loop
      vertex 91.9231 46.7803 4
      vertex 91.8278 47.1611 0
      vertex 91.8278 47.1611 4
    endloop
  endfacet
  facet normal 0.970083 0.242775 0
    outer loop
      vertex 91.8278 47.1611 0
      vertex 91.9231 46.7803 4
      vertex 91.9231 46.7803 0
    endloop
  endfacet
  facet normal 0.337014 0.9415 -0
    outer loop
      vertex 89.5307 49.6955 0
      vertex 89.1611 49.8278 4
      vertex 89.5307 49.6955 4
    endloop
  endfacet
  facet normal 0.337014 0.9415 0
    outer loop
      vertex 89.1611 49.8278 4
      vertex 89.5307 49.6955 0
      vertex 89.1611 49.8278 0
    endloop
  endfacet
  facet normal -0.337014 0.9415 0
    outer loop
      vertex 2.83885 49.8278 0
      vertex 2.46925 49.6955 4
      vertex 2.83885 49.8278 4
    endloop
  endfacet
  facet normal -0.337014 0.9415 0
    outer loop
      vertex 2.46925 49.6955 4
      vertex 2.83885 49.8278 0
      vertex 2.46925 49.6955 0
    endloop
  endfacet
  facet normal -0.146737 0.989176 0
    outer loop
      vertex 3.60793 49.9807 0
      vertex 3.21964 49.9231 4
      vertex 3.60793 49.9807 4
    endloop
  endfacet
  facet normal -0.146737 0.989176 0
    outer loop
      vertex 3.21964 49.9231 4
      vertex 3.60793 49.9807 0
      vertex 3.21964 49.9231 0
    endloop
  endfacet
  facet normal -0.740875 0.671643 0
    outer loop
      vertex 0.907944 48.5376 0
      vertex 1.17157 48.8284 4
      vertex 1.17157 48.8284 0
    endloop
  endfacet
  facet normal -0.740875 0.671643 0
    outer loop
      vertex 1.17157 48.8284 4
      vertex 0.907944 48.5376 0
      vertex 0.907944 48.5376 4
    endloop
  endfacet
  facet normal -0.857725 0.514108 0
    outer loop
      vertex 0.472305 47.8856 0
      vertex 0.674118 48.2223 4
      vertex 0.674118 48.2223 0
    endloop
  endfacet
  facet normal -0.857725 0.514108 0
    outer loop
      vertex 0.674118 48.2223 4
      vertex 0.472305 47.8856 0
      vertex 0.472305 47.8856 4
    endloop
  endfacet
  facet normal -0.941542 0.336897 0
    outer loop
      vertex 0.172226 47.1611 0
      vertex 0.304474 47.5307 4
      vertex 0.304474 47.5307 0
    endloop
  endfacet
  facet normal -0.941542 0.336897 0
    outer loop
      vertex 0.304474 47.5307 4
      vertex 0.172226 47.1611 0
      vertex 0.172226 47.1611 4
    endloop
  endfacet
  facet normal -0.904013 0.427505 0
    outer loop
      vertex 0.304474 47.5307 0
      vertex 0.472305 47.8856 4
      vertex 0.472305 47.8856 0
    endloop
  endfacet
  facet normal -0.904013 0.427505 0
    outer loop
      vertex 0.472305 47.8856 4
      vertex 0.304474 47.5307 0
      vertex 0.304474 47.5307 4
    endloop
  endfacet
  facet normal 0.514108 -0.857725 0
    outer loop
      vertex 89.8856 0.472305 0
      vertex 90.2223 0.674118 4
      vertex 89.8856 0.472305 4
    endloop
  endfacet
  facet normal 0.514108 -0.857725 0
    outer loop
      vertex 90.2223 0.674118 4
      vertex 89.8856 0.472305 0
      vertex 90.2223 0.674118 0
    endloop
  endfacet
  facet normal 0.9415 -0.337014 0
    outer loop
      vertex 91.6955 2.46925 4
      vertex 91.8278 2.83885 0
      vertex 91.8278 2.83885 4
    endloop
  endfacet
  facet normal 0.9415 -0.337014 0
    outer loop
      vertex 91.8278 2.83885 0
      vertex 91.6955 2.46925 4
      vertex 91.6955 2.46925 0
    endloop
  endfacet
  facet normal 0.904016 -0.427499 0
    outer loop
      vertex 91.5277 2.11441 4
      vertex 91.6955 2.46925 0
      vertex 91.6955 2.46925 4
    endloop
  endfacet
  facet normal 0.904016 -0.427499 0
    outer loop
      vertex 91.6955 2.46925 0
      vertex 91.5277 2.11441 4
      vertex 91.5277 2.11441 0
    endloop
  endfacet
  facet normal -0.427564 -0.903985 0
    outer loop
      vertex 2.11441 0.472305 0
      vertex 2.46925 0.304474 4
      vertex 2.11441 0.472305 4
    endloop
  endfacet
  facet normal -0.427564 -0.903985 -0
    outer loop
      vertex 2.46925 0.304474 4
      vertex 2.11441 0.472305 0
      vertex 2.46925 0.304474 0
    endloop
  endfacet
  facet normal -0.970041 -0.242943 0
    outer loop
      vertex 0.172226 2.83885 0
      vertex 0.0768585 3.21964 4
      vertex 0.0768585 3.21964 0
    endloop
  endfacet
  facet normal -0.970041 -0.242943 0
    outer loop
      vertex 0.0768585 3.21964 4
      vertex 0.172226 2.83885 0
      vertex 0.172226 2.83885 4
    endloop
  endfacet
  facet normal -0.941542 -0.336897 0
    outer loop
      vertex 0.304474 2.46925 0
      vertex 0.172226 2.83885 4
      vertex 0.172226 2.83885 0
    endloop
  endfacet
  facet normal -0.941542 -0.336897 0
    outer loop
      vertex 0.172226 2.83885 4
      vertex 0.304474 2.46925 0
      vertex 0.304474 2.46925 4
    endloop
  endfacet
  facet normal 0.242937 -0.970042 0
    outer loop
      vertex 88.7803 0.0768585 0
      vertex 89.1611 0.172226 4
      vertex 88.7803 0.0768585 4
    endloop
  endfacet
  facet normal 0.242937 -0.970042 0
    outer loop
      vertex 89.1611 0.172226 4
      vertex 88.7803 0.0768585 0
      vertex 89.1611 0.172226 0
    endloop
  endfacet
  facet normal 0.336897 -0.941542 0
    outer loop
      vertex 89.1611 0.172226 0
      vertex 89.5307 0.304474 4
      vertex 89.1611 0.172226 4
    endloop
  endfacet
  facet normal 0.336897 -0.941542 0
    outer loop
      vertex 89.5307 0.304474 4
      vertex 89.1611 0.172226 0
      vertex 89.5307 0.304474 0
    endloop
  endfacet
  facet normal 0.803137 0.595794 0
    outer loop
      vertex 91.3259 48.2223 4
      vertex 91.092 48.5376 0
      vertex 91.092 48.5376 4
    endloop
  endfacet
  facet normal 0.803137 0.595794 0
    outer loop
      vertex 91.092 48.5376 0
      vertex 91.3259 48.2223 4
      vertex 91.3259 48.2223 0
    endloop
  endfacet
  facet normal 0.989171 0.14677 0
    outer loop
      vertex 91.9807 46.3921 4
      vertex 91.9231 46.7803 0
      vertex 91.9231 46.7803 4
    endloop
  endfacet
  facet normal 0.989171 0.14677 0
    outer loop
      vertex 91.9231 46.7803 0
      vertex 91.9807 46.3921 4
      vertex 91.9807 46.3921 0
    endloop
  endfacet
  facet normal 0.595794 0.803137 -0
    outer loop
      vertex 90.5376 49.092 0
      vertex 90.2223 49.3259 4
      vertex 90.5376 49.092 4
    endloop
  endfacet
  facet normal 0.595794 0.803137 0
    outer loop
      vertex 90.2223 49.3259 4
      vertex 90.5376 49.092 0
      vertex 90.2223 49.3259 0
    endloop
  endfacet
  facet normal 0.0491626 0.998791 -0
    outer loop
      vertex 88.3921 49.9807 0
      vertex 88 50 4
      vertex 88.3921 49.9807 4
    endloop
  endfacet
  facet normal 0.0491626 0.998791 0
    outer loop
      vertex 88 50 4
      vertex 88.3921 49.9807 0
      vertex 88 50 0
    endloop
  endfacet
  facet normal -0.242781 0.970081 0
    outer loop
      vertex 3.21964 49.9231 0
      vertex 2.83885 49.8278 4
      vertex 3.21964 49.9231 4
    endloop
  endfacet
  facet normal -0.242781 0.970081 0
    outer loop
      vertex 2.83885 49.8278 4
      vertex 3.21964 49.9231 0
      vertex 2.83885 49.8278 0
    endloop
  endfacet
  facet normal -0.0491664 0.998791 0
    outer loop
      vertex 4 50 0
      vertex 3.60793 49.9807 4
      vertex 4 50 4
    endloop
  endfacet
  facet normal -0.0491664 0.998791 0
    outer loop
      vertex 3.60793 49.9807 4
      vertex 4 50 0
      vertex 3.60793 49.9807 0
    endloop
  endfacet
  facet normal -0.98917 0.146775 0
    outer loop
      vertex 0.0192566 46.3921 0
      vertex 0.0768585 46.7803 4
      vertex 0.0768585 46.7803 0
    endloop
  endfacet
  facet normal -0.98917 0.146775 0
    outer loop
      vertex 0.0768585 46.7803 4
      vertex 0.0192566 46.3921 0
      vertex 0.0192566 46.3921 4
    endloop
  endfacet
  facet normal -0.803228 0.595672 0
    outer loop
      vertex 0.674118 48.2223 0
      vertex 0.907944 48.5376 4
      vertex 0.907944 48.5376 0
    endloop
  endfacet
  facet normal -0.803228 0.595672 0
    outer loop
      vertex 0.907944 48.5376 4
      vertex 0.674118 48.2223 0
      vertex 0.674118 48.2223 4
    endloop
  endfacet
  facet normal 0.740965 -0.671543 0
    outer loop
      vertex 90.8284 1.17157 4
      vertex 91.092 1.46242 0
      vertex 91.092 1.46242 4
    endloop
  endfacet
  facet normal 0.740965 -0.671543 0
    outer loop
      vertex 91.092 1.46242 0
      vertex 90.8284 1.17157 4
      vertex 90.8284 1.17157 0
    endloop
  endfacet
  facet normal 0.970081 -0.242781 0
    outer loop
      vertex 91.8278 2.83885 4
      vertex 91.9231 3.21964 0
      vertex 91.9231 3.21964 4
    endloop
  endfacet
  facet normal 0.970081 -0.242781 0
    outer loop
      vertex 91.9231 3.21964 0
      vertex 91.8278 2.83885 4
      vertex 91.8278 2.83885 0
    endloop
  endfacet
  facet normal 0.803128 -0.595806 0
    outer loop
      vertex 91.092 1.46242 4
      vertex 91.3259 1.77771 0
      vertex 91.3259 1.77771 4
    endloop
  endfacet
  facet normal 0.803128 -0.595806 0
    outer loop
      vertex 91.3259 1.77771 0
      vertex 91.092 1.46242 4
      vertex 91.092 1.46242 0
    endloop
  endfacet
  facet normal 0.85774 -0.514084 0
    outer loop
      vertex 91.3259 1.77771 4
      vertex 91.5277 2.11441 0
      vertex 91.5277 2.11441 4
    endloop
  endfacet
  facet normal 0.85774 -0.514084 0
    outer loop
      vertex 91.5277 2.11441 0
      vertex 91.3259 1.77771 4
      vertex 91.3259 1.77771 0
    endloop
  endfacet
  facet normal -0.595685 -0.803219 0
    outer loop
      vertex 1.46242 0.907944 0
      vertex 1.77771 0.674118 4
      vertex 1.46242 0.907944 4
    endloop
  endfacet
  facet normal -0.595685 -0.803219 -0
    outer loop
      vertex 1.77771 0.674118 4
      vertex 1.46242 0.907944 0
      vertex 1.77771 0.674118 0
    endloop
  endfacet
  facet normal -0.242943 -0.970041 0
    outer loop
      vertex 2.83885 0.172226 0
      vertex 3.21964 0.0768585 4
      vertex 2.83885 0.172226 4
    endloop
  endfacet
  facet normal -0.242943 -0.970041 -0
    outer loop
      vertex 3.21964 0.0768585 4
      vertex 2.83885 0.172226 0
      vertex 3.21964 0.0768585 0
    endloop
  endfacet
  facet normal -0.514108 -0.857725 0
    outer loop
      vertex 1.77771 0.674118 0
      vertex 2.11441 0.472305 4
      vertex 1.77771 0.674118 4
    endloop
  endfacet
  facet normal -0.514108 -0.857725 -0
    outer loop
      vertex 2.11441 0.472305 4
      vertex 1.77771 0.674118 0
      vertex 2.11441 0.472305 0
    endloop
  endfacet
  facet normal -0.146742 -0.989175 0
    outer loop
      vertex 3.21964 0.0768585 0
      vertex 3.60793 0.0192566 4
      vertex 3.21964 0.0768585 4
    endloop
  endfacet
  facet normal -0.146742 -0.989175 -0
    outer loop
      vertex 3.60793 0.0192566 4
      vertex 3.21964 0.0768585 0
      vertex 3.60793 0.0192566 0
    endloop
  endfacet
  facet normal -0.857725 -0.514108 0
    outer loop
      vertex 0.674118 1.77771 0
      vertex 0.472305 2.11441 4
      vertex 0.472305 2.11441 0
    endloop
  endfacet
  facet normal -0.857725 -0.514108 0
    outer loop
      vertex 0.472305 2.11441 4
      vertex 0.674118 1.77771 0
      vertex 0.674118 1.77771 4
    endloop
  endfacet
  facet normal -0.740932 -0.67158 0
    outer loop
      vertex 1.17157 1.17157 0
      vertex 0.907944 1.46242 4
      vertex 0.907944 1.46242 0
    endloop
  endfacet
  facet normal -0.740932 -0.67158 0
    outer loop
      vertex 0.907944 1.46242 4
      vertex 1.17157 1.17157 0
      vertex 1.17157 1.17157 4
    endloop
  endfacet
  facet normal -0.803219 -0.595685 0
    outer loop
      vertex 0.907944 1.46242 0
      vertex 0.674118 1.77771 4
      vertex 0.674118 1.77771 0
    endloop
  endfacet
  facet normal -0.803219 -0.595685 0
    outer loop
      vertex 0.674118 1.77771 4
      vertex 0.907944 1.46242 0
      vertex 0.907944 1.46242 4
    endloop
  endfacet
  facet normal 0.146775 -0.98917 0
    outer loop
      vertex 88.3921 0.0192566 0
      vertex 88.7803 0.0768585 4
      vertex 88.3921 0.0192566 4
    endloop
  endfacet
  facet normal 0.146775 -0.98917 0
    outer loop
      vertex 88.7803 0.0768585 4
      vertex 88.3921 0.0192566 0
      vertex 88.7803 0.0768585 0
    endloop
  endfacet
  facet normal 0.671607 0.740908 -0
    outer loop
      vertex 90.8284 48.8284 0
      vertex 90.5376 49.092 4
      vertex 90.8284 48.8284 4
    endloop
  endfacet
  facet normal 0.671607 0.740908 0
    outer loop
      vertex 90.5376 49.092 4
      vertex 90.8284 48.8284 0
      vertex 90.5376 49.092 0
    endloop
  endfacet
  facet normal 0.740908 0.671607 0
    outer loop
      vertex 91.092 48.5376 4
      vertex 90.8284 48.8284 0
      vertex 90.8284 48.8284 4
    endloop
  endfacet
  facet normal 0.740908 0.671607 0
    outer loop
      vertex 90.8284 48.8284 0
      vertex 91.092 48.5376 4
      vertex 91.092 48.5376 0
    endloop
  endfacet
  facet normal 0.904044 0.42744 0
    outer loop
      vertex 91.6955 47.5307 4
      vertex 91.5277 47.8856 0
      vertex 91.5277 47.8856 4
    endloop
  endfacet
  facet normal 0.904044 0.42744 0
    outer loop
      vertex 91.5277 47.8856 0
      vertex 91.6955 47.5307 4
      vertex 91.6955 47.5307 0
    endloop
  endfacet
  facet normal 0.85774 0.514084 0
    outer loop
      vertex 91.5277 47.8856 4
      vertex 91.3259 48.2223 0
      vertex 91.3259 48.2223 4
    endloop
  endfacet
  facet normal 0.85774 0.514084 0
    outer loop
      vertex 91.3259 48.2223 0
      vertex 91.5277 47.8856 4
      vertex 91.5277 47.8856 0
    endloop
  endfacet
  facet normal 0.14677 0.989171 -0
    outer loop
      vertex 88.7803 49.9231 0
      vertex 88.3921 49.9807 4
      vertex 88.7803 49.9231 4
    endloop
  endfacet
  facet normal 0.14677 0.989171 0
    outer loop
      vertex 88.3921 49.9807 4
      vertex 88.7803 49.9231 0
      vertex 88.3921 49.9807 0
    endloop
  endfacet
  facet normal 0.242775 0.970083 -0
    outer loop
      vertex 89.1611 49.8278 0
      vertex 88.7803 49.9231 4
      vertex 89.1611 49.8278 4
    endloop
  endfacet
  facet normal 0.242775 0.970083 0
    outer loop
      vertex 88.7803 49.9231 4
      vertex 89.1611 49.8278 0
      vertex 88.7803 49.9231 0
    endloop
  endfacet
  facet normal -0.595806 0.803128 0
    outer loop
      vertex 1.77771 49.3259 0
      vertex 1.46242 49.092 4
      vertex 1.77771 49.3259 4
    endloop
  endfacet
  facet normal -0.595806 0.803128 0
    outer loop
      vertex 1.46242 49.092 4
      vertex 1.77771 49.3259 0
      vertex 1.46242 49.092 0
    endloop
  endfacet
  facet normal -0.514084 0.85774 0
    outer loop
      vertex 2.11441 49.5277 0
      vertex 1.77771 49.3259 4
      vertex 2.11441 49.5277 4
    endloop
  endfacet
  facet normal -0.514084 0.85774 0
    outer loop
      vertex 1.77771 49.3259 4
      vertex 2.11441 49.5277 0
      vertex 1.77771 49.3259 0
    endloop
  endfacet
  facet normal -0.427499 0.904016 0
    outer loop
      vertex 2.46925 49.6955 0
      vertex 2.11441 49.5277 4
      vertex 2.46925 49.6955 4
    endloop
  endfacet
  facet normal -0.427499 0.904016 0
    outer loop
      vertex 2.11441 49.5277 4
      vertex 2.46925 49.6955 0
      vertex 2.11441 49.5277 0
    endloop
  endfacet
  facet normal 0.595672 -0.803228 0
    outer loop
      vertex 90.2223 0.674118 0
      vertex 90.5376 0.907944 4
      vertex 90.2223 0.674118 4
    endloop
  endfacet
  facet normal 0.595672 -0.803228 0
    outer loop
      vertex 90.5376 0.907944 4
      vertex 90.2223 0.674118 0
      vertex 90.5376 0.907944 0
    endloop
  endfacet
  facet normal -0.336897 -0.941542 0
    outer loop
      vertex 2.46925 0.304474 0
      vertex 2.83885 0.172226 4
      vertex 2.46925 0.304474 4
    endloop
  endfacet
  facet normal -0.336897 -0.941542 -0
    outer loop
      vertex 2.83885 0.172226 4
      vertex 2.46925 0.304474 0
      vertex 2.83885 0.172226 0
    endloop
  endfacet
  facet normal -0.903985 -0.427564 0
    outer loop
      vertex 0.472305 2.11441 0
      vertex 0.304474 2.46925 4
      vertex 0.304474 2.46925 0
    endloop
  endfacet
  facet normal -0.903985 -0.427564 0
    outer loop
      vertex 0.304474 2.46925 4
      vertex 0.472305 2.11441 0
      vertex 0.472305 2.11441 4
    endloop
  endfacet
  facet normal 0.9415 0.337014 0
    outer loop
      vertex 91.8278 47.1611 4
      vertex 91.6955 47.5307 0
      vertex 91.6955 47.5307 4
    endloop
  endfacet
  facet normal 0.9415 0.337014 0
    outer loop
      vertex 91.6955 47.5307 0
      vertex 91.8278 47.1611 4
      vertex 91.8278 47.1611 0
    endloop
  endfacet
  facet normal 0.42744 0.904044 -0
    outer loop
      vertex 89.8856 49.5277 0
      vertex 89.5307 49.6955 4
      vertex 89.8856 49.5277 4
    endloop
  endfacet
  facet normal 0.42744 0.904044 0
    outer loop
      vertex 89.5307 49.6955 4
      vertex 89.8856 49.5277 0
      vertex 89.5307 49.6955 0
    endloop
  endfacet
  facet normal 0.514084 0.85774 -0
    outer loop
      vertex 90.2223 49.3259 0
      vertex 89.8856 49.5277 4
      vertex 90.2223 49.3259 4
    endloop
  endfacet
  facet normal 0.514084 0.85774 0
    outer loop
      vertex 89.8856 49.5277 4
      vertex 90.2223 49.3259 0
      vertex 89.8856 49.5277 0
    endloop
  endfacet
  facet normal -0.989174 -0.146746 0
    outer loop
      vertex -9.94237 17.4147 0
      vertex -9.98557 17.7059 4
      vertex -9.98557 17.7059 0
    endloop
  endfacet
  facet normal -0.989174 -0.146746 0
    outer loop
      vertex -9.98557 17.7059 4
      vertex -9.94237 17.4147 0
      vertex -9.94237 17.4147 4
    endloop
  endfacet
  facet normal -1 0 0
    outer loop
      vertex -10 18 0
      vertex -10 32 4
      vertex -10 32 0
    endloop
  endfacet
  facet normal -1 -0 0
    outer loop
      vertex -10 32 4
      vertex -10 18 0
      vertex -10 18 4
    endloop
  endfacet
  facet normal 0.998868 0.0475651 0
    outer loop
      vertex 102 32 4
      vertex 101.986 32.294 0
      vertex 101.986 32.294 4
    endloop
  endfacet
  facet normal 0.998868 0.0475651 0
    outer loop
      vertex 101.986 32.294 0
      vertex 102 32 4
      vertex 102 32 0
    endloop
  endfacet
  facet normal -0.998798 -0.049006 0
    outer loop
      vertex -9.98557 17.7059 0
      vertex -10 18 4
      vertex -10 18 0
    endloop
  endfacet
  facet normal -0.998798 -0.049006 0
    outer loop
      vertex -10 18 4
      vertex -9.98557 17.7059 0
      vertex -9.98557 17.7059 4
    endloop
  endfacet
  facet normal -0.0492515 0.998786 0
    outer loop
      vertex -7 35 0
      vertex -7.29405 34.9855 4
      vertex -7 35 4
    endloop
  endfacet
  facet normal -0.0492515 0.998786 0
    outer loop
      vertex -7.29405 34.9855 4
      vertex -7 35 0
      vertex -7.29405 34.9855 0
    endloop
  endfacet
  facet normal 0 1 -0
    outer loop
      vertex 99 35 0
      vertex 92 35 4
      vertex 99 35 4
    endloop
  endfacet
  facet normal 0 1 0
    outer loop
      vertex 92 35 4
      vertex 99 35 0
      vertex 92 35 0
    endloop
  endfacet
  facet normal 0 1 -0
    outer loop
      vertex 0 35 0
      vertex -7 35 4
      vertex 0 35 4
    endloop
  endfacet
  facet normal 0 1 0
    outer loop
      vertex -7 35 4
      vertex 0 35 0
      vertex -7 35 0
    endloop
  endfacet
  facet normal -0.336939 0.941527 0
    outer loop
      vertex -7.87086 34.8708 0
      vertex -8.14806 34.7716 4
      vertex -7.87086 34.8708 4
    endloop
  endfacet
  facet normal -0.336939 0.941527 0
    outer loop
      vertex -8.14806 34.7716 4
      vertex -7.87086 34.8708 0
      vertex -8.14806 34.7716 0
    endloop
  endfacet
  facet normal 0 -1 0
    outer loop
      vertex -7 15 0
      vertex 0 15 4
      vertex -7 15 4
    endloop
  endfacet
  facet normal 0 -1 -0
    outer loop
      vertex 0 15 4
      vertex -7 15 0
      vertex 0 15 0
    endloop
  endfacet
  facet normal 0 -1 0
    outer loop
      vertex 92 15 0
      vertex 99 15 4
      vertex 92 15 4
    endloop
  endfacet
  facet normal 0 -1 -0
    outer loop
      vertex 99 15 4
      vertex 92 15 0
      vertex 99 15 0
    endloop
  endfacet
  facet normal 0.856744 0.515743 0
    outer loop
      vertex 101.646 33.4142 4
      vertex 101.494 33.6667 0
      vertex 101.494 33.6667 4
    endloop
  endfacet
  facet normal 0.856744 0.515743 0
    outer loop
      vertex 101.494 33.6667 0
      vertex 101.646 33.4142 4
      vertex 101.646 33.4142 0
    endloop
  endfacet
  facet normal 0.146364 0.989231 -0
    outer loop
      vertex 99.5853 34.9424 0
      vertex 99.294 34.9855 4
      vertex 99.5853 34.9424 4
    endloop
  endfacet
  facet normal 0.146364 0.989231 0
    outer loop
      vertex 99.294 34.9855 4
      vertex 99.5853 34.9424 0
      vertex 99.294 34.9855 0
    endloop
  endfacet
  facet normal -0.427347 0.904088 0
    outer loop
      vertex -8.14806 34.7716 0
      vertex -8.4142 34.6458 4
      vertex -8.14806 34.7716 4
    endloop
  endfacet
  facet normal -0.427347 0.904088 0
    outer loop
      vertex -8.4142 34.6458 4
      vertex -8.14806 34.7716 0
      vertex -8.4142 34.6458 0
    endloop
  endfacet
  facet normal -0.941548 0.336879 0
    outer loop
      vertex -9.87083 32.8708 0
      vertex -9.77165 33.148 4
      vertex -9.77165 33.148 0
    endloop
  endfacet
  facet normal -0.941548 0.336879 0
    outer loop
      vertex -9.77165 33.148 4
      vertex -9.87083 32.8708 0
      vertex -9.87083 32.8708 4
    endloop
  endfacet
  facet normal -0.989182 0.146696 0
    outer loop
      vertex -9.98557 32.294 0
      vertex -9.94237 32.5853 4
      vertex -9.94237 32.5853 0
    endloop
  endfacet
  facet normal -0.989182 0.146696 0
    outer loop
      vertex -9.94237 32.5853 4
      vertex -9.98557 32.294 0
      vertex -9.98557 32.294 4
    endloop
  endfacet
  facet normal -0.998798 0.0490226 0
    outer loop
      vertex -10 32 0
      vertex -9.98557 32.294 4
      vertex -9.98557 32.294 0
    endloop
  endfacet
  facet normal -0.998798 0.0490226 0
    outer loop
      vertex -9.98557 32.294 4
      vertex -10 32 0
      vertex -10 32 4
    endloop
  endfacet
  facet normal 0.427809 -0.903869 0
    outer loop
      vertex 100.148 15.2283 0
      vertex 100.414 15.3542 4
      vertex 100.148 15.2283 4
    endloop
  endfacet
  facet normal 0.427809 -0.903869 0
    outer loop
      vertex 100.414 15.3542 4
      vertex 100.148 15.2283 0
      vertex 100.414 15.3542 0
    endloop
  endfacet
  facet normal 0.941742 -0.336336 0
    outer loop
      vertex 101.772 16.8519 4
      vertex 101.871 17.1291 0
      vertex 101.871 17.1291 4
    endloop
  endfacet
  facet normal 0.941742 -0.336336 0
    outer loop
      vertex 101.871 17.1291 0
      vertex 101.772 16.8519 4
      vertex 101.772 16.8519 0
    endloop
  endfacet
  facet normal 0.988776 -0.149403 0
    outer loop
      vertex 101.942 17.4147 4
      vertex 101.986 17.7059 0
      vertex 101.986 17.7059 4
    endloop
  endfacet
  facet normal 0.988776 -0.149403 0
    outer loop
      vertex 101.986 17.7059 0
      vertex 101.942 17.4147 4
      vertex 101.942 17.4147 0
    endloop
  endfacet
  facet normal 1 -0 0
    outer loop
      vertex 102 18 4
      vertex 102 32 0
      vertex 102 32 4
    endloop
  endfacet
  facet normal 1 0 0
    outer loop
      vertex 102 32 0
      vertex 102 18 4
      vertex 102 18 0
    endloop
  endfacet
  facet normal 0.0489209 -0.998803 0
    outer loop
      vertex 99 15 0
      vertex 99.294 15.0144 4
      vertex 99 15 4
    endloop
  endfacet
  facet normal 0.0489209 -0.998803 0
    outer loop
      vertex 99.294 15.0144 4
      vertex 99 15 0
      vertex 99.294 15.0144 0
    endloop
  endfacet
  facet normal 0.513498 0.858091 -0
    outer loop
      vertex 100.667 34.4944 0
      vertex 100.414 34.6458 4
      vertex 100.667 34.4944 4
    endloop
  endfacet
  facet normal 0.513498 0.858091 0
    outer loop
      vertex 100.414 34.6458 4
      vertex 100.667 34.4944 0
      vertex 100.414 34.6458 0
    endloop
  endfacet
  facet normal -0.595764 0.80316 0
    outer loop
      vertex -8.66672 34.4944 0
      vertex -8.90318 34.319 4
      vertex -8.66672 34.4944 4
    endloop
  endfacet
  facet normal -0.595764 0.80316 0
    outer loop
      vertex -8.90318 34.319 4
      vertex -8.66672 34.4944 0
      vertex -8.90318 34.319 0
    endloop
  endfacet
  facet normal -0.740857 0.671663 0
    outer loop
      vertex -9.31905 33.9032 0
      vertex -9.12132 34.1213 4
      vertex -9.12132 34.1213 0
    endloop
  endfacet
  facet normal -0.740857 0.671663 0
    outer loop
      vertex -9.12132 34.1213 4
      vertex -9.31905 33.9032 0
      vertex -9.31905 33.9032 4
    endloop
  endfacet
  facet normal -0.90402 0.427491 0
    outer loop
      vertex -9.77165 33.148 0
      vertex -9.64577 33.4142 4
      vertex -9.64577 33.4142 0
    endloop
  endfacet
  facet normal -0.90402 0.427491 0
    outer loop
      vertex -9.64577 33.4142 4
      vertex -9.77165 33.148 0
      vertex -9.77165 33.148 4
    endloop
  endfacet
  facet normal -0.803257 0.595633 0
    outer loop
      vertex -9.49442 33.6667 0
      vertex -9.31905 33.9032 4
      vertex -9.31905 33.9032 0
    endloop
  endfacet
  facet normal -0.803257 0.595633 0
    outer loop
      vertex -9.31905 33.9032 4
      vertex -9.49442 33.6667 0
      vertex -9.49442 33.6667 4
    endloop
  endfacet
  facet normal 0.336638 -0.941634 0
    outer loop
      vertex 99.8708 15.1292 0
      vertex 100.148 15.2283 4
      vertex 99.8708 15.1292 4
    endloop
  endfacet
  facet normal 0.336638 -0.941634 0
    outer loop
      vertex 100.148 15.2283 4
      vertex 99.8708 15.1292 0
      vertex 100.148 15.2283 0
    endloop
  endfacet
  facet normal 0.998869 -0.047549 0
    outer loop
      vertex 101.986 17.7059 4
      vertex 102 18 0
      vertex 102 18 4
    endloop
  endfacet
  facet normal 0.998869 -0.047549 0
    outer loop
      vertex 102 18 0
      vertex 101.986 17.7059 4
      vertex 101.986 17.7059 0
    endloop
  endfacet
  facet normal -0.0489126 -0.998803 0
    outer loop
      vertex -7.29405 15.0144 0
      vertex -7 15 4
      vertex -7.29405 15.0144 4
    endloop
  endfacet
  facet normal -0.0489126 -0.998803 -0
    outer loop
      vertex -7 15 4
      vertex -7.29405 15.0144 0
      vertex -7 15 0
    endloop
  endfacet
  facet normal -0.595764 -0.80316 0
    outer loop
      vertex -8.90318 15.681 0
      vertex -8.66672 15.5056 4
      vertex -8.90318 15.681 4
    endloop
  endfacet
  facet normal -0.595764 -0.80316 -0
    outer loop
      vertex -8.66672 15.5056 4
      vertex -8.90318 15.681 0
      vertex -8.66672 15.5056 0
    endloop
  endfacet
  facet normal -0.803257 -0.595633 0
    outer loop
      vertex -9.31905 16.0968 0
      vertex -9.49442 16.3333 4
      vertex -9.49442 16.3333 0
    endloop
  endfacet
  facet normal -0.803257 -0.595633 0
    outer loop
      vertex -9.49442 16.3333 4
      vertex -9.31905 16.0968 0
      vertex -9.31905 16.0968 4
    endloop
  endfacet
  facet normal 0.988784 0.149353 0
    outer loop
      vertex 101.986 32.294 4
      vertex 101.942 32.5853 0
      vertex 101.942 32.5853 4
    endloop
  endfacet
  facet normal 0.988784 0.149353 0
    outer loop
      vertex 101.942 32.5853 0
      vertex 101.986 32.294 4
      vertex 101.986 32.294 0
    endloop
  endfacet
  facet normal 0.803858 0.594821 0
    outer loop
      vertex 101.494 33.6667 4
      vertex 101.319 33.9032 0
      vertex 101.319 33.9032 4
    endloop
  endfacet
  facet normal 0.803858 0.594821 0
    outer loop
      vertex 101.319 33.9032 0
      vertex 101.494 33.6667 4
      vertex 101.494 33.6667 0
    endloop
  endfacet
  facet normal 0.671776 0.740754 -0
    outer loop
      vertex 101.121 34.1213 0
      vertex 100.903 34.319 4
      vertex 101.121 34.1213 4
    endloop
  endfacet
  facet normal 0.671776 0.740754 0
    outer loop
      vertex 100.903 34.319 4
      vertex 101.121 34.1213 0
      vertex 100.903 34.319 0
    endloop
  endfacet
  facet normal 0.0492599 0.998786 -0
    outer loop
      vertex 99.294 34.9855 0
      vertex 99 35 4
      vertex 99.294 34.9855 4
    endloop
  endfacet
  facet normal 0.0492599 0.998786 0
    outer loop
      vertex 99 35 4
      vertex 99.294 34.9855 0
      vertex 99 35 0
    endloop
  endfacet
  facet normal 0.243255 0.969962 -0
    outer loop
      vertex 99.8708 34.8708 0
      vertex 99.5853 34.9424 4
      vertex 99.8708 34.8708 4
    endloop
  endfacet
  facet normal 0.243255 0.969962 0
    outer loop
      vertex 99.5853 34.9424 4
      vertex 99.8708 34.8708 0
      vertex 99.5853 34.9424 0
    endloop
  endfacet
  facet normal 0.427531 0.904001 -0
    outer loop
      vertex 100.414 34.6458 0
      vertex 100.148 34.7716 4
      vertex 100.414 34.6458 4
    endloop
  endfacet
  facet normal 0.427531 0.904001 0
    outer loop
      vertex 100.148 34.7716 4
      vertex 100.414 34.6458 0
      vertex 100.148 34.7716 0
    endloop
  endfacet
  facet normal 0.596512 0.802604 -0
    outer loop
      vertex 100.903 34.319 0
      vertex 100.667 34.4944 4
      vertex 100.903 34.319 4
    endloop
  endfacet
  facet normal 0.596512 0.802604 0
    outer loop
      vertex 100.667 34.4944 4
      vertex 100.903 34.319 0
      vertex 100.667 34.4944 0
    endloop
  endfacet
  facet normal 0.336939 0.941527 -0
    outer loop
      vertex 100.148 34.7716 0
      vertex 99.8708 34.8708 4
      vertex 100.148 34.7716 4
    endloop
  endfacet
  facet normal 0.336939 0.941527 0
    outer loop
      vertex 99.8708 34.8708 4
      vertex 100.148 34.7716 0
      vertex 99.8708 34.8708 0
    endloop
  endfacet
  facet normal -0.146398 0.989226 0
    outer loop
      vertex -7.29405 34.9855 0
      vertex -7.58528 34.9424 4
      vertex -7.29405 34.9855 4
    endloop
  endfacet
  facet normal -0.146398 0.989226 0
    outer loop
      vertex -7.58528 34.9424 4
      vertex -7.29405 34.9855 0
      vertex -7.58528 34.9424 0
    endloop
  endfacet
  facet normal -0.243191 0.969978 0
    outer loop
      vertex -7.58528 34.9424 0
      vertex -7.87086 34.8708 4
      vertex -7.58528 34.9424 4
    endloop
  endfacet
  facet normal -0.243191 0.969978 0
    outer loop
      vertex -7.87086 34.8708 4
      vertex -7.58528 34.9424 0
      vertex -7.87086 34.8708 0
    endloop
  endfacet
  facet normal -0.514216 0.857661 0
    outer loop
      vertex -8.4142 34.6458 0
      vertex -8.66672 34.4944 4
      vertex -8.4142 34.6458 4
    endloop
  endfacet
  facet normal -0.514216 0.857661 0
    outer loop
      vertex -8.66672 34.4944 4
      vertex -8.4142 34.6458 0
      vertex -8.66672 34.4944 0
    endloop
  endfacet
  facet normal -0.97001 0.243063 0
    outer loop
      vertex -9.94237 32.5853 0
      vertex -9.87083 32.8708 4
      vertex -9.87083 32.8708 0
    endloop
  endfacet
  facet normal -0.97001 0.243063 0
    outer loop
      vertex -9.87083 32.8708 4
      vertex -9.94237 32.5853 0
      vertex -9.94237 32.5853 4
    endloop
  endfacet
  facet normal -0.857718 0.514121 0
    outer loop
      vertex -9.64577 33.4142 0
      vertex -9.49442 33.6667 4
      vertex -9.49442 33.6667 0
    endloop
  endfacet
  facet normal -0.857718 0.514121 0
    outer loop
      vertex -9.49442 33.6667 4
      vertex -9.64577 33.4142 0
      vertex -9.64577 33.4142 4
    endloop
  endfacet
  facet normal -0.671539 0.740969 0
    outer loop
      vertex -8.90318 34.319 0
      vertex -9.12132 34.1213 4
      vertex -8.90318 34.319 4
    endloop
  endfacet
  facet normal -0.671539 0.740969 0
    outer loop
      vertex -9.12132 34.1213 4
      vertex -8.90318 34.319 0
      vertex -9.12132 34.1213 0
    endloop
  endfacet
  facet normal 0.146696 -0.989182 0
    outer loop
      vertex 99.294 15.0144 0
      vertex 99.5853 15.0576 4
      vertex 99.294 15.0144 4
    endloop
  endfacet
  facet normal 0.146696 -0.989182 0
    outer loop
      vertex 99.5853 15.0576 4
      vertex 99.294 15.0144 0
      vertex 99.5853 15.0576 0
    endloop
  endfacet
  facet normal 0.596512 -0.802604 0
    outer loop
      vertex 100.667 15.5056 0
      vertex 100.903 15.681 4
      vertex 100.667 15.5056 4
    endloop
  endfacet
  facet normal 0.596512 -0.802604 0
    outer loop
      vertex 100.903 15.681 4
      vertex 100.667 15.5056 0
      vertex 100.903 15.681 0
    endloop
  endfacet
  facet normal 0.856744 -0.515743 0
    outer loop
      vertex 101.494 16.3333 4
      vertex 101.646 16.5858 0
      vertex 101.646 16.5858 4
    endloop
  endfacet
  facet normal 0.856744 -0.515743 0
    outer loop
      vertex 101.646 16.5858 0
      vertex 101.494 16.3333 4
      vertex 101.494 16.3333 0
    endloop
  endfacet
  facet normal 0.803858 -0.594821 0
    outer loop
      vertex 101.319 16.0968 4
      vertex 101.494 16.3333 0
      vertex 101.494 16.3333 4
    endloop
  endfacet
  facet normal 0.803858 -0.594821 0
    outer loop
      vertex 101.494 16.3333 0
      vertex 101.319 16.0968 4
      vertex 101.319 16.0968 0
    endloop
  endfacet
  facet normal 0.671776 -0.740754 0
    outer loop
      vertex 100.903 15.681 0
      vertex 101.121 15.8787 4
      vertex 100.903 15.681 4
    endloop
  endfacet
  facet normal 0.671776 -0.740754 0
    outer loop
      vertex 101.121 15.8787 4
      vertex 100.903 15.681 0
      vertex 101.121 15.8787 0
    endloop
  endfacet
  facet normal -0.243191 -0.969978 0
    outer loop
      vertex -7.87086 15.1292 0
      vertex -7.58528 15.0576 4
      vertex -7.87086 15.1292 4
    endloop
  endfacet
  facet normal -0.243191 -0.969978 -0
    outer loop
      vertex -7.58528 15.0576 4
      vertex -7.87086 15.1292 0
      vertex -7.58528 15.0576 0
    endloop
  endfacet
  facet normal -0.427625 -0.903956 0
    outer loop
      vertex -8.4142 15.3542 0
      vertex -8.14806 15.2283 4
      vertex -8.4142 15.3542 4
    endloop
  endfacet
  facet normal -0.427625 -0.903956 -0
    outer loop
      vertex -8.14806 15.2283 4
      vertex -8.4142 15.3542 0
      vertex -8.14806 15.2283 0
    endloop
  endfacet
  facet normal -0.903958 -0.427622 0
    outer loop
      vertex -9.64577 16.5858 0
      vertex -9.77165 16.8519 4
      vertex -9.77165 16.8519 0
    endloop
  endfacet
  facet normal -0.903958 -0.427622 0
    outer loop
      vertex -9.77165 16.8519 4
      vertex -9.64577 16.5858 0
      vertex -9.64577 16.5858 4
    endloop
  endfacet
  facet normal -0.970031 -0.242983 0
    outer loop
      vertex -9.87083 17.1291 0
      vertex -9.94237 17.4147 4
      vertex -9.94237 17.4147 0
    endloop
  endfacet
  facet normal -0.970031 -0.242983 0
    outer loop
      vertex -9.94237 17.4147 4
      vertex -9.87083 17.1291 0
      vertex -9.87083 17.1291 4
    endloop
  endfacet
  facet normal -0.740857 -0.671663 0
    outer loop
      vertex -9.12132 15.8787 0
      vertex -9.31905 16.0968 4
      vertex -9.31905 16.0968 0
    endloop
  endfacet
  facet normal -0.740857 -0.671663 0
    outer loop
      vertex -9.31905 16.0968 4
      vertex -9.12132 15.8787 0
      vertex -9.12132 15.8787 4
    endloop
  endfacet
  facet normal 0.903862 0.427824 0
    outer loop
      vertex 101.772 33.148 4
      vertex 101.646 33.4142 0
      vertex 101.646 33.4142 4
    endloop
  endfacet
  facet normal 0.903862 0.427824 0
    outer loop
      vertex 101.646 33.4142 0
      vertex 101.772 33.148 4
      vertex 101.772 33.148 0
    endloop
  endfacet
  facet normal 0.941742 0.336336 0
    outer loop
      vertex 101.871 32.8708 4
      vertex 101.772 33.148 0
      vertex 101.772 33.148 4
    endloop
  endfacet
  facet normal 0.941742 0.336336 0
    outer loop
      vertex 101.772 33.148 0
      vertex 101.871 32.8708 4
      vertex 101.871 32.8708 0
    endloop
  endfacet
  facet normal 0.970442 0.241336 0
    outer loop
      vertex 101.942 32.5853 4
      vertex 101.871 32.8708 0
      vertex 101.871 32.8708 4
    endloop
  endfacet
  facet normal 0.970442 0.241336 0
    outer loop
      vertex 101.871 32.8708 0
      vertex 101.942 32.5853 4
      vertex 101.942 32.5853 0
    endloop
  endfacet
  facet normal 0.740401 0.672166 0
    outer loop
      vertex 101.319 33.9032 4
      vertex 101.121 34.1213 0
      vertex 101.121 34.1213 4
    endloop
  endfacet
  facet normal 0.740401 0.672166 0
    outer loop
      vertex 101.121 34.1213 0
      vertex 101.319 33.9032 4
      vertex 101.319 33.9032 0
    endloop
  endfacet
  facet normal 0.243255 -0.969962 0
    outer loop
      vertex 99.5853 15.0576 0
      vertex 99.8708 15.1292 4
      vertex 99.5853 15.0576 4
    endloop
  endfacet
  facet normal 0.243255 -0.969962 0
    outer loop
      vertex 99.8708 15.1292 4
      vertex 99.5853 15.0576 0
      vertex 99.8708 15.1292 0
    endloop
  endfacet
  facet normal 0.513498 -0.858091 0
    outer loop
      vertex 100.414 15.3542 0
      vertex 100.667 15.5056 4
      vertex 100.414 15.3542 4
    endloop
  endfacet
  facet normal 0.513498 -0.858091 0
    outer loop
      vertex 100.667 15.5056 4
      vertex 100.414 15.3542 0
      vertex 100.667 15.5056 0
    endloop
  endfacet
  facet normal 0.970461 -0.241256 0
    outer loop
      vertex 101.871 17.1291 4
      vertex 101.942 17.4147 0
      vertex 101.942 17.4147 4
    endloop
  endfacet
  facet normal 0.970461 -0.241256 0
    outer loop
      vertex 101.942 17.4147 0
      vertex 101.871 17.1291 4
      vertex 101.871 17.1291 0
    endloop
  endfacet
  facet normal 0.9038 -0.427955 0
    outer loop
      vertex 101.646 16.5858 4
      vertex 101.772 16.8519 0
      vertex 101.772 16.8519 4
    endloop
  endfacet
  facet normal 0.9038 -0.427955 0
    outer loop
      vertex 101.772 16.8519 0
      vertex 101.646 16.5858 4
      vertex 101.646 16.5858 0
    endloop
  endfacet
  facet normal 0.740401 -0.672166 0
    outer loop
      vertex 101.121 15.8787 4
      vertex 101.319 16.0968 0
      vertex 101.319 16.0968 4
    endloop
  endfacet
  facet normal 0.740401 -0.672166 0
    outer loop
      vertex 101.319 16.0968 0
      vertex 101.121 15.8787 4
      vertex 101.121 15.8787 0
    endloop
  endfacet
  facet normal -0.146731 -0.989176 0
    outer loop
      vertex -7.58528 15.0576 0
      vertex -7.29405 15.0144 4
      vertex -7.58528 15.0576 4
    endloop
  endfacet
  facet normal -0.146731 -0.989176 -0
    outer loop
      vertex -7.29405 15.0144 4
      vertex -7.58528 15.0576 0
      vertex -7.29405 15.0144 0
    endloop
  endfacet
  facet normal -0.336638 -0.941634 0
    outer loop
      vertex -8.14806 15.2283 0
      vertex -7.87086 15.1292 4
      vertex -8.14806 15.2283 4
    endloop
  endfacet
  facet normal -0.336638 -0.941634 -0
    outer loop
      vertex -7.87086 15.1292 4
      vertex -8.14806 15.2283 0
      vertex -7.87086 15.1292 0
    endloop
  endfacet
  facet normal -0.514216 -0.857661 0
    outer loop
      vertex -8.66672 15.5056 0
      vertex -8.4142 15.3542 4
      vertex -8.66672 15.5056 4
    endloop
  endfacet
  facet normal -0.514216 -0.857661 -0
    outer loop
      vertex -8.4142 15.3542 4
      vertex -8.66672 15.5056 0
      vertex -8.4142 15.3542 0
    endloop
  endfacet
  facet normal -0.857718 -0.514121 0
    outer loop
      vertex -9.49442 16.3333 0
      vertex -9.64577 16.5858 4
      vertex -9.64577 16.5858 0
    endloop
  endfacet
  facet normal -0.857718 -0.514121 0
    outer loop
      vertex -9.64577 16.5858 4
      vertex -9.49442 16.3333 0
      vertex -9.49442 16.3333 4
    endloop
  endfacet
  facet normal -0.941548 -0.336879 0
    outer loop
      vertex -9.77165 16.8519 0
      vertex -9.87083 17.1291 4
      vertex -9.87083 17.1291 0
    endloop
  endfacet
  facet normal -0.941548 -0.336879 0
    outer loop
      vertex -9.87083 17.1291 4
      vertex -9.77165 16.8519 0
      vertex -9.77165 16.8519 4
    endloop
  endfacet
  facet normal -0.671539 -0.740969 0
    outer loop
      vertex -9.12132 15.8787 0
      vertex -8.90318 15.681 4
      vertex -9.12132 15.8787 4
    endloop
  endfacet
  facet normal -0.671539 -0.740969 -0
    outer loop
      vertex -8.90318 15.681 4
      vertex -9.12132 15.8787 0
      vertex -8.90318 15.681 0
    endloop
  endfacet
  facet normal -0.857733 -0.514096 0
    outer loop
      vertex 8.71975 7.91922 0
      vertex 8.62137 8.08336 4
      vertex 8.62137 8.08336 0
    endloop
  endfacet
  facet normal -0.857733 -0.514096 0
    outer loop
      vertex 8.62137 8.08336 4
      vertex 8.71975 7.91922 0
      vertex 8.71975 7.91922 4
    endloop
  endfacet
  facet normal -0.336892 -0.941543 0
    outer loop
      vertex 7.56605 8.86603 0
      vertex 7.74623 8.80156 4
      vertex 7.56605 8.86603 4
    endloop
  endfacet
  facet normal -0.336892 -0.941543 -0
    outer loop
      vertex 7.74623 8.80156 4
      vertex 7.56605 8.86603 0
      vertex 7.74623 8.80156 0
    endloop
  endfacet
  facet normal 0.42752 -0.904006 0
    outer loop
      vertex 6.08078 8.71975 0
      vertex 6.25377 8.80156 4
      vertex 6.08078 8.71975 4
    endloop
  endfacet
  facet normal 0.42752 -0.904006 0
    outer loop
      vertex 6.25377 8.80156 4
      vertex 6.08078 8.71975 0
      vertex 6.25377 8.80156 0
    endloop
  endfacet
  facet normal 0.94156 -0.336846 0
    outer loop
      vertex 5.13397 7.56605 4
      vertex 5.19843 7.74623 0
      vertex 5.19843 7.74623 4
    endloop
  endfacet
  facet normal 0.94156 -0.336846 0
    outer loop
      vertex 5.19843 7.74623 0
      vertex 5.13397 7.56605 4
      vertex 5.13397 7.56605 0
    endloop
  endfacet
  facet normal -0.998795 0.0490697 0
    outer loop
      vertex 8.94061 6.80887 0
      vertex 8.95 7 4
      vertex 8.95 7 0
    endloop
  endfacet
  facet normal -0.998795 0.0490697 0
    outer loop
      vertex 8.95 7 4
      vertex 8.94061 6.80887 0
      vertex 8.94061 6.80887 4
    endloop
  endfacet
  facet normal -0.514096 -0.857733 0
    outer loop
      vertex 7.91922 8.71975 0
      vertex 8.08336 8.62137 4
      vertex 7.91922 8.71975 4
    endloop
  endfacet
  facet normal -0.514096 -0.857733 -0
    outer loop
      vertex 8.08336 8.62137 4
      vertex 7.91922 8.71975 0
      vertex 8.08336 8.62137 0
    endloop
  endfacet
  facet normal 0.803205 -0.595702 0
    outer loop
      vertex 5.37863 8.08336 4
      vertex 5.49263 8.23707 0
      vertex 5.49263 8.23707 4
    endloop
  endfacet
  facet normal 0.803205 -0.595702 0
    outer loop
      vertex 5.49263 8.23707 0
      vertex 5.37863 8.08336 4
      vertex 5.37863 8.08336 0
    endloop
  endfacet
  facet normal 0.242991 -0.970029 0
    outer loop
      vertex 6.43394 8.86603 0
      vertex 6.61957 8.91253 4
      vertex 6.43394 8.86603 4
    endloop
  endfacet
  facet normal 0.242991 -0.970029 0
    outer loop
      vertex 6.61957 8.91253 4
      vertex 6.43394 8.86603 0
      vertex 6.61957 8.91253 0
    endloop
  endfacet
  facet normal -0.514096 0.857733 0
    outer loop
      vertex 8.08336 5.37863 0
      vertex 7.91922 5.28025 4
      vertex 8.08336 5.37863 4
    endloop
  endfacet
  facet normal -0.514096 0.857733 0
    outer loop
      vertex 7.91922 5.28025 4
      vertex 8.08336 5.37863 0
      vertex 7.91922 5.28025 0
    endloop
  endfacet
  facet normal 0.857733 0.514096 0
    outer loop
      vertex 5.37863 5.91664 4
      vertex 5.28025 6.08078 0
      vertex 5.28025 6.08078 4
    endloop
  endfacet
  facet normal 0.857733 0.514096 0
    outer loop
      vertex 5.28025 6.08078 0
      vertex 5.37863 5.91664 4
      vertex 5.37863 5.91664 0
    endloop
  endfacet
  facet normal -0.989177 -0.14673 0
    outer loop
      vertex 8.94061 7.19113 0
      vertex 8.91253 7.38043 4
      vertex 8.91253 7.38043 0
    endloop
  endfacet
  facet normal -0.989177 -0.14673 0
    outer loop
      vertex 8.91253 7.38043 4
      vertex 8.94061 7.19113 0
      vertex 8.94061 7.19113 4
    endloop
  endfacet
  facet normal -0.803205 -0.595702 0
    outer loop
      vertex 8.62137 8.08336 0
      vertex 8.50737 8.23707 4
      vertex 8.50737 8.23707 0
    endloop
  endfacet
  facet normal -0.803205 -0.595702 0
    outer loop
      vertex 8.50737 8.23707 4
      vertex 8.62137 8.08336 0
      vertex 8.62137 8.08336 4
    endloop
  endfacet
  facet normal -0.671556 -0.740954 0
    outer loop
      vertex 8.23707 8.50737 0
      vertex 8.37886 8.37886 4
      vertex 8.23707 8.50737 4
    endloop
  endfacet
  facet normal -0.671556 -0.740954 -0
    outer loop
      vertex 8.37886 8.37886 4
      vertex 8.23707 8.50737 0
      vertex 8.37886 8.37886 0
    endloop
  endfacet
  facet normal -0.740954 -0.671556 0
    outer loop
      vertex 8.50737 8.23707 0
      vertex 8.37886 8.37886 4
      vertex 8.37886 8.37886 0
    endloop
  endfacet
  facet normal -0.740954 -0.671556 0
    outer loop
      vertex 8.37886 8.37886 4
      vertex 8.50737 8.23707 0
      vertex 8.50737 8.23707 4
    endloop
  endfacet
  facet normal 0.0490697 -0.998795 0
    outer loop
      vertex 6.80887 8.94061 0
      vertex 7 8.95 4
      vertex 6.80887 8.94061 4
    endloop
  endfacet
  facet normal 0.0490697 -0.998795 0
    outer loop
      vertex 7 8.95 4
      vertex 6.80887 8.94061 0
      vertex 7 8.95 0
    endloop
  endfacet
  facet normal -0.243003 -0.970026 0
    outer loop
      vertex 7.38043 8.91253 0
      vertex 7.56605 8.86603 4
      vertex 7.38043 8.91253 4
    endloop
  endfacet
  facet normal -0.243003 -0.970026 -0
    outer loop
      vertex 7.56605 8.86603 4
      vertex 7.38043 8.91253 0
      vertex 7.56605 8.86603 0
    endloop
  endfacet
  facet normal -0.14673 -0.989177 0
    outer loop
      vertex 7.19113 8.94061 0
      vertex 7.38043 8.91253 4
      vertex 7.19113 8.94061 4
    endloop
  endfacet
  facet normal -0.14673 -0.989177 -0
    outer loop
      vertex 7.38043 8.91253 4
      vertex 7.19113 8.94061 0
      vertex 7.38043 8.91253 0
    endloop
  endfacet
  facet normal -0.42752 -0.904006 0
    outer loop
      vertex 7.74623 8.80156 0
      vertex 7.91922 8.71975 4
      vertex 7.74623 8.80156 4
    endloop
  endfacet
  facet normal -0.42752 -0.904006 -0
    outer loop
      vertex 7.91922 8.71975 4
      vertex 7.74623 8.80156 0
      vertex 7.91922 8.71975 0
    endloop
  endfacet
  facet normal -0.595702 -0.803205 0
    outer loop
      vertex 8.08336 8.62137 0
      vertex 8.23707 8.50737 4
      vertex 8.08336 8.62137 4
    endloop
  endfacet
  facet normal -0.595702 -0.803205 -0
    outer loop
      vertex 8.23707 8.50737 4
      vertex 8.08336 8.62137 0
      vertex 8.23707 8.50737 0
    endloop
  endfacet
  facet normal 0.998795 0.0490697 0
    outer loop
      vertex 5.05939 6.80887 4
      vertex 5.05 7 0
      vertex 5.05 7 4
    endloop
  endfacet
  facet normal 0.998795 0.0490697 0
    outer loop
      vertex 5.05 7 0
      vertex 5.05939 6.80887 4
      vertex 5.05939 6.80887 0
    endloop
  endfacet
  facet normal 0.970026 -0.243003 0
    outer loop
      vertex 5.08747 7.38043 4
      vertex 5.13397 7.56605 0
      vertex 5.13397 7.56605 4
    endloop
  endfacet
  facet normal 0.970026 -0.243003 0
    outer loop
      vertex 5.13397 7.56605 0
      vertex 5.08747 7.38043 4
      vertex 5.08747 7.38043 0
    endloop
  endfacet
  facet normal 0.989177 -0.14673 0
    outer loop
      vertex 5.05939 7.19113 4
      vertex 5.08747 7.38043 0
      vertex 5.08747 7.38043 4
    endloop
  endfacet
  facet normal 0.989177 -0.14673 0
    outer loop
      vertex 5.08747 7.38043 0
      vertex 5.05939 7.19113 4
      vertex 5.05939 7.19113 0
    endloop
  endfacet
  facet normal 0.903986 -0.427563 0
    outer loop
      vertex 5.19843 7.74623 4
      vertex 5.28025 7.91922 0
      vertex 5.28025 7.91922 4
    endloop
  endfacet
  facet normal 0.903986 -0.427563 0
    outer loop
      vertex 5.28025 7.91922 0
      vertex 5.19843 7.74623 4
      vertex 5.19843 7.74623 0
    endloop
  endfacet
  facet normal 0.857733 -0.514096 0
    outer loop
      vertex 5.28025 7.91922 4
      vertex 5.37863 8.08336 0
      vertex 5.37863 8.08336 4
    endloop
  endfacet
  facet normal 0.857733 -0.514096 0
    outer loop
      vertex 5.37863 8.08336 0
      vertex 5.28025 7.91922 4
      vertex 5.28025 7.91922 0
    endloop
  endfacet
  facet normal 0.336909 -0.941537 0
    outer loop
      vertex 6.25377 8.80156 0
      vertex 6.43394 8.86603 4
      vertex 6.25377 8.80156 4
    endloop
  endfacet
  facet normal 0.336909 -0.941537 0
    outer loop
      vertex 6.43394 8.86603 4
      vertex 6.25377 8.80156 0
      vertex 6.43394 8.86603 0
    endloop
  endfacet
  facet normal 0.14673 -0.989177 0
    outer loop
      vertex 6.61957 8.91253 0
      vertex 6.80887 8.94061 4
      vertex 6.61957 8.91253 4
    endloop
  endfacet
  facet normal 0.14673 -0.989177 0
    outer loop
      vertex 6.80887 8.94061 4
      vertex 6.61957 8.91253 0
      vertex 6.80887 8.94061 0
    endloop
  endfacet
  facet normal 0.595702 -0.803205 0
    outer loop
      vertex 5.76293 8.50737 0
      vertex 5.91664 8.62137 4
      vertex 5.76293 8.50737 4
    endloop
  endfacet
  facet normal 0.595702 -0.803205 0
    outer loop
      vertex 5.91664 8.62137 4
      vertex 5.76293 8.50737 0
      vertex 5.91664 8.62137 0
    endloop
  endfacet
  facet normal 0.671556 -0.740954 0
    outer loop
      vertex 5.62114 8.37886 0
      vertex 5.76293 8.50737 4
      vertex 5.62114 8.37886 4
    endloop
  endfacet
  facet normal 0.671556 -0.740954 0
    outer loop
      vertex 5.76293 8.50737 4
      vertex 5.62114 8.37886 0
      vertex 5.76293 8.50737 0
    endloop
  endfacet
  facet normal 0.514096 -0.857733 0
    outer loop
      vertex 5.91664 8.62137 0
      vertex 6.08078 8.71975 4
      vertex 5.91664 8.62137 4
    endloop
  endfacet
  facet normal 0.514096 -0.857733 0
    outer loop
      vertex 6.08078 8.71975 4
      vertex 5.91664 8.62137 0
      vertex 6.08078 8.71975 0
    endloop
  endfacet
  facet normal 0.740954 -0.671556 0
    outer loop
      vertex 5.49263 8.23707 4
      vertex 5.62114 8.37886 0
      vertex 5.62114 8.37886 4
    endloop
  endfacet
  facet normal 0.740954 -0.671556 0
    outer loop
      vertex 5.62114 8.37886 0
      vertex 5.49263 8.23707 4
      vertex 5.49263 8.23707 0
    endloop
  endfacet
  facet normal -0.998795 -0.0490697 0
    outer loop
      vertex 8.95 7 0
      vertex 8.94061 7.19113 4
      vertex 8.94061 7.19113 0
    endloop
  endfacet
  facet normal -0.998795 -0.0490697 0
    outer loop
      vertex 8.94061 7.19113 4
      vertex 8.95 7 0
      vertex 8.95 7 4
    endloop
  endfacet
  facet normal -0.970029 0.242991 0
    outer loop
      vertex 8.86603 6.43394 0
      vertex 8.91253 6.61957 4
      vertex 8.91253 6.61957 0
    endloop
  endfacet
  facet normal -0.970029 0.242991 0
    outer loop
      vertex 8.91253 6.61957 4
      vertex 8.86603 6.43394 0
      vertex 8.86603 6.43394 4
    endloop
  endfacet
  facet normal -0.427563 0.903986 0
    outer loop
      vertex 7.91922 5.28025 0
      vertex 7.74623 5.19843 4
      vertex 7.91922 5.28025 4
    endloop
  endfacet
  facet normal -0.427563 0.903986 0
    outer loop
      vertex 7.74623 5.19843 4
      vertex 7.91922 5.28025 0
      vertex 7.74623 5.19843 0
    endloop
  endfacet
  facet normal -0.904006 -0.42752 0
    outer loop
      vertex 8.80156 7.74623 0
      vertex 8.71975 7.91922 4
      vertex 8.71975 7.91922 0
    endloop
  endfacet
  facet normal -0.904006 -0.42752 0
    outer loop
      vertex 8.71975 7.91922 4
      vertex 8.80156 7.74623 0
      vertex 8.80156 7.74623 4
    endloop
  endfacet
  facet normal -0.941543 -0.336892 0
    outer loop
      vertex 8.86603 7.56605 0
      vertex 8.80156 7.74623 4
      vertex 8.80156 7.74623 0
    endloop
  endfacet
  facet normal -0.941543 -0.336892 0
    outer loop
      vertex 8.80156 7.74623 4
      vertex 8.86603 7.56605 0
      vertex 8.86603 7.56605 4
    endloop
  endfacet
  facet normal -0.970026 -0.243003 0
    outer loop
      vertex 8.91253 7.38043 0
      vertex 8.86603 7.56605 4
      vertex 8.86603 7.56605 0
    endloop
  endfacet
  facet normal -0.970026 -0.243003 0
    outer loop
      vertex 8.86603 7.56605 4
      vertex 8.91253 7.38043 0
      vertex 8.91253 7.38043 4
    endloop
  endfacet
  facet normal -0.0490697 -0.998795 0
    outer loop
      vertex 7 8.95 0
      vertex 7.19113 8.94061 4
      vertex 7 8.95 4
    endloop
  endfacet
  facet normal -0.0490697 -0.998795 -0
    outer loop
      vertex 7.19113 8.94061 4
      vertex 7 8.95 0
      vertex 7.19113 8.94061 0
    endloop
  endfacet
  facet normal 0.998795 -0.0490697 0
    outer loop
      vertex 5.05 7 4
      vertex 5.05939 7.19113 0
      vertex 5.05939 7.19113 4
    endloop
  endfacet
  facet normal 0.998795 -0.0490697 0
    outer loop
      vertex 5.05939 7.19113 0
      vertex 5.05 7 4
      vertex 5.05 7 0
    endloop
  endfacet
  facet normal -0.941537 0.336909 0
    outer loop
      vertex 8.80156 6.25377 0
      vertex 8.86603 6.43394 4
      vertex 8.86603 6.43394 0
    endloop
  endfacet
  facet normal -0.941537 0.336909 0
    outer loop
      vertex 8.86603 6.43394 4
      vertex 8.80156 6.25377 0
      vertex 8.80156 6.25377 4
    endloop
  endfacet
  facet normal -0.904006 0.42752 0
    outer loop
      vertex 8.71975 6.08078 0
      vertex 8.80156 6.25377 4
      vertex 8.80156 6.25377 0
    endloop
  endfacet
  facet normal -0.904006 0.42752 0
    outer loop
      vertex 8.80156 6.25377 4
      vertex 8.71975 6.08078 0
      vertex 8.71975 6.08078 4
    endloop
  endfacet
  facet normal 0.0490697 0.998795 -0
    outer loop
      vertex 7 5.05 0
      vertex 6.80887 5.05939 4
      vertex 7 5.05 4
    endloop
  endfacet
  facet normal 0.0490697 0.998795 0
    outer loop
      vertex 6.80887 5.05939 4
      vertex 7 5.05 0
      vertex 6.80887 5.05939 0
    endloop
  endfacet
  facet normal 0.427563 0.903986 -0
    outer loop
      vertex 6.25377 5.19843 0
      vertex 6.08078 5.28025 4
      vertex 6.25377 5.19843 4
    endloop
  endfacet
  facet normal 0.427563 0.903986 0
    outer loop
      vertex 6.08078 5.28025 4
      vertex 6.25377 5.19843 0
      vertex 6.08078 5.28025 0
    endloop
  endfacet
  facet normal 0.989177 0.14673 0
    outer loop
      vertex 5.08747 6.61957 4
      vertex 5.05939 6.80887 0
      vertex 5.05939 6.80887 4
    endloop
  endfacet
  facet normal 0.989177 0.14673 0
    outer loop
      vertex 5.05939 6.80887 0
      vertex 5.08747 6.61957 4
      vertex 5.08747 6.61957 0
    endloop
  endfacet
  facet normal 0.941554 0.336863 0
    outer loop
      vertex 5.19843 6.25377 4
      vertex 5.13397 6.43394 0
      vertex 5.13397 6.43394 4
    endloop
  endfacet
  facet normal 0.941554 0.336863 0
    outer loop
      vertex 5.13397 6.43394 0
      vertex 5.19843 6.25377 4
      vertex 5.19843 6.25377 0
    endloop
  endfacet
  facet normal -0.14673 0.989177 0
    outer loop
      vertex 7.38043 5.08747 0
      vertex 7.19113 5.05939 4
      vertex 7.38043 5.08747 4
    endloop
  endfacet
  facet normal -0.14673 0.989177 0
    outer loop
      vertex 7.19113 5.05939 4
      vertex 7.38043 5.08747 0
      vertex 7.19113 5.05939 0
    endloop
  endfacet
  facet normal -0.336846 0.94156 0
    outer loop
      vertex 7.74623 5.19843 0
      vertex 7.56605 5.13397 4
      vertex 7.74623 5.19843 4
    endloop
  endfacet
  facet normal -0.336846 0.94156 0
    outer loop
      vertex 7.56605 5.13397 4
      vertex 7.74623 5.19843 0
      vertex 7.56605 5.13397 0
    endloop
  endfacet
  facet normal -0.989177 0.14673 0
    outer loop
      vertex 8.91253 6.61957 0
      vertex 8.94061 6.80887 4
      vertex 8.94061 6.80887 0
    endloop
  endfacet
  facet normal -0.989177 0.14673 0
    outer loop
      vertex 8.94061 6.80887 4
      vertex 8.91253 6.61957 0
      vertex 8.91253 6.61957 4
    endloop
  endfacet
  facet normal -0.803205 0.595702 0
    outer loop
      vertex 8.50737 5.76293 0
      vertex 8.62137 5.91664 4
      vertex 8.62137 5.91664 0
    endloop
  endfacet
  facet normal -0.803205 0.595702 0
    outer loop
      vertex 8.62137 5.91664 4
      vertex 8.50737 5.76293 0
      vertex 8.50737 5.76293 4
    endloop
  endfacet
  facet normal -0.857733 0.514096 0
    outer loop
      vertex 8.62137 5.91664 0
      vertex 8.71975 6.08078 4
      vertex 8.71975 6.08078 0
    endloop
  endfacet
  facet normal -0.857733 0.514096 0
    outer loop
      vertex 8.71975 6.08078 4
      vertex 8.62137 5.91664 0
      vertex 8.62137 5.91664 4
    endloop
  endfacet
  facet normal 0.595702 0.803205 -0
    outer loop
      vertex 5.91664 5.37863 0
      vertex 5.76293 5.49263 4
      vertex 5.91664 5.37863 4
    endloop
  endfacet
  facet normal 0.595702 0.803205 0
    outer loop
      vertex 5.76293 5.49263 4
      vertex 5.91664 5.37863 0
      vertex 5.76293 5.49263 0
    endloop
  endfacet
  facet normal -0.0490697 0.998795 0
    outer loop
      vertex 7.19113 5.05939 0
      vertex 7 5.05 4
      vertex 7.19113 5.05939 4
    endloop
  endfacet
  facet normal -0.0490697 0.998795 0
    outer loop
      vertex 7 5.05 4
      vertex 7.19113 5.05939 0
      vertex 7 5.05 0
    endloop
  endfacet
  facet normal 0.336863 0.941554 -0
    outer loop
      vertex 6.43394 5.13397 0
      vertex 6.25377 5.19843 4
      vertex 6.43394 5.13397 4
    endloop
  endfacet
  facet normal 0.336863 0.941554 0
    outer loop
      vertex 6.25377 5.19843 4
      vertex 6.43394 5.13397 0
      vertex 6.25377 5.19843 0
    endloop
  endfacet
  facet normal 0.242991 0.970029 -0
    outer loop
      vertex 6.61957 5.08747 0
      vertex 6.43394 5.13397 4
      vertex 6.61957 5.08747 4
    endloop
  endfacet
  facet normal 0.242991 0.970029 0
    outer loop
      vertex 6.43394 5.13397 4
      vertex 6.61957 5.08747 0
      vertex 6.43394 5.13397 0
    endloop
  endfacet
  facet normal 0.14673 0.989177 -0
    outer loop
      vertex 6.80887 5.05939 0
      vertex 6.61957 5.08747 4
      vertex 6.80887 5.05939 4
    endloop
  endfacet
  facet normal 0.14673 0.989177 0
    outer loop
      vertex 6.61957 5.08747 4
      vertex 6.80887 5.05939 0
      vertex 6.61957 5.08747 0
    endloop
  endfacet
  facet normal 0.514096 0.857733 -0
    outer loop
      vertex 6.08078 5.28025 0
      vertex 5.91664 5.37863 4
      vertex 6.08078 5.28025 4
    endloop
  endfacet
  facet normal 0.514096 0.857733 0
    outer loop
      vertex 5.91664 5.37863 4
      vertex 6.08078 5.28025 0
      vertex 5.91664 5.37863 0
    endloop
  endfacet
  facet normal 0.970029 0.242991 0
    outer loop
      vertex 5.13397 6.43394 4
      vertex 5.08747 6.61957 0
      vertex 5.08747 6.61957 4
    endloop
  endfacet
  facet normal 0.970029 0.242991 0
    outer loop
      vertex 5.08747 6.61957 0
      vertex 5.13397 6.43394 4
      vertex 5.13397 6.43394 0
    endloop
  endfacet
  facet normal 0.903986 0.427563 0
    outer loop
      vertex 5.28025 6.08078 4
      vertex 5.19843 6.25377 0
      vertex 5.19843 6.25377 4
    endloop
  endfacet
  facet normal 0.903986 0.427563 0
    outer loop
      vertex 5.19843 6.25377 0
      vertex 5.28025 6.08078 4
      vertex 5.28025 6.08078 0
    endloop
  endfacet
  facet normal 0.803205 0.595702 0
    outer loop
      vertex 5.49263 5.76293 4
      vertex 5.37863 5.91664 0
      vertex 5.37863 5.91664 4
    endloop
  endfacet
  facet normal 0.803205 0.595702 0
    outer loop
      vertex 5.37863 5.91664 0
      vertex 5.49263 5.76293 4
      vertex 5.49263 5.76293 0
    endloop
  endfacet
  facet normal 0.671556 0.740954 -0
    outer loop
      vertex 5.76293 5.49263 0
      vertex 5.62114 5.62114 4
      vertex 5.76293 5.49263 4
    endloop
  endfacet
  facet normal 0.671556 0.740954 0
    outer loop
      vertex 5.62114 5.62114 4
      vertex 5.76293 5.49263 0
      vertex 5.62114 5.62114 0
    endloop
  endfacet
  facet normal 0.740954 0.671556 0
    outer loop
      vertex 5.62114 5.62114 4
      vertex 5.49263 5.76293 0
      vertex 5.49263 5.76293 4
    endloop
  endfacet
  facet normal 0.740954 0.671556 0
    outer loop
      vertex 5.49263 5.76293 0
      vertex 5.62114 5.62114 4
      vertex 5.62114 5.62114 0
    endloop
  endfacet
  facet normal -0.243003 0.970026 0
    outer loop
      vertex 7.56605 5.13397 0
      vertex 7.38043 5.08747 4
      vertex 7.56605 5.13397 4
    endloop
  endfacet
  facet normal -0.243003 0.970026 0
    outer loop
      vertex 7.38043 5.08747 4
      vertex 7.56605 5.13397 0
      vertex 7.38043 5.08747 0
    endloop
  endfacet
  facet normal -0.595702 0.803205 0
    outer loop
      vertex 8.23707 5.49263 0
      vertex 8.08336 5.37863 4
      vertex 8.23707 5.49263 4
    endloop
  endfacet
  facet normal -0.595702 0.803205 0
    outer loop
      vertex 8.08336 5.37863 4
      vertex 8.23707 5.49263 0
      vertex 8.08336 5.37863 0
    endloop
  endfacet
  facet normal -0.740954 0.671556 0
    outer loop
      vertex 8.37886 5.62114 0
      vertex 8.50737 5.76293 4
      vertex 8.50737 5.76293 0
    endloop
  endfacet
  facet normal -0.740954 0.671556 0
    outer loop
      vertex 8.50737 5.76293 4
      vertex 8.37886 5.62114 0
      vertex 8.37886 5.62114 4
    endloop
  endfacet
  facet normal -0.671556 0.740954 0
    outer loop
      vertex 8.37886 5.62114 0
      vertex 8.23707 5.49263 4
      vertex 8.37886 5.62114 4
    endloop
  endfacet
  facet normal -0.671556 0.740954 0
    outer loop
      vertex 8.23707 5.49263 4
      vertex 8.37886 5.62114 0
      vertex 8.23707 5.49263 0
    endloop
  endfacet
  facet normal -0.998795 -0.0490774 0
    outer loop
      vertex 8.95 43 0
      vertex 8.94061 43.1911 4
      vertex 8.94061 43.1911 0
    endloop
  endfacet
  facet normal -0.998795 -0.0490774 0
    outer loop
      vertex 8.94061 43.1911 4
      vertex 8.95 43 0
      vertex 8.95 43 4
    endloop
  endfacet
  facet normal 0.0491218 -0.998793 0
    outer loop
      vertex 6.80887 44.9406 0
      vertex 7 44.95 4
      vertex 6.80887 44.9406 4
    endloop
  endfacet
  facet normal 0.0491218 -0.998793 0
    outer loop
      vertex 7 44.95 4
      vertex 6.80887 44.9406 0
      vertex 7 44.95 0
    endloop
  endfacet
  facet normal -0.671527 -0.74098 0
    outer loop
      vertex 8.23707 44.5074 0
      vertex 8.37886 44.3789 4
      vertex 8.23707 44.5074 4
    endloop
  endfacet
  facet normal -0.671527 -0.74098 -0
    outer loop
      vertex 8.37886 44.3789 4
      vertex 8.23707 44.5074 0
      vertex 8.37886 44.3789 0
    endloop
  endfacet
  facet normal 0.740977 -0.67153 0
    outer loop
      vertex 5.49263 44.2371 4
      vertex 5.62114 44.3789 0
      vertex 5.62114 44.3789 4
    endloop
  endfacet
  facet normal 0.740977 -0.67153 0
    outer loop
      vertex 5.62114 44.3789 0
      vertex 5.49263 44.2371 4
      vertex 5.49263 44.2371 0
    endloop
  endfacet
  facet normal 0.427904 -0.903824 0
    outer loop
      vertex 6.08078 44.7197 0
      vertex 6.25377 44.8016 4
      vertex 6.08078 44.7197 4
    endloop
  endfacet
  facet normal 0.427904 -0.903824 0
    outer loop
      vertex 6.25377 44.8016 4
      vertex 6.08078 44.7197 0
      vertex 6.25377 44.8016 0
    endloop
  endfacet
  facet normal -0.904015 -0.4275 0
    outer loop
      vertex 8.80156 43.7462 0
      vertex 8.71975 43.9192 4
      vertex 8.71975 43.9192 0
    endloop
  endfacet
  facet normal -0.904015 -0.4275 0
    outer loop
      vertex 8.71975 43.9192 4
      vertex 8.80156 43.7462 0
      vertex 8.80156 43.7462 4
    endloop
  endfacet
  facet normal -0.336568 -0.941659 0
    outer loop
      vertex 7.56605 44.866 0
      vertex 7.74623 44.8016 4
      vertex 7.56605 44.866 4
    endloop
  endfacet
  facet normal -0.336568 -0.941659 -0
    outer loop
      vertex 7.74623 44.8016 4
      vertex 7.56605 44.866 0
      vertex 7.74623 44.8016 0
    endloop
  endfacet
  facet normal 0.903995 -0.427543 0
    outer loop
      vertex 5.19843 43.7462 4
      vertex 5.28025 43.9192 0
      vertex 5.28025 43.9192 4
    endloop
  endfacet
  facet normal 0.903995 -0.427543 0
    outer loop
      vertex 5.28025 43.9192 0
      vertex 5.19843 43.7462 4
      vertex 5.19843 43.7462 0
    endloop
  endfacet
  facet normal 0.857815 -0.513958 0
    outer loop
      vertex 5.28025 43.9192 4
      vertex 5.37863 44.0834 0
      vertex 5.37863 44.0834 4
    endloop
  endfacet
  facet normal 0.857815 -0.513958 0
    outer loop
      vertex 5.37863 44.0834 0
      vertex 5.28025 43.9192 4
      vertex 5.28025 43.9192 0
    endloop
  endfacet
  facet normal 0.998795 0.0490774 0
    outer loop
      vertex 5.05939 42.8089 4
      vertex 5.05 43 0
      vertex 5.05 43 4
    endloop
  endfacet
  facet normal 0.998795 0.0490774 0
    outer loop
      vertex 5.05 43 0
      vertex 5.05939 42.8089 4
      vertex 5.05939 42.8089 0
    endloop
  endfacet
  facet normal -0.146833 0.989161 0
    outer loop
      vertex 7.38043 41.0875 0
      vertex 7.19113 41.0594 4
      vertex 7.38043 41.0875 4
    endloop
  endfacet
  facet normal -0.146833 0.989161 0
    outer loop
      vertex 7.19113 41.0594 4
      vertex 7.38043 41.0875 0
      vertex 7.19113 41.0594 0
    endloop
  endfacet
  facet normal -0.97005 -0.242904 0
    outer loop
      vertex 8.91253 43.3804 0
      vertex 8.86603 43.5661 4
      vertex 8.86603 43.5661 0
    endloop
  endfacet
  facet normal -0.97005 -0.242904 0
    outer loop
      vertex 8.86603 43.5661 4
      vertex 8.91253 43.3804 0
      vertex 8.91253 43.3804 4
    endloop
  endfacet
  facet normal -0.989177 -0.14673 0
    outer loop
      vertex 8.94061 43.1911 0
      vertex 8.91253 43.3804 4
      vertex 8.91253 43.3804 0
    endloop
  endfacet
  facet normal -0.989177 -0.14673 0
    outer loop
      vertex 8.91253 43.3804 4
      vertex 8.94061 43.1911 0
      vertex 8.94061 43.1911 4
    endloop
  endfacet
  facet normal -0.941496 -0.337025 0
    outer loop
      vertex 8.86603 43.5661 0
      vertex 8.80156 43.7462 4
      vertex 8.80156 43.7462 0
    endloop
  endfacet
  facet normal -0.941496 -0.337025 0
    outer loop
      vertex 8.80156 43.7462 4
      vertex 8.86603 43.5661 0
      vertex 8.86603 43.5661 4
    endloop
  endfacet
  facet normal -0.803187 -0.595727 0
    outer loop
      vertex 8.62137 44.0834 0
      vertex 8.50737 44.2371 4
      vertex 8.50737 44.2371 0
    endloop
  endfacet
  facet normal -0.803187 -0.595727 0
    outer loop
      vertex 8.50737 44.2371 4
      vertex 8.62137 44.0834 0
      vertex 8.62137 44.0834 4
    endloop
  endfacet
  facet normal -0.740977 -0.67153 0
    outer loop
      vertex 8.50737 44.2371 0
      vertex 8.37886 44.3789 4
      vertex 8.37886 44.3789 0
    endloop
  endfacet
  facet normal -0.740977 -0.67153 0
    outer loop
      vertex 8.37886 44.3789 4
      vertex 8.50737 44.2371 0
      vertex 8.50737 44.2371 4
    endloop
  endfacet
  facet normal -0.146833 -0.989161 0
    outer loop
      vertex 7.19113 44.9406 0
      vertex 7.38043 44.9125 4
      vertex 7.19113 44.9406 4
    endloop
  endfacet
  facet normal -0.146833 -0.989161 -0
    outer loop
      vertex 7.38043 44.9125 4
      vertex 7.19113 44.9406 0
      vertex 7.38043 44.9125 0
    endloop
  endfacet
  facet normal -0.595702 -0.803205 0
    outer loop
      vertex 8.08336 44.6214 0
      vertex 8.23707 44.5074 4
      vertex 8.08336 44.6214 4
    endloop
  endfacet
  facet normal -0.595702 -0.803205 -0
    outer loop
      vertex 8.23707 44.5074 4
      vertex 8.08336 44.6214 0
      vertex 8.23707 44.5074 0
    endloop
  endfacet
  facet normal -0.513788 -0.857917 0
    outer loop
      vertex 7.91922 44.7197 0
      vertex 8.08336 44.6214 4
      vertex 7.91922 44.7197 4
    endloop
  endfacet
  facet normal -0.513788 -0.857917 -0
    outer loop
      vertex 8.08336 44.6214 4
      vertex 7.91922 44.7197 0
      vertex 8.08336 44.6214 0
    endloop
  endfacet
  facet normal 0.941512 -0.336979 0
    outer loop
      vertex 5.13397 43.5661 4
      vertex 5.19843 43.7462 0
      vertex 5.19843 43.7462 4
    endloop
  endfacet
  facet normal 0.941512 -0.336979 0
    outer loop
      vertex 5.19843 43.7462 0
      vertex 5.13397 43.5661 4
      vertex 5.13397 43.5661 0
    endloop
  endfacet
  facet normal 0.989177 -0.14673 0
    outer loop
      vertex 5.05939 43.1911 4
      vertex 5.08747 43.3804 0
      vertex 5.08747 43.3804 4
    endloop
  endfacet
  facet normal 0.989177 -0.14673 0
    outer loop
      vertex 5.08747 43.3804 0
      vertex 5.05939 43.1911 4
      vertex 5.05939 43.1911 0
    endloop
  endfacet
  facet normal 0.595702 -0.803205 0
    outer loop
      vertex 5.76293 44.5074 0
      vertex 5.91664 44.6214 4
      vertex 5.76293 44.5074 4
    endloop
  endfacet
  facet normal 0.595702 -0.803205 0
    outer loop
      vertex 5.91664 44.6214 4
      vertex 5.76293 44.5074 0
      vertex 5.91664 44.6214 0
    endloop
  endfacet
  facet normal 0.146833 -0.989161 0
    outer loop
      vertex 6.61957 44.9125 0
      vertex 6.80887 44.9406 4
      vertex 6.61957 44.9125 4
    endloop
  endfacet
  facet normal 0.146833 -0.989161 0
    outer loop
      vertex 6.80887 44.9406 4
      vertex 6.61957 44.9125 0
      vertex 6.80887 44.9406 0
    endloop
  endfacet
  facet normal 0.242991 -0.970029 0
    outer loop
      vertex 6.43394 44.866 0
      vertex 6.61957 44.9125 4
      vertex 6.43394 44.866 4
    endloop
  endfacet
  facet normal 0.242991 -0.970029 0
    outer loop
      vertex 6.61957 44.9125 4
      vertex 6.43394 44.866 0
      vertex 6.61957 44.9125 0
    endloop
  endfacet
  facet normal -0.998795 0.0490774 0
    outer loop
      vertex 8.94061 42.8089 0
      vertex 8.95 43 4
      vertex 8.95 43 0
    endloop
  endfacet
  facet normal -0.998795 0.0490774 0
    outer loop
      vertex 8.95 43 4
      vertex 8.94061 42.8089 0
      vertex 8.94061 42.8089 4
    endloop
  endfacet
  facet normal -0.513788 0.857917 0
    outer loop
      vertex 8.08336 41.3786 0
      vertex 7.91922 41.2803 4
      vertex 8.08336 41.3786 4
    endloop
  endfacet
  facet normal -0.513788 0.857917 0
    outer loop
      vertex 7.91922 41.2803 4
      vertex 8.08336 41.3786 0
      vertex 7.91922 41.2803 0
    endloop
  endfacet
  facet normal -0.857815 0.513958 0
    outer loop
      vertex 8.62137 41.9166 0
      vertex 8.71975 42.0808 4
      vertex 8.71975 42.0808 0
    endloop
  endfacet
  facet normal -0.857815 0.513958 0
    outer loop
      vertex 8.71975 42.0808 4
      vertex 8.62137 41.9166 0
      vertex 8.62137 41.9166 4
    endloop
  endfacet
  facet normal 0.740977 0.67153 0
    outer loop
      vertex 5.62114 41.6211 4
      vertex 5.49263 41.7629 0
      vertex 5.49263 41.7629 4
    endloop
  endfacet
  facet normal 0.740977 0.67153 0
    outer loop
      vertex 5.49263 41.7629 0
      vertex 5.62114 41.6211 4
      vertex 5.62114 41.6211 0
    endloop
  endfacet
  facet normal 0.903995 0.427543 0
    outer loop
      vertex 5.28025 42.0808 4
      vertex 5.19843 42.2538 0
      vertex 5.19843 42.2538 4
    endloop
  endfacet
  facet normal 0.903995 0.427543 0
    outer loop
      vertex 5.19843 42.2538 0
      vertex 5.28025 42.0808 4
      vertex 5.28025 42.0808 0
    endloop
  endfacet
  facet normal -0.427904 0.903824 0
    outer loop
      vertex 7.91922 41.2803 0
      vertex 7.74623 41.1984 4
      vertex 7.91922 41.2803 4
    endloop
  endfacet
  facet normal -0.427904 0.903824 0
    outer loop
      vertex 7.74623 41.1984 4
      vertex 7.91922 41.2803 0
      vertex 7.74623 41.1984 0
    endloop
  endfacet
  facet normal -0.336568 0.941659 0
    outer loop
      vertex 7.74623 41.1984 0
      vertex 7.56605 41.134 4
      vertex 7.74623 41.1984 4
    endloop
  endfacet
  facet normal -0.336568 0.941659 0
    outer loop
      vertex 7.56605 41.134 4
      vertex 7.74623 41.1984 0
      vertex 7.56605 41.134 0
    endloop
  endfacet
  facet normal -0.857815 -0.513958 0
    outer loop
      vertex 8.71975 43.9192 0
      vertex 8.62137 44.0834 4
      vertex 8.62137 44.0834 0
    endloop
  endfacet
  facet normal -0.857815 -0.513958 0
    outer loop
      vertex 8.62137 44.0834 4
      vertex 8.71975 43.9192 0
      vertex 8.71975 43.9192 4
    endloop
  endfacet
  facet normal -0.0491218 -0.998793 0
    outer loop
      vertex 7 44.95 0
      vertex 7.19113 44.9406 4
      vertex 7 44.95 4
    endloop
  endfacet
  facet normal -0.0491218 -0.998793 -0
    outer loop
      vertex 7.19113 44.9406 4
      vertex 7 44.95 0
      vertex 7.19113 44.9406 0
    endloop
  endfacet
  facet normal -0.243003 -0.970026 0
    outer loop
      vertex 7.38043 44.9125 0
      vertex 7.56605 44.866 4
      vertex 7.38043 44.9125 4
    endloop
  endfacet
  facet normal -0.243003 -0.970026 -0
    outer loop
      vertex 7.56605 44.866 4
      vertex 7.38043 44.9125 0
      vertex 7.56605 44.866 0
    endloop
  endfacet
  facet normal -0.427904 -0.903824 0
    outer loop
      vertex 7.74623 44.8016 0
      vertex 7.91922 44.7197 4
      vertex 7.74623 44.8016 4
    endloop
  endfacet
  facet normal -0.427904 -0.903824 -0
    outer loop
      vertex 7.91922 44.7197 4
      vertex 7.74623 44.8016 0
      vertex 7.91922 44.7197 0
    endloop
  endfacet
  facet normal 0.803187 -0.595727 0
    outer loop
      vertex 5.37863 44.0834 4
      vertex 5.49263 44.2371 0
      vertex 5.49263 44.2371 4
    endloop
  endfacet
  facet normal 0.803187 -0.595727 0
    outer loop
      vertex 5.49263 44.2371 0
      vertex 5.37863 44.0834 4
      vertex 5.37863 44.0834 0
    endloop
  endfacet
  facet normal 0.998795 -0.0490774 0
    outer loop
      vertex 5.05 43 4
      vertex 5.05939 43.1911 0
      vertex 5.05939 43.1911 4
    endloop
  endfacet
  facet normal 0.998795 -0.0490774 0
    outer loop
      vertex 5.05939 43.1911 0
      vertex 5.05 43 4
      vertex 5.05 43 0
    endloop
  endfacet
  facet normal 0.97005 -0.242904 0
    outer loop
      vertex 5.08747 43.3804 4
      vertex 5.13397 43.5661 0
      vertex 5.13397 43.5661 4
    endloop
  endfacet
  facet normal 0.97005 -0.242904 0
    outer loop
      vertex 5.13397 43.5661 0
      vertex 5.08747 43.3804 4
      vertex 5.08747 43.3804 0
    endloop
  endfacet
  facet normal 0.671527 -0.74098 0
    outer loop
      vertex 5.62114 44.3789 0
      vertex 5.76293 44.5074 4
      vertex 5.62114 44.3789 4
    endloop
  endfacet
  facet normal 0.671527 -0.74098 0
    outer loop
      vertex 5.76293 44.5074 4
      vertex 5.62114 44.3789 0
      vertex 5.76293 44.5074 0
    endloop
  endfacet
  facet normal 0.513788 -0.857917 0
    outer loop
      vertex 5.91664 44.6214 0
      vertex 6.08078 44.7197 4
      vertex 5.91664 44.6214 4
    endloop
  endfacet
  facet normal 0.513788 -0.857917 0
    outer loop
      vertex 6.08078 44.7197 4
      vertex 5.91664 44.6214 0
      vertex 6.08078 44.7197 0
    endloop
  endfacet
  facet normal 0.336585 -0.941653 0
    outer loop
      vertex 6.25377 44.8016 0
      vertex 6.43394 44.866 4
      vertex 6.25377 44.8016 4
    endloop
  endfacet
  facet normal 0.336585 -0.941653 0
    outer loop
      vertex 6.43394 44.866 4
      vertex 6.25377 44.8016 0
      vertex 6.43394 44.866 0
    endloop
  endfacet
  facet normal -0.97005 0.242904 0
    outer loop
      vertex 8.86603 42.4339 0
      vertex 8.91253 42.6196 4
      vertex 8.91253 42.6196 0
    endloop
  endfacet
  facet normal -0.97005 0.242904 0
    outer loop
      vertex 8.91253 42.6196 4
      vertex 8.86603 42.4339 0
      vertex 8.86603 42.4339 4
    endloop
  endfacet
  facet normal -0.989177 0.14673 0
    outer loop
      vertex 8.91253 42.6196 0
      vertex 8.94061 42.8089 4
      vertex 8.94061 42.8089 0
    endloop
  endfacet
  facet normal -0.989177 0.14673 0
    outer loop
      vertex 8.94061 42.8089 4
      vertex 8.91253 42.6196 0
      vertex 8.91253 42.6196 4
    endloop
  endfacet
  facet normal -0.904015 0.4275 0
    outer loop
      vertex 8.71975 42.0808 0
      vertex 8.80156 42.2538 4
      vertex 8.80156 42.2538 0
    endloop
  endfacet
  facet normal -0.904015 0.4275 0
    outer loop
      vertex 8.80156 42.2538 4
      vertex 8.71975 42.0808 0
      vertex 8.71975 42.0808 4
    endloop
  endfacet
  facet normal -0.0491218 0.998793 0
    outer loop
      vertex 7.19113 41.0594 0
      vertex 7 41.05 4
      vertex 7.19113 41.0594 4
    endloop
  endfacet
  facet normal -0.0491218 0.998793 0
    outer loop
      vertex 7 41.05 4
      vertex 7.19113 41.0594 0
      vertex 7 41.05 0
    endloop
  endfacet
  facet normal 0.857815 0.513958 0
    outer loop
      vertex 5.37863 41.9166 4
      vertex 5.28025 42.0808 0
      vertex 5.28025 42.0808 4
    endloop
  endfacet
  facet normal 0.857815 0.513958 0
    outer loop
      vertex 5.28025 42.0808 0
      vertex 5.37863 41.9166 4
      vertex 5.37863 41.9166 0
    endloop
  endfacet
  facet normal 0.941512 0.336979 0
    outer loop
      vertex 5.19843 42.2538 4
      vertex 5.13397 42.4339 0
      vertex 5.13397 42.4339 4
    endloop
  endfacet
  facet normal 0.941512 0.336979 0
    outer loop
      vertex 5.13397 42.4339 0
      vertex 5.19843 42.2538 4
      vertex 5.19843 42.2538 0
    endloop
  endfacet
  facet normal 0.989177 0.14673 0
    outer loop
      vertex 5.08747 42.6196 4
      vertex 5.05939 42.8089 0
      vertex 5.05939 42.8089 4
    endloop
  endfacet
  facet normal 0.989177 0.14673 0
    outer loop
      vertex 5.05939 42.8089 0
      vertex 5.08747 42.6196 4
      vertex 5.08747 42.6196 0
    endloop
  endfacet
  facet normal -0.803187 0.595727 0
    outer loop
      vertex 8.50737 41.7629 0
      vertex 8.62137 41.9166 4
      vertex 8.62137 41.9166 0
    endloop
  endfacet
  facet normal -0.803187 0.595727 0
    outer loop
      vertex 8.62137 41.9166 4
      vertex 8.50737 41.7629 0
      vertex 8.50737 41.7629 4
    endloop
  endfacet
  facet normal -0.941496 0.337025 0
    outer loop
      vertex 8.80156 42.2538 0
      vertex 8.86603 42.4339 4
      vertex 8.86603 42.4339 0
    endloop
  endfacet
  facet normal -0.941496 0.337025 0
    outer loop
      vertex 8.86603 42.4339 4
      vertex 8.80156 42.2538 0
      vertex 8.80156 42.2538 4
    endloop
  endfacet
  facet normal 0.242991 0.970029 -0
    outer loop
      vertex 6.61957 41.0875 0
      vertex 6.43394 41.134 4
      vertex 6.61957 41.0875 4
    endloop
  endfacet
  facet normal 0.242991 0.970029 0
    outer loop
      vertex 6.43394 41.134 4
      vertex 6.61957 41.0875 0
      vertex 6.43394 41.134 0
    endloop
  endfacet
  facet normal 0.427904 0.903824 -0
    outer loop
      vertex 6.25377 41.1984 0
      vertex 6.08078 41.2803 4
      vertex 6.25377 41.1984 4
    endloop
  endfacet
  facet normal 0.427904 0.903824 0
    outer loop
      vertex 6.08078 41.2803 4
      vertex 6.25377 41.1984 0
      vertex 6.08078 41.2803 0
    endloop
  endfacet
  facet normal 0.595702 0.803205 -0
    outer loop
      vertex 5.91664 41.3786 0
      vertex 5.76293 41.4926 4
      vertex 5.91664 41.3786 4
    endloop
  endfacet
  facet normal 0.595702 0.803205 0
    outer loop
      vertex 5.76293 41.4926 4
      vertex 5.91664 41.3786 0
      vertex 5.76293 41.4926 0
    endloop
  endfacet
  facet normal 0.671527 0.74098 -0
    outer loop
      vertex 5.76293 41.4926 0
      vertex 5.62114 41.6211 4
      vertex 5.76293 41.4926 4
    endloop
  endfacet
  facet normal 0.671527 0.74098 0
    outer loop
      vertex 5.62114 41.6211 4
      vertex 5.76293 41.4926 0
      vertex 5.62114 41.6211 0
    endloop
  endfacet
  facet normal 0.803187 0.595727 0
    outer loop
      vertex 5.49263 41.7629 4
      vertex 5.37863 41.9166 0
      vertex 5.37863 41.9166 4
    endloop
  endfacet
  facet normal 0.803187 0.595727 0
    outer loop
      vertex 5.37863 41.9166 0
      vertex 5.49263 41.7629 4
      vertex 5.49263 41.7629 0
    endloop
  endfacet
  facet normal 0.97005 0.242904 0
    outer loop
      vertex 5.13397 42.4339 4
      vertex 5.08747 42.6196 0
      vertex 5.08747 42.6196 4
    endloop
  endfacet
  facet normal 0.97005 0.242904 0
    outer loop
      vertex 5.08747 42.6196 0
      vertex 5.13397 42.4339 4
      vertex 5.13397 42.4339 0
    endloop
  endfacet
  facet normal -0.243003 0.970026 0
    outer loop
      vertex 7.56605 41.134 0
      vertex 7.38043 41.0875 4
      vertex 7.56605 41.134 4
    endloop
  endfacet
  facet normal -0.243003 0.970026 0
    outer loop
      vertex 7.38043 41.0875 4
      vertex 7.56605 41.134 0
      vertex 7.38043 41.0875 0
    endloop
  endfacet
  facet normal -0.671527 0.74098 0
    outer loop
      vertex 8.37886 41.6211 0
      vertex 8.23707 41.4926 4
      vertex 8.37886 41.6211 4
    endloop
  endfacet
  facet normal -0.671527 0.74098 0
    outer loop
      vertex 8.23707 41.4926 4
      vertex 8.37886 41.6211 0
      vertex 8.23707 41.4926 0
    endloop
  endfacet
  facet normal -0.595702 0.803205 0
    outer loop
      vertex 8.23707 41.4926 0
      vertex 8.08336 41.3786 4
      vertex 8.23707 41.4926 4
    endloop
  endfacet
  facet normal -0.595702 0.803205 0
    outer loop
      vertex 8.08336 41.3786 4
      vertex 8.23707 41.4926 0
      vertex 8.08336 41.3786 0
    endloop
  endfacet
  facet normal -0.740977 0.67153 0
    outer loop
      vertex 8.37886 41.6211 0
      vertex 8.50737 41.7629 4
      vertex 8.50737 41.7629 0
    endloop
  endfacet
  facet normal -0.740977 0.67153 0
    outer loop
      vertex 8.50737 41.7629 4
      vertex 8.37886 41.6211 0
      vertex 8.37886 41.6211 4
    endloop
  endfacet
  facet normal 0.146833 0.989161 -0
    outer loop
      vertex 6.80887 41.0594 0
      vertex 6.61957 41.0875 4
      vertex 6.80887 41.0594 4
    endloop
  endfacet
  facet normal 0.146833 0.989161 0
    outer loop
      vertex 6.61957 41.0875 4
      vertex 6.80887 41.0594 0
      vertex 6.61957 41.0875 0
    endloop
  endfacet
  facet normal 0.0491218 0.998793 -0
    outer loop
      vertex 7 41.05 0
      vertex 6.80887 41.0594 4
      vertex 7 41.05 4
    endloop
  endfacet
  facet normal 0.0491218 0.998793 0
    outer loop
      vertex 6.80887 41.0594 4
      vertex 7 41.05 0
      vertex 6.80887 41.0594 0
    endloop
  endfacet
  facet normal 0.336585 0.941653 -0
    outer loop
      vertex 6.43394 41.134 0
      vertex 6.25377 41.1984 4
      vertex 6.43394 41.134 4
    endloop
  endfacet
  facet normal 0.336585 0.941653 0
    outer loop
      vertex 6.25377 41.1984 4
      vertex 6.43394 41.134 0
      vertex 6.25377 41.1984 0
    endloop
  endfacet
  facet normal 0.513788 0.857917 -0
    outer loop
      vertex 6.08078 41.2803 0
      vertex 5.91664 41.3786 4
      vertex 6.08078 41.2803 4
    endloop
  endfacet
  facet normal 0.513788 0.857917 0
    outer loop
      vertex 5.91664 41.3786 4
      vertex 6.08078 41.2803 0
      vertex 5.91664 41.3786 0
    endloop
  endfacet
  facet normal -0.857917 -0.513788 0
    outer loop
      vertex 86.7197 7.91922 0
      vertex 86.6214 8.08336 4
      vertex 86.6214 8.08336 0
    endloop
  endfacet
  facet normal -0.857917 -0.513788 0
    outer loop
      vertex 86.6214 8.08336 4
      vertex 86.7197 7.91922 0
      vertex 86.7197 7.91922 4
    endloop
  endfacet
  facet normal -0.337025 -0.941496 0
    outer loop
      vertex 85.5661 8.86603 0
      vertex 85.7462 8.80156 4
      vertex 85.5661 8.86603 4
    endloop
  endfacet
  facet normal -0.337025 -0.941496 -0
    outer loop
      vertex 85.7462 8.80156 4
      vertex 85.5661 8.86603 0
      vertex 85.7462 8.80156 0
    endloop
  endfacet
  facet normal 0.4275 -0.904015 0
    outer loop
      vertex 84.0808 8.71975 0
      vertex 84.2538 8.80156 4
      vertex 84.0808 8.71975 4
    endloop
  endfacet
  facet normal 0.4275 -0.904015 0
    outer loop
      vertex 84.2538 8.80156 4
      vertex 84.0808 8.71975 0
      vertex 84.2538 8.80156 0
    endloop
  endfacet
  facet normal 0.941659 -0.336568 0
    outer loop
      vertex 83.134 7.56605 4
      vertex 83.1984 7.74623 0
      vertex 83.1984 7.74623 4
    endloop
  endfacet
  facet normal 0.941659 -0.336568 0
    outer loop
      vertex 83.1984 7.74623 0
      vertex 83.134 7.56605 4
      vertex 83.134 7.56605 0
    endloop
  endfacet
  facet normal -0.998793 0.0491218 0
    outer loop
      vertex 86.9406 6.80887 0
      vertex 86.95 7 4
      vertex 86.95 7 0
    endloop
  endfacet
  facet normal -0.998793 0.0491218 0
    outer loop
      vertex 86.95 7 4
      vertex 86.9406 6.80887 0
      vertex 86.9406 6.80887 4
    endloop
  endfacet
  facet normal -0.427543 0.903995 0
    outer loop
      vertex 85.9192 5.28025 0
      vertex 85.7462 5.19843 4
      vertex 85.9192 5.28025 4
    endloop
  endfacet
  facet normal -0.427543 0.903995 0
    outer loop
      vertex 85.7462 5.19843 4
      vertex 85.9192 5.28025 0
      vertex 85.7462 5.19843 0
    endloop
  endfacet
  facet normal 0.998793 0.0491218 0
    outer loop
      vertex 83.0594 6.80887 4
      vertex 83.05 7 0
      vertex 83.05 7 4
    endloop
  endfacet
  facet normal 0.998793 0.0491218 0
    outer loop
      vertex 83.05 7 0
      vertex 83.0594 6.80887 4
      vertex 83.0594 6.80887 0
    endloop
  endfacet
  facet normal 0.67153 -0.740977 0
    outer loop
      vertex 83.6211 8.37886 0
      vertex 83.7629 8.50737 4
      vertex 83.6211 8.37886 4
    endloop
  endfacet
  facet normal 0.67153 -0.740977 0
    outer loop
      vertex 83.7629 8.50737 4
      vertex 83.6211 8.37886 0
      vertex 83.7629 8.50737 0
    endloop
  endfacet
  facet normal -0.941653 0.336585 0
    outer loop
      vertex 86.8016 6.25377 0
      vertex 86.866 6.43394 4
      vertex 86.866 6.43394 0
    endloop
  endfacet
  facet normal -0.941653 0.336585 0
    outer loop
      vertex 86.866 6.43394 4
      vertex 86.8016 6.25377 0
      vertex 86.8016 6.25377 4
    endloop
  endfacet
  facet normal 0.0490774 0.998795 -0
    outer loop
      vertex 85 5.05 0
      vertex 84.8089 5.05939 4
      vertex 85 5.05 4
    endloop
  endfacet
  facet normal 0.0490774 0.998795 0
    outer loop
      vertex 84.8089 5.05939 4
      vertex 85 5.05 0
      vertex 84.8089 5.05939 0
    endloop
  endfacet
  facet normal -0.336979 0.941512 0
    outer loop
      vertex 85.7462 5.19843 0
      vertex 85.5661 5.13397 4
      vertex 85.7462 5.19843 4
    endloop
  endfacet
  facet normal -0.336979 0.941512 0
    outer loop
      vertex 85.5661 5.13397 4
      vertex 85.7462 5.19843 0
      vertex 85.5661 5.13397 0
    endloop
  endfacet
  facet normal -0.989161 -0.146833 0
    outer loop
      vertex 86.9406 7.19113 0
      vertex 86.9125 7.38043 4
      vertex 86.9125 7.38043 0
    endloop
  endfacet
  facet normal -0.989161 -0.146833 0
    outer loop
      vertex 86.9125 7.38043 4
      vertex 86.9406 7.19113 0
      vertex 86.9406 7.19113 4
    endloop
  endfacet
  facet normal -0.803205 -0.595702 0
    outer loop
      vertex 86.6214 8.08336 0
      vertex 86.5074 8.23707 4
      vertex 86.5074 8.23707 0
    endloop
  endfacet
  facet normal -0.803205 -0.595702 0
    outer loop
      vertex 86.5074 8.23707 4
      vertex 86.6214 8.08336 0
      vertex 86.6214 8.08336 4
    endloop
  endfacet
  facet normal -0.67153 -0.740977 0
    outer loop
      vertex 86.2371 8.50737 0
      vertex 86.3789 8.37886 4
      vertex 86.2371 8.50737 4
    endloop
  endfacet
  facet normal -0.67153 -0.740977 -0
    outer loop
      vertex 86.3789 8.37886 4
      vertex 86.2371 8.50737 0
      vertex 86.3789 8.37886 0
    endloop
  endfacet
  facet normal 0.0490774 -0.998795 0
    outer loop
      vertex 84.8089 8.94061 0
      vertex 85 8.95 4
      vertex 84.8089 8.94061 4
    endloop
  endfacet
  facet normal 0.0490774 -0.998795 0
    outer loop
      vertex 85 8.95 4
      vertex 84.8089 8.94061 0
      vertex 85 8.95 0
    endloop
  endfacet
  facet normal -0.242904 -0.97005 0
    outer loop
      vertex 85.3804 8.91253 0
      vertex 85.5661 8.86603 4
      vertex 85.3804 8.91253 4
    endloop
  endfacet
  facet normal -0.242904 -0.97005 -0
    outer loop
      vertex 85.5661 8.86603 4
      vertex 85.3804 8.91253 0
      vertex 85.5661 8.86603 0
    endloop
  endfacet
  facet normal -0.14673 -0.989177 0
    outer loop
      vertex 85.1911 8.94061 0
      vertex 85.3804 8.91253 4
      vertex 85.1911 8.94061 4
    endloop
  endfacet
  facet normal -0.14673 -0.989177 -0
    outer loop
      vertex 85.3804 8.91253 4
      vertex 85.1911 8.94061 0
      vertex 85.3804 8.91253 0
    endloop
  endfacet
  facet normal -0.595727 -0.803187 0
    outer loop
      vertex 86.0834 8.62137 0
      vertex 86.2371 8.50737 4
      vertex 86.0834 8.62137 4
    endloop
  endfacet
  facet normal -0.595727 -0.803187 -0
    outer loop
      vertex 86.2371 8.50737 4
      vertex 86.0834 8.62137 0
      vertex 86.2371 8.50737 0
    endloop
  endfacet
  facet normal -0.513958 -0.857815 0
    outer loop
      vertex 85.9192 8.71975 0
      vertex 86.0834 8.62137 4
      vertex 85.9192 8.71975 4
    endloop
  endfacet
  facet normal -0.513958 -0.857815 -0
    outer loop
      vertex 86.0834 8.62137 4
      vertex 85.9192 8.71975 0
      vertex 86.0834 8.62137 0
    endloop
  endfacet
  facet normal 0.970026 -0.243003 0
    outer loop
      vertex 83.0875 7.38043 4
      vertex 83.134 7.56605 0
      vertex 83.134 7.56605 4
    endloop
  endfacet
  facet normal 0.970026 -0.243003 0
    outer loop
      vertex 83.134 7.56605 0
      vertex 83.0875 7.38043 4
      vertex 83.0875 7.38043 0
    endloop
  endfacet
  facet normal 0.989161 -0.146833 0
    outer loop
      vertex 83.0594 7.19113 4
      vertex 83.0875 7.38043 0
      vertex 83.0875 7.38043 4
    endloop
  endfacet
  facet normal 0.989161 -0.146833 0
    outer loop
      vertex 83.0875 7.38043 0
      vertex 83.0594 7.19113 4
      vertex 83.0594 7.19113 0
    endloop
  endfacet
  facet normal 0.998793 -0.0491218 0
    outer loop
      vertex 83.05 7 4
      vertex 83.0594 7.19113 0
      vertex 83.0594 7.19113 4
    endloop
  endfacet
  facet normal 0.998793 -0.0491218 0
    outer loop
      vertex 83.0594 7.19113 0
      vertex 83.05 7 4
      vertex 83.05 7 0
    endloop
  endfacet
  facet normal 0.803205 -0.595702 0
    outer loop
      vertex 83.3786 8.08336 4
      vertex 83.4926 8.23707 0
      vertex 83.4926 8.23707 4
    endloop
  endfacet
  facet normal 0.803205 -0.595702 0
    outer loop
      vertex 83.4926 8.23707 0
      vertex 83.3786 8.08336 4
      vertex 83.3786 8.08336 0
    endloop
  endfacet
  facet normal 0.857917 -0.513788 0
    outer loop
      vertex 83.2803 7.91922 4
      vertex 83.3786 8.08336 0
      vertex 83.3786 8.08336 4
    endloop
  endfacet
  facet normal 0.857917 -0.513788 0
    outer loop
      vertex 83.3786 8.08336 0
      vertex 83.2803 7.91922 4
      vertex 83.2803 7.91922 0
    endloop
  endfacet
  facet normal 0.14673 -0.989177 0
    outer loop
      vertex 84.6196 8.91253 0
      vertex 84.8089 8.94061 4
      vertex 84.6196 8.91253 4
    endloop
  endfacet
  facet normal 0.14673 -0.989177 0
    outer loop
      vertex 84.8089 8.94061 4
      vertex 84.6196 8.91253 0
      vertex 84.8089 8.94061 0
    endloop
  endfacet
  facet normal 0.242904 -0.97005 0
    outer loop
      vertex 84.4339 8.86603 0
      vertex 84.6196 8.91253 4
      vertex 84.4339 8.86603 4
    endloop
  endfacet
  facet normal 0.242904 -0.97005 0
    outer loop
      vertex 84.6196 8.91253 4
      vertex 84.4339 8.86603 0
      vertex 84.6196 8.91253 0
    endloop
  endfacet
  facet normal 0.513958 -0.857815 0
    outer loop
      vertex 83.9166 8.62137 0
      vertex 84.0808 8.71975 4
      vertex 83.9166 8.62137 4
    endloop
  endfacet
  facet normal 0.513958 -0.857815 0
    outer loop
      vertex 84.0808 8.71975 4
      vertex 83.9166 8.62137 0
      vertex 84.0808 8.71975 0
    endloop
  endfacet
  facet normal 0.595727 -0.803187 0
    outer loop
      vertex 83.7629 8.50737 0
      vertex 83.9166 8.62137 4
      vertex 83.7629 8.50737 4
    endloop
  endfacet
  facet normal 0.595727 -0.803187 0
    outer loop
      vertex 83.9166 8.62137 4
      vertex 83.7629 8.50737 0
      vertex 83.9166 8.62137 0
    endloop
  endfacet
  facet normal 0.74098 -0.671527 0
    outer loop
      vertex 83.4926 8.23707 4
      vertex 83.6211 8.37886 0
      vertex 83.6211 8.37886 4
    endloop
  endfacet
  facet normal 0.74098 -0.671527 0
    outer loop
      vertex 83.6211 8.37886 0
      vertex 83.4926 8.23707 4
      vertex 83.4926 8.23707 0
    endloop
  endfacet
  facet normal -0.998793 -0.0491218 0
    outer loop
      vertex 86.95 7 0
      vertex 86.9406 7.19113 4
      vertex 86.9406 7.19113 0
    endloop
  endfacet
  facet normal -0.998793 -0.0491218 0
    outer loop
      vertex 86.9406 7.19113 4
      vertex 86.95 7 0
      vertex 86.95 7 4
    endloop
  endfacet
  facet normal -0.857917 0.513788 0
    outer loop
      vertex 86.6214 5.91664 0
      vertex 86.7197 6.08078 4
      vertex 86.7197 6.08078 0
    endloop
  endfacet
  facet normal -0.857917 0.513788 0
    outer loop
      vertex 86.7197 6.08078 4
      vertex 86.6214 5.91664 0
      vertex 86.6214 5.91664 4
    endloop
  endfacet
  facet normal 0.74098 0.671527 0
    outer loop
      vertex 83.6211 5.62114 4
      vertex 83.4926 5.76293 0
      vertex 83.4926 5.76293 4
    endloop
  endfacet
  facet normal 0.74098 0.671527 0
    outer loop
      vertex 83.4926 5.76293 0
      vertex 83.6211 5.62114 4
      vertex 83.6211 5.62114 0
    endloop
  endfacet
  facet normal 0.941653 0.336585 0
    outer loop
      vertex 83.1984 6.25377 4
      vertex 83.134 6.43394 0
      vertex 83.134 6.43394 4
    endloop
  endfacet
  facet normal 0.941653 0.336585 0
    outer loop
      vertex 83.134 6.43394 0
      vertex 83.1984 6.25377 4
      vertex 83.1984 6.25377 0
    endloop
  endfacet
  facet normal -0.14673 0.989177 0
    outer loop
      vertex 85.3804 5.08747 0
      vertex 85.1911 5.05939 4
      vertex 85.3804 5.08747 4
    endloop
  endfacet
  facet normal -0.14673 0.989177 0
    outer loop
      vertex 85.1911 5.05939 4
      vertex 85.3804 5.08747 0
      vertex 85.1911 5.05939 0
    endloop
  endfacet
  facet normal -0.903824 -0.427904 0
    outer loop
      vertex 86.8016 7.74623 0
      vertex 86.7197 7.91922 4
      vertex 86.7197 7.91922 0
    endloop
  endfacet
  facet normal -0.903824 -0.427904 0
    outer loop
      vertex 86.7197 7.91922 4
      vertex 86.8016 7.74623 0
      vertex 86.8016 7.74623 4
    endloop
  endfacet
  facet normal -0.941659 -0.336568 0
    outer loop
      vertex 86.866 7.56605 0
      vertex 86.8016 7.74623 4
      vertex 86.8016 7.74623 0
    endloop
  endfacet
  facet normal -0.941659 -0.336568 0
    outer loop
      vertex 86.8016 7.74623 4
      vertex 86.866 7.56605 0
      vertex 86.866 7.56605 4
    endloop
  endfacet
  facet normal -0.970026 -0.243003 0
    outer loop
      vertex 86.9125 7.38043 0
      vertex 86.866 7.56605 4
      vertex 86.866 7.56605 0
    endloop
  endfacet
  facet normal -0.970026 -0.243003 0
    outer loop
      vertex 86.866 7.56605 4
      vertex 86.9125 7.38043 0
      vertex 86.9125 7.38043 4
    endloop
  endfacet
  facet normal -0.74098 -0.671527 0
    outer loop
      vertex 86.5074 8.23707 0
      vertex 86.3789 8.37886 4
      vertex 86.3789 8.37886 0
    endloop
  endfacet
  facet normal -0.74098 -0.671527 0
    outer loop
      vertex 86.3789 8.37886 4
      vertex 86.5074 8.23707 0
      vertex 86.5074 8.23707 4
    endloop
  endfacet
  facet normal -0.0490774 -0.998795 0
    outer loop
      vertex 85 8.95 0
      vertex 85.1911 8.94061 4
      vertex 85 8.95 4
    endloop
  endfacet
  facet normal -0.0490774 -0.998795 -0
    outer loop
      vertex 85.1911 8.94061 4
      vertex 85 8.95 0
      vertex 85.1911 8.94061 0
    endloop
  endfacet
  facet normal -0.4275 -0.904015 0
    outer loop
      vertex 85.7462 8.80156 0
      vertex 85.9192 8.71975 4
      vertex 85.7462 8.80156 4
    endloop
  endfacet
  facet normal -0.4275 -0.904015 -0
    outer loop
      vertex 85.9192 8.71975 4
      vertex 85.7462 8.80156 0
      vertex 85.9192 8.71975 0
    endloop
  endfacet
  facet normal 0.903824 -0.427904 0
    outer loop
      vertex 83.1984 7.74623 4
      vertex 83.2803 7.91922 0
      vertex 83.2803 7.91922 4
    endloop
  endfacet
  facet normal 0.903824 -0.427904 0
    outer loop
      vertex 83.2803 7.91922 0
      vertex 83.1984 7.74623 4
      vertex 83.1984 7.74623 0
    endloop
  endfacet
  facet normal 0.337025 -0.941496 0
    outer loop
      vertex 84.2538 8.80156 0
      vertex 84.4339 8.86603 4
      vertex 84.2538 8.80156 4
    endloop
  endfacet
  facet normal 0.337025 -0.941496 0
    outer loop
      vertex 84.4339 8.86603 4
      vertex 84.2538 8.80156 0
      vertex 84.4339 8.86603 0
    endloop
  endfacet
  facet normal -0.970029 0.242991 0
    outer loop
      vertex 86.866 6.43394 0
      vertex 86.9125 6.61957 4
      vertex 86.9125 6.61957 0
    endloop
  endfacet
  facet normal -0.970029 0.242991 0
    outer loop
      vertex 86.9125 6.61957 4
      vertex 86.866 6.43394 0
      vertex 86.866 6.43394 4
    endloop
  endfacet
  facet normal -0.903824 0.427904 0
    outer loop
      vertex 86.7197 6.08078 0
      vertex 86.8016 6.25377 4
      vertex 86.8016 6.25377 0
    endloop
  endfacet
  facet normal -0.903824 0.427904 0
    outer loop
      vertex 86.8016 6.25377 4
      vertex 86.7197 6.08078 0
      vertex 86.7197 6.08078 4
    endloop
  endfacet
  facet normal 0.595727 0.803187 -0
    outer loop
      vertex 83.9166 5.37863 0
      vertex 83.7629 5.49263 4
      vertex 83.9166 5.37863 4
    endloop
  endfacet
  facet normal 0.595727 0.803187 0
    outer loop
      vertex 83.7629 5.49263 4
      vertex 83.9166 5.37863 0
      vertex 83.7629 5.49263 0
    endloop
  endfacet
  facet normal 0.336979 0.941512 -0
    outer loop
      vertex 84.4339 5.13397 0
      vertex 84.2538 5.19843 4
      vertex 84.4339 5.13397 4
    endloop
  endfacet
  facet normal 0.336979 0.941512 0
    outer loop
      vertex 84.2538 5.19843 4
      vertex 84.4339 5.13397 0
      vertex 84.2538 5.19843 0
    endloop
  endfacet
  facet normal 0.989161 0.146833 0
    outer loop
      vertex 83.0875 6.61957 4
      vertex 83.0594 6.80887 0
      vertex 83.0594 6.80887 4
    endloop
  endfacet
  facet normal 0.989161 0.146833 0
    outer loop
      vertex 83.0594 6.80887 0
      vertex 83.0875 6.61957 4
      vertex 83.0875 6.61957 0
    endloop
  endfacet
  facet normal 0.903824 0.427904 0
    outer loop
      vertex 83.2803 6.08078 4
      vertex 83.1984 6.25377 0
      vertex 83.1984 6.25377 4
    endloop
  endfacet
  facet normal 0.903824 0.427904 0
    outer loop
      vertex 83.1984 6.25377 0
      vertex 83.2803 6.08078 4
      vertex 83.2803 6.08078 0
    endloop
  endfacet
  facet normal 0.67153 0.740977 -0
    outer loop
      vertex 83.7629 5.49263 0
      vertex 83.6211 5.62114 4
      vertex 83.7629 5.49263 4
    endloop
  endfacet
  facet normal 0.67153 0.740977 0
    outer loop
      vertex 83.6211 5.62114 4
      vertex 83.7629 5.49263 0
      vertex 83.6211 5.62114 0
    endloop
  endfacet
  facet normal 0.857917 0.513788 0
    outer loop
      vertex 83.3786 5.91664 4
      vertex 83.2803 6.08078 0
      vertex 83.2803 6.08078 4
    endloop
  endfacet
  facet normal 0.857917 0.513788 0
    outer loop
      vertex 83.2803 6.08078 0
      vertex 83.3786 5.91664 4
      vertex 83.3786 5.91664 0
    endloop
  endfacet
  facet normal -0.989161 0.146833 0
    outer loop
      vertex 86.9125 6.61957 0
      vertex 86.9406 6.80887 4
      vertex 86.9406 6.80887 0
    endloop
  endfacet
  facet normal -0.989161 0.146833 0
    outer loop
      vertex 86.9406 6.80887 4
      vertex 86.9125 6.61957 0
      vertex 86.9125 6.61957 4
    endloop
  endfacet
  facet normal -0.803205 0.595702 0
    outer loop
      vertex 86.5074 5.76293 0
      vertex 86.6214 5.91664 4
      vertex 86.6214 5.91664 0
    endloop
  endfacet
  facet normal -0.803205 0.595702 0
    outer loop
      vertex 86.6214 5.91664 4
      vertex 86.5074 5.76293 0
      vertex 86.5074 5.76293 4
    endloop
  endfacet
  facet normal -0.0490774 0.998795 0
    outer loop
      vertex 85.1911 5.05939 0
      vertex 85 5.05 4
      vertex 85.1911 5.05939 4
    endloop
  endfacet
  facet normal -0.0490774 0.998795 0
    outer loop
      vertex 85 5.05 4
      vertex 85.1911 5.05939 0
      vertex 85 5.05 0
    endloop
  endfacet
  facet normal 0.242904 0.97005 -0
    outer loop
      vertex 84.6196 5.08747 0
      vertex 84.4339 5.13397 4
      vertex 84.6196 5.08747 4
    endloop
  endfacet
  facet normal 0.242904 0.97005 0
    outer loop
      vertex 84.4339 5.13397 4
      vertex 84.6196 5.08747 0
      vertex 84.4339 5.13397 0
    endloop
  endfacet
  facet normal 0.427543 0.903995 -0
    outer loop
      vertex 84.2538 5.19843 0
      vertex 84.0808 5.28025 4
      vertex 84.2538 5.19843 4
    endloop
  endfacet
  facet normal 0.427543 0.903995 0
    outer loop
      vertex 84.0808 5.28025 4
      vertex 84.2538 5.19843 0
      vertex 84.0808 5.28025 0
    endloop
  endfacet
  facet normal 0.970029 0.242991 0
    outer loop
      vertex 83.134 6.43394 4
      vertex 83.0875 6.61957 0
      vertex 83.0875 6.61957 4
    endloop
  endfacet
  facet normal 0.970029 0.242991 0
    outer loop
      vertex 83.0875 6.61957 0
      vertex 83.134 6.43394 4
      vertex 83.134 6.43394 0
    endloop
  endfacet
  facet normal 0.803205 0.595702 0
    outer loop
      vertex 83.4926 5.76293 4
      vertex 83.3786 5.91664 0
      vertex 83.3786 5.91664 4
    endloop
  endfacet
  facet normal 0.803205 0.595702 0
    outer loop
      vertex 83.3786 5.91664 0
      vertex 83.4926 5.76293 4
      vertex 83.4926 5.76293 0
    endloop
  endfacet
  facet normal -0.242904 0.97005 0
    outer loop
      vertex 85.5661 5.13397 0
      vertex 85.3804 5.08747 4
      vertex 85.5661 5.13397 4
    endloop
  endfacet
  facet normal -0.242904 0.97005 0
    outer loop
      vertex 85.3804 5.08747 4
      vertex 85.5661 5.13397 0
      vertex 85.3804 5.08747 0
    endloop
  endfacet
  facet normal -0.67153 0.740977 0
    outer loop
      vertex 86.3789 5.62114 0
      vertex 86.2371 5.49263 4
      vertex 86.3789 5.62114 4
    endloop
  endfacet
  facet normal -0.67153 0.740977 0
    outer loop
      vertex 86.2371 5.49263 4
      vertex 86.3789 5.62114 0
      vertex 86.2371 5.49263 0
    endloop
  endfacet
  facet normal -0.595727 0.803187 0
    outer loop
      vertex 86.2371 5.49263 0
      vertex 86.0834 5.37863 4
      vertex 86.2371 5.49263 4
    endloop
  endfacet
  facet normal -0.595727 0.803187 0
    outer loop
      vertex 86.0834 5.37863 4
      vertex 86.2371 5.49263 0
      vertex 86.0834 5.37863 0
    endloop
  endfacet
  facet normal -0.513958 0.857815 0
    outer loop
      vertex 86.0834 5.37863 0
      vertex 85.9192 5.28025 4
      vertex 86.0834 5.37863 4
    endloop
  endfacet
  facet normal -0.513958 0.857815 0
    outer loop
      vertex 85.9192 5.28025 4
      vertex 86.0834 5.37863 0
      vertex 85.9192 5.28025 0
    endloop
  endfacet
  facet normal -0.74098 0.671527 0
    outer loop
      vertex 86.3789 5.62114 0
      vertex 86.5074 5.76293 4
      vertex 86.5074 5.76293 0
    endloop
  endfacet
  facet normal -0.74098 0.671527 0
    outer loop
      vertex 86.5074 5.76293 4
      vertex 86.3789 5.62114 0
      vertex 86.3789 5.62114 4
    endloop
  endfacet
  facet normal 0.14673 0.989177 -0
    outer loop
      vertex 84.8089 5.05939 0
      vertex 84.6196 5.08747 4
      vertex 84.8089 5.05939 4
    endloop
  endfacet
  facet normal 0.14673 0.989177 0
    outer loop
      vertex 84.6196 5.08747 4
      vertex 84.8089 5.05939 0
      vertex 84.6196 5.08747 0
    endloop
  endfacet
  facet normal 0.513958 0.857815 -0
    outer loop
      vertex 84.0808 5.28025 0
      vertex 83.9166 5.37863 4
      vertex 84.0808 5.28025 4
    endloop
  endfacet
  facet normal 0.513958 0.857815 0
    outer loop
      vertex 83.9166 5.37863 4
      vertex 84.0808 5.28025 0
      vertex 83.9166 5.37863 0
    endloop
  endfacet
  facet normal -0.858 -0.51365 0
    outer loop
      vertex 86.7197 43.9192 0
      vertex 86.6214 44.0834 4
      vertex 86.6214 44.0834 0
    endloop
  endfacet
  facet normal -0.858 -0.51365 0
    outer loop
      vertex 86.6214 44.0834 4
      vertex 86.7197 43.9192 0
      vertex 86.7197 43.9192 4
    endloop
  endfacet
  facet normal -0.336701 -0.941612 0
    outer loop
      vertex 85.5661 44.866 0
      vertex 85.7462 44.8016 4
      vertex 85.5661 44.866 4
    endloop
  endfacet
  facet normal -0.336701 -0.941612 -0
    outer loop
      vertex 85.7462 44.8016 4
      vertex 85.5661 44.866 0
      vertex 85.7462 44.8016 0
    endloop
  endfacet
  facet normal 0.427884 -0.903834 0
    outer loop
      vertex 84.0808 44.7197 0
      vertex 84.2538 44.8016 4
      vertex 84.0808 44.7197 4
    endloop
  endfacet
  facet normal 0.427884 -0.903834 0
    outer loop
      vertex 84.2538 44.8016 4
      vertex 84.0808 44.7197 0
      vertex 84.2538 44.8016 0
    endloop
  endfacet
  facet normal 0.941612 -0.336701 0
    outer loop
      vertex 83.134 43.5661 4
      vertex 83.1984 43.7462 0
      vertex 83.1984 43.7462 4
    endloop
  endfacet
  facet normal 0.941612 -0.336701 0
    outer loop
      vertex 83.1984 43.7462 0
      vertex 83.134 43.5661 4
      vertex 83.134 43.5661 0
    endloop
  endfacet
  facet normal -0.998792 0.0491295 0
    outer loop
      vertex 86.9406 42.8089 0
      vertex 86.95 43 4
      vertex 86.95 43 0
    endloop
  endfacet
  facet normal -0.998792 0.0491295 0
    outer loop
      vertex 86.95 43 4
      vertex 86.9406 42.8089 0
      vertex 86.9406 42.8089 4
    endloop
  endfacet
  facet normal -0.51365 -0.858 0
    outer loop
      vertex 85.9192 44.7197 0
      vertex 86.0834 44.6214 4
      vertex 85.9192 44.7197 4
    endloop
  endfacet
  facet normal -0.51365 -0.858 -0
    outer loop
      vertex 86.0834 44.6214 4
      vertex 85.9192 44.7197 0
      vertex 86.0834 44.6214 0
    endloop
  endfacet
  facet normal 0.803187 -0.595727 0
    outer loop
      vertex 83.3786 44.0834 4
      vertex 83.4926 44.2371 0
      vertex 83.4926 44.2371 4
    endloop
  endfacet
  facet normal 0.803187 -0.595727 0
    outer loop
      vertex 83.4926 44.2371 0
      vertex 83.3786 44.0834 4
      vertex 83.3786 44.0834 0
    endloop
  endfacet
  facet normal 0.242904 -0.97005 0
    outer loop
      vertex 84.4339 44.866 0
      vertex 84.6196 44.9125 4
      vertex 84.4339 44.866 4
    endloop
  endfacet
  facet normal 0.242904 -0.97005 0
    outer loop
      vertex 84.6196 44.9125 4
      vertex 84.4339 44.866 0
      vertex 84.6196 44.9125 0
    endloop
  endfacet
  facet normal -0.51365 0.858 0
    outer loop
      vertex 86.0834 41.3786 0
      vertex 85.9192 41.2803 4
      vertex 86.0834 41.3786 4
    endloop
  endfacet
  facet normal -0.51365 0.858 0
    outer loop
      vertex 85.9192 41.2803 4
      vertex 86.0834 41.3786 0
      vertex 85.9192 41.2803 0
    endloop
  endfacet
  facet normal 0.595727 0.803187 -0
    outer loop
      vertex 83.9166 41.3786 0
      vertex 83.7629 41.4926 4
      vertex 83.9166 41.3786 4
    endloop
  endfacet
  facet normal 0.595727 0.803187 0
    outer loop
      vertex 83.7629 41.4926 4
      vertex 83.9166 41.3786 0
      vertex 83.7629 41.4926 0
    endloop
  endfacet
  facet normal 0.858 0.51365 0
    outer loop
      vertex 83.3786 41.9166 4
      vertex 83.2803 42.0808 0
      vertex 83.2803 42.0808 4
    endloop
  endfacet
  facet normal 0.858 0.51365 0
    outer loop
      vertex 83.2803 42.0808 0
      vertex 83.3786 41.9166 4
      vertex 83.3786 41.9166 0
    endloop
  endfacet
  facet normal -0.803187 -0.595727 0
    outer loop
      vertex 86.6214 44.0834 0
      vertex 86.5074 44.2371 4
      vertex 86.5074 44.2371 0
    endloop
  endfacet
  facet normal -0.803187 -0.595727 0
    outer loop
      vertex 86.5074 44.2371 4
      vertex 86.6214 44.0834 0
      vertex 86.6214 44.0834 4
    endloop
  endfacet
  facet normal -0.671501 -0.741003 0
    outer loop
      vertex 86.2371 44.5074 0
      vertex 86.3789 44.3789 4
      vertex 86.2371 44.5074 4
    endloop
  endfacet
  facet normal -0.671501 -0.741003 -0
    outer loop
      vertex 86.3789 44.3789 4
      vertex 86.2371 44.5074 0
      vertex 86.3789 44.3789 0
    endloop
  endfacet
  facet normal 0.0491295 -0.998792 0
    outer loop
      vertex 84.8089 44.9406 0
      vertex 85 44.95 4
      vertex 84.8089 44.9406 4
    endloop
  endfacet
  facet normal 0.0491295 -0.998792 0
    outer loop
      vertex 85 44.95 4
      vertex 84.8089 44.9406 0
      vertex 85 44.95 0
    endloop
  endfacet
  facet normal -0.242904 -0.97005 0
    outer loop
      vertex 85.3804 44.9125 0
      vertex 85.5661 44.866 4
      vertex 85.3804 44.9125 4
    endloop
  endfacet
  facet normal -0.242904 -0.97005 -0
    outer loop
      vertex 85.5661 44.866 4
      vertex 85.3804 44.9125 0
      vertex 85.5661 44.866 0
    endloop
  endfacet
  facet normal -0.146833 -0.989161 0
    outer loop
      vertex 85.1911 44.9406 0
      vertex 85.3804 44.9125 4
      vertex 85.1911 44.9406 4
    endloop
  endfacet
  facet normal -0.146833 -0.989161 -0
    outer loop
      vertex 85.3804 44.9125 4
      vertex 85.1911 44.9406 0
      vertex 85.3804 44.9125 0
    endloop
  endfacet
  facet normal -0.427884 -0.903834 0
    outer loop
      vertex 85.7462 44.8016 0
      vertex 85.9192 44.7197 4
      vertex 85.7462 44.8016 4
    endloop
  endfacet
  facet normal -0.427884 -0.903834 -0
    outer loop
      vertex 85.9192 44.7197 4
      vertex 85.7462 44.8016 0
      vertex 85.9192 44.7197 0
    endloop
  endfacet
  facet normal -0.595727 -0.803187 0
    outer loop
      vertex 86.0834 44.6214 0
      vertex 86.2371 44.5074 4
      vertex 86.0834 44.6214 4
    endloop
  endfacet
  facet normal -0.595727 -0.803187 -0
    outer loop
      vertex 86.2371 44.5074 4
      vertex 86.0834 44.6214 0
      vertex 86.2371 44.5074 0
    endloop
  endfacet
  facet normal 0.998792 0.0491295 0
    outer loop
      vertex 83.0594 42.8089 4
      vertex 83.05 43 0
      vertex 83.05 43 4
    endloop
  endfacet
  facet normal 0.998792 0.0491295 0
    outer loop
      vertex 83.05 43 0
      vertex 83.0594 42.8089 4
      vertex 83.0594 42.8089 0
    endloop
  endfacet
  facet normal 0.97005 -0.242904 0
    outer loop
      vertex 83.0875 43.3804 4
      vertex 83.134 43.5661 0
      vertex 83.134 43.5661 4
    endloop
  endfacet
  facet normal 0.97005 -0.242904 0
    outer loop
      vertex 83.134 43.5661 0
      vertex 83.0875 43.3804 4
      vertex 83.0875 43.3804 0
    endloop
  endfacet
  facet normal 0.989161 -0.146833 0
    outer loop
      vertex 83.0594 43.1911 4
      vertex 83.0875 43.3804 0
      vertex 83.0875 43.3804 4
    endloop
  endfacet
  facet normal 0.989161 -0.146833 0
    outer loop
      vertex 83.0875 43.3804 0
      vertex 83.0594 43.1911 4
      vertex 83.0594 43.1911 0
    endloop
  endfacet
  facet normal 0.903834 -0.427884 0
    outer loop
      vertex 83.1984 43.7462 4
      vertex 83.2803 43.9192 0
      vertex 83.2803 43.9192 4
    endloop
  endfacet
  facet normal 0.903834 -0.427884 0
    outer loop
      vertex 83.2803 43.9192 0
      vertex 83.1984 43.7462 4
      vertex 83.1984 43.7462 0
    endloop
  endfacet
  facet normal 0.858 -0.51365 0
    outer loop
      vertex 83.2803 43.9192 4
      vertex 83.3786 44.0834 0
      vertex 83.3786 44.0834 4
    endloop
  endfacet
  facet normal 0.858 -0.51365 0
    outer loop
      vertex 83.3786 44.0834 0
      vertex 83.2803 43.9192 4
      vertex 83.2803 43.9192 0
    endloop
  endfacet
  facet normal 0.336701 -0.941612 0
    outer loop
      vertex 84.2538 44.8016 0
      vertex 84.4339 44.866 4
      vertex 84.2538 44.8016 4
    endloop
  endfacet
  facet normal 0.336701 -0.941612 0
    outer loop
      vertex 84.4339 44.866 4
      vertex 84.2538 44.8016 0
      vertex 84.4339 44.866 0
    endloop
  endfacet
  facet normal 0.146833 -0.989161 0
    outer loop
      vertex 84.6196 44.9125 0
      vertex 84.8089 44.9406 4
      vertex 84.6196 44.9125 4
    endloop
  endfacet
  facet normal 0.146833 -0.989161 0
    outer loop
      vertex 84.8089 44.9406 4
      vertex 84.6196 44.9125 0
      vertex 84.8089 44.9406 0
    endloop
  endfacet
  facet normal 0.595727 -0.803187 0
    outer loop
      vertex 83.7629 44.5074 0
      vertex 83.9166 44.6214 4
      vertex 83.7629 44.5074 4
    endloop
  endfacet
  facet normal 0.595727 -0.803187 0
    outer loop
      vertex 83.9166 44.6214 4
      vertex 83.7629 44.5074 0
      vertex 83.9166 44.6214 0
    endloop
  endfacet
  facet normal 0.671501 -0.741003 0
    outer loop
      vertex 83.6211 44.3789 0
      vertex 83.7629 44.5074 4
      vertex 83.6211 44.3789 4
    endloop
  endfacet
  facet normal 0.671501 -0.741003 0
    outer loop
      vertex 83.7629 44.5074 4
      vertex 83.6211 44.3789 0
      vertex 83.7629 44.5074 0
    endloop
  endfacet
  facet normal 0.51365 -0.858 0
    outer loop
      vertex 83.9166 44.6214 0
      vertex 84.0808 44.7197 4
      vertex 83.9166 44.6214 4
    endloop
  endfacet
  facet normal 0.51365 -0.858 0
    outer loop
      vertex 84.0808 44.7197 4
      vertex 83.9166 44.6214 0
      vertex 84.0808 44.7197 0
    endloop
  endfacet
  facet normal 0.741003 -0.671501 0
    outer loop
      vertex 83.4926 44.2371 4
      vertex 83.6211 44.3789 0
      vertex 83.6211 44.3789 4
    endloop
  endfacet
  facet normal 0.741003 -0.671501 0
    outer loop
      vertex 83.6211 44.3789 0
      vertex 83.4926 44.2371 4
      vertex 83.4926 44.2371 0
    endloop
  endfacet
  facet normal -0.998792 -0.0491295 0
    outer loop
      vertex 86.95 43 0
      vertex 86.9406 43.1911 4
      vertex 86.9406 43.1911 0
    endloop
  endfacet
  facet normal -0.998792 -0.0491295 0
    outer loop
      vertex 86.9406 43.1911 4
      vertex 86.95 43 0
      vertex 86.95 43 4
    endloop
  endfacet
  facet normal -0.97005 0.242904 0
    outer loop
      vertex 86.866 42.4339 0
      vertex 86.9125 42.6196 4
      vertex 86.9125 42.6196 0
    endloop
  endfacet
  facet normal -0.97005 0.242904 0
    outer loop
      vertex 86.9125 42.6196 4
      vertex 86.866 42.4339 0
      vertex 86.866 42.4339 4
    endloop
  endfacet
  facet normal 0.741003 0.671501 0
    outer loop
      vertex 83.6211 41.6211 4
      vertex 83.4926 41.7629 0
      vertex 83.4926 41.7629 4
    endloop
  endfacet
  facet normal 0.741003 0.671501 0
    outer loop
      vertex 83.4926 41.7629 0
      vertex 83.6211 41.6211 4
      vertex 83.6211 41.6211 0
    endloop
  endfacet
  facet normal -0.427884 0.903834 0
    outer loop
      vertex 85.9192 41.2803 0
      vertex 85.7462 41.1984 4
      vertex 85.9192 41.2803 4
    endloop
  endfacet
  facet normal -0.427884 0.903834 0
    outer loop
      vertex 85.7462 41.1984 4
      vertex 85.9192 41.2803 0
      vertex 85.7462 41.1984 0
    endloop
  endfacet
  facet normal -0.903834 -0.427884 0
    outer loop
      vertex 86.8016 43.7462 0
      vertex 86.7197 43.9192 4
      vertex 86.7197 43.9192 0
    endloop
  endfacet
  facet normal -0.903834 -0.427884 0
    outer loop
      vertex 86.7197 43.9192 4
      vertex 86.8016 43.7462 0
      vertex 86.8016 43.7462 4
    endloop
  endfacet
  facet normal -0.941612 -0.336701 0
    outer loop
      vertex 86.866 43.5661 0
      vertex 86.8016 43.7462 4
      vertex 86.8016 43.7462 0
    endloop
  endfacet
  facet normal -0.941612 -0.336701 0
    outer loop
      vertex 86.8016 43.7462 4
      vertex 86.866 43.5661 0
      vertex 86.866 43.5661 4
    endloop
  endfacet
  facet normal -0.97005 -0.242904 0
    outer loop
      vertex 86.9125 43.3804 0
      vertex 86.866 43.5661 4
      vertex 86.866 43.5661 0
    endloop
  endfacet
  facet normal -0.97005 -0.242904 0
    outer loop
      vertex 86.866 43.5661 4
      vertex 86.9125 43.3804 0
      vertex 86.9125 43.3804 4
    endloop
  endfacet
  facet normal -0.741003 -0.671501 0
    outer loop
      vertex 86.5074 44.2371 0
      vertex 86.3789 44.3789 4
      vertex 86.3789 44.3789 0
    endloop
  endfacet
  facet normal -0.741003 -0.671501 0
    outer loop
      vertex 86.3789 44.3789 4
      vertex 86.5074 44.2371 0
      vertex 86.5074 44.2371 4
    endloop
  endfacet
  facet normal -0.0491295 -0.998792 0
    outer loop
      vertex 85 44.95 0
      vertex 85.1911 44.9406 4
      vertex 85 44.95 4
    endloop
  endfacet
  facet normal -0.0491295 -0.998792 -0
    outer loop
      vertex 85.1911 44.9406 4
      vertex 85 44.95 0
      vertex 85.1911 44.9406 0
    endloop
  endfacet
  facet normal 0.998792 -0.0491295 0
    outer loop
      vertex 83.05 43 4
      vertex 83.0594 43.1911 0
      vertex 83.0594 43.1911 4
    endloop
  endfacet
  facet normal 0.998792 -0.0491295 0
    outer loop
      vertex 83.0594 43.1911 0
      vertex 83.05 43 4
      vertex 83.05 43 0
    endloop
  endfacet
  facet normal -0.858 0.51365 0
    outer loop
      vertex 86.6214 41.9166 0
      vertex 86.7197 42.0808 4
      vertex 86.7197 42.0808 0
    endloop
  endfacet
  facet normal -0.858 0.51365 0
    outer loop
      vertex 86.7197 42.0808 4
      vertex 86.6214 41.9166 0
      vertex 86.6214 41.9166 4
    endloop
  endfacet
  facet normal -0.903834 0.427884 0
    outer loop
      vertex 86.7197 42.0808 0
      vertex 86.8016 42.2538 4
      vertex 86.8016 42.2538 0
    endloop
  endfacet
  facet normal -0.903834 0.427884 0
    outer loop
      vertex 86.8016 42.2538 4
      vertex 86.7197 42.0808 0
      vertex 86.7197 42.0808 4
    endloop
  endfacet
  facet normal -0.0491295 0.998792 0
    outer loop
      vertex 85.1911 41.0594 0
      vertex 85 41.05 4
      vertex 85.1911 41.0594 4
    endloop
  endfacet
  facet normal -0.0491295 0.998792 0
    outer loop
      vertex 85 41.05 4
      vertex 85.1911 41.0594 0
      vertex 85 41.05 0
    endloop
  endfacet
  facet normal 0.989161 0.146833 0
    outer loop
      vertex 83.0875 42.6196 4
      vertex 83.0594 42.8089 0
      vertex 83.0594 42.8089 4
    endloop
  endfacet
  facet normal 0.989161 0.146833 0
    outer loop
      vertex 83.0594 42.8089 0
      vertex 83.0875 42.6196 4
      vertex 83.0875 42.6196 0
    endloop
  endfacet
  facet normal 0.903834 0.427884 0
    outer loop
      vertex 83.2803 42.0808 4
      vertex 83.1984 42.2538 0
      vertex 83.1984 42.2538 4
    endloop
  endfacet
  facet normal 0.903834 0.427884 0
    outer loop
      vertex 83.1984 42.2538 0
      vertex 83.2803 42.0808 4
      vertex 83.2803 42.0808 0
    endloop
  endfacet
  facet normal 0.941612 0.336701 0
    outer loop
      vertex 83.1984 42.2538 4
      vertex 83.134 42.4339 0
      vertex 83.134 42.4339 4
    endloop
  endfacet
  facet normal 0.941612 0.336701 0
    outer loop
      vertex 83.134 42.4339 0
      vertex 83.1984 42.2538 4
      vertex 83.1984 42.2538 0
    endloop
  endfacet
  facet normal 0.671501 0.741003 -0
    outer loop
      vertex 83.7629 41.4926 0
      vertex 83.6211 41.6211 4
      vertex 83.7629 41.4926 4
    endloop
  endfacet
  facet normal 0.671501 0.741003 0
    outer loop
      vertex 83.6211 41.6211 4
      vertex 83.7629 41.4926 0
      vertex 83.6211 41.6211 0
    endloop
  endfacet
  facet normal -0.146833 0.989161 0
    outer loop
      vertex 85.3804 41.0875 0
      vertex 85.1911 41.0594 4
      vertex 85.3804 41.0875 4
    endloop
  endfacet
  facet normal -0.146833 0.989161 0
    outer loop
      vertex 85.1911 41.0594 4
      vertex 85.3804 41.0875 0
      vertex 85.1911 41.0594 0
    endloop
  endfacet
  facet normal -0.336701 0.941612 0
    outer loop
      vertex 85.7462 41.1984 0
      vertex 85.5661 41.134 4
      vertex 85.7462 41.1984 4
    endloop
  endfacet
  facet normal -0.336701 0.941612 0
    outer loop
      vertex 85.5661 41.134 4
      vertex 85.7462 41.1984 0
      vertex 85.5661 41.134 0
    endloop
  endfacet
  facet normal -0.989161 -0.146833 0
    outer loop
      vertex 86.9406 43.1911 0
      vertex 86.9125 43.3804 4
      vertex 86.9125 43.3804 0
    endloop
  endfacet
  facet normal -0.989161 -0.146833 0
    outer loop
      vertex 86.9125 43.3804 4
      vertex 86.9406 43.1911 0
      vertex 86.9406 43.1911 4
    endloop
  endfacet
  facet normal -0.989161 0.146833 0
    outer loop
      vertex 86.9125 42.6196 0
      vertex 86.9406 42.8089 4
      vertex 86.9406 42.8089 0
    endloop
  endfacet
  facet normal -0.989161 0.146833 0
    outer loop
      vertex 86.9406 42.8089 4
      vertex 86.9125 42.6196 0
      vertex 86.9125 42.6196 4
    endloop
  endfacet
  facet normal -0.803187 0.595727 0
    outer loop
      vertex 86.5074 41.7629 0
      vertex 86.6214 41.9166 4
      vertex 86.6214 41.9166 0
    endloop
  endfacet
  facet normal -0.803187 0.595727 0
    outer loop
      vertex 86.6214 41.9166 4
      vertex 86.5074 41.7629 0
      vertex 86.5074 41.7629 4
    endloop
  endfacet
  facet normal -0.941612 0.336701 0
    outer loop
      vertex 86.8016 42.2538 0
      vertex 86.866 42.4339 4
      vertex 86.866 42.4339 0
    endloop
  endfacet
  facet normal -0.941612 0.336701 0
    outer loop
      vertex 86.866 42.4339 4
      vertex 86.8016 42.2538 0
      vertex 86.8016 42.2538 4
    endloop
  endfacet
  facet normal 0.427884 0.903834 -0
    outer loop
      vertex 84.2538 41.1984 0
      vertex 84.0808 41.2803 4
      vertex 84.2538 41.1984 4
    endloop
  endfacet
  facet normal 0.427884 0.903834 0
    outer loop
      vertex 84.0808 41.2803 4
      vertex 84.2538 41.1984 0
      vertex 84.0808 41.2803 0
    endloop
  endfacet
  facet normal 0.242904 0.97005 -0
    outer loop
      vertex 84.6196 41.0875 0
      vertex 84.4339 41.134 4
      vertex 84.6196 41.0875 4
    endloop
  endfacet
  facet normal 0.242904 0.97005 0
    outer loop
      vertex 84.4339 41.134 4
      vertex 84.6196 41.0875 0
      vertex 84.4339 41.134 0
    endloop
  endfacet
  facet normal 0.97005 0.242904 0
    outer loop
      vertex 83.134 42.4339 4
      vertex 83.0875 42.6196 0
      vertex 83.0875 42.6196 4
    endloop
  endfacet
  facet normal 0.97005 0.242904 0
    outer loop
      vertex 83.0875 42.6196 0
      vertex 83.134 42.4339 4
      vertex 83.134 42.4339 0
    endloop
  endfacet
  facet normal 0.803187 0.595727 0
    outer loop
      vertex 83.4926 41.7629 4
      vertex 83.3786 41.9166 0
      vertex 83.3786 41.9166 4
    endloop
  endfacet
  facet normal 0.803187 0.595727 0
    outer loop
      vertex 83.3786 41.9166 0
      vertex 83.4926 41.7629 4
      vertex 83.4926 41.7629 0
    endloop
  endfacet
  facet normal -0.242904 0.97005 0
    outer loop
      vertex 85.5661 41.134 0
      vertex 85.3804 41.0875 4
      vertex 85.5661 41.134 4
    endloop
  endfacet
  facet normal -0.242904 0.97005 0
    outer loop
      vertex 85.3804 41.0875 4
      vertex 85.5661 41.134 0
      vertex 85.3804 41.0875 0
    endloop
  endfacet
  facet normal -0.741003 0.671501 0
    outer loop
      vertex 86.3789 41.6211 0
      vertex 86.5074 41.7629 4
      vertex 86.5074 41.7629 0
    endloop
  endfacet
  facet normal -0.741003 0.671501 0
    outer loop
      vertex 86.5074 41.7629 4
      vertex 86.3789 41.6211 0
      vertex 86.3789 41.6211 4
    endloop
  endfacet
  facet normal -0.671501 0.741003 0
    outer loop
      vertex 86.3789 41.6211 0
      vertex 86.2371 41.4926 4
      vertex 86.3789 41.6211 4
    endloop
  endfacet
  facet normal -0.671501 0.741003 0
    outer loop
      vertex 86.2371 41.4926 4
      vertex 86.3789 41.6211 0
      vertex 86.2371 41.4926 0
    endloop
  endfacet
  facet normal -0.595727 0.803187 0
    outer loop
      vertex 86.2371 41.4926 0
      vertex 86.0834 41.3786 4
      vertex 86.2371 41.4926 4
    endloop
  endfacet
  facet normal -0.595727 0.803187 0
    outer loop
      vertex 86.0834 41.3786 4
      vertex 86.2371 41.4926 0
      vertex 86.0834 41.3786 0
    endloop
  endfacet
  facet normal 0.51365 0.858 -0
    outer loop
      vertex 84.0808 41.2803 0
      vertex 83.9166 41.3786 4
      vertex 84.0808 41.2803 4
    endloop
  endfacet
  facet normal 0.51365 0.858 0
    outer loop
      vertex 83.9166 41.3786 4
      vertex 84.0808 41.2803 0
      vertex 83.9166 41.3786 0
    endloop
  endfacet
  facet normal 0.336701 0.941612 -0
    outer loop
      vertex 84.4339 41.134 0
      vertex 84.2538 41.1984 4
      vertex 84.4339 41.134 4
    endloop
  endfacet
  facet normal 0.336701 0.941612 0
    outer loop
      vertex 84.2538 41.1984 4
      vertex 84.4339 41.134 0
      vertex 84.2538 41.1984 0
    endloop
  endfacet
  facet normal 0.146833 0.989161 -0
    outer loop
      vertex 84.8089 41.0594 0
      vertex 84.6196 41.0875 4
      vertex 84.8089 41.0594 4
    endloop
  endfacet
  facet normal 0.146833 0.989161 0
    outer loop
      vertex 84.6196 41.0875 4
      vertex 84.8089 41.0594 0
      vertex 84.6196 41.0875 0
    endloop
  endfacet
  facet normal 0.0491295 0.998792 -0
    outer loop
      vertex 85 41.05 0
      vertex 84.8089 41.0594 4
      vertex 85 41.05 4
    endloop
  endfacet
  facet normal 0.0491295 0.998792 0
    outer loop
      vertex 84.8089 41.0594 4
      vertex 85 41.05 0
      vertex 84.8089 41.0594 0
    endloop
  endfacet
  facet normal 0.903978 -0.427578 0
    outer loop
      vertex -7.07873 29.861 4
      vertex -6.98432 30.0606 0
      vertex -6.98432 30.0606 4
    endloop
  endfacet
  facet normal 0.903978 -0.427578 0
    outer loop
      vertex -6.98432 30.0606 0
      vertex -7.07873 29.861 4
      vertex -7.07873 29.861 0
    endloop
  endfacet
  facet normal 1 -0 0
    outer loop
      vertex -7.25 21 4
      vertex -7.25 29 0
      vertex -7.25 29 4
    endloop
  endfacet
  facet normal 1 0 0
    outer loop
      vertex -7.25 29 0
      vertex -7.25 21 4
      vertex -7.25 21 0
    endloop
  endfacet
  facet normal 0.998796 0.0490565 0
    outer loop
      vertex -7.23917 20.7795 4
      vertex -7.25 21 0
      vertex -7.25 21 4
    endloop
  endfacet
  facet normal 0.998796 0.0490565 0
    outer loop
      vertex -7.25 21 0
      vertex -7.23917 20.7795 4
      vertex -7.23917 20.7795 0
    endloop
  endfacet
  facet normal 0.998796 -0.0490565 0
    outer loop
      vertex -7.25 29 4
      vertex -7.23917 29.2205 0
      vertex -7.23917 29.2205 4
    endloop
  endfacet
  facet normal 0.998796 -0.0490565 0
    outer loop
      vertex -7.23917 29.2205 0
      vertex -7.25 29 4
      vertex -7.25 29 0
    endloop
  endfacet
  facet normal -0.998796 -0.0490565 0
    outer loop
      vertex -2.75 29 0
      vertex -2.76083 29.2205 4
      vertex -2.76083 29.2205 0
    endloop
  endfacet
  facet normal -0.998796 -0.0490565 0
    outer loop
      vertex -2.76083 29.2205 4
      vertex -2.75 29 0
      vertex -2.75 29 4
    endloop
  endfacet
  facet normal 0.970009 -0.243069 0
    outer loop
      vertex -7.20677 29.439 4
      vertex -7.15312 29.6531 0
      vertex -7.15312 29.6531 4
    endloop
  endfacet
  facet normal 0.970009 -0.243069 0
    outer loop
      vertex -7.15312 29.6531 0
      vertex -7.20677 29.439 4
      vertex -7.20677 29.439 0
    endloop
  endfacet
  facet normal -0.0489121 -0.998803 0
    outer loop
      vertex -5 31.25 0
      vertex -4.77946 31.2392 4
      vertex -5 31.25 4
    endloop
  endfacet
  facet normal -0.0489121 -0.998803 -0
    outer loop
      vertex -4.77946 31.2392 4
      vertex -5 31.25 0
      vertex -4.77946 31.2392 0
    endloop
  endfacet
  facet normal 0.941541 -0.336899 0
    outer loop
      vertex -7.15312 29.6531 4
      vertex -7.07873 29.861 0
      vertex -7.07873 29.861 4
    endloop
  endfacet
  facet normal 0.941541 -0.336899 0
    outer loop
      vertex -7.07873 29.861 0
      vertex -7.15312 29.6531 4
      vertex -7.15312 29.6531 0
    endloop
  endfacet
  facet normal 0.427541 0.903996 -0
    outer loop
      vertex -5.86104 18.9213 0
      vertex -6.06064 19.0157 4
      vertex -5.86104 18.9213 4
    endloop
  endfacet
  facet normal 0.427541 0.903996 0
    outer loop
      vertex -6.06064 19.0157 4
      vertex -5.86104 18.9213 0
      vertex -6.06064 19.0157 0
    endloop
  endfacet
  facet normal -0.0489121 0.998803 0
    outer loop
      vertex -4.77946 18.7608 0
      vertex -5 18.75 4
      vertex -4.77946 18.7608 4
    endloop
  endfacet
  facet normal -0.0489121 0.998803 0
    outer loop
      vertex -5 18.75 4
      vertex -4.77946 18.7608 0
      vertex -5 18.75 0
    endloop
  endfacet
  facet normal 0.67159 0.740923 -0
    outer loop
      vertex -6.42738 19.2607 0
      vertex -6.59099 19.409 4
      vertex -6.42738 19.2607 4
    endloop
  endfacet
  facet normal 0.67159 0.740923 0
    outer loop
      vertex -6.59099 19.409 4
      vertex -6.42738 19.2607 0
      vertex -6.59099 19.409 0
    endloop
  endfacet
  facet normal 0.903978 0.427578 0
    outer loop
      vertex -6.98432 19.9394 4
      vertex -7.07873 20.139 0
      vertex -7.07873 20.139 4
    endloop
  endfacet
  facet normal 0.903978 0.427578 0
    outer loop
      vertex -7.07873 20.139 0
      vertex -6.98432 19.9394 4
      vertex -6.98432 19.9394 0
    endloop
  endfacet
  facet normal 0.0489121 -0.998803 0
    outer loop
      vertex -5.22054 31.2392 0
      vertex -5 31.25 4
      vertex -5.22054 31.2392 4
    endloop
  endfacet
  facet normal 0.0489121 -0.998803 0
    outer loop
      vertex -5 31.25 4
      vertex -5.22054 31.2392 0
      vertex -5 31.25 0
    endloop
  endfacet
  facet normal 0.989184 -0.14668 0
    outer loop
      vertex -7.23917 29.2205 4
      vertex -7.20677 29.439 0
      vertex -7.20677 29.439 4
    endloop
  endfacet
  facet normal 0.989184 -0.14668 0
    outer loop
      vertex -7.20677 29.439 0
      vertex -7.23917 29.2205 4
      vertex -7.23917 29.2205 0
    endloop
  endfacet
  facet normal -1 0 0
    outer loop
      vertex -2.75 21 0
      vertex -2.75 29 4
      vertex -2.75 29 0
    endloop
  endfacet
  facet normal -1 -0 0
    outer loop
      vertex -2.75 29 4
      vertex -2.75 21 0
      vertex -2.75 21 4
    endloop
  endfacet
  facet normal -0.970009 0.243069 0
    outer loop
      vertex -2.84688 20.3469 0
      vertex -2.79323 20.561 4
      vertex -2.79323 20.561 0
    endloop
  endfacet
  facet normal -0.970009 0.243069 0
    outer loop
      vertex -2.79323 20.561 4
      vertex -2.84688 20.3469 0
      vertex -2.84688 20.3469 4
    endloop
  endfacet
  facet normal -0.146739 0.989175 0
    outer loop
      vertex -4.56105 18.7932 0
      vertex -4.77946 18.7608 4
      vertex -4.56105 18.7932 4
    endloop
  endfacet
  facet normal -0.146739 0.989175 0
    outer loop
      vertex -4.77946 18.7608 4
      vertex -4.56105 18.7932 0
      vertex -4.77946 18.7608 0
    endloop
  endfacet
  facet normal -0.336939 0.941527 0
    outer loop
      vertex -4.13896 18.9213 0
      vertex -4.34686 18.8469 4
      vertex -4.13896 18.9213 4
    endloop
  endfacet
  facet normal -0.336939 0.941527 0
    outer loop
      vertex -4.34686 18.8469 4
      vertex -4.13896 18.9213 0
      vertex -4.34686 18.8469 0
    endloop
  endfacet
  facet normal 0.146739 0.989175 -0
    outer loop
      vertex -5.22054 18.7608 0
      vertex -5.43895 18.7932 4
      vertex -5.22054 18.7608 4
    endloop
  endfacet
  facet normal 0.146739 0.989175 0
    outer loop
      vertex -5.43895 18.7932 4
      vertex -5.22054 18.7608 0
      vertex -5.43895 18.7932 0
    endloop
  endfacet
  facet normal 0.595607 0.803276 -0
    outer loop
      vertex -6.25003 19.1292 0
      vertex -6.42738 19.2607 4
      vertex -6.25003 19.1292 4
    endloop
  endfacet
  facet normal 0.595607 0.803276 0
    outer loop
      vertex -6.42738 19.2607 4
      vertex -6.25003 19.1292 0
      vertex -6.42738 19.2607 0
    endloop
  endfacet
  facet normal 0.514049 0.857761 -0
    outer loop
      vertex -6.06064 19.0157 0
      vertex -6.25003 19.1292 4
      vertex -6.06064 19.0157 4
    endloop
  endfacet
  facet normal 0.514049 0.857761 0
    outer loop
      vertex -6.25003 19.1292 4
      vertex -6.06064 19.0157 0
      vertex -6.25003 19.1292 0
    endloop
  endfacet
  facet normal 0.243186 0.96998 -0
    outer loop
      vertex -5.43895 18.7932 0
      vertex -5.65314 18.8469 4
      vertex -5.43895 18.7932 4
    endloop
  endfacet
  facet normal 0.243186 0.96998 0
    outer loop
      vertex -5.65314 18.8469 4
      vertex -5.43895 18.7932 0
      vertex -5.65314 18.8469 0
    endloop
  endfacet
  facet normal 0.0489121 0.998803 -0
    outer loop
      vertex -5 18.75 0
      vertex -5.22054 18.7608 4
      vertex -5 18.75 4
    endloop
  endfacet
  facet normal 0.0489121 0.998803 0
    outer loop
      vertex -5.22054 18.7608 4
      vertex -5 18.75 0
      vertex -5.22054 18.7608 0
    endloop
  endfacet
  facet normal 0.80327 0.595615 0
    outer loop
      vertex -6.73927 19.5726 4
      vertex -6.87081 19.75 0
      vertex -6.87081 19.75 4
    endloop
  endfacet
  facet normal 0.80327 0.595615 0
    outer loop
      vertex -6.87081 19.75 0
      vertex -6.73927 19.5726 4
      vertex -6.73927 19.5726 0
    endloop
  endfacet
  facet normal 0.857753 0.514063 0
    outer loop
      vertex -6.87081 19.75 4
      vertex -6.98432 19.9394 0
      vertex -6.98432 19.9394 4
    endloop
  endfacet
  facet normal 0.857753 0.514063 0
    outer loop
      vertex -6.98432 19.9394 0
      vertex -6.87081 19.75 4
      vertex -6.87081 19.75 0
    endloop
  endfacet
  facet normal 0.740948 0.671563 0
    outer loop
      vertex -6.59099 19.409 4
      vertex -6.73927 19.5726 0
      vertex -6.73927 19.5726 4
    endloop
  endfacet
  facet normal 0.740948 0.671563 0
    outer loop
      vertex -6.73927 19.5726 0
      vertex -6.59099 19.409 4
      vertex -6.59099 19.409 0
    endloop
  endfacet
  facet normal 0.989184 0.14668 0
    outer loop
      vertex -7.20677 20.561 4
      vertex -7.23917 20.7795 0
      vertex -7.23917 20.7795 4
    endloop
  endfacet
  facet normal 0.989184 0.14668 0
    outer loop
      vertex -7.23917 20.7795 0
      vertex -7.20677 20.561 4
      vertex -7.20677 20.561 0
    endloop
  endfacet
  facet normal 0.941541 0.336899 0
    outer loop
      vertex -7.07873 20.139 4
      vertex -7.15312 20.3469 0
      vertex -7.15312 20.3469 4
    endloop
  endfacet
  facet normal 0.941541 0.336899 0
    outer loop
      vertex -7.15312 20.3469 0
      vertex -7.07873 20.139 4
      vertex -7.07873 20.139 0
    endloop
  endfacet
  facet normal 0.970009 0.243069 0
    outer loop
      vertex -7.15312 20.3469 4
      vertex -7.20677 20.561 0
      vertex -7.20677 20.561 4
    endloop
  endfacet
  facet normal 0.970009 0.243069 0
    outer loop
      vertex -7.20677 20.561 0
      vertex -7.15312 20.3469 4
      vertex -7.15312 20.3469 0
    endloop
  endfacet
  facet normal 0.80327 -0.595615 0
    outer loop
      vertex -6.87081 30.25 4
      vertex -6.73927 30.4274 0
      vertex -6.73927 30.4274 4
    endloop
  endfacet
  facet normal 0.80327 -0.595615 0
    outer loop
      vertex -6.73927 30.4274 0
      vertex -6.87081 30.25 4
      vertex -6.87081 30.25 0
    endloop
  endfacet
  facet normal 0.857753 -0.514063 0
    outer loop
      vertex -6.98432 30.0606 4
      vertex -6.87081 30.25 0
      vertex -6.87081 30.25 4
    endloop
  endfacet
  facet normal 0.857753 -0.514063 0
    outer loop
      vertex -6.87081 30.25 0
      vertex -6.98432 30.0606 4
      vertex -6.98432 30.0606 0
    endloop
  endfacet
  facet normal -0.146739 -0.989175 0
    outer loop
      vertex -4.77946 31.2392 0
      vertex -4.56105 31.2068 4
      vertex -4.77946 31.2392 4
    endloop
  endfacet
  facet normal -0.146739 -0.989175 -0
    outer loop
      vertex -4.56105 31.2068 4
      vertex -4.77946 31.2392 0
      vertex -4.56105 31.2068 0
    endloop
  endfacet
  facet normal 0.740948 -0.671563 0
    outer loop
      vertex -6.73927 30.4274 4
      vertex -6.59099 30.591 0
      vertex -6.59099 30.591 4
    endloop
  endfacet
  facet normal 0.740948 -0.671563 0
    outer loop
      vertex -6.59099 30.591 0
      vertex -6.73927 30.4274 4
      vertex -6.73927 30.4274 0
    endloop
  endfacet
  facet normal 0.67159 -0.740923 0
    outer loop
      vertex -6.59099 30.591 0
      vertex -6.42738 30.7393 4
      vertex -6.59099 30.591 4
    endloop
  endfacet
  facet normal 0.67159 -0.740923 0
    outer loop
      vertex -6.42738 30.7393 4
      vertex -6.59099 30.591 0
      vertex -6.42738 30.7393 0
    endloop
  endfacet
  facet normal 0.427541 -0.903996 0
    outer loop
      vertex -6.06064 30.9843 0
      vertex -5.86104 31.0787 4
      vertex -6.06064 30.9843 4
    endloop
  endfacet
  facet normal 0.427541 -0.903996 0
    outer loop
      vertex -5.86104 31.0787 4
      vertex -6.06064 30.9843 0
      vertex -5.86104 31.0787 0
    endloop
  endfacet
  facet normal 0.336939 -0.941527 0
    outer loop
      vertex -5.86104 31.0787 0
      vertex -5.65314 31.1531 4
      vertex -5.86104 31.0787 4
    endloop
  endfacet
  facet normal 0.336939 -0.941527 0
    outer loop
      vertex -5.65314 31.1531 4
      vertex -5.86104 31.0787 0
      vertex -5.65314 31.1531 0
    endloop
  endfacet
  facet normal -0.989184 0.14668 0
    outer loop
      vertex -2.79323 20.561 0
      vertex -2.76083 20.7795 4
      vertex -2.76083 20.7795 0
    endloop
  endfacet
  facet normal -0.989184 0.14668 0
    outer loop
      vertex -2.76083 20.7795 4
      vertex -2.79323 20.561 0
      vertex -2.79323 20.561 4
    endloop
  endfacet
  facet normal -0.998796 0.0490565 0
    outer loop
      vertex -2.76083 20.7795 0
      vertex -2.75 21 4
      vertex -2.75 21 0
    endloop
  endfacet
  facet normal -0.998796 0.0490565 0
    outer loop
      vertex -2.75 21 4
      vertex -2.76083 20.7795 0
      vertex -2.76083 20.7795 4
    endloop
  endfacet
  facet normal -0.671613 0.740902 0
    outer loop
      vertex -3.40901 19.409 0
      vertex -3.57261 19.2607 4
      vertex -3.40901 19.409 4
    endloop
  endfacet
  facet normal -0.671613 0.740902 0
    outer loop
      vertex -3.57261 19.2607 4
      vertex -3.40901 19.409 0
      vertex -3.57261 19.2607 0
    endloop
  endfacet
  facet normal -0.80327 0.595615 0
    outer loop
      vertex -3.26073 19.5726 0
      vertex -3.12919 19.75 4
      vertex -3.12919 19.75 0
    endloop
  endfacet
  facet normal -0.80327 0.595615 0
    outer loop
      vertex -3.12919 19.75 4
      vertex -3.26073 19.5726 0
      vertex -3.26073 19.5726 4
    endloop
  endfacet
  facet normal -0.243186 0.96998 0
    outer loop
      vertex -4.34686 18.8469 0
      vertex -4.56105 18.7932 4
      vertex -4.34686 18.8469 4
    endloop
  endfacet
  facet normal -0.243186 0.96998 0
    outer loop
      vertex -4.56105 18.7932 4
      vertex -4.34686 18.8469 0
      vertex -4.56105 18.7932 0
    endloop
  endfacet
  facet normal -0.427541 0.903996 0
    outer loop
      vertex -3.93936 19.0157 0
      vertex -4.13896 18.9213 4
      vertex -3.93936 19.0157 4
    endloop
  endfacet
  facet normal -0.427541 0.903996 0
    outer loop
      vertex -4.13896 18.9213 4
      vertex -3.93936 19.0157 0
      vertex -4.13896 18.9213 0
    endloop
  endfacet
  facet normal 0.336939 0.941527 -0
    outer loop
      vertex -5.65314 18.8469 0
      vertex -5.86104 18.9213 4
      vertex -5.65314 18.8469 4
    endloop
  endfacet
  facet normal 0.336939 0.941527 0
    outer loop
      vertex -5.86104 18.9213 4
      vertex -5.65314 18.8469 0
      vertex -5.86104 18.9213 0
    endloop
  endfacet
  facet normal -0.80327 -0.595615 0
    outer loop
      vertex -3.12919 30.25 0
      vertex -3.26073 30.4274 4
      vertex -3.26073 30.4274 0
    endloop
  endfacet
  facet normal -0.80327 -0.595615 0
    outer loop
      vertex -3.26073 30.4274 4
      vertex -3.12919 30.25 0
      vertex -3.12919 30.25 4
    endloop
  endfacet
  facet normal -0.941541 -0.336899 0
    outer loop
      vertex -2.84688 29.6531 0
      vertex -2.92127 29.861 4
      vertex -2.92127 29.861 0
    endloop
  endfacet
  facet normal -0.941541 -0.336899 0
    outer loop
      vertex -2.92127 29.861 4
      vertex -2.84688 29.6531 0
      vertex -2.84688 29.6531 4
    endloop
  endfacet
  facet normal -0.427541 -0.903996 0
    outer loop
      vertex -4.13896 31.0787 0
      vertex -3.93936 30.9843 4
      vertex -4.13896 31.0787 4
    endloop
  endfacet
  facet normal -0.427541 -0.903996 -0
    outer loop
      vertex -3.93936 30.9843 4
      vertex -4.13896 31.0787 0
      vertex -3.93936 30.9843 0
    endloop
  endfacet
  facet normal -0.989184 -0.14668 0
    outer loop
      vertex -2.76083 29.2205 0
      vertex -2.79323 29.439 4
      vertex -2.79323 29.439 0
    endloop
  endfacet
  facet normal -0.989184 -0.14668 0
    outer loop
      vertex -2.79323 29.439 4
      vertex -2.76083 29.2205 0
      vertex -2.76083 29.2205 4
    endloop
  endfacet
  facet normal 0.595607 -0.803276 0
    outer loop
      vertex -6.42738 30.7393 0
      vertex -6.25003 30.8708 4
      vertex -6.42738 30.7393 4
    endloop
  endfacet
  facet normal 0.595607 -0.803276 0
    outer loop
      vertex -6.25003 30.8708 4
      vertex -6.42738 30.7393 0
      vertex -6.25003 30.8708 0
    endloop
  endfacet
  facet normal 0.514049 -0.857761 0
    outer loop
      vertex -6.25003 30.8708 0
      vertex -6.06064 30.9843 4
      vertex -6.25003 30.8708 4
    endloop
  endfacet
  facet normal 0.514049 -0.857761 0
    outer loop
      vertex -6.06064 30.9843 4
      vertex -6.25003 30.8708 0
      vertex -6.06064 30.9843 0
    endloop
  endfacet
  facet normal 0.243186 -0.96998 0
    outer loop
      vertex -5.65314 31.1531 0
      vertex -5.43895 31.2068 4
      vertex -5.65314 31.1531 4
    endloop
  endfacet
  facet normal 0.243186 -0.96998 0
    outer loop
      vertex -5.43895 31.2068 4
      vertex -5.65314 31.1531 0
      vertex -5.43895 31.2068 0
    endloop
  endfacet
  facet normal 0.146739 -0.989175 0
    outer loop
      vertex -5.43895 31.2068 0
      vertex -5.22054 31.2392 4
      vertex -5.43895 31.2068 4
    endloop
  endfacet
  facet normal 0.146739 -0.989175 0
    outer loop
      vertex -5.22054 31.2392 4
      vertex -5.43895 31.2068 0
      vertex -5.22054 31.2392 0
    endloop
  endfacet
  facet normal -0.941541 0.336899 0
    outer loop
      vertex -2.92127 20.139 0
      vertex -2.84688 20.3469 4
      vertex -2.84688 20.3469 0
    endloop
  endfacet
  facet normal -0.941541 0.336899 0
    outer loop
      vertex -2.84688 20.3469 4
      vertex -2.92127 20.139 0
      vertex -2.92127 20.139 4
    endloop
  endfacet
  facet normal -0.903978 0.427578 0
    outer loop
      vertex -3.01568 19.9394 0
      vertex -2.92127 20.139 4
      vertex -2.92127 20.139 0
    endloop
  endfacet
  facet normal -0.903978 0.427578 0
    outer loop
      vertex -2.92127 20.139 4
      vertex -3.01568 19.9394 0
      vertex -3.01568 19.9394 4
    endloop
  endfacet
  facet normal -0.514049 0.857761 0
    outer loop
      vertex -3.74997 19.1292 0
      vertex -3.93936 19.0157 4
      vertex -3.74997 19.1292 4
    endloop
  endfacet
  facet normal -0.514049 0.857761 0
    outer loop
      vertex -3.93936 19.0157 4
      vertex -3.74997 19.1292 0
      vertex -3.93936 19.0157 0
    endloop
  endfacet
  facet normal -0.857753 0.514063 0
    outer loop
      vertex -3.12919 19.75 0
      vertex -3.01568 19.9394 4
      vertex -3.01568 19.9394 0
    endloop
  endfacet
  facet normal -0.857753 0.514063 0
    outer loop
      vertex -3.01568 19.9394 4
      vertex -3.12919 19.75 0
      vertex -3.12919 19.75 4
    endloop
  endfacet
  facet normal -0.740948 -0.671563 0
    outer loop
      vertex -3.26073 30.4274 0
      vertex -3.40901 30.591 4
      vertex -3.40901 30.591 0
    endloop
  endfacet
  facet normal -0.740948 -0.671563 0
    outer loop
      vertex -3.40901 30.591 4
      vertex -3.26073 30.4274 0
      vertex -3.26073 30.4274 4
    endloop
  endfacet
  facet normal -0.671613 -0.740902 0
    outer loop
      vertex -3.57261 30.7393 0
      vertex -3.40901 30.591 4
      vertex -3.57261 30.7393 4
    endloop
  endfacet
  facet normal -0.671613 -0.740902 -0
    outer loop
      vertex -3.40901 30.591 4
      vertex -3.57261 30.7393 0
      vertex -3.40901 30.591 0
    endloop
  endfacet
  facet normal -0.514049 -0.857761 0
    outer loop
      vertex -3.93936 30.9843 0
      vertex -3.74997 30.8708 4
      vertex -3.93936 30.9843 4
    endloop
  endfacet
  facet normal -0.514049 -0.857761 -0
    outer loop
      vertex -3.74997 30.8708 4
      vertex -3.93936 30.9843 0
      vertex -3.74997 30.8708 0
    endloop
  endfacet
  facet normal -0.970009 -0.243069 0
    outer loop
      vertex -2.79323 29.439 0
      vertex -2.84688 29.6531 4
      vertex -2.84688 29.6531 0
    endloop
  endfacet
  facet normal -0.970009 -0.243069 0
    outer loop
      vertex -2.84688 29.6531 4
      vertex -2.79323 29.439 0
      vertex -2.79323 29.439 4
    endloop
  endfacet
  facet normal -0.243186 -0.96998 0
    outer loop
      vertex -4.56105 31.2068 0
      vertex -4.34686 31.1531 4
      vertex -4.56105 31.2068 4
    endloop
  endfacet
  facet normal -0.243186 -0.96998 -0
    outer loop
      vertex -4.34686 31.1531 4
      vertex -4.56105 31.2068 0
      vertex -4.34686 31.1531 0
    endloop
  endfacet
  facet normal -0.336939 -0.941527 0
    outer loop
      vertex -4.34686 31.1531 0
      vertex -4.13896 31.0787 4
      vertex -4.34686 31.1531 4
    endloop
  endfacet
  facet normal -0.336939 -0.941527 -0
    outer loop
      vertex -4.13896 31.0787 4
      vertex -4.34686 31.1531 0
      vertex -4.13896 31.0787 0
    endloop
  endfacet
  facet normal -0.595585 0.803292 0
    outer loop
      vertex -3.57261 19.2607 0
      vertex -3.74997 19.1292 4
      vertex -3.57261 19.2607 4
    endloop
  endfacet
  facet normal -0.595585 0.803292 0
    outer loop
      vertex -3.74997 19.1292 4
      vertex -3.57261 19.2607 0
      vertex -3.74997 19.1292 0
    endloop
  endfacet
  facet normal -0.740948 0.671563 0
    outer loop
      vertex -3.40901 19.409 0
      vertex -3.26073 19.5726 4
      vertex -3.26073 19.5726 0
    endloop
  endfacet
  facet normal -0.740948 0.671563 0
    outer loop
      vertex -3.26073 19.5726 4
      vertex -3.40901 19.409 0
      vertex -3.40901 19.409 4
    endloop
  endfacet
  facet normal -0.595585 -0.803292 0
    outer loop
      vertex -3.74997 30.8708 0
      vertex -3.57261 30.7393 4
      vertex -3.74997 30.8708 4
    endloop
  endfacet
  facet normal -0.595585 -0.803292 -0
    outer loop
      vertex -3.57261 30.7393 4
      vertex -3.74997 30.8708 0
      vertex -3.57261 30.7393 0
    endloop
  endfacet
  facet normal -0.857753 -0.514063 0
    outer loop
      vertex -3.01568 30.0606 0
      vertex -3.12919 30.25 4
      vertex -3.12919 30.25 0
    endloop
  endfacet
  facet normal -0.857753 -0.514063 0
    outer loop
      vertex -3.12919 30.25 4
      vertex -3.01568 30.0606 0
      vertex -3.01568 30.0606 4
    endloop
  endfacet
  facet normal -0.903978 -0.427578 0
    outer loop
      vertex -2.92127 29.861 0
      vertex -3.01568 30.0606 4
      vertex -3.01568 30.0606 0
    endloop
  endfacet
  facet normal -0.903978 -0.427578 0
    outer loop
      vertex -3.01568 30.0606 4
      vertex -2.92127 29.861 0
      vertex -2.92127 29.861 4
    endloop
  endfacet
  facet normal -0.427541 -0.903996 0
    outer loop
      vertex 97.861 31.0787 0
      vertex 98.0606 30.9843 4
      vertex 97.861 31.0787 4
    endloop
  endfacet
  facet normal -0.427541 -0.903996 -0
    outer loop
      vertex 98.0606 30.9843 4
      vertex 97.861 31.0787 0
      vertex 98.0606 30.9843 0
    endloop
  endfacet
  facet normal 0.595498 -0.803357 0
    outer loop
      vertex 95.5726 30.7393 0
      vertex 95.75 30.8708 4
      vertex 95.5726 30.7393 4
    endloop
  endfacet
  facet normal 0.595498 -0.803357 0
    outer loop
      vertex 95.75 30.8708 4
      vertex 95.5726 30.7393 0
      vertex 95.75 30.8708 0
    endloop
  endfacet
  facet normal 1 -0 0
    outer loop
      vertex 94.75 21 4
      vertex 94.75 29 0
      vertex 94.75 29 4
    endloop
  endfacet
  facet normal 1 0 0
    outer loop
      vertex 94.75 29 0
      vertex 94.75 21 4
      vertex 94.75 21 0
    endloop
  endfacet
  facet normal 0.998803 0.0489209 0
    outer loop
      vertex 94.7608 20.7795 4
      vertex 94.75 21 0
      vertex 94.75 21 4
    endloop
  endfacet
  facet normal 0.998803 0.0489209 0
    outer loop
      vertex 94.75 21 0
      vertex 94.7608 20.7795 4
      vertex 94.7608 20.7795 0
    endloop
  endfacet
  facet normal 0.941527 -0.336939 0
    outer loop
      vertex 94.8469 29.6531 4
      vertex 94.9213 29.861 0
      vertex 94.9213 29.861 4
    endloop
  endfacet
  facet normal 0.941527 -0.336939 0
    outer loop
      vertex 94.9213 29.861 0
      vertex 94.8469 29.6531 4
      vertex 94.8469 29.6531 0
    endloop
  endfacet
  facet normal -0.998803 0.0489209 0
    outer loop
      vertex 99.2392 20.7795 0
      vertex 99.25 21 4
      vertex 99.25 21 0
    endloop
  endfacet
  facet normal -0.998803 0.0489209 0
    outer loop
      vertex 99.25 21 4
      vertex 99.2392 20.7795 0
      vertex 99.2392 20.7795 4
    endloop
  endfacet
  facet normal -0.671613 -0.740902 0
    outer loop
      vertex 98.4274 30.7393 0
      vertex 98.591 30.591 4
      vertex 98.4274 30.7393 4
    endloop
  endfacet
  facet normal -0.671613 -0.740902 -0
    outer loop
      vertex 98.591 30.591 4
      vertex 98.4274 30.7393 0
      vertex 98.591 30.591 0
    endloop
  endfacet
  facet normal -0.969956 -0.243282 0
    outer loop
      vertex 99.2068 29.439 0
      vertex 99.1531 29.6531 4
      vertex 99.1531 29.6531 0
    endloop
  endfacet
  facet normal -0.969956 -0.243282 0
    outer loop
      vertex 99.1531 29.6531 4
      vertex 99.2068 29.439 0
      vertex 99.2068 29.439 4
    endloop
  endfacet
  facet normal -0.998803 -0.0489209 0
    outer loop
      vertex 99.25 29 0
      vertex 99.2392 29.2205 4
      vertex 99.2392 29.2205 0
    endloop
  endfacet
  facet normal -0.998803 -0.0489209 0
    outer loop
      vertex 99.2392 29.2205 4
      vertex 99.25 29 0
      vertex 99.25 29 4
    endloop
  endfacet
  facet normal 0.998803 -0.0489209 0
    outer loop
      vertex 94.75 29 4
      vertex 94.7608 29.2205 0
      vertex 94.7608 29.2205 4
    endloop
  endfacet
  facet normal 0.998803 -0.0489209 0
    outer loop
      vertex 94.7608 29.2205 0
      vertex 94.75 29 4
      vertex 94.75 29 0
    endloop
  endfacet
  facet normal 0.903996 -0.427541 0
    outer loop
      vertex 94.9213 29.861 4
      vertex 95.0157 30.0606 0
      vertex 95.0157 30.0606 4
    endloop
  endfacet
  facet normal 0.903996 -0.427541 0
    outer loop
      vertex 95.0157 30.0606 0
      vertex 94.9213 29.861 4
      vertex 94.9213 29.861 0
    endloop
  endfacet
  facet normal -0.941527 0.336939 0
    outer loop
      vertex 99.0787 20.139 0
      vertex 99.1531 20.3469 4
      vertex 99.1531 20.3469 0
    endloop
  endfacet
  facet normal -0.941527 0.336939 0
    outer loop
      vertex 99.1531 20.3469 4
      vertex 99.0787 20.139 0
      vertex 99.0787 20.139 4
    endloop
  endfacet
  facet normal -0.0489209 0.998803 0
    outer loop
      vertex 97.2205 18.7608 0
      vertex 97 18.75 4
      vertex 97.2205 18.7608 4
    endloop
  endfacet
  facet normal -0.0489209 0.998803 0
    outer loop
      vertex 97 18.75 4
      vertex 97.2205 18.7608 0
      vertex 97 18.75 0
    endloop
  endfacet
  facet normal 0.427541 0.903996 -0
    outer loop
      vertex 96.139 18.9213 0
      vertex 95.9394 19.0157 4
      vertex 96.139 18.9213 4
    endloop
  endfacet
  facet normal 0.427541 0.903996 0
    outer loop
      vertex 95.9394 19.0157 4
      vertex 96.139 18.9213 0
      vertex 95.9394 19.0157 0
    endloop
  endfacet
  facet normal 0.903996 0.427541 0
    outer loop
      vertex 95.0157 19.9394 4
      vertex 94.9213 20.139 0
      vertex 94.9213 20.139 4
    endloop
  endfacet
  facet normal 0.903996 0.427541 0
    outer loop
      vertex 94.9213 20.139 0
      vertex 95.0157 19.9394 4
      vertex 95.0157 19.9394 0
    endloop
  endfacet
  facet normal 0.671613 0.740902 -0
    outer loop
      vertex 95.5726 19.2607 0
      vertex 95.409 19.409 4
      vertex 95.5726 19.2607 4
    endloop
  endfacet
  facet normal 0.671613 0.740902 0
    outer loop
      vertex 95.409 19.409 4
      vertex 95.5726 19.2607 0
      vertex 95.409 19.409 0
    endloop
  endfacet
  facet normal 0.740902 -0.671613 0
    outer loop
      vertex 95.2607 30.4274 4
      vertex 95.409 30.591 0
      vertex 95.409 30.591 4
    endloop
  endfacet
  facet normal 0.740902 -0.671613 0
    outer loop
      vertex 95.409 30.591 0
      vertex 95.2607 30.4274 4
      vertex 95.2607 30.4274 0
    endloop
  endfacet
  facet normal 0.969956 -0.243282 0
    outer loop
      vertex 94.7932 29.439 4
      vertex 94.8469 29.6531 0
      vertex 94.8469 29.6531 4
    endloop
  endfacet
  facet normal 0.969956 -0.243282 0
    outer loop
      vertex 94.8469 29.6531 0
      vertex 94.7932 29.439 4
      vertex 94.7932 29.439 0
    endloop
  endfacet
  facet normal 0.989184 -0.14668 0
    outer loop
      vertex 94.7608 29.2205 4
      vertex 94.7932 29.439 0
      vertex 94.7932 29.439 4
    endloop
  endfacet
  facet normal 0.989184 -0.14668 0
    outer loop
      vertex 94.7932 29.439 0
      vertex 94.7608 29.2205 4
      vertex 94.7608 29.2205 0
    endloop
  endfacet
  facet normal -1 0 0
    outer loop
      vertex 99.25 21 0
      vertex 99.25 29 4
      vertex 99.25 29 0
    endloop
  endfacet
  facet normal -1 -0 0
    outer loop
      vertex 99.25 29 4
      vertex 99.25 21 0
      vertex 99.25 21 4
    endloop
  endfacet
  facet normal -0.146746 0.989174 0
    outer loop
      vertex 97.4389 18.7932 0
      vertex 97.2205 18.7608 4
      vertex 97.4389 18.7932 4
    endloop
  endfacet
  facet normal -0.146746 0.989174 0
    outer loop
      vertex 97.2205 18.7608 4
      vertex 97.4389 18.7932 0
      vertex 97.2205 18.7608 0
    endloop
  endfacet
  facet normal -0.336939 0.941527 0
    outer loop
      vertex 97.861 18.9213 0
      vertex 97.6531 18.8469 4
      vertex 97.861 18.9213 4
    endloop
  endfacet
  facet normal -0.336939 0.941527 0
    outer loop
      vertex 97.6531 18.8469 4
      vertex 97.861 18.9213 0
      vertex 97.6531 18.8469 0
    endloop
  endfacet
  facet normal 0.146746 0.989174 -0
    outer loop
      vertex 96.7795 18.7608 0
      vertex 96.5611 18.7932 4
      vertex 96.7795 18.7608 4
    endloop
  endfacet
  facet normal 0.146746 0.989174 0
    outer loop
      vertex 96.5611 18.7932 4
      vertex 96.7795 18.7608 0
      vertex 96.5611 18.7932 0
    endloop
  endfacet
  facet normal 0.595498 0.803357 -0
    outer loop
      vertex 95.75 19.1292 0
      vertex 95.5726 19.2607 4
      vertex 95.75 19.1292 4
    endloop
  endfacet
  facet normal 0.595498 0.803357 0
    outer loop
      vertex 95.5726 19.2607 4
      vertex 95.75 19.1292 0
      vertex 95.5726 19.2607 0
    endloop
  endfacet
  facet normal 0.243175 0.969982 -0
    outer loop
      vertex 96.5611 18.7932 0
      vertex 96.3469 18.8469 4
      vertex 96.5611 18.7932 4
    endloop
  endfacet
  facet normal 0.243175 0.969982 0
    outer loop
      vertex 96.3469 18.8469 4
      vertex 96.5611 18.7932 0
      vertex 96.3469 18.8469 0
    endloop
  endfacet
  facet normal 0.0489209 0.998803 -0
    outer loop
      vertex 97 18.75 0
      vertex 96.7795 18.7608 4
      vertex 97 18.75 4
    endloop
  endfacet
  facet normal 0.0489209 0.998803 0
    outer loop
      vertex 96.7795 18.7608 4
      vertex 97 18.75 0
      vertex 96.7795 18.7608 0
    endloop
  endfacet
  facet normal 0.514029 0.857773 -0
    outer loop
      vertex 95.9394 19.0157 0
      vertex 95.75 19.1292 4
      vertex 95.9394 19.0157 4
    endloop
  endfacet
  facet normal 0.514029 0.857773 0
    outer loop
      vertex 95.75 19.1292 4
      vertex 95.9394 19.0157 0
      vertex 95.75 19.1292 0
    endloop
  endfacet
  facet normal 0.803357 0.595498 0
    outer loop
      vertex 95.2607 19.5726 4
      vertex 95.1292 19.75 0
      vertex 95.1292 19.75 4
    endloop
  endfacet
  facet normal 0.803357 0.595498 0
    outer loop
      vertex 95.1292 19.75 0
      vertex 95.2607 19.5726 4
      vertex 95.2607 19.5726 0
    endloop
  endfacet
  facet normal 0.857773 0.514029 0
    outer loop
      vertex 95.1292 19.75 4
      vertex 95.0157 19.9394 0
      vertex 95.0157 19.9394 4
    endloop
  endfacet
  facet normal 0.857773 0.514029 0
    outer loop
      vertex 95.0157 19.9394 0
      vertex 95.1292 19.75 4
      vertex 95.1292 19.75 0
    endloop
  endfacet
  facet normal 0.740902 0.671613 0
    outer loop
      vertex 95.409 19.409 4
      vertex 95.2607 19.5726 0
      vertex 95.2607 19.5726 4
    endloop
  endfacet
  facet normal 0.740902 0.671613 0
    outer loop
      vertex 95.2607 19.5726 0
      vertex 95.409 19.409 4
      vertex 95.409 19.409 0
    endloop
  endfacet
  facet normal 0.989184 0.14668 0
    outer loop
      vertex 94.7932 20.561 4
      vertex 94.7608 20.7795 0
      vertex 94.7608 20.7795 4
    endloop
  endfacet
  facet normal 0.989184 0.14668 0
    outer loop
      vertex 94.7608 20.7795 0
      vertex 94.7932 20.561 4
      vertex 94.7932 20.561 0
    endloop
  endfacet
  facet normal 0.941527 0.336939 0
    outer loop
      vertex 94.9213 20.139 4
      vertex 94.8469 20.3469 0
      vertex 94.8469 20.3469 4
    endloop
  endfacet
  facet normal 0.941527 0.336939 0
    outer loop
      vertex 94.8469 20.3469 0
      vertex 94.9213 20.139 4
      vertex 94.9213 20.139 0
    endloop
  endfacet
  facet normal -0.514029 -0.857773 0
    outer loop
      vertex 98.0606 30.9843 0
      vertex 98.25 30.8708 4
      vertex 98.0606 30.9843 4
    endloop
  endfacet
  facet normal -0.514029 -0.857773 -0
    outer loop
      vertex 98.25 30.8708 4
      vertex 98.0606 30.9843 0
      vertex 98.25 30.8708 0
    endloop
  endfacet
  facet normal 0.0489209 -0.998803 0
    outer loop
      vertex 96.7795 31.2392 0
      vertex 97 31.25 4
      vertex 96.7795 31.2392 4
    endloop
  endfacet
  facet normal 0.0489209 -0.998803 0
    outer loop
      vertex 97 31.25 4
      vertex 96.7795 31.2392 0
      vertex 97 31.25 0
    endloop
  endfacet
  facet normal 0.427541 -0.903996 0
    outer loop
      vertex 95.9394 30.9843 0
      vertex 96.139 31.0787 4
      vertex 95.9394 30.9843 4
    endloop
  endfacet
  facet normal 0.427541 -0.903996 0
    outer loop
      vertex 96.139 31.0787 4
      vertex 95.9394 30.9843 0
      vertex 96.139 31.0787 0
    endloop
  endfacet
  facet normal -0.969956 0.243282 0
    outer loop
      vertex 99.1531 20.3469 0
      vertex 99.2068 20.561 4
      vertex 99.2068 20.561 0
    endloop
  endfacet
  facet normal -0.969956 0.243282 0
    outer loop
      vertex 99.2068 20.561 4
      vertex 99.1531 20.3469 0
      vertex 99.1531 20.3469 4
    endloop
  endfacet
  facet normal -0.671613 0.740902 0
    outer loop
      vertex 98.591 19.409 0
      vertex 98.4274 19.2607 4
      vertex 98.591 19.409 4
    endloop
  endfacet
  facet normal -0.671613 0.740902 0
    outer loop
      vertex 98.4274 19.2607 4
      vertex 98.591 19.409 0
      vertex 98.4274 19.2607 0
    endloop
  endfacet
  facet normal -0.903996 0.427541 0
    outer loop
      vertex 98.9843 19.9394 0
      vertex 99.0787 20.139 4
      vertex 99.0787 20.139 0
    endloop
  endfacet
  facet normal -0.903996 0.427541 0
    outer loop
      vertex 99.0787 20.139 4
      vertex 98.9843 19.9394 0
      vertex 98.9843 19.9394 4
    endloop
  endfacet
  facet normal -0.803357 0.595498 0
    outer loop
      vertex 98.7393 19.5726 0
      vertex 98.8708 19.75 4
      vertex 98.8708 19.75 0
    endloop
  endfacet
  facet normal -0.803357 0.595498 0
    outer loop
      vertex 98.8708 19.75 4
      vertex 98.7393 19.5726 0
      vertex 98.7393 19.5726 4
    endloop
  endfacet
  facet normal -0.243175 0.969982 0
    outer loop
      vertex 97.6531 18.8469 0
      vertex 97.4389 18.7932 4
      vertex 97.6531 18.8469 4
    endloop
  endfacet
  facet normal -0.243175 0.969982 0
    outer loop
      vertex 97.4389 18.7932 4
      vertex 97.6531 18.8469 0
      vertex 97.4389 18.7932 0
    endloop
  endfacet
  facet normal -0.427541 0.903996 0
    outer loop
      vertex 98.0606 19.0157 0
      vertex 97.861 18.9213 4
      vertex 98.0606 19.0157 4
    endloop
  endfacet
  facet normal -0.427541 0.903996 0
    outer loop
      vertex 97.861 18.9213 4
      vertex 98.0606 19.0157 0
      vertex 97.861 18.9213 0
    endloop
  endfacet
  facet normal 0.336939 0.941527 -0
    outer loop
      vertex 96.3469 18.8469 0
      vertex 96.139 18.9213 4
      vertex 96.3469 18.8469 4
    endloop
  endfacet
  facet normal 0.336939 0.941527 0
    outer loop
      vertex 96.139 18.9213 4
      vertex 96.3469 18.8469 0
      vertex 96.139 18.9213 0
    endloop
  endfacet
  facet normal 0.969956 0.243282 0
    outer loop
      vertex 94.8469 20.3469 4
      vertex 94.7932 20.561 0
      vertex 94.7932 20.561 4
    endloop
  endfacet
  facet normal 0.969956 0.243282 0
    outer loop
      vertex 94.7932 20.561 0
      vertex 94.8469 20.3469 4
      vertex 94.8469 20.3469 0
    endloop
  endfacet
  facet normal -0.857773 -0.514029 0
    outer loop
      vertex 98.9843 30.0606 0
      vertex 98.8708 30.25 4
      vertex 98.8708 30.25 0
    endloop
  endfacet
  facet normal -0.857773 -0.514029 0
    outer loop
      vertex 98.8708 30.25 4
      vertex 98.9843 30.0606 0
      vertex 98.9843 30.0606 4
    endloop
  endfacet
  facet normal -0.989184 -0.14668 0
    outer loop
      vertex 99.2392 29.2205 0
      vertex 99.2068 29.439 4
      vertex 99.2068 29.439 0
    endloop
  endfacet
  facet normal -0.989184 -0.14668 0
    outer loop
      vertex 99.2068 29.439 4
      vertex 99.2392 29.2205 0
      vertex 99.2392 29.2205 4
    endloop
  endfacet
  facet normal 0.336939 -0.941527 0
    outer loop
      vertex 96.139 31.0787 0
      vertex 96.3469 31.1531 4
      vertex 96.139 31.0787 4
    endloop
  endfacet
  facet normal 0.336939 -0.941527 0
    outer loop
      vertex 96.3469 31.1531 4
      vertex 96.139 31.0787 0
      vertex 96.3469 31.1531 0
    endloop
  endfacet
  facet normal 0.514029 -0.857773 0
    outer loop
      vertex 95.75 30.8708 0
      vertex 95.9394 30.9843 4
      vertex 95.75 30.8708 4
    endloop
  endfacet
  facet normal 0.514029 -0.857773 0
    outer loop
      vertex 95.9394 30.9843 4
      vertex 95.75 30.8708 0
      vertex 95.9394 30.9843 0
    endloop
  endfacet
  facet normal 0.671613 -0.740902 0
    outer loop
      vertex 95.409 30.591 0
      vertex 95.5726 30.7393 4
      vertex 95.409 30.591 4
    endloop
  endfacet
  facet normal 0.671613 -0.740902 0
    outer loop
      vertex 95.5726 30.7393 4
      vertex 95.409 30.591 0
      vertex 95.5726 30.7393 0
    endloop
  endfacet
  facet normal 0.857773 -0.514029 0
    outer loop
      vertex 95.0157 30.0606 4
      vertex 95.1292 30.25 0
      vertex 95.1292 30.25 4
    endloop
  endfacet
  facet normal 0.857773 -0.514029 0
    outer loop
      vertex 95.1292 30.25 0
      vertex 95.0157 30.0606 4
      vertex 95.0157 30.0606 0
    endloop
  endfacet
  facet normal 0.803357 -0.595498 0
    outer loop
      vertex 95.1292 30.25 4
      vertex 95.2607 30.4274 0
      vertex 95.2607 30.4274 4
    endloop
  endfacet
  facet normal 0.803357 -0.595498 0
    outer loop
      vertex 95.2607 30.4274 0
      vertex 95.1292 30.25 4
      vertex 95.1292 30.25 0
    endloop
  endfacet
  facet normal -0.989184 0.14668 0
    outer loop
      vertex 99.2068 20.561 0
      vertex 99.2392 20.7795 4
      vertex 99.2392 20.7795 0
    endloop
  endfacet
  facet normal -0.989184 0.14668 0
    outer loop
      vertex 99.2392 20.7795 4
      vertex 99.2068 20.561 0
      vertex 99.2068 20.561 4
    endloop
  endfacet
  facet normal -0.857773 0.514029 0
    outer loop
      vertex 98.8708 19.75 0
      vertex 98.9843 19.9394 4
      vertex 98.9843 19.9394 0
    endloop
  endfacet
  facet normal -0.857773 0.514029 0
    outer loop
      vertex 98.9843 19.9394 4
      vertex 98.8708 19.75 0
      vertex 98.8708 19.75 4
    endloop
  endfacet
  facet normal -0.243175 -0.969982 0
    outer loop
      vertex 97.4389 31.2068 0
      vertex 97.6531 31.1531 4
      vertex 97.4389 31.2068 4
    endloop
  endfacet
  facet normal -0.243175 -0.969982 -0
    outer loop
      vertex 97.6531 31.1531 4
      vertex 97.4389 31.2068 0
      vertex 97.6531 31.1531 0
    endloop
  endfacet
  facet normal -0.595498 -0.803357 0
    outer loop
      vertex 98.25 30.8708 0
      vertex 98.4274 30.7393 4
      vertex 98.25 30.8708 4
    endloop
  endfacet
  facet normal -0.595498 -0.803357 -0
    outer loop
      vertex 98.4274 30.7393 4
      vertex 98.25 30.8708 0
      vertex 98.4274 30.7393 0
    endloop
  endfacet
  facet normal -0.740902 -0.671613 0
    outer loop
      vertex 98.7393 30.4274 0
      vertex 98.591 30.591 4
      vertex 98.591 30.591 0
    endloop
  endfacet
  facet normal -0.740902 -0.671613 0
    outer loop
      vertex 98.591 30.591 4
      vertex 98.7393 30.4274 0
      vertex 98.7393 30.4274 4
    endloop
  endfacet
  facet normal -0.803357 -0.595498 0
    outer loop
      vertex 98.8708 30.25 0
      vertex 98.7393 30.4274 4
      vertex 98.7393 30.4274 0
    endloop
  endfacet
  facet normal -0.803357 -0.595498 0
    outer loop
      vertex 98.7393 30.4274 4
      vertex 98.8708 30.25 0
      vertex 98.8708 30.25 4
    endloop
  endfacet
  facet normal -0.903996 -0.427541 0
    outer loop
      vertex 99.0787 29.861 0
      vertex 98.9843 30.0606 4
      vertex 98.9843 30.0606 0
    endloop
  endfacet
  facet normal -0.903996 -0.427541 0
    outer loop
      vertex 98.9843 30.0606 4
      vertex 99.0787 29.861 0
      vertex 99.0787 29.861 4
    endloop
  endfacet
  facet normal -0.941527 -0.336939 0
    outer loop
      vertex 99.1531 29.6531 0
      vertex 99.0787 29.861 4
      vertex 99.0787 29.861 0
    endloop
  endfacet
  facet normal -0.941527 -0.336939 0
    outer loop
      vertex 99.0787 29.861 4
      vertex 99.1531 29.6531 0
      vertex 99.1531 29.6531 4
    endloop
  endfacet
  facet normal 0.243175 -0.969982 0
    outer loop
      vertex 96.3469 31.1531 0
      vertex 96.5611 31.2068 4
      vertex 96.3469 31.1531 4
    endloop
  endfacet
  facet normal 0.243175 -0.969982 0
    outer loop
      vertex 96.5611 31.2068 4
      vertex 96.3469 31.1531 0
      vertex 96.5611 31.2068 0
    endloop
  endfacet
  facet normal 0.146746 -0.989174 0
    outer loop
      vertex 96.5611 31.2068 0
      vertex 96.7795 31.2392 4
      vertex 96.5611 31.2068 4
    endloop
  endfacet
  facet normal 0.146746 -0.989174 0
    outer loop
      vertex 96.7795 31.2392 4
      vertex 96.5611 31.2068 0
      vertex 96.7795 31.2392 0
    endloop
  endfacet
  facet normal -0.0489209 -0.998803 0
    outer loop
      vertex 97 31.25 0
      vertex 97.2205 31.2392 4
      vertex 97 31.25 4
    endloop
  endfacet
  facet normal -0.0489209 -0.998803 -0
    outer loop
      vertex 97.2205 31.2392 4
      vertex 97 31.25 0
      vertex 97.2205 31.2392 0
    endloop
  endfacet
  facet normal -0.146746 -0.989174 0
    outer loop
      vertex 97.2205 31.2392 0
      vertex 97.4389 31.2068 4
      vertex 97.2205 31.2392 4
    endloop
  endfacet
  facet normal -0.146746 -0.989174 -0
    outer loop
      vertex 97.4389 31.2068 4
      vertex 97.2205 31.2392 0
      vertex 97.4389 31.2068 0
    endloop
  endfacet
  facet normal -0.595498 0.803357 0
    outer loop
      vertex 98.4274 19.2607 0
      vertex 98.25 19.1292 4
      vertex 98.4274 19.2607 4
    endloop
  endfacet
  facet normal -0.595498 0.803357 0
    outer loop
      vertex 98.25 19.1292 4
      vertex 98.4274 19.2607 0
      vertex 98.25 19.1292 0
    endloop
  endfacet
  facet normal -0.514029 0.857773 0
    outer loop
      vertex 98.25 19.1292 0
      vertex 98.0606 19.0157 4
      vertex 98.25 19.1292 4
    endloop
  endfacet
  facet normal -0.514029 0.857773 0
    outer loop
      vertex 98.0606 19.0157 4
      vertex 98.25 19.1292 0
      vertex 98.0606 19.0157 0
    endloop
  endfacet
  facet normal -0.740902 0.671613 0
    outer loop
      vertex 98.591 19.409 0
      vertex 98.7393 19.5726 4
      vertex 98.7393 19.5726 0
    endloop
  endfacet
  facet normal -0.740902 0.671613 0
    outer loop
      vertex 98.7393 19.5726 4
      vertex 98.591 19.409 0
      vertex 98.591 19.409 4
    endloop
  endfacet
  facet normal -0.336939 -0.941527 0
    outer loop
      vertex 97.6531 31.1531 0
      vertex 97.861 31.0787 4
      vertex 97.6531 31.1531 4
    endloop
  endfacet
  facet normal -0.336939 -0.941527 -0
    outer loop
      vertex 97.861 31.0787 4
      vertex 97.6531 31.1531 0
      vertex 97.861 31.0787 0
    endloop
  endfacet
  facet normal -0.998797 0.0490418 0
    outer loop
      vertex 34.9615 24.2159 0
      vertex 35 25 4.1
      vertex 35 25 0
    endloop
  endfacet
  facet normal -0.998797 0.0490418 0
    outer loop
      vertex 35 25 4.1
      vertex 34.9615 24.2159 0
      vertex 34.9615 24.2159 4.1
    endloop
  endfacet
  facet normal 0.427489 -0.90402 0
    outer loop
      vertex 23.2288 32.0554 0
      vertex 23.9385 32.391 4.1
      vertex 23.2288 32.0554 4.1
    endloop
  endfacet
  facet normal 0.427489 -0.90402 0
    outer loop
      vertex 23.9385 32.391 4.1
      vertex 23.2288 32.0554 0
      vertex 23.9385 32.391 0
    endloop
  endfacet
  facet normal 0.94154 -0.336901 0
    outer loop
      vertex 19.3445 27.3223 4.1
      vertex 19.609 28.0615 0
      vertex 19.609 28.0615 4.1
    endloop
  endfacet
  facet normal 0.94154 -0.336901 0
    outer loop
      vertex 19.609 28.0615 0
      vertex 19.3445 27.3223 4.1
      vertex 19.3445 27.3223 0
    endloop
  endfacet
  facet normal 0.998797 -0.0490418 0
    outer loop
      vertex 19 25 4.1
      vertex 19.0385 25.7841 0
      vertex 19.0385 25.7841 4.1
    endloop
  endfacet
  facet normal 0.998797 -0.0490418 0
    outer loop
      vertex 19.0385 25.7841 0
      vertex 19 25 4.1
      vertex 19 25 0
    endloop
  endfacet
  facet normal 0.803153 -0.595773 0
    outer loop
      vertex 20.3482 29.4446 4.1
      vertex 20.8159 30.0751 0
      vertex 20.8159 30.0751 4.1
    endloop
  endfacet
  facet normal 0.803153 -0.595773 0
    outer loop
      vertex 20.8159 30.0751 0
      vertex 20.3482 29.4446 4.1
      vertex 20.3482 29.4446 0
    endloop
  endfacet
  facet normal 0.243015 -0.970023 0
    outer loop
      vertex 24.6777 32.6555 0
      vertex 25.4393 32.8463 4.1
      vertex 24.6777 32.6555 4.1
    endloop
  endfacet
  facet normal 0.243015 -0.970023 0
    outer loop
      vertex 25.4393 32.8463 4.1
      vertex 24.6777 32.6555 0
      vertex 25.4393 32.8463 0
    endloop
  endfacet
  facet normal -0.803153 0.595773 0
    outer loop
      vertex 33.1841 19.9249 0
      vertex 33.6518 20.5554 4.1
      vertex 33.6518 20.5554 0
    endloop
  endfacet
  facet normal -0.803153 0.595773 0
    outer loop
      vertex 33.6518 20.5554 4.1
      vertex 33.1841 19.9249 0
      vertex 33.1841 19.9249 4.1
    endloop
  endfacet
  facet normal -0.94154 0.336901 0
    outer loop
      vertex 34.391 21.9385 0
      vertex 34.6555 22.6777 4.1
      vertex 34.6555 22.6777 0
    endloop
  endfacet
  facet normal -0.94154 0.336901 0
    outer loop
      vertex 34.6555 22.6777 4.1
      vertex 34.391 21.9385 0
      vertex 34.391 21.9385 4.1
    endloop
  endfacet
  facet normal 0.0490418 0.998797 -0
    outer loop
      vertex 27 17 0
      vertex 26.2159 17.0385 4.1
      vertex 27 17 4.1
    endloop
  endfacet
  facet normal 0.0490418 0.998797 0
    outer loop
      vertex 26.2159 17.0385 4.1
      vertex 27 17 0
      vertex 26.2159 17.0385 0
    endloop
  endfacet
  facet normal 0.595773 0.803153 -0
    outer loop
      vertex 22.5554 18.3482 0
      vertex 21.9249 18.8159 4.1
      vertex 22.5554 18.3482 4.1
    endloop
  endfacet
  facet normal 0.595773 0.803153 0
    outer loop
      vertex 21.9249 18.8159 4.1
      vertex 22.5554 18.3482 0
      vertex 21.9249 18.8159 0
    endloop
  endfacet
  facet normal 0.0490418 -0.998797 0
    outer loop
      vertex 26.2159 32.9615 0
      vertex 27 33 4.1
      vertex 26.2159 32.9615 4.1
    endloop
  endfacet
  facet normal 0.0490418 -0.998797 0
    outer loop
      vertex 27 33 4.1
      vertex 26.2159 32.9615 0
      vertex 27 33 0
    endloop
  endfacet
  facet normal 0.970023 -0.243015 0
    outer loop
      vertex 19.1537 26.5607 4.1
      vertex 19.3445 27.3223 0
      vertex 19.3445 27.3223 4.1
    endloop
  endfacet
  facet normal 0.970023 -0.243015 0
    outer loop
      vertex 19.3445 27.3223 0
      vertex 19.1537 26.5607 4.1
      vertex 19.1537 26.5607 0
    endloop
  endfacet
  facet normal 0.989176 -0.146733 0
    outer loop
      vertex 19.0385 25.7841 4.1
      vertex 19.1537 26.5607 0
      vertex 19.1537 26.5607 4.1
    endloop
  endfacet
  facet normal 0.989176 -0.146733 0
    outer loop
      vertex 19.1537 26.5607 0
      vertex 19.0385 25.7841 4.1
      vertex 19.0385 25.7841 0
    endloop
  endfacet
  facet normal 0.90402 -0.427489 0
    outer loop
      vertex 19.609 28.0615 4.1
      vertex 19.9446 28.7712 0
      vertex 19.9446 28.7712 4.1
    endloop
  endfacet
  facet normal 0.90402 -0.427489 0
    outer loop
      vertex 19.9446 28.7712 0
      vertex 19.609 28.0615 4.1
      vertex 19.609 28.0615 0
    endloop
  endfacet
  facet normal 0.85774 -0.514084 0
    outer loop
      vertex 19.9446 28.7712 4.1
      vertex 20.3482 29.4446 0
      vertex 20.3482 29.4446 4.1
    endloop
  endfacet
  facet normal 0.85774 -0.514084 0
    outer loop
      vertex 20.3482 29.4446 0
      vertex 19.9446 28.7712 4.1
      vertex 19.9446 28.7712 0
    endloop
  endfacet
  facet normal 0.336901 -0.94154 0
    outer loop
      vertex 23.9385 32.391 0
      vertex 24.6777 32.6555 4.1
      vertex 23.9385 32.391 4.1
    endloop
  endfacet
  facet normal 0.336901 -0.94154 0
    outer loop
      vertex 24.6777 32.6555 4.1
      vertex 23.9385 32.391 0
      vertex 24.6777 32.6555 0
    endloop
  endfacet
  facet normal 0.146733 -0.989176 0
    outer loop
      vertex 25.4393 32.8463 0
      vertex 26.2159 32.9615 4.1
      vertex 25.4393 32.8463 4.1
    endloop
  endfacet
  facet normal 0.146733 -0.989176 0
    outer loop
      vertex 26.2159 32.9615 4.1
      vertex 25.4393 32.8463 0
      vertex 26.2159 32.9615 0
    endloop
  endfacet
  facet normal 0.595773 -0.803153 0
    outer loop
      vertex 21.9249 31.1841 0
      vertex 22.5554 31.6518 4.1
      vertex 21.9249 31.1841 4.1
    endloop
  endfacet
  facet normal 0.595773 -0.803153 0
    outer loop
      vertex 22.5554 31.6518 4.1
      vertex 21.9249 31.1841 0
      vertex 22.5554 31.6518 0
    endloop
  endfacet
  facet normal 0.67148 -0.741023 0
    outer loop
      vertex 21.3431 30.6569 0
      vertex 21.9249 31.1841 4.1
      vertex 21.3431 30.6569 4.1
    endloop
  endfacet
  facet normal 0.67148 -0.741023 0
    outer loop
      vertex 21.9249 31.1841 4.1
      vertex 21.3431 30.6569 0
      vertex 21.9249 31.1841 0
    endloop
  endfacet
  facet normal 0.514084 -0.85774 0
    outer loop
      vertex 22.5554 31.6518 0
      vertex 23.2288 32.0554 4.1
      vertex 22.5554 31.6518 4.1
    endloop
  endfacet
  facet normal 0.514084 -0.85774 0
    outer loop
      vertex 23.2288 32.0554 4.1
      vertex 22.5554 31.6518 0
      vertex 23.2288 32.0554 0
    endloop
  endfacet
  facet normal 0.741023 -0.67148 0
    outer loop
      vertex 20.8159 30.0751 4.1
      vertex 21.3431 30.6569 0
      vertex 21.3431 30.6569 4.1
    endloop
  endfacet
  facet normal 0.741023 -0.67148 0
    outer loop
      vertex 21.3431 30.6569 0
      vertex 20.8159 30.0751 4.1
      vertex 20.8159 30.0751 0
    endloop
  endfacet
  facet normal -0.146733 0.989176 0
    outer loop
      vertex 28.5607 17.1537 0
      vertex 27.7841 17.0385 4.1
      vertex 28.5607 17.1537 4.1
    endloop
  endfacet
  facet normal -0.146733 0.989176 0
    outer loop
      vertex 27.7841 17.0385 4.1
      vertex 28.5607 17.1537 0
      vertex 27.7841 17.0385 0
    endloop
  endfacet
  facet normal -0.336901 0.94154 0
    outer loop
      vertex 30.0615 17.609 0
      vertex 29.3223 17.3445 4.1
      vertex 30.0615 17.609 4.1
    endloop
  endfacet
  facet normal -0.336901 0.94154 0
    outer loop
      vertex 29.3223 17.3445 4.1
      vertex 30.0615 17.609 0
      vertex 29.3223 17.3445 0
    endloop
  endfacet
  facet normal -0.741023 0.67148 0
    outer loop
      vertex 32.6569 19.3431 0
      vertex 33.1841 19.9249 4.1
      vertex 33.1841 19.9249 0
    endloop
  endfacet
  facet normal -0.741023 0.67148 0
    outer loop
      vertex 33.1841 19.9249 4.1
      vertex 32.6569 19.3431 0
      vertex 32.6569 19.3431 4.1
    endloop
  endfacet
  facet normal -0.67148 0.741023 0
    outer loop
      vertex 32.6569 19.3431 0
      vertex 32.0751 18.8159 4.1
      vertex 32.6569 19.3431 4.1
    endloop
  endfacet
  facet normal -0.67148 0.741023 0
    outer loop
      vertex 32.0751 18.8159 4.1
      vertex 32.6569 19.3431 0
      vertex 32.0751 18.8159 0
    endloop
  endfacet
  facet normal -0.514084 0.85774 0
    outer loop
      vertex 31.4446 18.3482 0
      vertex 30.7712 17.9446 4.1
      vertex 31.4446 18.3482 4.1
    endloop
  endfacet
  facet normal -0.514084 0.85774 0
    outer loop
      vertex 30.7712 17.9446 4.1
      vertex 31.4446 18.3482 0
      vertex 30.7712 17.9446 0
    endloop
  endfacet
  facet normal 0.243015 0.970023 -0
    outer loop
      vertex 25.4393 17.1537 0
      vertex 24.6777 17.3445 4.1
      vertex 25.4393 17.1537 4.1
    endloop
  endfacet
  facet normal 0.243015 0.970023 0
    outer loop
      vertex 24.6777 17.3445 4.1
      vertex 25.4393 17.1537 0
      vertex 24.6777 17.3445 0
    endloop
  endfacet
  facet normal 0.427489 0.90402 -0
    outer loop
      vertex 23.9385 17.609 0
      vertex 23.2288 17.9446 4.1
      vertex 23.9385 17.609 4.1
    endloop
  endfacet
  facet normal 0.427489 0.90402 0
    outer loop
      vertex 23.2288 17.9446 4.1
      vertex 23.9385 17.609 0
      vertex 23.2288 17.9446 0
    endloop
  endfacet
  facet normal 0.94154 0.336901 0
    outer loop
      vertex 19.609 21.9385 4.1
      vertex 19.3445 22.6777 0
      vertex 19.3445 22.6777 4.1
    endloop
  endfacet
  facet normal 0.94154 0.336901 0
    outer loop
      vertex 19.3445 22.6777 0
      vertex 19.609 21.9385 4.1
      vertex 19.609 21.9385 0
    endloop
  endfacet
  facet normal 0.989176 0.146733 0
    outer loop
      vertex 19.1537 23.4393 4.1
      vertex 19.0385 24.2159 0
      vertex 19.0385 24.2159 4.1
    endloop
  endfacet
  facet normal 0.989176 0.146733 0
    outer loop
      vertex 19.0385 24.2159 0
      vertex 19.1537 23.4393 4.1
      vertex 19.1537 23.4393 0
    endloop
  endfacet
  facet normal 0.741023 0.67148 0
    outer loop
      vertex 21.3431 19.3431 4.1
      vertex 20.8159 19.9249 0
      vertex 20.8159 19.9249 4.1
    endloop
  endfacet
  facet normal 0.741023 0.67148 0
    outer loop
      vertex 20.8159 19.9249 0
      vertex 21.3431 19.3431 4.1
      vertex 21.3431 19.3431 0
    endloop
  endfacet
  facet normal 0.85774 0.514084 0
    outer loop
      vertex 20.3482 20.5554 4.1
      vertex 19.9446 21.2288 0
      vertex 19.9446 21.2288 4.1
    endloop
  endfacet
  facet normal 0.85774 0.514084 0
    outer loop
      vertex 19.9446 21.2288 0
      vertex 20.3482 20.5554 4.1
      vertex 20.3482 20.5554 0
    endloop
  endfacet
  facet normal 0.998797 0.0490418 0
    outer loop
      vertex 19.0385 24.2159 4.1
      vertex 19 25 0
      vertex 19 25 4.1
    endloop
  endfacet
  facet normal 0.998797 0.0490418 0
    outer loop
      vertex 19 25 0
      vertex 19.0385 24.2159 4.1
      vertex 19.0385 24.2159 0
    endloop
  endfacet
  facet normal -0.989176 0.146733 0
    outer loop
      vertex 34.8463 23.4393 0
      vertex 34.9615 24.2159 4.1
      vertex 34.9615 24.2159 0
    endloop
  endfacet
  facet normal -0.989176 0.146733 0
    outer loop
      vertex 34.9615 24.2159 4.1
      vertex 34.8463 23.4393 0
      vertex 34.8463 23.4393 4.1
    endloop
  endfacet
  facet normal -0.90402 0.427489 0
    outer loop
      vertex 34.0554 21.2288 0
      vertex 34.391 21.9385 4.1
      vertex 34.391 21.9385 0
    endloop
  endfacet
  facet normal -0.90402 0.427489 0
    outer loop
      vertex 34.391 21.9385 4.1
      vertex 34.0554 21.2288 0
      vertex 34.0554 21.2288 4.1
    endloop
  endfacet
  facet normal -0.85774 0.514084 0
    outer loop
      vertex 33.6518 20.5554 0
      vertex 34.0554 21.2288 4.1
      vertex 34.0554 21.2288 0
    endloop
  endfacet
  facet normal -0.85774 0.514084 0
    outer loop
      vertex 34.0554 21.2288 4.1
      vertex 33.6518 20.5554 0
      vertex 33.6518 20.5554 4.1
    endloop
  endfacet
  facet normal -0.243015 0.970023 0
    outer loop
      vertex 29.3223 17.3445 0
      vertex 28.5607 17.1537 4.1
      vertex 29.3223 17.3445 4.1
    endloop
  endfacet
  facet normal -0.243015 0.970023 0
    outer loop
      vertex 28.5607 17.1537 4.1
      vertex 29.3223 17.3445 0
      vertex 28.5607 17.1537 0
    endloop
  endfacet
  facet normal -0.427489 0.90402 0
    outer loop
      vertex 30.7712 17.9446 0
      vertex 30.0615 17.609 4.1
      vertex 30.7712 17.9446 4.1
    endloop
  endfacet
  facet normal -0.427489 0.90402 0
    outer loop
      vertex 30.0615 17.609 4.1
      vertex 30.7712 17.9446 0
      vertex 30.0615 17.609 0
    endloop
  endfacet
  facet normal -0.595773 0.803153 0
    outer loop
      vertex 32.0751 18.8159 0
      vertex 31.4446 18.3482 4.1
      vertex 32.0751 18.8159 4.1
    endloop
  endfacet
  facet normal -0.595773 0.803153 0
    outer loop
      vertex 31.4446 18.3482 4.1
      vertex 32.0751 18.8159 0
      vertex 31.4446 18.3482 0
    endloop
  endfacet
  facet normal -0.0490418 0.998797 0
    outer loop
      vertex 27.7841 17.0385 0
      vertex 27 17 4.1
      vertex 27.7841 17.0385 4.1
    endloop
  endfacet
  facet normal -0.0490418 0.998797 0
    outer loop
      vertex 27 17 4.1
      vertex 27.7841 17.0385 0
      vertex 27 17 0
    endloop
  endfacet
  facet normal 0.146733 0.989176 -0
    outer loop
      vertex 26.2159 17.0385 0
      vertex 25.4393 17.1537 4.1
      vertex 26.2159 17.0385 4.1
    endloop
  endfacet
  facet normal 0.146733 0.989176 0
    outer loop
      vertex 25.4393 17.1537 4.1
      vertex 26.2159 17.0385 0
      vertex 25.4393 17.1537 0
    endloop
  endfacet
  facet normal 0.336901 0.94154 -0
    outer loop
      vertex 24.6777 17.3445 0
      vertex 23.9385 17.609 4.1
      vertex 24.6777 17.3445 4.1
    endloop
  endfacet
  facet normal 0.336901 0.94154 0
    outer loop
      vertex 23.9385 17.609 4.1
      vertex 24.6777 17.3445 0
      vertex 23.9385 17.609 0
    endloop
  endfacet
  facet normal 0.514084 0.85774 -0
    outer loop
      vertex 23.2288 17.9446 0
      vertex 22.5554 18.3482 4.1
      vertex 23.2288 17.9446 4.1
    endloop
  endfacet
  facet normal 0.514084 0.85774 0
    outer loop
      vertex 22.5554 18.3482 4.1
      vertex 23.2288 17.9446 0
      vertex 22.5554 18.3482 0
    endloop
  endfacet
  facet normal 0.90402 0.427489 0
    outer loop
      vertex 19.9446 21.2288 4.1
      vertex 19.609 21.9385 0
      vertex 19.609 21.9385 4.1
    endloop
  endfacet
  facet normal 0.90402 0.427489 0
    outer loop
      vertex 19.609 21.9385 0
      vertex 19.9446 21.2288 4.1
      vertex 19.9446 21.2288 0
    endloop
  endfacet
  facet normal 0.970023 0.243015 0
    outer loop
      vertex 19.3445 22.6777 4.1
      vertex 19.1537 23.4393 0
      vertex 19.1537 23.4393 4.1
    endloop
  endfacet
  facet normal 0.970023 0.243015 0
    outer loop
      vertex 19.1537 23.4393 0
      vertex 19.3445 22.6777 4.1
      vertex 19.3445 22.6777 0
    endloop
  endfacet
  facet normal 0.803153 0.595773 0
    outer loop
      vertex 20.8159 19.9249 4.1
      vertex 20.3482 20.5554 0
      vertex 20.3482 20.5554 4.1
    endloop
  endfacet
  facet normal 0.803153 0.595773 0
    outer loop
      vertex 20.3482 20.5554 0
      vertex 20.8159 19.9249 4.1
      vertex 20.8159 19.9249 0
    endloop
  endfacet
  facet normal 0.67148 0.741023 -0
    outer loop
      vertex 21.9249 18.8159 0
      vertex 21.3431 19.3431 4.1
      vertex 21.9249 18.8159 4.1
    endloop
  endfacet
  facet normal 0.67148 0.741023 0
    outer loop
      vertex 21.3431 19.3431 4.1
      vertex 21.9249 18.8159 0
      vertex 21.3431 19.3431 0
    endloop
  endfacet
  facet normal -0.970023 0.243015 0
    outer loop
      vertex 34.6555 22.6777 0
      vertex 34.8463 23.4393 4.1
      vertex 34.8463 23.4393 0
    endloop
  endfacet
  facet normal -0.970023 0.243015 0
    outer loop
      vertex 34.8463 23.4393 4.1
      vertex 34.6555 22.6777 0
      vertex 34.6555 22.6777 4.1
    endloop
  endfacet
  facet normal -0.998793 -0.0491143 0
    outer loop
      vertex 71 25 0
      vertex 70.9759 25.4901 4
      vertex 70.9759 25.4901 0
    endloop
  endfacet
  facet normal -0.998793 -0.0491143 0
    outer loop
      vertex 70.9759 25.4901 4
      vertex 71 25 0
      vertex 71 25 4
    endloop
  endfacet
  facet normal 0.0491143 -0.998793 0
    outer loop
      vertex 65.5099 29.9759 0
      vertex 66 30 4
      vertex 65.5099 29.9759 4
    endloop
  endfacet
  facet normal 0.0491143 -0.998793 0
    outer loop
      vertex 66 30 4
      vertex 65.5099 29.9759 0
      vertex 66 30 0
    endloop
  endfacet
  facet normal -0.671719 -0.740806 0
    outer loop
      vertex 69.172 28.8651 0
      vertex 69.5355 28.5355 4
      vertex 69.172 28.8651 4
    endloop
  endfacet
  facet normal -0.671719 -0.740806 -0
    outer loop
      vertex 69.5355 28.5355 4
      vertex 69.172 28.8651 0
      vertex 69.5355 28.5355 0
    endloop
  endfacet
  facet normal 0.740806 -0.671719 0
    outer loop
      vertex 62.1349 28.172 4
      vertex 62.4645 28.5355 0
      vertex 62.4645 28.5355 4
    endloop
  endfacet
  facet normal 0.740806 -0.671719 0
    outer loop
      vertex 62.4645 28.5355 0
      vertex 62.1349 28.172 4
      vertex 62.1349 28.172 0
    endloop
  endfacet
  facet normal 0.427543 -0.903995 0
    outer loop
      vertex 63.643 29.4096 0
      vertex 64.0866 29.6194 4
      vertex 63.643 29.4096 4
    endloop
  endfacet
  facet normal 0.427543 -0.903995 0
    outer loop
      vertex 64.0866 29.6194 4
      vertex 63.643 29.4096 0
      vertex 64.0866 29.6194 0
    endloop
  endfacet
  facet normal 0.941548 0.336879 0
    outer loop
      vertex 61.3806 23.0866 4
      vertex 61.2153 23.5486 0
      vertex 61.2153 23.5486 4
    endloop
  endfacet
  facet normal 0.941548 0.336879 0
    outer loop
      vertex 61.2153 23.5486 0
      vertex 61.3806 23.0866 4
      vertex 61.3806 23.0866 0
    endloop
  endfacet
  facet normal -0.903995 -0.427543 0
    outer loop
      vertex 70.6194 26.9134 0
      vertex 70.4096 27.357 4
      vertex 70.4096 27.357 0
    endloop
  endfacet
  facet normal -0.903995 -0.427543 0
    outer loop
      vertex 70.4096 27.357 4
      vertex 70.6194 26.9134 0
      vertex 70.6194 26.9134 4
    endloop
  endfacet
  facet normal -0.336879 -0.941548 0
    outer loop
      vertex 67.4514 29.7847 0
      vertex 67.9134 29.6194 4
      vertex 67.4514 29.7847 4
    endloop
  endfacet
  facet normal -0.336879 -0.941548 -0
    outer loop
      vertex 67.9134 29.6194 4
      vertex 67.4514 29.7847 0
      vertex 67.9134 29.6194 0
    endloop
  endfacet
  facet normal 0.903995 -0.427543 0
    outer loop
      vertex 61.3806 26.9134 4
      vertex 61.5904 27.357 0
      vertex 61.5904 27.357 4
    endloop
  endfacet
  facet normal 0.903995 -0.427543 0
    outer loop
      vertex 61.5904 27.357 0
      vertex 61.3806 26.9134 4
      vertex 61.3806 26.9134 0
    endloop
  endfacet
  facet normal 0.857709 -0.514136 0
    outer loop
      vertex 61.5904 27.357 4
      vertex 61.8427 27.7779 0
      vertex 61.8427 27.7779 4
    endloop
  endfacet
  facet normal 0.857709 -0.514136 0
    outer loop
      vertex 61.8427 27.7779 0
      vertex 61.5904 27.357 4
      vertex 61.5904 27.357 0
    endloop
  endfacet
  facet normal 0.242919 -0.970047 0
    outer loop
      vertex 64.5486 29.7847 0
      vertex 65.0246 29.9039 4
      vertex 64.5486 29.7847 4
    endloop
  endfacet
  facet normal 0.242919 -0.970047 0
    outer loop
      vertex 65.0246 29.9039 4
      vertex 64.5486 29.7847 0
      vertex 65.0246 29.9039 0
    endloop
  endfacet
  facet normal -0.903995 0.427543 0
    outer loop
      vertex 70.4096 22.643 0
      vertex 70.6194 23.0866 4
      vertex 70.6194 23.0866 0
    endloop
  endfacet
  facet normal -0.903995 0.427543 0
    outer loop
      vertex 70.6194 23.0866 4
      vertex 70.4096 22.643 0
      vertex 70.4096 22.643 4
    endloop
  endfacet
  facet normal -0.336879 0.941548 0
    outer loop
      vertex 67.9134 20.3806 0
      vertex 67.4514 20.2153 4
      vertex 67.9134 20.3806 4
    endloop
  endfacet
  facet normal -0.336879 0.941548 0
    outer loop
      vertex 67.4514 20.2153 4
      vertex 67.9134 20.3806 0
      vertex 67.4514 20.2153 0
    endloop
  endfacet
  facet normal -0.740806 0.671719 0
    outer loop
      vertex 69.5355 21.4645 0
      vertex 69.8651 21.828 4
      vertex 69.8651 21.828 0
    endloop
  endfacet
  facet normal -0.740806 0.671719 0
    outer loop
      vertex 69.8651 21.828 4
      vertex 69.5355 21.4645 0
      vertex 69.5355 21.4645 4
    endloop
  endfacet
  facet normal -0.970034 0.242967 0
    outer loop
      vertex 70.7847 23.5486 0
      vertex 70.9039 24.0245 4
      vertex 70.9039 24.0245 0
    endloop
  endfacet
  facet normal -0.970034 0.242967 0
    outer loop
      vertex 70.9039 24.0245 4
      vertex 70.7847 23.5486 0
      vertex 70.7847 23.5486 4
    endloop
  endfacet
  facet normal 0.242919 0.970047 -0
    outer loop
      vertex 65.0246 20.0961 0
      vertex 64.5486 20.2153 4
      vertex 65.0246 20.0961 4
    endloop
  endfacet
  facet normal 0.242919 0.970047 0
    outer loop
      vertex 64.5486 20.2153 4
      vertex 65.0246 20.0961 0
      vertex 64.5486 20.2153 0
    endloop
  endfacet
  facet normal 0.671719 0.740806 -0
    outer loop
      vertex 62.828 21.1349 0
      vertex 62.4645 21.4645 4
      vertex 62.828 21.1349 4
    endloop
  endfacet
  facet normal 0.671719 0.740806 0
    outer loop
      vertex 62.4645 21.4645 4
      vertex 62.828 21.1349 0
      vertex 62.4645 21.4645 0
    endloop
  endfacet
  facet normal -0.970034 -0.242967 0
    outer loop
      vertex 70.9039 25.9755 0
      vertex 70.7847 26.4514 4
      vertex 70.7847 26.4514 0
    endloop
  endfacet
  facet normal -0.970034 -0.242967 0
    outer loop
      vertex 70.7847 26.4514 4
      vertex 70.9039 25.9755 0
      vertex 70.9039 25.9755 4
    endloop
  endfacet
  facet normal -0.989177 -0.146726 0
    outer loop
      vertex 70.9759 25.4901 0
      vertex 70.9039 25.9755 4
      vertex 70.9039 25.9755 0
    endloop
  endfacet
  facet normal -0.989177 -0.146726 0
    outer loop
      vertex 70.9039 25.9755 4
      vertex 70.9759 25.4901 0
      vertex 70.9759 25.4901 4
    endloop
  endfacet
  facet normal -0.941548 -0.336879 0
    outer loop
      vertex 70.7847 26.4514 0
      vertex 70.6194 26.9134 4
      vertex 70.6194 26.9134 0
    endloop
  endfacet
  facet normal -0.941548 -0.336879 0
    outer loop
      vertex 70.6194 26.9134 4
      vertex 70.7847 26.4514 0
      vertex 70.7847 26.4514 4
    endloop
  endfacet
  facet normal -0.80329 -0.595588 0
    outer loop
      vertex 70.1573 27.7779 0
      vertex 69.8651 28.172 4
      vertex 69.8651 28.172 0
    endloop
  endfacet
  facet normal -0.80329 -0.595588 0
    outer loop
      vertex 69.8651 28.172 4
      vertex 70.1573 27.7779 0
      vertex 70.1573 27.7779 4
    endloop
  endfacet
  facet normal -0.857709 -0.514136 0
    outer loop
      vertex 70.4096 27.357 0
      vertex 70.1573 27.7779 4
      vertex 70.1573 27.7779 0
    endloop
  endfacet
  facet normal -0.857709 -0.514136 0
    outer loop
      vertex 70.1573 27.7779 4
      vertex 70.4096 27.357 0
      vertex 70.4096 27.357 4
    endloop
  endfacet
  facet normal -0.146755 -0.989173 0
    outer loop
      vertex 66.4901 29.9759 0
      vertex 66.9754 29.9039 4
      vertex 66.4901 29.9759 4
    endloop
  endfacet
  facet normal -0.146755 -0.989173 -0
    outer loop
      vertex 66.9754 29.9039 4
      vertex 66.4901 29.9759 0
      vertex 66.9754 29.9039 0
    endloop
  endfacet
  facet normal -0.0491143 -0.998793 0
    outer loop
      vertex 66 30 0
      vertex 66.4901 29.9759 4
      vertex 66 30 4
    endloop
  endfacet
  facet normal -0.0491143 -0.998793 -0
    outer loop
      vertex 66.4901 29.9759 4
      vertex 66 30 0
      vertex 66.4901 29.9759 0
    endloop
  endfacet
  facet normal -0.514226 -0.857655 0
    outer loop
      vertex 68.357 29.4096 0
      vertex 68.7778 29.1573 4
      vertex 68.357 29.4096 4
    endloop
  endfacet
  facet normal -0.514226 -0.857655 -0
    outer loop
      vertex 68.7778 29.1573 4
      vertex 68.357 29.4096 0
      vertex 68.7778 29.1573 0
    endloop
  endfacet
  facet normal -0.595491 -0.803362 0
    outer loop
      vertex 68.7778 29.1573 0
      vertex 69.172 28.8651 4
      vertex 68.7778 29.1573 4
    endloop
  endfacet
  facet normal -0.595491 -0.803362 -0
    outer loop
      vertex 69.172 28.8651 4
      vertex 68.7778 29.1573 0
      vertex 69.172 28.8651 0
    endloop
  endfacet
  facet normal 0.989177 -0.146726 0
    outer loop
      vertex 61.0241 25.4901 4
      vertex 61.0961 25.9755 0
      vertex 61.0961 25.9755 4
    endloop
  endfacet
  facet normal 0.989177 -0.146726 0
    outer loop
      vertex 61.0961 25.9755 0
      vertex 61.0241 25.4901 4
      vertex 61.0241 25.4901 0
    endloop
  endfacet
  facet normal 0.941548 -0.336879 0
    outer loop
      vertex 61.2153 26.4514 4
      vertex 61.3806 26.9134 0
      vertex 61.3806 26.9134 4
    endloop
  endfacet
  facet normal 0.941548 -0.336879 0
    outer loop
      vertex 61.3806 26.9134 0
      vertex 61.2153 26.4514 4
      vertex 61.2153 26.4514 0
    endloop
  endfacet
  facet normal 0.998793 -0.0491143 0
    outer loop
      vertex 61 25 4
      vertex 61.0241 25.4901 0
      vertex 61.0241 25.4901 4
    endloop
  endfacet
  facet normal 0.998793 -0.0491143 0
    outer loop
      vertex 61.0241 25.4901 0
      vertex 61 25 4
      vertex 61 25 0
    endloop
  endfacet
  facet normal 0.595588 -0.80329 0
    outer loop
      vertex 62.828 28.8651 0
      vertex 63.2221 29.1573 4
      vertex 62.828 28.8651 4
    endloop
  endfacet
  facet normal 0.595588 -0.80329 0
    outer loop
      vertex 63.2221 29.1573 4
      vertex 62.828 28.8651 0
      vertex 63.2221 29.1573 0
    endloop
  endfacet
  facet normal 0.146755 -0.989173 0
    outer loop
      vertex 65.0246 29.9039 0
      vertex 65.5099 29.9759 4
      vertex 65.0246 29.9039 4
    endloop
  endfacet
  facet normal 0.146755 -0.989173 0
    outer loop
      vertex 65.5099 29.9759 4
      vertex 65.0246 29.9039 0
      vertex 65.5099 29.9759 0
    endloop
  endfacet
  facet normal -0.146755 0.989173 0
    outer loop
      vertex 66.9754 20.0961 0
      vertex 66.4901 20.0241 4
      vertex 66.9754 20.0961 4
    endloop
  endfacet
  facet normal -0.146755 0.989173 0
    outer loop
      vertex 66.4901 20.0241 4
      vertex 66.9754 20.0961 0
      vertex 66.4901 20.0241 0
    endloop
  endfacet
  facet normal -0.514226 0.857655 0
    outer loop
      vertex 68.7778 20.8427 0
      vertex 68.357 20.5904 4
      vertex 68.7778 20.8427 4
    endloop
  endfacet
  facet normal -0.514226 0.857655 0
    outer loop
      vertex 68.357 20.5904 4
      vertex 68.7778 20.8427 0
      vertex 68.357 20.5904 0
    endloop
  endfacet
  facet normal -0.671719 0.740806 0
    outer loop
      vertex 69.5355 21.4645 0
      vertex 69.172 21.1349 4
      vertex 69.5355 21.4645 4
    endloop
  endfacet
  facet normal -0.671719 0.740806 0
    outer loop
      vertex 69.172 21.1349 4
      vertex 69.5355 21.4645 0
      vertex 69.172 21.1349 0
    endloop
  endfacet
  facet normal -0.595491 0.803362 0
    outer loop
      vertex 69.172 21.1349 0
      vertex 68.7778 20.8427 4
      vertex 69.172 21.1349 4
    endloop
  endfacet
  facet normal -0.595491 0.803362 0
    outer loop
      vertex 68.7778 20.8427 4
      vertex 69.172 21.1349 0
      vertex 68.7778 20.8427 0
    endloop
  endfacet
  facet normal -0.80329 0.595588 0
    outer loop
      vertex 69.8651 21.828 0
      vertex 70.1573 22.2221 4
      vertex 70.1573 22.2221 0
    endloop
  endfacet
  facet normal -0.80329 0.595588 0
    outer loop
      vertex 70.1573 22.2221 4
      vertex 69.8651 21.828 0
      vertex 69.8651 21.828 4
    endloop
  endfacet
  facet normal -0.857709 0.514136 0
    outer loop
      vertex 70.1573 22.2221 0
      vertex 70.4096 22.643 4
      vertex 70.4096 22.643 0
    endloop
  endfacet
  facet normal -0.857709 0.514136 0
    outer loop
      vertex 70.4096 22.643 4
      vertex 70.1573 22.2221 0
      vertex 70.1573 22.2221 4
    endloop
  endfacet
  facet normal 0.595588 0.80329 -0
    outer loop
      vertex 63.2221 20.8427 0
      vertex 62.828 21.1349 4
      vertex 63.2221 20.8427 4
    endloop
  endfacet
  facet normal 0.595588 0.80329 0
    outer loop
      vertex 62.828 21.1349 4
      vertex 63.2221 20.8427 0
      vertex 62.828 21.1349 0
    endloop
  endfacet
  facet normal 0.514136 0.857709 -0
    outer loop
      vertex 63.643 20.5904 0
      vertex 63.2221 20.8427 4
      vertex 63.643 20.5904 4
    endloop
  endfacet
  facet normal 0.514136 0.857709 0
    outer loop
      vertex 63.2221 20.8427 4
      vertex 63.643 20.5904 0
      vertex 63.2221 20.8427 0
    endloop
  endfacet
  facet normal 0.427543 0.903995 -0
    outer loop
      vertex 64.0866 20.3806 0
      vertex 63.643 20.5904 4
      vertex 64.0866 20.3806 4
    endloop
  endfacet
  facet normal 0.427543 0.903995 0
    outer loop
      vertex 63.643 20.5904 4
      vertex 64.0866 20.3806 0
      vertex 63.643 20.5904 0
    endloop
  endfacet
  facet normal 0.0491143 0.998793 -0
    outer loop
      vertex 66 20 0
      vertex 65.5099 20.0241 4
      vertex 66 20 4
    endloop
  endfacet
  facet normal 0.0491143 0.998793 0
    outer loop
      vertex 65.5099 20.0241 4
      vertex 66 20 0
      vertex 65.5099 20.0241 0
    endloop
  endfacet
  facet normal 0.80329 0.595588 0
    outer loop
      vertex 62.1349 21.828 4
      vertex 61.8427 22.2221 0
      vertex 61.8427 22.2221 4
    endloop
  endfacet
  facet normal 0.80329 0.595588 0
    outer loop
      vertex 61.8427 22.2221 0
      vertex 62.1349 21.828 4
      vertex 62.1349 21.828 0
    endloop
  endfacet
  facet normal 0.857709 0.514136 0
    outer loop
      vertex 61.8427 22.2221 4
      vertex 61.5904 22.643 0
      vertex 61.5904 22.643 4
    endloop
  endfacet
  facet normal 0.857709 0.514136 0
    outer loop
      vertex 61.5904 22.643 0
      vertex 61.8427 22.2221 4
      vertex 61.8427 22.2221 0
    endloop
  endfacet
  facet normal 0.740806 0.671719 0
    outer loop
      vertex 62.4645 21.4645 4
      vertex 62.1349 21.828 0
      vertex 62.1349 21.828 4
    endloop
  endfacet
  facet normal 0.740806 0.671719 0
    outer loop
      vertex 62.1349 21.828 0
      vertex 62.4645 21.4645 4
      vertex 62.4645 21.4645 0
    endloop
  endfacet
  facet normal 0.903995 0.427543 0
    outer loop
      vertex 61.5904 22.643 4
      vertex 61.3806 23.0866 0
      vertex 61.3806 23.0866 4
    endloop
  endfacet
  facet normal 0.903995 0.427543 0
    outer loop
      vertex 61.3806 23.0866 0
      vertex 61.5904 22.643 4
      vertex 61.5904 22.643 0
    endloop
  endfacet
  facet normal 0.989177 0.146726 0
    outer loop
      vertex 61.0961 24.0245 4
      vertex 61.0241 24.5099 0
      vertex 61.0241 24.5099 4
    endloop
  endfacet
  facet normal 0.989177 0.146726 0
    outer loop
      vertex 61.0241 24.5099 0
      vertex 61.0961 24.0245 4
      vertex 61.0961 24.0245 0
    endloop
  endfacet
  facet normal -0.740806 -0.671719 0
    outer loop
      vertex 69.8651 28.172 0
      vertex 69.5355 28.5355 4
      vertex 69.5355 28.5355 0
    endloop
  endfacet
  facet normal -0.740806 -0.671719 0
    outer loop
      vertex 69.5355 28.5355 4
      vertex 69.8651 28.172 0
      vertex 69.8651 28.172 4
    endloop
  endfacet
  facet normal -0.242919 -0.970047 0
    outer loop
      vertex 66.9754 29.9039 0
      vertex 67.4514 29.7847 4
      vertex 66.9754 29.9039 4
    endloop
  endfacet
  facet normal -0.242919 -0.970047 -0
    outer loop
      vertex 67.4514 29.7847 4
      vertex 66.9754 29.9039 0
      vertex 67.4514 29.7847 0
    endloop
  endfacet
  facet normal -0.427543 -0.903995 0
    outer loop
      vertex 67.9134 29.6194 0
      vertex 68.357 29.4096 4
      vertex 67.9134 29.6194 4
    endloop
  endfacet
  facet normal -0.427543 -0.903995 -0
    outer loop
      vertex 68.357 29.4096 4
      vertex 67.9134 29.6194 0
      vertex 68.357 29.4096 0
    endloop
  endfacet
  facet normal 0.80329 -0.595588 0
    outer loop
      vertex 61.8427 27.7779 4
      vertex 62.1349 28.172 0
      vertex 62.1349 28.172 4
    endloop
  endfacet
  facet normal 0.80329 -0.595588 0
    outer loop
      vertex 62.1349 28.172 0
      vertex 61.8427 27.7779 4
      vertex 61.8427 27.7779 0
    endloop
  endfacet
  facet normal 0.970034 -0.242967 0
    outer loop
      vertex 61.0961 25.9755 4
      vertex 61.2153 26.4514 0
      vertex 61.2153 26.4514 4
    endloop
  endfacet
  facet normal 0.970034 -0.242967 0
    outer loop
      vertex 61.2153 26.4514 0
      vertex 61.0961 25.9755 4
      vertex 61.0961 25.9755 0
    endloop
  endfacet
  facet normal 0.998793 0.0491143 0
    outer loop
      vertex 61.0241 24.5099 4
      vertex 61 25 0
      vertex 61 25 4
    endloop
  endfacet
  facet normal 0.998793 0.0491143 0
    outer loop
      vertex 61 25 0
      vertex 61.0241 24.5099 4
      vertex 61.0241 24.5099 0
    endloop
  endfacet
  facet normal 0.671719 -0.740806 0
    outer loop
      vertex 62.4645 28.5355 0
      vertex 62.828 28.8651 4
      vertex 62.4645 28.5355 4
    endloop
  endfacet
  facet normal 0.671719 -0.740806 0
    outer loop
      vertex 62.828 28.8651 4
      vertex 62.4645 28.5355 0
      vertex 62.828 28.8651 0
    endloop
  endfacet
  facet normal 0.514136 -0.857709 0
    outer loop
      vertex 63.2221 29.1573 0
      vertex 63.643 29.4096 4
      vertex 63.2221 29.1573 4
    endloop
  endfacet
  facet normal 0.514136 -0.857709 0
    outer loop
      vertex 63.643 29.4096 4
      vertex 63.2221 29.1573 0
      vertex 63.643 29.4096 0
    endloop
  endfacet
  facet normal 0.336879 -0.941548 0
    outer loop
      vertex 64.0866 29.6194 0
      vertex 64.5486 29.7847 4
      vertex 64.0866 29.6194 4
    endloop
  endfacet
  facet normal 0.336879 -0.941548 0
    outer loop
      vertex 64.5486 29.7847 4
      vertex 64.0866 29.6194 0
      vertex 64.5486 29.7847 0
    endloop
  endfacet
  facet normal -0.242919 0.970047 0
    outer loop
      vertex 67.4514 20.2153 0
      vertex 66.9754 20.0961 4
      vertex 67.4514 20.2153 4
    endloop
  endfacet
  facet normal -0.242919 0.970047 0
    outer loop
      vertex 66.9754 20.0961 4
      vertex 67.4514 20.2153 0
      vertex 66.9754 20.0961 0
    endloop
  endfacet
  facet normal -0.427543 0.903995 0
    outer loop
      vertex 68.357 20.5904 0
      vertex 67.9134 20.3806 4
      vertex 68.357 20.5904 4
    endloop
  endfacet
  facet normal -0.427543 0.903995 0
    outer loop
      vertex 67.9134 20.3806 4
      vertex 68.357 20.5904 0
      vertex 67.9134 20.3806 0
    endloop
  endfacet
  facet normal -0.941548 0.336879 0
    outer loop
      vertex 70.6194 23.0866 0
      vertex 70.7847 23.5486 4
      vertex 70.7847 23.5486 0
    endloop
  endfacet
  facet normal -0.941548 0.336879 0
    outer loop
      vertex 70.7847 23.5486 4
      vertex 70.6194 23.0866 0
      vertex 70.6194 23.0866 4
    endloop
  endfacet
  facet normal -0.989177 0.146726 0
    outer loop
      vertex 70.9039 24.0245 0
      vertex 70.9759 24.5099 4
      vertex 70.9759 24.5099 0
    endloop
  endfacet
  facet normal -0.989177 0.146726 0
    outer loop
      vertex 70.9759 24.5099 4
      vertex 70.9039 24.0245 0
      vertex 70.9039 24.0245 4
    endloop
  endfacet
  facet normal -0.998793 0.0491143 0
    outer loop
      vertex 70.9759 24.5099 0
      vertex 71 25 4
      vertex 71 25 0
    endloop
  endfacet
  facet normal -0.998793 0.0491143 0
    outer loop
      vertex 71 25 4
      vertex 70.9759 24.5099 0
      vertex 70.9759 24.5099 4
    endloop
  endfacet
  facet normal 0.336879 0.941548 -0
    outer loop
      vertex 64.5486 20.2153 0
      vertex 64.0866 20.3806 4
      vertex 64.5486 20.2153 4
    endloop
  endfacet
  facet normal 0.336879 0.941548 0
    outer loop
      vertex 64.0866 20.3806 4
      vertex 64.5486 20.2153 0
      vertex 64.0866 20.3806 0
    endloop
  endfacet
  facet normal 0.146755 0.989173 -0
    outer loop
      vertex 65.5099 20.0241 0
      vertex 65.0246 20.0961 4
      vertex 65.5099 20.0241 4
    endloop
  endfacet
  facet normal 0.146755 0.989173 0
    outer loop
      vertex 65.0246 20.0961 4
      vertex 65.5099 20.0241 0
      vertex 65.0246 20.0961 0
    endloop
  endfacet
  facet normal -0.0491143 0.998793 0
    outer loop
      vertex 66.4901 20.0241 0
      vertex 66 20 4
      vertex 66.4901 20.0241 4
    endloop
  endfacet
  facet normal -0.0491143 0.998793 0
    outer loop
      vertex 66 20 4
      vertex 66.4901 20.0241 0
      vertex 66 20 0
    endloop
  endfacet
  facet normal 0.970034 0.242967 0
    outer loop
      vertex 61.2153 23.5486 4
      vertex 61.0961 24.0245 0
      vertex 61.0961 24.0245 4
    endloop
  endfacet
  facet normal 0.970034 0.242967 0
    outer loop
      vertex 61.0961 24.0245 0
      vertex 61.2153 23.5486 4
      vertex 61.2153 23.5486 0
    endloop
  endfacet
endsolid OpenSCAD_Model
