solid OpenSCAD_Model
  facet normal 0.998795 0.0490688 0
    outer loop
      vertex 6.5 0 1
      vertex 6.4687 0.637111 0
      vertex 6.4687 0.637111 1
    endloop
  endfacet
  facet normal 0.998795 0.0490688 0
    outer loop
      vertex 6.4687 0.637111 0
      vertex 6.5 0 1
      vertex 6.5 0 0
    endloop
  endfacet
  facet normal -0.998795 0.0490688 0
    outer loop
      vertex -6.5 0 0
      vertex -6.4687 0.637111 1
      vertex -6.4687 0.637111 0
    endloop
  endfacet
  facet normal -0.998795 0.0490688 0
    outer loop
      vertex -6.4687 0.637111 1
      vertex -6.5 0 0
      vertex -6.5 0 1
    endloop
  endfacet
  facet normal 0.67157 0.740941 -0
    outer loop
      vertex 4.59619 4.59619 0
      vertex 4.12356 5.02457 1
      vertex 4.59619 4.59619 1
    endloop
  endfacet
  facet normal 0.67157 0.740941 0
    outer loop
      vertex 4.12356 5.02457 1
      vertex 4.59619 4.59619 0
      vertex 4.12356 5.02457 0
    endloop
  endfacet
  facet normal -0.67157 0.740941 0
    outer loop
      vertex -4.12356 5.02457 0
      vertex -4.59619 4.59619 1
      vertex -4.12356 5.02457 1
    endloop
  endfacet
  facet normal -0.67157 0.740941 0
    outer loop
      vertex -4.59619 4.59619 1
      vertex -4.12356 5.02457 0
      vertex -4.59619 4.59619 0
    endloop
  endfacet
  facet normal -0.336884 0.941546 0
    outer loop
      vertex -1.88685 6.22011 0
      vertex -2.48744 6.00522 1
      vertex -1.88685 6.22011 1
    endloop
  endfacet
  facet normal -0.336884 0.941546 0
    outer loop
      vertex -2.48744 6.00522 1
      vertex -1.88685 6.22011 0
      vertex -2.48744 6.00522 0
    endloop
  endfacet
  facet normal 0.90399 0.427555 0
    outer loop
      vertex 6.00522 2.48744 1
      vertex 5.73249 3.06408 0
      vertex 5.73249 3.06408 1
    endloop
  endfacet
  facet normal 0.90399 0.427555 0
    outer loop
      vertex 5.73249 3.06408 0
      vertex 6.00522 2.48744 1
      vertex 6.00522 2.48744 0
    endloop
  endfacet
  facet normal 0.336884 0.941546 -0
    outer loop
      vertex 2.48744 6.00522 0
      vertex 1.88685 6.22011 1
      vertex 2.48744 6.00522 1
    endloop
  endfacet
  facet normal 0.336884 0.941546 0
    outer loop
      vertex 1.88685 6.22011 1
      vertex 2.48744 6.00522 0
      vertex 1.88685 6.22011 0
    endloop
  endfacet
  facet normal 0.242978 0.970032 -0
    outer loop
      vertex 1.88685 6.22011 0
      vertex 1.26809 6.3751 1
      vertex 1.88685 6.22011 1
    endloop
  endfacet
  facet normal 0.242978 0.970032 0
    outer loop
      vertex 1.26809 6.3751 1
      vertex 1.88685 6.22011 0
      vertex 1.26809 6.3751 0
    endloop
  endfacet
  facet normal 0.514106 0.857727 -0
    outer loop
      vertex 3.61121 5.40455 0
      vertex 3.06408 5.73249 1
      vertex 3.61121 5.40455 1
    endloop
  endfacet
  facet normal 0.514106 0.857727 0
    outer loop
      vertex 3.06408 5.73249 1
      vertex 3.61121 5.40455 0
      vertex 3.06408 5.73249 0
    endloop
  endfacet
  facet normal -0.90399 0.427555 0
    outer loop
      vertex -6.00522 2.48744 0
      vertex -5.73249 3.06408 1
      vertex -5.73249 3.06408 0
    endloop
  endfacet
  facet normal -0.90399 0.427555 0
    outer loop
      vertex -5.73249 3.06408 1
      vertex -6.00522 2.48744 0
      vertex -6.00522 2.48744 1
    endloop
  endfacet
  facet normal -0.146728 0.989177 0
    outer loop
      vertex -0.75 6.45195 0
      vertex -1.26809 6.3751 1
      vertex -0.75 6.45195 1
    endloop
  endfacet
  facet normal -0.146728 0.989177 0
    outer loop
      vertex -1.26809 6.3751 1
      vertex -0.75 6.45195 0
      vertex -1.26809 6.3751 0
    endloop
  endfacet
  facet normal 0 0 -1
    outer loop
      vertex 2.7 0 0
      vertex 6.5 0 0
      vertex 6.4687 -0.637111 0
    endloop
  endfacet
  facet normal 0 0 -1
    outer loop
      vertex 2.687 -0.264646 0
      vertex 6.4687 -0.637111 0
      vertex 6.3751 -1.26809 0
    endloop
  endfacet
  facet normal 0 0 -1
    outer loop
      vertex 6.5 0 0
      vertex 2.7 0 0
      vertex 6.4687 0.637111 0
    endloop
  endfacet
  facet normal 0 0 -1
    outer loop
      vertex 2.64812 -0.526743 0
      vertex 6.3751 -1.26809 0
      vertex 6.22011 -1.88685 0
    endloop
  endfacet
  facet normal 0 0 -1
    outer loop
      vertex 2.687 0.264646 0
      vertex 6.4687 0.637111 0
      vertex 2.7 0 0
    endloop
  endfacet
  facet normal 0 0 -1
    outer loop
      vertex 2.58374 -0.783768 0
      vertex 6.22011 -1.88685 0
      vertex 6.00522 -2.48744 0
    endloop
  endfacet
  facet normal -0 0 -1
    outer loop
      vertex 6.4687 0.637111 0
      vertex 2.687 0.264646 0
      vertex 6.3751 1.26809 0
    endloop
  endfacet
  facet normal 0 0 -1
    outer loop
      vertex 2.49447 -1.03325 0
      vertex 6.00522 -2.48744 0
      vertex 5.73249 -3.06408 0
    endloop
  endfacet
  facet normal 0 0 -1
    outer loop
      vertex 2.64812 0.526743 0
      vertex 6.3751 1.26809 0
      vertex 2.687 0.264646 0
    endloop
  endfacet
  facet normal 0 0 -1
    outer loop
      vertex 2.38119 -1.27277 0
      vertex 5.73249 -3.06408 0
      vertex 5.40455 -3.61121 0
    endloop
  endfacet
  facet normal -0 0 -1
    outer loop
      vertex 6.3751 1.26809 0
      vertex 2.64812 0.526743 0
      vertex 6.22011 1.88685 0
    endloop
  endfacet
  facet normal 0 0 -1
    outer loop
      vertex 2.24497 -1.50004 0
      vertex 5.40455 -3.61121 0
      vertex 5.02457 -4.12356 0
    endloop
  endfacet
  facet normal 0 0 -1
    outer loop
      vertex 2.58374 0.783768 0
      vertex 6.22011 1.88685 0
      vertex 2.64812 0.526743 0
    endloop
  endfacet
  facet normal 0 0 -1
    outer loop
      vertex 2.08713 -1.71286 0
      vertex 5.02457 -4.12356 0
      vertex 4.59619 -4.59619 0
    endloop
  endfacet
  facet normal -0 0 -1
    outer loop
      vertex 6.22011 1.88685 0
      vertex 2.58374 0.783768 0
      vertex 6.00522 2.48744 0
    endloop
  endfacet
  facet normal 0 0 -1
    outer loop
      vertex 1.90919 -1.90919 0
      vertex 4.59619 -4.59619 0
      vertex 4.12356 -5.02457 0
    endloop
  endfacet
  facet normal 0 0 -1
    outer loop
      vertex 2.49447 1.03325 0
      vertex 6.00522 2.48744 0
      vertex 2.58374 0.783768 0
    endloop
  endfacet
  facet normal 0 0 -1
    outer loop
      vertex 1.71286 -2.08713 0
      vertex 4.12356 -5.02457 0
      vertex 3.61121 -5.40455 0
    endloop
  endfacet
  facet normal -0 0 -1
    outer loop
      vertex 6.00522 2.48744 0
      vertex 2.49447 1.03325 0
      vertex 5.73249 3.06408 0
    endloop
  endfacet
  facet normal 0 0 -1
    outer loop
      vertex 1.50004 -2.24497 0
      vertex 3.61121 -5.40455 0
      vertex 3.06408 -5.73249 0
    endloop
  endfacet
  facet normal 0 0 -1
    outer loop
      vertex 2.38119 1.27277 0
      vertex 5.73249 3.06408 0
      vertex 2.49447 1.03325 0
    endloop
  endfacet
  facet normal -0 0 -1
    outer loop
      vertex 5.73249 3.06408 0
      vertex 2.38119 1.27277 0
      vertex 5.40455 3.61121 0
    endloop
  endfacet
  facet normal 0 0 -1
    outer loop
      vertex 6.4687 -0.637111 0
      vertex 2.687 -0.264646 0
      vertex 2.7 0 0
    endloop
  endfacet
  facet normal 0 0 -1
    outer loop
      vertex 6.3751 -1.26809 0
      vertex 2.64812 -0.526743 0
      vertex 2.687 -0.264646 0
    endloop
  endfacet
  facet normal 0 0 -1
    outer loop
      vertex 6.22011 -1.88685 0
      vertex 2.58374 -0.783768 0
      vertex 2.64812 -0.526743 0
    endloop
  endfacet
  facet normal 0 0 -1
    outer loop
      vertex 6.00522 -2.48744 0
      vertex 2.49447 -1.03325 0
      vertex 2.58374 -0.783768 0
    endloop
  endfacet
  facet normal 0 0 -1
    outer loop
      vertex 1.27277 -2.38119 0
      vertex 3.06408 -5.73249 0
      vertex 2.48744 -6.00522 0
    endloop
  endfacet
  facet normal 0 0 -1
    outer loop
      vertex 5.73249 -3.06408 0
      vertex 2.38119 -1.27277 0
      vertex 2.49447 -1.03325 0
    endloop
  endfacet
  facet normal 0 0 -1
    outer loop
      vertex 5.40455 -3.61121 0
      vertex 2.24497 -1.50004 0
      vertex 2.38119 -1.27277 0
    endloop
  endfacet
  facet normal 0 0 -1
    outer loop
      vertex 5.02457 -4.12356 0
      vertex 2.08713 -1.71286 0
      vertex 2.24497 -1.50004 0
    endloop
  endfacet
  facet normal 0 0 -1
    outer loop
      vertex 4.59619 -4.59619 0
      vertex 1.90919 -1.90919 0
      vertex 2.08713 -1.71286 0
    endloop
  endfacet
  facet normal 0 0 -1
    outer loop
      vertex 1.03325 -2.49447 0
      vertex 2.48744 -6.00522 0
      vertex 1.88685 -6.22011 0
    endloop
  endfacet
  facet normal 0 0 -1
    outer loop
      vertex 4.12356 -5.02457 0
      vertex 1.71286 -2.08713 0
      vertex 1.90919 -1.90919 0
    endloop
  endfacet
  facet normal 0 0 -1
    outer loop
      vertex 3.61121 -5.40455 0
      vertex 1.50004 -2.24497 0
      vertex 1.71286 -2.08713 0
    endloop
  endfacet
  facet normal 0 0 -1
    outer loop
      vertex 3.06408 -5.73249 0
      vertex 1.27277 -2.38119 0
      vertex 1.50004 -2.24497 0
    endloop
  endfacet
  facet normal 0 0 -1
    outer loop
      vertex 0.783768 -2.58374 0
      vertex 1.88685 -6.22011 0
      vertex 1.26809 -6.3751 0
    endloop
  endfacet
  facet normal 0 0 -1
    outer loop
      vertex 2.48744 -6.00522 0
      vertex 1.03325 -2.49447 0
      vertex 1.27277 -2.38119 0
    endloop
  endfacet
  facet normal 0 0 -1
    outer loop
      vertex 1.88685 -6.22011 0
      vertex 0.783768 -2.58374 0
      vertex 1.03325 -2.49447 0
    endloop
  endfacet
  facet normal 0 0 -1
    outer loop
      vertex 0.526743 -2.64812 0
      vertex 1.26809 -6.3751 0
      vertex 0.637111 -6.4687 0
    endloop
  endfacet
  facet normal 0 0 -1
    outer loop
      vertex 1.26809 -6.3751 0
      vertex 0.526743 -2.64812 0
      vertex 0.783768 -2.58374 0
    endloop
  endfacet
  facet normal 0 0 -1
    outer loop
      vertex 0.637111 -6.4687 0
      vertex 0.264646 -2.687 0
      vertex 0.526743 -2.64812 0
    endloop
  endfacet
  facet normal 0 0 -1
    outer loop
      vertex 0 -6.5 0
      vertex 0.264646 -2.687 0
      vertex 0.637111 -6.4687 0
    endloop
  endfacet
  facet normal 0 0 -1
    outer loop
      vertex 0 -6.5 0
      vertex 0 -2.7 0
      vertex 0.264646 -2.687 0
    endloop
  endfacet
  facet normal 0 0 -1
    outer loop
      vertex 0 -6.5 0
      vertex -0.264646 -2.687 0
      vertex 0 -2.7 0
    endloop
  endfacet
  facet normal 0 0 -1
    outer loop
      vertex -0.637111 -6.4687 0
      vertex -0.264646 -2.687 0
      vertex 0 -6.5 0
    endloop
  endfacet
  facet normal -0 0 -1
    outer loop
      vertex -0.264646 -2.687 0
      vertex -0.637111 -6.4687 0
      vertex -0.526743 -2.64812 0
    endloop
  endfacet
  facet normal 0 0 -1
    outer loop
      vertex -1.26809 -6.3751 0
      vertex -0.526743 -2.64812 0
      vertex -0.637111 -6.4687 0
    endloop
  endfacet
  facet normal -0 0 -1
    outer loop
      vertex -0.526743 -2.64812 0
      vertex -1.26809 -6.3751 0
      vertex -0.783768 -2.58374 0
    endloop
  endfacet
  facet normal 0 0 -1
    outer loop
      vertex -1.88685 -6.22011 0
      vertex -0.783768 -2.58374 0
      vertex -1.26809 -6.3751 0
    endloop
  endfacet
  facet normal -0 0 -1
    outer loop
      vertex -0.783768 -2.58374 0
      vertex -1.88685 -6.22011 0
      vertex -1.03325 -2.49447 0
    endloop
  endfacet
  facet normal 0 0 -1
    outer loop
      vertex -2.48744 -6.00522 0
      vertex -1.03325 -2.49447 0
      vertex -1.88685 -6.22011 0
    endloop
  endfacet
  facet normal -0 0 -1
    outer loop
      vertex -1.03325 -2.49447 0
      vertex -2.48744 -6.00522 0
      vertex -1.27277 -2.38119 0
    endloop
  endfacet
  facet normal 0 0 -1
    outer loop
      vertex -3.06408 -5.73249 0
      vertex -1.27277 -2.38119 0
      vertex -2.48744 -6.00522 0
    endloop
  endfacet
  facet normal -0 0 -1
    outer loop
      vertex -1.27277 -2.38119 0
      vertex -3.06408 -5.73249 0
      vertex -1.50004 -2.24497 0
    endloop
  endfacet
  facet normal 0 0 -1
    outer loop
      vertex -3.61121 -5.40455 0
      vertex -1.50004 -2.24497 0
      vertex -3.06408 -5.73249 0
    endloop
  endfacet
  facet normal -0 0 -1
    outer loop
      vertex -1.50004 -2.24497 0
      vertex -3.61121 -5.40455 0
      vertex -1.71286 -2.08713 0
    endloop
  endfacet
  facet normal 0 0 -1
    outer loop
      vertex -4.12356 -5.02457 0
      vertex -1.71286 -2.08713 0
      vertex -3.61121 -5.40455 0
    endloop
  endfacet
  facet normal -0 0 -1
    outer loop
      vertex -1.71286 -2.08713 0
      vertex -4.12356 -5.02457 0
      vertex -1.90919 -1.90919 0
    endloop
  endfacet
  facet normal 0 0 -1
    outer loop
      vertex -4.59619 -4.59619 0
      vertex -1.90919 -1.90919 0
      vertex -4.12356 -5.02457 0
    endloop
  endfacet
  facet normal -0 0 -1
    outer loop
      vertex -1.90919 -1.90919 0
      vertex -4.59619 -4.59619 0
      vertex -2.08713 -1.71286 0
    endloop
  endfacet
  facet normal 0 0 -1
    outer loop
      vertex -5.02457 -4.12356 0
      vertex -2.08713 -1.71286 0
      vertex -4.59619 -4.59619 0
    endloop
  endfacet
  facet normal -0 0 -1
    outer loop
      vertex -2.08713 -1.71286 0
      vertex -5.02457 -4.12356 0
      vertex -2.24497 -1.50004 0
    endloop
  endfacet
  facet normal 0 0 -1
    outer loop
      vertex -5.40455 -3.61121 0
      vertex -2.24497 -1.50004 0
      vertex -5.02457 -4.12356 0
    endloop
  endfacet
  facet normal -0 0 -1
    outer loop
      vertex -2.24497 -1.50004 0
      vertex -5.40455 -3.61121 0
      vertex -2.38119 -1.27277 0
    endloop
  endfacet
  facet normal 0 0 -1
    outer loop
      vertex 2.24497 1.50004 0
      vertex 5.40455 3.61121 0
      vertex 2.38119 1.27277 0
    endloop
  endfacet
  facet normal -0 0 -1
    outer loop
      vertex 5.40455 3.61121 0
      vertex 2.24497 1.50004 0
      vertex 5.02457 4.12356 0
    endloop
  endfacet
  facet normal 0 0 -1
    outer loop
      vertex 2.08713 1.71286 0
      vertex 5.02457 4.12356 0
      vertex 2.24497 1.50004 0
    endloop
  endfacet
  facet normal -0 0 -1
    outer loop
      vertex 5.02457 4.12356 0
      vertex 2.08713 1.71286 0
      vertex 4.59619 4.59619 0
    endloop
  endfacet
  facet normal 0 0 -1
    outer loop
      vertex 1.90919 1.90919 0
      vertex 4.59619 4.59619 0
      vertex 2.08713 1.71286 0
    endloop
  endfacet
  facet normal -0 0 -1
    outer loop
      vertex 4.59619 4.59619 0
      vertex 1.90919 1.90919 0
      vertex 4.12356 5.02457 0
    endloop
  endfacet
  facet normal 0 0 -1
    outer loop
      vertex 1.71286 2.08713 0
      vertex 4.12356 5.02457 0
      vertex 1.90919 1.90919 0
    endloop
  endfacet
  facet normal -0 0 -1
    outer loop
      vertex 4.12356 5.02457 0
      vertex 1.71286 2.08713 0
      vertex 3.61121 5.40455 0
    endloop
  endfacet
  facet normal 0 0 -1
    outer loop
      vertex 1.50004 2.24497 0
      vertex 3.61121 5.40455 0
      vertex 1.71286 2.08713 0
    endloop
  endfacet
  facet normal -0 0 -1
    outer loop
      vertex 3.61121 5.40455 0
      vertex 1.50004 2.24497 0
      vertex 3.06408 5.73249 0
    endloop
  endfacet
  facet normal 0 0 -1
    outer loop
      vertex 1.27277 2.38119 0
      vertex 3.06408 5.73249 0
      vertex 1.50004 2.24497 0
    endloop
  endfacet
  facet normal -0 0 -1
    outer loop
      vertex 3.06408 5.73249 0
      vertex 1.27277 2.38119 0
      vertex 2.48744 6.00522 0
    endloop
  endfacet
  facet normal 0 0 -1
    outer loop
      vertex 1.03325 2.49447 0
      vertex 2.48744 6.00522 0
      vertex 1.27277 2.38119 0
    endloop
  endfacet
  facet normal -0 0 -1
    outer loop
      vertex 2.48744 6.00522 0
      vertex 1.03325 2.49447 0
      vertex 1.88685 6.22011 0
    endloop
  endfacet
  facet normal 0 0 -1
    outer loop
      vertex 0.783768 2.58374 0
      vertex 1.88685 6.22011 0
      vertex 1.03325 2.49447 0
    endloop
  endfacet
  facet normal 0 0 -1
    outer loop
      vertex 0.75 2.5922 0
      vertex 1.88685 6.22011 0
      vertex 0.783768 2.58374 0
    endloop
  endfacet
  facet normal -0 0 -1
    outer loop
      vertex 1.88685 6.22011 0
      vertex 0.75 2.5922 0
      vertex 1.26809 6.3751 0
    endloop
  endfacet
  facet normal -0 0 -1
    outer loop
      vertex 1.26809 6.3751 0
      vertex 0.75 2.5922 0
      vertex 0.75 6.45195 0
    endloop
  endfacet
  facet normal 0 0 -1
    outer loop
      vertex -1.88685 6.22011 0
      vertex -0.75 2.5922 0
      vertex -0.783768 2.58374 0
    endloop
  endfacet
  facet normal 0 0 -1
    outer loop
      vertex -1.88685 6.22011 0
      vertex -0.783768 2.58374 0
      vertex -1.03325 2.49447 0
    endloop
  endfacet
  facet normal 0 0 -1
    outer loop
      vertex -0.75 2.5922 0
      vertex -1.26809 6.3751 0
      vertex -0.75 6.45195 0
    endloop
  endfacet
  facet normal 0 0 -1
    outer loop
      vertex -2.48744 6.00522 0
      vertex -1.03325 2.49447 0
      vertex -1.27277 2.38119 0
    endloop
  endfacet
  facet normal 0 0 -1
    outer loop
      vertex -3.06408 5.73249 0
      vertex -1.27277 2.38119 0
      vertex -1.50004 2.24497 0
    endloop
  endfacet
  facet normal 0 0 -1
    outer loop
      vertex -3.61121 5.40455 0
      vertex -1.50004 2.24497 0
      vertex -1.71286 2.08713 0
    endloop
  endfacet
  facet normal 0 0 -1
    outer loop
      vertex -0.75 2.5922 0
      vertex -1.88685 6.22011 0
      vertex -1.26809 6.3751 0
    endloop
  endfacet
  facet normal 0 0 -1
    outer loop
      vertex -4.12356 5.02457 0
      vertex -1.71286 2.08713 0
      vertex -1.90919 1.90919 0
    endloop
  endfacet
  facet normal 0 0 -1
    outer loop
      vertex -4.59619 4.59619 0
      vertex -1.90919 1.90919 0
      vertex -2.08713 1.71286 0
    endloop
  endfacet
  facet normal 0 0 -1
    outer loop
      vertex -5.02457 4.12356 0
      vertex -2.08713 1.71286 0
      vertex -2.24497 1.50004 0
    endloop
  endfacet
  facet normal 0 0 -1
    outer loop
      vertex -5.40455 3.61121 0
      vertex -2.24497 1.50004 0
      vertex -2.38119 1.27277 0
    endloop
  endfacet
  facet normal 0 0 -1
    outer loop
      vertex -1.03325 2.49447 0
      vertex -2.48744 6.00522 0
      vertex -1.88685 6.22011 0
    endloop
  endfacet
  facet normal 0 0 -1
    outer loop
      vertex -5.73249 3.06408 0
      vertex -2.38119 1.27277 0
      vertex -2.49447 1.03325 0
    endloop
  endfacet
  facet normal 0 0 -1
    outer loop
      vertex -6.00522 2.48744 0
      vertex -2.49447 1.03325 0
      vertex -2.58374 0.783768 0
    endloop
  endfacet
  facet normal 0 0 -1
    outer loop
      vertex -6.22011 1.88685 0
      vertex -2.58374 0.783768 0
      vertex -2.64812 0.526743 0
    endloop
  endfacet
  facet normal 0 0 -1
    outer loop
      vertex -6.3751 1.26809 0
      vertex -2.64812 0.526743 0
      vertex -2.687 0.264646 0
    endloop
  endfacet
  facet normal 0 0 -1
    outer loop
      vertex -6.4687 0.637111 0
      vertex -2.687 0.264646 0
      vertex -2.7 0 0
    endloop
  endfacet
  facet normal 0 0 -1
    outer loop
      vertex -5.73249 -3.06408 0
      vertex -2.38119 -1.27277 0
      vertex -5.40455 -3.61121 0
    endloop
  endfacet
  facet normal 0 0 -1
    outer loop
      vertex -1.27277 2.38119 0
      vertex -3.06408 5.73249 0
      vertex -2.48744 6.00522 0
    endloop
  endfacet
  facet normal -0 0 -1
    outer loop
      vertex -2.38119 -1.27277 0
      vertex -5.73249 -3.06408 0
      vertex -2.49447 -1.03325 0
    endloop
  endfacet
  facet normal 0 0 -1
    outer loop
      vertex -1.50004 2.24497 0
      vertex -3.61121 5.40455 0
      vertex -3.06408 5.73249 0
    endloop
  endfacet
  facet normal 0 0 -1
    outer loop
      vertex -6.00522 -2.48744 0
      vertex -2.49447 -1.03325 0
      vertex -5.73249 -3.06408 0
    endloop
  endfacet
  facet normal 0 0 -1
    outer loop
      vertex -1.71286 2.08713 0
      vertex -4.12356 5.02457 0
      vertex -3.61121 5.40455 0
    endloop
  endfacet
  facet normal -0 0 -1
    outer loop
      vertex -2.49447 -1.03325 0
      vertex -6.00522 -2.48744 0
      vertex -2.58374 -0.783768 0
    endloop
  endfacet
  facet normal 0 0 -1
    outer loop
      vertex -1.90919 1.90919 0
      vertex -4.59619 4.59619 0
      vertex -4.12356 5.02457 0
    endloop
  endfacet
  facet normal 0 0 -1
    outer loop
      vertex -6.22011 -1.88685 0
      vertex -2.58374 -0.783768 0
      vertex -6.00522 -2.48744 0
    endloop
  endfacet
  facet normal 0 0 -1
    outer loop
      vertex -2.08713 1.71286 0
      vertex -5.02457 4.12356 0
      vertex -4.59619 4.59619 0
    endloop
  endfacet
  facet normal -0 0 -1
    outer loop
      vertex -2.58374 -0.783768 0
      vertex -6.22011 -1.88685 0
      vertex -2.64812 -0.526743 0
    endloop
  endfacet
  facet normal 0 0 -1
    outer loop
      vertex -2.24497 1.50004 0
      vertex -5.40455 3.61121 0
      vertex -5.02457 4.12356 0
    endloop
  endfacet
  facet normal 0 0 -1
    outer loop
      vertex -6.3751 -1.26809 0
      vertex -2.64812 -0.526743 0
      vertex -6.22011 -1.88685 0
    endloop
  endfacet
  facet normal 0 0 -1
    outer loop
      vertex -2.38119 1.27277 0
      vertex -5.73249 3.06408 0
      vertex -5.40455 3.61121 0
    endloop
  endfacet
  facet normal -0 0 -1
    outer loop
      vertex -2.64812 -0.526743 0
      vertex -6.3751 -1.26809 0
      vertex -2.687 -0.264646 0
    endloop
  endfacet
  facet normal 0 0 -1
    outer loop
      vertex -2.49447 1.03325 0
      vertex -6.00522 2.48744 0
      vertex -5.73249 3.06408 0
    endloop
  endfacet
  facet normal 0 0 -1
    outer loop
      vertex -6.4687 -0.637111 0
      vertex -2.687 -0.264646 0
      vertex -6.3751 -1.26809 0
    endloop
  endfacet
  facet normal 0 0 -1
    outer loop
      vertex -2.58374 0.783768 0
      vertex -6.22011 1.88685 0
      vertex -6.00522 2.48744 0
    endloop
  endfacet
  facet normal -0 0 -1
    outer loop
      vertex -2.687 -0.264646 0
      vertex -6.4687 -0.637111 0
      vertex -2.7 0 0
    endloop
  endfacet
  facet normal 0 0 -1
    outer loop
      vertex -2.64812 0.526743 0
      vertex -6.3751 1.26809 0
      vertex -6.22011 1.88685 0
    endloop
  endfacet
  facet normal 0 0 -1
    outer loop
      vertex -6.5 0 0
      vertex -2.7 0 0
      vertex -6.4687 -0.637111 0
    endloop
  endfacet
  facet normal 0 0 -1
    outer loop
      vertex -2.687 0.264646 0
      vertex -6.4687 0.637111 0
      vertex -6.3751 1.26809 0
    endloop
  endfacet
  facet normal 0 0 -1
    outer loop
      vertex -2.7 0 0
      vertex -6.5 0 0
      vertex -6.4687 0.637111 0
    endloop
  endfacet
  facet normal 0.970032 0.242978 0
    outer loop
      vertex 6.3751 1.26809 1
      vertex 6.22011 1.88685 0
      vertex 6.22011 1.88685 1
    endloop
  endfacet
  facet normal 0.970032 0.242978 0
    outer loop
      vertex 6.22011 1.88685 0
      vertex 6.3751 1.26809 1
      vertex 6.3751 1.26809 0
    endloop
  endfacet
  facet normal 0.989176 0.146735 0
    outer loop
      vertex 6.4687 0.637111 1
      vertex 6.3751 1.26809 0
      vertex 6.3751 1.26809 1
    endloop
  endfacet
  facet normal 0.989176 0.146735 0
    outer loop
      vertex 6.3751 1.26809 0
      vertex 6.4687 0.637111 1
      vertex 6.4687 0.637111 0
    endloop
  endfacet
  facet normal 0.941546 0.336884 0
    outer loop
      vertex 6.22011 1.88685 1
      vertex 6.00522 2.48744 0
      vertex 6.00522 2.48744 1
    endloop
  endfacet
  facet normal 0.941546 0.336884 0
    outer loop
      vertex 6.00522 2.48744 0
      vertex 6.22011 1.88685 1
      vertex 6.22011 1.88685 0
    endloop
  endfacet
  facet normal 0.803211 0.595695 0
    outer loop
      vertex 5.40455 3.61121 1
      vertex 5.02457 4.12356 0
      vertex 5.02457 4.12356 1
    endloop
  endfacet
  facet normal 0.803211 0.595695 0
    outer loop
      vertex 5.02457 4.12356 0
      vertex 5.40455 3.61121 1
      vertex 5.40455 3.61121 0
    endloop
  endfacet
  facet normal 0.740941 0.67157 0
    outer loop
      vertex 5.02457 4.12356 1
      vertex 4.59619 4.59619 0
      vertex 4.59619 4.59619 1
    endloop
  endfacet
  facet normal 0.740941 0.67157 0
    outer loop
      vertex 4.59619 4.59619 0
      vertex 5.02457 4.12356 1
      vertex 5.02457 4.12356 0
    endloop
  endfacet
  facet normal 0.857727 0.514106 0
    outer loop
      vertex 5.73249 3.06408 1
      vertex 5.40455 3.61121 0
      vertex 5.40455 3.61121 1
    endloop
  endfacet
  facet normal 0.857727 0.514106 0
    outer loop
      vertex 5.40455 3.61121 0
      vertex 5.73249 3.06408 1
      vertex 5.73249 3.06408 0
    endloop
  endfacet
  facet normal 0.146728 0.989177 -0
    outer loop
      vertex 1.26809 6.3751 0
      vertex 0.75 6.45195 1
      vertex 1.26809 6.3751 1
    endloop
  endfacet
  facet normal 0.146728 0.989177 0
    outer loop
      vertex 0.75 6.45195 1
      vertex 1.26809 6.3751 0
      vertex 0.75 6.45195 0
    endloop
  endfacet
  facet normal 0.427555 0.90399 -0
    outer loop
      vertex 3.06408 5.73249 0
      vertex 2.48744 6.00522 1
      vertex 3.06408 5.73249 1
    endloop
  endfacet
  facet normal 0.427555 0.90399 0
    outer loop
      vertex 2.48744 6.00522 1
      vertex 3.06408 5.73249 0
      vertex 2.48744 6.00522 0
    endloop
  endfacet
  facet normal 0.595695 0.803211 -0
    outer loop
      vertex 4.12356 5.02457 0
      vertex 3.61121 5.40455 1
      vertex 4.12356 5.02457 1
    endloop
  endfacet
  facet normal 0.595695 0.803211 0
    outer loop
      vertex 3.61121 5.40455 1
      vertex 4.12356 5.02457 0
      vertex 3.61121 5.40455 0
    endloop
  endfacet
  facet normal -0.970032 0.242978 0
    outer loop
      vertex -6.3751 1.26809 0
      vertex -6.22011 1.88685 1
      vertex -6.22011 1.88685 0
    endloop
  endfacet
  facet normal -0.970032 0.242978 0
    outer loop
      vertex -6.22011 1.88685 1
      vertex -6.3751 1.26809 0
      vertex -6.3751 1.26809 1
    endloop
  endfacet
  facet normal -0.803211 0.595695 0
    outer loop
      vertex -5.40455 3.61121 0
      vertex -5.02457 4.12356 1
      vertex -5.02457 4.12356 0
    endloop
  endfacet
  facet normal -0.803211 0.595695 0
    outer loop
      vertex -5.02457 4.12356 1
      vertex -5.40455 3.61121 0
      vertex -5.40455 3.61121 1
    endloop
  endfacet
  facet normal -0.740941 0.67157 0
    outer loop
      vertex -5.02457 4.12356 0
      vertex -4.59619 4.59619 1
      vertex -4.59619 4.59619 0
    endloop
  endfacet
  facet normal -0.740941 0.67157 0
    outer loop
      vertex -4.59619 4.59619 1
      vertex -5.02457 4.12356 0
      vertex -5.02457 4.12356 1
    endloop
  endfacet
  facet normal -0.857727 0.514106 0
    outer loop
      vertex -5.73249 3.06408 0
      vertex -5.40455 3.61121 1
      vertex -5.40455 3.61121 0
    endloop
  endfacet
  facet normal -0.857727 0.514106 0
    outer loop
      vertex -5.40455 3.61121 1
      vertex -5.73249 3.06408 0
      vertex -5.73249 3.06408 1
    endloop
  endfacet
  facet normal -0.941546 0.336884 0
    outer loop
      vertex -6.22011 1.88685 0
      vertex -6.00522 2.48744 1
      vertex -6.00522 2.48744 0
    endloop
  endfacet
  facet normal -0.941546 0.336884 0
    outer loop
      vertex -6.00522 2.48744 1
      vertex -6.22011 1.88685 0
      vertex -6.22011 1.88685 1
    endloop
  endfacet
  facet normal -0.989176 0.146735 0
    outer loop
      vertex -6.4687 0.637111 0
      vertex -6.3751 1.26809 1
      vertex -6.3751 1.26809 0
    endloop
  endfacet
  facet normal -0.989176 0.146735 0
    outer loop
      vertex -6.3751 1.26809 1
      vertex -6.4687 0.637111 0
      vertex -6.4687 0.637111 1
    endloop
  endfacet
  facet normal -0 0 1
    outer loop
      vertex -1.26809 6.3751 1
      vertex -0.75 4.71018 1
      vertex -0.75 6.45195 1
    endloop
  endfacet
  facet normal 0 0 1
    outer loop
      vertex -0.75 4.71018 1
      vertex -1.26809 6.3751 1
      vertex -0.931556 4.68325 1
    endloop
  endfacet
  facet normal 0 0 1
    outer loop
      vertex -1.26809 6.3751 1
      vertex -1.38611 4.56939 1
      vertex -0.931556 4.68325 1
    endloop
  endfacet
  facet normal -0 0 1
    outer loop
      vertex -1.88685 6.22011 1
      vertex -1.38611 4.56939 1
      vertex -1.26809 6.3751 1
    endloop
  endfacet
  facet normal 0 0 1
    outer loop
      vertex -1.38611 4.56939 1
      vertex -1.88685 6.22011 1
      vertex -1.82731 4.41152 1
    endloop
  endfacet
  facet normal -0 0 1
    outer loop
      vertex -2.48744 6.00522 1
      vertex -1.82731 4.41152 1
      vertex -1.88685 6.22011 1
    endloop
  endfacet
  facet normal 0 0 1
    outer loop
      vertex -1.82731 4.41152 1
      vertex -2.48744 6.00522 1
      vertex -2.25092 4.21117 1
    endloop
  endfacet
  facet normal -0 0 1
    outer loop
      vertex -3.06408 5.73249 1
      vertex -2.25092 4.21117 1
      vertex -2.48744 6.00522 1
    endloop
  endfacet
  facet normal 0 0 1
    outer loop
      vertex -2.25092 4.21117 1
      vertex -3.06408 5.73249 1
      vertex -2.65285 3.97027 1
    endloop
  endfacet
  facet normal -0 0 1
    outer loop
      vertex -3.61121 5.40455 1
      vertex -2.65285 3.97027 1
      vertex -3.06408 5.73249 1
    endloop
  endfacet
  facet normal 0 0 1
    outer loop
      vertex -2.65285 3.97027 1
      vertex -3.61121 5.40455 1
      vertex -3.02923 3.69112 1
    endloop
  endfacet
  facet normal -0 0 1
    outer loop
      vertex -4.12356 5.02457 1
      vertex -3.02923 3.69112 1
      vertex -3.61121 5.40455 1
    endloop
  endfacet
  facet normal 0 0 1
    outer loop
      vertex -3.02923 3.69112 1
      vertex -4.12356 5.02457 1
      vertex -3.37643 3.37643 1
    endloop
  endfacet
  facet normal -0 0 1
    outer loop
      vertex -4.59619 4.59619 1
      vertex -3.37643 3.37643 1
      vertex -4.12356 5.02457 1
    endloop
  endfacet
  facet normal 0 0 1
    outer loop
      vertex -3.37643 3.37643 1
      vertex -4.59619 4.59619 1
      vertex -3.69112 3.02923 1
    endloop
  endfacet
  facet normal -0 0 1
    outer loop
      vertex -5.02457 4.12356 1
      vertex -3.69112 3.02923 1
      vertex -4.59619 4.59619 1
    endloop
  endfacet
  facet normal 0 0 1
    outer loop
      vertex -3.69112 3.02923 1
      vertex -5.02457 4.12356 1
      vertex -3.97027 2.65285 1
    endloop
  endfacet
  facet normal -0 0 1
    outer loop
      vertex -5.40455 3.61121 1
      vertex -3.97027 2.65285 1
      vertex -5.02457 4.12356 1
    endloop
  endfacet
  facet normal 0 0 1
    outer loop
      vertex -3.97027 2.65285 1
      vertex -5.40455 3.61121 1
      vertex -4.21117 2.25092 1
    endloop
  endfacet
  facet normal -0 0 1
    outer loop
      vertex -5.73249 3.06408 1
      vertex -4.21117 2.25092 1
      vertex -5.40455 3.61121 1
    endloop
  endfacet
  facet normal 0 0 1
    outer loop
      vertex -4.21117 2.25092 1
      vertex -5.73249 3.06408 1
      vertex -4.41152 1.82731 1
    endloop
  endfacet
  facet normal -0 0 1
    outer loop
      vertex -6.00522 2.48744 1
      vertex -4.41152 1.82731 1
      vertex -5.73249 3.06408 1
    endloop
  endfacet
  facet normal 0 0 1
    outer loop
      vertex -4.41152 1.82731 1
      vertex -6.00522 2.48744 1
      vertex -4.56939 1.38611 1
    endloop
  endfacet
  facet normal 0 0 1
    outer loop
      vertex 4.775 0 1
      vertex 6.5 0 1
      vertex 6.4687 0.637111 1
    endloop
  endfacet
  facet normal 0 0 1
    outer loop
      vertex 4.75201 0.468031 1
      vertex 6.4687 0.637111 1
      vertex 6.3751 1.26809 1
    endloop
  endfacet
  facet normal 0 0 1
    outer loop
      vertex 6.5 0 1
      vertex 4.775 0 1
      vertex 6.4687 -0.637111 1
    endloop
  endfacet
  facet normal 0 0 1
    outer loop
      vertex 4.68325 0.931556 1
      vertex 6.3751 1.26809 1
      vertex 6.22011 1.88685 1
    endloop
  endfacet
  facet normal -0 0 1
    outer loop
      vertex 4.75201 -0.468031 1
      vertex 6.4687 -0.637111 1
      vertex 4.775 0 1
    endloop
  endfacet
  facet normal 0 0 1
    outer loop
      vertex 4.56939 1.38611 1
      vertex 6.22011 1.88685 1
      vertex 6.00522 2.48744 1
    endloop
  endfacet
  facet normal 0 0 1
    outer loop
      vertex 6.4687 -0.637111 1
      vertex 4.75201 -0.468031 1
      vertex 6.3751 -1.26809 1
    endloop
  endfacet
  facet normal 0 0 1
    outer loop
      vertex 4.41152 1.82731 1
      vertex 6.00522 2.48744 1
      vertex 5.73249 3.06408 1
    endloop
  endfacet
  facet normal -0 0 1
    outer loop
      vertex 4.68325 -0.931556 1
      vertex 6.3751 -1.26809 1
      vertex 4.75201 -0.468031 1
    endloop
  endfacet
  facet normal 0 0 1
    outer loop
      vertex 4.21117 2.25092 1
      vertex 5.73249 3.06408 1
      vertex 5.40455 3.61121 1
    endloop
  endfacet
  facet normal 0 0 1
    outer loop
      vertex 6.3751 -1.26809 1
      vertex 4.68325 -0.931556 1
      vertex 6.22011 -1.88685 1
    endloop
  endfacet
  facet normal 0 0 1
    outer loop
      vertex 3.97027 2.65285 1
      vertex 5.40455 3.61121 1
      vertex 5.02457 4.12356 1
    endloop
  endfacet
  facet normal -0 0 1
    outer loop
      vertex 4.56939 -1.38611 1
      vertex 6.22011 -1.88685 1
      vertex 4.68325 -0.931556 1
    endloop
  endfacet
  facet normal 0 0 1
    outer loop
      vertex 6.22011 -1.88685 1
      vertex 4.56939 -1.38611 1
      vertex 6.00522 -2.48744 1
    endloop
  endfacet
  facet normal 0 0 1
    outer loop
      vertex 6.4687 0.637111 1
      vertex 4.75201 0.468031 1
      vertex 4.775 0 1
    endloop
  endfacet
  facet normal 0 0 1
    outer loop
      vertex 6.3751 1.26809 1
      vertex 4.68325 0.931556 1
      vertex 4.75201 0.468031 1
    endloop
  endfacet
  facet normal 0 0 1
    outer loop
      vertex 3.69112 3.02923 1
      vertex 5.02457 4.12356 1
      vertex 4.59619 4.59619 1
    endloop
  endfacet
  facet normal 0 0 1
    outer loop
      vertex 6.22011 1.88685 1
      vertex 4.56939 1.38611 1
      vertex 4.68325 0.931556 1
    endloop
  endfacet
  facet normal 0 0 1
    outer loop
      vertex 6.00522 2.48744 1
      vertex 4.41152 1.82731 1
      vertex 4.56939 1.38611 1
    endloop
  endfacet
  facet normal 0 0 1
    outer loop
      vertex 5.73249 3.06408 1
      vertex 4.21117 2.25092 1
      vertex 4.41152 1.82731 1
    endloop
  endfacet
  facet normal 0 0 1
    outer loop
      vertex 3.37643 3.37643 1
      vertex 4.59619 4.59619 1
      vertex 4.12356 5.02457 1
    endloop
  endfacet
  facet normal 0 0 1
    outer loop
      vertex 5.40455 3.61121 1
      vertex 3.97027 2.65285 1
      vertex 4.21117 2.25092 1
    endloop
  endfacet
  facet normal 0 0 1
    outer loop
      vertex 5.02457 4.12356 1
      vertex 3.69112 3.02923 1
      vertex 3.97027 2.65285 1
    endloop
  endfacet
  facet normal 0 0 1
    outer loop
      vertex 3.02923 3.69112 1
      vertex 4.12356 5.02457 1
      vertex 3.61121 5.40455 1
    endloop
  endfacet
  facet normal 0 0 1
    outer loop
      vertex 4.59619 4.59619 1
      vertex 3.37643 3.37643 1
      vertex 3.69112 3.02923 1
    endloop
  endfacet
  facet normal 0 0 1
    outer loop
      vertex 2.65285 3.97027 1
      vertex 3.61121 5.40455 1
      vertex 3.06408 5.73249 1
    endloop
  endfacet
  facet normal 0 0 1
    outer loop
      vertex 4.12356 5.02457 1
      vertex 3.02923 3.69112 1
      vertex 3.37643 3.37643 1
    endloop
  endfacet
  facet normal 0 0 1
    outer loop
      vertex 3.61121 5.40455 1
      vertex 2.65285 3.97027 1
      vertex 3.02923 3.69112 1
    endloop
  endfacet
  facet normal 0 0 1
    outer loop
      vertex 2.25092 4.21117 1
      vertex 3.06408 5.73249 1
      vertex 2.48744 6.00522 1
    endloop
  endfacet
  facet normal 0 0 1
    outer loop
      vertex 3.06408 5.73249 1
      vertex 2.25092 4.21117 1
      vertex 2.65285 3.97027 1
    endloop
  endfacet
  facet normal 0 0 1
    outer loop
      vertex 1.82731 4.41152 1
      vertex 2.48744 6.00522 1
      vertex 1.88685 6.22011 1
    endloop
  endfacet
  facet normal 0 0 1
    outer loop
      vertex 2.48744 6.00522 1
      vertex 1.82731 4.41152 1
      vertex 2.25092 4.21117 1
    endloop
  endfacet
  facet normal 0 0 1
    outer loop
      vertex 1.88685 6.22011 1
      vertex 1.38611 4.56939 1
      vertex 1.82731 4.41152 1
    endloop
  endfacet
  facet normal 0 0 1
    outer loop
      vertex 1.26809 6.3751 1
      vertex 1.38611 4.56939 1
      vertex 1.88685 6.22011 1
    endloop
  endfacet
  facet normal 0 0 1
    outer loop
      vertex 1.26809 6.3751 1
      vertex 0.931556 4.68325 1
      vertex 1.38611 4.56939 1
    endloop
  endfacet
  facet normal 0 0 1
    outer loop
      vertex 0.75 4.71018 1
      vertex 1.26809 6.3751 1
      vertex 0.75 6.45195 1
    endloop
  endfacet
  facet normal 0 0 1
    outer loop
      vertex 1.26809 6.3751 1
      vertex 0.75 4.71018 1
      vertex 0.931556 4.68325 1
    endloop
  endfacet
  facet normal -0 0 1
    outer loop
      vertex 4.41152 -1.82731 1
      vertex 6.00522 -2.48744 1
      vertex 4.56939 -1.38611 1
    endloop
  endfacet
  facet normal 0 0 1
    outer loop
      vertex 6.00522 -2.48744 1
      vertex 4.41152 -1.82731 1
      vertex 5.73249 -3.06408 1
    endloop
  endfacet
  facet normal -0 0 1
    outer loop
      vertex 4.21117 -2.25092 1
      vertex 5.73249 -3.06408 1
      vertex 4.41152 -1.82731 1
    endloop
  endfacet
  facet normal 0 0 1
    outer loop
      vertex 5.73249 -3.06408 1
      vertex 4.21117 -2.25092 1
      vertex 5.40455 -3.61121 1
    endloop
  endfacet
  facet normal -0 0 1
    outer loop
      vertex 3.97027 -2.65285 1
      vertex 5.40455 -3.61121 1
      vertex 4.21117 -2.25092 1
    endloop
  endfacet
  facet normal 0 0 1
    outer loop
      vertex 5.40455 -3.61121 1
      vertex 3.97027 -2.65285 1
      vertex 5.02457 -4.12356 1
    endloop
  endfacet
  facet normal -0 0 1
    outer loop
      vertex 3.69112 -3.02923 1
      vertex 5.02457 -4.12356 1
      vertex 3.97027 -2.65285 1
    endloop
  endfacet
  facet normal 0 0 1
    outer loop
      vertex 5.02457 -4.12356 1
      vertex 3.69112 -3.02923 1
      vertex 4.59619 -4.59619 1
    endloop
  endfacet
  facet normal -0 0 1
    outer loop
      vertex 3.37643 -3.37643 1
      vertex 4.59619 -4.59619 1
      vertex 3.69112 -3.02923 1
    endloop
  endfacet
  facet normal 0 0 1
    outer loop
      vertex 4.59619 -4.59619 1
      vertex 3.37643 -3.37643 1
      vertex 4.12356 -5.02457 1
    endloop
  endfacet
  facet normal -0 0 1
    outer loop
      vertex 3.02923 -3.69112 1
      vertex 4.12356 -5.02457 1
      vertex 3.37643 -3.37643 1
    endloop
  endfacet
  facet normal 0 0 1
    outer loop
      vertex 4.12356 -5.02457 1
      vertex 3.02923 -3.69112 1
      vertex 3.61121 -5.40455 1
    endloop
  endfacet
  facet normal -0 0 1
    outer loop
      vertex 2.65285 -3.97027 1
      vertex 3.61121 -5.40455 1
      vertex 3.02923 -3.69112 1
    endloop
  endfacet
  facet normal 0 0 1
    outer loop
      vertex 3.61121 -5.40455 1
      vertex 2.65285 -3.97027 1
      vertex 3.06408 -5.73249 1
    endloop
  endfacet
  facet normal -0 0 1
    outer loop
      vertex 2.25092 -4.21117 1
      vertex 3.06408 -5.73249 1
      vertex 2.65285 -3.97027 1
    endloop
  endfacet
  facet normal 0 0 1
    outer loop
      vertex 3.06408 -5.73249 1
      vertex 2.25092 -4.21117 1
      vertex 2.48744 -6.00522 1
    endloop
  endfacet
  facet normal -0 0 1
    outer loop
      vertex 1.82731 -4.41152 1
      vertex 2.48744 -6.00522 1
      vertex 2.25092 -4.21117 1
    endloop
  endfacet
  facet normal 0 0 1
    outer loop
      vertex 2.48744 -6.00522 1
      vertex 1.82731 -4.41152 1
      vertex 1.88685 -6.22011 1
    endloop
  endfacet
  facet normal -0 0 1
    outer loop
      vertex 1.38611 -4.56939 1
      vertex 1.88685 -6.22011 1
      vertex 1.82731 -4.41152 1
    endloop
  endfacet
  facet normal 0 0 1
    outer loop
      vertex 1.38611 -4.56939 1
      vertex 1.26809 -6.3751 1
      vertex 1.88685 -6.22011 1
    endloop
  endfacet
  facet normal -0 0 1
    outer loop
      vertex 0.931556 -4.68325 1
      vertex 1.26809 -6.3751 1
      vertex 1.38611 -4.56939 1
    endloop
  endfacet
  facet normal 0 0 1
    outer loop
      vertex 0.931556 -4.68325 1
      vertex 0.637111 -6.4687 1
      vertex 1.26809 -6.3751 1
    endloop
  endfacet
  facet normal -0 0 1
    outer loop
      vertex 0.468031 -4.75201 1
      vertex 0.637111 -6.4687 1
      vertex 0.931556 -4.68325 1
    endloop
  endfacet
  facet normal -0 0 1
    outer loop
      vertex 0 -4.775 1
      vertex 0.637111 -6.4687 1
      vertex 0.468031 -4.75201 1
    endloop
  endfacet
  facet normal 0 0 1
    outer loop
      vertex 0 -4.775 1
      vertex 0 -6.5 1
      vertex 0.637111 -6.4687 1
    endloop
  endfacet
  facet normal 0 0 1
    outer loop
      vertex -0.468031 -4.75201 1
      vertex 0 -6.5 1
      vertex 0 -4.775 1
    endloop
  endfacet
  facet normal 0 0 1
    outer loop
      vertex -0.468031 -4.75201 1
      vertex -0.637111 -6.4687 1
      vertex 0 -6.5 1
    endloop
  endfacet
  facet normal 0 0 1
    outer loop
      vertex -0.931556 -4.68325 1
      vertex -0.637111 -6.4687 1
      vertex -0.468031 -4.75201 1
    endloop
  endfacet
  facet normal 0 0 1
    outer loop
      vertex -0.931556 -4.68325 1
      vertex -1.26809 -6.3751 1
      vertex -0.637111 -6.4687 1
    endloop
  endfacet
  facet normal 0 0 1
    outer loop
      vertex -1.38611 -4.56939 1
      vertex -1.26809 -6.3751 1
      vertex -0.931556 -4.68325 1
    endloop
  endfacet
  facet normal 0 0 1
    outer loop
      vertex -1.88685 -6.22011 1
      vertex -1.38611 -4.56939 1
      vertex -1.82731 -4.41152 1
    endloop
  endfacet
  facet normal 0 0 1
    outer loop
      vertex -1.38611 -4.56939 1
      vertex -1.88685 -6.22011 1
      vertex -1.26809 -6.3751 1
    endloop
  endfacet
  facet normal 0 0 1
    outer loop
      vertex -2.48744 -6.00522 1
      vertex -1.82731 -4.41152 1
      vertex -2.25092 -4.21117 1
    endloop
  endfacet
  facet normal 0 0 1
    outer loop
      vertex -1.82731 -4.41152 1
      vertex -2.48744 -6.00522 1
      vertex -1.88685 -6.22011 1
    endloop
  endfacet
  facet normal 0 0 1
    outer loop
      vertex -3.06408 -5.73249 1
      vertex -2.25092 -4.21117 1
      vertex -2.65285 -3.97027 1
    endloop
  endfacet
  facet normal 0 0 1
    outer loop
      vertex -3.61121 -5.40455 1
      vertex -2.65285 -3.97027 1
      vertex -3.02923 -3.69112 1
    endloop
  endfacet
  facet normal 0 0 1
    outer loop
      vertex -2.25092 -4.21117 1
      vertex -3.06408 -5.73249 1
      vertex -2.48744 -6.00522 1
    endloop
  endfacet
  facet normal 0 0 1
    outer loop
      vertex -4.12356 -5.02457 1
      vertex -3.02923 -3.69112 1
      vertex -3.37643 -3.37643 1
    endloop
  endfacet
  facet normal 0 0 1
    outer loop
      vertex -2.65285 -3.97027 1
      vertex -3.61121 -5.40455 1
      vertex -3.06408 -5.73249 1
    endloop
  endfacet
  facet normal 0 0 1
    outer loop
      vertex -4.59619 -4.59619 1
      vertex -3.37643 -3.37643 1
      vertex -3.69112 -3.02923 1
    endloop
  endfacet
  facet normal 0 0 1
    outer loop
      vertex -5.02457 -4.12356 1
      vertex -3.69112 -3.02923 1
      vertex -3.97027 -2.65285 1
    endloop
  endfacet
  facet normal 0 0 1
    outer loop
      vertex -3.02923 -3.69112 1
      vertex -4.12356 -5.02457 1
      vertex -3.61121 -5.40455 1
    endloop
  endfacet
  facet normal 0 0 1
    outer loop
      vertex -5.40455 -3.61121 1
      vertex -3.97027 -2.65285 1
      vertex -4.21117 -2.25092 1
    endloop
  endfacet
  facet normal 0 0 1
    outer loop
      vertex -5.73249 -3.06408 1
      vertex -4.21117 -2.25092 1
      vertex -4.41152 -1.82731 1
    endloop
  endfacet
  facet normal 0 0 1
    outer loop
      vertex -6.00522 -2.48744 1
      vertex -4.41152 -1.82731 1
      vertex -4.56939 -1.38611 1
    endloop
  endfacet
  facet normal 0 0 1
    outer loop
      vertex -3.37643 -3.37643 1
      vertex -4.59619 -4.59619 1
      vertex -4.12356 -5.02457 1
    endloop
  endfacet
  facet normal 0 0 1
    outer loop
      vertex -6.22011 -1.88685 1
      vertex -4.56939 -1.38611 1
      vertex -4.68325 -0.931556 1
    endloop
  endfacet
  facet normal 0 0 1
    outer loop
      vertex -6.3751 -1.26809 1
      vertex -4.68325 -0.931556 1
      vertex -4.75201 -0.468031 1
    endloop
  endfacet
  facet normal 0 0 1
    outer loop
      vertex -6.4687 -0.637111 1
      vertex -4.75201 -0.468031 1
      vertex -4.775 0 1
    endloop
  endfacet
  facet normal -0 0 1
    outer loop
      vertex -6.22011 1.88685 1
      vertex -4.56939 1.38611 1
      vertex -6.00522 2.48744 1
    endloop
  endfacet
  facet normal 0 0 1
    outer loop
      vertex -3.69112 -3.02923 1
      vertex -5.02457 -4.12356 1
      vertex -4.59619 -4.59619 1
    endloop
  endfacet
  facet normal 0 0 1
    outer loop
      vertex -4.56939 1.38611 1
      vertex -6.22011 1.88685 1
      vertex -4.68325 0.931556 1
    endloop
  endfacet
  facet normal 0 0 1
    outer loop
      vertex -3.97027 -2.65285 1
      vertex -5.40455 -3.61121 1
      vertex -5.02457 -4.12356 1
    endloop
  endfacet
  facet normal -0 0 1
    outer loop
      vertex -6.3751 1.26809 1
      vertex -4.68325 0.931556 1
      vertex -6.22011 1.88685 1
    endloop
  endfacet
  facet normal 0 0 1
    outer loop
      vertex -4.21117 -2.25092 1
      vertex -5.73249 -3.06408 1
      vertex -5.40455 -3.61121 1
    endloop
  endfacet
  facet normal 0 0 1
    outer loop
      vertex -4.68325 0.931556 1
      vertex -6.3751 1.26809 1
      vertex -4.75201 0.468031 1
    endloop
  endfacet
  facet normal 0 0 1
    outer loop
      vertex -4.41152 -1.82731 1
      vertex -6.00522 -2.48744 1
      vertex -5.73249 -3.06408 1
    endloop
  endfacet
  facet normal -0 0 1
    outer loop
      vertex -6.4687 0.637111 1
      vertex -4.75201 0.468031 1
      vertex -6.3751 1.26809 1
    endloop
  endfacet
  facet normal 0 0 1
    outer loop
      vertex -4.56939 -1.38611 1
      vertex -6.22011 -1.88685 1
      vertex -6.00522 -2.48744 1
    endloop
  endfacet
  facet normal 0 0 1
    outer loop
      vertex -4.75201 0.468031 1
      vertex -6.4687 0.637111 1
      vertex -4.775 0 1
    endloop
  endfacet
  facet normal 0 0 1
    outer loop
      vertex -4.68325 -0.931556 1
      vertex -6.3751 -1.26809 1
      vertex -6.22011 -1.88685 1
    endloop
  endfacet
  facet normal 0 0 1
    outer loop
      vertex -6.5 0 1
      vertex -4.775 0 1
      vertex -6.4687 0.637111 1
    endloop
  endfacet
  facet normal 0 0 1
    outer loop
      vertex -4.75201 -0.468031 1
      vertex -6.4687 -0.637111 1
      vertex -6.3751 -1.26809 1
    endloop
  endfacet
  facet normal 0 0 1
    outer loop
      vertex -4.775 0 1
      vertex -6.5 0 1
      vertex -6.4687 -0.637111 1
    endloop
  endfacet
  facet normal -0.514106 0.857727 0
    outer loop
      vertex -3.06408 5.73249 0
      vertex -3.61121 5.40455 1
      vertex -3.06408 5.73249 1
    endloop
  endfacet
  facet normal -0.514106 0.857727 0
    outer loop
      vertex -3.61121 5.40455 1
      vertex -3.06408 5.73249 0
      vertex -3.61121 5.40455 0
    endloop
  endfacet
  facet normal -0.427555 0.90399 0
    outer loop
      vertex -2.48744 6.00522 0
      vertex -3.06408 5.73249 1
      vertex -2.48744 6.00522 1
    endloop
  endfacet
  facet normal -0.427555 0.90399 0
    outer loop
      vertex -3.06408 5.73249 1
      vertex -2.48744 6.00522 0
      vertex -3.06408 5.73249 0
    endloop
  endfacet
  facet normal -0.595695 0.803211 0
    outer loop
      vertex -3.61121 5.40455 0
      vertex -4.12356 5.02457 1
      vertex -3.61121 5.40455 1
    endloop
  endfacet
  facet normal -0.595695 0.803211 0
    outer loop
      vertex -4.12356 5.02457 1
      vertex -3.61121 5.40455 0
      vertex -4.12356 5.02457 0
    endloop
  endfacet
  facet normal -0.242978 0.970032 0
    outer loop
      vertex -1.26809 6.3751 0
      vertex -1.88685 6.22011 1
      vertex -1.26809 6.3751 1
    endloop
  endfacet
  facet normal -0.242978 0.970032 0
    outer loop
      vertex -1.88685 6.22011 1
      vertex -1.26809 6.3751 0
      vertex -1.88685 6.22011 0
    endloop
  endfacet
  facet normal 0.0490688 -0.998795 0
    outer loop
      vertex 0 -6.5 0
      vertex 0.637111 -6.4687 1
      vertex 0 -6.5 1
    endloop
  endfacet
  facet normal 0.0490688 -0.998795 0
    outer loop
      vertex 0.637111 -6.4687 1
      vertex 0 -6.5 0
      vertex 0.637111 -6.4687 0
    endloop
  endfacet
  facet normal 0.242978 -0.970032 0
    outer loop
      vertex 1.26809 -6.3751 0
      vertex 1.88685 -6.22011 1
      vertex 1.26809 -6.3751 1
    endloop
  endfacet
  facet normal 0.242978 -0.970032 0
    outer loop
      vertex 1.88685 -6.22011 1
      vertex 1.26809 -6.3751 0
      vertex 1.88685 -6.22011 0
    endloop
  endfacet
  facet normal 0.595695 -0.803211 0
    outer loop
      vertex 3.61121 -5.40455 0
      vertex 4.12356 -5.02457 1
      vertex 3.61121 -5.40455 1
    endloop
  endfacet
  facet normal 0.595695 -0.803211 0
    outer loop
      vertex 4.12356 -5.02457 1
      vertex 3.61121 -5.40455 0
      vertex 4.12356 -5.02457 0
    endloop
  endfacet
  facet normal 0.427555 -0.90399 0
    outer loop
      vertex 2.48744 -6.00522 0
      vertex 3.06408 -5.73249 1
      vertex 2.48744 -6.00522 1
    endloop
  endfacet
  facet normal 0.427555 -0.90399 0
    outer loop
      vertex 3.06408 -5.73249 1
      vertex 2.48744 -6.00522 0
      vertex 3.06408 -5.73249 0
    endloop
  endfacet
  facet normal 0.803211 -0.595695 0
    outer loop
      vertex 5.02457 -4.12356 1
      vertex 5.40455 -3.61121 0
      vertex 5.40455 -3.61121 1
    endloop
  endfacet
  facet normal 0.803211 -0.595695 0
    outer loop
      vertex 5.40455 -3.61121 0
      vertex 5.02457 -4.12356 1
      vertex 5.02457 -4.12356 0
    endloop
  endfacet
  facet normal 0.90399 -0.427555 0
    outer loop
      vertex 5.73249 -3.06408 1
      vertex 6.00522 -2.48744 0
      vertex 6.00522 -2.48744 1
    endloop
  endfacet
  facet normal 0.90399 -0.427555 0
    outer loop
      vertex 6.00522 -2.48744 0
      vertex 5.73249 -3.06408 1
      vertex 5.73249 -3.06408 0
    endloop
  endfacet
  facet normal -0.67157 -0.740941 0
    outer loop
      vertex -4.59619 -4.59619 0
      vertex -4.12356 -5.02457 1
      vertex -4.59619 -4.59619 1
    endloop
  endfacet
  facet normal -0.67157 -0.740941 -0
    outer loop
      vertex -4.12356 -5.02457 1
      vertex -4.59619 -4.59619 0
      vertex -4.12356 -5.02457 0
    endloop
  endfacet
  facet normal -0.514106 -0.857727 0
    outer loop
      vertex -3.61121 -5.40455 0
      vertex -3.06408 -5.73249 1
      vertex -3.61121 -5.40455 1
    endloop
  endfacet
  facet normal -0.514106 -0.857727 -0
    outer loop
      vertex -3.06408 -5.73249 1
      vertex -3.61121 -5.40455 0
      vertex -3.06408 -5.73249 0
    endloop
  endfacet
  facet normal -0.336884 -0.941546 0
    outer loop
      vertex -2.48744 -6.00522 0
      vertex -1.88685 -6.22011 1
      vertex -2.48744 -6.00522 1
    endloop
  endfacet
  facet normal -0.336884 -0.941546 -0
    outer loop
      vertex -1.88685 -6.22011 1
      vertex -2.48744 -6.00522 0
      vertex -1.88685 -6.22011 0
    endloop
  endfacet
  facet normal -0.146735 -0.989176 0
    outer loop
      vertex -1.26809 -6.3751 0
      vertex -0.637111 -6.4687 1
      vertex -1.26809 -6.3751 1
    endloop
  endfacet
  facet normal -0.146735 -0.989176 -0
    outer loop
      vertex -0.637111 -6.4687 1
      vertex -1.26809 -6.3751 0
      vertex -0.637111 -6.4687 0
    endloop
  endfacet
  facet normal -0.90399 -0.427555 0
    outer loop
      vertex -5.73249 -3.06408 0
      vertex -6.00522 -2.48744 1
      vertex -6.00522 -2.48744 0
    endloop
  endfacet
  facet normal -0.90399 -0.427555 0
    outer loop
      vertex -6.00522 -2.48744 1
      vertex -5.73249 -3.06408 0
      vertex -5.73249 -3.06408 1
    endloop
  endfacet
  facet normal -0.803211 -0.595695 0
    outer loop
      vertex -5.02457 -4.12356 0
      vertex -5.40455 -3.61121 1
      vertex -5.40455 -3.61121 0
    endloop
  endfacet
  facet normal -0.803211 -0.595695 0
    outer loop
      vertex -5.40455 -3.61121 1
      vertex -5.02457 -4.12356 0
      vertex -5.02457 -4.12356 1
    endloop
  endfacet
  facet normal -0.970032 -0.242978 0
    outer loop
      vertex -6.22011 -1.88685 0
      vertex -6.3751 -1.26809 1
      vertex -6.3751 -1.26809 0
    endloop
  endfacet
  facet normal -0.970032 -0.242978 0
    outer loop
      vertex -6.3751 -1.26809 1
      vertex -6.22011 -1.88685 0
      vertex -6.22011 -1.88685 1
    endloop
  endfacet
  facet normal -0.998795 -0.0490688 0
    outer loop
      vertex -6.4687 -0.637111 0
      vertex -6.5 0 1
      vertex -6.5 0 0
    endloop
  endfacet
  facet normal -0.998795 -0.0490688 0
    outer loop
      vertex -6.5 0 1
      vertex -6.4687 -0.637111 0
      vertex -6.4687 -0.637111 1
    endloop
  endfacet
  facet normal 0.146735 -0.989176 0
    outer loop
      vertex 0.637111 -6.4687 0
      vertex 1.26809 -6.3751 1
      vertex 0.637111 -6.4687 1
    endloop
  endfacet
  facet normal 0.146735 -0.989176 0
    outer loop
      vertex 1.26809 -6.3751 1
      vertex 0.637111 -6.4687 0
      vertex 1.26809 -6.3751 0
    endloop
  endfacet
  facet normal 0.336884 -0.941546 0
    outer loop
      vertex 1.88685 -6.22011 0
      vertex 2.48744 -6.00522 1
      vertex 1.88685 -6.22011 1
    endloop
  endfacet
  facet normal 0.336884 -0.941546 0
    outer loop
      vertex 2.48744 -6.00522 1
      vertex 1.88685 -6.22011 0
      vertex 2.48744 -6.00522 0
    endloop
  endfacet
  facet normal 0.67157 -0.740941 0
    outer loop
      vertex 4.12356 -5.02457 0
      vertex 4.59619 -4.59619 1
      vertex 4.12356 -5.02457 1
    endloop
  endfacet
  facet normal 0.67157 -0.740941 0
    outer loop
      vertex 4.59619 -4.59619 1
      vertex 4.12356 -5.02457 0
      vertex 4.59619 -4.59619 0
    endloop
  endfacet
  facet normal 0.514106 -0.857727 0
    outer loop
      vertex 3.06408 -5.73249 0
      vertex 3.61121 -5.40455 1
      vertex 3.06408 -5.73249 1
    endloop
  endfacet
  facet normal 0.514106 -0.857727 0
    outer loop
      vertex 3.61121 -5.40455 1
      vertex 3.06408 -5.73249 0
      vertex 3.61121 -5.40455 0
    endloop
  endfacet
  facet normal 0.857727 -0.514106 0
    outer loop
      vertex 5.40455 -3.61121 1
      vertex 5.73249 -3.06408 0
      vertex 5.73249 -3.06408 1
    endloop
  endfacet
  facet normal 0.857727 -0.514106 0
    outer loop
      vertex 5.73249 -3.06408 0
      vertex 5.40455 -3.61121 1
      vertex 5.40455 -3.61121 0
    endloop
  endfacet
  facet normal 0.941546 -0.336884 0
    outer loop
      vertex 6.00522 -2.48744 1
      vertex 6.22011 -1.88685 0
      vertex 6.22011 -1.88685 1
    endloop
  endfacet
  facet normal 0.941546 -0.336884 0
    outer loop
      vertex 6.22011 -1.88685 0
      vertex 6.00522 -2.48744 1
      vertex 6.00522 -2.48744 0
    endloop
  endfacet
  facet normal 0.989176 -0.146735 0
    outer loop
      vertex 6.3751 -1.26809 1
      vertex 6.4687 -0.637111 0
      vertex 6.4687 -0.637111 1
    endloop
  endfacet
  facet normal 0.989176 -0.146735 0
    outer loop
      vertex 6.4687 -0.637111 0
      vertex 6.3751 -1.26809 1
      vertex 6.3751 -1.26809 0
    endloop
  endfacet
  facet normal 0.970032 -0.242978 0
    outer loop
      vertex 6.22011 -1.88685 1
      vertex 6.3751 -1.26809 0
      vertex 6.3751 -1.26809 1
    endloop
  endfacet
  facet normal 0.970032 -0.242978 0
    outer loop
      vertex 6.3751 -1.26809 0
      vertex 6.22011 -1.88685 1
      vertex 6.22011 -1.88685 0
    endloop
  endfacet
  facet normal 0.998795 -0.0490688 0
    outer loop
      vertex 6.4687 -0.637111 1
      vertex 6.5 0 0
      vertex 6.5 0 1
    endloop
  endfacet
  facet normal 0.998795 -0.0490688 0
    outer loop
      vertex 6.5 0 0
      vertex 6.4687 -0.637111 1
      vertex 6.4687 -0.637111 0
    endloop
  endfacet
  facet normal -0.595695 -0.803211 0
    outer loop
      vertex -4.12356 -5.02457 0
      vertex -3.61121 -5.40455 1
      vertex -4.12356 -5.02457 1
    endloop
  endfacet
  facet normal -0.595695 -0.803211 -0
    outer loop
      vertex -3.61121 -5.40455 1
      vertex -4.12356 -5.02457 0
      vertex -3.61121 -5.40455 0
    endloop
  endfacet
  facet normal -0.427555 -0.90399 0
    outer loop
      vertex -3.06408 -5.73249 0
      vertex -2.48744 -6.00522 1
      vertex -3.06408 -5.73249 1
    endloop
  endfacet
  facet normal -0.427555 -0.90399 -0
    outer loop
      vertex -2.48744 -6.00522 1
      vertex -3.06408 -5.73249 0
      vertex -2.48744 -6.00522 0
    endloop
  endfacet
  facet normal -0.242978 -0.970032 0
    outer loop
      vertex -1.88685 -6.22011 0
      vertex -1.26809 -6.3751 1
      vertex -1.88685 -6.22011 1
    endloop
  endfacet
  facet normal -0.242978 -0.970032 -0
    outer loop
      vertex -1.26809 -6.3751 1
      vertex -1.88685 -6.22011 0
      vertex -1.26809 -6.3751 0
    endloop
  endfacet
  facet normal -0.0490688 -0.998795 0
    outer loop
      vertex -0.637111 -6.4687 0
      vertex 0 -6.5 1
      vertex -0.637111 -6.4687 1
    endloop
  endfacet
  facet normal -0.0490688 -0.998795 -0
    outer loop
      vertex 0 -6.5 1
      vertex -0.637111 -6.4687 0
      vertex 0 -6.5 0
    endloop
  endfacet
  facet normal -0.857727 -0.514106 0
    outer loop
      vertex -5.40455 -3.61121 0
      vertex -5.73249 -3.06408 1
      vertex -5.73249 -3.06408 0
    endloop
  endfacet
  facet normal -0.857727 -0.514106 0
    outer loop
      vertex -5.73249 -3.06408 1
      vertex -5.40455 -3.61121 0
      vertex -5.40455 -3.61121 1
    endloop
  endfacet
  facet normal -0.740941 -0.67157 0
    outer loop
      vertex -4.59619 -4.59619 0
      vertex -5.02457 -4.12356 1
      vertex -5.02457 -4.12356 0
    endloop
  endfacet
  facet normal -0.740941 -0.67157 0
    outer loop
      vertex -5.02457 -4.12356 1
      vertex -4.59619 -4.59619 0
      vertex -4.59619 -4.59619 1
    endloop
  endfacet
  facet normal -0.941546 -0.336884 0
    outer loop
      vertex -6.00522 -2.48744 0
      vertex -6.22011 -1.88685 1
      vertex -6.22011 -1.88685 0
    endloop
  endfacet
  facet normal -0.941546 -0.336884 0
    outer loop
      vertex -6.22011 -1.88685 1
      vertex -6.00522 -2.48744 0
      vertex -6.00522 -2.48744 1
    endloop
  endfacet
  facet normal -0.989176 -0.146735 0
    outer loop
      vertex -6.3751 -1.26809 0
      vertex -6.4687 -0.637111 1
      vertex -6.4687 -0.637111 0
    endloop
  endfacet
  facet normal -0.989176 -0.146735 0
    outer loop
      vertex -6.4687 -0.637111 1
      vertex -6.3751 -1.26809 0
      vertex -6.3751 -1.26809 1
    endloop
  endfacet
  facet normal 0.740941 -0.67157 0
    outer loop
      vertex 4.59619 -4.59619 1
      vertex 5.02457 -4.12356 0
      vertex 5.02457 -4.12356 1
    endloop
  endfacet
  facet normal 0.740941 -0.67157 0
    outer loop
      vertex 5.02457 -4.12356 0
      vertex 4.59619 -4.59619 1
      vertex 4.59619 -4.59619 0
    endloop
  endfacet
  facet normal 0.998796 0.0490615 0
    outer loop
      vertex 4.775 0 3
      vertex 4.75201 0.468031 1
      vertex 4.75201 0.468031 3
    endloop
  endfacet
  facet normal 0.998796 0.0490615 0
    outer loop
      vertex 4.75201 0.468031 1
      vertex 4.775 0 3
      vertex 4.775 0 1
    endloop
  endfacet
  facet normal -0.998796 0.0490615 0
    outer loop
      vertex -4.775 0 1
      vertex -4.75201 0.468031 3
      vertex -4.75201 0.468031 1
    endloop
  endfacet
  facet normal -0.998796 0.0490615 0
    outer loop
      vertex -4.75201 0.468031 3
      vertex -4.775 0 1
      vertex -4.775 0 3
    endloop
  endfacet
  facet normal -0.0490615 -0.998796 0
    outer loop
      vertex -0.468031 -4.75201 1
      vertex 0 -4.775 3
      vertex -0.468031 -4.75201 3
    endloop
  endfacet
  facet normal -0.0490615 -0.998796 -0
    outer loop
      vertex 0 -4.775 3
      vertex -0.468031 -4.75201 1
      vertex 0 -4.775 1
    endloop
  endfacet
  facet normal -0.740944 -0.671566 0
    outer loop
      vertex -3.37643 -3.37643 1
      vertex -3.69112 -3.02923 3
      vertex -3.69112 -3.02923 1
    endloop
  endfacet
  facet normal -0.740944 -0.671566 0
    outer loop
      vertex -3.69112 -3.02923 3
      vertex -3.37643 -3.37643 1
      vertex -3.37643 -3.37643 3
    endloop
  endfacet
  facet normal 0.740944 0.671566 0
    outer loop
      vertex 3.69112 3.02923 3
      vertex 3.37643 3.37643 1
      vertex 3.37643 3.37643 3
    endloop
  endfacet
  facet normal 0.740944 0.671566 0
    outer loop
      vertex 3.37643 3.37643 1
      vertex 3.69112 3.02923 3
      vertex 3.69112 3.02923 1
    endloop
  endfacet
  facet normal -0.671566 0.740944 0
    outer loop
      vertex -3.02923 3.69112 1
      vertex -3.37643 3.37643 3
      vertex -3.02923 3.69112 3
    endloop
  endfacet
  facet normal -0.671566 0.740944 0
    outer loop
      vertex -3.37643 3.37643 3
      vertex -3.02923 3.69112 1
      vertex -3.37643 3.37643 1
    endloop
  endfacet
  facet normal -0.336901 0.94154 0
    outer loop
      vertex -1.38611 4.56939 1
      vertex -1.82731 4.41152 3
      vertex -1.38611 4.56939 3
    endloop
  endfacet
  facet normal -0.336901 0.94154 0
    outer loop
      vertex -1.82731 4.41152 3
      vertex -1.38611 4.56939 1
      vertex -1.82731 4.41152 1
    endloop
  endfacet
  facet normal -0.94154 -0.336901 0
    outer loop
      vertex -4.41152 -1.82731 1
      vertex -4.56939 -1.38611 3
      vertex -4.56939 -1.38611 1
    endloop
  endfacet
  facet normal -0.94154 -0.336901 0
    outer loop
      vertex -4.56939 -1.38611 3
      vertex -4.41152 -1.82731 1
      vertex -4.41152 -1.82731 3
    endloop
  endfacet
  facet normal 0.903991 0.427551 0
    outer loop
      vertex 4.41152 1.82731 3
      vertex 4.21117 2.25092 1
      vertex 4.21117 2.25092 3
    endloop
  endfacet
  facet normal 0.903991 0.427551 0
    outer loop
      vertex 4.21117 2.25092 1
      vertex 4.41152 1.82731 3
      vertex 4.41152 1.82731 1
    endloop
  endfacet
  facet normal 0.857736 0.514091 0
    outer loop
      vertex 4.21117 2.25092 3
      vertex 3.97027 2.65285 1
      vertex 3.97027 2.65285 3
    endloop
  endfacet
  facet normal 0.857736 0.514091 0
    outer loop
      vertex 3.97027 2.65285 1
      vertex 4.21117 2.25092 3
      vertex 4.21117 2.25092 1
    endloop
  endfacet
  facet normal 0.427551 0.903991 -0
    outer loop
      vertex 2.25092 4.21117 1
      vertex 1.82731 4.41152 3
      vertex 2.25092 4.21117 3
    endloop
  endfacet
  facet normal 0.427551 0.903991 0
    outer loop
      vertex 1.82731 4.41152 3
      vertex 2.25092 4.21117 1
      vertex 1.82731 4.41152 1
    endloop
  endfacet
  facet normal 0.59571 0.8032 -0
    outer loop
      vertex 3.02923 3.69112 1
      vertex 2.65285 3.97027 3
      vertex 3.02923 3.69112 3
    endloop
  endfacet
  facet normal 0.59571 0.8032 0
    outer loop
      vertex 2.65285 3.97027 3
      vertex 3.02923 3.69112 1
      vertex 2.65285 3.97027 1
    endloop
  endfacet
  facet normal -0.903991 0.427551 0
    outer loop
      vertex -4.41152 1.82731 1
      vertex -4.21117 2.25092 3
      vertex -4.21117 2.25092 1
    endloop
  endfacet
  facet normal -0.903991 0.427551 0
    outer loop
      vertex -4.21117 2.25092 3
      vertex -4.41152 1.82731 1
      vertex -4.41152 1.82731 3
    endloop
  endfacet
  facet normal -0.146724 0.989178 0
    outer loop
      vertex -0.75 4.71018 1
      vertex -0.931556 4.68325 3
      vertex -0.75 4.71018 3
    endloop
  endfacet
  facet normal -0.146724 0.989178 0
    outer loop
      vertex -0.931556 4.68325 3
      vertex -0.75 4.71018 1
      vertex -0.931556 4.68325 1
    endloop
  endfacet
  facet normal 0.970031 -0.24298 0
    outer loop
      vertex 4.56939 -1.38611 3
      vertex 4.68325 -0.931556 1
      vertex 4.68325 -0.931556 3
    endloop
  endfacet
  facet normal 0.970031 -0.24298 0
    outer loop
      vertex 4.68325 -0.931556 1
      vertex 4.56939 -1.38611 3
      vertex 4.56939 -1.38611 1
    endloop
  endfacet
  facet normal 0.970031 0.24298 0
    outer loop
      vertex 4.68325 0.931556 3
      vertex 4.56939 1.38611 1
      vertex 4.56939 1.38611 3
    endloop
  endfacet
  facet normal 0.970031 0.24298 0
    outer loop
      vertex 4.56939 1.38611 1
      vertex 4.68325 0.931556 3
      vertex 4.68325 0.931556 1
    endloop
  endfacet
  facet normal 0.989176 0.146736 0
    outer loop
      vertex 4.75201 0.468031 3
      vertex 4.68325 0.931556 1
      vertex 4.68325 0.931556 3
    endloop
  endfacet
  facet normal 0.989176 0.146736 0
    outer loop
      vertex 4.68325 0.931556 1
      vertex 4.75201 0.468031 3
      vertex 4.75201 0.468031 1
    endloop
  endfacet
  facet normal 0.94154 0.336901 0
    outer loop
      vertex 4.56939 1.38611 3
      vertex 4.41152 1.82731 1
      vertex 4.41152 1.82731 3
    endloop
  endfacet
  facet normal 0.94154 0.336901 0
    outer loop
      vertex 4.41152 1.82731 1
      vertex 4.56939 1.38611 3
      vertex 4.56939 1.38611 1
    endloop
  endfacet
  facet normal 0.8032 0.59571 0
    outer loop
      vertex 3.97027 2.65285 3
      vertex 3.69112 3.02923 1
      vertex 3.69112 3.02923 3
    endloop
  endfacet
  facet normal 0.8032 0.59571 0
    outer loop
      vertex 3.69112 3.02923 1
      vertex 3.97027 2.65285 3
      vertex 3.97027 2.65285 1
    endloop
  endfacet
  facet normal 0.24298 0.970031 -0
    outer loop
      vertex 1.38611 4.56939 1
      vertex 0.931556 4.68325 3
      vertex 1.38611 4.56939 3
    endloop
  endfacet
  facet normal 0.24298 0.970031 0
    outer loop
      vertex 0.931556 4.68325 3
      vertex 1.38611 4.56939 1
      vertex 0.931556 4.68325 1
    endloop
  endfacet
  facet normal 0.336901 0.94154 -0
    outer loop
      vertex 1.82731 4.41152 1
      vertex 1.38611 4.56939 3
      vertex 1.82731 4.41152 3
    endloop
  endfacet
  facet normal 0.336901 0.94154 0
    outer loop
      vertex 1.38611 4.56939 3
      vertex 1.82731 4.41152 1
      vertex 1.38611 4.56939 1
    endloop
  endfacet
  facet normal 0.146724 0.989178 -0
    outer loop
      vertex 0.931556 4.68325 1
      vertex 0.75 4.71018 3
      vertex 0.931556 4.68325 3
    endloop
  endfacet
  facet normal 0.146724 0.989178 0
    outer loop
      vertex 0.75 4.71018 3
      vertex 0.931556 4.68325 1
      vertex 0.75 4.71018 1
    endloop
  endfacet
  facet normal 0.514091 0.857736 -0
    outer loop
      vertex 2.65285 3.97027 1
      vertex 2.25092 4.21117 3
      vertex 2.65285 3.97027 3
    endloop
  endfacet
  facet normal 0.514091 0.857736 0
    outer loop
      vertex 2.25092 4.21117 3
      vertex 2.65285 3.97027 1
      vertex 2.25092 4.21117 1
    endloop
  endfacet
  facet normal 0.671566 0.740944 -0
    outer loop
      vertex 3.37643 3.37643 1
      vertex 3.02923 3.69112 3
      vertex 3.37643 3.37643 3
    endloop
  endfacet
  facet normal 0.671566 0.740944 0
    outer loop
      vertex 3.02923 3.69112 3
      vertex 3.37643 3.37643 1
      vertex 3.02923 3.69112 1
    endloop
  endfacet
  facet normal -0.970031 0.24298 0
    outer loop
      vertex -4.68325 0.931556 1
      vertex -4.56939 1.38611 3
      vertex -4.56939 1.38611 1
    endloop
  endfacet
  facet normal -0.970031 0.24298 0
    outer loop
      vertex -4.56939 1.38611 3
      vertex -4.68325 0.931556 1
      vertex -4.68325 0.931556 3
    endloop
  endfacet
  facet normal -0.8032 0.59571 0
    outer loop
      vertex -3.97027 2.65285 1
      vertex -3.69112 3.02923 3
      vertex -3.69112 3.02923 1
    endloop
  endfacet
  facet normal -0.8032 0.59571 0
    outer loop
      vertex -3.69112 3.02923 3
      vertex -3.97027 2.65285 1
      vertex -3.97027 2.65285 3
    endloop
  endfacet
  facet normal -0.740944 0.671566 0
    outer loop
      vertex -3.69112 3.02923 1
      vertex -3.37643 3.37643 3
      vertex -3.37643 3.37643 1
    endloop
  endfacet
  facet normal -0.740944 0.671566 0
    outer loop
      vertex -3.37643 3.37643 3
      vertex -3.69112 3.02923 1
      vertex -3.69112 3.02923 3
    endloop
  endfacet
  facet normal -0.857736 0.514091 0
    outer loop
      vertex -4.21117 2.25092 1
      vertex -3.97027 2.65285 3
      vertex -3.97027 2.65285 1
    endloop
  endfacet
  facet normal -0.857736 0.514091 0
    outer loop
      vertex -3.97027 2.65285 3
      vertex -4.21117 2.25092 1
      vertex -4.21117 2.25092 3
    endloop
  endfacet
  facet normal -0.94154 0.336901 0
    outer loop
      vertex -4.56939 1.38611 1
      vertex -4.41152 1.82731 3
      vertex -4.41152 1.82731 1
    endloop
  endfacet
  facet normal -0.94154 0.336901 0
    outer loop
      vertex -4.41152 1.82731 3
      vertex -4.56939 1.38611 1
      vertex -4.56939 1.38611 3
    endloop
  endfacet
  facet normal -0.989176 0.146736 0
    outer loop
      vertex -4.75201 0.468031 1
      vertex -4.68325 0.931556 3
      vertex -4.68325 0.931556 1
    endloop
  endfacet
  facet normal -0.989176 0.146736 0
    outer loop
      vertex -4.68325 0.931556 3
      vertex -4.75201 0.468031 1
      vertex -4.75201 0.468031 3
    endloop
  endfacet
  facet normal -0 0 1
    outer loop
      vertex -1.26809 6.3751 4
      vertex -0.75 2.5922 4
      vertex -0.75 6.45195 4
    endloop
  endfacet
  facet normal -0 0 1
    outer loop
      vertex -1.88685 6.22011 4
      vertex -0.75 2.5922 4
      vertex -1.26809 6.3751 4
    endloop
  endfacet
  facet normal 0 0 1
    outer loop
      vertex -0.75 2.5922 4
      vertex -1.88685 6.22011 4
      vertex -0.783768 2.58374 4
    endloop
  endfacet
  facet normal 0 0 1
    outer loop
      vertex -0.783768 2.58374 4
      vertex -1.88685 6.22011 4
      vertex -1.03325 2.49447 4
    endloop
  endfacet
  facet normal -0 0 1
    outer loop
      vertex -2.48744 6.00522 4
      vertex -1.03325 2.49447 4
      vertex -1.88685 6.22011 4
    endloop
  endfacet
  facet normal 0 0 1
    outer loop
      vertex -1.03325 2.49447 4
      vertex -2.48744 6.00522 4
      vertex -1.27277 2.38119 4
    endloop
  endfacet
  facet normal -0 0 1
    outer loop
      vertex -3.06408 5.73249 4
      vertex -1.27277 2.38119 4
      vertex -2.48744 6.00522 4
    endloop
  endfacet
  facet normal 0 0 1
    outer loop
      vertex -1.27277 2.38119 4
      vertex -3.06408 5.73249 4
      vertex -1.50004 2.24497 4
    endloop
  endfacet
  facet normal -0 0 1
    outer loop
      vertex -3.61121 5.40455 4
      vertex -1.50004 2.24497 4
      vertex -3.06408 5.73249 4
    endloop
  endfacet
  facet normal 0 0 1
    outer loop
      vertex -1.50004 2.24497 4
      vertex -3.61121 5.40455 4
      vertex -1.71286 2.08713 4
    endloop
  endfacet
  facet normal -0 0 1
    outer loop
      vertex -4.12356 5.02457 4
      vertex -1.71286 2.08713 4
      vertex -3.61121 5.40455 4
    endloop
  endfacet
  facet normal 0 0 1
    outer loop
      vertex -1.71286 2.08713 4
      vertex -4.12356 5.02457 4
      vertex -1.90919 1.90919 4
    endloop
  endfacet
  facet normal -0 0 1
    outer loop
      vertex -4.59619 4.59619 4
      vertex -1.90919 1.90919 4
      vertex -4.12356 5.02457 4
    endloop
  endfacet
  facet normal 0 0 1
    outer loop
      vertex -1.90919 1.90919 4
      vertex -4.59619 4.59619 4
      vertex -2.08713 1.71286 4
    endloop
  endfacet
  facet normal -0 0 1
    outer loop
      vertex -5.02457 4.12356 4
      vertex -2.08713 1.71286 4
      vertex -4.59619 4.59619 4
    endloop
  endfacet
  facet normal 0 0 1
    outer loop
      vertex -2.08713 1.71286 4
      vertex -5.02457 4.12356 4
      vertex -2.24497 1.50004 4
    endloop
  endfacet
  facet normal -0 0 1
    outer loop
      vertex -5.40455 3.61121 4
      vertex -2.24497 1.50004 4
      vertex -5.02457 4.12356 4
    endloop
  endfacet
  facet normal 0 0 1
    outer loop
      vertex -2.24497 1.50004 4
      vertex -5.40455 3.61121 4
      vertex -2.38119 1.27277 4
    endloop
  endfacet
  facet normal 0 0 1
    outer loop
      vertex 2.7 0 4
      vertex 6.5 0 4
      vertex 6.4687 0.637111 4
    endloop
  endfacet
  facet normal 0 0 1
    outer loop
      vertex 2.687 0.264646 4
      vertex 6.4687 0.637111 4
      vertex 6.3751 1.26809 4
    endloop
  endfacet
  facet normal 0 0 1
    outer loop
      vertex 6.5 0 4
      vertex 2.7 0 4
      vertex 6.4687 -0.637111 4
    endloop
  endfacet
  facet normal 0 0 1
    outer loop
      vertex 2.64812 0.526743 4
      vertex 6.3751 1.26809 4
      vertex 6.22011 1.88685 4
    endloop
  endfacet
  facet normal -0 0 1
    outer loop
      vertex 2.687 -0.264646 4
      vertex 6.4687 -0.637111 4
      vertex 2.7 0 4
    endloop
  endfacet
  facet normal 0 0 1
    outer loop
      vertex 2.58374 0.783768 4
      vertex 6.22011 1.88685 4
      vertex 6.00522 2.48744 4
    endloop
  endfacet
  facet normal 0 0 1
    outer loop
      vertex 6.4687 -0.637111 4
      vertex 2.687 -0.264646 4
      vertex 6.3751 -1.26809 4
    endloop
  endfacet
  facet normal 0 0 1
    outer loop
      vertex 2.49447 1.03325 4
      vertex 6.00522 2.48744 4
      vertex 5.73249 3.06408 4
    endloop
  endfacet
  facet normal -0 0 1
    outer loop
      vertex 2.64812 -0.526743 4
      vertex 6.3751 -1.26809 4
      vertex 2.687 -0.264646 4
    endloop
  endfacet
  facet normal 0 0 1
    outer loop
      vertex 2.38119 1.27277 4
      vertex 5.73249 3.06408 4
      vertex 5.40455 3.61121 4
    endloop
  endfacet
  facet normal 0 0 1
    outer loop
      vertex 6.3751 -1.26809 4
      vertex 2.64812 -0.526743 4
      vertex 6.22011 -1.88685 4
    endloop
  endfacet
  facet normal 0 0 1
    outer loop
      vertex 2.24497 1.50004 4
      vertex 5.40455 3.61121 4
      vertex 5.02457 4.12356 4
    endloop
  endfacet
  facet normal -0 0 1
    outer loop
      vertex 2.58374 -0.783768 4
      vertex 6.22011 -1.88685 4
      vertex 2.64812 -0.526743 4
    endloop
  endfacet
  facet normal 0 0 1
    outer loop
      vertex 2.08713 1.71286 4
      vertex 5.02457 4.12356 4
      vertex 4.59619 4.59619 4
    endloop
  endfacet
  facet normal 0 0 1
    outer loop
      vertex 6.22011 -1.88685 4
      vertex 2.58374 -0.783768 4
      vertex 6.00522 -2.48744 4
    endloop
  endfacet
  facet normal 0 0 1
    outer loop
      vertex 1.90919 1.90919 4
      vertex 4.59619 4.59619 4
      vertex 4.12356 5.02457 4
    endloop
  endfacet
  facet normal -0 0 1
    outer loop
      vertex 2.49447 -1.03325 4
      vertex 6.00522 -2.48744 4
      vertex 2.58374 -0.783768 4
    endloop
  endfacet
  facet normal 0 0 1
    outer loop
      vertex 1.71286 2.08713 4
      vertex 4.12356 5.02457 4
      vertex 3.61121 5.40455 4
    endloop
  endfacet
  facet normal 0 0 1
    outer loop
      vertex 6.00522 -2.48744 4
      vertex 2.49447 -1.03325 4
      vertex 5.73249 -3.06408 4
    endloop
  endfacet
  facet normal 0 0 1
    outer loop
      vertex 1.50004 2.24497 4
      vertex 3.61121 5.40455 4
      vertex 3.06408 5.73249 4
    endloop
  endfacet
  facet normal -0 0 1
    outer loop
      vertex 2.38119 -1.27277 4
      vertex 5.73249 -3.06408 4
      vertex 2.49447 -1.03325 4
    endloop
  endfacet
  facet normal 0 0 1
    outer loop
      vertex 5.73249 -3.06408 4
      vertex 2.38119 -1.27277 4
      vertex 5.40455 -3.61121 4
    endloop
  endfacet
  facet normal 0 0 1
    outer loop
      vertex 6.4687 0.637111 4
      vertex 2.687 0.264646 4
      vertex 2.7 0 4
    endloop
  endfacet
  facet normal 0 0 1
    outer loop
      vertex 6.3751 1.26809 4
      vertex 2.64812 0.526743 4
      vertex 2.687 0.264646 4
    endloop
  endfacet
  facet normal 0 0 1
    outer loop
      vertex 6.22011 1.88685 4
      vertex 2.58374 0.783768 4
      vertex 2.64812 0.526743 4
    endloop
  endfacet
  facet normal 0 0 1
    outer loop
      vertex 6.00522 2.48744 4
      vertex 2.49447 1.03325 4
      vertex 2.58374 0.783768 4
    endloop
  endfacet
  facet normal 0 0 1
    outer loop
      vertex 1.27277 2.38119 4
      vertex 3.06408 5.73249 4
      vertex 2.48744 6.00522 4
    endloop
  endfacet
  facet normal 0 0 1
    outer loop
      vertex 5.73249 3.06408 4
      vertex 2.38119 1.27277 4
      vertex 2.49447 1.03325 4
    endloop
  endfacet
  facet normal 0 0 1
    outer loop
      vertex 5.40455 3.61121 4
      vertex 2.24497 1.50004 4
      vertex 2.38119 1.27277 4
    endloop
  endfacet
  facet normal 0 0 1
    outer loop
      vertex 5.02457 4.12356 4
      vertex 2.08713 1.71286 4
      vertex 2.24497 1.50004 4
    endloop
  endfacet
  facet normal 0 0 1
    outer loop
      vertex 4.59619 4.59619 4
      vertex 1.90919 1.90919 4
      vertex 2.08713 1.71286 4
    endloop
  endfacet
  facet normal 0 0 1
    outer loop
      vertex 1.03325 2.49447 4
      vertex 2.48744 6.00522 4
      vertex 1.88685 6.22011 4
    endloop
  endfacet
  facet normal 0 0 1
    outer loop
      vertex 4.12356 5.02457 4
      vertex 1.71286 2.08713 4
      vertex 1.90919 1.90919 4
    endloop
  endfacet
  facet normal 0 0 1
    outer loop
      vertex 3.61121 5.40455 4
      vertex 1.50004 2.24497 4
      vertex 1.71286 2.08713 4
    endloop
  endfacet
  facet normal 0 0 1
    outer loop
      vertex 3.06408 5.73249 4
      vertex 1.27277 2.38119 4
      vertex 1.50004 2.24497 4
    endloop
  endfacet
  facet normal 0 0 1
    outer loop
      vertex 0.75 2.5922 4
      vertex 1.88685 6.22011 4
      vertex 1.26809 6.3751 4
    endloop
  endfacet
  facet normal 0 0 1
    outer loop
      vertex 2.48744 6.00522 4
      vertex 1.03325 2.49447 4
      vertex 1.27277 2.38119 4
    endloop
  endfacet
  facet normal 0 0 1
    outer loop
      vertex 1.88685 6.22011 4
      vertex 0.783768 2.58374 4
      vertex 1.03325 2.49447 4
    endloop
  endfacet
  facet normal 0 0 1
    outer loop
      vertex 0.75 2.5922 4
      vertex 1.26809 6.3751 4
      vertex 0.75 6.45195 4
    endloop
  endfacet
  facet normal 0 0 1
    outer loop
      vertex 1.88685 6.22011 4
      vertex 0.75 2.5922 4
      vertex 0.783768 2.58374 4
    endloop
  endfacet
  facet normal -0 0 1
    outer loop
      vertex 2.24497 -1.50004 4
      vertex 5.40455 -3.61121 4
      vertex 2.38119 -1.27277 4
    endloop
  endfacet
  facet normal 0 0 1
    outer loop
      vertex 5.40455 -3.61121 4
      vertex 2.24497 -1.50004 4
      vertex 5.02457 -4.12356 4
    endloop
  endfacet
  facet normal -0 0 1
    outer loop
      vertex 2.08713 -1.71286 4
      vertex 5.02457 -4.12356 4
      vertex 2.24497 -1.50004 4
    endloop
  endfacet
  facet normal 0 0 1
    outer loop
      vertex 5.02457 -4.12356 4
      vertex 2.08713 -1.71286 4
      vertex 4.59619 -4.59619 4
    endloop
  endfacet
  facet normal -0 0 1
    outer loop
      vertex 1.90919 -1.90919 4
      vertex 4.59619 -4.59619 4
      vertex 2.08713 -1.71286 4
    endloop
  endfacet
  facet normal 0 0 1
    outer loop
      vertex 4.59619 -4.59619 4
      vertex 1.90919 -1.90919 4
      vertex 4.12356 -5.02457 4
    endloop
  endfacet
  facet normal -0 0 1
    outer loop
      vertex 1.71286 -2.08713 4
      vertex 4.12356 -5.02457 4
      vertex 1.90919 -1.90919 4
    endloop
  endfacet
  facet normal 0 0 1
    outer loop
      vertex 4.12356 -5.02457 4
      vertex 1.71286 -2.08713 4
      vertex 3.61121 -5.40455 4
    endloop
  endfacet
  facet normal -0 0 1
    outer loop
      vertex 1.50004 -2.24497 4
      vertex 3.61121 -5.40455 4
      vertex 1.71286 -2.08713 4
    endloop
  endfacet
  facet normal 0 0 1
    outer loop
      vertex 3.61121 -5.40455 4
      vertex 1.50004 -2.24497 4
      vertex 3.06408 -5.73249 4
    endloop
  endfacet
  facet normal -0 0 1
    outer loop
      vertex 1.27277 -2.38119 4
      vertex 3.06408 -5.73249 4
      vertex 1.50004 -2.24497 4
    endloop
  endfacet
  facet normal 0 0 1
    outer loop
      vertex 3.06408 -5.73249 4
      vertex 1.27277 -2.38119 4
      vertex 2.48744 -6.00522 4
    endloop
  endfacet
  facet normal -0 0 1
    outer loop
      vertex 1.03325 -2.49447 4
      vertex 2.48744 -6.00522 4
      vertex 1.27277 -2.38119 4
    endloop
  endfacet
  facet normal 0 0 1
    outer loop
      vertex 2.48744 -6.00522 4
      vertex 1.03325 -2.49447 4
      vertex 1.88685 -6.22011 4
    endloop
  endfacet
  facet normal -0 0 1
    outer loop
      vertex 0.783768 -2.58374 4
      vertex 1.88685 -6.22011 4
      vertex 1.03325 -2.49447 4
    endloop
  endfacet
  facet normal 0 0 1
    outer loop
      vertex 1.88685 -6.22011 4
      vertex 0.783768 -2.58374 4
      vertex 1.26809 -6.3751 4
    endloop
  endfacet
  facet normal -0 0 1
    outer loop
      vertex 0.526743 -2.64812 4
      vertex 1.26809 -6.3751 4
      vertex 0.783768 -2.58374 4
    endloop
  endfacet
  facet normal 0 0 1
    outer loop
      vertex 1.26809 -6.3751 4
      vertex 0.526743 -2.64812 4
      vertex 0.637111 -6.4687 4
    endloop
  endfacet
  facet normal -0 0 1
    outer loop
      vertex 0.264646 -2.687 4
      vertex 0.637111 -6.4687 4
      vertex 0.526743 -2.64812 4
    endloop
  endfacet
  facet normal -0 0 1
    outer loop
      vertex 0 -2.7 4
      vertex 0.637111 -6.4687 4
      vertex 0.264646 -2.687 4
    endloop
  endfacet
  facet normal 0 0 1
    outer loop
      vertex 0 -2.7 4
      vertex 0 -6.5 4
      vertex 0.637111 -6.4687 4
    endloop
  endfacet
  facet normal 0 0 1
    outer loop
      vertex -0.264646 -2.687 4
      vertex 0 -6.5 4
      vertex 0 -2.7 4
    endloop
  endfacet
  facet normal 0 0 1
    outer loop
      vertex -0.637111 -6.4687 4
      vertex -0.264646 -2.687 4
      vertex -0.526743 -2.64812 4
    endloop
  endfacet
  facet normal 0 0 1
    outer loop
      vertex -0.264646 -2.687 4
      vertex -0.637111 -6.4687 4
      vertex 0 -6.5 4
    endloop
  endfacet
  facet normal 0 0 1
    outer loop
      vertex -1.26809 -6.3751 4
      vertex -0.526743 -2.64812 4
      vertex -0.783768 -2.58374 4
    endloop
  endfacet
  facet normal 0 0 1
    outer loop
      vertex -1.88685 -6.22011 4
      vertex -0.783768 -2.58374 4
      vertex -1.03325 -2.49447 4
    endloop
  endfacet
  facet normal 0 0 1
    outer loop
      vertex -0.526743 -2.64812 4
      vertex -1.26809 -6.3751 4
      vertex -0.637111 -6.4687 4
    endloop
  endfacet
  facet normal 0 0 1
    outer loop
      vertex -2.48744 -6.00522 4
      vertex -1.03325 -2.49447 4
      vertex -1.27277 -2.38119 4
    endloop
  endfacet
  facet normal 0 0 1
    outer loop
      vertex -3.06408 -5.73249 4
      vertex -1.27277 -2.38119 4
      vertex -1.50004 -2.24497 4
    endloop
  endfacet
  facet normal 0 0 1
    outer loop
      vertex -3.61121 -5.40455 4
      vertex -1.50004 -2.24497 4
      vertex -1.71286 -2.08713 4
    endloop
  endfacet
  facet normal 0 0 1
    outer loop
      vertex -0.783768 -2.58374 4
      vertex -1.88685 -6.22011 4
      vertex -1.26809 -6.3751 4
    endloop
  endfacet
  facet normal 0 0 1
    outer loop
      vertex -4.12356 -5.02457 4
      vertex -1.71286 -2.08713 4
      vertex -1.90919 -1.90919 4
    endloop
  endfacet
  facet normal 0 0 1
    outer loop
      vertex -4.59619 -4.59619 4
      vertex -1.90919 -1.90919 4
      vertex -2.08713 -1.71286 4
    endloop
  endfacet
  facet normal 0 0 1
    outer loop
      vertex -5.02457 -4.12356 4
      vertex -2.08713 -1.71286 4
      vertex -2.24497 -1.50004 4
    endloop
  endfacet
  facet normal 0 0 1
    outer loop
      vertex -5.40455 -3.61121 4
      vertex -2.24497 -1.50004 4
      vertex -2.38119 -1.27277 4
    endloop
  endfacet
  facet normal 0 0 1
    outer loop
      vertex -1.03325 -2.49447 4
      vertex -2.48744 -6.00522 4
      vertex -1.88685 -6.22011 4
    endloop
  endfacet
  facet normal 0 0 1
    outer loop
      vertex -5.73249 -3.06408 4
      vertex -2.38119 -1.27277 4
      vertex -2.49447 -1.03325 4
    endloop
  endfacet
  facet normal 0 0 1
    outer loop
      vertex -6.00522 -2.48744 4
      vertex -2.49447 -1.03325 4
      vertex -2.58374 -0.783768 4
    endloop
  endfacet
  facet normal 0 0 1
    outer loop
      vertex -6.22011 -1.88685 4
      vertex -2.58374 -0.783768 4
      vertex -2.64812 -0.526743 4
    endloop
  endfacet
  facet normal 0 0 1
    outer loop
      vertex -6.3751 -1.26809 4
      vertex -2.64812 -0.526743 4
      vertex -2.687 -0.264646 4
    endloop
  endfacet
  facet normal 0 0 1
    outer loop
      vertex -6.4687 -0.637111 4
      vertex -2.687 -0.264646 4
      vertex -2.7 0 4
    endloop
  endfacet
  facet normal -0 0 1
    outer loop
      vertex -5.73249 3.06408 4
      vertex -2.38119 1.27277 4
      vertex -5.40455 3.61121 4
    endloop
  endfacet
  facet normal 0 0 1
    outer loop
      vertex -1.27277 -2.38119 4
      vertex -3.06408 -5.73249 4
      vertex -2.48744 -6.00522 4
    endloop
  endfacet
  facet normal 0 0 1
    outer loop
      vertex -2.38119 1.27277 4
      vertex -5.73249 3.06408 4
      vertex -2.49447 1.03325 4
    endloop
  endfacet
  facet normal 0 0 1
    outer loop
      vertex -1.50004 -2.24497 4
      vertex -3.61121 -5.40455 4
      vertex -3.06408 -5.73249 4
    endloop
  endfacet
  facet normal -0 0 1
    outer loop
      vertex -6.00522 2.48744 4
      vertex -2.49447 1.03325 4
      vertex -5.73249 3.06408 4
    endloop
  endfacet
  facet normal 0 0 1
    outer loop
      vertex -1.71286 -2.08713 4
      vertex -4.12356 -5.02457 4
      vertex -3.61121 -5.40455 4
    endloop
  endfacet
  facet normal 0 0 1
    outer loop
      vertex -2.49447 1.03325 4
      vertex -6.00522 2.48744 4
      vertex -2.58374 0.783768 4
    endloop
  endfacet
  facet normal 0 0 1
    outer loop
      vertex -1.90919 -1.90919 4
      vertex -4.59619 -4.59619 4
      vertex -4.12356 -5.02457 4
    endloop
  endfacet
  facet normal -0 0 1
    outer loop
      vertex -6.22011 1.88685 4
      vertex -2.58374 0.783768 4
      vertex -6.00522 2.48744 4
    endloop
  endfacet
  facet normal 0 0 1
    outer loop
      vertex -2.08713 -1.71286 4
      vertex -5.02457 -4.12356 4
      vertex -4.59619 -4.59619 4
    endloop
  endfacet
  facet normal 0 0 1
    outer loop
      vertex -2.58374 0.783768 4
      vertex -6.22011 1.88685 4
      vertex -2.64812 0.526743 4
    endloop
  endfacet
  facet normal 0 0 1
    outer loop
      vertex -2.24497 -1.50004 4
      vertex -5.40455 -3.61121 4
      vertex -5.02457 -4.12356 4
    endloop
  endfacet
  facet normal -0 0 1
    outer loop
      vertex -6.3751 1.26809 4
      vertex -2.64812 0.526743 4
      vertex -6.22011 1.88685 4
    endloop
  endfacet
  facet normal 0 0 1
    outer loop
      vertex -2.38119 -1.27277 4
      vertex -5.73249 -3.06408 4
      vertex -5.40455 -3.61121 4
    endloop
  endfacet
  facet normal 0 0 1
    outer loop
      vertex -2.64812 0.526743 4
      vertex -6.3751 1.26809 4
      vertex -2.687 0.264646 4
    endloop
  endfacet
  facet normal 0 0 1
    outer loop
      vertex -2.49447 -1.03325 4
      vertex -6.00522 -2.48744 4
      vertex -5.73249 -3.06408 4
    endloop
  endfacet
  facet normal -0 0 1
    outer loop
      vertex -6.4687 0.637111 4
      vertex -2.687 0.264646 4
      vertex -6.3751 1.26809 4
    endloop
  endfacet
  facet normal 0 0 1
    outer loop
      vertex -2.58374 -0.783768 4
      vertex -6.22011 -1.88685 4
      vertex -6.00522 -2.48744 4
    endloop
  endfacet
  facet normal 0 0 1
    outer loop
      vertex -2.687 0.264646 4
      vertex -6.4687 0.637111 4
      vertex -2.7 0 4
    endloop
  endfacet
  facet normal 0 0 1
    outer loop
      vertex -2.64812 -0.526743 4
      vertex -6.3751 -1.26809 4
      vertex -6.22011 -1.88685 4
    endloop
  endfacet
  facet normal 0 0 1
    outer loop
      vertex -6.5 0 4
      vertex -2.7 0 4
      vertex -6.4687 0.637111 4
    endloop
  endfacet
  facet normal 0 0 1
    outer loop
      vertex -2.687 -0.264646 4
      vertex -6.4687 -0.637111 4
      vertex -6.3751 -1.26809 4
    endloop
  endfacet
  facet normal 0 0 1
    outer loop
      vertex -2.7 0 4
      vertex -6.5 0 4
      vertex -6.4687 -0.637111 4
    endloop
  endfacet
  facet normal -0.514091 0.857736 0
    outer loop
      vertex -2.25092 4.21117 1
      vertex -2.65285 3.97027 3
      vertex -2.25092 4.21117 3
    endloop
  endfacet
  facet normal -0.514091 0.857736 0
    outer loop
      vertex -2.65285 3.97027 3
      vertex -2.25092 4.21117 1
      vertex -2.65285 3.97027 1
    endloop
  endfacet
  facet normal -0.427551 0.903991 0
    outer loop
      vertex -1.82731 4.41152 1
      vertex -2.25092 4.21117 3
      vertex -1.82731 4.41152 3
    endloop
  endfacet
  facet normal -0.427551 0.903991 0
    outer loop
      vertex -2.25092 4.21117 3
      vertex -1.82731 4.41152 1
      vertex -2.25092 4.21117 1
    endloop
  endfacet
  facet normal -0.59571 0.8032 0
    outer loop
      vertex -2.65285 3.97027 1
      vertex -3.02923 3.69112 3
      vertex -2.65285 3.97027 3
    endloop
  endfacet
  facet normal -0.59571 0.8032 0
    outer loop
      vertex -3.02923 3.69112 3
      vertex -2.65285 3.97027 1
      vertex -3.02923 3.69112 1
    endloop
  endfacet
  facet normal -0.24298 0.970031 0
    outer loop
      vertex -0.931556 4.68325 1
      vertex -1.38611 4.56939 3
      vertex -0.931556 4.68325 3
    endloop
  endfacet
  facet normal -0.24298 0.970031 0
    outer loop
      vertex -1.38611 4.56939 3
      vertex -0.931556 4.68325 1
      vertex -1.38611 4.56939 1
    endloop
  endfacet
  facet normal 0.0490615 -0.998796 0
    outer loop
      vertex 0 -4.775 1
      vertex 0.468031 -4.75201 3
      vertex 0 -4.775 3
    endloop
  endfacet
  facet normal 0.0490615 -0.998796 0
    outer loop
      vertex 0.468031 -4.75201 3
      vertex 0 -4.775 1
      vertex 0.468031 -4.75201 1
    endloop
  endfacet
  facet normal 0.24298 -0.970031 0
    outer loop
      vertex 0.931556 -4.68325 1
      vertex 1.38611 -4.56939 3
      vertex 0.931556 -4.68325 3
    endloop
  endfacet
  facet normal 0.24298 -0.970031 0
    outer loop
      vertex 1.38611 -4.56939 3
      vertex 0.931556 -4.68325 1
      vertex 1.38611 -4.56939 1
    endloop
  endfacet
  facet normal 0.59571 -0.8032 0
    outer loop
      vertex 2.65285 -3.97027 1
      vertex 3.02923 -3.69112 3
      vertex 2.65285 -3.97027 3
    endloop
  endfacet
  facet normal 0.59571 -0.8032 0
    outer loop
      vertex 3.02923 -3.69112 3
      vertex 2.65285 -3.97027 1
      vertex 3.02923 -3.69112 1
    endloop
  endfacet
  facet normal 0.427551 -0.903991 0
    outer loop
      vertex 1.82731 -4.41152 1
      vertex 2.25092 -4.21117 3
      vertex 1.82731 -4.41152 3
    endloop
  endfacet
  facet normal 0.427551 -0.903991 0
    outer loop
      vertex 2.25092 -4.21117 3
      vertex 1.82731 -4.41152 1
      vertex 2.25092 -4.21117 1
    endloop
  endfacet
  facet normal -0.671566 -0.740944 0
    outer loop
      vertex -3.37643 -3.37643 1
      vertex -3.02923 -3.69112 3
      vertex -3.37643 -3.37643 3
    endloop
  endfacet
  facet normal -0.671566 -0.740944 -0
    outer loop
      vertex -3.02923 -3.69112 3
      vertex -3.37643 -3.37643 1
      vertex -3.02923 -3.69112 1
    endloop
  endfacet
  facet normal -0.514091 -0.857736 0
    outer loop
      vertex -2.65285 -3.97027 1
      vertex -2.25092 -4.21117 3
      vertex -2.65285 -3.97027 3
    endloop
  endfacet
  facet normal -0.514091 -0.857736 -0
    outer loop
      vertex -2.25092 -4.21117 3
      vertex -2.65285 -3.97027 1
      vertex -2.25092 -4.21117 1
    endloop
  endfacet
  facet normal -0.336901 -0.94154 0
    outer loop
      vertex -1.82731 -4.41152 1
      vertex -1.38611 -4.56939 3
      vertex -1.82731 -4.41152 3
    endloop
  endfacet
  facet normal -0.336901 -0.94154 -0
    outer loop
      vertex -1.38611 -4.56939 3
      vertex -1.82731 -4.41152 1
      vertex -1.38611 -4.56939 1
    endloop
  endfacet
  facet normal -0.146736 -0.989176 0
    outer loop
      vertex -0.931556 -4.68325 1
      vertex -0.468031 -4.75201 3
      vertex -0.931556 -4.68325 3
    endloop
  endfacet
  facet normal -0.146736 -0.989176 -0
    outer loop
      vertex -0.468031 -4.75201 3
      vertex -0.931556 -4.68325 1
      vertex -0.468031 -4.75201 1
    endloop
  endfacet
  facet normal -0.903991 -0.427551 0
    outer loop
      vertex -4.21117 -2.25092 1
      vertex -4.41152 -1.82731 3
      vertex -4.41152 -1.82731 1
    endloop
  endfacet
  facet normal -0.903991 -0.427551 0
    outer loop
      vertex -4.41152 -1.82731 3
      vertex -4.21117 -2.25092 1
      vertex -4.21117 -2.25092 3
    endloop
  endfacet
  facet normal -0.8032 -0.59571 0
    outer loop
      vertex -3.69112 -3.02923 1
      vertex -3.97027 -2.65285 3
      vertex -3.97027 -2.65285 1
    endloop
  endfacet
  facet normal -0.8032 -0.59571 0
    outer loop
      vertex -3.97027 -2.65285 3
      vertex -3.69112 -3.02923 1
      vertex -3.69112 -3.02923 3
    endloop
  endfacet
  facet normal -0.970031 -0.24298 0
    outer loop
      vertex -4.56939 -1.38611 1
      vertex -4.68325 -0.931556 3
      vertex -4.68325 -0.931556 1
    endloop
  endfacet
  facet normal -0.970031 -0.24298 0
    outer loop
      vertex -4.68325 -0.931556 3
      vertex -4.56939 -1.38611 1
      vertex -4.56939 -1.38611 3
    endloop
  endfacet
  facet normal -0.998796 -0.0490615 0
    outer loop
      vertex -4.75201 -0.468031 1
      vertex -4.775 0 3
      vertex -4.775 0 1
    endloop
  endfacet
  facet normal -0.998796 -0.0490615 0
    outer loop
      vertex -4.775 0 3
      vertex -4.75201 -0.468031 1
      vertex -4.75201 -0.468031 3
    endloop
  endfacet
  facet normal 0.989176 -0.146736 0
    outer loop
      vertex 4.68325 -0.931556 3
      vertex 4.75201 -0.468031 1
      vertex 4.75201 -0.468031 3
    endloop
  endfacet
  facet normal 0.989176 -0.146736 0
    outer loop
      vertex 4.75201 -0.468031 1
      vertex 4.68325 -0.931556 3
      vertex 4.68325 -0.931556 1
    endloop
  endfacet
  facet normal 0.998796 -0.0490615 0
    outer loop
      vertex 4.75201 -0.468031 3
      vertex 4.775 0 1
      vertex 4.775 0 3
    endloop
  endfacet
  facet normal 0.998796 -0.0490615 0
    outer loop
      vertex 4.775 0 1
      vertex 4.75201 -0.468031 3
      vertex 4.75201 -0.468031 1
    endloop
  endfacet
  facet normal 0.146736 -0.989176 0
    outer loop
      vertex 0.468031 -4.75201 1
      vertex 0.931556 -4.68325 3
      vertex 0.468031 -4.75201 3
    endloop
  endfacet
  facet normal 0.146736 -0.989176 0
    outer loop
      vertex 0.931556 -4.68325 3
      vertex 0.468031 -4.75201 1
      vertex 0.931556 -4.68325 1
    endloop
  endfacet
  facet normal 0.336901 -0.94154 0
    outer loop
      vertex 1.38611 -4.56939 1
      vertex 1.82731 -4.41152 3
      vertex 1.38611 -4.56939 3
    endloop
  endfacet
  facet normal 0.336901 -0.94154 0
    outer loop
      vertex 1.82731 -4.41152 3
      vertex 1.38611 -4.56939 1
      vertex 1.82731 -4.41152 1
    endloop
  endfacet
  facet normal 0.671566 -0.740944 0
    outer loop
      vertex 3.02923 -3.69112 1
      vertex 3.37643 -3.37643 3
      vertex 3.02923 -3.69112 3
    endloop
  endfacet
  facet normal 0.671566 -0.740944 0
    outer loop
      vertex 3.37643 -3.37643 3
      vertex 3.02923 -3.69112 1
      vertex 3.37643 -3.37643 1
    endloop
  endfacet
  facet normal 0.514091 -0.857736 0
    outer loop
      vertex 2.25092 -4.21117 1
      vertex 2.65285 -3.97027 3
      vertex 2.25092 -4.21117 3
    endloop
  endfacet
  facet normal 0.514091 -0.857736 0
    outer loop
      vertex 2.65285 -3.97027 3
      vertex 2.25092 -4.21117 1
      vertex 2.65285 -3.97027 1
    endloop
  endfacet
  facet normal 0.740944 -0.671566 0
    outer loop
      vertex 3.37643 -3.37643 3
      vertex 3.69112 -3.02923 1
      vertex 3.69112 -3.02923 3
    endloop
  endfacet
  facet normal 0.740944 -0.671566 0
    outer loop
      vertex 3.69112 -3.02923 1
      vertex 3.37643 -3.37643 3
      vertex 3.37643 -3.37643 1
    endloop
  endfacet
  facet normal -0.59571 -0.8032 0
    outer loop
      vertex -3.02923 -3.69112 1
      vertex -2.65285 -3.97027 3
      vertex -3.02923 -3.69112 3
    endloop
  endfacet
  facet normal -0.59571 -0.8032 -0
    outer loop
      vertex -2.65285 -3.97027 3
      vertex -3.02923 -3.69112 1
      vertex -2.65285 -3.97027 1
    endloop
  endfacet
  facet normal -0.427551 -0.903991 0
    outer loop
      vertex -2.25092 -4.21117 1
      vertex -1.82731 -4.41152 3
      vertex -2.25092 -4.21117 3
    endloop
  endfacet
  facet normal -0.427551 -0.903991 -0
    outer loop
      vertex -1.82731 -4.41152 3
      vertex -2.25092 -4.21117 1
      vertex -1.82731 -4.41152 1
    endloop
  endfacet
  facet normal -0.24298 -0.970031 0
    outer loop
      vertex -1.38611 -4.56939 1
      vertex -0.931556 -4.68325 3
      vertex -1.38611 -4.56939 3
    endloop
  endfacet
  facet normal -0.24298 -0.970031 -0
    outer loop
      vertex -0.931556 -4.68325 3
      vertex -1.38611 -4.56939 1
      vertex -0.931556 -4.68325 1
    endloop
  endfacet
  facet normal -0.857736 -0.514091 0
    outer loop
      vertex -3.97027 -2.65285 1
      vertex -4.21117 -2.25092 3
      vertex -4.21117 -2.25092 1
    endloop
  endfacet
  facet normal -0.857736 -0.514091 0
    outer loop
      vertex -4.21117 -2.25092 3
      vertex -3.97027 -2.65285 1
      vertex -3.97027 -2.65285 3
    endloop
  endfacet
  facet normal -0.989176 -0.146736 0
    outer loop
      vertex -4.68325 -0.931556 1
      vertex -4.75201 -0.468031 3
      vertex -4.75201 -0.468031 1
    endloop
  endfacet
  facet normal -0.989176 -0.146736 0
    outer loop
      vertex -4.75201 -0.468031 3
      vertex -4.68325 -0.931556 1
      vertex -4.68325 -0.931556 3
    endloop
  endfacet
  facet normal 0.857736 -0.514091 0
    outer loop
      vertex 3.97027 -2.65285 3
      vertex 4.21117 -2.25092 1
      vertex 4.21117 -2.25092 3
    endloop
  endfacet
  facet normal 0.857736 -0.514091 0
    outer loop
      vertex 4.21117 -2.25092 1
      vertex 3.97027 -2.65285 3
      vertex 3.97027 -2.65285 1
    endloop
  endfacet
  facet normal 0.903991 -0.427551 0
    outer loop
      vertex 4.21117 -2.25092 3
      vertex 4.41152 -1.82731 1
      vertex 4.41152 -1.82731 3
    endloop
  endfacet
  facet normal 0.903991 -0.427551 0
    outer loop
      vertex 4.41152 -1.82731 1
      vertex 4.21117 -2.25092 3
      vertex 4.21117 -2.25092 1
    endloop
  endfacet
  facet normal 0.8032 -0.59571 0
    outer loop
      vertex 3.69112 -3.02923 3
      vertex 3.97027 -2.65285 1
      vertex 3.97027 -2.65285 3
    endloop
  endfacet
  facet normal 0.8032 -0.59571 0
    outer loop
      vertex 3.97027 -2.65285 1
      vertex 3.69112 -3.02923 3
      vertex 3.69112 -3.02923 1
    endloop
  endfacet
  facet normal 0.94154 -0.336901 0
    outer loop
      vertex 4.41152 -1.82731 3
      vertex 4.56939 -1.38611 1
      vertex 4.56939 -1.38611 3
    endloop
  endfacet
  facet normal 0.94154 -0.336901 0
    outer loop
      vertex 4.56939 -1.38611 1
      vertex 4.41152 -1.82731 3
      vertex 4.41152 -1.82731 1
    endloop
  endfacet
  facet normal 0.595695 0.803211 -0
    outer loop
      vertex 4.12356 5.02457 3
      vertex 3.61121 5.40455 4
      vertex 4.12356 5.02457 4
    endloop
  endfacet
  facet normal 0.595695 0.803211 0
    outer loop
      vertex 3.61121 5.40455 4
      vertex 4.12356 5.02457 3
      vertex 3.61121 5.40455 3
    endloop
  endfacet
  facet normal -0.336884 0.941546 0
    outer loop
      vertex -1.88685 6.22011 3
      vertex -2.48744 6.00522 4
      vertex -1.88685 6.22011 4
    endloop
  endfacet
  facet normal -0.336884 0.941546 0
    outer loop
      vertex -2.48744 6.00522 4
      vertex -1.88685 6.22011 3
      vertex -2.48744 6.00522 3
    endloop
  endfacet
  facet normal -0.90399 0.427555 0
    outer loop
      vertex -6.00522 2.48744 3
      vertex -5.73249 3.06408 4
      vertex -5.73249 3.06408 3
    endloop
  endfacet
  facet normal -0.90399 0.427555 0
    outer loop
      vertex -5.73249 3.06408 4
      vertex -6.00522 2.48744 3
      vertex -6.00522 2.48744 4
    endloop
  endfacet
  facet normal 0.941546 -0.336884 0
    outer loop
      vertex 6.00522 -2.48744 4
      vertex 6.22011 -1.88685 3
      vertex 6.22011 -1.88685 4
    endloop
  endfacet
  facet normal 0.941546 -0.336884 0
    outer loop
      vertex 6.22011 -1.88685 3
      vertex 6.00522 -2.48744 4
      vertex 6.00522 -2.48744 3
    endloop
  endfacet
  facet normal -0.427555 -0.90399 0
    outer loop
      vertex -3.06408 -5.73249 3
      vertex -2.48744 -6.00522 4
      vertex -3.06408 -5.73249 4
    endloop
  endfacet
  facet normal -0.427555 -0.90399 -0
    outer loop
      vertex -2.48744 -6.00522 4
      vertex -3.06408 -5.73249 3
      vertex -2.48744 -6.00522 3
    endloop
  endfacet
  facet normal 0.90399 0.427555 0
    outer loop
      vertex 6.00522 2.48744 4
      vertex 5.73249 3.06408 3
      vertex 5.73249 3.06408 4
    endloop
  endfacet
  facet normal 0.90399 0.427555 0
    outer loop
      vertex 5.73249 3.06408 3
      vertex 6.00522 2.48744 4
      vertex 6.00522 2.48744 3
    endloop
  endfacet
  facet normal 0.857727 0.514106 0
    outer loop
      vertex 5.73249 3.06408 4
      vertex 5.40455 3.61121 3
      vertex 5.40455 3.61121 4
    endloop
  endfacet
  facet normal 0.857727 0.514106 0
    outer loop
      vertex 5.40455 3.61121 3
      vertex 5.73249 3.06408 4
      vertex 5.73249 3.06408 3
    endloop
  endfacet
  facet normal 0.336884 0.941546 -0
    outer loop
      vertex 2.48744 6.00522 3
      vertex 1.88685 6.22011 4
      vertex 2.48744 6.00522 4
    endloop
  endfacet
  facet normal 0.336884 0.941546 0
    outer loop
      vertex 1.88685 6.22011 4
      vertex 2.48744 6.00522 3
      vertex 1.88685 6.22011 3
    endloop
  endfacet
  facet normal -0.989176 0.146735 0
    outer loop
      vertex -6.4687 0.637111 3
      vertex -6.3751 1.26809 4
      vertex -6.3751 1.26809 3
    endloop
  endfacet
  facet normal -0.989176 0.146735 0
    outer loop
      vertex -6.3751 1.26809 4
      vertex -6.4687 0.637111 3
      vertex -6.4687 0.637111 4
    endloop
  endfacet
  facet normal -0.740941 0.67157 0
    outer loop
      vertex -5.02457 4.12356 3
      vertex -4.59619 4.59619 4
      vertex -4.59619 4.59619 3
    endloop
  endfacet
  facet normal -0.740941 0.67157 0
    outer loop
      vertex -4.59619 4.59619 4
      vertex -5.02457 4.12356 3
      vertex -5.02457 4.12356 4
    endloop
  endfacet
  facet normal -0.146728 0.989177 0
    outer loop
      vertex -0.75 6.45195 3
      vertex -1.26809 6.3751 4
      vertex -0.75 6.45195 4
    endloop
  endfacet
  facet normal -0.146728 0.989177 0
    outer loop
      vertex -1.26809 6.3751 4
      vertex -0.75 6.45195 3
      vertex -1.26809 6.3751 3
    endloop
  endfacet
  facet normal 0.998795 -0.0490688 0
    outer loop
      vertex 6.4687 -0.637111 4
      vertex 6.5 0 3
      vertex 6.5 0 4
    endloop
  endfacet
  facet normal 0.998795 -0.0490688 0
    outer loop
      vertex 6.5 0 3
      vertex 6.4687 -0.637111 4
      vertex 6.4687 -0.637111 3
    endloop
  endfacet
  facet normal 0.803211 -0.595695 0
    outer loop
      vertex 5.02457 -4.12356 4
      vertex 5.40455 -3.61121 3
      vertex 5.40455 -3.61121 4
    endloop
  endfacet
  facet normal 0.803211 -0.595695 0
    outer loop
      vertex 5.40455 -3.61121 3
      vertex 5.02457 -4.12356 4
      vertex 5.02457 -4.12356 3
    endloop
  endfacet
  facet normal -0.146735 -0.989176 0
    outer loop
      vertex -1.26809 -6.3751 3
      vertex -0.637111 -6.4687 4
      vertex -1.26809 -6.3751 4
    endloop
  endfacet
  facet normal -0.146735 -0.989176 -0
    outer loop
      vertex -0.637111 -6.4687 4
      vertex -1.26809 -6.3751 3
      vertex -0.637111 -6.4687 3
    endloop
  endfacet
  facet normal -0.67157 -0.740941 0
    outer loop
      vertex -4.59619 -4.59619 3
      vertex -4.12356 -5.02457 4
      vertex -4.59619 -4.59619 4
    endloop
  endfacet
  facet normal -0.67157 -0.740941 -0
    outer loop
      vertex -4.12356 -5.02457 4
      vertex -4.59619 -4.59619 3
      vertex -4.12356 -5.02457 3
    endloop
  endfacet
  facet normal 0.970032 0.242978 0
    outer loop
      vertex 6.3751 1.26809 4
      vertex 6.22011 1.88685 3
      vertex 6.22011 1.88685 4
    endloop
  endfacet
  facet normal 0.970032 0.242978 0
    outer loop
      vertex 6.22011 1.88685 3
      vertex 6.3751 1.26809 4
      vertex 6.3751 1.26809 3
    endloop
  endfacet
  facet normal 0.941546 0.336884 0
    outer loop
      vertex 6.22011 1.88685 4
      vertex 6.00522 2.48744 3
      vertex 6.00522 2.48744 4
    endloop
  endfacet
  facet normal 0.941546 0.336884 0
    outer loop
      vertex 6.00522 2.48744 3
      vertex 6.22011 1.88685 4
      vertex 6.22011 1.88685 3
    endloop
  endfacet
  facet normal 0.740941 0.67157 0
    outer loop
      vertex 5.02457 4.12356 4
      vertex 4.59619 4.59619 3
      vertex 4.59619 4.59619 4
    endloop
  endfacet
  facet normal 0.740941 0.67157 0
    outer loop
      vertex 4.59619 4.59619 3
      vertex 5.02457 4.12356 4
      vertex 5.02457 4.12356 3
    endloop
  endfacet
  facet normal 0.803211 0.595695 0
    outer loop
      vertex 5.40455 3.61121 4
      vertex 5.02457 4.12356 3
      vertex 5.02457 4.12356 4
    endloop
  endfacet
  facet normal 0.803211 0.595695 0
    outer loop
      vertex 5.02457 4.12356 3
      vertex 5.40455 3.61121 4
      vertex 5.40455 3.61121 3
    endloop
  endfacet
  facet normal 0.67157 0.740941 -0
    outer loop
      vertex 4.59619 4.59619 3
      vertex 4.12356 5.02457 4
      vertex 4.59619 4.59619 4
    endloop
  endfacet
  facet normal 0.67157 0.740941 0
    outer loop
      vertex 4.12356 5.02457 4
      vertex 4.59619 4.59619 3
      vertex 4.12356 5.02457 3
    endloop
  endfacet
  facet normal 0.514106 0.857727 -0
    outer loop
      vertex 3.61121 5.40455 3
      vertex 3.06408 5.73249 4
      vertex 3.61121 5.40455 4
    endloop
  endfacet
  facet normal 0.514106 0.857727 0
    outer loop
      vertex 3.06408 5.73249 4
      vertex 3.61121 5.40455 3
      vertex 3.06408 5.73249 3
    endloop
  endfacet
  facet normal 0.427555 0.90399 -0
    outer loop
      vertex 3.06408 5.73249 3
      vertex 2.48744 6.00522 4
      vertex 3.06408 5.73249 4
    endloop
  endfacet
  facet normal 0.427555 0.90399 0
    outer loop
      vertex 2.48744 6.00522 4
      vertex 3.06408 5.73249 3
      vertex 2.48744 6.00522 3
    endloop
  endfacet
  facet normal 0.242978 0.970032 -0
    outer loop
      vertex 1.88685 6.22011 3
      vertex 1.26809 6.3751 4
      vertex 1.88685 6.22011 4
    endloop
  endfacet
  facet normal 0.242978 0.970032 0
    outer loop
      vertex 1.26809 6.3751 4
      vertex 1.88685 6.22011 3
      vertex 1.26809 6.3751 3
    endloop
  endfacet
  facet normal -0.998795 0.0490688 0
    outer loop
      vertex -6.5 0 3
      vertex -6.4687 0.637111 4
      vertex -6.4687 0.637111 3
    endloop
  endfacet
  facet normal -0.998795 0.0490688 0
    outer loop
      vertex -6.4687 0.637111 4
      vertex -6.5 0 3
      vertex -6.5 0 4
    endloop
  endfacet
  facet normal -0.941546 0.336884 0
    outer loop
      vertex -6.22011 1.88685 3
      vertex -6.00522 2.48744 4
      vertex -6.00522 2.48744 3
    endloop
  endfacet
  facet normal -0.941546 0.336884 0
    outer loop
      vertex -6.00522 2.48744 4
      vertex -6.22011 1.88685 3
      vertex -6.22011 1.88685 4
    endloop
  endfacet
  facet normal -0.970032 0.242978 0
    outer loop
      vertex -6.3751 1.26809 3
      vertex -6.22011 1.88685 4
      vertex -6.22011 1.88685 3
    endloop
  endfacet
  facet normal -0.970032 0.242978 0
    outer loop
      vertex -6.22011 1.88685 4
      vertex -6.3751 1.26809 3
      vertex -6.3751 1.26809 4
    endloop
  endfacet
  facet normal -0.857727 0.514106 0
    outer loop
      vertex -5.73249 3.06408 3
      vertex -5.40455 3.61121 4
      vertex -5.40455 3.61121 3
    endloop
  endfacet
  facet normal -0.857727 0.514106 0
    outer loop
      vertex -5.40455 3.61121 4
      vertex -5.73249 3.06408 3
      vertex -5.73249 3.06408 4
    endloop
  endfacet
  facet normal -0.803211 0.595695 0
    outer loop
      vertex -5.40455 3.61121 3
      vertex -5.02457 4.12356 4
      vertex -5.02457 4.12356 3
    endloop
  endfacet
  facet normal -0.803211 0.595695 0
    outer loop
      vertex -5.02457 4.12356 4
      vertex -5.40455 3.61121 3
      vertex -5.40455 3.61121 4
    endloop
  endfacet
  facet normal -0.242978 0.970032 0
    outer loop
      vertex -1.26809 6.3751 3
      vertex -1.88685 6.22011 4
      vertex -1.26809 6.3751 4
    endloop
  endfacet
  facet normal -0.242978 0.970032 0
    outer loop
      vertex -1.88685 6.22011 4
      vertex -1.26809 6.3751 3
      vertex -1.88685 6.22011 3
    endloop
  endfacet
  facet normal -0.514106 0.857727 0
    outer loop
      vertex -3.06408 5.73249 3
      vertex -3.61121 5.40455 4
      vertex -3.06408 5.73249 4
    endloop
  endfacet
  facet normal -0.514106 0.857727 0
    outer loop
      vertex -3.61121 5.40455 4
      vertex -3.06408 5.73249 3
      vertex -3.61121 5.40455 3
    endloop
  endfacet
  facet normal -0.595695 0.803211 0
    outer loop
      vertex -3.61121 5.40455 3
      vertex -4.12356 5.02457 4
      vertex -3.61121 5.40455 4
    endloop
  endfacet
  facet normal -0.595695 0.803211 0
    outer loop
      vertex -4.12356 5.02457 4
      vertex -3.61121 5.40455 3
      vertex -4.12356 5.02457 3
    endloop
  endfacet
  facet normal -0.427555 0.90399 0
    outer loop
      vertex -2.48744 6.00522 3
      vertex -3.06408 5.73249 4
      vertex -2.48744 6.00522 4
    endloop
  endfacet
  facet normal -0.427555 0.90399 0
    outer loop
      vertex -3.06408 5.73249 4
      vertex -2.48744 6.00522 3
      vertex -3.06408 5.73249 3
    endloop
  endfacet
  facet normal -0.67157 0.740941 0
    outer loop
      vertex -4.12356 5.02457 3
      vertex -4.59619 4.59619 4
      vertex -4.12356 5.02457 4
    endloop
  endfacet
  facet normal -0.67157 0.740941 0
    outer loop
      vertex -4.59619 4.59619 4
      vertex -4.12356 5.02457 3
      vertex -4.59619 4.59619 3
    endloop
  endfacet
  facet normal 0.998795 0.0490688 0
    outer loop
      vertex 6.5 0 4
      vertex 6.4687 0.637111 3
      vertex 6.4687 0.637111 4
    endloop
  endfacet
  facet normal 0.998795 0.0490688 0
    outer loop
      vertex 6.4687 0.637111 3
      vertex 6.5 0 4
      vertex 6.5 0 3
    endloop
  endfacet
  facet normal 0.0490688 -0.998795 0
    outer loop
      vertex 0 -6.5 3
      vertex 0.637111 -6.4687 4
      vertex 0 -6.5 4
    endloop
  endfacet
  facet normal 0.0490688 -0.998795 0
    outer loop
      vertex 0.637111 -6.4687 4
      vertex 0 -6.5 3
      vertex 0.637111 -6.4687 3
    endloop
  endfacet
  facet normal 0.146735 -0.989176 0
    outer loop
      vertex 0.637111 -6.4687 3
      vertex 1.26809 -6.3751 4
      vertex 0.637111 -6.4687 4
    endloop
  endfacet
  facet normal 0.146735 -0.989176 0
    outer loop
      vertex 1.26809 -6.3751 4
      vertex 0.637111 -6.4687 3
      vertex 1.26809 -6.3751 3
    endloop
  endfacet
  facet normal 0.242978 -0.970032 0
    outer loop
      vertex 1.26809 -6.3751 3
      vertex 1.88685 -6.22011 4
      vertex 1.26809 -6.3751 4
    endloop
  endfacet
  facet normal 0.242978 -0.970032 0
    outer loop
      vertex 1.88685 -6.22011 4
      vertex 1.26809 -6.3751 3
      vertex 1.88685 -6.22011 3
    endloop
  endfacet
  facet normal 0.595695 -0.803211 0
    outer loop
      vertex 3.61121 -5.40455 3
      vertex 4.12356 -5.02457 4
      vertex 3.61121 -5.40455 4
    endloop
  endfacet
  facet normal 0.595695 -0.803211 0
    outer loop
      vertex 4.12356 -5.02457 4
      vertex 3.61121 -5.40455 3
      vertex 4.12356 -5.02457 3
    endloop
  endfacet
  facet normal 0.427555 -0.90399 0
    outer loop
      vertex 2.48744 -6.00522 3
      vertex 3.06408 -5.73249 4
      vertex 2.48744 -6.00522 4
    endloop
  endfacet
  facet normal 0.427555 -0.90399 0
    outer loop
      vertex 3.06408 -5.73249 4
      vertex 2.48744 -6.00522 3
      vertex 3.06408 -5.73249 3
    endloop
  endfacet
  facet normal 0.90399 -0.427555 0
    outer loop
      vertex 5.73249 -3.06408 4
      vertex 6.00522 -2.48744 3
      vertex 6.00522 -2.48744 4
    endloop
  endfacet
  facet normal 0.90399 -0.427555 0
    outer loop
      vertex 6.00522 -2.48744 3
      vertex 5.73249 -3.06408 4
      vertex 5.73249 -3.06408 3
    endloop
  endfacet
  facet normal -0.0490688 -0.998795 0
    outer loop
      vertex -0.637111 -6.4687 3
      vertex 0 -6.5 4
      vertex -0.637111 -6.4687 4
    endloop
  endfacet
  facet normal -0.0490688 -0.998795 -0
    outer loop
      vertex 0 -6.5 4
      vertex -0.637111 -6.4687 3
      vertex 0 -6.5 3
    endloop
  endfacet
  facet normal -0.336884 -0.941546 0
    outer loop
      vertex -2.48744 -6.00522 3
      vertex -1.88685 -6.22011 4
      vertex -2.48744 -6.00522 4
    endloop
  endfacet
  facet normal -0.336884 -0.941546 -0
    outer loop
      vertex -1.88685 -6.22011 4
      vertex -2.48744 -6.00522 3
      vertex -1.88685 -6.22011 3
    endloop
  endfacet
  facet normal -0.514106 -0.857727 0
    outer loop
      vertex -3.61121 -5.40455 3
      vertex -3.06408 -5.73249 4
      vertex -3.61121 -5.40455 4
    endloop
  endfacet
  facet normal -0.514106 -0.857727 -0
    outer loop
      vertex -3.06408 -5.73249 4
      vertex -3.61121 -5.40455 3
      vertex -3.06408 -5.73249 3
    endloop
  endfacet
  facet normal -0.970032 -0.242978 0
    outer loop
      vertex -6.22011 -1.88685 3
      vertex -6.3751 -1.26809 4
      vertex -6.3751 -1.26809 3
    endloop
  endfacet
  facet normal -0.970032 -0.242978 0
    outer loop
      vertex -6.3751 -1.26809 4
      vertex -6.22011 -1.88685 3
      vertex -6.22011 -1.88685 4
    endloop
  endfacet
  facet normal -0.998795 -0.0490688 0
    outer loop
      vertex -6.4687 -0.637111 3
      vertex -6.5 0 4
      vertex -6.5 0 3
    endloop
  endfacet
  facet normal -0.998795 -0.0490688 0
    outer loop
      vertex -6.5 0 4
      vertex -6.4687 -0.637111 3
      vertex -6.4687 -0.637111 4
    endloop
  endfacet
  facet normal 0 0 -1
    outer loop
      vertex 4.775 0 3
      vertex 6.5 0 3
      vertex 6.4687 -0.637111 3
    endloop
  endfacet
  facet normal 0 0 -1
    outer loop
      vertex 4.75201 -0.468031 3
      vertex 6.4687 -0.637111 3
      vertex 6.3751 -1.26809 3
    endloop
  endfacet
  facet normal 0 0 -1
    outer loop
      vertex 6.5 0 3
      vertex 4.775 0 3
      vertex 6.4687 0.637111 3
    endloop
  endfacet
  facet normal 0 0 -1
    outer loop
      vertex 4.68325 -0.931556 3
      vertex 6.3751 -1.26809 3
      vertex 6.22011 -1.88685 3
    endloop
  endfacet
  facet normal 0 0 -1
    outer loop
      vertex 4.75201 0.468031 3
      vertex 6.4687 0.637111 3
      vertex 4.775 0 3
    endloop
  endfacet
  facet normal 0 0 -1
    outer loop
      vertex 4.56939 -1.38611 3
      vertex 6.22011 -1.88685 3
      vertex 6.00522 -2.48744 3
    endloop
  endfacet
  facet normal -0 0 -1
    outer loop
      vertex 6.4687 0.637111 3
      vertex 4.75201 0.468031 3
      vertex 6.3751 1.26809 3
    endloop
  endfacet
  facet normal 0 0 -1
    outer loop
      vertex 4.41152 -1.82731 3
      vertex 6.00522 -2.48744 3
      vertex 5.73249 -3.06408 3
    endloop
  endfacet
  facet normal 0 0 -1
    outer loop
      vertex 4.68325 0.931556 3
      vertex 6.3751 1.26809 3
      vertex 4.75201 0.468031 3
    endloop
  endfacet
  facet normal 0 0 -1
    outer loop
      vertex 4.21117 -2.25092 3
      vertex 5.73249 -3.06408 3
      vertex 5.40455 -3.61121 3
    endloop
  endfacet
  facet normal -0 0 -1
    outer loop
      vertex 6.3751 1.26809 3
      vertex 4.68325 0.931556 3
      vertex 6.22011 1.88685 3
    endloop
  endfacet
  facet normal 0 0 -1
    outer loop
      vertex 3.97027 -2.65285 3
      vertex 5.40455 -3.61121 3
      vertex 5.02457 -4.12356 3
    endloop
  endfacet
  facet normal 0 0 -1
    outer loop
      vertex 4.56939 1.38611 3
      vertex 6.22011 1.88685 3
      vertex 4.68325 0.931556 3
    endloop
  endfacet
  facet normal -0 0 -1
    outer loop
      vertex 6.22011 1.88685 3
      vertex 4.56939 1.38611 3
      vertex 6.00522 2.48744 3
    endloop
  endfacet
  facet normal 0 0 -1
    outer loop
      vertex 6.4687 -0.637111 3
      vertex 4.75201 -0.468031 3
      vertex 4.775 0 3
    endloop
  endfacet
  facet normal 0 0 -1
    outer loop
      vertex 6.3751 -1.26809 3
      vertex 4.68325 -0.931556 3
      vertex 4.75201 -0.468031 3
    endloop
  endfacet
  facet normal 0 0 -1
    outer loop
      vertex 3.69112 -3.02923 3
      vertex 5.02457 -4.12356 3
      vertex 4.59619 -4.59619 3
    endloop
  endfacet
  facet normal 0 0 -1
    outer loop
      vertex 6.22011 -1.88685 3
      vertex 4.56939 -1.38611 3
      vertex 4.68325 -0.931556 3
    endloop
  endfacet
  facet normal 0 0 -1
    outer loop
      vertex 6.00522 -2.48744 3
      vertex 4.41152 -1.82731 3
      vertex 4.56939 -1.38611 3
    endloop
  endfacet
  facet normal 0 0 -1
    outer loop
      vertex 5.73249 -3.06408 3
      vertex 4.21117 -2.25092 3
      vertex 4.41152 -1.82731 3
    endloop
  endfacet
  facet normal 0 0 -1
    outer loop
      vertex 3.37643 -3.37643 3
      vertex 4.59619 -4.59619 3
      vertex 4.12356 -5.02457 3
    endloop
  endfacet
  facet normal 0 0 -1
    outer loop
      vertex 5.40455 -3.61121 3
      vertex 3.97027 -2.65285 3
      vertex 4.21117 -2.25092 3
    endloop
  endfacet
  facet normal 0 0 -1
    outer loop
      vertex 5.02457 -4.12356 3
      vertex 3.69112 -3.02923 3
      vertex 3.97027 -2.65285 3
    endloop
  endfacet
  facet normal 0 0 -1
    outer loop
      vertex 3.02923 -3.69112 3
      vertex 4.12356 -5.02457 3
      vertex 3.61121 -5.40455 3
    endloop
  endfacet
  facet normal 0 0 -1
    outer loop
      vertex 4.59619 -4.59619 3
      vertex 3.37643 -3.37643 3
      vertex 3.69112 -3.02923 3
    endloop
  endfacet
  facet normal 0 0 -1
    outer loop
      vertex 2.65285 -3.97027 3
      vertex 3.61121 -5.40455 3
      vertex 3.06408 -5.73249 3
    endloop
  endfacet
  facet normal 0 0 -1
    outer loop
      vertex 4.12356 -5.02457 3
      vertex 3.02923 -3.69112 3
      vertex 3.37643 -3.37643 3
    endloop
  endfacet
  facet normal 0 0 -1
    outer loop
      vertex 3.61121 -5.40455 3
      vertex 2.65285 -3.97027 3
      vertex 3.02923 -3.69112 3
    endloop
  endfacet
  facet normal 0 0 -1
    outer loop
      vertex 2.25092 -4.21117 3
      vertex 3.06408 -5.73249 3
      vertex 2.48744 -6.00522 3
    endloop
  endfacet
  facet normal 0 0 -1
    outer loop
      vertex 3.06408 -5.73249 3
      vertex 2.25092 -4.21117 3
      vertex 2.65285 -3.97027 3
    endloop
  endfacet
  facet normal 0 0 -1
    outer loop
      vertex 1.82731 -4.41152 3
      vertex 2.48744 -6.00522 3
      vertex 1.88685 -6.22011 3
    endloop
  endfacet
  facet normal 0 0 -1
    outer loop
      vertex 2.48744 -6.00522 3
      vertex 1.82731 -4.41152 3
      vertex 2.25092 -4.21117 3
    endloop
  endfacet
  facet normal 0 0 -1
    outer loop
      vertex 1.88685 -6.22011 3
      vertex 1.38611 -4.56939 3
      vertex 1.82731 -4.41152 3
    endloop
  endfacet
  facet normal 0 0 -1
    outer loop
      vertex 1.26809 -6.3751 3
      vertex 1.38611 -4.56939 3
      vertex 1.88685 -6.22011 3
    endloop
  endfacet
  facet normal 0 0 -1
    outer loop
      vertex 1.26809 -6.3751 3
      vertex 0.931556 -4.68325 3
      vertex 1.38611 -4.56939 3
    endloop
  endfacet
  facet normal 0 0 -1
    outer loop
      vertex 0.637111 -6.4687 3
      vertex 0.931556 -4.68325 3
      vertex 1.26809 -6.3751 3
    endloop
  endfacet
  facet normal 0 0 -1
    outer loop
      vertex 0.637111 -6.4687 3
      vertex 0.468031 -4.75201 3
      vertex 0.931556 -4.68325 3
    endloop
  endfacet
  facet normal 0 0 -1
    outer loop
      vertex 0 -6.5 3
      vertex 0.468031 -4.75201 3
      vertex 0.637111 -6.4687 3
    endloop
  endfacet
  facet normal 0 0 -1
    outer loop
      vertex 0 -6.5 3
      vertex 0 -4.775 3
      vertex 0.468031 -4.75201 3
    endloop
  endfacet
  facet normal 0 0 -1
    outer loop
      vertex 0 -6.5 3
      vertex -0.468031 -4.75201 3
      vertex 0 -4.775 3
    endloop
  endfacet
  facet normal 0 0 -1
    outer loop
      vertex -0.637111 -6.4687 3
      vertex -0.468031 -4.75201 3
      vertex 0 -6.5 3
    endloop
  endfacet
  facet normal 0 0 -1
    outer loop
      vertex -0.637111 -6.4687 3
      vertex -0.931556 -4.68325 3
      vertex -0.468031 -4.75201 3
    endloop
  endfacet
  facet normal 0 0 -1
    outer loop
      vertex -1.26809 -6.3751 3
      vertex -0.931556 -4.68325 3
      vertex -0.637111 -6.4687 3
    endloop
  endfacet
  facet normal 0 0 -1
    outer loop
      vertex -1.26809 -6.3751 3
      vertex -1.38611 -4.56939 3
      vertex -0.931556 -4.68325 3
    endloop
  endfacet
  facet normal 0 0 -1
    outer loop
      vertex -1.88685 -6.22011 3
      vertex -1.38611 -4.56939 3
      vertex -1.26809 -6.3751 3
    endloop
  endfacet
  facet normal -0 0 -1
    outer loop
      vertex -1.38611 -4.56939 3
      vertex -1.88685 -6.22011 3
      vertex -1.82731 -4.41152 3
    endloop
  endfacet
  facet normal 0 0 -1
    outer loop
      vertex -2.48744 -6.00522 3
      vertex -1.82731 -4.41152 3
      vertex -1.88685 -6.22011 3
    endloop
  endfacet
  facet normal -0 0 -1
    outer loop
      vertex -1.82731 -4.41152 3
      vertex -2.48744 -6.00522 3
      vertex -2.25092 -4.21117 3
    endloop
  endfacet
  facet normal 0 0 -1
    outer loop
      vertex -3.06408 -5.73249 3
      vertex -2.25092 -4.21117 3
      vertex -2.48744 -6.00522 3
    endloop
  endfacet
  facet normal -0 0 -1
    outer loop
      vertex -2.25092 -4.21117 3
      vertex -3.06408 -5.73249 3
      vertex -2.65285 -3.97027 3
    endloop
  endfacet
  facet normal 0 0 -1
    outer loop
      vertex -3.61121 -5.40455 3
      vertex -2.65285 -3.97027 3
      vertex -3.06408 -5.73249 3
    endloop
  endfacet
  facet normal -0 0 -1
    outer loop
      vertex -2.65285 -3.97027 3
      vertex -3.61121 -5.40455 3
      vertex -3.02923 -3.69112 3
    endloop
  endfacet
  facet normal 0 0 -1
    outer loop
      vertex -4.12356 -5.02457 3
      vertex -3.02923 -3.69112 3
      vertex -3.61121 -5.40455 3
    endloop
  endfacet
  facet normal -0 0 -1
    outer loop
      vertex -3.02923 -3.69112 3
      vertex -4.12356 -5.02457 3
      vertex -3.37643 -3.37643 3
    endloop
  endfacet
  facet normal 0 0 -1
    outer loop
      vertex -4.59619 -4.59619 3
      vertex -3.37643 -3.37643 3
      vertex -4.12356 -5.02457 3
    endloop
  endfacet
  facet normal -0 0 -1
    outer loop
      vertex -3.37643 -3.37643 3
      vertex -4.59619 -4.59619 3
      vertex -3.69112 -3.02923 3
    endloop
  endfacet
  facet normal 0 0 -1
    outer loop
      vertex -5.02457 -4.12356 3
      vertex -3.69112 -3.02923 3
      vertex -4.59619 -4.59619 3
    endloop
  endfacet
  facet normal -0 0 -1
    outer loop
      vertex -3.69112 -3.02923 3
      vertex -5.02457 -4.12356 3
      vertex -3.97027 -2.65285 3
    endloop
  endfacet
  facet normal 0 0 -1
    outer loop
      vertex -5.40455 -3.61121 3
      vertex -3.97027 -2.65285 3
      vertex -5.02457 -4.12356 3
    endloop
  endfacet
  facet normal -0 0 -1
    outer loop
      vertex -3.97027 -2.65285 3
      vertex -5.40455 -3.61121 3
      vertex -4.21117 -2.25092 3
    endloop
  endfacet
  facet normal 0 0 -1
    outer loop
      vertex -5.73249 -3.06408 3
      vertex -4.21117 -2.25092 3
      vertex -5.40455 -3.61121 3
    endloop
  endfacet
  facet normal -0 0 -1
    outer loop
      vertex -4.21117 -2.25092 3
      vertex -5.73249 -3.06408 3
      vertex -4.41152 -1.82731 3
    endloop
  endfacet
  facet normal 0 0 -1
    outer loop
      vertex -6.00522 -2.48744 3
      vertex -4.41152 -1.82731 3
      vertex -5.73249 -3.06408 3
    endloop
  endfacet
  facet normal -0 0 -1
    outer loop
      vertex -4.41152 -1.82731 3
      vertex -6.00522 -2.48744 3
      vertex -4.56939 -1.38611 3
    endloop
  endfacet
  facet normal 0 0 -1
    outer loop
      vertex 4.41152 1.82731 3
      vertex 6.00522 2.48744 3
      vertex 4.56939 1.38611 3
    endloop
  endfacet
  facet normal -0 0 -1
    outer loop
      vertex 6.00522 2.48744 3
      vertex 4.41152 1.82731 3
      vertex 5.73249 3.06408 3
    endloop
  endfacet
  facet normal 0 0 -1
    outer loop
      vertex 4.21117 2.25092 3
      vertex 5.73249 3.06408 3
      vertex 4.41152 1.82731 3
    endloop
  endfacet
  facet normal -0 0 -1
    outer loop
      vertex 5.73249 3.06408 3
      vertex 4.21117 2.25092 3
      vertex 5.40455 3.61121 3
    endloop
  endfacet
  facet normal 0 0 -1
    outer loop
      vertex 3.97027 2.65285 3
      vertex 5.40455 3.61121 3
      vertex 4.21117 2.25092 3
    endloop
  endfacet
  facet normal -0 0 -1
    outer loop
      vertex 5.40455 3.61121 3
      vertex 3.97027 2.65285 3
      vertex 5.02457 4.12356 3
    endloop
  endfacet
  facet normal 0 0 -1
    outer loop
      vertex 3.69112 3.02923 3
      vertex 5.02457 4.12356 3
      vertex 3.97027 2.65285 3
    endloop
  endfacet
  facet normal -0 0 -1
    outer loop
      vertex 5.02457 4.12356 3
      vertex 3.69112 3.02923 3
      vertex 4.59619 4.59619 3
    endloop
  endfacet
  facet normal 0 0 -1
    outer loop
      vertex 3.37643 3.37643 3
      vertex 4.59619 4.59619 3
      vertex 3.69112 3.02923 3
    endloop
  endfacet
  facet normal -0 0 -1
    outer loop
      vertex 4.59619 4.59619 3
      vertex 3.37643 3.37643 3
      vertex 4.12356 5.02457 3
    endloop
  endfacet
  facet normal 0 0 -1
    outer loop
      vertex 3.02923 3.69112 3
      vertex 4.12356 5.02457 3
      vertex 3.37643 3.37643 3
    endloop
  endfacet
  facet normal -0 0 -1
    outer loop
      vertex 4.12356 5.02457 3
      vertex 3.02923 3.69112 3
      vertex 3.61121 5.40455 3
    endloop
  endfacet
  facet normal 0 0 -1
    outer loop
      vertex 2.65285 3.97027 3
      vertex 3.61121 5.40455 3
      vertex 3.02923 3.69112 3
    endloop
  endfacet
  facet normal -0 0 -1
    outer loop
      vertex 3.61121 5.40455 3
      vertex 2.65285 3.97027 3
      vertex 3.06408 5.73249 3
    endloop
  endfacet
  facet normal 0 0 -1
    outer loop
      vertex 2.25092 4.21117 3
      vertex 3.06408 5.73249 3
      vertex 2.65285 3.97027 3
    endloop
  endfacet
  facet normal -0 0 -1
    outer loop
      vertex 3.06408 5.73249 3
      vertex 2.25092 4.21117 3
      vertex 2.48744 6.00522 3
    endloop
  endfacet
  facet normal 0 0 -1
    outer loop
      vertex 1.82731 4.41152 3
      vertex 2.48744 6.00522 3
      vertex 2.25092 4.21117 3
    endloop
  endfacet
  facet normal -0 0 -1
    outer loop
      vertex 2.48744 6.00522 3
      vertex 1.82731 4.41152 3
      vertex 1.88685 6.22011 3
    endloop
  endfacet
  facet normal 0 0 -1
    outer loop
      vertex 1.38611 4.56939 3
      vertex 1.88685 6.22011 3
      vertex 1.82731 4.41152 3
    endloop
  endfacet
  facet normal 0 0 -1
    outer loop
      vertex 1.38611 4.56939 3
      vertex 1.26809 6.3751 3
      vertex 1.88685 6.22011 3
    endloop
  endfacet
  facet normal 0 0 -1
    outer loop
      vertex 0.931556 4.68325 3
      vertex 1.26809 6.3751 3
      vertex 1.38611 4.56939 3
    endloop
  endfacet
  facet normal 0 0 -1
    outer loop
      vertex 0.75 4.71018 3
      vertex 1.26809 6.3751 3
      vertex 0.931556 4.68325 3
    endloop
  endfacet
  facet normal -0 0 -1
    outer loop
      vertex 1.26809 6.3751 3
      vertex 0.75 4.71018 3
      vertex 0.75 6.45195 3
    endloop
  endfacet
  facet normal 0 0 -1
    outer loop
      vertex -1.26809 6.3751 3
      vertex -0.75 4.71018 3
      vertex -0.931556 4.68325 3
    endloop
  endfacet
  facet normal 0 0 -1
    outer loop
      vertex -0.75 4.71018 3
      vertex -1.26809 6.3751 3
      vertex -0.75 6.45195 3
    endloop
  endfacet
  facet normal 0 0 -1
    outer loop
      vertex -1.38611 4.56939 3
      vertex -1.26809 6.3751 3
      vertex -0.931556 4.68325 3
    endloop
  endfacet
  facet normal 0 0 -1
    outer loop
      vertex -1.88685 6.22011 3
      vertex -1.38611 4.56939 3
      vertex -1.82731 4.41152 3
    endloop
  endfacet
  facet normal 0 0 -1
    outer loop
      vertex -1.38611 4.56939 3
      vertex -1.88685 6.22011 3
      vertex -1.26809 6.3751 3
    endloop
  endfacet
  facet normal 0 0 -1
    outer loop
      vertex -2.48744 6.00522 3
      vertex -1.82731 4.41152 3
      vertex -2.25092 4.21117 3
    endloop
  endfacet
  facet normal 0 0 -1
    outer loop
      vertex -1.82731 4.41152 3
      vertex -2.48744 6.00522 3
      vertex -1.88685 6.22011 3
    endloop
  endfacet
  facet normal 0 0 -1
    outer loop
      vertex -3.06408 5.73249 3
      vertex -2.25092 4.21117 3
      vertex -2.65285 3.97027 3
    endloop
  endfacet
  facet normal 0 0 -1
    outer loop
      vertex -3.61121 5.40455 3
      vertex -2.65285 3.97027 3
      vertex -3.02923 3.69112 3
    endloop
  endfacet
  facet normal 0 0 -1
    outer loop
      vertex -2.25092 4.21117 3
      vertex -3.06408 5.73249 3
      vertex -2.48744 6.00522 3
    endloop
  endfacet
  facet normal 0 0 -1
    outer loop
      vertex -4.12356 5.02457 3
      vertex -3.02923 3.69112 3
      vertex -3.37643 3.37643 3
    endloop
  endfacet
  facet normal 0 0 -1
    outer loop
      vertex -2.65285 3.97027 3
      vertex -3.61121 5.40455 3
      vertex -3.06408 5.73249 3
    endloop
  endfacet
  facet normal 0 0 -1
    outer loop
      vertex -4.59619 4.59619 3
      vertex -3.37643 3.37643 3
      vertex -3.69112 3.02923 3
    endloop
  endfacet
  facet normal 0 0 -1
    outer loop
      vertex -5.02457 4.12356 3
      vertex -3.69112 3.02923 3
      vertex -3.97027 2.65285 3
    endloop
  endfacet
  facet normal 0 0 -1
    outer loop
      vertex -3.02923 3.69112 3
      vertex -4.12356 5.02457 3
      vertex -3.61121 5.40455 3
    endloop
  endfacet
  facet normal 0 0 -1
    outer loop
      vertex -5.40455 3.61121 3
      vertex -3.97027 2.65285 3
      vertex -4.21117 2.25092 3
    endloop
  endfacet
  facet normal 0 0 -1
    outer loop
      vertex -5.73249 3.06408 3
      vertex -4.21117 2.25092 3
      vertex -4.41152 1.82731 3
    endloop
  endfacet
  facet normal 0 0 -1
    outer loop
      vertex -6.00522 2.48744 3
      vertex -4.41152 1.82731 3
      vertex -4.56939 1.38611 3
    endloop
  endfacet
  facet normal 0 0 -1
    outer loop
      vertex -3.37643 3.37643 3
      vertex -4.59619 4.59619 3
      vertex -4.12356 5.02457 3
    endloop
  endfacet
  facet normal 0 0 -1
    outer loop
      vertex -6.22011 1.88685 3
      vertex -4.56939 1.38611 3
      vertex -4.68325 0.931556 3
    endloop
  endfacet
  facet normal 0 0 -1
    outer loop
      vertex -6.3751 1.26809 3
      vertex -4.68325 0.931556 3
      vertex -4.75201 0.468031 3
    endloop
  endfacet
  facet normal 0 0 -1
    outer loop
      vertex -6.4687 0.637111 3
      vertex -4.75201 0.468031 3
      vertex -4.775 0 3
    endloop
  endfacet
  facet normal 0 0 -1
    outer loop
      vertex -6.22011 -1.88685 3
      vertex -4.56939 -1.38611 3
      vertex -6.00522 -2.48744 3
    endloop
  endfacet
  facet normal 0 0 -1
    outer loop
      vertex -3.69112 3.02923 3
      vertex -5.02457 4.12356 3
      vertex -4.59619 4.59619 3
    endloop
  endfacet
  facet normal -0 0 -1
    outer loop
      vertex -4.56939 -1.38611 3
      vertex -6.22011 -1.88685 3
      vertex -4.68325 -0.931556 3
    endloop
  endfacet
  facet normal 0 0 -1
    outer loop
      vertex -3.97027 2.65285 3
      vertex -5.40455 3.61121 3
      vertex -5.02457 4.12356 3
    endloop
  endfacet
  facet normal 0 0 -1
    outer loop
      vertex -6.3751 -1.26809 3
      vertex -4.68325 -0.931556 3
      vertex -6.22011 -1.88685 3
    endloop
  endfacet
  facet normal 0 0 -1
    outer loop
      vertex -4.21117 2.25092 3
      vertex -5.73249 3.06408 3
      vertex -5.40455 3.61121 3
    endloop
  endfacet
  facet normal -0 0 -1
    outer loop
      vertex -4.68325 -0.931556 3
      vertex -6.3751 -1.26809 3
      vertex -4.75201 -0.468031 3
    endloop
  endfacet
  facet normal 0 0 -1
    outer loop
      vertex -4.41152 1.82731 3
      vertex -6.00522 2.48744 3
      vertex -5.73249 3.06408 3
    endloop
  endfacet
  facet normal 0 0 -1
    outer loop
      vertex -6.4687 -0.637111 3
      vertex -4.75201 -0.468031 3
      vertex -6.3751 -1.26809 3
    endloop
  endfacet
  facet normal 0 0 -1
    outer loop
      vertex -4.56939 1.38611 3
      vertex -6.22011 1.88685 3
      vertex -6.00522 2.48744 3
    endloop
  endfacet
  facet normal -0 0 -1
    outer loop
      vertex -4.75201 -0.468031 3
      vertex -6.4687 -0.637111 3
      vertex -4.775 0 3
    endloop
  endfacet
  facet normal 0 0 -1
    outer loop
      vertex -4.68325 0.931556 3
      vertex -6.3751 1.26809 3
      vertex -6.22011 1.88685 3
    endloop
  endfacet
  facet normal 0 0 -1
    outer loop
      vertex -6.5 0 3
      vertex -4.775 0 3
      vertex -6.4687 -0.637111 3
    endloop
  endfacet
  facet normal 0 0 -1
    outer loop
      vertex -4.75201 0.468031 3
      vertex -6.4687 0.637111 3
      vertex -6.3751 1.26809 3
    endloop
  endfacet
  facet normal 0 0 -1
    outer loop
      vertex -4.775 0 3
      vertex -6.5 0 3
      vertex -6.4687 0.637111 3
    endloop
  endfacet
  facet normal -0.803211 -0.595695 0
    outer loop
      vertex -5.02457 -4.12356 3
      vertex -5.40455 -3.61121 4
      vertex -5.40455 -3.61121 3
    endloop
  endfacet
  facet normal -0.803211 -0.595695 0
    outer loop
      vertex -5.40455 -3.61121 4
      vertex -5.02457 -4.12356 3
      vertex -5.02457 -4.12356 4
    endloop
  endfacet
  facet normal -0.90399 -0.427555 0
    outer loop
      vertex -5.73249 -3.06408 3
      vertex -6.00522 -2.48744 4
      vertex -6.00522 -2.48744 3
    endloop
  endfacet
  facet normal -0.90399 -0.427555 0
    outer loop
      vertex -6.00522 -2.48744 4
      vertex -5.73249 -3.06408 3
      vertex -5.73249 -3.06408 4
    endloop
  endfacet
  facet normal -0.740941 -0.67157 0
    outer loop
      vertex -4.59619 -4.59619 3
      vertex -5.02457 -4.12356 4
      vertex -5.02457 -4.12356 3
    endloop
  endfacet
  facet normal -0.740941 -0.67157 0
    outer loop
      vertex -5.02457 -4.12356 4
      vertex -4.59619 -4.59619 3
      vertex -4.59619 -4.59619 4
    endloop
  endfacet
  facet normal 0.989176 0.146735 0
    outer loop
      vertex 6.4687 0.637111 4
      vertex 6.3751 1.26809 3
      vertex 6.3751 1.26809 4
    endloop
  endfacet
  facet normal 0.989176 0.146735 0
    outer loop
      vertex 6.3751 1.26809 3
      vertex 6.4687 0.637111 4
      vertex 6.4687 0.637111 3
    endloop
  endfacet
  facet normal 0.146728 0.989177 -0
    outer loop
      vertex 1.26809 6.3751 3
      vertex 0.75 6.45195 4
      vertex 1.26809 6.3751 4
    endloop
  endfacet
  facet normal 0.146728 0.989177 0
    outer loop
      vertex 0.75 6.45195 4
      vertex 1.26809 6.3751 3
      vertex 0.75 6.45195 3
    endloop
  endfacet
  facet normal 0.989176 -0.146735 0
    outer loop
      vertex 6.3751 -1.26809 4
      vertex 6.4687 -0.637111 3
      vertex 6.4687 -0.637111 4
    endloop
  endfacet
  facet normal 0.989176 -0.146735 0
    outer loop
      vertex 6.4687 -0.637111 3
      vertex 6.3751 -1.26809 4
      vertex 6.3751 -1.26809 3
    endloop
  endfacet
  facet normal 0.970032 -0.242978 0
    outer loop
      vertex 6.22011 -1.88685 4
      vertex 6.3751 -1.26809 3
      vertex 6.3751 -1.26809 4
    endloop
  endfacet
  facet normal 0.970032 -0.242978 0
    outer loop
      vertex 6.3751 -1.26809 3
      vertex 6.22011 -1.88685 4
      vertex 6.22011 -1.88685 3
    endloop
  endfacet
  facet normal 0.336884 -0.941546 0
    outer loop
      vertex 1.88685 -6.22011 3
      vertex 2.48744 -6.00522 4
      vertex 1.88685 -6.22011 4
    endloop
  endfacet
  facet normal 0.336884 -0.941546 0
    outer loop
      vertex 2.48744 -6.00522 4
      vertex 1.88685 -6.22011 3
      vertex 2.48744 -6.00522 3
    endloop
  endfacet
  facet normal 0.740941 -0.67157 0
    outer loop
      vertex 4.59619 -4.59619 4
      vertex 5.02457 -4.12356 3
      vertex 5.02457 -4.12356 4
    endloop
  endfacet
  facet normal 0.740941 -0.67157 0
    outer loop
      vertex 5.02457 -4.12356 3
      vertex 4.59619 -4.59619 4
      vertex 4.59619 -4.59619 3
    endloop
  endfacet
  facet normal 0.67157 -0.740941 0
    outer loop
      vertex 4.12356 -5.02457 3
      vertex 4.59619 -4.59619 4
      vertex 4.12356 -5.02457 4
    endloop
  endfacet
  facet normal 0.67157 -0.740941 0
    outer loop
      vertex 4.59619 -4.59619 4
      vertex 4.12356 -5.02457 3
      vertex 4.59619 -4.59619 3
    endloop
  endfacet
  facet normal 0.514106 -0.857727 0
    outer loop
      vertex 3.06408 -5.73249 3
      vertex 3.61121 -5.40455 4
      vertex 3.06408 -5.73249 4
    endloop
  endfacet
  facet normal 0.514106 -0.857727 0
    outer loop
      vertex 3.61121 -5.40455 4
      vertex 3.06408 -5.73249 3
      vertex 3.61121 -5.40455 3
    endloop
  endfacet
  facet normal 0.857727 -0.514106 0
    outer loop
      vertex 5.40455 -3.61121 4
      vertex 5.73249 -3.06408 3
      vertex 5.73249 -3.06408 4
    endloop
  endfacet
  facet normal 0.857727 -0.514106 0
    outer loop
      vertex 5.73249 -3.06408 3
      vertex 5.40455 -3.61121 4
      vertex 5.40455 -3.61121 3
    endloop
  endfacet
  facet normal -0.242978 -0.970032 0
    outer loop
      vertex -1.88685 -6.22011 3
      vertex -1.26809 -6.3751 4
      vertex -1.88685 -6.22011 4
    endloop
  endfacet
  facet normal -0.242978 -0.970032 -0
    outer loop
      vertex -1.26809 -6.3751 4
      vertex -1.88685 -6.22011 3
      vertex -1.26809 -6.3751 3
    endloop
  endfacet
  facet normal -0.595695 -0.803211 0
    outer loop
      vertex -4.12356 -5.02457 3
      vertex -3.61121 -5.40455 4
      vertex -4.12356 -5.02457 4
    endloop
  endfacet
  facet normal -0.595695 -0.803211 -0
    outer loop
      vertex -3.61121 -5.40455 4
      vertex -4.12356 -5.02457 3
      vertex -3.61121 -5.40455 3
    endloop
  endfacet
  facet normal -0.941546 -0.336884 0
    outer loop
      vertex -6.00522 -2.48744 3
      vertex -6.22011 -1.88685 4
      vertex -6.22011 -1.88685 3
    endloop
  endfacet
  facet normal -0.941546 -0.336884 0
    outer loop
      vertex -6.22011 -1.88685 4
      vertex -6.00522 -2.48744 3
      vertex -6.00522 -2.48744 4
    endloop
  endfacet
  facet normal -0.989176 -0.146735 0
    outer loop
      vertex -6.3751 -1.26809 3
      vertex -6.4687 -0.637111 4
      vertex -6.4687 -0.637111 3
    endloop
  endfacet
  facet normal -0.989176 -0.146735 0
    outer loop
      vertex -6.4687 -0.637111 4
      vertex -6.3751 -1.26809 3
      vertex -6.3751 -1.26809 4
    endloop
  endfacet
  facet normal -0.857727 -0.514106 0
    outer loop
      vertex -5.40455 -3.61121 3
      vertex -5.73249 -3.06408 4
      vertex -5.73249 -3.06408 3
    endloop
  endfacet
  facet normal -0.857727 -0.514106 0
    outer loop
      vertex -5.73249 -3.06408 4
      vertex -5.40455 -3.61121 3
      vertex -5.40455 -3.61121 4
    endloop
  endfacet
  facet normal -0.998796 -0.0490631 0
    outer loop
      vertex 2.7 0 0
      vertex 2.687 0.264646 4
      vertex 2.687 0.264646 0
    endloop
  endfacet
  facet normal -0.998796 -0.0490631 0
    outer loop
      vertex 2.687 0.264646 4
      vertex 2.7 0 0
      vertex 2.7 0 4
    endloop
  endfacet
  facet normal 0.998796 -0.0490631 0
    outer loop
      vertex -2.7 0 4
      vertex -2.687 0.264646 0
      vertex -2.687 0.264646 4
    endloop
  endfacet
  facet normal 0.998796 -0.0490631 0
    outer loop
      vertex -2.687 0.264646 0
      vertex -2.7 0 4
      vertex -2.7 0 0
    endloop
  endfacet
  facet normal 0.0490631 0.998796 -0
    outer loop
      vertex 0 -2.7 0
      vertex -0.264646 -2.687 4
      vertex 0 -2.7 4
    endloop
  endfacet
  facet normal 0.0490631 0.998796 0
    outer loop
      vertex -0.264646 -2.687 4
      vertex 0 -2.7 0
      vertex -0.264646 -2.687 0
    endloop
  endfacet
  facet normal -0.740957 -0.671552 0
    outer loop
      vertex 2.08713 1.71286 0
      vertex 1.90919 1.90919 4
      vertex 1.90919 1.90919 0
    endloop
  endfacet
  facet normal -0.740957 -0.671552 0
    outer loop
      vertex 1.90919 1.90919 4
      vertex 2.08713 1.71286 0
      vertex 2.08713 1.71286 4
    endloop
  endfacet
  facet normal 0.671552 -0.740957 0
    outer loop
      vertex -1.90919 1.90919 0
      vertex -1.71286 2.08713 4
      vertex -1.90919 1.90919 4
    endloop
  endfacet
  facet normal 0.671552 -0.740957 0
    outer loop
      vertex -1.71286 2.08713 4
      vertex -1.90919 1.90919 0
      vertex -1.71286 2.08713 0
    endloop
  endfacet
  facet normal 0.336903 -0.941539 0
    outer loop
      vertex -1.03325 2.49447 0
      vertex -0.783768 2.58374 4
      vertex -1.03325 2.49447 4
    endloop
  endfacet
  facet normal 0.336903 -0.941539 0
    outer loop
      vertex -0.783768 2.58374 4
      vertex -1.03325 2.49447 0
      vertex -0.783768 2.58374 0
    endloop
  endfacet
  facet normal -0.941539 -0.336903 0
    outer loop
      vertex 2.58374 0.783768 0
      vertex 2.49447 1.03325 4
      vertex 2.49447 1.03325 0
    endloop
  endfacet
  facet normal -0.941539 -0.336903 0
    outer loop
      vertex 2.49447 1.03325 4
      vertex 2.58374 0.783768 0
      vertex 2.58374 0.783768 4
    endloop
  endfacet
  facet normal -0.989176 -0.146736 0
    outer loop
      vertex 2.687 0.264646 0
      vertex 2.64812 0.526743 4
      vertex 2.64812 0.526743 0
    endloop
  endfacet
  facet normal -0.989176 -0.146736 0
    outer loop
      vertex 2.64812 0.526743 4
      vertex 2.687 0.264646 0
      vertex 2.687 0.264646 4
    endloop
  endfacet
  facet normal -0.427541 -0.903996 0
    outer loop
      vertex 1.03325 2.49447 0
      vertex 1.27277 2.38119 4
      vertex 1.03325 2.49447 4
    endloop
  endfacet
  facet normal -0.427541 -0.903996 -0
    outer loop
      vertex 1.27277 2.38119 4
      vertex 1.03325 2.49447 0
      vertex 1.27277 2.38119 0
    endloop
  endfacet
  facet normal -0.595704 -0.803204 0
    outer loop
      vertex 1.50004 2.24497 0
      vertex 1.71286 2.08713 4
      vertex 1.50004 2.24497 4
    endloop
  endfacet
  facet normal -0.595704 -0.803204 -0
    outer loop
      vertex 1.71286 2.08713 4
      vertex 1.50004 2.24497 0
      vertex 1.71286 2.08713 0
    endloop
  endfacet
  facet normal 0.903996 -0.427541 0
    outer loop
      vertex -2.49447 1.03325 4
      vertex -2.38119 1.27277 0
      vertex -2.38119 1.27277 4
    endloop
  endfacet
  facet normal 0.903996 -0.427541 0
    outer loop
      vertex -2.38119 1.27277 0
      vertex -2.49447 1.03325 4
      vertex -2.49447 1.03325 0
    endloop
  endfacet
  facet normal -0.970033 -0.242975 0
    outer loop
      vertex 2.64812 0.526743 0
      vertex 2.58374 0.783768 4
      vertex 2.58374 0.783768 0
    endloop
  endfacet
  facet normal -0.970033 -0.242975 0
    outer loop
      vertex 2.58374 0.783768 4
      vertex 2.64812 0.526743 0
      vertex 2.64812 0.526743 4
    endloop
  endfacet
  facet normal -0.857729 -0.514102 0
    outer loop
      vertex 2.38119 1.27277 0
      vertex 2.24497 1.50004 4
      vertex 2.24497 1.50004 0
    endloop
  endfacet
  facet normal -0.857729 -0.514102 0
    outer loop
      vertex 2.24497 1.50004 4
      vertex 2.38119 1.27277 0
      vertex 2.38119 1.27277 4
    endloop
  endfacet
  facet normal -0.803204 -0.595704 0
    outer loop
      vertex 2.24497 1.50004 0
      vertex 2.08713 1.71286 4
      vertex 2.08713 1.71286 0
    endloop
  endfacet
  facet normal -0.803204 -0.595704 0
    outer loop
      vertex 2.08713 1.71286 4
      vertex 2.24497 1.50004 0
      vertex 2.24497 1.50004 4
    endloop
  endfacet
  facet normal -0.903996 -0.427541 0
    outer loop
      vertex 2.49447 1.03325 0
      vertex 2.38119 1.27277 4
      vertex 2.38119 1.27277 0
    endloop
  endfacet
  facet normal -0.903996 -0.427541 0
    outer loop
      vertex 2.38119 1.27277 4
      vertex 2.49447 1.03325 0
      vertex 2.49447 1.03325 4
    endloop
  endfacet
  facet normal -0.243022 -0.970021 0
    outer loop
      vertex 0.75 2.5922 0
      vertex 0.783768 2.58374 4
      vertex 0.75 2.5922 4
    endloop
  endfacet
  facet normal -0.243022 -0.970021 -0
    outer loop
      vertex 0.783768 2.58374 4
      vertex 0.75 2.5922 0
      vertex 0.783768 2.58374 0
    endloop
  endfacet
  facet normal -0.336903 -0.941539 0
    outer loop
      vertex 0.783768 2.58374 0
      vertex 1.03325 2.49447 4
      vertex 0.783768 2.58374 4
    endloop
  endfacet
  facet normal -0.336903 -0.941539 -0
    outer loop
      vertex 1.03325 2.49447 4
      vertex 0.783768 2.58374 0
      vertex 1.03325 2.49447 0
    endloop
  endfacet
  facet normal -0.514102 -0.857729 0
    outer loop
      vertex 1.27277 2.38119 0
      vertex 1.50004 2.24497 4
      vertex 1.27277 2.38119 4
    endloop
  endfacet
  facet normal -0.514102 -0.857729 -0
    outer loop
      vertex 1.50004 2.24497 4
      vertex 1.27277 2.38119 0
      vertex 1.50004 2.24497 0
    endloop
  endfacet
  facet normal -0.671552 -0.740957 0
    outer loop
      vertex 1.71286 2.08713 0
      vertex 1.90919 1.90919 4
      vertex 1.71286 2.08713 4
    endloop
  endfacet
  facet normal -0.671552 -0.740957 -0
    outer loop
      vertex 1.90919 1.90919 4
      vertex 1.71286 2.08713 0
      vertex 1.90919 1.90919 0
    endloop
  endfacet
  facet normal 0.970033 -0.242975 0
    outer loop
      vertex -2.64812 0.526743 4
      vertex -2.58374 0.783768 0
      vertex -2.58374 0.783768 4
    endloop
  endfacet
  facet normal 0.970033 -0.242975 0
    outer loop
      vertex -2.58374 0.783768 0
      vertex -2.64812 0.526743 4
      vertex -2.64812 0.526743 0
    endloop
  endfacet
  facet normal 0.803204 -0.595704 0
    outer loop
      vertex -2.24497 1.50004 4
      vertex -2.08713 1.71286 0
      vertex -2.08713 1.71286 4
    endloop
  endfacet
  facet normal 0.803204 -0.595704 0
    outer loop
      vertex -2.08713 1.71286 0
      vertex -2.24497 1.50004 4
      vertex -2.24497 1.50004 0
    endloop
  endfacet
  facet normal 0.740957 -0.671552 0
    outer loop
      vertex -2.08713 1.71286 4
      vertex -1.90919 1.90919 0
      vertex -1.90919 1.90919 4
    endloop
  endfacet
  facet normal 0.740957 -0.671552 0
    outer loop
      vertex -1.90919 1.90919 0
      vertex -2.08713 1.71286 4
      vertex -2.08713 1.71286 0
    endloop
  endfacet
  facet normal 0.857729 -0.514102 0
    outer loop
      vertex -2.38119 1.27277 4
      vertex -2.24497 1.50004 0
      vertex -2.24497 1.50004 4
    endloop
  endfacet
  facet normal 0.857729 -0.514102 0
    outer loop
      vertex -2.24497 1.50004 0
      vertex -2.38119 1.27277 4
      vertex -2.38119 1.27277 0
    endloop
  endfacet
  facet normal 0.941539 -0.336903 0
    outer loop
      vertex -2.58374 0.783768 4
      vertex -2.49447 1.03325 0
      vertex -2.49447 1.03325 4
    endloop
  endfacet
  facet normal 0.941539 -0.336903 0
    outer loop
      vertex -2.49447 1.03325 0
      vertex -2.58374 0.783768 4
      vertex -2.58374 0.783768 0
    endloop
  endfacet
  facet normal 0.989176 -0.146736 0
    outer loop
      vertex -2.687 0.264646 4
      vertex -2.64812 0.526743 0
      vertex -2.64812 0.526743 4
    endloop
  endfacet
  facet normal 0.989176 -0.146736 0
    outer loop
      vertex -2.64812 0.526743 0
      vertex -2.687 0.264646 4
      vertex -2.687 0.264646 0
    endloop
  endfacet
  facet normal 0.514102 -0.857729 0
    outer loop
      vertex -1.50004 2.24497 0
      vertex -1.27277 2.38119 4
      vertex -1.50004 2.24497 4
    endloop
  endfacet
  facet normal 0.514102 -0.857729 0
    outer loop
      vertex -1.27277 2.38119 4
      vertex -1.50004 2.24497 0
      vertex -1.27277 2.38119 0
    endloop
  endfacet
  facet normal 0.427541 -0.903996 0
    outer loop
      vertex -1.27277 2.38119 0
      vertex -1.03325 2.49447 4
      vertex -1.27277 2.38119 4
    endloop
  endfacet
  facet normal 0.427541 -0.903996 0
    outer loop
      vertex -1.03325 2.49447 4
      vertex -1.27277 2.38119 0
      vertex -1.03325 2.49447 0
    endloop
  endfacet
  facet normal 0.595704 -0.803204 0
    outer loop
      vertex -1.71286 2.08713 0
      vertex -1.50004 2.24497 4
      vertex -1.71286 2.08713 4
    endloop
  endfacet
  facet normal 0.595704 -0.803204 0
    outer loop
      vertex -1.50004 2.24497 4
      vertex -1.71286 2.08713 0
      vertex -1.50004 2.24497 0
    endloop
  endfacet
  facet normal 0.243022 -0.970021 0
    outer loop
      vertex -0.783768 2.58374 0
      vertex -0.75 2.5922 4
      vertex -0.783768 2.58374 4
    endloop
  endfacet
  facet normal 0.243022 -0.970021 0
    outer loop
      vertex -0.75 2.5922 4
      vertex -0.783768 2.58374 0
      vertex -0.75 2.5922 0
    endloop
  endfacet
  facet normal -0.0490631 0.998796 0
    outer loop
      vertex 0.264646 -2.687 0
      vertex 0 -2.7 4
      vertex 0.264646 -2.687 4
    endloop
  endfacet
  facet normal -0.0490631 0.998796 0
    outer loop
      vertex 0 -2.7 4
      vertex 0.264646 -2.687 0
      vertex 0 -2.7 0
    endloop
  endfacet
  facet normal -0.242975 0.970033 0
    outer loop
      vertex 0.783768 -2.58374 0
      vertex 0.526743 -2.64812 4
      vertex 0.783768 -2.58374 4
    endloop
  endfacet
  facet normal -0.242975 0.970033 0
    outer loop
      vertex 0.526743 -2.64812 4
      vertex 0.783768 -2.58374 0
      vertex 0.526743 -2.64812 0
    endloop
  endfacet
  facet normal -0.595704 0.803204 0
    outer loop
      vertex 1.71286 -2.08713 0
      vertex 1.50004 -2.24497 4
      vertex 1.71286 -2.08713 4
    endloop
  endfacet
  facet normal -0.595704 0.803204 0
    outer loop
      vertex 1.50004 -2.24497 4
      vertex 1.71286 -2.08713 0
      vertex 1.50004 -2.24497 0
    endloop
  endfacet
  facet normal -0.427541 0.903996 0
    outer loop
      vertex 1.27277 -2.38119 0
      vertex 1.03325 -2.49447 4
      vertex 1.27277 -2.38119 4
    endloop
  endfacet
  facet normal -0.427541 0.903996 0
    outer loop
      vertex 1.03325 -2.49447 4
      vertex 1.27277 -2.38119 0
      vertex 1.03325 -2.49447 0
    endloop
  endfacet
  facet normal -0.740957 0.671552 0
    outer loop
      vertex 1.90919 -1.90919 0
      vertex 2.08713 -1.71286 4
      vertex 2.08713 -1.71286 0
    endloop
  endfacet
  facet normal -0.740957 0.671552 0
    outer loop
      vertex 2.08713 -1.71286 4
      vertex 1.90919 -1.90919 0
      vertex 1.90919 -1.90919 4
    endloop
  endfacet
  facet normal -0.857729 0.514102 0
    outer loop
      vertex 2.24497 -1.50004 0
      vertex 2.38119 -1.27277 4
      vertex 2.38119 -1.27277 0
    endloop
  endfacet
  facet normal -0.857729 0.514102 0
    outer loop
      vertex 2.38119 -1.27277 4
      vertex 2.24497 -1.50004 0
      vertex 2.24497 -1.50004 4
    endloop
  endfacet
  facet normal 0.671552 0.740957 -0
    outer loop
      vertex -1.71286 -2.08713 0
      vertex -1.90919 -1.90919 4
      vertex -1.71286 -2.08713 4
    endloop
  endfacet
  facet normal 0.671552 0.740957 0
    outer loop
      vertex -1.90919 -1.90919 4
      vertex -1.71286 -2.08713 0
      vertex -1.90919 -1.90919 0
    endloop
  endfacet
  facet normal 0.514102 0.857729 -0
    outer loop
      vertex -1.27277 -2.38119 0
      vertex -1.50004 -2.24497 4
      vertex -1.27277 -2.38119 4
    endloop
  endfacet
  facet normal 0.514102 0.857729 0
    outer loop
      vertex -1.50004 -2.24497 4
      vertex -1.27277 -2.38119 0
      vertex -1.50004 -2.24497 0
    endloop
  endfacet
  facet normal 0.336903 0.941539 -0
    outer loop
      vertex -0.783768 -2.58374 0
      vertex -1.03325 -2.49447 4
      vertex -0.783768 -2.58374 4
    endloop
  endfacet
  facet normal 0.336903 0.941539 0
    outer loop
      vertex -1.03325 -2.49447 4
      vertex -0.783768 -2.58374 0
      vertex -1.03325 -2.49447 0
    endloop
  endfacet
  facet normal 0.146736 0.989176 -0
    outer loop
      vertex -0.264646 -2.687 0
      vertex -0.526743 -2.64812 4
      vertex -0.264646 -2.687 4
    endloop
  endfacet
  facet normal 0.146736 0.989176 0
    outer loop
      vertex -0.526743 -2.64812 4
      vertex -0.264646 -2.687 0
      vertex -0.526743 -2.64812 0
    endloop
  endfacet
  facet normal 0.803204 0.595704 0
    outer loop
      vertex -2.08713 -1.71286 4
      vertex -2.24497 -1.50004 0
      vertex -2.24497 -1.50004 4
    endloop
  endfacet
  facet normal 0.803204 0.595704 0
    outer loop
      vertex -2.24497 -1.50004 0
      vertex -2.08713 -1.71286 4
      vertex -2.08713 -1.71286 0
    endloop
  endfacet
  facet normal 0.903996 0.427541 0
    outer loop
      vertex -2.38119 -1.27277 4
      vertex -2.49447 -1.03325 0
      vertex -2.49447 -1.03325 4
    endloop
  endfacet
  facet normal 0.903996 0.427541 0
    outer loop
      vertex -2.49447 -1.03325 0
      vertex -2.38119 -1.27277 4
      vertex -2.38119 -1.27277 0
    endloop
  endfacet
  facet normal 0.857729 0.514102 0
    outer loop
      vertex -2.24497 -1.50004 4
      vertex -2.38119 -1.27277 0
      vertex -2.38119 -1.27277 4
    endloop
  endfacet
  facet normal 0.857729 0.514102 0
    outer loop
      vertex -2.38119 -1.27277 0
      vertex -2.24497 -1.50004 4
      vertex -2.24497 -1.50004 0
    endloop
  endfacet
  facet normal 0.970033 0.242975 0
    outer loop
      vertex -2.58374 -0.783768 4
      vertex -2.64812 -0.526743 0
      vertex -2.64812 -0.526743 4
    endloop
  endfacet
  facet normal 0.970033 0.242975 0
    outer loop
      vertex -2.64812 -0.526743 0
      vertex -2.58374 -0.783768 4
      vertex -2.58374 -0.783768 0
    endloop
  endfacet
  facet normal 0.941539 0.336903 0
    outer loop
      vertex -2.49447 -1.03325 4
      vertex -2.58374 -0.783768 0
      vertex -2.58374 -0.783768 4
    endloop
  endfacet
  facet normal 0.941539 0.336903 0
    outer loop
      vertex -2.58374 -0.783768 0
      vertex -2.49447 -1.03325 4
      vertex -2.49447 -1.03325 0
    endloop
  endfacet
  facet normal 0.998796 0.0490631 0
    outer loop
      vertex -2.687 -0.264646 4
      vertex -2.7 0 0
      vertex -2.7 0 4
    endloop
  endfacet
  facet normal 0.998796 0.0490631 0
    outer loop
      vertex -2.7 0 0
      vertex -2.687 -0.264646 4
      vertex -2.687 -0.264646 0
    endloop
  endfacet
  facet normal -0.998796 0.0490631 0
    outer loop
      vertex 2.687 -0.264646 0
      vertex 2.7 0 4
      vertex 2.7 0 0
    endloop
  endfacet
  facet normal -0.998796 0.0490631 0
    outer loop
      vertex 2.7 0 4
      vertex 2.687 -0.264646 0
      vertex 2.687 -0.264646 4
    endloop
  endfacet
  facet normal -0.146736 0.989176 0
    outer loop
      vertex 0.526743 -2.64812 0
      vertex 0.264646 -2.687 4
      vertex 0.526743 -2.64812 4
    endloop
  endfacet
  facet normal -0.146736 0.989176 0
    outer loop
      vertex 0.264646 -2.687 4
      vertex 0.526743 -2.64812 0
      vertex 0.264646 -2.687 0
    endloop
  endfacet
  facet normal -0.336903 0.941539 0
    outer loop
      vertex 1.03325 -2.49447 0
      vertex 0.783768 -2.58374 4
      vertex 1.03325 -2.49447 4
    endloop
  endfacet
  facet normal -0.336903 0.941539 0
    outer loop
      vertex 0.783768 -2.58374 4
      vertex 1.03325 -2.49447 0
      vertex 0.783768 -2.58374 0
    endloop
  endfacet
  facet normal -0.671552 0.740957 0
    outer loop
      vertex 1.90919 -1.90919 0
      vertex 1.71286 -2.08713 4
      vertex 1.90919 -1.90919 4
    endloop
  endfacet
  facet normal -0.671552 0.740957 0
    outer loop
      vertex 1.71286 -2.08713 4
      vertex 1.90919 -1.90919 0
      vertex 1.71286 -2.08713 0
    endloop
  endfacet
  facet normal -0.514102 0.857729 0
    outer loop
      vertex 1.50004 -2.24497 0
      vertex 1.27277 -2.38119 4
      vertex 1.50004 -2.24497 4
    endloop
  endfacet
  facet normal -0.514102 0.857729 0
    outer loop
      vertex 1.27277 -2.38119 4
      vertex 1.50004 -2.24497 0
      vertex 1.27277 -2.38119 0
    endloop
  endfacet
  facet normal -0.803204 0.595704 0
    outer loop
      vertex 2.08713 -1.71286 0
      vertex 2.24497 -1.50004 4
      vertex 2.24497 -1.50004 0
    endloop
  endfacet
  facet normal -0.803204 0.595704 0
    outer loop
      vertex 2.24497 -1.50004 4
      vertex 2.08713 -1.71286 0
      vertex 2.08713 -1.71286 4
    endloop
  endfacet
  facet normal -0.903996 0.427541 0
    outer loop
      vertex 2.38119 -1.27277 0
      vertex 2.49447 -1.03325 4
      vertex 2.49447 -1.03325 0
    endloop
  endfacet
  facet normal -0.903996 0.427541 0
    outer loop
      vertex 2.49447 -1.03325 4
      vertex 2.38119 -1.27277 0
      vertex 2.38119 -1.27277 4
    endloop
  endfacet
  facet normal -0.970033 0.242975 0
    outer loop
      vertex 2.58374 -0.783768 0
      vertex 2.64812 -0.526743 4
      vertex 2.64812 -0.526743 0
    endloop
  endfacet
  facet normal -0.970033 0.242975 0
    outer loop
      vertex 2.64812 -0.526743 4
      vertex 2.58374 -0.783768 0
      vertex 2.58374 -0.783768 4
    endloop
  endfacet
  facet normal -0.941539 0.336903 0
    outer loop
      vertex 2.49447 -1.03325 0
      vertex 2.58374 -0.783768 4
      vertex 2.58374 -0.783768 0
    endloop
  endfacet
  facet normal -0.941539 0.336903 0
    outer loop
      vertex 2.58374 -0.783768 4
      vertex 2.49447 -1.03325 0
      vertex 2.49447 -1.03325 4
    endloop
  endfacet
  facet normal -0.989176 0.146736 0
    outer loop
      vertex 2.64812 -0.526743 0
      vertex 2.687 -0.264646 4
      vertex 2.687 -0.264646 0
    endloop
  endfacet
  facet normal -0.989176 0.146736 0
    outer loop
      vertex 2.687 -0.264646 4
      vertex 2.64812 -0.526743 0
      vertex 2.64812 -0.526743 4
    endloop
  endfacet
  facet normal 0.595704 0.803204 -0
    outer loop
      vertex -1.50004 -2.24497 0
      vertex -1.71286 -2.08713 4
      vertex -1.50004 -2.24497 4
    endloop
  endfacet
  facet normal 0.595704 0.803204 0
    outer loop
      vertex -1.71286 -2.08713 4
      vertex -1.50004 -2.24497 0
      vertex -1.71286 -2.08713 0
    endloop
  endfacet
  facet normal 0.427541 0.903996 -0
    outer loop
      vertex -1.03325 -2.49447 0
      vertex -1.27277 -2.38119 4
      vertex -1.03325 -2.49447 4
    endloop
  endfacet
  facet normal 0.427541 0.903996 0
    outer loop
      vertex -1.27277 -2.38119 4
      vertex -1.03325 -2.49447 0
      vertex -1.27277 -2.38119 0
    endloop
  endfacet
  facet normal 0.242975 0.970033 -0
    outer loop
      vertex -0.526743 -2.64812 0
      vertex -0.783768 -2.58374 4
      vertex -0.526743 -2.64812 4
    endloop
  endfacet
  facet normal 0.242975 0.970033 0
    outer loop
      vertex -0.783768 -2.58374 4
      vertex -0.526743 -2.64812 0
      vertex -0.783768 -2.58374 0
    endloop
  endfacet
  facet normal 0.740957 0.671552 0
    outer loop
      vertex -1.90919 -1.90919 4
      vertex -2.08713 -1.71286 0
      vertex -2.08713 -1.71286 4
    endloop
  endfacet
  facet normal 0.740957 0.671552 0
    outer loop
      vertex -2.08713 -1.71286 0
      vertex -1.90919 -1.90919 4
      vertex -1.90919 -1.90919 0
    endloop
  endfacet
  facet normal 0.989176 0.146736 0
    outer loop
      vertex -2.64812 -0.526743 4
      vertex -2.687 -0.264646 0
      vertex -2.687 -0.264646 4
    endloop
  endfacet
  facet normal 0.989176 0.146736 0
    outer loop
      vertex -2.687 -0.264646 0
      vertex -2.64812 -0.526743 4
      vertex -2.64812 -0.526743 0
    endloop
  endfacet
  facet normal 1 0 0
    outer loop
      vertex -0.75 6.45195 4
      vertex -0.75 4.71018 3
      vertex -0.75 6.45195 3
    endloop
  endfacet
  facet normal 1 0 0
    outer loop
      vertex -0.75 4.71018 3
      vertex -0.75 2.5922 4
      vertex -0.75 4.71018 1
    endloop
  endfacet
  facet normal 1 -0 0
    outer loop
      vertex -0.75 2.5922 4
      vertex -0.75 4.71018 3
      vertex -0.75 6.45195 4
    endloop
  endfacet
  facet normal 1 -0 0
    outer loop
      vertex -0.75 4.71018 1
      vertex -0.75 6.45195 0
      vertex -0.75 6.45195 1
    endloop
  endfacet
  facet normal 1 0 0
    outer loop
      vertex -0.75 4.71018 1
      vertex -0.75 2.5922 0
      vertex -0.75 6.45195 0
    endloop
  endfacet
  facet normal 1 0 0
    outer loop
      vertex -0.75 2.5922 0
      vertex -0.75 4.71018 1
      vertex -0.75 2.5922 4
    endloop
  endfacet
  facet normal -1 0 0
    outer loop
      vertex 0.75 6.45195 0
      vertex 0.75 4.71018 1
      vertex 0.75 6.45195 1
    endloop
  endfacet
  facet normal -1 -0 0
    outer loop
      vertex 0.75 4.71018 1
      vertex 0.75 2.5922 0
      vertex 0.75 4.71018 3
    endloop
  endfacet
  facet normal -1 0 0
    outer loop
      vertex 0.75 2.5922 0
      vertex 0.75 4.71018 1
      vertex 0.75 6.45195 0
    endloop
  endfacet
  facet normal -1 0 0
    outer loop
      vertex 0.75 4.71018 3
      vertex 0.75 6.45195 4
      vertex 0.75 6.45195 3
    endloop
  endfacet
  facet normal -1 0 0
    outer loop
      vertex 0.75 4.71018 3
      vertex 0.75 2.5922 4
      vertex 0.75 6.45195 4
    endloop
  endfacet
  facet normal -1 0 0
    outer loop
      vertex 0.75 2.5922 4
      vertex 0.75 4.71018 3
      vertex 0.75 2.5922 0
    endloop
  endfacet
endsolid OpenSCAD_Model
