solid OpenSCAD_Model
  facet normal 0.998798 0.0490192 0
    outer loop
      vertex 34.9103 1.825 2.2
      vertex 34.8315 3.4306 0
      vertex 34.8315 3.4306 2.2
    endloop
  endfacet
  facet normal 0.998798 0.0490192 0
    outer loop
      vertex 34.8315 3.4306 0
      vertex 34.9103 1.825 2.2
      vertex 34.9103 1.825 0
    endloop
  endfacet
  facet normal -0.998796 0.0490576 0
    outer loop
      vertex -35 0 0
      vertex -34.8315 3.4306 2.2
      vertex -34.8315 3.4306 0
    endloop
  endfacet
  facet normal -0.998796 0.0490576 0
    outer loop
      vertex -34.8315 3.4306 2.2
      vertex -35 0 0
      vertex -35 0 2.2
    endloop
  endfacet
  facet normal 0.0490576 0.998796 -0
    outer loop
      vertex 3.4306 34.8315 0
      vertex 0 35 2.2
      vertex 3.4306 34.8315 2.2
    endloop
  endfacet
  facet normal 0.0490576 0.998796 0
    outer loop
      vertex 0 35 2.2
      vertex 3.4306 34.8315 0
      vertex 0 35 0
    endloop
  endfacet
  facet normal 0.740931 0.671581 0
    outer loop
      vertex 27.0554 22.2038 2.2
      vertex 24.7487 24.7487 0
      vertex 24.7487 24.7487 2.2
    endloop
  endfacet
  facet normal 0.740931 0.671581 0
    outer loop
      vertex 24.7487 24.7487 0
      vertex 27.0554 22.2038 2.2
      vertex 27.0554 22.2038 0
    endloop
  endfacet
  facet normal -0.671581 0.740931 0
    outer loop
      vertex -22.2038 27.0554 0
      vertex -24.7487 24.7487 2.2
      vertex -22.2038 27.0554 2.2
    endloop
  endfacet
  facet normal -0.671581 0.740931 0
    outer loop
      vertex -24.7487 24.7487 2.2
      vertex -22.2038 27.0554 0
      vertex -24.7487 24.7487 0
    endloop
  endfacet
  facet normal -0.336888 0.941545 0
    outer loop
      vertex -10.16 33.4929 0
      vertex -13.3939 32.3358 2.2
      vertex -10.16 33.4929 2.2
    endloop
  endfacet
  facet normal -0.336888 0.941545 0
    outer loop
      vertex -13.3939 32.3358 2.2
      vertex -10.16 33.4929 0
      vertex -13.3939 32.3358 0
    endloop
  endfacet
  facet normal -0.97003 -0.242985 0
    outer loop
      vertex -33.4929 -10.16 0
      vertex -34.3275 -6.82816 2.2
      vertex -34.3275 -6.82816 0
    endloop
  endfacet
  facet normal -0.97003 -0.242985 0
    outer loop
      vertex -34.3275 -6.82816 2.2
      vertex -33.4929 -10.16 0
      vertex -33.4929 -10.16 2.2
    endloop
  endfacet
  facet normal 0.941545 0.336888 0
    outer loop
      vertex 33.4929 10.16 2.2
      vertex 32.3358 13.3939 0
      vertex 32.3358 13.3939 2.2
    endloop
  endfacet
  facet normal 0.941545 0.336888 0
    outer loop
      vertex 32.3358 13.3939 0
      vertex 33.4929 10.16 2.2
      vertex 33.4929 10.16 0
    endloop
  endfacet
  facet normal 0.427566 0.903984 -0
    outer loop
      vertex 16.4989 30.8672 0
      vertex 13.3939 32.3358 2.2
      vertex 16.4989 30.8672 2.2
    endloop
  endfacet
  facet normal 0.427566 0.903984 0
    outer loop
      vertex 13.3939 32.3358 2.2
      vertex 16.4989 30.8672 0
      vertex 13.3939 32.3358 0
    endloop
  endfacet
  facet normal -0.857732 0.514098 0
    outer loop
      vertex -30.8672 16.4989 0
      vertex -29.1014 19.445 2.2
      vertex -29.1014 19.445 0
    endloop
  endfacet
  facet normal -0.857732 0.514098 0
    outer loop
      vertex -29.1014 19.445 2.2
      vertex -30.8672 16.4989 0
      vertex -30.8672 16.4989 2.2
    endloop
  endfacet
  facet normal -0.803217 0.595687 0
    outer loop
      vertex -29.1014 19.445 0
      vertex -27.0554 22.2038 2.2
      vertex -27.0554 22.2038 0
    endloop
  endfacet
  facet normal -0.803217 0.595687 0
    outer loop
      vertex -27.0554 22.2038 2.2
      vertex -29.1014 19.445 0
      vertex -29.1014 19.445 2.2
    endloop
  endfacet
  facet normal -0.146736 0.989176 0
    outer loop
      vertex -3.4306 34.8315 0
      vertex -6.82816 34.3275 2.2
      vertex -3.4306 34.8315 2.2
    endloop
  endfacet
  facet normal -0.146736 0.989176 0
    outer loop
      vertex -6.82816 34.3275 2.2
      vertex -3.4306 34.8315 0
      vertex -6.82816 34.3275 0
    endloop
  endfacet
  facet normal 0.903984 -0.427566 0
    outer loop
      vertex 30.8672 -16.4989 2.2
      vertex 32.3358 -13.3939 0
      vertex 32.3358 -13.3939 2.2
    endloop
  endfacet
  facet normal 0.903984 -0.427566 0
    outer loop
      vertex 32.3358 -13.3939 0
      vertex 30.8672 -16.4989 2.2
      vertex 30.8672 -16.4989 0
    endloop
  endfacet
  facet normal 0.242985 -0.97003 0
    outer loop
      vertex 6.82816 -34.3275 0
      vertex 10.16 -33.4929 2.2
      vertex 6.82816 -34.3275 2.2
    endloop
  endfacet
  facet normal 0.242985 -0.97003 0
    outer loop
      vertex 10.16 -33.4929 2.2
      vertex 6.82816 -34.3275 0
      vertex 10.16 -33.4929 0
    endloop
  endfacet
  facet normal 0.671581 -0.740931 0
    outer loop
      vertex 22.2038 -27.0554 0
      vertex 24.7487 -24.7487 2.2
      vertex 22.2038 -27.0554 2.2
    endloop
  endfacet
  facet normal 0.671581 -0.740931 0
    outer loop
      vertex 24.7487 -24.7487 2.2
      vertex 22.2038 -27.0554 0
      vertex 24.7487 -24.7487 0
    endloop
  endfacet
  facet normal 0.97003 -0.242985 0
    outer loop
      vertex 33.4929 -10.16 2.2
      vertex 34.3275 -6.82816 0
      vertex 34.3275 -6.82816 2.2
    endloop
  endfacet
  facet normal 0.97003 -0.242985 0
    outer loop
      vertex 34.3275 -6.82816 0
      vertex 33.4929 -10.16 2.2
      vertex 33.4929 -10.16 0
    endloop
  endfacet
  facet normal -0.336888 -0.941545 0
    outer loop
      vertex -13.3939 -32.3358 0
      vertex -10.16 -33.4929 2.2
      vertex -13.3939 -32.3358 2.2
    endloop
  endfacet
  facet normal -0.336888 -0.941545 -0
    outer loop
      vertex -10.16 -33.4929 2.2
      vertex -13.3939 -32.3358 0
      vertex -10.16 -33.4929 0
    endloop
  endfacet
  facet normal -0.740931 -0.671581 0
    outer loop
      vertex -24.7487 -24.7487 0
      vertex -27.0554 -22.2038 2.2
      vertex -27.0554 -22.2038 0
    endloop
  endfacet
  facet normal -0.740931 -0.671581 0
    outer loop
      vertex -27.0554 -22.2038 2.2
      vertex -24.7487 -24.7487 0
      vertex -24.7487 -24.7487 2.2
    endloop
  endfacet
  facet normal -0.803217 -0.595687 0
    outer loop
      vertex -27.0554 -22.2038 0
      vertex -29.1014 -19.445 2.2
      vertex -29.1014 -19.445 0
    endloop
  endfacet
  facet normal -0.803217 -0.595687 0
    outer loop
      vertex -29.1014 -19.445 2.2
      vertex -27.0554 -22.2038 0
      vertex -27.0554 -22.2038 2.2
    endloop
  endfacet
  facet normal -0 0 -1
    outer loop
      vertex -15.7979 -10.5558 0
      vertex -29.1014 -19.445 0
      vertex -16.7565 -8.95654 0
    endloop
  endfacet
  facet normal 0 0 -1
    outer loop
      vertex -30.8672 -16.4989 0
      vertex -16.7565 -8.95654 0
      vertex -29.1014 -19.445 0
    endloop
  endfacet
  facet normal 0 0 -1
    outer loop
      vertex -32.3358 -13.3939 0
      vertex -17.5537 -7.27098 0
      vertex -30.8672 -16.4989 0
    endloop
  endfacet
  facet normal 0 0 -1
    outer loop
      vertex -22.2038 -27.0554 0
      vertex -16.9028 -25.0265 0
      vertex -19.445 -29.1014 0
    endloop
  endfacet
  facet normal 0 0 -1
    outer loop
      vertex -19.445 -29.1014 0
      vertex -16.9028 -25.0265 0
      vertex -19.0468 -29.3401 0
    endloop
  endfacet
  facet normal 0 0 -1
    outer loop
      vertex -19.0468 -29.3401 0
      vertex -16.9028 -25.0265 0
      vertex -16.643 -25.1765 0
    endloop
  endfacet
  facet normal 0 0 -1
    outer loop
      vertex 16.7565 -8.95654 0
      vertex 30.8672 -16.4989 0
      vertex 29.1014 -19.445 0
    endloop
  endfacet
  facet normal 0 0 -1
    outer loop
      vertex 16.7565 -8.95654 0
      vertex 29.1014 -19.445 0
      vertex 27.0554 -22.2038 0
    endloop
  endfacet
  facet normal 0 0 -1
    outer loop
      vertex 30.8672 -16.4989 0
      vertex 25.875 -2.125 0
      vertex 30.125 -2.125 0
    endloop
  endfacet
  facet normal 0 0 -1
    outer loop
      vertex 30.8672 -16.4989 0
      vertex 16.7565 -8.95654 0
      vertex 17.5537 -7.27098 0
    endloop
  endfacet
  facet normal 0 0 -1
    outer loop
      vertex 16.7565 -8.95654 0
      vertex 27.0554 -22.2038 0
      vertex 24.7487 -24.7487 0
    endloop
  endfacet
  facet normal 0 0 -1
    outer loop
      vertex 30.125 -2.125 0
      vertex 34.8315 -3.4306 0
      vertex 34.3275 -6.82816 0
    endloop
  endfacet
  facet normal 0 0 -1
    outer loop
      vertex 30.125 -2.125 0
      vertex 34.3275 -6.82816 0
      vertex 33.4929 -10.16 0
    endloop
  endfacet
  facet normal 0 0 -1
    outer loop
      vertex 30.125 -2.125 0
      vertex 33.4929 -10.16 0
      vertex 32.3358 -13.3939 0
    endloop
  endfacet
  facet normal 0 0 -1
    outer loop
      vertex 30.125 -2.125 0
      vertex 32.3358 -13.3939 0
      vertex 30.8672 -16.4989 0
    endloop
  endfacet
  facet normal 0 0 -1
    outer loop
      vertex 34.8315 -3.4306 0
      vertex 30.125 -2.125 0
      vertex 34.9103 -1.825 0
    endloop
  endfacet
  facet normal -0 0 -1
    outer loop
      vertex 34.9103 -1.825 0
      vertex 30.125 -2.125 0
      vertex 30.125 -1.825 0
    endloop
  endfacet
  facet normal 0 0 -1
    outer loop
      vertex 30.125 2.125 0
      vertex 34.8315 3.4306 0
      vertex 34.9103 1.825 0
    endloop
  endfacet
  facet normal -0 0 -1
    outer loop
      vertex 34.8315 3.4306 0
      vertex 30.125 2.125 0
      vertex 34.3275 6.82816 0
    endloop
  endfacet
  facet normal -0 0 -1
    outer loop
      vertex 34.3275 6.82816 0
      vertex 30.125 2.125 0
      vertex 33.4929 10.16 0
    endloop
  endfacet
  facet normal 0 0 -1
    outer loop
      vertex 25.875 2.125 0
      vertex 33.4929 10.16 0
      vertex 30.125 2.125 0
    endloop
  endfacet
  facet normal 0 0 -1
    outer loop
      vertex 30.125 2.125 0
      vertex 34.9103 1.825 0
      vertex 30.125 1.825 0
    endloop
  endfacet
  facet normal -0 0 -1
    outer loop
      vertex 33.4929 10.16 0
      vertex 25.875 2.125 0
      vertex 32.3358 13.3939 0
    endloop
  endfacet
  facet normal 0 0 -1
    outer loop
      vertex 17.5537 7.27098 0
      vertex 32.3358 13.3939 0
      vertex 25.875 2.125 0
    endloop
  endfacet
  facet normal -0 0 -1
    outer loop
      vertex 32.3358 13.3939 0
      vertex 17.5537 7.27098 0
      vertex 30.8672 16.4989 0
    endloop
  endfacet
  facet normal 0 0 -1
    outer loop
      vertex 16.7565 8.95654 0
      vertex 30.8672 16.4989 0
      vertex 17.5537 7.27098 0
    endloop
  endfacet
  facet normal -0 0 -1
    outer loop
      vertex 30.8672 16.4989 0
      vertex 16.7565 8.95654 0
      vertex 29.1014 19.445 0
    endloop
  endfacet
  facet normal 0 -0 -1
    outer loop
      vertex 18.1819 -5.51541 0
      vertex 25.875 -2.125 0
      vertex 17.5537 -7.27098 0
    endloop
  endfacet
  facet normal 0 0 -1
    outer loop
      vertex 13.435 -13.435 0
      vertex 24.7487 -24.7487 0
      vertex 22.2038 -27.0554 0
    endloop
  endfacet
  facet normal 0 0 -1
    outer loop
      vertex 18.9085 1.86232 0
      vertex 25.875 2.125 0
      vertex 19 0 0
    endloop
  endfacet
  facet normal 0 0 -1
    outer loop
      vertex 12.0535 -14.6872 0
      vertex 22.2038 -27.0554 0
      vertex 19.445 -29.1014 0
    endloop
  endfacet
  facet normal 0 0 -1
    outer loop
      vertex 18.6349 3.70672 0
      vertex 25.875 2.125 0
      vertex 18.9085 1.86232 0
    endloop
  endfacet
  facet normal 0 0 -1
    outer loop
      vertex 18.1819 5.51541 0
      vertex 25.875 2.125 0
      vertex 18.6349 3.70672 0
    endloop
  endfacet
  facet normal 0 0 -1
    outer loop
      vertex 25.875 -2.125 0
      vertex 19 0 0
      vertex 25.875 2.125 0
    endloop
  endfacet
  facet normal 0 -0 -1
    outer loop
      vertex 19 0 0
      vertex 25.875 -2.125 0
      vertex 18.9085 -1.86232 0
    endloop
  endfacet
  facet normal 0 -0 -1
    outer loop
      vertex 18.9085 -1.86232 0
      vertex 25.875 -2.125 0
      vertex 18.6349 -3.70672 0
    endloop
  endfacet
  facet normal 0 -0 -1
    outer loop
      vertex 18.6349 -3.70672 0
      vertex 25.875 -2.125 0
      vertex 18.1819 -5.51541 0
    endloop
  endfacet
  facet normal 0 0 -1
    outer loop
      vertex 30.8672 -16.4989 0
      vertex 17.5537 -7.27098 0
      vertex 25.875 -2.125 0
    endloop
  endfacet
  facet normal 0 0 -1
    outer loop
      vertex 10.5558 -15.7979 0
      vertex 19.445 -29.1014 0
      vertex 16.4989 -30.8672 0
    endloop
  endfacet
  facet normal 0 0 -1
    outer loop
      vertex 24.7487 -24.7487 0
      vertex 15.7979 -10.5558 0
      vertex 16.7565 -8.95654 0
    endloop
  endfacet
  facet normal 0 0 -1
    outer loop
      vertex 24.7487 -24.7487 0
      vertex 14.6872 -12.0535 0
      vertex 15.7979 -10.5558 0
    endloop
  endfacet
  facet normal 0 0 -1
    outer loop
      vertex 24.7487 -24.7487 0
      vertex 13.435 -13.435 0
      vertex 14.6872 -12.0535 0
    endloop
  endfacet
  facet normal 0 0 -1
    outer loop
      vertex 8.95654 -16.7565 0
      vertex 16.4989 -30.8672 0
      vertex 13.3939 -32.3358 0
    endloop
  endfacet
  facet normal 0 0 -1
    outer loop
      vertex 22.2038 -27.0554 0
      vertex 12.0535 -14.6872 0
      vertex 13.435 -13.435 0
    endloop
  endfacet
  facet normal 0 0 -1
    outer loop
      vertex 19.445 -29.1014 0
      vertex 10.5558 -15.7979 0
      vertex 12.0535 -14.6872 0
    endloop
  endfacet
  facet normal 0 0 -1
    outer loop
      vertex 7.27098 -17.5537 0
      vertex 13.3939 -32.3358 0
      vertex 10.16 -33.4929 0
    endloop
  endfacet
  facet normal 0 0 -1
    outer loop
      vertex 16.4989 -30.8672 0
      vertex 8.95654 -16.7565 0
      vertex 10.5558 -15.7979 0
    endloop
  endfacet
  facet normal 0 0 -1
    outer loop
      vertex 13.3939 -32.3358 0
      vertex 7.27098 -17.5537 0
      vertex 8.95654 -16.7565 0
    endloop
  endfacet
  facet normal 0 0 -1
    outer loop
      vertex 5.51541 -18.1819 0
      vertex 10.16 -33.4929 0
      vertex 6.82816 -34.3275 0
    endloop
  endfacet
  facet normal 0 0 -1
    outer loop
      vertex 10.16 -33.4929 0
      vertex 5.51541 -18.1819 0
      vertex 7.27098 -17.5537 0
    endloop
  endfacet
  facet normal 0 0 -1
    outer loop
      vertex 6.82816 -34.3275 0
      vertex 3.70672 -18.6349 0
      vertex 5.51541 -18.1819 0
    endloop
  endfacet
  facet normal 0 0 -1
    outer loop
      vertex 3.4306 -34.8315 0
      vertex 3.70672 -18.6349 0
      vertex 6.82816 -34.3275 0
    endloop
  endfacet
  facet normal 0 0 -1
    outer loop
      vertex 3.4306 -34.8315 0
      vertex 1.86232 -18.9085 0
      vertex 3.70672 -18.6349 0
    endloop
  endfacet
  facet normal 0 0 -1
    outer loop
      vertex 0 -35 0
      vertex 1.86232 -18.9085 0
      vertex 3.4306 -34.8315 0
    endloop
  endfacet
  facet normal 0 0 -1
    outer loop
      vertex 0 -35 0
      vertex 0 -19 0
      vertex 1.86232 -18.9085 0
    endloop
  endfacet
  facet normal 0 0 -1
    outer loop
      vertex 0 -35 0
      vertex -1.86232 -18.9085 0
      vertex 0 -19 0
    endloop
  endfacet
  facet normal 0 0 -1
    outer loop
      vertex -3.4306 -34.8315 0
      vertex -1.86232 -18.9085 0
      vertex 0 -35 0
    endloop
  endfacet
  facet normal 0 0 -1
    outer loop
      vertex -11.0972 -23.4709 0
      vertex -1.86232 -18.9085 0
      vertex -3.4306 -34.8315 0
    endloop
  endfacet
  facet normal -0 0 -1
    outer loop
      vertex -1.86232 -18.9085 0
      vertex -11.0972 -23.4709 0
      vertex -3.70672 -18.6349 0
    endloop
  endfacet
  facet normal 0 0 -1
    outer loop
      vertex -11.0972 -23.4709 0
      vertex -3.4306 -34.8315 0
      vertex -6.82816 -34.3275 0
    endloop
  endfacet
  facet normal -0 0 -1
    outer loop
      vertex -3.70672 -18.6349 0
      vertex -11.0972 -23.4709 0
      vertex -5.51541 -18.1819 0
    endloop
  endfacet
  facet normal -0 0 -1
    outer loop
      vertex -5.51541 -18.1819 0
      vertex -11.0972 -23.4709 0
      vertex -7.27098 -17.5537 0
    endloop
  endfacet
  facet normal 0 0 -1
    outer loop
      vertex -11.0972 -23.4709 0
      vertex -6.82816 -34.3275 0
      vertex -10.16 -33.4929 0
    endloop
  endfacet
  facet normal -0 0 -1
    outer loop
      vertex -7.27098 -17.5537 0
      vertex -11.0972 -23.4709 0
      vertex -8.95654 -16.7565 0
    endloop
  endfacet
  facet normal 0 0 -1
    outer loop
      vertex -14.7778 -21.3459 0
      vertex -8.95654 -16.7565 0
      vertex -11.0972 -23.4709 0
    endloop
  endfacet
  facet normal 0 0 -1
    outer loop
      vertex -10.16 -33.4929 0
      vertex -13.2222 -27.1515 0
      vertex -11.0972 -23.4709 0
    endloop
  endfacet
  facet normal 0 0 -1
    outer loop
      vertex -13.3939 -32.3358 0
      vertex -13.2222 -27.1515 0
      vertex -10.16 -33.4929 0
    endloop
  endfacet
  facet normal 0 0 -1
    outer loop
      vertex -15.8823 -31.1589 0
      vertex -13.2222 -27.1515 0
      vertex -13.3939 -32.3358 0
    endloop
  endfacet
  facet normal -0 0 -1
    outer loop
      vertex -13.2222 -27.1515 0
      vertex -15.8823 -31.1589 0
      vertex -13.482 -27.0015 0
    endloop
  endfacet
  facet normal 0 0 -1
    outer loop
      vertex -14.7778 21.3459 0
      vertex -10.5558 15.7979 0
      vertex -12.0535 14.6872 0
    endloop
  endfacet
  facet normal 0 0 -1
    outer loop
      vertex -14.7778 21.3459 0
      vertex -12.0535 14.6872 0
      vertex -13.435 13.435 0
    endloop
  endfacet
  facet normal 0 0 -1
    outer loop
      vertex -14.7778 21.3459 0
      vertex -13.435 13.435 0
      vertex -14.6872 12.0535 0
    endloop
  endfacet
  facet normal 0 0 -1
    outer loop
      vertex -10.5558 15.7979 0
      vertex -14.7778 21.3459 0
      vertex -11.0972 23.4709 0
    endloop
  endfacet
  facet normal 0 0 -1
    outer loop
      vertex -27.0554 22.2038 0
      vertex -14.6872 12.0535 0
      vertex -15.7979 10.5558 0
    endloop
  endfacet
  facet normal 0 0 -1
    outer loop
      vertex -29.1014 19.445 0
      vertex -15.7979 10.5558 0
      vertex -16.7565 8.95654 0
    endloop
  endfacet
  facet normal 0 0 -1
    outer loop
      vertex -14.6872 12.0535 0
      vertex -27.0554 22.2038 0
      vertex -14.7778 21.3459 0
    endloop
  endfacet
  facet normal 0 0 -1
    outer loop
      vertex -30.8672 16.4989 0
      vertex -16.7565 8.95654 0
      vertex -17.5537 7.27098 0
    endloop
  endfacet
  facet normal 0 0 -1
    outer loop
      vertex 17.5537 7.27098 0
      vertex 25.875 2.125 0
      vertex 18.1819 5.51541 0
    endloop
  endfacet
  facet normal 0 0 -1
    outer loop
      vertex 15.7979 10.5558 0
      vertex 29.1014 19.445 0
      vertex 16.7565 8.95654 0
    endloop
  endfacet
  facet normal -0 0 -1
    outer loop
      vertex 29.1014 19.445 0
      vertex 15.7979 10.5558 0
      vertex 27.0554 22.2038 0
    endloop
  endfacet
  facet normal 0 0 -1
    outer loop
      vertex 14.6872 12.0535 0
      vertex 27.0554 22.2038 0
      vertex 15.7979 10.5558 0
    endloop
  endfacet
  facet normal -0 0 -1
    outer loop
      vertex 27.0554 22.2038 0
      vertex 14.6872 12.0535 0
      vertex 24.7487 24.7487 0
    endloop
  endfacet
  facet normal 0 0 -1
    outer loop
      vertex 13.435 13.435 0
      vertex 24.7487 24.7487 0
      vertex 14.6872 12.0535 0
    endloop
  endfacet
  facet normal -0 0 -1
    outer loop
      vertex 24.7487 24.7487 0
      vertex 13.435 13.435 0
      vertex 22.2038 27.0554 0
    endloop
  endfacet
  facet normal 0 0 -1
    outer loop
      vertex 12.0535 14.6872 0
      vertex 22.2038 27.0554 0
      vertex 13.435 13.435 0
    endloop
  endfacet
  facet normal -0 0 -1
    outer loop
      vertex 22.2038 27.0554 0
      vertex 12.0535 14.6872 0
      vertex 19.445 29.1014 0
    endloop
  endfacet
  facet normal 0 0 -1
    outer loop
      vertex 10.5558 15.7979 0
      vertex 19.445 29.1014 0
      vertex 12.0535 14.6872 0
    endloop
  endfacet
  facet normal -0 0 -1
    outer loop
      vertex 19.445 29.1014 0
      vertex 10.5558 15.7979 0
      vertex 16.4989 30.8672 0
    endloop
  endfacet
  facet normal 0 0 -1
    outer loop
      vertex 8.95654 16.7565 0
      vertex 16.4989 30.8672 0
      vertex 10.5558 15.7979 0
    endloop
  endfacet
  facet normal -0 0 -1
    outer loop
      vertex 16.4989 30.8672 0
      vertex 8.95654 16.7565 0
      vertex 13.3939 32.3358 0
    endloop
  endfacet
  facet normal 0 0 -1
    outer loop
      vertex 7.27098 17.5537 0
      vertex 13.3939 32.3358 0
      vertex 8.95654 16.7565 0
    endloop
  endfacet
  facet normal -0 0 -1
    outer loop
      vertex 13.3939 32.3358 0
      vertex 7.27098 17.5537 0
      vertex 10.16 33.4929 0
    endloop
  endfacet
  facet normal 0 0 -1
    outer loop
      vertex 5.51541 18.1819 0
      vertex 10.16 33.4929 0
      vertex 7.27098 17.5537 0
    endloop
  endfacet
  facet normal -0 0 -1
    outer loop
      vertex 10.16 33.4929 0
      vertex 5.51541 18.1819 0
      vertex 6.82816 34.3275 0
    endloop
  endfacet
  facet normal 0 0 -1
    outer loop
      vertex 3.70672 18.6349 0
      vertex 6.82816 34.3275 0
      vertex 5.51541 18.1819 0
    endloop
  endfacet
  facet normal 0 0 -1
    outer loop
      vertex 3.70672 18.6349 0
      vertex 3.4306 34.8315 0
      vertex 6.82816 34.3275 0
    endloop
  endfacet
  facet normal 0 0 -1
    outer loop
      vertex 1.86232 18.9085 0
      vertex 3.4306 34.8315 0
      vertex 3.70672 18.6349 0
    endloop
  endfacet
  facet normal 0 0 -1
    outer loop
      vertex 0 19 0
      vertex 3.4306 34.8315 0
      vertex 1.86232 18.9085 0
    endloop
  endfacet
  facet normal 0 0 -1
    outer loop
      vertex 0 19 0
      vertex 0 35 0
      vertex 3.4306 34.8315 0
    endloop
  endfacet
  facet normal 0 0 -1
    outer loop
      vertex -1.86232 18.9085 0
      vertex 0 35 0
      vertex 0 19 0
    endloop
  endfacet
  facet normal 0 0 -1
    outer loop
      vertex -1.86232 18.9085 0
      vertex -3.4306 34.8315 0
      vertex 0 35 0
    endloop
  endfacet
  facet normal 0 0 -1
    outer loop
      vertex -11.0972 23.4709 0
      vertex -1.86232 18.9085 0
      vertex -3.70672 18.6349 0
    endloop
  endfacet
  facet normal 0 0 -1
    outer loop
      vertex -11.0972 23.4709 0
      vertex -3.70672 18.6349 0
      vertex -5.51541 18.1819 0
    endloop
  endfacet
  facet normal 0 0 -1
    outer loop
      vertex -1.86232 18.9085 0
      vertex -11.0972 23.4709 0
      vertex -3.4306 34.8315 0
    endloop
  endfacet
  facet normal 0 0 -1
    outer loop
      vertex -11.0972 23.4709 0
      vertex -5.51541 18.1819 0
      vertex -7.27098 17.5537 0
    endloop
  endfacet
  facet normal 0 0 -1
    outer loop
      vertex -11.0972 23.4709 0
      vertex -7.27098 17.5537 0
      vertex -8.95654 16.7565 0
    endloop
  endfacet
  facet normal 0 0 -1
    outer loop
      vertex -3.4306 34.8315 0
      vertex -11.0972 23.4709 0
      vertex -6.82816 34.3275 0
    endloop
  endfacet
  facet normal 0 0 -1
    outer loop
      vertex -11.0972 23.4709 0
      vertex -8.95654 16.7565 0
      vertex -10.5558 15.7979 0
    endloop
  endfacet
  facet normal 0 0 -1
    outer loop
      vertex -6.82816 34.3275 0
      vertex -11.0972 23.4709 0
      vertex -10.16 33.4929 0
    endloop
  endfacet
  facet normal 0 0 -1
    outer loop
      vertex -13.2222 27.1515 0
      vertex -10.16 33.4929 0
      vertex -11.0972 23.4709 0
    endloop
  endfacet
  facet normal 0 0 -1
    outer loop
      vertex -13.2222 27.1515 0
      vertex -13.3939 32.3358 0
      vertex -10.16 33.4929 0
    endloop
  endfacet
  facet normal 0 0 -1
    outer loop
      vertex -15.8823 31.1589 0
      vertex -13.2222 27.1515 0
      vertex -13.482 27.0015 0
    endloop
  endfacet
  facet normal 0 0 -1
    outer loop
      vertex -13.2222 27.1515 0
      vertex -15.8823 31.1589 0
      vertex -13.3939 32.3358 0
    endloop
  endfacet
  facet normal -0 0 -1
    outer loop
      vertex -8.95654 -16.7565 0
      vertex -14.7778 -21.3459 0
      vertex -10.5558 -15.7979 0
    endloop
  endfacet
  facet normal -0 0 -1
    outer loop
      vertex -10.5558 -15.7979 0
      vertex -14.7778 -21.3459 0
      vertex -12.0535 -14.6872 0
    endloop
  endfacet
  facet normal -0 0 -1
    outer loop
      vertex -12.0535 -14.6872 0
      vertex -14.7778 -21.3459 0
      vertex -13.435 -13.435 0
    endloop
  endfacet
  facet normal -0 0 -1
    outer loop
      vertex -13.435 -13.435 0
      vertex -14.7778 -21.3459 0
      vertex -14.6872 -12.0535 0
    endloop
  endfacet
  facet normal 0 0 -1
    outer loop
      vertex -27.0554 -22.2038 0
      vertex -14.6872 -12.0535 0
      vertex -14.7778 -21.3459 0
    endloop
  endfacet
  facet normal 0 0 -1
    outer loop
      vertex -27.0554 -22.2038 0
      vertex -14.7778 -21.3459 0
      vertex -16.9028 -25.0265 0
    endloop
  endfacet
  facet normal -0 0 -1
    outer loop
      vertex -14.6872 -12.0535 0
      vertex -27.0554 -22.2038 0
      vertex -15.7979 -10.5558 0
    endloop
  endfacet
  facet normal 0 0 -1
    outer loop
      vertex -29.1014 -19.445 0
      vertex -15.7979 -10.5558 0
      vertex -27.0554 -22.2038 0
    endloop
  endfacet
  facet normal 0 0 -1
    outer loop
      vertex -32.3358 13.3939 0
      vertex -17.5537 7.27098 0
      vertex -18.1819 5.51541 0
    endloop
  endfacet
  facet normal 0 0 -1
    outer loop
      vertex -33.4929 10.16 0
      vertex -18.1819 5.51541 0
      vertex -18.6349 3.70672 0
    endloop
  endfacet
  facet normal 0 0 -1
    outer loop
      vertex -34.3275 6.82816 0
      vertex -18.6349 3.70672 0
      vertex -18.9085 1.86232 0
    endloop
  endfacet
  facet normal 0 0 -1
    outer loop
      vertex -16.9028 25.0265 0
      vertex -19.0468 29.3401 0
      vertex -16.643 25.1765 0
    endloop
  endfacet
  facet normal 0 0 -1
    outer loop
      vertex -15.7979 10.5558 0
      vertex -29.1014 19.445 0
      vertex -27.0554 22.2038 0
    endloop
  endfacet
  facet normal 0 0 -1
    outer loop
      vertex -34.8315 3.4306 0
      vertex -18.9085 1.86232 0
      vertex -19 0 0
    endloop
  endfacet
  facet normal 0 0 -1
    outer loop
      vertex -24.7487 -24.7487 0
      vertex -16.9028 -25.0265 0
      vertex -22.2038 -27.0554 0
    endloop
  endfacet
  facet normal 0 0 -1
    outer loop
      vertex -27.0554 -22.2038 0
      vertex -16.9028 -25.0265 0
      vertex -24.7487 -24.7487 0
    endloop
  endfacet
  facet normal -0 0 -1
    outer loop
      vertex -16.7565 -8.95654 0
      vertex -30.8672 -16.4989 0
      vertex -17.5537 -7.27098 0
    endloop
  endfacet
  facet normal 0 0 -1
    outer loop
      vertex -16.9028 25.0265 0
      vertex -22.2038 27.0554 0
      vertex -19.445 29.1014 0
    endloop
  endfacet
  facet normal 0 0 -1
    outer loop
      vertex -16.9028 25.0265 0
      vertex -19.445 29.1014 0
      vertex -19.0468 29.3401 0
    endloop
  endfacet
  facet normal -0 0 -1
    outer loop
      vertex -17.5537 -7.27098 0
      vertex -32.3358 -13.3939 0
      vertex -18.1819 -5.51541 0
    endloop
  endfacet
  facet normal -0 0 -1
    outer loop
      vertex -16.9028 25.0265 0
      vertex -24.7487 24.7487 0
      vertex -22.2038 27.0554 0
    endloop
  endfacet
  facet normal 0 0 -1
    outer loop
      vertex -33.4929 -10.16 0
      vertex -18.1819 -5.51541 0
      vertex -32.3358 -13.3939 0
    endloop
  endfacet
  facet normal 0 0 -1
    outer loop
      vertex -14.7778 21.3459 0
      vertex -24.7487 24.7487 0
      vertex -16.9028 25.0265 0
    endloop
  endfacet
  facet normal -0 0 -1
    outer loop
      vertex -18.1819 -5.51541 0
      vertex -33.4929 -10.16 0
      vertex -18.6349 -3.70672 0
    endloop
  endfacet
  facet normal 0 -0 -1
    outer loop
      vertex -24.7487 24.7487 0
      vertex -14.7778 21.3459 0
      vertex -27.0554 22.2038 0
    endloop
  endfacet
  facet normal 0 0 -1
    outer loop
      vertex -34.3275 -6.82816 0
      vertex -18.6349 -3.70672 0
      vertex -33.4929 -10.16 0
    endloop
  endfacet
  facet normal 0 0 -1
    outer loop
      vertex -16.7565 8.95654 0
      vertex -30.8672 16.4989 0
      vertex -29.1014 19.445 0
    endloop
  endfacet
  facet normal -0 0 -1
    outer loop
      vertex -18.6349 -3.70672 0
      vertex -34.3275 -6.82816 0
      vertex -18.9085 -1.86232 0
    endloop
  endfacet
  facet normal 0 0 -1
    outer loop
      vertex -17.5537 7.27098 0
      vertex -32.3358 13.3939 0
      vertex -30.8672 16.4989 0
    endloop
  endfacet
  facet normal 0 0 -1
    outer loop
      vertex -34.8315 -3.4306 0
      vertex -18.9085 -1.86232 0
      vertex -34.3275 -6.82816 0
    endloop
  endfacet
  facet normal 0 0 -1
    outer loop
      vertex -18.1819 5.51541 0
      vertex -33.4929 10.16 0
      vertex -32.3358 13.3939 0
    endloop
  endfacet
  facet normal -0 0 -1
    outer loop
      vertex -18.9085 -1.86232 0
      vertex -34.8315 -3.4306 0
      vertex -19 0 0
    endloop
  endfacet
  facet normal 0 0 -1
    outer loop
      vertex -18.6349 3.70672 0
      vertex -34.3275 6.82816 0
      vertex -33.4929 10.16 0
    endloop
  endfacet
  facet normal 0 0 -1
    outer loop
      vertex -35 0 0
      vertex -19 0 0
      vertex -34.8315 -3.4306 0
    endloop
  endfacet
  facet normal 0 0 -1
    outer loop
      vertex -18.9085 1.86232 0
      vertex -34.8315 3.4306 0
      vertex -34.3275 6.82816 0
    endloop
  endfacet
  facet normal 0 0 -1
    outer loop
      vertex -19 0 0
      vertex -35 0 0
      vertex -34.8315 3.4306 0
    endloop
  endfacet
  facet normal 0.97003 0.242985 0
    outer loop
      vertex 34.3275 6.82816 2.2
      vertex 33.4929 10.16 0
      vertex 33.4929 10.16 2.2
    endloop
  endfacet
  facet normal 0.97003 0.242985 0
    outer loop
      vertex 33.4929 10.16 0
      vertex 34.3275 6.82816 2.2
      vertex 34.3275 6.82816 0
    endloop
  endfacet
  facet normal 0.989176 0.146736 0
    outer loop
      vertex 34.8315 3.4306 2.2
      vertex 34.3275 6.82816 0
      vertex 34.3275 6.82816 2.2
    endloop
  endfacet
  facet normal 0.989176 0.146736 0
    outer loop
      vertex 34.3275 6.82816 0
      vertex 34.8315 3.4306 2.2
      vertex 34.8315 3.4306 0
    endloop
  endfacet
  facet normal 0.857732 0.514098 0
    outer loop
      vertex 30.8672 16.4989 2.2
      vertex 29.1014 19.445 0
      vertex 29.1014 19.445 2.2
    endloop
  endfacet
  facet normal 0.857732 0.514098 0
    outer loop
      vertex 29.1014 19.445 0
      vertex 30.8672 16.4989 2.2
      vertex 30.8672 16.4989 0
    endloop
  endfacet
  facet normal 0.903984 0.427566 0
    outer loop
      vertex 32.3358 13.3939 2.2
      vertex 30.8672 16.4989 0
      vertex 30.8672 16.4989 2.2
    endloop
  endfacet
  facet normal 0.903984 0.427566 0
    outer loop
      vertex 30.8672 16.4989 0
      vertex 32.3358 13.3939 2.2
      vertex 32.3358 13.3939 0
    endloop
  endfacet
  facet normal 0.242985 0.97003 -0
    outer loop
      vertex 10.16 33.4929 0
      vertex 6.82816 34.3275 2.2
      vertex 10.16 33.4929 2.2
    endloop
  endfacet
  facet normal 0.242985 0.97003 0
    outer loop
      vertex 6.82816 34.3275 2.2
      vertex 10.16 33.4929 0
      vertex 6.82816 34.3275 0
    endloop
  endfacet
  facet normal 0.336888 0.941545 -0
    outer loop
      vertex 13.3939 32.3358 0
      vertex 10.16 33.4929 2.2
      vertex 13.3939 32.3358 2.2
    endloop
  endfacet
  facet normal 0.336888 0.941545 0
    outer loop
      vertex 10.16 33.4929 2.2
      vertex 13.3939 32.3358 0
      vertex 10.16 33.4929 0
    endloop
  endfacet
  facet normal 0.146736 0.989176 -0
    outer loop
      vertex 6.82816 34.3275 0
      vertex 3.4306 34.8315 2.2
      vertex 6.82816 34.3275 2.2
    endloop
  endfacet
  facet normal 0.146736 0.989176 0
    outer loop
      vertex 3.4306 34.8315 2.2
      vertex 6.82816 34.3275 0
      vertex 3.4306 34.8315 0
    endloop
  endfacet
  facet normal 0.595687 0.803217 -0
    outer loop
      vertex 22.2038 27.0554 0
      vertex 19.445 29.1014 2.2
      vertex 22.2038 27.0554 2.2
    endloop
  endfacet
  facet normal 0.595687 0.803217 0
    outer loop
      vertex 19.445 29.1014 2.2
      vertex 22.2038 27.0554 0
      vertex 19.445 29.1014 0
    endloop
  endfacet
  facet normal 0.671581 0.740931 -0
    outer loop
      vertex 24.7487 24.7487 0
      vertex 22.2038 27.0554 2.2
      vertex 24.7487 24.7487 2.2
    endloop
  endfacet
  facet normal 0.671581 0.740931 0
    outer loop
      vertex 22.2038 27.0554 2.2
      vertex 24.7487 24.7487 0
      vertex 22.2038 27.0554 0
    endloop
  endfacet
  facet normal -0.97003 0.242985 0
    outer loop
      vertex -34.3275 6.82816 0
      vertex -33.4929 10.16 2.2
      vertex -33.4929 10.16 0
    endloop
  endfacet
  facet normal -0.97003 0.242985 0
    outer loop
      vertex -33.4929 10.16 2.2
      vertex -34.3275 6.82816 0
      vertex -34.3275 6.82816 2.2
    endloop
  endfacet
  facet normal -0.903984 0.427566 0
    outer loop
      vertex -32.3358 13.3939 0
      vertex -30.8672 16.4989 2.2
      vertex -30.8672 16.4989 0
    endloop
  endfacet
  facet normal -0.903984 0.427566 0
    outer loop
      vertex -30.8672 16.4989 2.2
      vertex -32.3358 13.3939 0
      vertex -32.3358 13.3939 2.2
    endloop
  endfacet
  facet normal -0.941545 0.336888 0
    outer loop
      vertex -33.4929 10.16 0
      vertex -32.3358 13.3939 2.2
      vertex -32.3358 13.3939 0
    endloop
  endfacet
  facet normal -0.941545 0.336888 0
    outer loop
      vertex -32.3358 13.3939 2.2
      vertex -33.4929 10.16 0
      vertex -33.4929 10.16 2.2
    endloop
  endfacet
  facet normal -0.989176 0.146736 0
    outer loop
      vertex -34.8315 3.4306 0
      vertex -34.3275 6.82816 2.2
      vertex -34.3275 6.82816 0
    endloop
  endfacet
  facet normal -0.989176 0.146736 0
    outer loop
      vertex -34.3275 6.82816 2.2
      vertex -34.8315 3.4306 0
      vertex -34.8315 3.4306 2.2
    endloop
  endfacet
  facet normal 0 0 1
    outer loop
      vertex -18.4615 23.6613 2.2
      vertex -18.9085 1.86232 2.2
      vertex -18.6349 3.70672 2.2
    endloop
  endfacet
  facet normal 0 0 1
    outer loop
      vertex -22.2038 27.0554 2.2
      vertex -18.4976 24.1015 2.2
      vertex -18.4904 24.543 2.2
    endloop
  endfacet
  facet normal 0 0 1
    outer loop
      vertex -18.4615 23.6613 2.2
      vertex -29.1014 19.445 2.2
      vertex -18.9085 1.86232 2.2
    endloop
  endfacet
  facet normal 0 0 1
    outer loop
      vertex -18.3467 25.4134 2.2
      vertex -22.2038 27.0554 2.2
      vertex -18.4399 24.9817 2.2
    endloop
  endfacet
  facet normal 0 0 1
    outer loop
      vertex -18.2116 25.8338 2.2
      vertex -22.2038 27.0554 2.2
      vertex -18.3467 25.4134 2.2
    endloop
  endfacet
  facet normal 0 0 1
    outer loop
      vertex -18.0359 26.239 2.2
      vertex -22.2038 27.0554 2.2
      vertex -18.2116 25.8338 2.2
    endloop
  endfacet
  facet normal -0 0 1
    outer loop
      vertex -22.2038 27.0554 2.2
      vertex -18.0359 26.239 2.2
      vertex -19.445 29.1014 2.2
    endloop
  endfacet
  facet normal 0 0 1
    outer loop
      vertex -17.8214 26.625 2.2
      vertex -19.445 29.1014 2.2
      vertex -18.0359 26.239 2.2
    endloop
  endfacet
  facet normal 0 0 1
    outer loop
      vertex -17.6349 26.8945 2.2
      vertex -19.445 29.1014 2.2
      vertex -17.8214 26.625 2.2
    endloop
  endfacet
  facet normal -0 0 1
    outer loop
      vertex -19.445 29.1014 2.2
      vertex -17.6349 26.8945 2.2
      vertex -19.0468 29.3401 2.2
    endloop
  endfacet
  facet normal 0 0 1
    outer loop
      vertex -9.67844 -25.4838 2.2
      vertex -9.73881 -25.6952 2.2
      vertex -9.67844 -28.5874 2.2
    endloop
  endfacet
  facet normal 0 0 1
    outer loop
      vertex 31.182 3.18198 2.2
      vertex 34.8315 3.4306 2.2
      vertex 34.3275 6.82816 2.2
    endloop
  endfacet
  facet normal 0 0 1
    outer loop
      vertex 29.7221 4.15746 2.2
      vertex 34.3275 6.82816 2.2
      vertex 33.4929 10.16 2.2
    endloop
  endfacet
  facet normal 0 0 1
    outer loop
      vertex 28 4.5 2.2
      vertex 33.4929 10.16 2.2
      vertex 32.3358 13.3939 2.2
    endloop
  endfacet
  facet normal 0 0 1
    outer loop
      vertex 34.3275 6.82816 2.2
      vertex 30.8548 3.47855 2.2
      vertex 31.182 3.18198 2.2
    endloop
  endfacet
  facet normal 0 0 1
    outer loop
      vertex 34.8315 3.4306 2.2
      vertex 32.1088 1.825 2.2
      vertex 34.9103 1.825 2.2
    endloop
  endfacet
  facet normal 0 -0 1
    outer loop
      vertex 32.1088 1.825 2.2
      vertex 34.8315 3.4306 2.2
      vertex 31.9686 2.12128 2.2
    endloop
  endfacet
  facet normal 0 -0 1
    outer loop
      vertex 31.9686 2.12128 2.2
      vertex 34.8315 3.4306 2.2
      vertex 31.7416 2.50007 2.2
    endloop
  endfacet
  facet normal 0 0 1
    outer loop
      vertex 34.8315 3.4306 2.2
      vertex 31.4785 2.85477 2.2
      vertex 31.7416 2.50007 2.2
    endloop
  endfacet
  facet normal 0 0 1
    outer loop
      vertex 26.6937 4.30623 2.2
      vertex 32.3358 13.3939 2.2
      vertex 30.8672 16.4989 2.2
    endloop
  endfacet
  facet normal 0 0 1
    outer loop
      vertex 34.8315 3.4306 2.2
      vertex 31.182 3.18198 2.2
      vertex 31.4785 2.85477 2.2
    endloop
  endfacet
  facet normal 0 0 1
    outer loop
      vertex 34.3275 6.82816 2.2
      vertex 30.5001 3.74161 2.2
      vertex 30.8548 3.47855 2.2
    endloop
  endfacet
  facet normal 0 0 1
    outer loop
      vertex 34.3275 6.82816 2.2
      vertex 30.1213 3.96865 2.2
      vertex 30.5001 3.74161 2.2
    endloop
  endfacet
  facet normal 0 0 1
    outer loop
      vertex 34.3275 6.82816 2.2
      vertex 29.7221 4.15746 2.2
      vertex 30.1213 3.96865 2.2
    endloop
  endfacet
  facet normal 0 0 1
    outer loop
      vertex 33.4929 10.16 2.2
      vertex 29.3063 4.30623 2.2
      vertex 29.7221 4.15746 2.2
    endloop
  endfacet
  facet normal 0 0 1
    outer loop
      vertex 17.5537 7.27098 2.2
      vertex 30.8672 16.4989 2.2
      vertex 29.1014 19.445 2.2
    endloop
  endfacet
  facet normal 0 0 1
    outer loop
      vertex 33.4929 10.16 2.2
      vertex 28.8779 4.41353 2.2
      vertex 29.3063 4.30623 2.2
    endloop
  endfacet
  facet normal 0 0 1
    outer loop
      vertex 33.4929 10.16 2.2
      vertex 28.4411 4.47833 2.2
      vertex 28.8779 4.41353 2.2
    endloop
  endfacet
  facet normal 0 0 1
    outer loop
      vertex 33.4929 10.16 2.2
      vertex 28 4.5 2.2
      vertex 28.4411 4.47833 2.2
    endloop
  endfacet
  facet normal 0 0 1
    outer loop
      vertex 32.3358 13.3939 2.2
      vertex 27.5589 4.47833 2.2
      vertex 28 4.5 2.2
    endloop
  endfacet
  facet normal 0 0 1
    outer loop
      vertex 32.3358 13.3939 2.2
      vertex 27.1221 4.41353 2.2
      vertex 27.5589 4.47833 2.2
    endloop
  endfacet
  facet normal 0 0 1
    outer loop
      vertex 17.5537 7.27098 2.2
      vertex 29.1014 19.445 2.2
      vertex 27.0554 22.2038 2.2
    endloop
  endfacet
  facet normal 0 0 1
    outer loop
      vertex 32.3358 13.3939 2.2
      vertex 26.6937 4.30623 2.2
      vertex 27.1221 4.41353 2.2
    endloop
  endfacet
  facet normal 0 0 1
    outer loop
      vertex 30.8672 16.4989 2.2
      vertex 17.5537 7.27098 2.2
      vertex 26.6937 4.30623 2.2
    endloop
  endfacet
  facet normal 0 0 1
    outer loop
      vertex 26.6937 4.30623 2.2
      vertex 17.5537 7.27098 2.2
      vertex 26.2779 4.15746 2.2
    endloop
  endfacet
  facet normal 0 0 1
    outer loop
      vertex 26.2779 4.15746 2.2
      vertex 17.5537 7.27098 2.2
      vertex 25.8787 3.96865 2.2
    endloop
  endfacet
  facet normal 0 0 1
    outer loop
      vertex 25.8787 3.96865 2.2
      vertex 17.5537 7.27098 2.2
      vertex 25.4999 3.74161 2.2
    endloop
  endfacet
  facet normal -0 -0 1
    outer loop
      vertex 18.1819 5.51541 2.2
      vertex 25.4999 3.74161 2.2
      vertex 17.5537 7.27098 2.2
    endloop
  endfacet
  facet normal 0 0 1
    outer loop
      vertex 17.5537 7.27098 2.2
      vertex 27.0554 22.2038 2.2
      vertex 24.7487 24.7487 2.2
    endloop
  endfacet
  facet normal 0 0 1
    outer loop
      vertex 25.4999 3.74161 2.2
      vertex 18.1819 5.51541 2.2
      vertex 25.1452 3.47855 2.2
    endloop
  endfacet
  facet normal 0 0 1
    outer loop
      vertex 25.1452 3.47855 2.2
      vertex 18.1819 5.51541 2.2
      vertex 24.818 3.18198 2.2
    endloop
  endfacet
  facet normal 0 0 1
    outer loop
      vertex 24.818 3.18198 2.2
      vertex 18.1819 5.51541 2.2
      vertex 24.5215 2.85477 2.2
    endloop
  endfacet
  facet normal -0 -0 1
    outer loop
      vertex 18.6349 3.70672 2.2
      vertex 24.5215 2.85477 2.2
      vertex 18.1819 5.51541 2.2
    endloop
  endfacet
  facet normal 0 0 1
    outer loop
      vertex 24.5215 2.85477 2.2
      vertex 18.6349 3.70672 2.2
      vertex 24.2584 2.50007 2.2
    endloop
  endfacet
  facet normal 0 0 1
    outer loop
      vertex 24.2584 2.50007 2.2
      vertex 18.6349 3.70672 2.2
      vertex 24.0314 2.12128 2.2
    endloop
  endfacet
  facet normal 0 -0 1
    outer loop
      vertex 18.9085 1.86232 2.2
      vertex 24.0314 2.12128 2.2
      vertex 18.6349 3.70672 2.2
    endloop
  endfacet
  facet normal 0 0 1
    outer loop
      vertex 24.0314 2.12128 2.2
      vertex 18.9085 1.86232 2.2
      vertex 23.8425 1.72207 2.2
    endloop
  endfacet
  facet normal 0 0 1
    outer loop
      vertex 17.5537 7.27098 2.2
      vertex 24.7487 24.7487 2.2
      vertex 22.2038 27.0554 2.2
    endloop
  endfacet
  facet normal -0 0 1
    outer loop
      vertex 32.1088 -1.825 2.2
      vertex 34.8315 -3.4306 2.2
      vertex 34.9103 -1.825 2.2
    endloop
  endfacet
  facet normal -0 0 1
    outer loop
      vertex 31.4785 -2.85477 2.2
      vertex 34.8315 -3.4306 2.2
      vertex 31.7416 -2.50007 2.2
    endloop
  endfacet
  facet normal -0 0 1
    outer loop
      vertex 30.8548 -3.47855 2.2
      vertex 34.3275 -6.82816 2.2
      vertex 31.182 -3.18198 2.2
    endloop
  endfacet
  facet normal 0 0 1
    outer loop
      vertex 34.8315 -3.4306 2.2
      vertex 32.1088 -1.825 2.2
      vertex 31.9686 -2.12128 2.2
    endloop
  endfacet
  facet normal 0 0 1
    outer loop
      vertex 34.8315 -3.4306 2.2
      vertex 31.9686 -2.12128 2.2
      vertex 31.7416 -2.50007 2.2
    endloop
  endfacet
  facet normal -0 0 1
    outer loop
      vertex 31.182 -3.18198 2.2
      vertex 34.8315 -3.4306 2.2
      vertex 31.4785 -2.85477 2.2
    endloop
  endfacet
  facet normal 0 0 1
    outer loop
      vertex 34.8315 -3.4306 2.2
      vertex 31.182 -3.18198 2.2
      vertex 34.3275 -6.82816 2.2
    endloop
  endfacet
  facet normal -0 0 1
    outer loop
      vertex 30.5001 -3.74161 2.2
      vertex 34.3275 -6.82816 2.2
      vertex 30.8548 -3.47855 2.2
    endloop
  endfacet
  facet normal -0 0 1
    outer loop
      vertex 30.1213 -3.96865 2.2
      vertex 34.3275 -6.82816 2.2
      vertex 30.5001 -3.74161 2.2
    endloop
  endfacet
  facet normal -0 0 1
    outer loop
      vertex 29.7221 -4.15746 2.2
      vertex 34.3275 -6.82816 2.2
      vertex 30.1213 -3.96865 2.2
    endloop
  endfacet
  facet normal 0 0 1
    outer loop
      vertex 34.3275 -6.82816 2.2
      vertex 29.7221 -4.15746 2.2
      vertex 33.4929 -10.16 2.2
    endloop
  endfacet
  facet normal -0 0 1
    outer loop
      vertex 29.3063 -4.30623 2.2
      vertex 33.4929 -10.16 2.2
      vertex 29.7221 -4.15746 2.2
    endloop
  endfacet
  facet normal -0 0 1
    outer loop
      vertex 28.8779 -4.41353 2.2
      vertex 33.4929 -10.16 2.2
      vertex 29.3063 -4.30623 2.2
    endloop
  endfacet
  facet normal -0 0 1
    outer loop
      vertex 28.4411 -4.47833 2.2
      vertex 33.4929 -10.16 2.2
      vertex 28.8779 -4.41353 2.2
    endloop
  endfacet
  facet normal -0 0 1
    outer loop
      vertex 28 -4.5 2.2
      vertex 33.4929 -10.16 2.2
      vertex 28.4411 -4.47833 2.2
    endloop
  endfacet
  facet normal 0 0 1
    outer loop
      vertex 33.4929 -10.16 2.2
      vertex 28 -4.5 2.2
      vertex 32.3358 -13.3939 2.2
    endloop
  endfacet
  facet normal 0 0 1
    outer loop
      vertex 27.5589 -4.47833 2.2
      vertex 32.3358 -13.3939 2.2
      vertex 28 -4.5 2.2
    endloop
  endfacet
  facet normal 0 0 1
    outer loop
      vertex 27.1221 -4.41353 2.2
      vertex 32.3358 -13.3939 2.2
      vertex 27.5589 -4.47833 2.2
    endloop
  endfacet
  facet normal 0 0 1
    outer loop
      vertex 26.6937 -4.30623 2.2
      vertex 32.3358 -13.3939 2.2
      vertex 27.1221 -4.41353 2.2
    endloop
  endfacet
  facet normal 0 0 1
    outer loop
      vertex 32.3358 -13.3939 2.2
      vertex 26.6937 -4.30623 2.2
      vertex 30.8672 -16.4989 2.2
    endloop
  endfacet
  facet normal -0 0 1
    outer loop
      vertex 16.7565 -8.95654 2.2
      vertex 30.8672 -16.4989 2.2
      vertex 26.6937 -4.30623 2.2
    endloop
  endfacet
  facet normal 0 0 1
    outer loop
      vertex 30.8672 -16.4989 2.2
      vertex 16.7565 -8.95654 2.2
      vertex 29.1014 -19.445 2.2
    endloop
  endfacet
  facet normal 0 0 1
    outer loop
      vertex 16.7565 -8.95654 2.2
      vertex 26.6937 -4.30623 2.2
      vertex 26.2779 -4.15746 2.2
    endloop
  endfacet
  facet normal 0 0 1
    outer loop
      vertex 17.5537 -7.27098 2.2
      vertex 26.2779 -4.15746 2.2
      vertex 25.8787 -3.96865 2.2
    endloop
  endfacet
  facet normal 0 0 1
    outer loop
      vertex 17.5537 -7.27098 2.2
      vertex 25.8787 -3.96865 2.2
      vertex 25.4999 -3.74161 2.2
    endloop
  endfacet
  facet normal 0 0 1
    outer loop
      vertex 18.1819 -5.51541 2.2
      vertex 25.4999 -3.74161 2.2
      vertex 25.1452 -3.47855 2.2
    endloop
  endfacet
  facet normal 0 0 1
    outer loop
      vertex 18.1819 -5.51541 2.2
      vertex 25.1452 -3.47855 2.2
      vertex 24.818 -3.18198 2.2
    endloop
  endfacet
  facet normal -0 0 1
    outer loop
      vertex 15.7979 -10.5558 2.2
      vertex 29.1014 -19.445 2.2
      vertex 16.7565 -8.95654 2.2
    endloop
  endfacet
  facet normal 0 0 1
    outer loop
      vertex 18.1819 -5.51541 2.2
      vertex 24.818 -3.18198 2.2
      vertex 24.5215 -2.85477 2.2
    endloop
  endfacet
  facet normal 0 0 1
    outer loop
      vertex 18.6349 -3.70672 2.2
      vertex 24.5215 -2.85477 2.2
      vertex 24.2584 -2.50007 2.2
    endloop
  endfacet
  facet normal 0 0 1
    outer loop
      vertex 18.6349 -3.70672 2.2
      vertex 24.2584 -2.50007 2.2
      vertex 24.0314 -2.12128 2.2
    endloop
  endfacet
  facet normal -0 0 1
    outer loop
      vertex 18.9085 -1.86232 2.2
      vertex 24.0314 -2.12128 2.2
      vertex 23.8425 -1.72207 2.2
    endloop
  endfacet
  facet normal 0 0 1
    outer loop
      vertex 18.9085 -1.86232 2.2
      vertex 23.8425 -1.72207 2.2
      vertex 23.6938 -1.30628 2.2
    endloop
  endfacet
  facet normal 0 0 1
    outer loop
      vertex 18.9085 -1.86232 2.2
      vertex 23.6938 -1.30628 2.2
      vertex 23.5865 -0.877906 2.2
    endloop
  endfacet
  facet normal 0 0 1
    outer loop
      vertex 19 0 2.2
      vertex 23.5865 -0.877906 2.2
      vertex 23.5217 -0.441076 2.2
    endloop
  endfacet
  facet normal 0 0 1
    outer loop
      vertex 26.2779 -4.15746 2.2
      vertex 17.5537 -7.27098 2.2
      vertex 16.7565 -8.95654 2.2
    endloop
  endfacet
  facet normal -0 0 1
    outer loop
      vertex 19 0 2.2
      vertex 23.5217 -0.441076 2.2
      vertex 23.5 0 2.2
    endloop
  endfacet
  facet normal 0 0 1
    outer loop
      vertex 23.8425 1.72207 2.2
      vertex 18.9085 1.86232 2.2
      vertex 23.6938 1.30628 2.2
    endloop
  endfacet
  facet normal 0 0 1
    outer loop
      vertex 12.0535 14.6872 2.2
      vertex 22.2038 27.0554 2.2
      vertex 19.445 29.1014 2.2
    endloop
  endfacet
  facet normal 0 0 1
    outer loop
      vertex 23.5865 -0.877906 2.2
      vertex 19 0 2.2
      vertex 18.9085 -1.86232 2.2
    endloop
  endfacet
  facet normal 0 0 1
    outer loop
      vertex 24.0314 -2.12128 2.2
      vertex 18.9085 -1.86232 2.2
      vertex 18.6349 -3.70672 2.2
    endloop
  endfacet
  facet normal 0 0 1
    outer loop
      vertex 23.5217 0.441076 2.2
      vertex 19 0 2.2
      vertex 23.5 0 2.2
    endloop
  endfacet
  facet normal 0 0 1
    outer loop
      vertex 23.5865 0.877906 2.2
      vertex 19 0 2.2
      vertex 23.5217 0.441076 2.2
    endloop
  endfacet
  facet normal 0 -0 1
    outer loop
      vertex 19 0 2.2
      vertex 23.5865 0.877906 2.2
      vertex 18.9085 1.86232 2.2
    endloop
  endfacet
  facet normal 0 0 1
    outer loop
      vertex 23.6938 1.30628 2.2
      vertex 18.9085 1.86232 2.2
      vertex 23.5865 0.877906 2.2
    endloop
  endfacet
  facet normal 0 0 1
    outer loop
      vertex 22.2038 27.0554 2.2
      vertex 16.7565 8.95654 2.2
      vertex 17.5537 7.27098 2.2
    endloop
  endfacet
  facet normal 0 0 1
    outer loop
      vertex 10.5558 15.7979 2.2
      vertex 19.445 29.1014 2.2
      vertex 16.4989 30.8672 2.2
    endloop
  endfacet
  facet normal 0 0 1
    outer loop
      vertex 22.2038 27.0554 2.2
      vertex 15.7979 10.5558 2.2
      vertex 16.7565 8.95654 2.2
    endloop
  endfacet
  facet normal 0 0 1
    outer loop
      vertex 22.2038 27.0554 2.2
      vertex 14.6872 12.0535 2.2
      vertex 15.7979 10.5558 2.2
    endloop
  endfacet
  facet normal 0 0 1
    outer loop
      vertex 22.2038 27.0554 2.2
      vertex 13.435 13.435 2.2
      vertex 14.6872 12.0535 2.2
    endloop
  endfacet
  facet normal 0 0 1
    outer loop
      vertex 8.95654 16.7565 2.2
      vertex 16.4989 30.8672 2.2
      vertex 13.3939 32.3358 2.2
    endloop
  endfacet
  facet normal 0 0 1
    outer loop
      vertex 22.2038 27.0554 2.2
      vertex 12.0535 14.6872 2.2
      vertex 13.435 13.435 2.2
    endloop
  endfacet
  facet normal 0 0 1
    outer loop
      vertex 19.445 29.1014 2.2
      vertex 10.5558 15.7979 2.2
      vertex 12.0535 14.6872 2.2
    endloop
  endfacet
  facet normal 0 0 1
    outer loop
      vertex 7.27098 17.5537 2.2
      vertex 13.3939 32.3358 2.2
      vertex 10.16 33.4929 2.2
    endloop
  endfacet
  facet normal 0 0 1
    outer loop
      vertex 16.4989 30.8672 2.2
      vertex 8.95654 16.7565 2.2
      vertex 10.5558 15.7979 2.2
    endloop
  endfacet
  facet normal 0 0 1
    outer loop
      vertex 13.3939 32.3358 2.2
      vertex 7.27098 17.5537 2.2
      vertex 8.95654 16.7565 2.2
    endloop
  endfacet
  facet normal 0 0 1
    outer loop
      vertex 5.51541 18.1819 2.2
      vertex 10.16 33.4929 2.2
      vertex 6.82816 34.3275 2.2
    endloop
  endfacet
  facet normal 0 0 1
    outer loop
      vertex 10.16 33.4929 2.2
      vertex 5.51541 18.1819 2.2
      vertex 7.27098 17.5537 2.2
    endloop
  endfacet
  facet normal 0 0 1
    outer loop
      vertex 6.82816 34.3275 2.2
      vertex 3.70672 18.6349 2.2
      vertex 5.51541 18.1819 2.2
    endloop
  endfacet
  facet normal 0 0 1
    outer loop
      vertex 3.4306 34.8315 2.2
      vertex 3.70672 18.6349 2.2
      vertex 6.82816 34.3275 2.2
    endloop
  endfacet
  facet normal 0 0 1
    outer loop
      vertex 3.4306 34.8315 2.2
      vertex 1.86232 18.9085 2.2
      vertex 3.70672 18.6349 2.2
    endloop
  endfacet
  facet normal 0 0 1
    outer loop
      vertex 0 35 2.2
      vertex 1.86232 18.9085 2.2
      vertex 3.4306 34.8315 2.2
    endloop
  endfacet
  facet normal 0 0 1
    outer loop
      vertex 0 35 2.2
      vertex 0 19 2.2
      vertex 1.86232 18.9085 2.2
    endloop
  endfacet
  facet normal 0 0 1
    outer loop
      vertex 0 35 2.2
      vertex -1.86232 18.9085 2.2
      vertex 0 19 2.2
    endloop
  endfacet
  facet normal -0 0 1
    outer loop
      vertex -3.4306 34.8315 2.2
      vertex -1.86232 18.9085 2.2
      vertex 0 35 2.2
    endloop
  endfacet
  facet normal -0 0 1
    outer loop
      vertex -9.61755 25.2706 2.2
      vertex -1.86232 18.9085 2.2
      vertex -3.4306 34.8315 2.2
    endloop
  endfacet
  facet normal -0 -0 1
    outer loop
      vertex -9.5385 24.8361 2.2
      vertex -1.86232 18.9085 2.2
      vertex -9.61755 25.2706 2.2
    endloop
  endfacet
  facet normal 0 0 1
    outer loop
      vertex -9.90111 26.1059 2.2
      vertex -3.4306 34.8315 2.2
      vertex -6.82816 34.3275 2.2
    endloop
  endfacet
  facet normal 0 0 1
    outer loop
      vertex -1.86232 18.9085 2.2
      vertex -9.50241 24.3959 2.2
      vertex -3.70672 18.6349 2.2
    endloop
  endfacet
  facet normal -0 0 1
    outer loop
      vertex -9.5601 23.5157 2.2
      vertex -3.70672 18.6349 2.2
      vertex -9.50963 23.9544 2.2
    endloop
  endfacet
  facet normal -0 0 1
    outer loop
      vertex -9.65333 23.084 2.2
      vertex -3.70672 18.6349 2.2
      vertex -9.5601 23.5157 2.2
    endloop
  endfacet
  facet normal -0 0 1
    outer loop
      vertex -9.50963 23.9544 2.2
      vertex -3.70672 18.6349 2.2
      vertex -9.50241 24.3959 2.2
    endloop
  endfacet
  facet normal -0 -0 1
    outer loop
      vertex -9.50241 24.3959 2.2
      vertex -1.86232 18.9085 2.2
      vertex -9.5385 24.8361 2.2
    endloop
  endfacet
  facet normal 0 0 1
    outer loop
      vertex -3.4306 34.8315 2.2
      vertex -9.73881 25.6952 2.2
      vertex -9.61755 25.2706 2.2
    endloop
  endfacet
  facet normal 0 0 1
    outer loop
      vertex -3.4306 34.8315 2.2
      vertex -9.90111 26.1059 2.2
      vertex -9.73881 25.6952 2.2
    endloop
  endfacet
  facet normal 0 0 1
    outer loop
      vertex -6.82816 34.3275 2.2
      vertex -10.1029 26.4987 2.2
      vertex -9.90111 26.1059 2.2
    endloop
  endfacet
  facet normal 0 0 1
    outer loop
      vertex -10.6167 27.2158 2.2
      vertex -6.82816 34.3275 2.2
      vertex -10.16 33.4929 2.2
    endloop
  endfacet
  facet normal 0 0 1
    outer loop
      vertex -6.82816 34.3275 2.2
      vertex -10.3422 26.8699 2.2
      vertex -10.1029 26.4987 2.2
    endloop
  endfacet
  facet normal 0 0 1
    outer loop
      vertex -6.82816 34.3275 2.2
      vertex -10.6167 27.2158 2.2
      vertex -10.3422 26.8699 2.2
    endloop
  endfacet
  facet normal 0 0 1
    outer loop
      vertex -10.16 33.4929 2.2
      vertex -10.9238 27.5331 2.2
      vertex -10.6167 27.2158 2.2
    endloop
  endfacet
  facet normal 0 0 1
    outer loop
      vertex -10.16 33.4929 2.2
      vertex -11.2606 27.8188 2.2
      vertex -10.9238 27.5331 2.2
    endloop
  endfacet
  facet normal 0 0 1
    outer loop
      vertex -10.16 33.4929 2.2
      vertex -11.6237 28.0701 2.2
      vertex -11.2606 27.8188 2.2
    endloop
  endfacet
  facet normal 0 0 1
    outer loop
      vertex -10.16 33.4929 2.2
      vertex -12.0097 28.2846 2.2
      vertex -11.6237 28.0701 2.2
    endloop
  endfacet
  facet normal -0 0 1
    outer loop
      vertex -13.3939 32.3358 2.2
      vertex -12.0097 28.2846 2.2
      vertex -10.16 33.4929 2.2
    endloop
  endfacet
  facet normal 0 0 1
    outer loop
      vertex -12.0097 28.2846 2.2
      vertex -13.3939 32.3358 2.2
      vertex -12.4149 28.4603 2.2
    endloop
  endfacet
  facet normal 0 0 1
    outer loop
      vertex -12.4149 28.4603 2.2
      vertex -13.3939 32.3358 2.2
      vertex -12.8353 28.5954 2.2
    endloop
  endfacet
  facet normal 0 0 1
    outer loop
      vertex -12.8353 28.5954 2.2
      vertex -13.3939 32.3358 2.2
      vertex -13.267 28.6886 2.2
    endloop
  endfacet
  facet normal 0 0 1
    outer loop
      vertex -13.3939 32.3358 2.2
      vertex -13.7057 28.7391 2.2
      vertex -13.267 28.6886 2.2
    endloop
  endfacet
  facet normal 0 0 1
    outer loop
      vertex -13.3939 32.3358 2.2
      vertex -14.1472 28.7463 2.2
      vertex -13.7057 28.7391 2.2
    endloop
  endfacet
  facet normal -0 0 1
    outer loop
      vertex -15.8823 31.1589 2.2
      vertex -14.1472 28.7463 2.2
      vertex -13.3939 32.3358 2.2
    endloop
  endfacet
  facet normal 0 0 1
    outer loop
      vertex -14.1472 28.7463 2.2
      vertex -15.8823 31.1589 2.2
      vertex -14.4739 28.7195 2.2
    endloop
  endfacet
  facet normal 0 0 1
    outer loop
      vertex -8.32474 -25.3439 2.2
      vertex -9.50963 -23.9544 2.2
      vertex -9.50241 -24.3959 2.2
    endloop
  endfacet
  facet normal 0 0 1
    outer loop
      vertex -7.27098 -17.5537 2.2
      vertex -9.5601 -23.5157 2.2
      vertex -9.50963 -23.9544 2.2
    endloop
  endfacet
  facet normal 0 0 1
    outer loop
      vertex -7.27098 -17.5537 2.2
      vertex -9.65333 -23.084 2.2
      vertex -9.5601 -23.5157 2.2
    endloop
  endfacet
  facet normal 0 0 1
    outer loop
      vertex -7.27098 -17.5537 2.2
      vertex -9.78842 -22.6636 2.2
      vertex -9.65333 -23.084 2.2
    endloop
  endfacet
  facet normal 0 0 1
    outer loop
      vertex -7.27098 -17.5537 2.2
      vertex -9.96407 -22.2584 2.2
      vertex -9.78842 -22.6636 2.2
    endloop
  endfacet
  facet normal 0 0 1
    outer loop
      vertex -7.27098 -17.5537 2.2
      vertex -10.1786 -21.8724 2.2
      vertex -9.96407 -22.2584 2.2
    endloop
  endfacet
  facet normal 0 0 1
    outer loop
      vertex -7.27098 -17.5537 2.2
      vertex -10.4299 -21.5093 2.2
      vertex -10.1786 -21.8724 2.2
    endloop
  endfacet
  facet normal 0 0 1
    outer loop
      vertex -11.75 -20.3516 2.2
      vertex -8.95654 -16.7565 2.2
      vertex -10.5558 -15.7979 2.2
    endloop
  endfacet
  facet normal 0 0 1
    outer loop
      vertex -7.27098 -17.5537 2.2
      vertex -10.7156 -21.1725 2.2
      vertex -10.4299 -21.5093 2.2
    endloop
  endfacet
  facet normal 0 0 1
    outer loop
      vertex -8.95654 -16.7565 2.2
      vertex -11.0329 -20.8654 2.2
      vertex -10.7156 -21.1725 2.2
    endloop
  endfacet
  facet normal 0 0 1
    outer loop
      vertex -8.95654 -16.7565 2.2
      vertex -11.3788 -20.5909 2.2
      vertex -11.0329 -20.8654 2.2
    endloop
  endfacet
  facet normal 0 0 1
    outer loop
      vertex -8.95654 -16.7565 2.2
      vertex -11.75 -20.3516 2.2
      vertex -11.3788 -20.5909 2.2
    endloop
  endfacet
  facet normal 0 0 1
    outer loop
      vertex -13.4126 -19.7872 2.2
      vertex -10.5558 -15.7979 2.2
      vertex -12.0535 -14.6872 2.2
    endloop
  endfacet
  facet normal 0 0 1
    outer loop
      vertex -10.5558 -15.7979 2.2
      vertex -12.1428 -20.1498 2.2
      vertex -11.75 -20.3516 2.2
    endloop
  endfacet
  facet normal 0 0 1
    outer loop
      vertex -10.5558 -15.7979 2.2
      vertex -12.5535 -19.9875 2.2
      vertex -12.1428 -20.1498 2.2
    endloop
  endfacet
  facet normal 0 0 1
    outer loop
      vertex -10.5558 -15.7979 2.2
      vertex -12.9782 -19.8663 2.2
      vertex -12.5535 -19.9875 2.2
    endloop
  endfacet
  facet normal 0 0 1
    outer loop
      vertex -10.5558 -15.7979 2.2
      vertex -13.4126 -19.7872 2.2
      vertex -12.9782 -19.8663 2.2
    endloop
  endfacet
  facet normal 0 0 1
    outer loop
      vertex -14.2943 -19.7583 2.2
      vertex -12.0535 -14.6872 2.2
      vertex -13.435 -13.435 2.2
    endloop
  endfacet
  facet normal 0 0 1
    outer loop
      vertex -12.0535 -14.6872 2.2
      vertex -13.8528 -19.7511 2.2
      vertex -13.4126 -19.7872 2.2
    endloop
  endfacet
  facet normal 0 0 1
    outer loop
      vertex -12.0535 -14.6872 2.2
      vertex -14.2943 -19.7583 2.2
      vertex -13.8528 -19.7511 2.2
    endloop
  endfacet
  facet normal 0 0 1
    outer loop
      vertex -15.5851 -20.0371 2.2
      vertex -13.435 -13.435 2.2
      vertex -14.6872 -12.0535 2.2
    endloop
  endfacet
  facet normal 0 0 1
    outer loop
      vertex -13.435 -13.435 2.2
      vertex -14.733 -19.8088 2.2
      vertex -14.2943 -19.7583 2.2
    endloop
  endfacet
  facet normal 0 0 1
    outer loop
      vertex -13.435 -13.435 2.2
      vertex -15.1647 -19.902 2.2
      vertex -14.733 -19.8088 2.2
    endloop
  endfacet
  facet normal 0 0 1
    outer loop
      vertex -13.435 -13.435 2.2
      vertex -15.5851 -20.0371 2.2
      vertex -15.1647 -19.902 2.2
    endloop
  endfacet
  facet normal 0 0 1
    outer loop
      vertex -16.7394 -20.6786 2.2
      vertex -14.6872 -12.0535 2.2
      vertex -15.7979 -10.5558 2.2
    endloop
  endfacet
  facet normal 0 0 1
    outer loop
      vertex -14.6872 -12.0535 2.2
      vertex -15.9903 -20.2128 2.2
      vertex -15.5851 -20.0371 2.2
    endloop
  endfacet
  facet normal 0 0 1
    outer loop
      vertex -14.6872 -12.0535 2.2
      vertex -16.3763 -20.4273 2.2
      vertex -15.9903 -20.2128 2.2
    endloop
  endfacet
  facet normal 0 0 1
    outer loop
      vertex -14.6872 -12.0535 2.2
      vertex -16.7394 -20.6786 2.2
      vertex -16.3763 -20.4273 2.2
    endloop
  endfacet
  facet normal 0 0 1
    outer loop
      vertex -29.1014 -19.445 2.2
      vertex -15.7979 -10.5558 2.2
      vertex -16.7565 -8.95654 2.2
    endloop
  endfacet
  facet normal 0 0 1
    outer loop
      vertex -15.7979 -10.5558 2.2
      vertex -17.0762 -20.9643 2.2
      vertex -16.7394 -20.6786 2.2
    endloop
  endfacet
  facet normal 0 0 1
    outer loop
      vertex -15.7979 -10.5558 2.2
      vertex -29.1014 -19.445 2.2
      vertex -17.0762 -20.9643 2.2
    endloop
  endfacet
  facet normal 0 0 1
    outer loop
      vertex -30.8672 -16.4989 2.2
      vertex -16.7565 -8.95654 2.2
      vertex -17.5537 -7.27098 2.2
    endloop
  endfacet
  facet normal 0 0 1
    outer loop
      vertex -17.0762 -20.9643 2.2
      vertex -29.1014 -19.445 2.2
      vertex -17.3833 -21.2817 2.2
    endloop
  endfacet
  facet normal 0 -0 1
    outer loop
      vertex -27.0554 -22.2038 2.2
      vertex -17.3833 -21.2817 2.2
      vertex -29.1014 -19.445 2.2
    endloop
  endfacet
  facet normal 0 0 1
    outer loop
      vertex -17.3833 -21.2817 2.2
      vertex -27.0554 -22.2038 2.2
      vertex -17.6578 -21.6276 2.2
    endloop
  endfacet
  facet normal 0 0 1
    outer loop
      vertex -32.3358 -13.3939 2.2
      vertex -17.5537 -7.27098 2.2
      vertex -18.1819 -5.51541 2.2
    endloop
  endfacet
  facet normal 0 0 1
    outer loop
      vertex -17.6578 -21.6276 2.2
      vertex -27.0554 -22.2038 2.2
      vertex -17.8971 -21.9987 2.2
    endloop
  endfacet
  facet normal 0 0 1
    outer loop
      vertex -17.8971 -21.9987 2.2
      vertex -27.0554 -22.2038 2.2
      vertex -18.0989 -22.3915 2.2
    endloop
  endfacet
  facet normal 0 -0 1
    outer loop
      vertex -24.7487 -24.7487 2.2
      vertex -18.0989 -22.3915 2.2
      vertex -27.0554 -22.2038 2.2
    endloop
  endfacet
  facet normal 0 0 1
    outer loop
      vertex -18.0989 -22.3915 2.2
      vertex -24.7487 -24.7487 2.2
      vertex -18.2612 -22.8022 2.2
    endloop
  endfacet
  facet normal 0 0 1
    outer loop
      vertex -33.4929 -10.16 2.2
      vertex -18.1819 -5.51541 2.2
      vertex -18.6349 -3.70672 2.2
    endloop
  endfacet
  facet normal 0 0 1
    outer loop
      vertex -3.70672 18.6349 2.2
      vertex -9.65333 23.084 2.2
      vertex -5.51541 18.1819 2.2
    endloop
  endfacet
  facet normal -0 0 1
    outer loop
      vertex -9.78842 22.6636 2.2
      vertex -5.51541 18.1819 2.2
      vertex -9.65333 23.084 2.2
    endloop
  endfacet
  facet normal -0 0 1
    outer loop
      vertex -9.96407 22.2584 2.2
      vertex -5.51541 18.1819 2.2
      vertex -9.78842 22.6636 2.2
    endloop
  endfacet
  facet normal 0 0 1
    outer loop
      vertex -5.51541 18.1819 2.2
      vertex -9.96407 22.2584 2.2
      vertex -7.27098 17.5537 2.2
    endloop
  endfacet
  facet normal -0 0 1
    outer loop
      vertex -10.1786 21.8724 2.2
      vertex -7.27098 17.5537 2.2
      vertex -9.96407 22.2584 2.2
    endloop
  endfacet
  facet normal -0 0 1
    outer loop
      vertex -10.4299 21.5093 2.2
      vertex -7.27098 17.5537 2.2
      vertex -10.1786 21.8724 2.2
    endloop
  endfacet
  facet normal -0 0 1
    outer loop
      vertex -10.7156 21.1725 2.2
      vertex -7.27098 17.5537 2.2
      vertex -10.4299 21.5093 2.2
    endloop
  endfacet
  facet normal 0 0 1
    outer loop
      vertex -7.27098 17.5537 2.2
      vertex -10.7156 21.1725 2.2
      vertex -8.95654 16.7565 2.2
    endloop
  endfacet
  facet normal -0 0 1
    outer loop
      vertex -11.0329 20.8654 2.2
      vertex -8.95654 16.7565 2.2
      vertex -10.7156 21.1725 2.2
    endloop
  endfacet
  facet normal -0 0 1
    outer loop
      vertex -11.3788 20.5909 2.2
      vertex -8.95654 16.7565 2.2
      vertex -11.0329 20.8654 2.2
    endloop
  endfacet
  facet normal -0 0 1
    outer loop
      vertex -11.75 20.3516 2.2
      vertex -8.95654 16.7565 2.2
      vertex -11.3788 20.5909 2.2
    endloop
  endfacet
  facet normal 0 0 1
    outer loop
      vertex -8.95654 16.7565 2.2
      vertex -11.75 20.3516 2.2
      vertex -10.5558 15.7979 2.2
    endloop
  endfacet
  facet normal -0 0 1
    outer loop
      vertex -12.1428 20.1498 2.2
      vertex -10.5558 15.7979 2.2
      vertex -11.75 20.3516 2.2
    endloop
  endfacet
  facet normal -0 0 1
    outer loop
      vertex -12.5535 19.9875 2.2
      vertex -10.5558 15.7979 2.2
      vertex -12.1428 20.1498 2.2
    endloop
  endfacet
  facet normal -0 0 1
    outer loop
      vertex -12.9782 19.8663 2.2
      vertex -10.5558 15.7979 2.2
      vertex -12.5535 19.9875 2.2
    endloop
  endfacet
  facet normal -0 0 1
    outer loop
      vertex -13.4126 19.7872 2.2
      vertex -10.5558 15.7979 2.2
      vertex -12.9782 19.8663 2.2
    endloop
  endfacet
  facet normal 0 0 1
    outer loop
      vertex -10.5558 15.7979 2.2
      vertex -13.4126 19.7872 2.2
      vertex -12.0535 14.6872 2.2
    endloop
  endfacet
  facet normal -0 0 1
    outer loop
      vertex -13.8528 19.7511 2.2
      vertex -12.0535 14.6872 2.2
      vertex -13.4126 19.7872 2.2
    endloop
  endfacet
  facet normal 0 0 1
    outer loop
      vertex -14.2943 19.7583 2.2
      vertex -12.0535 14.6872 2.2
      vertex -13.8528 19.7511 2.2
    endloop
  endfacet
  facet normal 0 0 1
    outer loop
      vertex -12.0535 14.6872 2.2
      vertex -14.2943 19.7583 2.2
      vertex -13.435 13.435 2.2
    endloop
  endfacet
  facet normal 0 0 1
    outer loop
      vertex -14.733 19.8088 2.2
      vertex -13.435 13.435 2.2
      vertex -14.2943 19.7583 2.2
    endloop
  endfacet
  facet normal 0 0 1
    outer loop
      vertex -15.1647 19.902 2.2
      vertex -13.435 13.435 2.2
      vertex -14.733 19.8088 2.2
    endloop
  endfacet
  facet normal 0 0 1
    outer loop
      vertex -15.5851 20.0371 2.2
      vertex -13.435 13.435 2.2
      vertex -15.1647 19.902 2.2
    endloop
  endfacet
  facet normal 0 0 1
    outer loop
      vertex -13.435 13.435 2.2
      vertex -15.5851 20.0371 2.2
      vertex -14.6872 12.0535 2.2
    endloop
  endfacet
  facet normal 0 0 1
    outer loop
      vertex -15.9903 20.2128 2.2
      vertex -14.6872 12.0535 2.2
      vertex -15.5851 20.0371 2.2
    endloop
  endfacet
  facet normal 0 0 1
    outer loop
      vertex -16.3763 20.4273 2.2
      vertex -14.6872 12.0535 2.2
      vertex -15.9903 20.2128 2.2
    endloop
  endfacet
  facet normal 0 0 1
    outer loop
      vertex -16.7394 20.6786 2.2
      vertex -14.6872 12.0535 2.2
      vertex -16.3763 20.4273 2.2
    endloop
  endfacet
  facet normal 0 0 1
    outer loop
      vertex -14.6872 12.0535 2.2
      vertex -16.7394 20.6786 2.2
      vertex -15.7979 10.5558 2.2
    endloop
  endfacet
  facet normal 0 0 1
    outer loop
      vertex -17.0762 20.9643 2.2
      vertex -15.7979 10.5558 2.2
      vertex -16.7394 20.6786 2.2
    endloop
  endfacet
  facet normal 0 0 1
    outer loop
      vertex -17.3833 21.2817 2.2
      vertex -15.7979 10.5558 2.2
      vertex -17.0762 20.9643 2.2
    endloop
  endfacet
  facet normal 0 0 1
    outer loop
      vertex -15.7979 10.5558 2.2
      vertex -17.3833 21.2817 2.2
      vertex -16.7565 8.95654 2.2
    endloop
  endfacet
  facet normal 0 0 1
    outer loop
      vertex -17.6578 21.6276 2.2
      vertex -16.7565 8.95654 2.2
      vertex -17.3833 21.2817 2.2
    endloop
  endfacet
  facet normal 0 0 1
    outer loop
      vertex -17.8971 21.9987 2.2
      vertex -16.7565 8.95654 2.2
      vertex -17.6578 21.6276 2.2
    endloop
  endfacet
  facet normal 0 0 1
    outer loop
      vertex -16.7565 8.95654 2.2
      vertex -17.8971 21.9987 2.2
      vertex -17.5537 7.27098 2.2
    endloop
  endfacet
  facet normal 0 0 1
    outer loop
      vertex -18.0989 22.3915 2.2
      vertex -17.5537 7.27098 2.2
      vertex -17.8971 21.9987 2.2
    endloop
  endfacet
  facet normal 0 0 1
    outer loop
      vertex -18.0989 22.3915 2.2
      vertex -18.1819 5.51541 2.2
      vertex -17.5537 7.27098 2.2
    endloop
  endfacet
  facet normal 0 0 1
    outer loop
      vertex -18.2612 22.8022 2.2
      vertex -18.1819 5.51541 2.2
      vertex -18.0989 22.3915 2.2
    endloop
  endfacet
  facet normal 0 0 1
    outer loop
      vertex -18.3824 23.2269 2.2
      vertex -18.1819 5.51541 2.2
      vertex -18.2612 22.8022 2.2
    endloop
  endfacet
  facet normal 0 0 1
    outer loop
      vertex -18.6349 3.70672 2.2
      vertex -18.3824 23.2269 2.2
      vertex -18.4615 23.6613 2.2
    endloop
  endfacet
  facet normal 0 0 1
    outer loop
      vertex -24.7487 24.7487 2.2
      vertex -18.4615 23.6613 2.2
      vertex -18.4976 24.1015 2.2
    endloop
  endfacet
  facet normal 0 0 1
    outer loop
      vertex -18.3824 23.2269 2.2
      vertex -18.6349 3.70672 2.2
      vertex -18.1819 5.51541 2.2
    endloop
  endfacet
  facet normal 0 0 1
    outer loop
      vertex -34.3275 -6.82816 2.2
      vertex -18.6349 -3.70672 2.2
      vertex -18.9085 -1.86232 2.2
    endloop
  endfacet
  facet normal 0 0 1
    outer loop
      vertex -18.2612 -22.8022 2.2
      vertex -24.7487 -24.7487 2.2
      vertex -18.3824 -23.2269 2.2
    endloop
  endfacet
  facet normal 0 0 1
    outer loop
      vertex -34.8315 -3.4306 2.2
      vertex -18.9085 -1.86232 2.2
      vertex -19 0 2.2
    endloop
  endfacet
  facet normal 0 0 1
    outer loop
      vertex -19.445 -29.1014 2.2
      vertex -17.6349 -26.8945 2.2
      vertex -17.8214 -26.625 2.2
    endloop
  endfacet
  facet normal 0 0 1
    outer loop
      vertex -19.445 -29.1014 2.2
      vertex -17.8214 -26.625 2.2
      vertex -18.0359 -26.239 2.2
    endloop
  endfacet
  facet normal 0 0 1
    outer loop
      vertex -22.2038 -27.0554 2.2
      vertex -18.0359 -26.239 2.2
      vertex -18.2116 -25.8338 2.2
    endloop
  endfacet
  facet normal 0 0 1
    outer loop
      vertex -22.2038 -27.0554 2.2
      vertex -18.2116 -25.8338 2.2
      vertex -18.3467 -25.4134 2.2
    endloop
  endfacet
  facet normal 0 0 1
    outer loop
      vertex -22.2038 -27.0554 2.2
      vertex -18.3467 -25.4134 2.2
      vertex -18.4399 -24.9817 2.2
    endloop
  endfacet
  facet normal 0 0 1
    outer loop
      vertex -22.2038 -27.0554 2.2
      vertex -18.4399 -24.9817 2.2
      vertex -18.4904 -24.543 2.2
    endloop
  endfacet
  facet normal 0 0 1
    outer loop
      vertex -18.3824 -23.2269 2.2
      vertex -24.7487 -24.7487 2.2
      vertex -18.4615 -23.6613 2.2
    endloop
  endfacet
  facet normal 0 0 1
    outer loop
      vertex -18.4399 24.9817 2.2
      vertex -22.2038 27.0554 2.2
      vertex -18.4904 24.543 2.2
    endloop
  endfacet
  facet normal 0 0 1
    outer loop
      vertex -18.4976 24.1015 2.2
      vertex -22.2038 27.0554 2.2
      vertex -24.7487 24.7487 2.2
    endloop
  endfacet
  facet normal 0 0 1
    outer loop
      vertex -18.4615 23.6613 2.2
      vertex -24.7487 24.7487 2.2
      vertex -27.0554 22.2038 2.2
    endloop
  endfacet
  facet normal 0 0 1
    outer loop
      vertex -18.0359 -26.239 2.2
      vertex -22.2038 -27.0554 2.2
      vertex -19.445 -29.1014 2.2
    endloop
  endfacet
  facet normal 0 0 1
    outer loop
      vertex -17.6349 -26.8945 2.2
      vertex -19.445 -29.1014 2.2
      vertex -19.0468 -29.3401 2.2
    endloop
  endfacet
  facet normal 0 0 1
    outer loop
      vertex -18.4615 23.6613 2.2
      vertex -27.0554 22.2038 2.2
      vertex -29.1014 19.445 2.2
    endloop
  endfacet
  facet normal 0 0 1
    outer loop
      vertex -18.4976 -24.1015 2.2
      vertex -22.2038 -27.0554 2.2
      vertex -18.4904 -24.543 2.2
    endloop
  endfacet
  facet normal -0 0 1
    outer loop
      vertex -30.8672 16.4989 2.2
      vertex -18.9085 1.86232 2.2
      vertex -29.1014 19.445 2.2
    endloop
  endfacet
  facet normal 0 -0 1
    outer loop
      vertex -22.2038 -27.0554 2.2
      vertex -18.4976 -24.1015 2.2
      vertex -24.7487 -24.7487 2.2
    endloop
  endfacet
  facet normal -0 0 1
    outer loop
      vertex -32.3358 13.3939 2.2
      vertex -18.9085 1.86232 2.2
      vertex -30.8672 16.4989 2.2
    endloop
  endfacet
  facet normal 0 0 1
    outer loop
      vertex -18.4615 -23.6613 2.2
      vertex -24.7487 -24.7487 2.2
      vertex -18.4976 -24.1015 2.2
    endloop
  endfacet
  facet normal -0 0 1
    outer loop
      vertex -33.4929 10.16 2.2
      vertex -18.9085 1.86232 2.2
      vertex -32.3358 13.3939 2.2
    endloop
  endfacet
  facet normal 0 0 1
    outer loop
      vertex -16.7565 -8.95654 2.2
      vertex -30.8672 -16.4989 2.2
      vertex -29.1014 -19.445 2.2
    endloop
  endfacet
  facet normal -0 0 1
    outer loop
      vertex -34.3275 6.82816 2.2
      vertex -18.9085 1.86232 2.2
      vertex -33.4929 10.16 2.2
    endloop
  endfacet
  facet normal 0 0 1
    outer loop
      vertex -17.5537 -7.27098 2.2
      vertex -32.3358 -13.3939 2.2
      vertex -30.8672 -16.4989 2.2
    endloop
  endfacet
  facet normal -0 0 1
    outer loop
      vertex -34.8315 3.4306 2.2
      vertex -18.9085 1.86232 2.2
      vertex -34.3275 6.82816 2.2
    endloop
  endfacet
  facet normal 0 0 1
    outer loop
      vertex -18.1819 -5.51541 2.2
      vertex -33.4929 -10.16 2.2
      vertex -32.3358 -13.3939 2.2
    endloop
  endfacet
  facet normal 0 0 1
    outer loop
      vertex -18.9085 1.86232 2.2
      vertex -34.8315 3.4306 2.2
      vertex -19 0 2.2
    endloop
  endfacet
  facet normal 0 0 1
    outer loop
      vertex -18.6349 -3.70672 2.2
      vertex -34.3275 -6.82816 2.2
      vertex -33.4929 -10.16 2.2
    endloop
  endfacet
  facet normal 0 0 1
    outer loop
      vertex -35 0 2.2
      vertex -19 0 2.2
      vertex -34.8315 3.4306 2.2
    endloop
  endfacet
  facet normal 0 0 1
    outer loop
      vertex -18.9085 -1.86232 2.2
      vertex -34.8315 -3.4306 2.2
      vertex -34.3275 -6.82816 2.2
    endloop
  endfacet
  facet normal 0 0 1
    outer loop
      vertex -19 0 2.2
      vertex -35 0 2.2
      vertex -34.8315 -3.4306 2.2
    endloop
  endfacet
  facet normal 0 0 1
    outer loop
      vertex -5.11461 -27.9257 2.2
      vertex -6.59253 -27.9257 2.2
      vertex -5.11461 -28.5874 2.2
    endloop
  endfacet
  facet normal 0 0 1
    outer loop
      vertex -2.52927 -26.2367 2.2
      vertex -4.49669 -25.3387 2.2
      vertex -4.06323 -27.4438 2.2
    endloop
  endfacet
  facet normal 0 0 1
    outer loop
      vertex -3.70672 -18.6349 2.2
      vertex -5.22066 -25.3387 2.2
      vertex -4.49669 -25.3387 2.2
    endloop
  endfacet
  facet normal 0 0 1
    outer loop
      vertex -5.51541 -18.1819 2.2
      vertex -5.22066 -25.3387 2.2
      vertex -3.70672 -18.6349 2.2
    endloop
  endfacet
  facet normal -0 0 1
    outer loop
      vertex -9.50963 -23.9544 2.2
      vertex -5.22066 -25.3387 2.2
      vertex -5.51541 -18.1819 2.2
    endloop
  endfacet
  facet normal -0 0 1
    outer loop
      vertex -6.78499 -27.049 2.2
      vertex -6.59253 -27.4391 2.2
      vertex -6.78256 -26.9389 2.2
    endloop
  endfacet
  facet normal 0 -0 1
    outer loop
      vertex -6.80476 -26.6133 2.2
      vertex -5.22066 -25.3387 2.2
      vertex -6.83252 -26.4638 2.2
    endloop
  endfacet
  facet normal 0 0 1
    outer loop
      vertex -6.59253 -27.4391 2.2
      vertex -6.7881 -26.7717 2.2
      vertex -6.78256 -26.9389 2.2
    endloop
  endfacet
  facet normal 0 0 1
    outer loop
      vertex -5.22066 -25.3387 2.2
      vertex -6.7881 -26.7717 2.2
      vertex -6.59253 -27.4391 2.2
    endloop
  endfacet
  facet normal 0 -0 1
    outer loop
      vertex -6.7881 -26.7717 2.2
      vertex -5.22066 -25.3387 2.2
      vertex -6.80476 -26.6133 2.2
    endloop
  endfacet
  facet normal 0 0 1
    outer loop
      vertex -5.22066 -25.3387 2.2
      vertex -6.87137 -26.3231 2.2
      vertex -6.83252 -26.4638 2.2
    endloop
  endfacet
  facet normal 0 0 1
    outer loop
      vertex -5.22066 -25.3387 2.2
      vertex -6.92133 -26.1913 2.2
      vertex -6.87137 -26.3231 2.2
    endloop
  endfacet
  facet normal 0 0 1
    outer loop
      vertex -5.22066 -25.3387 2.2
      vertex -6.98239 -26.0684 2.2
      vertex -6.92133 -26.1913 2.2
    endloop
  endfacet
  facet normal 0 0 1
    outer loop
      vertex -5.22066 -25.3387 2.2
      vertex -7.05455 -25.9543 2.2
      vertex -6.98239 -26.0684 2.2
    endloop
  endfacet
  facet normal 0 0 1
    outer loop
      vertex -5.22066 -25.3387 2.2
      vertex -7.1378 -25.849 2.2
      vertex -7.05455 -25.9543 2.2
    endloop
  endfacet
  facet normal 0 0 1
    outer loop
      vertex -5.22066 -25.3387 2.2
      vertex -7.23218 -25.7526 2.2
      vertex -7.1378 -25.849 2.2
    endloop
  endfacet
  facet normal 0 0 1
    outer loop
      vertex -9.50963 -23.9544 2.2
      vertex -5.51541 -18.1819 2.2
      vertex -7.27098 -17.5537 2.2
    endloop
  endfacet
  facet normal 0 0 1
    outer loop
      vertex -5.22066 -25.3387 2.2
      vertex -7.33667 -25.6658 2.2
      vertex -7.23218 -25.7526 2.2
    endloop
  endfacet
  facet normal 0 0 1
    outer loop
      vertex -5.22066 -25.3387 2.2
      vertex -7.45032 -25.5891 2.2
      vertex -7.33667 -25.6658 2.2
    endloop
  endfacet
  facet normal 0 0 1
    outer loop
      vertex -5.22066 -25.3387 2.2
      vertex -7.57314 -25.5227 2.2
      vertex -7.45032 -25.5891 2.2
    endloop
  endfacet
  facet normal 0 0 1
    outer loop
      vertex -5.22066 -25.3387 2.2
      vertex -7.70512 -25.4665 2.2
      vertex -7.57314 -25.5227 2.2
    endloop
  endfacet
  facet normal 0 0 1
    outer loop
      vertex -9.50963 -23.9544 2.2
      vertex -7.70512 -25.4665 2.2
      vertex -5.22066 -25.3387 2.2
    endloop
  endfacet
  facet normal 0 0 1
    outer loop
      vertex -7.70512 -25.4665 2.2
      vertex -9.50963 -23.9544 2.2
      vertex -7.84628 -25.4205 2.2
    endloop
  endfacet
  facet normal 0 0 1
    outer loop
      vertex -9.50963 -23.9544 2.2
      vertex -7.9966 -25.3847 2.2
      vertex -7.84628 -25.4205 2.2
    endloop
  endfacet
  facet normal 0 0 1
    outer loop
      vertex -9.50963 -23.9544 2.2
      vertex -8.15608 -25.3592 2.2
      vertex -7.9966 -25.3847 2.2
    endloop
  endfacet
  facet normal 0 0 1
    outer loop
      vertex -9.50963 -23.9544 2.2
      vertex -8.32474 -25.3439 2.2
      vertex -8.15608 -25.3592 2.2
    endloop
  endfacet
  facet normal 0 0 1
    outer loop
      vertex -10.7156 -21.1725 2.2
      vertex -7.27098 -17.5537 2.2
      vertex -8.95654 -16.7565 2.2
    endloop
  endfacet
  facet normal 0 0 1
    outer loop
      vertex -8.32474 -25.3439 2.2
      vertex -9.50241 -24.3959 2.2
      vertex -8.50255 -25.3387 2.2
    endloop
  endfacet
  facet normal -0 0 1
    outer loop
      vertex -9.5385 -24.8361 2.2
      vertex -8.50255 -25.3387 2.2
      vertex -9.50241 -24.3959 2.2
    endloop
  endfacet
  facet normal -0 0 1
    outer loop
      vertex -9.61755 -25.2706 2.2
      vertex -8.50255 -25.3387 2.2
      vertex -9.5385 -24.8361 2.2
    endloop
  endfacet
  facet normal 0 0 1
    outer loop
      vertex -8.50255 -25.3387 2.2
      vertex -9.61755 -25.2706 2.2
      vertex -9.63703 -25.3387 2.2
    endloop
  endfacet
  facet normal 0 0 1
    outer loop
      vertex 2.5519 -28.5874 2.2
      vertex 1.17725 -26.6205 2.2
      vertex 1.17775 -26.6714 2.2
    endloop
  endfacet
  facet normal 0 0 1
    outer loop
      vertex 2.5519 -28.5874 2.2
      vertex 1.1757 -26.566 2.2
      vertex 1.17725 -26.6205 2.2
    endloop
  endfacet
  facet normal 0 0 1
    outer loop
      vertex 2.5519 -28.5874 2.2
      vertex 1.17314 -26.508 2.2
      vertex 1.1757 -26.566 2.2
    endloop
  endfacet
  facet normal 0 0 1
    outer loop
      vertex 2.5519 -28.5874 2.2
      vertex 1.16956 -26.4464 2.2
      vertex 1.17314 -26.508 2.2
    endloop
  endfacet
  facet normal 0 0 1
    outer loop
      vertex 2.5519 -28.5874 2.2
      vertex 1.16495 -26.3813 2.2
      vertex 1.16956 -26.4464 2.2
    endloop
  endfacet
  facet normal 0 0 1
    outer loop
      vertex 2.5519 -28.5874 2.2
      vertex 1.15932 -26.3128 2.2
      vertex 1.16495 -26.3813 2.2
    endloop
  endfacet
  facet normal 0 0 1
    outer loop
      vertex 2.5519 -28.5874 2.2
      vertex 1.15266 -26.2406 2.2
      vertex 1.15932 -26.3128 2.2
    endloop
  endfacet
  facet normal 0 0 1
    outer loop
      vertex 2.5519 -28.5874 2.2
      vertex 1.14497 -26.165 2.2
      vertex 1.15266 -26.2406 2.2
    endloop
  endfacet
  facet normal -0 -0 1
    outer loop
      vertex 1.14497 -26.165 2.2
      vertex 2.5519 -28.5874 2.2
      vertex 1.13628 -26.0858 2.2
    endloop
  endfacet
  facet normal 0 0 1
    outer loop
      vertex 0.061676 -26.1042 2.2
      vertex 0.0543213 -27.2258 2.2
      vertex 0.0702057 -27.2587 2.2
    endloop
  endfacet
  facet normal 0 0 1
    outer loop
      vertex 0.061676 -26.1042 2.2
      vertex 0.0370789 -27.1939 2.2
      vertex 0.0543213 -27.2258 2.2
    endloop
  endfacet
  facet normal 0 0 1
    outer loop
      vertex 0.061676 -26.1042 2.2
      vertex 0.0184631 -27.1631 2.2
      vertex 0.0370789 -27.1939 2.2
    endloop
  endfacet
  facet normal 0 0 1
    outer loop
      vertex 0.061676 -26.1042 2.2
      vertex -0.00151062 -27.1334 2.2
      vertex 0.0184631 -27.1631 2.2
    endloop
  endfacet
  facet normal 0 0 1
    outer loop
      vertex 0.061676 -26.1042 2.2
      vertex -0.0228577 -27.1047 2.2
      vertex -0.00151062 -27.1334 2.2
    endloop
  endfacet
  facet normal 0 0 1
    outer loop
      vertex 0.061676 -26.1042 2.2
      vertex -0.045578 -27.0772 2.2
      vertex -0.0228577 -27.1047 2.2
    endloop
  endfacet
  facet normal 0 0 1
    outer loop
      vertex 0.061676 -26.1042 2.2
      vertex -0.0696716 -27.0507 2.2
      vertex -0.045578 -27.0772 2.2
    endloop
  endfacet
  facet normal 0 0 1
    outer loop
      vertex 0.061676 -26.1042 2.2
      vertex -0.0951233 -27.0253 2.2
      vertex -0.0696716 -27.0507 2.2
    endloop
  endfacet
  facet normal 0 0 1
    outer loop
      vertex 0.061676 -26.1042 2.2
      vertex -0.122284 -27.0008 2.2
      vertex -0.0951233 -27.0253 2.2
    endloop
  endfacet
  facet normal 0 0 1
    outer loop
      vertex 0.061676 -26.1042 2.2
      vertex -0.151535 -26.977 2.2
      vertex -0.122284 -27.0008 2.2
    endloop
  endfacet
  facet normal 0 0 1
    outer loop
      vertex 0.061676 -26.1042 2.2
      vertex -0.182846 -26.9538 2.2
      vertex -0.151535 -26.977 2.2
    endloop
  endfacet
  facet normal 0 0 1
    outer loop
      vertex 0.061676 -26.1042 2.2
      vertex -0.216248 -26.9314 2.2
      vertex -0.182846 -26.9538 2.2
    endloop
  endfacet
  facet normal 0 0 1
    outer loop
      vertex 0.061676 -26.1042 2.2
      vertex -0.25174 -26.9096 2.2
      vertex -0.216248 -26.9314 2.2
    endloop
  endfacet
  facet normal 0 0 1
    outer loop
      vertex 0.061676 -26.1042 2.2
      vertex -0.289291 -26.8885 2.2
      vertex -0.25174 -26.9096 2.2
    endloop
  endfacet
  facet normal 0 0 1
    outer loop
      vertex 0.061676 -26.1042 2.2
      vertex -0.328934 -26.8681 2.2
      vertex -0.289291 -26.8885 2.2
    endloop
  endfacet
  facet normal 0 0 1
    outer loop
      vertex 0.061676 -26.1042 2.2
      vertex -0.370651 -26.8484 2.2
      vertex -0.328934 -26.8681 2.2
    endloop
  endfacet
  facet normal 0 0 1
    outer loop
      vertex 0.061676 -26.1042 2.2
      vertex -0.414444 -26.8293 2.2
      vertex -0.370651 -26.8484 2.2
    endloop
  endfacet
  facet normal -0 0 1
    outer loop
      vertex -0.597733 -26.1942 2.2
      vertex -0.414444 -26.8293 2.2
      vertex 0.061676 -26.1042 2.2
    endloop
  endfacet
  facet normal 0 0 1
    outer loop
      vertex -0.414444 -26.8293 2.2
      vertex -0.597733 -26.1942 2.2
      vertex -0.462555 -26.8105 2.2
    endloop
  endfacet
  facet normal 0 0 1
    outer loop
      vertex -0.462555 -26.8105 2.2
      vertex -0.597733 -26.1942 2.2
      vertex -0.517258 -26.7912 2.2
    endloop
  endfacet
  facet normal 0 0 1
    outer loop
      vertex -0.517258 -26.7912 2.2
      vertex -0.597733 -26.1942 2.2
      vertex -0.578522 -26.7716 2.2
    endloop
  endfacet
  facet normal 0 0 1
    outer loop
      vertex -1.08421 -26.6461 2.2
      vertex -0.597733 -26.1942 2.2
      vertex -0.610306 -26.1488 2.2
    endloop
  endfacet
  facet normal 0 0 1
    outer loop
      vertex -1.08421 -26.6461 2.2
      vertex -0.610306 -26.1488 2.2
      vertex -0.625458 -26.106 2.2
    endloop
  endfacet
  facet normal 0 0 1
    outer loop
      vertex -1.08421 -26.6461 2.2
      vertex -0.625458 -26.106 2.2
      vertex -0.643204 -26.0658 2.2
    endloop
  endfacet
  facet normal 0 0 1
    outer loop
      vertex -0.597733 -26.1942 2.2
      vertex -0.646362 -26.7516 2.2
      vertex -0.578522 -26.7716 2.2
    endloop
  endfacet
  facet normal 0 0 1
    outer loop
      vertex -1.08421 -26.6461 2.2
      vertex -0.643204 -26.0658 2.2
      vertex -0.663528 -26.0282 2.2
    endloop
  endfacet
  facet normal 0 0 1
    outer loop
      vertex -1.08421 -26.6461 2.2
      vertex -0.663528 -26.0282 2.2
      vertex -0.686462 -25.9931 2.2
    endloop
  endfacet
  facet normal 0 0 1
    outer loop
      vertex -1.08421 -26.6461 2.2
      vertex -0.686462 -25.9931 2.2
      vertex -0.711975 -25.9605 2.2
    endloop
  endfacet
  facet normal 0 0 1
    outer loop
      vertex -0.597733 -26.1942 2.2
      vertex -0.720779 -26.7312 2.2
      vertex -0.646362 -26.7516 2.2
    endloop
  endfacet
  facet normal 0 0 1
    outer loop
      vertex -1.08421 -26.6461 2.2
      vertex -0.711975 -25.9605 2.2
      vertex -0.740097 -25.9306 2.2
    endloop
  endfacet
  facet normal 0 0 1
    outer loop
      vertex -1.08421 -26.6461 2.2
      vertex -0.740097 -25.9306 2.2
      vertex -0.770798 -25.9031 2.2
    endloop
  endfacet
  facet normal 0 0 1
    outer loop
      vertex -0.597733 -26.1942 2.2
      vertex -0.801773 -26.7105 2.2
      vertex -0.720779 -26.7312 2.2
    endloop
  endfacet
  facet normal 0 0 1
    outer loop
      vertex -1.08421 -26.6461 2.2
      vertex -0.770798 -25.9031 2.2
      vertex -0.804092 -25.8783 2.2
    endloop
  endfacet
  facet normal 0 0 1
    outer loop
      vertex -1.16855 -26.6275 2.2
      vertex -0.804092 -25.8783 2.2
      vertex -0.840332 -25.856 2.2
    endloop
  endfacet
  facet normal 0 0 1
    outer loop
      vertex -1.16855 -26.6275 2.2
      vertex -0.840332 -25.856 2.2
      vertex -0.879913 -25.8364 2.2
    endloop
  endfacet
  facet normal 0 0 1
    outer loop
      vertex -0.597733 -26.1942 2.2
      vertex -0.889343 -26.6894 2.2
      vertex -0.801773 -26.7105 2.2
    endloop
  endfacet
  facet normal 0 0 1
    outer loop
      vertex -1.16855 -26.6275 2.2
      vertex -0.879913 -25.8364 2.2
      vertex -0.922821 -25.8194 2.2
    endloop
  endfacet
  facet normal 0 0 1
    outer loop
      vertex -1.16855 -26.6275 2.2
      vertex -0.922821 -25.8194 2.2
      vertex -0.969055 -25.805 2.2
    endloop
  endfacet
  facet normal 0 0 1
    outer loop
      vertex -0.597733 -26.1942 2.2
      vertex -0.98349 -26.6679 2.2
      vertex -0.889343 -26.6894 2.2
    endloop
  endfacet
  facet normal 0 0 1
    outer loop
      vertex -1.16855 -26.6275 2.2
      vertex -0.969055 -25.805 2.2
      vertex -1.01862 -25.7932 2.2
    endloop
  endfacet
  facet normal 0 0 1
    outer loop
      vertex -1.24635 -26.6096 2.2
      vertex -1.01862 -25.7932 2.2
      vertex -1.07152 -25.784 2.2
    endloop
  endfacet
  facet normal 0 0 1
    outer loop
      vertex -0.597733 -26.1942 2.2
      vertex -1.08421 -26.6461 2.2
      vertex -0.98349 -26.6679 2.2
    endloop
  endfacet
  facet normal 0 0 1
    outer loop
      vertex -1.24635 -26.6096 2.2
      vertex -1.07152 -25.784 2.2
      vertex -1.12775 -25.7775 2.2
    endloop
  endfacet
  facet normal 0 0 1
    outer loop
      vertex -0.804092 -25.8783 2.2
      vertex -1.16855 -26.6275 2.2
      vertex -1.08421 -26.6461 2.2
    endloop
  endfacet
  facet normal 0 0 1
    outer loop
      vertex -1.24635 -26.6096 2.2
      vertex -1.12775 -25.7775 2.2
      vertex -1.18732 -25.7735 2.2
    endloop
  endfacet
  facet normal 0 0 1
    outer loop
      vertex -1.01862 -25.7932 2.2
      vertex -1.24635 -26.6096 2.2
      vertex -1.16855 -26.6275 2.2
    endloop
  endfacet
  facet normal 0 0 1
    outer loop
      vertex -1.3176 -26.5924 2.2
      vertex -1.18732 -25.7735 2.2
      vertex -1.2502 -25.7722 2.2
    endloop
  endfacet
  facet normal 0 0 1
    outer loop
      vertex -1.18732 -25.7735 2.2
      vertex -1.3176 -26.5924 2.2
      vertex -1.24635 -26.6096 2.2
    endloop
  endfacet
  facet normal 0 0 1
    outer loop
      vertex -1.38229 -26.5759 2.2
      vertex -1.2502 -25.7722 2.2
      vertex -1.37988 -25.777 2.2
    endloop
  endfacet
  facet normal 0 0 1
    outer loop
      vertex -1.2502 -25.7722 2.2
      vertex -1.38229 -26.5759 2.2
      vertex -1.3176 -26.5924 2.2
    endloop
  endfacet
  facet normal 0 0 1
    outer loop
      vertex -1.37988 -25.777 2.2
      vertex -1.44044 -26.5602 2.2
      vertex -1.38229 -26.5759 2.2
    endloop
  endfacet
  facet normal 0 0 1
    outer loop
      vertex -1.37988 -25.777 2.2
      vertex -1.49207 -26.5451 2.2
      vertex -1.44044 -26.5602 2.2
    endloop
  endfacet
  facet normal -0 0 1
    outer loop
      vertex -1.49431 -25.7914 2.2
      vertex -1.49207 -26.5451 2.2
      vertex -1.37988 -25.777 2.2
    endloop
  endfacet
  facet normal 0 0 1
    outer loop
      vertex -1.49431 -25.7914 2.2
      vertex -1.53712 -26.5308 2.2
      vertex -1.49207 -26.5451 2.2
    endloop
  endfacet
  facet normal 0 0 1
    outer loop
      vertex -1.49431 -25.7914 2.2
      vertex -1.57564 -26.5172 2.2
      vertex -1.53712 -26.5308 2.2
    endloop
  endfacet
  facet normal 0 0 1
    outer loop
      vertex -1.6076 -26.5043 2.2
      vertex -1.49431 -25.7914 2.2
      vertex -1.59349 -25.8152 2.2
    endloop
  endfacet
  facet normal 0 0 1
    outer loop
      vertex -1.49431 -25.7914 2.2
      vertex -1.6076 -26.5043 2.2
      vertex -1.57564 -26.5172 2.2
    endloop
  endfacet
  facet normal 0 0 1
    outer loop
      vertex -1.59349 -25.8152 2.2
      vertex -1.63551 -26.4914 2.2
      vertex -1.6076 -26.5043 2.2
    endloop
  endfacet
  facet normal 0 0 1
    outer loop
      vertex -1.59349 -25.8152 2.2
      vertex -1.66185 -26.478 2.2
      vertex -1.63551 -26.4914 2.2
    endloop
  endfacet
  facet normal 0 0 1
    outer loop
      vertex -1.68663 -26.4639 2.2
      vertex -1.59349 -25.8152 2.2
      vertex -1.6774 -25.8487 2.2
    endloop
  endfacet
  facet normal 0 0 1
    outer loop
      vertex -1.59349 -25.8152 2.2
      vertex -1.68663 -26.4639 2.2
      vertex -1.66185 -26.478 2.2
    endloop
  endfacet
  facet normal 0 0 1
    outer loop
      vertex -1.6774 -25.8487 2.2
      vertex -1.70984 -26.4493 2.2
      vertex -1.68663 -26.4639 2.2
    endloop
  endfacet
  facet normal 0 0 1
    outer loop
      vertex -1.6774 -25.8487 2.2
      vertex -1.73149 -26.434 2.2
      vertex -1.70984 -26.4493 2.2
    endloop
  endfacet
  facet normal 0 0 1
    outer loop
      vertex -1.86812 -26.1595 2.2
      vertex -1.6774 -25.8487 2.2
      vertex -1.74606 -25.8918 2.2
    endloop
  endfacet
  facet normal 0 0 1
    outer loop
      vertex -1.6774 -25.8487 2.2
      vertex -1.86812 -26.1595 2.2
      vertex -1.73149 -26.434 2.2
    endloop
  endfacet
  facet normal 0 0 1
    outer loop
      vertex -1.73149 -26.434 2.2
      vertex -1.86812 -26.1595 2.2
      vertex -1.75157 -26.4182 2.2
    endloop
  endfacet
  facet normal -0 -0 1
    outer loop
      vertex -1.86731 -26.1872 2.2
      vertex -1.75157 -26.4182 2.2
      vertex -1.86812 -26.1595 2.2
    endloop
  endfacet
  facet normal 0 0 1
    outer loop
      vertex -1.86049 -26.0782 2.2
      vertex -1.74606 -25.8918 2.2
      vertex -1.79945 -25.9444 2.2
    endloop
  endfacet
  facet normal 0 0 1
    outer loop
      vertex -1.75157 -26.4182 2.2
      vertex -1.86731 -26.1872 2.2
      vertex -1.77008 -26.4017 2.2
    endloop
  endfacet
  facet normal -0 -0 1
    outer loop
      vertex -1.86487 -26.2136 2.2
      vertex -1.77008 -26.4017 2.2
      vertex -1.86731 -26.1872 2.2
    endloop
  endfacet
  facet normal 0 0 1
    outer loop
      vertex -1.77008 -26.4017 2.2
      vertex -1.86487 -26.2136 2.2
      vertex -1.78703 -26.3847 2.2
    endloop
  endfacet
  facet normal 0 0 1
    outer loop
      vertex -1.86049 -26.0782 2.2
      vertex -1.79945 -25.9444 2.2
      vertex -1.8376 -26.0065 2.2
    endloop
  endfacet
  facet normal 0 0 1
    outer loop
      vertex -1.78703 -26.3847 2.2
      vertex -1.86487 -26.2136 2.2
      vertex -1.80243 -26.3671 2.2
    endloop
  endfacet
  facet normal 0 0 1
    outer loop
      vertex -1.81621 -26.3486 2.2
      vertex -1.86487 -26.2136 2.2
      vertex -1.82838 -26.3289 2.2
    endloop
  endfacet
  facet normal 0 0 1
    outer loop
      vertex -1.82838 -26.3289 2.2
      vertex -1.86487 -26.2136 2.2
      vertex -1.83891 -26.3082 2.2
    endloop
  endfacet
  facet normal 0 0 1
    outer loop
      vertex -1.74606 -25.8918 2.2
      vertex -1.86049 -26.0782 2.2
      vertex -1.86812 -26.1595 2.2
    endloop
  endfacet
  facet normal 0 0 1
    outer loop
      vertex -1.83891 -26.3082 2.2
      vertex -1.86487 -26.2136 2.2
      vertex -1.84784 -26.2862 2.2
    endloop
  endfacet
  facet normal 0 0 1
    outer loop
      vertex -1.85513 -26.2632 2.2
      vertex -1.86487 -26.2136 2.2
      vertex -1.86081 -26.239 2.2
    endloop
  endfacet
  facet normal 0 0 1
    outer loop
      vertex -1.84784 -26.2862 2.2
      vertex -1.86487 -26.2136 2.2
      vertex -1.85513 -26.2632 2.2
    endloop
  endfacet
  facet normal 0 0 1
    outer loop
      vertex -1.80243 -26.3671 2.2
      vertex -1.86487 -26.2136 2.2
      vertex -1.81621 -26.3486 2.2
    endloop
  endfacet
  facet normal 0 0 1
    outer loop
      vertex -0.615601 -27.4426 2.2
      vertex -0.515717 -27.6603 2.2
      vertex -0.518753 -27.6314 2.2
    endloop
  endfacet
  facet normal 0 0 1
    outer loop
      vertex -0.515717 -27.6603 2.2
      vertex -0.636261 -27.4238 2.2
      vertex -0.514709 -27.6905 2.2
    endloop
  endfacet
  facet normal 0 0 1
    outer loop
      vertex -0.615601 -27.4426 2.2
      vertex -0.518753 -27.6314 2.2
      vertex -0.523804 -27.6036 2.2
    endloop
  endfacet
  facet normal 0 0 1
    outer loop
      vertex -0.615601 -27.4426 2.2
      vertex -0.523804 -27.6036 2.2
      vertex -0.530884 -27.5771 2.2
    endloop
  endfacet
  facet normal 0 0 1
    outer loop
      vertex -0.596588 -27.4622 2.2
      vertex -0.530884 -27.5771 2.2
      vertex -0.539978 -27.5517 2.2
    endloop
  endfacet
  facet normal 0 0 1
    outer loop
      vertex -0.515717 -27.6603 2.2
      vertex -0.615601 -27.4426 2.2
      vertex -0.636261 -27.4238 2.2
    endloop
  endfacet
  facet normal 0 0 1
    outer loop
      vertex -0.596588 -27.4622 2.2
      vertex -0.539978 -27.5517 2.2
      vertex -0.551102 -27.5276 2.2
    endloop
  endfacet
  facet normal 0 0 1
    outer loop
      vertex -0.596588 -27.4622 2.2
      vertex -0.551102 -27.5276 2.2
      vertex -0.56424 -27.5046 2.2
    endloop
  endfacet
  facet normal 0 0 1
    outer loop
      vertex -0.596588 -27.4622 2.2
      vertex -0.56424 -27.5046 2.2
      vertex -0.579407 -27.4828 2.2
    endloop
  endfacet
  facet normal 0 0 1
    outer loop
      vertex -0.530884 -27.5771 2.2
      vertex -0.596588 -27.4622 2.2
      vertex -0.615601 -27.4426 2.2
    endloop
  endfacet
  facet normal 0 0 1
    outer loop
      vertex -0.658569 -27.4056 2.2
      vertex -0.514709 -27.6905 2.2
      vertex -0.636261 -27.4238 2.2
    endloop
  endfacet
  facet normal 0 0 1
    outer loop
      vertex -0.514709 -27.6905 2.2
      vertex -0.658569 -27.4056 2.2
      vertex -0.523514 -27.7814 2.2
    endloop
  endfacet
  facet normal 0 0 1
    outer loop
      vertex -0.523514 -27.7814 2.2
      vertex -0.655441 -27.9902 2.2
      vertex -0.549896 -27.8617 2.2
    endloop
  endfacet
  facet normal 0 0 1
    outer loop
      vertex -0.549896 -27.8617 2.2
      vertex -0.655441 -27.9902 2.2
      vertex -0.593872 -27.9313 2.2
    endloop
  endfacet
  facet normal 0 0 1
    outer loop
      vertex -0.523514 -27.7814 2.2
      vertex -0.658569 -27.4056 2.2
      vertex -0.655441 -27.9902 2.2
    endloop
  endfacet
  facet normal 0 0 1
    outer loop
      vertex -0.682541 -27.3882 2.2
      vertex -0.655441 -27.9902 2.2
      vertex -0.658569 -27.4056 2.2
    endloop
  endfacet
  facet normal 0 0 1
    outer loop
      vertex -0.734604 -28.0383 2.2
      vertex -0.682541 -27.3882 2.2
      vertex -0.70816 -27.3716 2.2
    endloop
  endfacet
  facet normal 0 0 1
    outer loop
      vertex -0.682541 -27.3882 2.2
      vertex -0.734604 -28.0383 2.2
      vertex -0.655441 -27.9902 2.2
    endloop
  endfacet
  facet normal 0 0 1
    outer loop
      vertex -0.735428 -27.3557 2.2
      vertex -0.734604 -28.0383 2.2
      vertex -0.70816 -27.3716 2.2
    endloop
  endfacet
  facet normal 0 0 1
    outer loop
      vertex -0.831345 -28.0758 2.2
      vertex -0.735428 -27.3557 2.2
      vertex -0.764343 -27.3405 2.2
    endloop
  endfacet
  facet normal 0 0 1
    outer loop
      vertex -0.831345 -28.0758 2.2
      vertex -0.764343 -27.3405 2.2
      vertex -0.794922 -27.3261 2.2
    endloop
  endfacet
  facet normal 0 0 1
    outer loop
      vertex -0.831345 -28.0758 2.2
      vertex -0.794922 -27.3261 2.2
      vertex -0.827133 -27.3124 2.2
    endloop
  endfacet
  facet normal 0 0 1
    outer loop
      vertex -0.735428 -27.3557 2.2
      vertex -0.831345 -28.0758 2.2
      vertex -0.734604 -28.0383 2.2
    endloop
  endfacet
  facet normal 0 0 1
    outer loop
      vertex -0.945694 -28.1025 2.2
      vertex -0.827133 -27.3124 2.2
      vertex -0.863556 -27.2987 2.2
    endloop
  endfacet
  facet normal 0 0 1
    outer loop
      vertex -0.945694 -28.1025 2.2
      vertex -0.863556 -27.2987 2.2
      vertex -0.906723 -27.2845 2.2
    endloop
  endfacet
  facet normal 0 0 1
    outer loop
      vertex -0.827133 -27.3124 2.2
      vertex -0.945694 -28.1025 2.2
      vertex -0.831345 -28.0758 2.2
    endloop
  endfacet
  facet normal 0 0 1
    outer loop
      vertex -0.956635 -27.2696 2.2
      vertex -0.945694 -28.1025 2.2
      vertex -0.906723 -27.2845 2.2
    endloop
  endfacet
  facet normal 0 0 1
    outer loop
      vertex -1.07762 -28.1186 2.2
      vertex -0.956635 -27.2696 2.2
      vertex -1.01329 -27.2541 2.2
    endloop
  endfacet
  facet normal 0 0 1
    outer loop
      vertex -1.07762 -28.1186 2.2
      vertex -1.01329 -27.2541 2.2
      vertex -1.07669 -27.2379 2.2
    endloop
  endfacet
  facet normal 0 0 1
    outer loop
      vertex -0.956635 -27.2696 2.2
      vertex -1.07762 -28.1186 2.2
      vertex -0.945694 -28.1025 2.2
    endloop
  endfacet
  facet normal 0 0 1
    outer loop
      vertex -1.22714 -28.1239 2.2
      vertex -1.07669 -27.2379 2.2
      vertex -1.14685 -27.2212 2.2
    endloop
  endfacet
  facet normal 0 0 1
    outer loop
      vertex -1.30164 -28.1225 2.2
      vertex -1.14685 -27.2212 2.2
      vertex -1.22374 -27.2038 2.2
    endloop
  endfacet
  facet normal 0 0 1
    outer loop
      vertex -1.07669 -27.2379 2.2
      vertex -1.22714 -28.1239 2.2
      vertex -1.07762 -28.1186 2.2
    endloop
  endfacet
  facet normal 0 0 1
    outer loop
      vertex -1.14685 -27.2212 2.2
      vertex -1.30164 -28.1225 2.2
      vertex -1.22714 -28.1239 2.2
    endloop
  endfacet
  facet normal 0 0 1
    outer loop
      vertex -1.43953 -28.111 2.2
      vertex -1.22374 -27.2038 2.2
      vertex -1.30737 -27.1857 2.2
    endloop
  endfacet
  facet normal 0 0 1
    outer loop
      vertex -1.22374 -27.2038 2.2
      vertex -1.37244 -28.1182 2.2
      vertex -1.30164 -28.1225 2.2
    endloop
  endfacet
  facet normal 0 0 1
    outer loop
      vertex -1.56261 -28.088 2.2
      vertex -1.30737 -27.1857 2.2
      vertex -1.39777 -27.1671 2.2
    endloop
  endfacet
  facet normal 0 0 1
    outer loop
      vertex -1.22374 -27.2038 2.2
      vertex -1.43953 -28.111 2.2
      vertex -1.37244 -28.1182 2.2
    endloop
  endfacet
  facet normal 0 0 1
    outer loop
      vertex -1.84419 -27.9488 2.2
      vertex -1.39777 -27.1671 2.2
      vertex -1.47598 -27.1485 2.2
    endloop
  endfacet
  facet normal 0 0 1
    outer loop
      vertex -1.30737 -27.1857 2.2
      vertex -1.50291 -28.101 2.2
      vertex -1.43953 -28.111 2.2
    endloop
  endfacet
  facet normal 0 0 1
    outer loop
      vertex -2.00847 -27.6885 2.2
      vertex -1.47598 -27.1485 2.2
      vertex -1.54875 -27.1308 2.2
    endloop
  endfacet
  facet normal 0 0 1
    outer loop
      vertex -1.30737 -27.1857 2.2
      vertex -1.56261 -28.088 2.2
      vertex -1.50291 -28.101 2.2
    endloop
  endfacet
  facet normal 0 0 1
    outer loop
      vertex -2.02489 -27.6329 2.2
      vertex -1.54875 -27.1308 2.2
      vertex -1.61604 -27.1139 2.2
    endloop
  endfacet
  facet normal 0 0 1
    outer loop
      vertex -1.39777 -27.1671 2.2
      vertex -1.61861 -28.0722 2.2
      vertex -1.56261 -28.088 2.2
    endloop
  endfacet
  facet normal 0 0 1
    outer loop
      vertex -1.39777 -27.1671 2.2
      vertex -1.6709 -28.0535 2.2
      vertex -1.61861 -28.0722 2.2
    endloop
  endfacet
  facet normal 0 0 1
    outer loop
      vertex -2.02489 -27.6329 2.2
      vertex -1.61604 -27.1139 2.2
      vertex -1.67787 -27.0979 2.2
    endloop
  endfacet
  facet normal 0 0 1
    outer loop
      vertex -1.39777 -27.1671 2.2
      vertex -1.71948 -28.032 2.2
      vertex -1.6709 -28.0535 2.2
    endloop
  endfacet
  facet normal 0 0 1
    outer loop
      vertex -2.02489 -27.6329 2.2
      vertex -1.67787 -27.0979 2.2
      vertex -1.73424 -27.0826 2.2
    endloop
  endfacet
  facet normal 0 0 1
    outer loop
      vertex -1.39777 -27.1671 2.2
      vertex -1.76437 -28.0075 2.2
      vertex -1.71948 -28.032 2.2
    endloop
  endfacet
  facet normal 0 0 1
    outer loop
      vertex -2.02489 -27.6329 2.2
      vertex -1.73424 -27.0826 2.2
      vertex -1.78513 -27.0682 2.2
    endloop
  endfacet
  facet normal 0 0 1
    outer loop
      vertex -1.47598 -27.1485 2.2
      vertex -1.98892 -27.7406 2.2
      vertex -1.96623 -27.7892 2.2
    endloop
  endfacet
  facet normal 0 0 1
    outer loop
      vertex -2.02489 -27.6329 2.2
      vertex -1.78513 -27.0682 2.2
      vertex -1.83057 -27.0546 2.2
    endloop
  endfacet
  facet normal 0 0 1
    outer loop
      vertex -1.47598 -27.1485 2.2
      vertex -2.00847 -27.6885 2.2
      vertex -1.98892 -27.7406 2.2
    endloop
  endfacet
  facet normal 0 0 1
    outer loop
      vertex -2.02489 -27.6329 2.2
      vertex -1.83057 -27.0546 2.2
      vertex -1.87053 -27.0419 2.2
    endloop
  endfacet
  facet normal 0 0 1
    outer loop
      vertex -1.39777 -27.1671 2.2
      vertex -1.80585 -27.9799 2.2
      vertex -1.76437 -28.0075 2.2
    endloop
  endfacet
  facet normal 0 0 1
    outer loop
      vertex -2.02489 -27.6329 2.2
      vertex -1.87053 -27.0419 2.2
      vertex -1.90504 -27.0299 2.2
    endloop
  endfacet
  facet normal 0 0 1
    outer loop
      vertex -1.54875 -27.1308 2.2
      vertex -2.02489 -27.6329 2.2
      vertex -2.00847 -27.6885 2.2
    endloop
  endfacet
  facet normal 0 0 1
    outer loop
      vertex -2.02489 -27.6329 2.2
      vertex -1.90504 -27.0299 2.2
      vertex -1.93646 -27.0182 2.2
    endloop
  endfacet
  facet normal 0 0 1
    outer loop
      vertex -1.39777 -27.1671 2.2
      vertex -1.84419 -27.9488 2.2
      vertex -1.80585 -27.9799 2.2
    endloop
  endfacet
  facet normal 0 0 1
    outer loop
      vertex -1.47598 -27.1485 2.2
      vertex -1.87939 -27.9141 2.2
      vertex -1.84419 -27.9488 2.2
    endloop
  endfacet
  facet normal 0 0 1
    outer loop
      vertex -2.02489 -27.6329 2.2
      vertex -1.93646 -27.0182 2.2
      vertex -1.96721 -27.006 2.2
    endloop
  endfacet
  facet normal 0 0 1
    outer loop
      vertex -1.47598 -27.1485 2.2
      vertex -1.94041 -27.8344 2.2
      vertex -1.91147 -27.876 2.2
    endloop
  endfacet
  facet normal 0 0 1
    outer loop
      vertex -2.02489 -27.6329 2.2
      vertex -1.96721 -27.006 2.2
      vertex -1.99725 -26.9933 2.2
    endloop
  endfacet
  facet normal 0 0 1
    outer loop
      vertex -1.47598 -27.1485 2.2
      vertex -1.96623 -27.7892 2.2
      vertex -1.94041 -27.8344 2.2
    endloop
  endfacet
  facet normal 0 0 1
    outer loop
      vertex -1.47598 -27.1485 2.2
      vertex -1.91147 -27.876 2.2
      vertex -1.87939 -27.9141 2.2
    endloop
  endfacet
  facet normal 0 0 1
    outer loop
      vertex -2.02663 -26.9802 2.2
      vertex -2.02489 -27.6329 2.2
      vertex -1.99725 -26.9933 2.2
    endloop
  endfacet
  facet normal 0 0 1
    outer loop
      vertex -2.05533 -26.9666 2.2
      vertex -2.02489 -27.6329 2.2
      vertex -2.02663 -26.9802 2.2
    endloop
  endfacet
  facet normal 0 0 1
    outer loop
      vertex -2.08333 -26.9526 2.2
      vertex -2.02489 -27.6329 2.2
      vertex -2.05533 -26.9666 2.2
    endloop
  endfacet
  facet normal 0 0 1
    outer loop
      vertex -2.11066 -26.9381 2.2
      vertex -2.02489 -27.6329 2.2
      vertex -2.08333 -26.9526 2.2
    endloop
  endfacet
  facet normal 0 0 1
    outer loop
      vertex -2.13731 -26.9231 2.2
      vertex -2.02489 -27.6329 2.2
      vertex -2.11066 -26.9381 2.2
    endloop
  endfacet
  facet normal 0 0 1
    outer loop
      vertex -2.16327 -26.9077 2.2
      vertex -2.02489 -27.6329 2.2
      vertex -2.13731 -26.9231 2.2
    endloop
  endfacet
  facet normal 0 0 1
    outer loop
      vertex -2.68201 -27.7412 2.2
      vertex -2.16327 -26.9077 2.2
      vertex -2.18846 -26.8918 2.2
    endloop
  endfacet
  facet normal 0 0 1
    outer loop
      vertex -2.68201 -27.7412 2.2
      vertex -2.18846 -26.8918 2.2
      vertex -2.21278 -26.8751 2.2
    endloop
  endfacet
  facet normal 0 0 1
    outer loop
      vertex -2.68201 -27.7412 2.2
      vertex -2.21278 -26.8751 2.2
      vertex -2.23627 -26.8577 2.2
    endloop
  endfacet
  facet normal 0 0 1
    outer loop
      vertex -2.68201 -27.7412 2.2
      vertex -2.23627 -26.8577 2.2
      vertex -2.2589 -26.8395 2.2
    endloop
  endfacet
  facet normal 0 0 1
    outer loop
      vertex -2.68201 -27.7412 2.2
      vertex -2.2589 -26.8395 2.2
      vertex -2.28067 -26.8207 2.2
    endloop
  endfacet
  facet normal 0 0 1
    outer loop
      vertex -2.68201 -27.7412 2.2
      vertex -2.28067 -26.8207 2.2
      vertex -2.30159 -26.8011 2.2
    endloop
  endfacet
  facet normal 0 0 1
    outer loop
      vertex -2.68201 -27.7412 2.2
      vertex -2.30159 -26.8011 2.2
      vertex -2.32167 -26.7809 2.2
    endloop
  endfacet
  facet normal 0 0 1
    outer loop
      vertex -2.68201 -27.7412 2.2
      vertex -2.32167 -26.7809 2.2
      vertex -2.34088 -26.7599 2.2
    endloop
  endfacet
  facet normal 0 0 1
    outer loop
      vertex -2.68201 -27.7412 2.2
      vertex -2.34088 -26.7599 2.2
      vertex -2.35924 -26.7383 2.2
    endloop
  endfacet
  facet normal 0 0 1
    outer loop
      vertex -2.68201 -27.7412 2.2
      vertex -2.35924 -26.7383 2.2
      vertex -2.37674 -26.7158 2.2
    endloop
  endfacet
  facet normal 0 0 1
    outer loop
      vertex -2.68201 -27.7412 2.2
      vertex -2.37674 -26.7158 2.2
      vertex -2.39334 -26.6925 2.2
    endloop
  endfacet
  facet normal 0 0 1
    outer loop
      vertex -2.68201 -27.7412 2.2
      vertex -2.39334 -26.6925 2.2
      vertex -2.40906 -26.6683 2.2
    endloop
  endfacet
  facet normal 0 0 1
    outer loop
      vertex -2.68201 -27.7412 2.2
      vertex -2.40906 -26.6683 2.2
      vertex -2.4239 -26.6433 2.2
    endloop
  endfacet
  facet normal 0 0 1
    outer loop
      vertex -2.68201 -27.7412 2.2
      vertex -2.4239 -26.6433 2.2
      vertex -2.43787 -26.6174 2.2
    endloop
  endfacet
  facet normal 0 0 1
    outer loop
      vertex -4.06323 -27.4438 2.2
      vertex -2.43787 -26.6174 2.2
      vertex -2.45094 -26.5907 2.2
    endloop
  endfacet
  facet normal 0 0 1
    outer loop
      vertex -4.06323 -27.4438 2.2
      vertex -2.45094 -26.5907 2.2
      vertex -2.46313 -26.5631 2.2
    endloop
  endfacet
  facet normal 0 0 1
    outer loop
      vertex -2.16327 -26.9077 2.2
      vertex -2.68201 -27.7412 2.2
      vertex -2.02489 -27.6329 2.2
    endloop
  endfacet
  facet normal 0 0 1
    outer loop
      vertex -4.06323 -27.4438 2.2
      vertex -2.46313 -26.5631 2.2
      vertex -2.47444 -26.5347 2.2
    endloop
  endfacet
  facet normal 0 0 1
    outer loop
      vertex -4.06323 -27.4438 2.2
      vertex -2.47444 -26.5347 2.2
      vertex -2.48488 -26.5054 2.2
    endloop
  endfacet
  facet normal 0 0 1
    outer loop
      vertex -4.06323 -27.4438 2.2
      vertex -2.48488 -26.5054 2.2
      vertex -2.49431 -26.4752 2.2
    endloop
  endfacet
  facet normal 0 0 1
    outer loop
      vertex -4.06323 -27.4438 2.2
      vertex -2.49431 -26.4752 2.2
      vertex -2.50264 -26.444 2.2
    endloop
  endfacet
  facet normal 0 0 1
    outer loop
      vertex -4.06323 -27.4438 2.2
      vertex -2.50264 -26.444 2.2
      vertex -2.50984 -26.4119 2.2
    endloop
  endfacet
  facet normal 0 0 1
    outer loop
      vertex -4.06323 -27.4438 2.2
      vertex -2.50984 -26.4119 2.2
      vertex -2.51595 -26.3788 2.2
    endloop
  endfacet
  facet normal 0 0 1
    outer loop
      vertex -4.06323 -27.4438 2.2
      vertex -2.51595 -26.3788 2.2
      vertex -2.52095 -26.3447 2.2
    endloop
  endfacet
  facet normal 0 0 1
    outer loop
      vertex -4.06323 -27.4438 2.2
      vertex -2.52095 -26.3447 2.2
      vertex -2.52483 -26.3097 2.2
    endloop
  endfacet
  facet normal 0 0 1
    outer loop
      vertex -4.06323 -27.4438 2.2
      vertex -2.52483 -26.3097 2.2
      vertex -2.5276 -26.2737 2.2
    endloop
  endfacet
  facet normal 0 0 1
    outer loop
      vertex -4.06323 -27.4438 2.2
      vertex -2.5276 -26.2737 2.2
      vertex -2.52927 -26.2367 2.2
    endloop
  endfacet
  facet normal 0 0 1
    outer loop
      vertex -4.49669 -25.3387 2.2
      vertex -2.52927 -26.2367 2.2
      vertex -2.52982 -26.1987 2.2
    endloop
  endfacet
  facet normal 0 0 1
    outer loop
      vertex -4.06323 -27.4438 2.2
      vertex -4.49669 -25.3387 2.2
      vertex -4.49669 -27.4438 2.2
    endloop
  endfacet
  facet normal 0 0 1
    outer loop
      vertex 24.5215 -2.85477 2.2
      vertex 18.6349 -3.70672 2.2
      vertex 18.1819 -5.51541 2.2
    endloop
  endfacet
  facet normal 0 0 1
    outer loop
      vertex 25.4999 -3.74161 2.2
      vertex 18.1819 -5.51541 2.2
      vertex 17.5537 -7.27098 2.2
    endloop
  endfacet
  facet normal 0 0 1
    outer loop
      vertex 29.1014 -19.445 2.2
      vertex 15.7979 -10.5558 2.2
      vertex 27.0554 -22.2038 2.2
    endloop
  endfacet
  facet normal -0 0 1
    outer loop
      vertex 14.6872 -12.0535 2.2
      vertex 27.0554 -22.2038 2.2
      vertex 15.7979 -10.5558 2.2
    endloop
  endfacet
  facet normal 0 0 1
    outer loop
      vertex 27.0554 -22.2038 2.2
      vertex 14.6872 -12.0535 2.2
      vertex 24.7487 -24.7487 2.2
    endloop
  endfacet
  facet normal -0 0 1
    outer loop
      vertex 13.435 -13.435 2.2
      vertex 24.7487 -24.7487 2.2
      vertex 14.6872 -12.0535 2.2
    endloop
  endfacet
  facet normal 0 0 1
    outer loop
      vertex 24.7487 -24.7487 2.2
      vertex 13.435 -13.435 2.2
      vertex 22.2038 -27.0554 2.2
    endloop
  endfacet
  facet normal -0 0 1
    outer loop
      vertex 12.0535 -14.6872 2.2
      vertex 22.2038 -27.0554 2.2
      vertex 13.435 -13.435 2.2
    endloop
  endfacet
  facet normal -0 0 1
    outer loop
      vertex 9.76663 -25.8111 2.2
      vertex 22.2038 -27.0554 2.2
      vertex 12.0535 -14.6872 2.2
    endloop
  endfacet
  facet normal 0 0 1
    outer loop
      vertex 22.2038 -27.0554 2.2
      vertex 9.76663 -25.8111 2.2
      vertex 19.445 -29.1014 2.2
    endloop
  endfacet
  facet normal -0 -0 1
    outer loop
      vertex 9.84435 -25.9745 2.2
      vertex 19.445 -29.1014 2.2
      vertex 9.80937 -25.8901 2.2
    endloop
  endfacet
  facet normal 0 0 1
    outer loop
      vertex 9.71613 -25.7377 2.2
      vertex 12.0535 -14.6872 2.2
      vertex 10.5558 -15.7979 2.2
    endloop
  endfacet
  facet normal 0 0 1
    outer loop
      vertex 19.445 -29.1014 2.2
      vertex 9.89098 -26.1598 2.2
      vertex 16.4989 -30.8672 2.2
    endloop
  endfacet
  facet normal -0 0 1
    outer loop
      vertex 9.89946 -26.5031 2.2
      vertex 16.4989 -30.8672 2.2
      vertex 9.90475 -26.4359 2.2
    endloop
  endfacet
  facet normal -0 0 1
    outer loop
      vertex 9.90475 -26.4359 2.2
      vertex 16.4989 -30.8672 2.2
      vertex 9.90652 -26.3671 2.2
    endloop
  endfacet
  facet normal -0 -0 1
    outer loop
      vertex 9.90652 -26.3671 2.2
      vertex 16.4989 -30.8672 2.2
      vertex 9.90263 -26.2607 2.2
    endloop
  endfacet
  facet normal -0 -0 1
    outer loop
      vertex 9.90263 -26.2607 2.2
      vertex 16.4989 -30.8672 2.2
      vertex 9.89098 -26.1598 2.2
    endloop
  endfacet
  facet normal -0 -0 1
    outer loop
      vertex 9.89098 -26.1598 2.2
      vertex 19.445 -29.1014 2.2
      vertex 9.87155 -26.0644 2.2
    endloop
  endfacet
  facet normal -0 -0 1
    outer loop
      vertex 9.87155 -26.0644 2.2
      vertex 19.445 -29.1014 2.2
      vertex 9.84435 -25.9745 2.2
    endloop
  endfacet
  facet normal 0 0 1
    outer loop
      vertex 19.445 -29.1014 2.2
      vertex 9.76663 -25.8111 2.2
      vertex 9.80937 -25.8901 2.2
    endloop
  endfacet
  facet normal 0 0 1
    outer loop
      vertex 12.0535 -14.6872 2.2
      vertex 9.71613 -25.7377 2.2
      vertex 9.76663 -25.8111 2.2
    endloop
  endfacet
  facet normal 0 0 1
    outer loop
      vertex 10.5558 -15.7979 2.2
      vertex 9.65784 -25.6698 2.2
      vertex 9.71613 -25.7377 2.2
    endloop
  endfacet
  facet normal 0 0 1
    outer loop
      vertex 10.5558 -15.7979 2.2
      vertex 9.59178 -25.6073 2.2
      vertex 9.65784 -25.6698 2.2
    endloop
  endfacet
  facet normal 0 0 1
    outer loop
      vertex 10.5558 -15.7979 2.2
      vertex 9.51852 -25.551 2.2
      vertex 9.59178 -25.6073 2.2
    endloop
  endfacet
  facet normal -0 0 1
    outer loop
      vertex 8.95654 -16.7565 2.2
      vertex 9.51852 -25.551 2.2
      vertex 10.5558 -15.7979 2.2
    endloop
  endfacet
  facet normal 0 0 1
    outer loop
      vertex 9.51852 -25.551 2.2
      vertex 8.95654 -16.7565 2.2
      vertex 9.43864 -25.5012 2.2
    endloop
  endfacet
  facet normal 0 0 1
    outer loop
      vertex 9.43864 -25.5012 2.2
      vertex 8.95654 -16.7565 2.2
      vertex 9.35213 -25.4581 2.2
    endloop
  endfacet
  facet normal 0 0 1
    outer loop
      vertex 9.35213 -25.4581 2.2
      vertex 8.95654 -16.7565 2.2
      vertex 9.25899 -25.4216 2.2
    endloop
  endfacet
  facet normal 0 0 1
    outer loop
      vertex 9.25899 -25.4216 2.2
      vertex 8.95654 -16.7565 2.2
      vertex 9.15921 -25.3918 2.2
    endloop
  endfacet
  facet normal 0 0 1
    outer loop
      vertex 9.15921 -25.3918 2.2
      vertex 8.95654 -16.7565 2.2
      vertex 9.0528 -25.3686 2.2
    endloop
  endfacet
  facet normal -0 0 1
    outer loop
      vertex 7.27098 -17.5537 2.2
      vertex 9.0528 -25.3686 2.2
      vertex 8.95654 -16.7565 2.2
    endloop
  endfacet
  facet normal 0 0 1
    outer loop
      vertex 9.0528 -25.3686 2.2
      vertex 7.27098 -17.5537 2.2
      vertex 8.93976 -25.352 2.2
    endloop
  endfacet
  facet normal 0 0 1
    outer loop
      vertex 8.93976 -25.352 2.2
      vertex 7.27098 -17.5537 2.2
      vertex 8.82008 -25.3421 2.2
    endloop
  endfacet
  facet normal 0 0 1
    outer loop
      vertex 8.82008 -25.3421 2.2
      vertex 7.27098 -17.5537 2.2
      vertex 8.69377 -25.3387 2.2
    endloop
  endfacet
  facet normal 0 0 1
    outer loop
      vertex 7.27098 -17.5537 2.2
      vertex 7.23428 -25.3387 2.2
      vertex 8.69377 -25.3387 2.2
    endloop
  endfacet
  facet normal 0 0 1
    outer loop
      vertex 7.23428 -25.3387 2.2
      vertex 6.87364 -28.5874 2.2
      vertex 7.23428 -28.5874 2.2
    endloop
  endfacet
  facet normal -0 0 1
    outer loop
      vertex 5.51541 -18.1819 2.2
      vertex 7.23428 -25.3387 2.2
      vertex 7.27098 -17.5537 2.2
    endloop
  endfacet
  facet normal 0 0 1
    outer loop
      vertex 7.23428 -25.3387 2.2
      vertex 5.69316 -25.3387 2.2
      vertex 6.87364 -28.5874 2.2
    endloop
  endfacet
  facet normal 0 0 1
    outer loop
      vertex 7.23428 -25.3387 2.2
      vertex 5.51541 -18.1819 2.2
      vertex 5.69316 -25.3387 2.2
    endloop
  endfacet
  facet normal -0 0 1
    outer loop
      vertex 3.70672 -18.6349 2.2
      vertex 5.69316 -25.3387 2.2
      vertex 5.51541 -18.1819 2.2
    endloop
  endfacet
  facet normal 0 0 1
    outer loop
      vertex 5.69316 -25.3387 2.2
      vertex 3.70672 -18.6349 2.2
      vertex 4.89079 -25.3387 2.2
    endloop
  endfacet
  facet normal 0 0 1
    outer loop
      vertex 3.34967 -25.3387 2.2
      vertex 4.89079 -25.3387 2.2
      vertex 3.70672 -18.6349 2.2
    endloop
  endfacet
  facet normal 0 0 1
    outer loop
      vertex 4.89079 -25.3387 2.2
      vertex 3.34967 -25.3387 2.2
      vertex 3.70569 -28.5874 2.2
    endloop
  endfacet
  facet normal 0 0 1
    outer loop
      vertex 3.70569 -28.5874 2.2
      vertex 3.34967 -25.3387 2.2
      vertex 3.34967 -28.5874 2.2
    endloop
  endfacet
  facet normal -0 0 1
    outer loop
      vertex 1.86232 -18.9085 2.2
      vertex 3.34967 -25.3387 2.2
      vertex 3.70672 -18.6349 2.2
    endloop
  endfacet
  facet normal 0 0 1
    outer loop
      vertex 1.35068 -25.3387 2.2
      vertex 2.74559 -25.3387 2.2
      vertex 1.86232 -18.9085 2.2
    endloop
  endfacet
  facet normal 0 0 1
    outer loop
      vertex 3.34967 -25.3387 2.2
      vertex 1.86232 -18.9085 2.2
      vertex 2.74559 -25.3387 2.2
    endloop
  endfacet
  facet normal -0 0 1
    outer loop
      vertex 9.89062 -26.5687 2.2
      vertex 16.4989 -30.8672 2.2
      vertex 9.89946 -26.5031 2.2
    endloop
  endfacet
  facet normal -0 0 1
    outer loop
      vertex 9.87828 -26.6326 2.2
      vertex 16.4989 -30.8672 2.2
      vertex 9.89062 -26.5687 2.2
    endloop
  endfacet
  facet normal -0 0 1
    outer loop
      vertex 9.8624 -26.6948 2.2
      vertex 16.4989 -30.8672 2.2
      vertex 9.87828 -26.6326 2.2
    endloop
  endfacet
  facet normal -0 0 1
    outer loop
      vertex 9.84297 -26.7554 2.2
      vertex 16.4989 -30.8672 2.2
      vertex 9.8624 -26.6948 2.2
    endloop
  endfacet
  facet normal -0 0 1
    outer loop
      vertex 9.82002 -26.8144 2.2
      vertex 16.4989 -30.8672 2.2
      vertex 9.84297 -26.7554 2.2
    endloop
  endfacet
  facet normal 0 0 1
    outer loop
      vertex 16.4989 -30.8672 2.2
      vertex 9.82002 -26.8144 2.2
      vertex 13.3939 -32.3358 2.2
    endloop
  endfacet
  facet normal -0 0 1
    outer loop
      vertex 9.79355 -26.8717 2.2
      vertex 13.3939 -32.3358 2.2
      vertex 9.82002 -26.8144 2.2
    endloop
  endfacet
  facet normal -0 0 1
    outer loop
      vertex 9.76355 -26.9273 2.2
      vertex 13.3939 -32.3358 2.2
      vertex 9.79355 -26.8717 2.2
    endloop
  endfacet
  facet normal -0 0 1
    outer loop
      vertex 9.73026 -26.9808 2.2
      vertex 13.3939 -32.3358 2.2
      vertex 9.76355 -26.9273 2.2
    endloop
  endfacet
  facet normal -0 0 1
    outer loop
      vertex 9.69392 -27.0314 2.2
      vertex 13.3939 -32.3358 2.2
      vertex 9.73026 -26.9808 2.2
    endloop
  endfacet
  facet normal -0 0 1
    outer loop
      vertex 9.65456 -27.0794 2.2
      vertex 13.3939 -32.3358 2.2
      vertex 9.69392 -27.0314 2.2
    endloop
  endfacet
  facet normal -0 0 1
    outer loop
      vertex 9.61212 -27.1245 2.2
      vertex 13.3939 -32.3358 2.2
      vertex 9.65456 -27.0794 2.2
    endloop
  endfacet
  facet normal -0 0 1
    outer loop
      vertex 9.56667 -27.1669 2.2
      vertex 13.3939 -32.3358 2.2
      vertex 9.61212 -27.1245 2.2
    endloop
  endfacet
  facet normal -0 0 1
    outer loop
      vertex 9.51814 -27.2066 2.2
      vertex 13.3939 -32.3358 2.2
      vertex 9.56667 -27.1669 2.2
    endloop
  endfacet
  facet normal -0 0 1
    outer loop
      vertex 9.46658 -27.2434 2.2
      vertex 13.3939 -32.3358 2.2
      vertex 9.51814 -27.2066 2.2
    endloop
  endfacet
  facet normal -0 0 1
    outer loop
      vertex 9.41197 -27.2775 2.2
      vertex 13.3939 -32.3358 2.2
      vertex 9.46658 -27.2434 2.2
    endloop
  endfacet
  facet normal -0 0 1
    outer loop
      vertex 9.35432 -27.3089 2.2
      vertex 13.3939 -32.3358 2.2
      vertex 9.41197 -27.2775 2.2
    endloop
  endfacet
  facet normal 0 0 1
    outer loop
      vertex 13.3939 -32.3358 2.2
      vertex 9.35432 -27.3089 2.2
      vertex 10.16 -33.4929 2.2
    endloop
  endfacet
  facet normal -0 0 1
    outer loop
      vertex 9.29391 -27.3372 2.2
      vertex 10.16 -33.4929 2.2
      vertex 9.35432 -27.3089 2.2
    endloop
  endfacet
  facet normal 0 0 1
    outer loop
      vertex 7.91446 -28.5874 2.2
      vertex 9.29391 -27.3372 2.2
      vertex 9.23102 -27.3622 2.2
    endloop
  endfacet
  facet normal 0 0 1
    outer loop
      vertex 7.91446 -28.5874 2.2
      vertex 9.23102 -27.3622 2.2
      vertex 9.16565 -27.3838 2.2
    endloop
  endfacet
  facet normal 0 0 1
    outer loop
      vertex 7.91446 -28.5874 2.2
      vertex 9.16565 -27.3838 2.2
      vertex 9.09781 -27.4021 2.2
    endloop
  endfacet
  facet normal 0 0 1
    outer loop
      vertex 7.91446 -28.5874 2.2
      vertex 9.09781 -27.4021 2.2
      vertex 9.02748 -27.4171 2.2
    endloop
  endfacet
  facet normal 0 0 1
    outer loop
      vertex 7.91446 -28.5874 2.2
      vertex 9.02748 -27.4171 2.2
      vertex 8.95468 -27.4288 2.2
    endloop
  endfacet
  facet normal 0 0 1
    outer loop
      vertex 7.91446 -28.5874 2.2
      vertex 8.95468 -27.4288 2.2
      vertex 8.87941 -27.4371 2.2
    endloop
  endfacet
  facet normal 0 0 1
    outer loop
      vertex 7.91446 -28.5874 2.2
      vertex 8.87941 -27.4371 2.2
      vertex 8.80165 -27.4421 2.2
    endloop
  endfacet
  facet normal 0 0 1
    outer loop
      vertex 7.91446 -28.5874 2.2
      vertex 8.80165 -27.4421 2.2
      vertex 8.72142 -27.4438 2.2
    endloop
  endfacet
  facet normal 0 0 1
    outer loop
      vertex 7.91446 -28.5874 2.2
      vertex 8.72142 -27.4438 2.2
      vertex 7.91446 -27.4438 2.2
    endloop
  endfacet
  facet normal 0 0 1
    outer loop
      vertex 9.29391 -27.3372 2.2
      vertex 7.91446 -28.5874 2.2
      vertex 10.16 -33.4929 2.2
    endloop
  endfacet
  facet normal 0 0 1
    outer loop
      vertex 6.82816 -34.3275 2.2
      vertex 7.91446 -28.5874 2.2
      vertex 7.23428 -28.5874 2.2
    endloop
  endfacet
  facet normal 0 0 1
    outer loop
      vertex 6.82816 -34.3275 2.2
      vertex 7.23428 -28.5874 2.2
      vertex 6.87364 -28.5874 2.2
    endloop
  endfacet
  facet normal 0 0 1
    outer loop
      vertex 7.91446 -28.5874 2.2
      vertex 6.82816 -34.3275 2.2
      vertex 10.16 -33.4929 2.2
    endloop
  endfacet
  facet normal -0 0 1
    outer loop
      vertex 6.20041 -28.5874 2.2
      vertex 6.82816 -34.3275 2.2
      vertex 6.87364 -28.5874 2.2
    endloop
  endfacet
  facet normal 0 0 1
    outer loop
      vertex 4.38586 -28.5874 2.2
      vertex 6.20041 -28.5874 2.2
      vertex 5.91219 -27.7573 2.2
    endloop
  endfacet
  facet normal 0 0 1
    outer loop
      vertex 4.38586 -28.5874 2.2
      vertex 5.91219 -27.7573 2.2
      vertex 4.67409 -27.7573 2.2
    endloop
  endfacet
  facet normal 0 0 1
    outer loop
      vertex 6.20041 -28.5874 2.2
      vertex 4.38586 -28.5874 2.2
      vertex 6.82816 -34.3275 2.2
    endloop
  endfacet
  facet normal 0 0 1
    outer loop
      vertex 3.4306 -34.8315 2.2
      vertex 4.38586 -28.5874 2.2
      vertex 3.70569 -28.5874 2.2
    endloop
  endfacet
  facet normal 0 0 1
    outer loop
      vertex 4.38586 -28.5874 2.2
      vertex 3.4306 -34.8315 2.2
      vertex 6.82816 -34.3275 2.2
    endloop
  endfacet
  facet normal 0 0 1
    outer loop
      vertex 3.70569 -28.5874 2.2
      vertex 3.34967 -28.5874 2.2
      vertex 3.4306 -34.8315 2.2
    endloop
  endfacet
  facet normal -0 0 1
    outer loop
      vertex 2.5519 -28.5874 2.2
      vertex 3.4306 -34.8315 2.2
      vertex 3.34967 -28.5874 2.2
    endloop
  endfacet
  facet normal 0 0 1
    outer loop
      vertex 1.17775 -28.5874 2.2
      vertex 2.5519 -28.5874 2.2
      vertex 1.17775 -26.6714 2.2
    endloop
  endfacet
  facet normal 0 0 1
    outer loop
      vertex 2.5519 -28.5874 2.2
      vertex 1.17775 -28.5874 2.2
      vertex 3.4306 -34.8315 2.2
    endloop
  endfacet
  facet normal 0 0 1
    outer loop
      vertex 0 -35 2.2
      vertex 1.17775 -28.5874 2.2
      vertex 0.573669 -28.5874 2.2
    endloop
  endfacet
  facet normal -0 0 1
    outer loop
      vertex 0.142609 -27.7546 2.2
      vertex 0.573669 -28.5874 2.2
      vertex 0.146988 -27.6513 2.2
    endloop
  endfacet
  facet normal -0 0 1
    outer loop
      vertex 0.129501 -27.8523 2.2
      vertex 0.573669 -28.5874 2.2
      vertex 0.142609 -27.7546 2.2
    endloop
  endfacet
  facet normal -0 0 1
    outer loop
      vertex 0.107651 -27.9445 2.2
      vertex 0.573669 -28.5874 2.2
      vertex 0.129501 -27.8523 2.2
    endloop
  endfacet
  facet normal -0 0 1
    outer loop
      vertex 0.0770721 -28.0311 2.2
      vertex 0.573669 -28.5874 2.2
      vertex 0.107651 -27.9445 2.2
    endloop
  endfacet
  facet normal -0 0 1
    outer loop
      vertex 0.037735 -28.1122 2.2
      vertex 0.573669 -28.5874 2.2
      vertex 0.0770721 -28.0311 2.2
    endloop
  endfacet
  facet normal -0 0 1
    outer loop
      vertex -0.0103149 -28.1877 2.2
      vertex 0.573669 -28.5874 2.2
      vertex 0.037735 -28.1122 2.2
    endloop
  endfacet
  facet normal -0 0 1
    outer loop
      vertex -0.0671082 -28.2577 2.2
      vertex 0.573669 -28.5874 2.2
      vertex -0.0103149 -28.1877 2.2
    endloop
  endfacet
  facet normal -0 0 1
    outer loop
      vertex -0.13266 -28.3221 2.2
      vertex 0.573669 -28.5874 2.2
      vertex -0.0671082 -28.2577 2.2
    endloop
  endfacet
  facet normal -0 0 1
    outer loop
      vertex -0.20694 -28.381 2.2
      vertex 0.573669 -28.5874 2.2
      vertex -0.13266 -28.3221 2.2
    endloop
  endfacet
  facet normal -0 0 1
    outer loop
      vertex -0.289673 -28.434 2.2
      vertex 0.573669 -28.5874 2.2
      vertex -0.20694 -28.381 2.2
    endloop
  endfacet
  facet normal -0 0 1
    outer loop
      vertex -0.380569 -28.4808 2.2
      vertex 0.573669 -28.5874 2.2
      vertex -0.289673 -28.434 2.2
    endloop
  endfacet
  facet normal 0 0 1
    outer loop
      vertex 1.17775 -28.5874 2.2
      vertex 0 -35 2.2
      vertex 3.4306 -34.8315 2.2
    endloop
  endfacet
  facet normal -0 0 1
    outer loop
      vertex -0.479645 -28.5213 2.2
      vertex 0.573669 -28.5874 2.2
      vertex -0.380569 -28.4808 2.2
    endloop
  endfacet
  facet normal -0 0 1
    outer loop
      vertex -0.586884 -28.5556 2.2
      vertex 0.573669 -28.5874 2.2
      vertex -0.479645 -28.5213 2.2
    endloop
  endfacet
  facet normal -0 0 1
    outer loop
      vertex -0.702286 -28.5836 2.2
      vertex 0.573669 -28.5874 2.2
      vertex -0.586884 -28.5556 2.2
    endloop
  endfacet
  facet normal 0 0 1
    outer loop
      vertex 0.573669 -28.5874 2.2
      vertex -0.702286 -28.5836 2.2
      vertex 0 -35 2.2
    endloop
  endfacet
  facet normal -0 0 1
    outer loop
      vertex -0.825867 -28.6054 2.2
      vertex 0 -35 2.2
      vertex -0.702286 -28.5836 2.2
    endloop
  endfacet
  facet normal -0 0 1
    outer loop
      vertex -0.957611 -28.621 2.2
      vertex 0 -35 2.2
      vertex -0.825867 -28.6054 2.2
    endloop
  endfacet
  facet normal -0 0 1
    outer loop
      vertex -1.09752 -28.6304 2.2
      vertex 0 -35 2.2
      vertex -0.957611 -28.621 2.2
    endloop
  endfacet
  facet normal -0 0 1
    outer loop
      vertex -1.24561 -28.6335 2.2
      vertex 0 -35 2.2
      vertex -1.09752 -28.6304 2.2
    endloop
  endfacet
  facet normal 0 0 1
    outer loop
      vertex -1.38113 -28.6307 2.2
      vertex 0 -35 2.2
      vertex -1.24561 -28.6335 2.2
    endloop
  endfacet
  facet normal 0 0 1
    outer loop
      vertex -3.4306 -34.8315 2.2
      vertex -1.38113 -28.6307 2.2
      vertex -1.50998 -28.6225 2.2
    endloop
  endfacet
  facet normal 0 0 1
    outer loop
      vertex -3.4306 -34.8315 2.2
      vertex -1.50998 -28.6225 2.2
      vertex -1.63219 -28.6089 2.2
    endloop
  endfacet
  facet normal 0 0 1
    outer loop
      vertex -3.4306 -34.8315 2.2
      vertex -1.63219 -28.6089 2.2
      vertex -1.74771 -28.5898 2.2
    endloop
  endfacet
  facet normal 0 0 1
    outer loop
      vertex -3.4306 -34.8315 2.2
      vertex -1.74771 -28.5898 2.2
      vertex -1.8566 -28.5652 2.2
    endloop
  endfacet
  facet normal 0 0 1
    outer loop
      vertex -3.4306 -34.8315 2.2
      vertex -1.8566 -28.5652 2.2
      vertex -1.9588 -28.5351 2.2
    endloop
  endfacet
  facet normal 0 0 1
    outer loop
      vertex -3.4306 -34.8315 2.2
      vertex -1.9588 -28.5351 2.2
      vertex -2.05437 -28.4996 2.2
    endloop
  endfacet
  facet normal 0 0 1
    outer loop
      vertex -4.49669 -28.5874 2.2
      vertex -2.05437 -28.4996 2.2
      vertex -2.14325 -28.4586 2.2
    endloop
  endfacet
  facet normal 0 0 1
    outer loop
      vertex -4.49669 -28.5874 2.2
      vertex -2.14325 -28.4586 2.2
      vertex -2.22549 -28.4121 2.2
    endloop
  endfacet
  facet normal 0 0 1
    outer loop
      vertex -4.49669 -28.5874 2.2
      vertex -2.22549 -28.4121 2.2
      vertex -2.30125 -28.3601 2.2
    endloop
  endfacet
  facet normal 0 0 1
    outer loop
      vertex -4.49669 -28.5874 2.2
      vertex -2.30125 -28.3601 2.2
      vertex -2.37077 -28.3025 2.2
    endloop
  endfacet
  facet normal 0 0 1
    outer loop
      vertex -4.49669 -28.5874 2.2
      vertex -2.37077 -28.3025 2.2
      vertex -2.43402 -28.2392 2.2
    endloop
  endfacet
  facet normal 0 0 1
    outer loop
      vertex -4.49669 -28.5874 2.2
      vertex -2.43402 -28.2392 2.2
      vertex -2.491 -28.1703 2.2
    endloop
  endfacet
  facet normal 0 0 1
    outer loop
      vertex -4.06323 -27.9257 2.2
      vertex -2.491 -28.1703 2.2
      vertex -2.54173 -28.0957 2.2
    endloop
  endfacet
  facet normal 0 0 1
    outer loop
      vertex -4.06323 -27.9257 2.2
      vertex -2.54173 -28.0957 2.2
      vertex -2.5862 -28.0156 2.2
    endloop
  endfacet
  facet normal 0 0 1
    outer loop
      vertex -4.06323 -27.9257 2.2
      vertex -2.5862 -28.0156 2.2
      vertex -2.62439 -27.9297 2.2
    endloop
  endfacet
  facet normal 0 0 1
    outer loop
      vertex -1.38113 -28.6307 2.2
      vertex -3.4306 -34.8315 2.2
      vertex 0 -35 2.2
    endloop
  endfacet
  facet normal -0 0 1
    outer loop
      vertex -4.06323 -27.9257 2.2
      vertex -2.62439 -27.9297 2.2
      vertex -2.65633 -27.8383 2.2
    endloop
  endfacet
  facet normal 0 0 1
    outer loop
      vertex -4.06323 -27.9257 2.2
      vertex -2.65633 -27.8383 2.2
      vertex -2.68201 -27.7412 2.2
    endloop
  endfacet
  facet normal 0 0 1
    outer loop
      vertex 2.74559 -25.3387 2.2
      vertex 1.35068 -25.3387 2.2
      vertex 2.74559 -27.2271 2.2
    endloop
  endfacet
  facet normal 0 0 1
    outer loop
      vertex 2.74559 -27.2271 2.2
      vertex 1.35068 -25.3387 2.2
      vertex 2.74611 -27.2914 2.2
    endloop
  endfacet
  facet normal 0 0 1
    outer loop
      vertex 2.74611 -27.2914 2.2
      vertex 1.35068 -25.3387 2.2
      vertex 2.74765 -27.3572 2.2
    endloop
  endfacet
  facet normal 0 0 1
    outer loop
      vertex 2.74765 -27.3572 2.2
      vertex 1.35068 -25.3387 2.2
      vertex 2.7502 -27.4246 2.2
    endloop
  endfacet
  facet normal 0 0 1
    outer loop
      vertex 2.7502 -27.4246 2.2
      vertex 1.35068 -25.3387 2.2
      vertex 2.75378 -27.4935 2.2
    endloop
  endfacet
  facet normal 0 0 1
    outer loop
      vertex 2.75378 -27.4935 2.2
      vertex 1.35068 -25.3387 2.2
      vertex 2.75839 -27.5639 2.2
    endloop
  endfacet
  facet normal 0 0 1
    outer loop
      vertex 2.75839 -27.5639 2.2
      vertex 1.35068 -25.3387 2.2
      vertex 2.76402 -27.6359 2.2
    endloop
  endfacet
  facet normal 0 0 1
    outer loop
      vertex 2.76402 -27.6359 2.2
      vertex 1.35068 -25.3387 2.2
      vertex 2.77069 -27.7094 2.2
    endloop
  endfacet
  facet normal 0 0 1
    outer loop
      vertex 2.77837 -27.7845 2.2
      vertex 1.35068 -25.3387 2.2
      vertex 2.78708 -27.8611 2.2
    endloop
  endfacet
  facet normal 0 0 1
    outer loop
      vertex 2.77069 -27.7094 2.2
      vertex 1.35068 -25.3387 2.2
      vertex 2.77837 -27.7845 2.2
    endloop
  endfacet
  facet normal -0 0 1
    outer loop
      vertex 0 -19 2.2
      vertex 1.35068 -25.3387 2.2
      vertex 1.86232 -18.9085 2.2
    endloop
  endfacet
  facet normal -0 0 1
    outer loop
      vertex 0.134689 -27.4803 2.2
      vertex 0.573669 -28.5874 2.2
      vertex 0.573669 -25.3387 2.2
    endloop
  endfacet
  facet normal 0 0 1
    outer loop
      vertex 0.573669 -28.5874 2.2
      vertex 0.14621 -27.6068 2.2
      vertex 0.146988 -27.6513 2.2
    endloop
  endfacet
  facet normal 0 0 1
    outer loop
      vertex 0.573669 -28.5874 2.2
      vertex 0.143906 -27.5634 2.2
      vertex 0.14621 -27.6068 2.2
    endloop
  endfacet
  facet normal 0 0 1
    outer loop
      vertex 0.573669 -28.5874 2.2
      vertex 0.14006 -27.5213 2.2
      vertex 0.143906 -27.5634 2.2
    endloop
  endfacet
  facet normal 0 0 1
    outer loop
      vertex 0.573669 -28.5874 2.2
      vertex 0.134689 -27.4803 2.2
      vertex 0.14006 -27.5213 2.2
    endloop
  endfacet
  facet normal 0 0 1
    outer loop
      vertex 1.35068 -25.3387 2.2
      vertex 0 -19 2.2
      vertex 0.573669 -25.3387 2.2
    endloop
  endfacet
  facet normal 0 -0 1
    outer loop
      vertex 0.0847321 -27.2928 2.2
      vertex 0.573669 -25.3387 2.2
      vertex 0.061676 -26.1042 2.2
    endloop
  endfacet
  facet normal 0 0 1
    outer loop
      vertex 0.573669 -25.3387 2.2
      vertex 0.127762 -27.4404 2.2
      vertex 0.134689 -27.4803 2.2
    endloop
  endfacet
  facet normal 0 0 1
    outer loop
      vertex 0.573669 -25.3387 2.2
      vertex 0.119308 -27.4018 2.2
      vertex 0.127762 -27.4404 2.2
    endloop
  endfacet
  facet normal 0 0 1
    outer loop
      vertex 0.573669 -25.3387 2.2
      vertex 0.109329 -27.3643 2.2
      vertex 0.119308 -27.4018 2.2
    endloop
  endfacet
  facet normal 0 0 1
    outer loop
      vertex 0.573669 -25.3387 2.2
      vertex 0.0977936 -27.3279 2.2
      vertex 0.109329 -27.3643 2.2
    endloop
  endfacet
  facet normal 0 0 1
    outer loop
      vertex 0.573669 -25.3387 2.2
      vertex 0.0847321 -27.2928 2.2
      vertex 0.0977936 -27.3279 2.2
    endloop
  endfacet
  facet normal 0 0 1
    outer loop
      vertex 0.0847321 -27.2928 2.2
      vertex 0.061676 -26.1042 2.2
      vertex 0.0702057 -27.2587 2.2
    endloop
  endfacet
  facet normal 0 0 1
    outer loop
      vertex 0.573669 -25.3387 2.2
      vertex 0.0395508 -26.0104 2.2
      vertex 0.061676 -26.1042 2.2
    endloop
  endfacet
  facet normal 0 0 1
    outer loop
      vertex 0.573669 -25.3387 2.2
      vertex 0.012085 -25.9227 2.2
      vertex 0.0395508 -26.0104 2.2
    endloop
  endfacet
  facet normal 0 0 1
    outer loop
      vertex -0.658066 -25.3487 2.2
      vertex 0.573669 -25.3387 2.2
      vertex 0 -19 2.2
    endloop
  endfacet
  facet normal 0 0 1
    outer loop
      vertex 0.573669 -25.3387 2.2
      vertex -0.0206757 -25.8411 2.2
      vertex 0.012085 -25.9227 2.2
    endloop
  endfacet
  facet normal 0 0 1
    outer loop
      vertex 0.573669 -25.3387 2.2
      vertex -0.0587769 -25.7656 2.2
      vertex -0.0206757 -25.8411 2.2
    endloop
  endfacet
  facet normal 0 0 1
    outer loop
      vertex 0.573669 -25.3387 2.2
      vertex -0.102203 -25.6962 2.2
      vertex -0.0587769 -25.7656 2.2
    endloop
  endfacet
  facet normal 0 0 1
    outer loop
      vertex 0.573669 -25.3387 2.2
      vertex -0.150955 -25.6328 2.2
      vertex -0.102203 -25.6962 2.2
    endloop
  endfacet
  facet normal 0 0 1
    outer loop
      vertex 0.573669 -25.3387 2.2
      vertex -0.205032 -25.5756 2.2
      vertex -0.150955 -25.6328 2.2
    endloop
  endfacet
  facet normal 0 0 1
    outer loop
      vertex 0.573669 -25.3387 2.2
      vertex -0.26442 -25.5245 2.2
      vertex -0.205032 -25.5756 2.2
    endloop
  endfacet
  facet normal 0 0 1
    outer loop
      vertex 0.573669 -25.3387 2.2
      vertex -0.329132 -25.4794 2.2
      vertex -0.26442 -25.5245 2.2
    endloop
  endfacet
  facet normal 0 0 1
    outer loop
      vertex 0.573669 -25.3387 2.2
      vertex -0.400223 -25.4397 2.2
      vertex -0.329132 -25.4794 2.2
    endloop
  endfacet
  facet normal 0 0 1
    outer loop
      vertex 0.573669 -25.3387 2.2
      vertex -0.478745 -25.4047 2.2
      vertex -0.400223 -25.4397 2.2
    endloop
  endfacet
  facet normal 0 0 1
    outer loop
      vertex 0.573669 -25.3387 2.2
      vertex -0.564697 -25.3744 2.2
      vertex -0.478745 -25.4047 2.2
    endloop
  endfacet
  facet normal 0 0 1
    outer loop
      vertex 0.573669 -25.3387 2.2
      vertex -0.658066 -25.3487 2.2
      vertex -0.564697 -25.3744 2.2
    endloop
  endfacet
  facet normal 0 0 1
    outer loop
      vertex 0 -19 2.2
      vertex -0.758881 -25.3277 2.2
      vertex -0.658066 -25.3487 2.2
    endloop
  endfacet
  facet normal 0 0 1
    outer loop
      vertex 0 -19 2.2
      vertex -0.867111 -25.3113 2.2
      vertex -0.758881 -25.3277 2.2
    endloop
  endfacet
  facet normal 0 0 1
    outer loop
      vertex 0 -19 2.2
      vertex -0.982773 -25.2997 2.2
      vertex -0.867111 -25.3113 2.2
    endloop
  endfacet
  facet normal 0 0 1
    outer loop
      vertex 0 -19 2.2
      vertex -1.10587 -25.2927 2.2
      vertex -0.982773 -25.2997 2.2
    endloop
  endfacet
  facet normal 0 0 1
    outer loop
      vertex 0 -19 2.2
      vertex -1.23639 -25.2903 2.2
      vertex -1.10587 -25.2927 2.2
    endloop
  endfacet
  facet normal 0 0 1
    outer loop
      vertex -1.86232 -18.9085 2.2
      vertex -1.23639 -25.2903 2.2
      vertex 0 -19 2.2
    endloop
  endfacet
  facet normal 0 0 1
    outer loop
      vertex -1.23639 -25.2903 2.2
      vertex -1.86232 -18.9085 2.2
      vertex -1.37306 -25.2932 2.2
    endloop
  endfacet
  facet normal 0 0 1
    outer loop
      vertex -1.37306 -25.2932 2.2
      vertex -1.86232 -18.9085 2.2
      vertex -1.5023 -25.3019 2.2
    endloop
  endfacet
  facet normal 0 0 1
    outer loop
      vertex -1.5023 -25.3019 2.2
      vertex -1.86232 -18.9085 2.2
      vertex -1.62411 -25.3163 2.2
    endloop
  endfacet
  facet normal 0 0 1
    outer loop
      vertex -1.62411 -25.3163 2.2
      vertex -1.86232 -18.9085 2.2
      vertex -1.73849 -25.3366 2.2
    endloop
  endfacet
  facet normal 0 0 1
    outer loop
      vertex -1.73849 -25.3366 2.2
      vertex -1.86232 -18.9085 2.2
      vertex -1.84544 -25.3626 2.2
    endloop
  endfacet
  facet normal 0 0 1
    outer loop
      vertex -1.86232 -18.9085 2.2
      vertex -1.94498 -25.3943 2.2
      vertex -1.84544 -25.3626 2.2
    endloop
  endfacet
  facet normal 0 0 1
    outer loop
      vertex -4.49669 -25.3387 2.2
      vertex -1.86232 -18.9085 2.2
      vertex -3.70672 -18.6349 2.2
    endloop
  endfacet
  facet normal 0 0 1
    outer loop
      vertex -1.86232 -18.9085 2.2
      vertex -4.49669 -25.3387 2.2
      vertex -1.94498 -25.3943 2.2
    endloop
  endfacet
  facet normal 0 0 1
    outer loop
      vertex -1.94498 -25.3943 2.2
      vertex -4.49669 -25.3387 2.2
      vertex -2.03706 -25.4319 2.2
    endloop
  endfacet
  facet normal 0 0 1
    outer loop
      vertex -2.03706 -25.4319 2.2
      vertex -4.49669 -25.3387 2.2
      vertex -2.12173 -25.4752 2.2
    endloop
  endfacet
  facet normal 0 0 1
    outer loop
      vertex -2.12173 -25.4752 2.2
      vertex -4.49669 -25.3387 2.2
      vertex -2.19897 -25.5244 2.2
    endloop
  endfacet
  facet normal 0 0 1
    outer loop
      vertex -2.19897 -25.5244 2.2
      vertex -4.49669 -25.3387 2.2
      vertex -2.2684 -25.5789 2.2
    endloop
  endfacet
  facet normal 0 0 1
    outer loop
      vertex -2.2684 -25.5789 2.2
      vertex -4.49669 -25.3387 2.2
      vertex -2.32968 -25.6385 2.2
    endloop
  endfacet
  facet normal 0 0 1
    outer loop
      vertex -2.32968 -25.6385 2.2
      vertex -4.49669 -25.3387 2.2
      vertex -2.38278 -25.7033 2.2
    endloop
  endfacet
  facet normal 0 0 1
    outer loop
      vertex -2.38278 -25.7033 2.2
      vertex -4.49669 -25.3387 2.2
      vertex -2.4277 -25.7731 2.2
    endloop
  endfacet
  facet normal 0 0 1
    outer loop
      vertex -4.49669 -25.3387 2.2
      vertex -2.46446 -25.8481 2.2
      vertex -2.4277 -25.7731 2.2
    endloop
  endfacet
  facet normal 0 0 1
    outer loop
      vertex -4.49669 -25.3387 2.2
      vertex -2.49306 -25.9281 2.2
      vertex -2.46446 -25.8481 2.2
    endloop
  endfacet
  facet normal 0 0 1
    outer loop
      vertex -4.49669 -25.3387 2.2
      vertex -2.52982 -26.1987 2.2
      vertex -2.52574 -26.1034 2.2
    endloop
  endfacet
  facet normal 0 0 1
    outer loop
      vertex -4.49669 -25.3387 2.2
      vertex -2.51349 -26.0132 2.2
      vertex -2.49306 -25.9281 2.2
    endloop
  endfacet
  facet normal 0 0 1
    outer loop
      vertex -2.43787 -26.6174 2.2
      vertex -4.06323 -27.4438 2.2
      vertex -2.68201 -27.7412 2.2
    endloop
  endfacet
  facet normal 0 0 1
    outer loop
      vertex -4.49669 -25.3387 2.2
      vertex -2.52574 -26.1034 2.2
      vertex -2.51349 -26.0132 2.2
    endloop
  endfacet
  facet normal 0 0 1
    outer loop
      vertex -2.68201 -27.7412 2.2
      vertex -4.06323 -27.4438 2.2
      vertex -4.06323 -27.9257 2.2
    endloop
  endfacet
  facet normal 0 0 1
    outer loop
      vertex -2.491 -28.1703 2.2
      vertex -4.06323 -27.9257 2.2
      vertex -4.49669 -28.5874 2.2
    endloop
  endfacet
  facet normal 0 0 1
    outer loop
      vertex -4.49669 -28.5874 2.2
      vertex -4.06323 -27.9257 2.2
      vertex -4.49669 -27.9257 2.2
    endloop
  endfacet
  facet normal 0 0 1
    outer loop
      vertex -2.05437 -28.4996 2.2
      vertex -4.49669 -28.5874 2.2
      vertex -3.4306 -34.8315 2.2
    endloop
  endfacet
  facet normal 0 0 1
    outer loop
      vertex -6.82816 -34.3275 2.2
      vertex -4.49669 -28.5874 2.2
      vertex -5.11461 -28.5874 2.2
    endloop
  endfacet
  facet normal -0 0 1
    outer loop
      vertex -7.31529 -28.2373 2.2
      vertex -5.11461 -28.5874 2.2
      vertex -6.59253 -27.9257 2.2
    endloop
  endfacet
  facet normal -0 0 1
    outer loop
      vertex -6.7923 -27.1559 2.2
      vertex -6.59253 -27.4391 2.2
      vertex -6.78499 -27.049 2.2
    endloop
  endfacet
  facet normal -0 0 1
    outer loop
      vertex -6.80446 -27.2597 2.2
      vertex -6.59253 -27.4391 2.2
      vertex -6.7923 -27.1559 2.2
    endloop
  endfacet
  facet normal -0 0 1
    outer loop
      vertex -6.8215 -27.3604 2.2
      vertex -6.59253 -27.4391 2.2
      vertex -6.80446 -27.2597 2.2
    endloop
  endfacet
  facet normal 0 0 1
    outer loop
      vertex -6.8434 -27.4578 2.2
      vertex -6.59253 -27.4391 2.2
      vertex -6.8215 -27.3604 2.2
    endloop
  endfacet
  facet normal 0 0 1
    outer loop
      vertex -4.49669 -28.5874 2.2
      vertex -6.82816 -34.3275 2.2
      vertex -3.4306 -34.8315 2.2
    endloop
  endfacet
  facet normal 0 0 1
    outer loop
      vertex -6.87018 -27.5521 2.2
      vertex -6.59253 -27.4391 2.2
      vertex -6.8434 -27.4578 2.2
    endloop
  endfacet
  facet normal 0 0 1
    outer loop
      vertex -6.90181 -27.6433 2.2
      vertex -6.59253 -27.4391 2.2
      vertex -6.87018 -27.5521 2.2
    endloop
  endfacet
  facet normal 0 0 1
    outer loop
      vertex -6.59253 -27.4391 2.2
      vertex -6.90181 -27.6433 2.2
      vertex -6.59253 -27.9257 2.2
    endloop
  endfacet
  facet normal -0 0 1
    outer loop
      vertex -6.93831 -27.7313 2.2
      vertex -6.59253 -27.9257 2.2
      vertex -6.90181 -27.6433 2.2
    endloop
  endfacet
  facet normal -0 0 1
    outer loop
      vertex -6.97969 -27.8161 2.2
      vertex -6.59253 -27.9257 2.2
      vertex -6.93831 -27.7313 2.2
    endloop
  endfacet
  facet normal -0 0 1
    outer loop
      vertex -7.02551 -27.8972 2.2
      vertex -6.59253 -27.9257 2.2
      vertex -6.97969 -27.8161 2.2
    endloop
  endfacet
  facet normal 0 0 1
    outer loop
      vertex -7.07539 -27.974 2.2
      vertex -6.59253 -27.9257 2.2
      vertex -7.02551 -27.8972 2.2
    endloop
  endfacet
  facet normal 0 0 1
    outer loop
      vertex -7.1293 -28.0463 2.2
      vertex -6.59253 -27.9257 2.2
      vertex -7.07539 -27.974 2.2
    endloop
  endfacet
  facet normal 0 0 1
    outer loop
      vertex -7.18726 -28.1143 2.2
      vertex -6.59253 -27.9257 2.2
      vertex -7.1293 -28.0463 2.2
    endloop
  endfacet
  facet normal 0 0 1
    outer loop
      vertex -7.24925 -28.178 2.2
      vertex -6.59253 -27.9257 2.2
      vertex -7.18726 -28.1143 2.2
    endloop
  endfacet
  facet normal 0 0 1
    outer loop
      vertex -7.31529 -28.2373 2.2
      vertex -6.59253 -27.9257 2.2
      vertex -7.24925 -28.178 2.2
    endloop
  endfacet
  facet normal 0 0 1
    outer loop
      vertex -5.11461 -28.5874 2.2
      vertex -7.31529 -28.2373 2.2
      vertex -7.38538 -28.2922 2.2
    endloop
  endfacet
  facet normal 0 0 1
    outer loop
      vertex -5.11461 -28.5874 2.2
      vertex -7.38538 -28.2922 2.2
      vertex -7.4595 -28.3428 2.2
    endloop
  endfacet
  facet normal -0 0 1
    outer loop
      vertex -7.53766 -28.3891 2.2
      vertex -5.11461 -28.5874 2.2
      vertex -7.4595 -28.3428 2.2
    endloop
  endfacet
  facet normal -0 0 1
    outer loop
      vertex -7.61914 -28.4307 2.2
      vertex -5.11461 -28.5874 2.2
      vertex -7.53766 -28.3891 2.2
    endloop
  endfacet
  facet normal -0 0 1
    outer loop
      vertex -7.7032 -28.4674 2.2
      vertex -5.11461 -28.5874 2.2
      vertex -7.61914 -28.4307 2.2
    endloop
  endfacet
  facet normal 0 0 1
    outer loop
      vertex -5.11461 -28.5874 2.2
      vertex -7.7032 -28.4674 2.2
      vertex -6.82816 -34.3275 2.2
    endloop
  endfacet
  facet normal -0 0 1
    outer loop
      vertex -7.78987 -28.4992 2.2
      vertex -6.82816 -34.3275 2.2
      vertex -7.7032 -28.4674 2.2
    endloop
  endfacet
  facet normal -0 0 1
    outer loop
      vertex -7.87912 -28.5262 2.2
      vertex -6.82816 -34.3275 2.2
      vertex -7.78987 -28.4992 2.2
    endloop
  endfacet
  facet normal -0 0 1
    outer loop
      vertex -7.97096 -28.5482 2.2
      vertex -6.82816 -34.3275 2.2
      vertex -7.87912 -28.5262 2.2
    endloop
  endfacet
  facet normal -0 0 1
    outer loop
      vertex -8.06538 -28.5653 2.2
      vertex -6.82816 -34.3275 2.2
      vertex -7.97096 -28.5482 2.2
    endloop
  endfacet
  facet normal -0 0 1
    outer loop
      vertex -8.16241 -28.5776 2.2
      vertex -6.82816 -34.3275 2.2
      vertex -8.06538 -28.5653 2.2
    endloop
  endfacet
  facet normal 0 0 1
    outer loop
      vertex -10.16 -33.4929 2.2
      vertex -8.16241 -28.5776 2.2
      vertex -8.26202 -28.5849 2.2
    endloop
  endfacet
  facet normal 0 0 1
    outer loop
      vertex -10.16 -33.4929 2.2
      vertex -8.26202 -28.5849 2.2
      vertex -8.36424 -28.5874 2.2
    endloop
  endfacet
  facet normal 0 0 1
    outer loop
      vertex -10.16 -33.4929 2.2
      vertex -8.36424 -28.5874 2.2
      vertex -9.67844 -28.5874 2.2
    endloop
  endfacet
  facet normal -0 0 1
    outer loop
      vertex -9.90111 -26.1059 2.2
      vertex -9.67844 -28.5874 2.2
      vertex -9.73881 -25.6952 2.2
    endloop
  endfacet
  facet normal -0 0 1
    outer loop
      vertex -10.1029 -26.4987 2.2
      vertex -9.67844 -28.5874 2.2
      vertex -9.90111 -26.1059 2.2
    endloop
  endfacet
  facet normal 0 0 1
    outer loop
      vertex -8.16241 -28.5776 2.2
      vertex -10.16 -33.4929 2.2
      vertex -6.82816 -34.3275 2.2
    endloop
  endfacet
  facet normal -0 0 1
    outer loop
      vertex -10.3422 -26.8699 2.2
      vertex -9.67844 -28.5874 2.2
      vertex -10.1029 -26.4987 2.2
    endloop
  endfacet
  facet normal -0 0 1
    outer loop
      vertex -10.6167 -27.2158 2.2
      vertex -9.67844 -28.5874 2.2
      vertex -10.3422 -26.8699 2.2
    endloop
  endfacet
  facet normal -0 0 1
    outer loop
      vertex -10.9238 -27.5331 2.2
      vertex -9.67844 -28.5874 2.2
      vertex -10.6167 -27.2158 2.2
    endloop
  endfacet
  facet normal -0 0 1
    outer loop
      vertex -11.2606 -27.8188 2.2
      vertex -9.67844 -28.5874 2.2
      vertex -10.9238 -27.5331 2.2
    endloop
  endfacet
  facet normal -0 0 1
    outer loop
      vertex -11.6237 -28.0701 2.2
      vertex -9.67844 -28.5874 2.2
      vertex -11.2606 -27.8188 2.2
    endloop
  endfacet
  facet normal -0 0 1
    outer loop
      vertex -12.0097 -28.2846 2.2
      vertex -9.67844 -28.5874 2.2
      vertex -11.6237 -28.0701 2.2
    endloop
  endfacet
  facet normal 0 0 1
    outer loop
      vertex -13.3939 -32.3358 2.2
      vertex -9.67844 -28.5874 2.2
      vertex -12.0097 -28.2846 2.2
    endloop
  endfacet
  facet normal 0 0 1
    outer loop
      vertex -13.3939 -32.3358 2.2
      vertex -12.0097 -28.2846 2.2
      vertex -12.4149 -28.4603 2.2
    endloop
  endfacet
  facet normal 0 0 1
    outer loop
      vertex -13.3939 -32.3358 2.2
      vertex -12.4149 -28.4603 2.2
      vertex -12.8353 -28.5954 2.2
    endloop
  endfacet
  facet normal 0 0 1
    outer loop
      vertex -13.3939 -32.3358 2.2
      vertex -12.8353 -28.5954 2.2
      vertex -13.267 -28.6886 2.2
    endloop
  endfacet
  facet normal 0 0 1
    outer loop
      vertex -9.67844 -28.5874 2.2
      vertex -13.3939 -32.3358 2.2
      vertex -10.16 -33.4929 2.2
    endloop
  endfacet
  facet normal -0 0 1
    outer loop
      vertex -13.7057 -28.7391 2.2
      vertex -13.3939 -32.3358 2.2
      vertex -13.267 -28.6886 2.2
    endloop
  endfacet
  facet normal -0 0 1
    outer loop
      vertex -14.1472 -28.7463 2.2
      vertex -13.3939 -32.3358 2.2
      vertex -13.7057 -28.7391 2.2
    endloop
  endfacet
  facet normal 0 0 1
    outer loop
      vertex -15.8823 -31.1589 2.2
      vertex -14.1472 -28.7463 2.2
      vertex -14.4739 -28.7195 2.2
    endloop
  endfacet
  facet normal 0 0 1
    outer loop
      vertex -14.1472 -28.7463 2.2
      vertex -15.8823 -31.1589 2.2
      vertex -13.3939 -32.3358 2.2
    endloop
  endfacet
  facet normal -0 0 1
    outer loop
      vertex 5.27815 -25.8898 2.2
      vertex 5.34041 -25.9982 2.2
      vertex 5.29196 -25.8391 2.2
    endloop
  endfacet
  facet normal -0 0 1
    outer loop
      vertex 5.27292 -25.9085 2.2
      vertex 5.34041 -25.9982 2.2
      vertex 5.27815 -25.8898 2.2
    endloop
  endfacet
  facet normal -0 0 1
    outer loop
      vertex 5.26744 -25.9278 2.2
      vertex 5.34041 -25.9982 2.2
      vertex 5.27292 -25.9085 2.2
    endloop
  endfacet
  facet normal -0 0 1
    outer loop
      vertex 5.26175 -25.9477 2.2
      vertex 5.34041 -25.9982 2.2
      vertex 5.26744 -25.9278 2.2
    endloop
  endfacet
  facet normal -0 0 1
    outer loop
      vertex 5.25583 -25.9681 2.2
      vertex 5.34041 -25.9982 2.2
      vertex 5.26175 -25.9477 2.2
    endloop
  endfacet
  facet normal -0 0 1
    outer loop
      vertex 5.24968 -25.9892 2.2
      vertex 5.34041 -25.9982 2.2
      vertex 5.25583 -25.9681 2.2
    endloop
  endfacet
  facet normal 0 0 1
    outer loop
      vertex 5.2433 -26.0107 2.2
      vertex 5.34041 -25.9982 2.2
      vertex 5.24968 -25.9892 2.2
    endloop
  endfacet
  facet normal 0 0 1
    outer loop
      vertex 5.23669 -26.0329 2.2
      vertex 5.34041 -25.9982 2.2
      vertex 5.2433 -26.0107 2.2
    endloop
  endfacet
  facet normal 0 0 1
    outer loop
      vertex 5.22986 -26.0556 2.2
      vertex 5.34041 -25.9982 2.2
      vertex 5.23669 -26.0329 2.2
    endloop
  endfacet
  facet normal 0 0 1
    outer loop
      vertex 5.22281 -26.0789 2.2
      vertex 5.34041 -25.9982 2.2
      vertex 5.22986 -26.0556 2.2
    endloop
  endfacet
  facet normal 0 0 1
    outer loop
      vertex 5.21153 -26.1142 2.2
      vertex 5.34041 -25.9982 2.2
      vertex 5.22281 -26.0789 2.2
    endloop
  endfacet
  facet normal 0 0 1
    outer loop
      vertex 5.34041 -25.9982 2.2
      vertex 5.21153 -26.1142 2.2
      vertex 5.43953 -26.3117 2.2
    endloop
  endfacet
  facet normal -0 0 1
    outer loop
      vertex 5.19206 -26.1731 2.2
      vertex 5.43953 -26.3117 2.2
      vertex 5.21153 -26.1142 2.2
    endloop
  endfacet
  facet normal -0 0 1
    outer loop
      vertex 5.1644 -26.2556 2.2
      vertex 5.43953 -26.3117 2.2
      vertex 5.19206 -26.1731 2.2
    endloop
  endfacet
  facet normal 0 0 1
    outer loop
      vertex 5.12854 -26.3617 2.2
      vertex 5.43953 -26.3117 2.2
      vertex 5.1644 -26.2556 2.2
    endloop
  endfacet
  facet normal 0 0 1
    outer loop
      vertex 5.08447 -26.4913 2.2
      vertex 5.43953 -26.3117 2.2
      vertex 5.12854 -26.3617 2.2
    endloop
  endfacet
  facet normal 0 0 1
    outer loop
      vertex 5.03221 -26.6445 2.2
      vertex 5.43953 -26.3117 2.2
      vertex 5.08447 -26.4913 2.2
    endloop
  endfacet
  facet normal 0 0 1
    outer loop
      vertex 5.43953 -26.3117 2.2
      vertex 5.03221 -26.6445 2.2
      vertex 5.76001 -27.2455 2.2
    endloop
  endfacet
  facet normal -0 0 1
    outer loop
      vertex 4.97176 -26.8213 2.2
      vertex 5.76001 -27.2455 2.2
      vertex 5.03221 -26.6445 2.2
    endloop
  endfacet
  facet normal -0 0 1
    outer loop
      vertex 4.90309 -27.0216 2.2
      vertex 5.76001 -27.2455 2.2
      vertex 4.97176 -26.8213 2.2
    endloop
  endfacet
  facet normal 0 0 1
    outer loop
      vertex 5.76001 -27.2455 2.2
      vertex 4.90309 -27.0216 2.2
      vertex 4.82623 -27.2455 2.2
    endloop
  endfacet
  facet normal 0 0 1
    outer loop
      vertex 8.85632 -25.892 2.2
      vertex 9.22176 -26.3786 2.2
      vertex 9.21429 -26.2712 2.2
    endloop
  endfacet
  facet normal 0 0 1
    outer loop
      vertex 8.74446 -25.8731 2.2
      vertex 9.22176 -26.3786 2.2
      vertex 8.85632 -25.892 2.2
    endloop
  endfacet
  facet normal 0 0 1
    outer loop
      vertex 9.22176 -26.3786 2.2
      vertex 8.74446 -25.8731 2.2
      vertex 9.21988 -26.4355 2.2
    endloop
  endfacet
  facet normal 0 0 1
    outer loop
      vertex 8.95328 -25.9236 2.2
      vertex 9.21429 -26.2712 2.2
      vertex 9.19193 -26.1764 2.2
    endloop
  endfacet
  facet normal 0 -0 1
    outer loop
      vertex 8.80928 -26.9049 2.2
      vertex 9.21988 -26.4355 2.2
      vertex 8.74446 -25.8731 2.2
    endloop
  endfacet
  facet normal 0 0 1
    outer loop
      vertex 9.21988 -26.4355 2.2
      vertex 8.80928 -26.9049 2.2
      vertex 9.21425 -26.4893 2.2
    endloop
  endfacet
  facet normal 0 0 1
    outer loop
      vertex 9.03531 -25.9678 2.2
      vertex 9.19193 -26.1764 2.2
      vertex 9.15463 -26.0942 2.2
    endloop
  endfacet
  facet normal 0 -0 1
    outer loop
      vertex 8.86064 -26.8929 2.2
      vertex 9.21425 -26.4893 2.2
      vertex 8.80928 -26.9049 2.2
    endloop
  endfacet
  facet normal 0 0 1
    outer loop
      vertex 9.20485 -26.5401 2.2
      vertex 8.9088 -26.8774 2.2
      vertex 9.1917 -26.5879 2.2
    endloop
  endfacet
  facet normal 0 0 1
    outer loop
      vertex 9.03531 -25.9678 2.2
      vertex 9.15463 -26.0942 2.2
      vertex 9.10243 -26.0247 2.2
    endloop
  endfacet
  facet normal 0 0 1
    outer loop
      vertex 9.21429 -26.2712 2.2
      vertex 8.95328 -25.9236 2.2
      vertex 8.85632 -25.892 2.2
    endloop
  endfacet
  facet normal 0 -0 1
    outer loop
      vertex 8.95378 -26.8584 2.2
      vertex 9.1917 -26.5879 2.2
      vertex 8.9088 -26.8774 2.2
    endloop
  endfacet
  facet normal 0 0 1
    outer loop
      vertex 9.19193 -26.1764 2.2
      vertex 9.03531 -25.9678 2.2
      vertex 8.95328 -25.9236 2.2
    endloop
  endfacet
  facet normal 0 0 1
    outer loop
      vertex 9.1917 -26.5879 2.2
      vertex 8.95378 -26.8584 2.2
      vertex 9.17479 -26.6326 2.2
    endloop
  endfacet
  facet normal 0 0 1
    outer loop
      vertex 9.15411 -26.6742 2.2
      vertex 8.95378 -26.8584 2.2
      vertex 9.1297 -26.7128 2.2
    endloop
  endfacet
  facet normal 0 0 1
    outer loop
      vertex 9.10152 -26.7484 2.2
      vertex 8.95378 -26.8584 2.2
      vertex 9.06958 -26.7809 2.2
    endloop
  endfacet
  facet normal 0 0 1
    outer loop
      vertex 9.06958 -26.7809 2.2
      vertex 8.99556 -26.836 2.2
      vertex 9.03416 -26.8102 2.2
    endloop
  endfacet
  facet normal 0 0 1
    outer loop
      vertex 9.06958 -26.7809 2.2
      vertex 8.95378 -26.8584 2.2
      vertex 8.99556 -26.836 2.2
    endloop
  endfacet
  facet normal 0 0 1
    outer loop
      vertex 9.1297 -26.7128 2.2
      vertex 8.95378 -26.8584 2.2
      vertex 9.10152 -26.7484 2.2
    endloop
  endfacet
  facet normal 0 0 1
    outer loop
      vertex 9.17479 -26.6326 2.2
      vertex 8.95378 -26.8584 2.2
      vertex 9.15411 -26.6742 2.2
    endloop
  endfacet
  facet normal 0 -0 1
    outer loop
      vertex 8.9088 -26.8774 2.2
      vertex 9.20485 -26.5401 2.2
      vertex 8.86064 -26.8929 2.2
    endloop
  endfacet
  facet normal 0 0 1
    outer loop
      vertex 9.21425 -26.4893 2.2
      vertex 8.86064 -26.8929 2.2
      vertex 9.20485 -26.5401 2.2
    endloop
  endfacet
  facet normal 0 0 1
    outer loop
      vertex 8.80928 -26.9049 2.2
      vertex 8.74446 -25.8731 2.2
      vertex 8.75475 -26.9135 2.2
    endloop
  endfacet
  facet normal 0 0 1
    outer loop
      vertex 8.74446 -25.8731 2.2
      vertex 8.69702 -26.9187 2.2
      vertex 8.75475 -26.9135 2.2
    endloop
  endfacet
  facet normal 0 0 1
    outer loop
      vertex 8.74446 -25.8731 2.2
      vertex 8.63611 -26.9204 2.2
      vertex 8.69702 -26.9187 2.2
    endloop
  endfacet
  facet normal 0 0 1
    outer loop
      vertex 8.61768 -25.8667 2.2
      vertex 8.63611 -26.9204 2.2
      vertex 8.74446 -25.8731 2.2
    endloop
  endfacet
  facet normal 0 0 1
    outer loop
      vertex 7.91446 -26.9204 2.2
      vertex 8.61768 -25.8667 2.2
      vertex 7.91446 -25.8667 2.2
    endloop
  endfacet
  facet normal 0 0 1
    outer loop
      vertex 8.61768 -25.8667 2.2
      vertex 7.91446 -26.9204 2.2
      vertex 8.63611 -26.9204 2.2
    endloop
  endfacet
  facet normal 0 0 1
    outer loop
      vertex -5.10838 -25.9545 2.2
      vertex -5.09494 -25.9349 2.2
      vertex -5.09387 -25.9244 2.2
    endloop
  endfacet
  facet normal 0 0 1
    outer loop
      vertex -5.10838 -25.9545 2.2
      vertex -5.09608 -25.948 2.2
      vertex -5.09494 -25.9349 2.2
    endloop
  endfacet
  facet normal -0 0 1
    outer loop
      vertex -5.10838 -25.9545 2.2
      vertex -5.09732 -25.9636 2.2
      vertex -5.09608 -25.948 2.2
    endloop
  endfacet
  facet normal 0 0 1
    outer loop
      vertex -5.10838 -25.9545 2.2
      vertex -5.09865 -25.9818 2.2
      vertex -5.09732 -25.9636 2.2
    endloop
  endfacet
  facet normal 0 0 1
    outer loop
      vertex -5.12529 -25.9875 2.2
      vertex -5.09865 -25.9818 2.2
      vertex -5.10838 -25.9545 2.2
    endloop
  endfacet
  facet normal 0 0 1
    outer loop
      vertex -5.09865 -25.9818 2.2
      vertex -5.12529 -25.9875 2.2
      vertex -5.10005 -26.0025 2.2
    endloop
  endfacet
  facet normal 0 0 1
    outer loop
      vertex -5.14459 -26.0233 2.2
      vertex -5.10005 -26.0025 2.2
      vertex -5.12529 -25.9875 2.2
    endloop
  endfacet
  facet normal 0 0 1
    outer loop
      vertex -5.10005 -26.0025 2.2
      vertex -5.14459 -26.0233 2.2
      vertex -5.10155 -26.0258 2.2
    endloop
  endfacet
  facet normal 0 0 1
    outer loop
      vertex -5.10155 -26.0258 2.2
      vertex -5.14459 -26.0233 2.2
      vertex -5.10313 -26.0517 2.2
    endloop
  endfacet
  facet normal 0 0 1
    outer loop
      vertex -5.16628 -26.0619 2.2
      vertex -5.10313 -26.0517 2.2
      vertex -5.14459 -26.0233 2.2
    endloop
  endfacet
  facet normal 0 0 1
    outer loop
      vertex -5.10313 -26.0517 2.2
      vertex -5.16628 -26.0619 2.2
      vertex -5.1048 -26.0802 2.2
    endloop
  endfacet
  facet normal 0 0 1
    outer loop
      vertex -5.1048 -26.0802 2.2
      vertex -5.16628 -26.0619 2.2
      vertex -5.10655 -26.1112 2.2
    endloop
  endfacet
  facet normal -0 0 1
    outer loop
      vertex -5.19035 -26.1034 2.2
      vertex -5.10655 -26.1112 2.2
      vertex -5.16628 -26.0619 2.2
    endloop
  endfacet
  facet normal 0 0 1
    outer loop
      vertex -5.10655 -26.1112 2.2
      vertex -5.19035 -26.1034 2.2
      vertex -5.10825 -26.1432 2.2
    endloop
  endfacet
  facet normal 0 0 1
    outer loop
      vertex -5.21683 -26.1478 2.2
      vertex -5.10825 -26.1432 2.2
      vertex -5.19035 -26.1034 2.2
    endloop
  endfacet
  facet normal 0 0 1
    outer loop
      vertex -5.10825 -26.1432 2.2
      vertex -5.21683 -26.1478 2.2
      vertex -5.10974 -26.1747 2.2
    endloop
  endfacet
  facet normal 0 0 1
    outer loop
      vertex -5.10974 -26.1747 2.2
      vertex -5.21683 -26.1478 2.2
      vertex -5.11104 -26.2057 2.2
    endloop
  endfacet
  facet normal -0 0 1
    outer loop
      vertex -5.2457 -26.195 2.2
      vertex -5.11104 -26.2057 2.2
      vertex -5.21683 -26.1478 2.2
    endloop
  endfacet
  facet normal 0 0 1
    outer loop
      vertex -5.11104 -26.2057 2.2
      vertex -5.2457 -26.195 2.2
      vertex -5.11212 -26.2362 2.2
    endloop
  endfacet
  facet normal 0 0 1
    outer loop
      vertex -5.11212 -26.2362 2.2
      vertex -5.2457 -26.195 2.2
      vertex -5.11302 -26.2661 2.2
    endloop
  endfacet
  facet normal -0 0 1
    outer loop
      vertex -5.27695 -26.245 2.2
      vertex -5.11302 -26.2661 2.2
      vertex -5.2457 -26.195 2.2
    endloop
  endfacet
  facet normal 0 0 1
    outer loop
      vertex -5.11302 -26.2661 2.2
      vertex -5.27695 -26.245 2.2
      vertex -5.11372 -26.2956 2.2
    endloop
  endfacet
  facet normal 0 0 1
    outer loop
      vertex -5.11372 -26.2956 2.2
      vertex -5.27695 -26.245 2.2
      vertex -5.11421 -26.3245 2.2
    endloop
  endfacet
  facet normal -0 0 1
    outer loop
      vertex -5.31059 -26.2979 2.2
      vertex -5.11421 -26.3245 2.2
      vertex -5.27695 -26.245 2.2
    endloop
  endfacet
  facet normal 0 0 1
    outer loop
      vertex -5.11421 -26.3245 2.2
      vertex -5.31059 -26.2979 2.2
      vertex -5.11452 -26.353 2.2
    endloop
  endfacet
  facet normal 0 0 1
    outer loop
      vertex -5.11452 -26.353 2.2
      vertex -5.31059 -26.2979 2.2
      vertex -5.11461 -26.3809 2.2
    endloop
  endfacet
  facet normal 0 0 1
    outer loop
      vertex -5.11461 -26.3809 2.2
      vertex -5.31059 -26.2979 2.2
      vertex -5.11461 -27.4438 2.2
    endloop
  endfacet
  facet normal 0 0 1
    outer loop
      vertex -5.11461 -27.4438 2.2
      vertex -5.31059 -26.2979 2.2
      vertex -6.06454 -27.4438 2.2
    endloop
  endfacet
  facet normal 0 0 1
    outer loop
      vertex -8.51639 -25.8644 2.2
      vertex -7.46732 -26.9389 2.2
      vertex -7.47067 -26.8256 2.2
    endloop
  endfacet
  facet normal 0 0 1
    outer loop
      vertex -7.46732 -26.9389 2.2
      vertex -8.51639 -25.8644 2.2
      vertex -7.4705 -27.0515 2.2
    endloop
  endfacet
  facet normal 0 0 1
    outer loop
      vertex -8.40706 -25.8678 2.2
      vertex -7.47067 -26.8256 2.2
      vertex -7.48076 -26.7185 2.2
    endloop
  endfacet
  facet normal 0 -0 1
    outer loop
      vertex -8.42186 -28.0617 2.2
      vertex -7.4705 -27.0515 2.2
      vertex -8.51639 -25.8644 2.2
    endloop
  endfacet
  facet normal 0 0 1
    outer loop
      vertex -8.30347 -25.878 2.2
      vertex -7.48076 -26.7185 2.2
      vertex -7.49754 -26.6175 2.2
    endloop
  endfacet
  facet normal 0 0 1
    outer loop
      vertex -7.4705 -27.0515 2.2
      vertex -8.42186 -28.0617 2.2
      vertex -7.48007 -27.1587 2.2
    endloop
  endfacet
  facet normal 0 0 1
    outer loop
      vertex -8.20564 -25.895 2.2
      vertex -7.49754 -26.6175 2.2
      vertex -7.52106 -26.5226 2.2
    endloop
  endfacet
  facet normal 0 0 1
    outer loop
      vertex -7.48007 -27.1587 2.2
      vertex -8.42186 -28.0617 2.2
      vertex -7.496 -27.2606 2.2
    endloop
  endfacet
  facet normal 0 0 1
    outer loop
      vertex -8.11356 -25.9189 2.2
      vertex -7.52106 -26.5226 2.2
      vertex -7.55128 -26.4338 2.2
    endloop
  endfacet
  facet normal 0 0 1
    outer loop
      vertex -7.496 -27.2606 2.2
      vertex -8.42186 -28.0617 2.2
      vertex -7.51833 -27.3572 2.2
    endloop
  endfacet
  facet normal 0 0 1
    outer loop
      vertex -8.11356 -25.9189 2.2
      vertex -7.55128 -26.4338 2.2
      vertex -7.58824 -26.3512 2.2
    endloop
  endfacet
  facet normal 0 0 1
    outer loop
      vertex -7.47067 -26.8256 2.2
      vertex -8.40706 -25.8678 2.2
      vertex -8.51639 -25.8644 2.2
    endloop
  endfacet
  facet normal 0 0 1
    outer loop
      vertex -8.11356 -25.9189 2.2
      vertex -7.58824 -26.3512 2.2
      vertex -7.6319 -26.2747 2.2
    endloop
  endfacet
  facet normal 0 0 1
    outer loop
      vertex -7.51833 -27.3572 2.2
      vertex -8.42186 -28.0617 2.2
      vertex -7.54701 -27.4484 2.2
    endloop
  endfacet
  facet normal 0 0 1
    outer loop
      vertex -8.11356 -25.9189 2.2
      vertex -7.6319 -26.2747 2.2
      vertex -7.68228 -26.2043 2.2
    endloop
  endfacet
  facet normal 0 0 1
    outer loop
      vertex -7.54701 -27.4484 2.2
      vertex -8.42186 -28.0617 2.2
      vertex -7.58209 -27.5342 2.2
    endloop
  endfacet
  facet normal 0 0 1
    outer loop
      vertex -8.11356 -25.9189 2.2
      vertex -7.68228 -26.2043 2.2
      vertex -7.73938 -26.14 2.2
    endloop
  endfacet
  facet normal 0 0 1
    outer loop
      vertex -7.48076 -26.7185 2.2
      vertex -8.30347 -25.878 2.2
      vertex -8.40706 -25.8678 2.2
    endloop
  endfacet
  facet normal 0 0 1
    outer loop
      vertex -8.11356 -25.9189 2.2
      vertex -7.73938 -26.14 2.2
      vertex -7.80272 -26.0821 2.2
    endloop
  endfacet
  facet normal 0 0 1
    outer loop
      vertex -7.58209 -27.5342 2.2
      vertex -8.32674 -28.058 2.2
      vertex -7.62354 -27.6147 2.2
    endloop
  endfacet
  facet normal 0 0 1
    outer loop
      vertex -8.11356 -25.9189 2.2
      vertex -7.80272 -26.0821 2.2
      vertex -7.87181 -26.0311 2.2
    endloop
  endfacet
  facet normal 0 0 1
    outer loop
      vertex -7.49754 -26.6175 2.2
      vertex -8.20564 -25.895 2.2
      vertex -8.30347 -25.878 2.2
    endloop
  endfacet
  facet normal 0 0 1
    outer loop
      vertex -8.11356 -25.9189 2.2
      vertex -7.87181 -26.0311 2.2
      vertex -7.94664 -25.9869 2.2
    endloop
  endfacet
  facet normal 0 0 1
    outer loop
      vertex -7.52106 -26.5226 2.2
      vertex -8.11356 -25.9189 2.2
      vertex -8.20564 -25.895 2.2
    endloop
  endfacet
  facet normal 0 0 1
    outer loop
      vertex -8.11356 -25.9189 2.2
      vertex -7.94664 -25.9869 2.2
      vertex -8.02722 -25.9495 2.2
    endloop
  endfacet
  facet normal 0 0 1
    outer loop
      vertex -7.67136 -27.6899 2.2
      vertex -8.32674 -28.058 2.2
      vertex -7.72554 -27.7597 2.2
    endloop
  endfacet
  facet normal 0 0 1
    outer loop
      vertex -7.72554 -27.7597 2.2
      vertex -8.23604 -28.0468 2.2
      vertex -7.78516 -27.8231 2.2
    endloop
  endfacet
  facet normal 0 0 1
    outer loop
      vertex -7.99062 -27.9685 2.2
      vertex -8.1498 -28.0281 2.2
      vertex -8.06798 -28.002 2.2
    endloop
  endfacet
  facet normal 0 0 1
    outer loop
      vertex -7.78516 -27.8231 2.2
      vertex -8.23604 -28.0468 2.2
      vertex -7.8492 -27.879 2.2
    endloop
  endfacet
  facet normal 0 0 1
    outer loop
      vertex -7.99062 -27.9685 2.2
      vertex -8.23604 -28.0468 2.2
      vertex -8.1498 -28.0281 2.2
    endloop
  endfacet
  facet normal 0 -0 1
    outer loop
      vertex -8.23604 -28.0468 2.2
      vertex -7.72554 -27.7597 2.2
      vertex -8.32674 -28.058 2.2
    endloop
  endfacet
  facet normal 0 0 1
    outer loop
      vertex -7.91768 -27.9275 2.2
      vertex -8.23604 -28.0468 2.2
      vertex -7.99062 -27.9685 2.2
    endloop
  endfacet
  facet normal 0 0 1
    outer loop
      vertex -7.62354 -27.6147 2.2
      vertex -8.32674 -28.058 2.2
      vertex -7.67136 -27.6899 2.2
    endloop
  endfacet
  facet normal 0 0 1
    outer loop
      vertex -7.8492 -27.879 2.2
      vertex -8.23604 -28.0468 2.2
      vertex -7.91768 -27.9275 2.2
    endloop
  endfacet
  facet normal 0 -0 1
    outer loop
      vertex -8.32674 -28.058 2.2
      vertex -7.58209 -27.5342 2.2
      vertex -8.42186 -28.0617 2.2
    endloop
  endfacet
  facet normal 0 0 1
    outer loop
      vertex -8.99828 -28.0617 2.2
      vertex -8.51639 -25.8644 2.2
      vertex -8.99828 -25.8644 2.2
    endloop
  endfacet
  facet normal 0 0 1
    outer loop
      vertex -8.51639 -25.8644 2.2
      vertex -8.99828 -28.0617 2.2
      vertex -8.42186 -28.0617 2.2
    endloop
  endfacet
  facet normal -0.514147 0.857702 0
    outer loop
      vertex -19.0468 29.3401 0
      vertex -19.445 29.1014 2.2
      vertex -19.0468 29.3401 2.2
    endloop
  endfacet
  facet normal -0.514147 0.857702 0
    outer loop
      vertex -19.445 29.1014 2.2
      vertex -19.0468 29.3401 0
      vertex -19.445 29.1014 0
    endloop
  endfacet
  facet normal -0.0490576 0.998796 0
    outer loop
      vertex 0 35 0
      vertex -3.4306 34.8315 2.2
      vertex 0 35 2.2
    endloop
  endfacet
  facet normal -0.0490576 0.998796 0
    outer loop
      vertex -3.4306 34.8315 2.2
      vertex 0 35 0
      vertex -3.4306 34.8315 0
    endloop
  endfacet
  facet normal 0.998798 -0.0490192 0
    outer loop
      vertex 34.8315 -3.4306 2.2
      vertex 34.9103 -1.825 0
      vertex 34.9103 -1.825 2.2
    endloop
  endfacet
  facet normal 0.998798 -0.0490192 0
    outer loop
      vertex 34.9103 -1.825 0
      vertex 34.8315 -3.4306 2.2
      vertex 34.8315 -3.4306 0
    endloop
  endfacet
  facet normal 0.0490576 -0.998796 0
    outer loop
      vertex 0 -35 0
      vertex 3.4306 -34.8315 2.2
      vertex 0 -35 2.2
    endloop
  endfacet
  facet normal 0.0490576 -0.998796 0
    outer loop
      vertex 3.4306 -34.8315 2.2
      vertex 0 -35 0
      vertex 3.4306 -34.8315 0
    endloop
  endfacet
  facet normal 0.427566 -0.903984 0
    outer loop
      vertex 13.3939 -32.3358 0
      vertex 16.4989 -30.8672 2.2
      vertex 13.3939 -32.3358 2.2
    endloop
  endfacet
  facet normal 0.427566 -0.903984 0
    outer loop
      vertex 16.4989 -30.8672 2.2
      vertex 13.3939 -32.3358 0
      vertex 16.4989 -30.8672 0
    endloop
  endfacet
  facet normal 0.595687 -0.803217 0
    outer loop
      vertex 19.445 -29.1014 0
      vertex 22.2038 -27.0554 2.2
      vertex 19.445 -29.1014 2.2
    endloop
  endfacet
  facet normal 0.595687 -0.803217 0
    outer loop
      vertex 22.2038 -27.0554 2.2
      vertex 19.445 -29.1014 0
      vertex 22.2038 -27.0554 0
    endloop
  endfacet
  facet normal 0.514098 -0.857732 0
    outer loop
      vertex 16.4989 -30.8672 0
      vertex 19.445 -29.1014 2.2
      vertex 16.4989 -30.8672 2.2
    endloop
  endfacet
  facet normal 0.514098 -0.857732 0
    outer loop
      vertex 19.445 -29.1014 2.2
      vertex 16.4989 -30.8672 0
      vertex 19.445 -29.1014 0
    endloop
  endfacet
  facet normal 0.740931 -0.671581 0
    outer loop
      vertex 24.7487 -24.7487 2.2
      vertex 27.0554 -22.2038 0
      vertex 27.0554 -22.2038 2.2
    endloop
  endfacet
  facet normal 0.740931 -0.671581 0
    outer loop
      vertex 27.0554 -22.2038 0
      vertex 24.7487 -24.7487 2.2
      vertex 24.7487 -24.7487 0
    endloop
  endfacet
  facet normal -0.671581 -0.740931 0
    outer loop
      vertex -24.7487 -24.7487 0
      vertex -22.2038 -27.0554 2.2
      vertex -24.7487 -24.7487 2.2
    endloop
  endfacet
  facet normal -0.671581 -0.740931 -0
    outer loop
      vertex -22.2038 -27.0554 2.2
      vertex -24.7487 -24.7487 0
      vertex -22.2038 -27.0554 0
    endloop
  endfacet
  facet normal -0.595687 -0.803217 0
    outer loop
      vertex -22.2038 -27.0554 0
      vertex -19.445 -29.1014 2.2
      vertex -22.2038 -27.0554 2.2
    endloop
  endfacet
  facet normal -0.595687 -0.803217 -0
    outer loop
      vertex -19.445 -29.1014 2.2
      vertex -22.2038 -27.0554 0
      vertex -19.445 -29.1014 0
    endloop
  endfacet
  facet normal -0.514147 -0.857702 0
    outer loop
      vertex -19.445 -29.1014 0
      vertex -19.0468 -29.3401 2.2
      vertex -19.445 -29.1014 2.2
    endloop
  endfacet
  facet normal -0.514147 -0.857702 -0
    outer loop
      vertex -19.0468 -29.3401 2.2
      vertex -19.445 -29.1014 0
      vertex -19.0468 -29.3401 0
    endloop
  endfacet
  facet normal -0.146736 -0.989176 0
    outer loop
      vertex -6.82816 -34.3275 0
      vertex -3.4306 -34.8315 2.2
      vertex -6.82816 -34.3275 2.2
    endloop
  endfacet
  facet normal -0.146736 -0.989176 -0
    outer loop
      vertex -3.4306 -34.8315 2.2
      vertex -6.82816 -34.3275 0
      vertex -3.4306 -34.8315 0
    endloop
  endfacet
  facet normal -0.903984 -0.427566 0
    outer loop
      vertex -30.8672 -16.4989 0
      vertex -32.3358 -13.3939 2.2
      vertex -32.3358 -13.3939 0
    endloop
  endfacet
  facet normal -0.903984 -0.427566 0
    outer loop
      vertex -32.3358 -13.3939 2.2
      vertex -30.8672 -16.4989 0
      vertex -30.8672 -16.4989 2.2
    endloop
  endfacet
  facet normal -0.998796 -0.0490576 0
    outer loop
      vertex -34.8315 -3.4306 0
      vertex -35 0 2.2
      vertex -35 0 0
    endloop
  endfacet
  facet normal -0.998796 -0.0490576 0
    outer loop
      vertex -35 0 2.2
      vertex -34.8315 -3.4306 0
      vertex -34.8315 -3.4306 2.2
    endloop
  endfacet
  facet normal 0.803217 0.595687 0
    outer loop
      vertex 29.1014 19.445 2.2
      vertex 27.0554 22.2038 0
      vertex 27.0554 22.2038 2.2
    endloop
  endfacet
  facet normal 0.803217 0.595687 0
    outer loop
      vertex 27.0554 22.2038 0
      vertex 29.1014 19.445 2.2
      vertex 29.1014 19.445 0
    endloop
  endfacet
  facet normal 0.514098 0.857732 -0
    outer loop
      vertex 19.445 29.1014 0
      vertex 16.4989 30.8672 2.2
      vertex 19.445 29.1014 2.2
    endloop
  endfacet
  facet normal 0.514098 0.857732 0
    outer loop
      vertex 16.4989 30.8672 2.2
      vertex 19.445 29.1014 0
      vertex 16.4989 30.8672 0
    endloop
  endfacet
  facet normal -0.740931 0.671581 0
    outer loop
      vertex -27.0554 22.2038 0
      vertex -24.7487 24.7487 2.2
      vertex -24.7487 24.7487 0
    endloop
  endfacet
  facet normal -0.740931 0.671581 0
    outer loop
      vertex -24.7487 24.7487 2.2
      vertex -27.0554 22.2038 0
      vertex -27.0554 22.2038 2.2
    endloop
  endfacet
  facet normal -0.595687 0.803217 0
    outer loop
      vertex -19.445 29.1014 0
      vertex -22.2038 27.0554 2.2
      vertex -19.445 29.1014 2.2
    endloop
  endfacet
  facet normal -0.595687 0.803217 0
    outer loop
      vertex -22.2038 27.0554 2.2
      vertex -19.445 29.1014 0
      vertex -22.2038 27.0554 0
    endloop
  endfacet
  facet normal -0.427548 0.903993 0
    outer loop
      vertex -13.3939 32.3358 0
      vertex -15.8823 31.1589 2.2
      vertex -13.3939 32.3358 2.2
    endloop
  endfacet
  facet normal -0.427548 0.903993 0
    outer loop
      vertex -15.8823 31.1589 2.2
      vertex -13.3939 32.3358 0
      vertex -15.8823 31.1589 0
    endloop
  endfacet
  facet normal -0.242985 0.97003 0
    outer loop
      vertex -6.82816 34.3275 0
      vertex -10.16 33.4929 2.2
      vertex -6.82816 34.3275 2.2
    endloop
  endfacet
  facet normal -0.242985 0.97003 0
    outer loop
      vertex -10.16 33.4929 2.2
      vertex -6.82816 34.3275 0
      vertex -10.16 33.4929 0
    endloop
  endfacet
  facet normal 0.146736 -0.989176 0
    outer loop
      vertex 3.4306 -34.8315 0
      vertex 6.82816 -34.3275 2.2
      vertex 3.4306 -34.8315 2.2
    endloop
  endfacet
  facet normal 0.146736 -0.989176 0
    outer loop
      vertex 6.82816 -34.3275 2.2
      vertex 3.4306 -34.8315 0
      vertex 6.82816 -34.3275 0
    endloop
  endfacet
  facet normal 0.336888 -0.941545 0
    outer loop
      vertex 10.16 -33.4929 0
      vertex 13.3939 -32.3358 2.2
      vertex 10.16 -33.4929 2.2
    endloop
  endfacet
  facet normal 0.336888 -0.941545 0
    outer loop
      vertex 13.3939 -32.3358 2.2
      vertex 10.16 -33.4929 0
      vertex 13.3939 -32.3358 0
    endloop
  endfacet
  facet normal 0.803217 -0.595687 0
    outer loop
      vertex 27.0554 -22.2038 2.2
      vertex 29.1014 -19.445 0
      vertex 29.1014 -19.445 2.2
    endloop
  endfacet
  facet normal 0.803217 -0.595687 0
    outer loop
      vertex 29.1014 -19.445 0
      vertex 27.0554 -22.2038 2.2
      vertex 27.0554 -22.2038 0
    endloop
  endfacet
  facet normal 0.941545 -0.336888 0
    outer loop
      vertex 32.3358 -13.3939 2.2
      vertex 33.4929 -10.16 0
      vertex 33.4929 -10.16 2.2
    endloop
  endfacet
  facet normal 0.941545 -0.336888 0
    outer loop
      vertex 33.4929 -10.16 0
      vertex 32.3358 -13.3939 2.2
      vertex 32.3358 -13.3939 0
    endloop
  endfacet
  facet normal 0.989176 -0.146736 0
    outer loop
      vertex 34.3275 -6.82816 2.2
      vertex 34.8315 -3.4306 0
      vertex 34.8315 -3.4306 2.2
    endloop
  endfacet
  facet normal 0.989176 -0.146736 0
    outer loop
      vertex 34.8315 -3.4306 0
      vertex 34.3275 -6.82816 2.2
      vertex 34.3275 -6.82816 0
    endloop
  endfacet
  facet normal -0.427548 -0.903993 0
    outer loop
      vertex -15.8823 -31.1589 0
      vertex -13.3939 -32.3358 2.2
      vertex -15.8823 -31.1589 2.2
    endloop
  endfacet
  facet normal -0.427548 -0.903993 -0
    outer loop
      vertex -13.3939 -32.3358 2.2
      vertex -15.8823 -31.1589 0
      vertex -13.3939 -32.3358 0
    endloop
  endfacet
  facet normal -0.242985 -0.97003 0
    outer loop
      vertex -10.16 -33.4929 0
      vertex -6.82816 -34.3275 2.2
      vertex -10.16 -33.4929 2.2
    endloop
  endfacet
  facet normal -0.242985 -0.97003 -0
    outer loop
      vertex -6.82816 -34.3275 2.2
      vertex -10.16 -33.4929 0
      vertex -6.82816 -34.3275 0
    endloop
  endfacet
  facet normal -0.0490576 -0.998796 0
    outer loop
      vertex -3.4306 -34.8315 0
      vertex 0 -35 2.2
      vertex -3.4306 -34.8315 2.2
    endloop
  endfacet
  facet normal -0.0490576 -0.998796 -0
    outer loop
      vertex 0 -35 2.2
      vertex -3.4306 -34.8315 0
      vertex 0 -35 0
    endloop
  endfacet
  facet normal -0.857732 -0.514098 0
    outer loop
      vertex -29.1014 -19.445 0
      vertex -30.8672 -16.4989 2.2
      vertex -30.8672 -16.4989 0
    endloop
  endfacet
  facet normal -0.857732 -0.514098 0
    outer loop
      vertex -30.8672 -16.4989 2.2
      vertex -29.1014 -19.445 0
      vertex -29.1014 -19.445 2.2
    endloop
  endfacet
  facet normal -0.941545 -0.336888 0
    outer loop
      vertex -32.3358 -13.3939 0
      vertex -33.4929 -10.16 2.2
      vertex -33.4929 -10.16 0
    endloop
  endfacet
  facet normal -0.941545 -0.336888 0
    outer loop
      vertex -33.4929 -10.16 2.2
      vertex -32.3358 -13.3939 0
      vertex -32.3358 -13.3939 2.2
    endloop
  endfacet
  facet normal -0.989176 -0.146736 0
    outer loop
      vertex -34.3275 -6.82816 0
      vertex -34.8315 -3.4306 2.2
      vertex -34.8315 -3.4306 0
    endloop
  endfacet
  facet normal -0.989176 -0.146736 0
    outer loop
      vertex -34.8315 -3.4306 2.2
      vertex -34.3275 -6.82816 0
      vertex -34.3275 -6.82816 2.2
    endloop
  endfacet
  facet normal 0.857732 -0.514098 0
    outer loop
      vertex 29.1014 -19.445 2.2
      vertex 30.8672 -16.4989 0
      vertex 30.8672 -16.4989 2.2
    endloop
  endfacet
  facet normal 0.857732 -0.514098 0
    outer loop
      vertex 30.8672 -16.4989 0
      vertex 29.1014 -19.445 2.2
      vertex 29.1014 -19.445 0
    endloop
  endfacet
  facet normal -0.998795 -0.0490731 0
    outer loop
      vertex 19 0 0
      vertex 18.9085 1.86232 2.2
      vertex 18.9085 1.86232 0
    endloop
  endfacet
  facet normal -0.998795 -0.0490731 0
    outer loop
      vertex 18.9085 1.86232 2.2
      vertex 19 0 0
      vertex 19 0 2.2
    endloop
  endfacet
  facet normal 0.998795 -0.0490731 0
    outer loop
      vertex -19 0 2.2
      vertex -18.9085 1.86232 0
      vertex -18.9085 1.86232 2.2
    endloop
  endfacet
  facet normal 0.998795 -0.0490731 0
    outer loop
      vertex -18.9085 1.86232 0
      vertex -19 0 2.2
      vertex -19 0 0
    endloop
  endfacet
  facet normal -0.0490731 -0.998795 0
    outer loop
      vertex 0 19 0
      vertex 1.86232 18.9085 2.2
      vertex 0 19 2.2
    endloop
  endfacet
  facet normal -0.0490731 -0.998795 -0
    outer loop
      vertex 1.86232 18.9085 2.2
      vertex 0 19 0
      vertex 1.86232 18.9085 0
    endloop
  endfacet
  facet normal 0.0490731 0.998795 -0
    outer loop
      vertex 0 -19 0
      vertex -1.86232 -18.9085 2.2
      vertex 0 -19 2.2
    endloop
  endfacet
  facet normal 0.0490731 0.998795 0
    outer loop
      vertex -1.86232 -18.9085 2.2
      vertex 0 -19 0
      vertex -1.86232 -18.9085 0
    endloop
  endfacet
  facet normal -0.740929 -0.671583 0
    outer loop
      vertex 14.6872 12.0535 0
      vertex 13.435 13.435 2.2
      vertex 13.435 13.435 0
    endloop
  endfacet
  facet normal -0.740929 -0.671583 0
    outer loop
      vertex 13.435 13.435 2.2
      vertex 14.6872 12.0535 0
      vertex 14.6872 12.0535 2.2
    endloop
  endfacet
  facet normal 0.671583 -0.740929 0
    outer loop
      vertex -13.435 13.435 0
      vertex -12.0535 14.6872 2.2
      vertex -13.435 13.435 2.2
    endloop
  endfacet
  facet normal 0.671583 -0.740929 0
    outer loop
      vertex -12.0535 14.6872 2.2
      vertex -13.435 13.435 0
      vertex -12.0535 14.6872 0
    endloop
  endfacet
  facet normal 0.336912 -0.941536 0
    outer loop
      vertex -7.27098 17.5537 0
      vertex -5.51541 18.1819 2.2
      vertex -7.27098 17.5537 2.2
    endloop
  endfacet
  facet normal 0.336912 -0.941536 0
    outer loop
      vertex -5.51541 18.1819 2.2
      vertex -7.27098 17.5537 0
      vertex -5.51541 18.1819 0
    endloop
  endfacet
  facet normal -0.941536 -0.336912 0
    outer loop
      vertex 18.1819 5.51541 0
      vertex 17.5537 7.27098 2.2
      vertex 17.5537 7.27098 0
    endloop
  endfacet
  facet normal -0.941536 -0.336912 0
    outer loop
      vertex 17.5537 7.27098 2.2
      vertex 18.1819 5.51541 0
      vertex 18.1819 5.51541 2.2
    endloop
  endfacet
  facet normal -0.989176 -0.146735 0
    outer loop
      vertex 18.9085 1.86232 0
      vertex 18.6349 3.70672 2.2
      vertex 18.6349 3.70672 0
    endloop
  endfacet
  facet normal -0.989176 -0.146735 0
    outer loop
      vertex 18.6349 3.70672 2.2
      vertex 18.9085 1.86232 0
      vertex 18.9085 1.86232 2.2
    endloop
  endfacet
  facet normal -0.42755 -0.903991 0
    outer loop
      vertex 7.27098 17.5537 0
      vertex 8.95654 16.7565 2.2
      vertex 7.27098 17.5537 2.2
    endloop
  endfacet
  facet normal -0.42755 -0.903991 -0
    outer loop
      vertex 8.95654 16.7565 2.2
      vertex 7.27098 17.5537 0
      vertex 8.95654 16.7565 0
    endloop
  endfacet
  facet normal -0.595675 -0.803225 0
    outer loop
      vertex 10.5558 15.7979 0
      vertex 12.0535 14.6872 2.2
      vertex 10.5558 15.7979 2.2
    endloop
  endfacet
  facet normal -0.595675 -0.803225 -0
    outer loop
      vertex 12.0535 14.6872 2.2
      vertex 10.5558 15.7979 0
      vertex 12.0535 14.6872 0
    endloop
  endfacet
  facet normal 0.903991 -0.42755 0
    outer loop
      vertex -17.5537 7.27098 2.2
      vertex -16.7565 8.95654 0
      vertex -16.7565 8.95654 2.2
    endloop
  endfacet
  facet normal 0.903991 -0.42755 0
    outer loop
      vertex -16.7565 8.95654 0
      vertex -17.5537 7.27098 2.2
      vertex -17.5537 7.27098 0
    endloop
  endfacet
  facet normal 0.146735 -0.989176 0
    outer loop
      vertex -3.70672 18.6349 0
      vertex -1.86232 18.9085 2.2
      vertex -3.70672 18.6349 2.2
    endloop
  endfacet
  facet normal 0.146735 -0.989176 0
    outer loop
      vertex -1.86232 18.9085 2.2
      vertex -3.70672 18.6349 0
      vertex -1.86232 18.9085 0
    endloop
  endfacet
  facet normal -0.941536 0.336912 0
    outer loop
      vertex 17.5537 -7.27098 0
      vertex 18.1819 -5.51541 2.2
      vertex 18.1819 -5.51541 0
    endloop
  endfacet
  facet normal -0.941536 0.336912 0
    outer loop
      vertex 18.1819 -5.51541 2.2
      vertex 17.5537 -7.27098 0
      vertex 17.5537 -7.27098 2.2
    endloop
  endfacet
  facet normal -0.970038 -0.242953 0
    outer loop
      vertex 18.6349 3.70672 0
      vertex 18.1819 5.51541 2.2
      vertex 18.1819 5.51541 0
    endloop
  endfacet
  facet normal -0.970038 -0.242953 0
    outer loop
      vertex 18.1819 5.51541 2.2
      vertex 18.6349 3.70672 0
      vertex 18.6349 3.70672 2.2
    endloop
  endfacet
  facet normal -0.857719 -0.514119 0
    outer loop
      vertex 16.7565 8.95654 0
      vertex 15.7979 10.5558 2.2
      vertex 15.7979 10.5558 0
    endloop
  endfacet
  facet normal -0.857719 -0.514119 0
    outer loop
      vertex 15.7979 10.5558 2.2
      vertex 16.7565 8.95654 0
      vertex 16.7565 8.95654 2.2
    endloop
  endfacet
  facet normal -0.803225 -0.595675 0
    outer loop
      vertex 15.7979 10.5558 0
      vertex 14.6872 12.0535 2.2
      vertex 14.6872 12.0535 0
    endloop
  endfacet
  facet normal -0.803225 -0.595675 0
    outer loop
      vertex 14.6872 12.0535 2.2
      vertex 15.7979 10.5558 0
      vertex 15.7979 10.5558 2.2
    endloop
  endfacet
  facet normal -0.903991 -0.42755 0
    outer loop
      vertex 17.5537 7.27098 0
      vertex 16.7565 8.95654 2.2
      vertex 16.7565 8.95654 0
    endloop
  endfacet
  facet normal -0.903991 -0.42755 0
    outer loop
      vertex 16.7565 8.95654 2.2
      vertex 17.5537 7.27098 0
      vertex 17.5537 7.27098 2.2
    endloop
  endfacet
  facet normal -0.242953 -0.970038 0
    outer loop
      vertex 3.70672 18.6349 0
      vertex 5.51541 18.1819 2.2
      vertex 3.70672 18.6349 2.2
    endloop
  endfacet
  facet normal -0.242953 -0.970038 -0
    outer loop
      vertex 5.51541 18.1819 2.2
      vertex 3.70672 18.6349 0
      vertex 5.51541 18.1819 0
    endloop
  endfacet
  facet normal -0.336912 -0.941536 0
    outer loop
      vertex 5.51541 18.1819 0
      vertex 7.27098 17.5537 2.2
      vertex 5.51541 18.1819 2.2
    endloop
  endfacet
  facet normal -0.336912 -0.941536 -0
    outer loop
      vertex 7.27098 17.5537 2.2
      vertex 5.51541 18.1819 0
      vertex 7.27098 17.5537 0
    endloop
  endfacet
  facet normal -0.146735 -0.989176 0
    outer loop
      vertex 1.86232 18.9085 0
      vertex 3.70672 18.6349 2.2
      vertex 1.86232 18.9085 2.2
    endloop
  endfacet
  facet normal -0.146735 -0.989176 -0
    outer loop
      vertex 3.70672 18.6349 2.2
      vertex 1.86232 18.9085 0
      vertex 3.70672 18.6349 0
    endloop
  endfacet
  facet normal -0.514119 -0.857719 0
    outer loop
      vertex 8.95654 16.7565 0
      vertex 10.5558 15.7979 2.2
      vertex 8.95654 16.7565 2.2
    endloop
  endfacet
  facet normal -0.514119 -0.857719 -0
    outer loop
      vertex 10.5558 15.7979 2.2
      vertex 8.95654 16.7565 0
      vertex 10.5558 15.7979 0
    endloop
  endfacet
  facet normal -0.671583 -0.740929 0
    outer loop
      vertex 12.0535 14.6872 0
      vertex 13.435 13.435 2.2
      vertex 12.0535 14.6872 2.2
    endloop
  endfacet
  facet normal -0.671583 -0.740929 -0
    outer loop
      vertex 13.435 13.435 2.2
      vertex 12.0535 14.6872 0
      vertex 13.435 13.435 0
    endloop
  endfacet
  facet normal 0.970038 -0.242953 0
    outer loop
      vertex -18.6349 3.70672 2.2
      vertex -18.1819 5.51541 0
      vertex -18.1819 5.51541 2.2
    endloop
  endfacet
  facet normal 0.970038 -0.242953 0
    outer loop
      vertex -18.1819 5.51541 0
      vertex -18.6349 3.70672 2.2
      vertex -18.6349 3.70672 0
    endloop
  endfacet
  facet normal 0.803225 -0.595675 0
    outer loop
      vertex -15.7979 10.5558 2.2
      vertex -14.6872 12.0535 0
      vertex -14.6872 12.0535 2.2
    endloop
  endfacet
  facet normal 0.803225 -0.595675 0
    outer loop
      vertex -14.6872 12.0535 0
      vertex -15.7979 10.5558 2.2
      vertex -15.7979 10.5558 0
    endloop
  endfacet
  facet normal 0.740929 -0.671583 0
    outer loop
      vertex -14.6872 12.0535 2.2
      vertex -13.435 13.435 0
      vertex -13.435 13.435 2.2
    endloop
  endfacet
  facet normal 0.740929 -0.671583 0
    outer loop
      vertex -13.435 13.435 0
      vertex -14.6872 12.0535 2.2
      vertex -14.6872 12.0535 0
    endloop
  endfacet
  facet normal 0.857719 -0.514119 0
    outer loop
      vertex -16.7565 8.95654 2.2
      vertex -15.7979 10.5558 0
      vertex -15.7979 10.5558 2.2
    endloop
  endfacet
  facet normal 0.857719 -0.514119 0
    outer loop
      vertex -15.7979 10.5558 0
      vertex -16.7565 8.95654 2.2
      vertex -16.7565 8.95654 0
    endloop
  endfacet
  facet normal 0.941536 -0.336912 0
    outer loop
      vertex -18.1819 5.51541 2.2
      vertex -17.5537 7.27098 0
      vertex -17.5537 7.27098 2.2
    endloop
  endfacet
  facet normal 0.941536 -0.336912 0
    outer loop
      vertex -17.5537 7.27098 0
      vertex -18.1819 5.51541 2.2
      vertex -18.1819 5.51541 0
    endloop
  endfacet
  facet normal 0.989176 -0.146735 0
    outer loop
      vertex -18.9085 1.86232 2.2
      vertex -18.6349 3.70672 0
      vertex -18.6349 3.70672 2.2
    endloop
  endfacet
  facet normal 0.989176 -0.146735 0
    outer loop
      vertex -18.6349 3.70672 0
      vertex -18.9085 1.86232 2.2
      vertex -18.9085 1.86232 0
    endloop
  endfacet
  facet normal 0.514119 -0.857719 0
    outer loop
      vertex -10.5558 15.7979 0
      vertex -8.95654 16.7565 2.2
      vertex -10.5558 15.7979 2.2
    endloop
  endfacet
  facet normal 0.514119 -0.857719 0
    outer loop
      vertex -8.95654 16.7565 2.2
      vertex -10.5558 15.7979 0
      vertex -8.95654 16.7565 0
    endloop
  endfacet
  facet normal 0.42755 -0.903991 0
    outer loop
      vertex -8.95654 16.7565 0
      vertex -7.27098 17.5537 2.2
      vertex -8.95654 16.7565 2.2
    endloop
  endfacet
  facet normal 0.42755 -0.903991 0
    outer loop
      vertex -7.27098 17.5537 2.2
      vertex -8.95654 16.7565 0
      vertex -7.27098 17.5537 0
    endloop
  endfacet
  facet normal 0.595675 -0.803225 0
    outer loop
      vertex -12.0535 14.6872 0
      vertex -10.5558 15.7979 2.2
      vertex -12.0535 14.6872 2.2
    endloop
  endfacet
  facet normal 0.595675 -0.803225 0
    outer loop
      vertex -10.5558 15.7979 2.2
      vertex -12.0535 14.6872 0
      vertex -10.5558 15.7979 0
    endloop
  endfacet
  facet normal 0.242953 -0.970038 0
    outer loop
      vertex -5.51541 18.1819 0
      vertex -3.70672 18.6349 2.2
      vertex -5.51541 18.1819 2.2
    endloop
  endfacet
  facet normal 0.242953 -0.970038 0
    outer loop
      vertex -3.70672 18.6349 2.2
      vertex -5.51541 18.1819 0
      vertex -3.70672 18.6349 0
    endloop
  endfacet
  facet normal 0.0490731 -0.998795 0
    outer loop
      vertex -1.86232 18.9085 0
      vertex 0 19 2.2
      vertex -1.86232 18.9085 2.2
    endloop
  endfacet
  facet normal 0.0490731 -0.998795 0
    outer loop
      vertex 0 19 2.2
      vertex -1.86232 18.9085 0
      vertex 0 19 0
    endloop
  endfacet
  facet normal -0.0490731 0.998795 0
    outer loop
      vertex 1.86232 -18.9085 0
      vertex 0 -19 2.2
      vertex 1.86232 -18.9085 2.2
    endloop
  endfacet
  facet normal -0.0490731 0.998795 0
    outer loop
      vertex 0 -19 2.2
      vertex 1.86232 -18.9085 0
      vertex 0 -19 0
    endloop
  endfacet
  facet normal -0.242953 0.970038 0
    outer loop
      vertex 5.51541 -18.1819 0
      vertex 3.70672 -18.6349 2.2
      vertex 5.51541 -18.1819 2.2
    endloop
  endfacet
  facet normal -0.242953 0.970038 0
    outer loop
      vertex 3.70672 -18.6349 2.2
      vertex 5.51541 -18.1819 0
      vertex 3.70672 -18.6349 0
    endloop
  endfacet
  facet normal -0.595675 0.803225 0
    outer loop
      vertex 12.0535 -14.6872 0
      vertex 10.5558 -15.7979 2.2
      vertex 12.0535 -14.6872 2.2
    endloop
  endfacet
  facet normal -0.595675 0.803225 0
    outer loop
      vertex 10.5558 -15.7979 2.2
      vertex 12.0535 -14.6872 0
      vertex 10.5558 -15.7979 0
    endloop
  endfacet
  facet normal -0.42755 0.903991 0
    outer loop
      vertex 8.95654 -16.7565 0
      vertex 7.27098 -17.5537 2.2
      vertex 8.95654 -16.7565 2.2
    endloop
  endfacet
  facet normal -0.42755 0.903991 0
    outer loop
      vertex 7.27098 -17.5537 2.2
      vertex 8.95654 -16.7565 0
      vertex 7.27098 -17.5537 0
    endloop
  endfacet
  facet normal -0.740929 0.671583 0
    outer loop
      vertex 13.435 -13.435 0
      vertex 14.6872 -12.0535 2.2
      vertex 14.6872 -12.0535 0
    endloop
  endfacet
  facet normal -0.740929 0.671583 0
    outer loop
      vertex 14.6872 -12.0535 2.2
      vertex 13.435 -13.435 0
      vertex 13.435 -13.435 2.2
    endloop
  endfacet
  facet normal -0.857719 0.514119 0
    outer loop
      vertex 15.7979 -10.5558 0
      vertex 16.7565 -8.95654 2.2
      vertex 16.7565 -8.95654 0
    endloop
  endfacet
  facet normal -0.857719 0.514119 0
    outer loop
      vertex 16.7565 -8.95654 2.2
      vertex 15.7979 -10.5558 0
      vertex 15.7979 -10.5558 2.2
    endloop
  endfacet
  facet normal 0.671583 0.740929 -0
    outer loop
      vertex -12.0535 -14.6872 0
      vertex -13.435 -13.435 2.2
      vertex -12.0535 -14.6872 2.2
    endloop
  endfacet
  facet normal 0.671583 0.740929 0
    outer loop
      vertex -13.435 -13.435 2.2
      vertex -12.0535 -14.6872 0
      vertex -13.435 -13.435 0
    endloop
  endfacet
  facet normal 0.514119 0.857719 -0
    outer loop
      vertex -8.95654 -16.7565 0
      vertex -10.5558 -15.7979 2.2
      vertex -8.95654 -16.7565 2.2
    endloop
  endfacet
  facet normal 0.514119 0.857719 0
    outer loop
      vertex -10.5558 -15.7979 2.2
      vertex -8.95654 -16.7565 0
      vertex -10.5558 -15.7979 0
    endloop
  endfacet
  facet normal 0.336912 0.941536 -0
    outer loop
      vertex -5.51541 -18.1819 0
      vertex -7.27098 -17.5537 2.2
      vertex -5.51541 -18.1819 2.2
    endloop
  endfacet
  facet normal 0.336912 0.941536 0
    outer loop
      vertex -7.27098 -17.5537 2.2
      vertex -5.51541 -18.1819 0
      vertex -7.27098 -17.5537 0
    endloop
  endfacet
  facet normal 0.146735 0.989176 -0
    outer loop
      vertex -1.86232 -18.9085 0
      vertex -3.70672 -18.6349 2.2
      vertex -1.86232 -18.9085 2.2
    endloop
  endfacet
  facet normal 0.146735 0.989176 0
    outer loop
      vertex -3.70672 -18.6349 2.2
      vertex -1.86232 -18.9085 0
      vertex -3.70672 -18.6349 0
    endloop
  endfacet
  facet normal 0.803225 0.595675 0
    outer loop
      vertex -14.6872 -12.0535 2.2
      vertex -15.7979 -10.5558 0
      vertex -15.7979 -10.5558 2.2
    endloop
  endfacet
  facet normal 0.803225 0.595675 0
    outer loop
      vertex -15.7979 -10.5558 0
      vertex -14.6872 -12.0535 2.2
      vertex -14.6872 -12.0535 0
    endloop
  endfacet
  facet normal 0.903991 0.42755 0
    outer loop
      vertex -16.7565 -8.95654 2.2
      vertex -17.5537 -7.27098 0
      vertex -17.5537 -7.27098 2.2
    endloop
  endfacet
  facet normal 0.903991 0.42755 0
    outer loop
      vertex -17.5537 -7.27098 0
      vertex -16.7565 -8.95654 2.2
      vertex -16.7565 -8.95654 0
    endloop
  endfacet
  facet normal 0.857719 0.514119 0
    outer loop
      vertex -15.7979 -10.5558 2.2
      vertex -16.7565 -8.95654 0
      vertex -16.7565 -8.95654 2.2
    endloop
  endfacet
  facet normal 0.857719 0.514119 0
    outer loop
      vertex -16.7565 -8.95654 0
      vertex -15.7979 -10.5558 2.2
      vertex -15.7979 -10.5558 0
    endloop
  endfacet
  facet normal 0.970038 0.242953 0
    outer loop
      vertex -18.1819 -5.51541 2.2
      vertex -18.6349 -3.70672 0
      vertex -18.6349 -3.70672 2.2
    endloop
  endfacet
  facet normal 0.970038 0.242953 0
    outer loop
      vertex -18.6349 -3.70672 0
      vertex -18.1819 -5.51541 2.2
      vertex -18.1819 -5.51541 0
    endloop
  endfacet
  facet normal 0.941536 0.336912 0
    outer loop
      vertex -17.5537 -7.27098 2.2
      vertex -18.1819 -5.51541 0
      vertex -18.1819 -5.51541 2.2
    endloop
  endfacet
  facet normal 0.941536 0.336912 0
    outer loop
      vertex -18.1819 -5.51541 0
      vertex -17.5537 -7.27098 2.2
      vertex -17.5537 -7.27098 0
    endloop
  endfacet
  facet normal 0.998795 0.0490731 0
    outer loop
      vertex -18.9085 -1.86232 2.2
      vertex -19 0 0
      vertex -19 0 2.2
    endloop
  endfacet
  facet normal 0.998795 0.0490731 0
    outer loop
      vertex -19 0 0
      vertex -18.9085 -1.86232 2.2
      vertex -18.9085 -1.86232 0
    endloop
  endfacet
  facet normal -0.998795 0.0490731 0
    outer loop
      vertex 18.9085 -1.86232 0
      vertex 19 0 2.2
      vertex 19 0 0
    endloop
  endfacet
  facet normal -0.998795 0.0490731 0
    outer loop
      vertex 19 0 2.2
      vertex 18.9085 -1.86232 0
      vertex 18.9085 -1.86232 2.2
    endloop
  endfacet
  facet normal -0.146735 0.989176 0
    outer loop
      vertex 3.70672 -18.6349 0
      vertex 1.86232 -18.9085 2.2
      vertex 3.70672 -18.6349 2.2
    endloop
  endfacet
  facet normal -0.146735 0.989176 0
    outer loop
      vertex 1.86232 -18.9085 2.2
      vertex 3.70672 -18.6349 0
      vertex 1.86232 -18.9085 0
    endloop
  endfacet
  facet normal -0.336912 0.941536 0
    outer loop
      vertex 7.27098 -17.5537 0
      vertex 5.51541 -18.1819 2.2
      vertex 7.27098 -17.5537 2.2
    endloop
  endfacet
  facet normal -0.336912 0.941536 0
    outer loop
      vertex 5.51541 -18.1819 2.2
      vertex 7.27098 -17.5537 0
      vertex 5.51541 -18.1819 0
    endloop
  endfacet
  facet normal -0.671583 0.740929 0
    outer loop
      vertex 13.435 -13.435 0
      vertex 12.0535 -14.6872 2.2
      vertex 13.435 -13.435 2.2
    endloop
  endfacet
  facet normal -0.671583 0.740929 0
    outer loop
      vertex 12.0535 -14.6872 2.2
      vertex 13.435 -13.435 0
      vertex 12.0535 -14.6872 0
    endloop
  endfacet
  facet normal -0.514119 0.857719 0
    outer loop
      vertex 10.5558 -15.7979 0
      vertex 8.95654 -16.7565 2.2
      vertex 10.5558 -15.7979 2.2
    endloop
  endfacet
  facet normal -0.514119 0.857719 0
    outer loop
      vertex 8.95654 -16.7565 2.2
      vertex 10.5558 -15.7979 0
      vertex 8.95654 -16.7565 0
    endloop
  endfacet
  facet normal -0.803225 0.595675 0
    outer loop
      vertex 14.6872 -12.0535 0
      vertex 15.7979 -10.5558 2.2
      vertex 15.7979 -10.5558 0
    endloop
  endfacet
  facet normal -0.803225 0.595675 0
    outer loop
      vertex 15.7979 -10.5558 2.2
      vertex 14.6872 -12.0535 0
      vertex 14.6872 -12.0535 2.2
    endloop
  endfacet
  facet normal -0.903991 0.42755 0
    outer loop
      vertex 16.7565 -8.95654 0
      vertex 17.5537 -7.27098 2.2
      vertex 17.5537 -7.27098 0
    endloop
  endfacet
  facet normal -0.903991 0.42755 0
    outer loop
      vertex 17.5537 -7.27098 2.2
      vertex 16.7565 -8.95654 0
      vertex 16.7565 -8.95654 2.2
    endloop
  endfacet
  facet normal -0.970038 0.242953 0
    outer loop
      vertex 18.1819 -5.51541 0
      vertex 18.6349 -3.70672 2.2
      vertex 18.6349 -3.70672 0
    endloop
  endfacet
  facet normal -0.970038 0.242953 0
    outer loop
      vertex 18.6349 -3.70672 2.2
      vertex 18.1819 -5.51541 0
      vertex 18.1819 -5.51541 2.2
    endloop
  endfacet
  facet normal -0.989176 0.146735 0
    outer loop
      vertex 18.6349 -3.70672 0
      vertex 18.9085 -1.86232 2.2
      vertex 18.9085 -1.86232 0
    endloop
  endfacet
  facet normal -0.989176 0.146735 0
    outer loop
      vertex 18.9085 -1.86232 2.2
      vertex 18.6349 -3.70672 0
      vertex 18.6349 -3.70672 2.2
    endloop
  endfacet
  facet normal 0.595675 0.803225 -0
    outer loop
      vertex -10.5558 -15.7979 0
      vertex -12.0535 -14.6872 2.2
      vertex -10.5558 -15.7979 2.2
    endloop
  endfacet
  facet normal 0.595675 0.803225 0
    outer loop
      vertex -12.0535 -14.6872 2.2
      vertex -10.5558 -15.7979 0
      vertex -12.0535 -14.6872 0
    endloop
  endfacet
  facet normal 0.42755 0.903991 -0
    outer loop
      vertex -7.27098 -17.5537 0
      vertex -8.95654 -16.7565 2.2
      vertex -7.27098 -17.5537 2.2
    endloop
  endfacet
  facet normal 0.42755 0.903991 0
    outer loop
      vertex -8.95654 -16.7565 2.2
      vertex -7.27098 -17.5537 0
      vertex -8.95654 -16.7565 0
    endloop
  endfacet
  facet normal 0.242953 0.970038 -0
    outer loop
      vertex -3.70672 -18.6349 0
      vertex -5.51541 -18.1819 2.2
      vertex -3.70672 -18.6349 2.2
    endloop
  endfacet
  facet normal 0.242953 0.970038 0
    outer loop
      vertex -5.51541 -18.1819 2.2
      vertex -3.70672 -18.6349 0
      vertex -5.51541 -18.1819 0
    endloop
  endfacet
  facet normal 0.740929 0.671583 0
    outer loop
      vertex -13.435 -13.435 2.2
      vertex -14.6872 -12.0535 0
      vertex -14.6872 -12.0535 2.2
    endloop
  endfacet
  facet normal 0.740929 0.671583 0
    outer loop
      vertex -14.6872 -12.0535 0
      vertex -13.435 -13.435 2.2
      vertex -13.435 -13.435 0
    endloop
  endfacet
  facet normal 0.989176 0.146735 0
    outer loop
      vertex -18.6349 -3.70672 2.2
      vertex -18.9085 -1.86232 0
      vertex -18.9085 -1.86232 2.2
    endloop
  endfacet
  facet normal 0.989176 0.146735 0
    outer loop
      vertex -18.9085 -1.86232 0
      vertex -18.6349 -3.70672 2.2
      vertex -18.6349 -3.70672 0
    endloop
  endfacet
  facet normal 0.857767 0.514039 0
    outer loop
      vertex 31.9686 2.12128 9
      vertex 31.7416 2.50007 2.2
      vertex 31.7416 2.50007 9
    endloop
  endfacet
  facet normal 0.857767 0.514039 0
    outer loop
      vertex 31.7416 2.50007 2.2
      vertex 31.9686 2.12128 9
      vertex 31.9686 2.12128 2.2
    endloop
  endfacet
  facet normal 0.336879 0.941548 -0
    outer loop
      vertex 29.7221 4.15746 2.2
      vertex 29.3063 4.30623 9
      vertex 29.7221 4.15746 9
    endloop
  endfacet
  facet normal 0.336879 0.941548 0
    outer loop
      vertex 29.3063 4.30623 9
      vertex 29.7221 4.15746 2.2
      vertex 29.3063 4.30623 2.2
    endloop
  endfacet
  facet normal -0.42756 0.903987 0
    outer loop
      vertex 26.2779 4.15746 2.2
      vertex 25.8787 3.96865 9
      vertex 26.2779 4.15746 9
    endloop
  endfacet
  facet normal -0.42756 0.903987 0
    outer loop
      vertex 25.8787 3.96865 9
      vertex 26.2779 4.15746 2.2
      vertex 25.8787 3.96865 2.2
    endloop
  endfacet
  facet normal -0.941596 0.336745 0
    outer loop
      vertex 23.6938 1.30628 2.2
      vertex 23.8425 1.72207 9
      vertex 23.8425 1.72207 2.2
    endloop
  endfacet
  facet normal -0.941596 0.336745 0
    outer loop
      vertex 23.8425 1.72207 9
      vertex 23.6938 1.30628 2.2
      vertex 23.6938 1.30628 9
    endloop
  endfacet
  facet normal 0.42756 -0.903987 0
    outer loop
      vertex 29.7221 -4.15746 2.2
      vertex 30.1213 -3.96865 9
      vertex 29.7221 -4.15746 9
    endloop
  endfacet
  facet normal 0.42756 -0.903987 0
    outer loop
      vertex 30.1213 -3.96865 9
      vertex 29.7221 -4.15746 2.2
      vertex 30.1213 -3.96865 2.2
    endloop
  endfacet
  facet normal -0.998792 -0.0491384 0
    outer loop
      vertex 23.5217 -0.441076 2.2
      vertex 23.5 0 9
      vertex 23.5 0 2.2
    endloop
  endfacet
  facet normal -0.998792 -0.0491384 0
    outer loop
      vertex 23.5 0 9
      vertex 23.5217 -0.441076 2.2
      vertex 23.5217 -0.441076 9
    endloop
  endfacet
  facet normal -0.671575 0.740936 0
    outer loop
      vertex 25.1452 3.47855 2.2
      vertex 24.818 3.18198 9
      vertex 25.1452 3.47855 9
    endloop
  endfacet
  facet normal -0.671575 0.740936 0
    outer loop
      vertex 24.818 3.18198 9
      vertex 25.1452 3.47855 2.2
      vertex 24.818 3.18198 2.2
    endloop
  endfacet
  facet normal 0.803168 0.595753 0
    outer loop
      vertex 31.7416 2.50007 9
      vertex 31.4785 2.85477 2.2
      vertex 31.4785 2.85477 9
    endloop
  endfacet
  facet normal 0.803168 0.595753 0
    outer loop
      vertex 31.4785 2.85477 2.2
      vertex 31.7416 2.50007 9
      vertex 31.7416 2.50007 2.2
    endloop
  endfacet
  facet normal 0.671575 0.740936 -0
    outer loop
      vertex 31.182 3.18198 2.2
      vertex 30.8548 3.47855 9
      vertex 31.182 3.18198 9
    endloop
  endfacet
  facet normal 0.671575 0.740936 0
    outer loop
      vertex 30.8548 3.47855 9
      vertex 31.182 3.18198 2.2
      vertex 30.8548 3.47855 2.2
    endloop
  endfacet
  facet normal -0.049068 0.998795 0
    outer loop
      vertex 28 4.5 2.2
      vertex 27.5589 4.47833 9
      vertex 28 4.5 9
    endloop
  endfacet
  facet normal -0.049068 0.998795 0
    outer loop
      vertex 27.5589 4.47833 9
      vertex 28 4.5 2.2
      vertex 27.5589 4.47833 2.2
    endloop
  endfacet
  facet normal 0.146746 0.989174 -0
    outer loop
      vertex 28.8779 4.41353 2.2
      vertex 28.4411 4.47833 9
      vertex 28.8779 4.41353 9
    endloop
  endfacet
  facet normal 0.146746 0.989174 0
    outer loop
      vertex 28.4411 4.47833 9
      vertex 28.8779 4.41353 2.2
      vertex 28.4411 4.47833 2.2
    endloop
  endfacet
  facet normal 0.595694 0.803211 -0
    outer loop
      vertex 30.8548 3.47855 2.2
      vertex 30.5001 3.74161 9
      vertex 30.8548 3.47855 9
    endloop
  endfacet
  facet normal 0.595694 0.803211 0
    outer loop
      vertex 30.5001 3.74161 9
      vertex 30.8548 3.47855 2.2
      vertex 30.5001 3.74161 2.2
    endloop
  endfacet
  facet normal 0.42756 0.903987 -0
    outer loop
      vertex 30.1213 3.96865 2.2
      vertex 29.7221 4.15746 9
      vertex 30.1213 3.96865 9
    endloop
  endfacet
  facet normal 0.42756 0.903987 0
    outer loop
      vertex 29.7221 4.15746 9
      vertex 30.1213 3.96865 2.2
      vertex 29.7221 4.15746 2.2
    endloop
  endfacet
  facet normal 0.514096 0.857733 -0
    outer loop
      vertex 30.5001 3.74161 2.2
      vertex 30.1213 3.96865 9
      vertex 30.5001 3.74161 9
    endloop
  endfacet
  facet normal 0.514096 0.857733 0
    outer loop
      vertex 30.1213 3.96865 9
      vertex 30.5001 3.74161 2.2
      vertex 30.1213 3.96865 2.2
    endloop
  endfacet
  facet normal -0.970032 0.242976 0
    outer loop
      vertex 23.5865 0.877906 2.2
      vertex 23.6938 1.30628 9
      vertex 23.6938 1.30628 2.2
    endloop
  endfacet
  facet normal -0.970032 0.242976 0
    outer loop
      vertex 23.6938 1.30628 9
      vertex 23.5865 0.877906 2.2
      vertex 23.5865 0.877906 9
    endloop
  endfacet
  facet normal -0.989176 0.146736 0
    outer loop
      vertex 23.5217 0.441076 2.2
      vertex 23.5865 0.877906 9
      vertex 23.5865 0.877906 2.2
    endloop
  endfacet
  facet normal -0.989176 0.146736 0
    outer loop
      vertex 23.5865 0.877906 9
      vertex 23.5217 0.441076 2.2
      vertex 23.5217 0.441076 9
    endloop
  endfacet
  facet normal -0.803168 0.595753 0
    outer loop
      vertex 24.2584 2.50007 2.2
      vertex 24.5215 2.85477 9
      vertex 24.5215 2.85477 2.2
    endloop
  endfacet
  facet normal -0.803168 0.595753 0
    outer loop
      vertex 24.5215 2.85477 9
      vertex 24.2584 2.50007 2.2
      vertex 24.2584 2.50007 9
    endloop
  endfacet
  facet normal -0.903913 0.427717 0
    outer loop
      vertex 23.8425 1.72207 2.2
      vertex 24.0314 2.12128 9
      vertex 24.0314 2.12128 2.2
    endloop
  endfacet
  facet normal -0.903913 0.427717 0
    outer loop
      vertex 24.0314 2.12128 9
      vertex 23.8425 1.72207 2.2
      vertex 23.8425 1.72207 9
    endloop
  endfacet
  facet normal -0.857767 0.514039 0
    outer loop
      vertex 24.0314 2.12128 2.2
      vertex 24.2584 2.50007 9
      vertex 24.2584 2.50007 2.2
    endloop
  endfacet
  facet normal -0.857767 0.514039 0
    outer loop
      vertex 24.2584 2.50007 9
      vertex 24.0314 2.12128 2.2
      vertex 24.0314 2.12128 9
    endloop
  endfacet
  facet normal -0.146746 0.989174 0
    outer loop
      vertex 27.5589 4.47833 2.2
      vertex 27.1221 4.41353 9
      vertex 27.5589 4.47833 9
    endloop
  endfacet
  facet normal -0.146746 0.989174 0
    outer loop
      vertex 27.1221 4.41353 9
      vertex 27.5589 4.47833 2.2
      vertex 27.1221 4.41353 2.2
    endloop
  endfacet
  facet normal -0.336879 0.941548 0
    outer loop
      vertex 26.6937 4.30623 2.2
      vertex 26.2779 4.15746 9
      vertex 26.6937 4.30623 9
    endloop
  endfacet
  facet normal -0.336879 0.941548 0
    outer loop
      vertex 26.2779 4.15746 9
      vertex 26.6937 4.30623 2.2
      vertex 26.2779 4.15746 2.2
    endloop
  endfacet
  facet normal -0.242962 0.970036 0
    outer loop
      vertex 27.1221 4.41353 2.2
      vertex 26.6937 4.30623 9
      vertex 27.1221 4.41353 9
    endloop
  endfacet
  facet normal -0.242962 0.970036 0
    outer loop
      vertex 26.6937 4.30623 9
      vertex 27.1221 4.41353 2.2
      vertex 26.6937 4.30623 2.2
    endloop
  endfacet
  facet normal -0.514096 0.857733 0
    outer loop
      vertex 25.8787 3.96865 2.2
      vertex 25.4999 3.74161 9
      vertex 25.8787 3.96865 9
    endloop
  endfacet
  facet normal -0.514096 0.857733 0
    outer loop
      vertex 25.4999 3.74161 9
      vertex 25.8787 3.96865 2.2
      vertex 25.4999 3.74161 2.2
    endloop
  endfacet
  facet normal -0.595694 0.803211 0
    outer loop
      vertex 25.4999 3.74161 2.2
      vertex 25.1452 3.47855 9
      vertex 25.4999 3.74161 9
    endloop
  endfacet
  facet normal -0.595694 0.803211 0
    outer loop
      vertex 25.1452 3.47855 9
      vertex 25.4999 3.74161 2.2
      vertex 25.1452 3.47855 2.2
    endloop
  endfacet
  facet normal -0.741025 0.671477 0
    outer loop
      vertex 24.5215 2.85477 2.2
      vertex 24.818 3.18198 9
      vertex 24.818 3.18198 2.2
    endloop
  endfacet
  facet normal -0.741025 0.671477 0
    outer loop
      vertex 24.818 3.18198 9
      vertex 24.5215 2.85477 2.2
      vertex 24.5215 2.85477 9
    endloop
  endfacet
  facet normal 0.857767 -0.514039 0
    outer loop
      vertex 31.7416 -2.50007 9
      vertex 31.9686 -2.12128 2.2
      vertex 31.9686 -2.12128 9
    endloop
  endfacet
  facet normal 0.857767 -0.514039 0
    outer loop
      vertex 31.9686 -2.12128 2.2
      vertex 31.7416 -2.50007 9
      vertex 31.7416 -2.50007 2.2
    endloop
  endfacet
  facet normal 0.903907 0.42773 0
    outer loop
      vertex 32.1088 1.825 9
      vertex 31.9686 2.12128 2.2
      vertex 31.9686 2.12128 9
    endloop
  endfacet
  facet normal 0.903907 0.42773 0
    outer loop
      vertex 31.9686 2.12128 2.2
      vertex 32.1088 1.825 9
      vertex 32.1088 1.825 2.2
    endloop
  endfacet
  facet normal 0.741025 0.671477 0
    outer loop
      vertex 31.4785 2.85477 9
      vertex 31.182 3.18198 2.2
      vertex 31.182 3.18198 9
    endloop
  endfacet
  facet normal 0.741025 0.671477 0
    outer loop
      vertex 31.182 3.18198 2.2
      vertex 31.4785 2.85477 9
      vertex 31.4785 2.85477 2.2
    endloop
  endfacet
  facet normal 0.049068 0.998795 -0
    outer loop
      vertex 28.4411 4.47833 2.2
      vertex 28 4.5 9
      vertex 28.4411 4.47833 9
    endloop
  endfacet
  facet normal 0.049068 0.998795 0
    outer loop
      vertex 28 4.5 9
      vertex 28.4411 4.47833 2.2
      vertex 28 4.5 2.2
    endloop
  endfacet
  facet normal 0.242962 0.970036 -0
    outer loop
      vertex 29.3063 4.30623 2.2
      vertex 28.8779 4.41353 9
      vertex 29.3063 4.30623 9
    endloop
  endfacet
  facet normal 0.242962 0.970036 0
    outer loop
      vertex 28.8779 4.41353 9
      vertex 29.3063 4.30623 2.2
      vertex 28.8779 4.41353 2.2
    endloop
  endfacet
  facet normal 0 0 1
    outer loop
      vertex 30.1213 3.96865 9
      vertex 30.125 2.125 9
      vertex 30.5001 3.74161 9
    endloop
  endfacet
  facet normal 0 0 1
    outer loop
      vertex 29.7221 4.15746 9
      vertex 30.125 2.125 9
      vertex 30.1213 3.96865 9
    endloop
  endfacet
  facet normal 0 0 1
    outer loop
      vertex 29.3063 4.30623 9
      vertex 30.125 2.125 9
      vertex 29.7221 4.15746 9
    endloop
  endfacet
  facet normal 0 0 1
    outer loop
      vertex 28.8779 4.41353 9
      vertex 30.125 2.125 9
      vertex 29.3063 4.30623 9
    endloop
  endfacet
  facet normal 0 0 1
    outer loop
      vertex 28.4411 4.47833 9
      vertex 30.125 2.125 9
      vertex 28.8779 4.41353 9
    endloop
  endfacet
  facet normal 0 0 1
    outer loop
      vertex 28 4.5 9
      vertex 30.125 2.125 9
      vertex 28.4411 4.47833 9
    endloop
  endfacet
  facet normal 0 0 1
    outer loop
      vertex 25.875 2.125 9
      vertex 28 4.5 9
      vertex 27.5589 4.47833 9
    endloop
  endfacet
  facet normal 0 0 1
    outer loop
      vertex 25.875 2.125 9
      vertex 27.5589 4.47833 9
      vertex 27.1221 4.41353 9
    endloop
  endfacet
  facet normal 0 0 1
    outer loop
      vertex 25.875 2.125 9
      vertex 27.1221 4.41353 9
      vertex 26.6937 4.30623 9
    endloop
  endfacet
  facet normal 0 0 1
    outer loop
      vertex 25.875 2.125 9
      vertex 26.6937 4.30623 9
      vertex 26.2779 4.15746 9
    endloop
  endfacet
  facet normal 0 0 1
    outer loop
      vertex 25.875 2.125 9
      vertex 26.2779 4.15746 9
      vertex 25.8787 3.96865 9
    endloop
  endfacet
  facet normal 0 0 1
    outer loop
      vertex 28 4.5 9
      vertex 25.875 2.125 9
      vertex 30.125 2.125 9
    endloop
  endfacet
  facet normal -0 0 1
    outer loop
      vertex 25.1452 3.47855 9
      vertex 25.875 2.125 9
      vertex 25.4999 3.74161 9
    endloop
  endfacet
  facet normal -0 0 1
    outer loop
      vertex 25.4999 3.74161 9
      vertex 25.875 2.125 9
      vertex 25.8787 3.96865 9
    endloop
  endfacet
  facet normal 0 0 1
    outer loop
      vertex 30.125 1.825 9
      vertex 31.9686 2.12128 9
      vertex 31.7416 2.50007 9
    endloop
  endfacet
  facet normal 0 0 1
    outer loop
      vertex 30.125 2.125 9
      vertex 31.7416 2.50007 9
      vertex 31.4785 2.85477 9
    endloop
  endfacet
  facet normal 0 0 1
    outer loop
      vertex 30.125 2.125 9
      vertex 31.4785 2.85477 9
      vertex 31.182 3.18198 9
    endloop
  endfacet
  facet normal 0 0 1
    outer loop
      vertex 30.125 2.125 9
      vertex 31.182 3.18198 9
      vertex 30.8548 3.47855 9
    endloop
  endfacet
  facet normal 0 0 1
    outer loop
      vertex 30.125 2.125 9
      vertex 30.8548 3.47855 9
      vertex 30.5001 3.74161 9
    endloop
  endfacet
  facet normal 0 0 1
    outer loop
      vertex 31.7416 2.50007 9
      vertex 30.125 2.125 9
      vertex 30.125 1.825 9
    endloop
  endfacet
  facet normal 0 0 1
    outer loop
      vertex 31.9686 2.12128 9
      vertex 30.125 1.825 9
      vertex 32.1088 1.825 9
    endloop
  endfacet
  facet normal -0 0 1
    outer loop
      vertex 30.125 -1.825 9
      vertex 31.9686 -2.12128 9
      vertex 32.1088 -1.825 9
    endloop
  endfacet
  facet normal 0 0 1
    outer loop
      vertex 31.9686 -2.12128 9
      vertex 30.125 -1.825 9
      vertex 31.7416 -2.50007 9
    endloop
  endfacet
  facet normal -0 0 1
    outer loop
      vertex 30.125 -2.125 9
      vertex 31.7416 -2.50007 9
      vertex 30.125 -1.825 9
    endloop
  endfacet
  facet normal 0 0 1
    outer loop
      vertex 31.4785 -2.85477 9
      vertex 30.125 -2.125 9
      vertex 31.182 -3.18198 9
    endloop
  endfacet
  facet normal 0 0 1
    outer loop
      vertex 31.182 -3.18198 9
      vertex 30.125 -2.125 9
      vertex 30.8548 -3.47855 9
    endloop
  endfacet
  facet normal 0 0 1
    outer loop
      vertex 31.7416 -2.50007 9
      vertex 30.125 -2.125 9
      vertex 31.4785 -2.85477 9
    endloop
  endfacet
  facet normal 0 0 1
    outer loop
      vertex 30.8548 -3.47855 9
      vertex 30.125 -2.125 9
      vertex 30.5001 -3.74161 9
    endloop
  endfacet
  facet normal 0 0 1
    outer loop
      vertex 30.125 -2.125 9
      vertex 30.1213 -3.96865 9
      vertex 30.5001 -3.74161 9
    endloop
  endfacet
  facet normal 0 0 1
    outer loop
      vertex 30.125 -2.125 9
      vertex 29.7221 -4.15746 9
      vertex 30.1213 -3.96865 9
    endloop
  endfacet
  facet normal 0 0 1
    outer loop
      vertex 30.125 -2.125 9
      vertex 29.3063 -4.30623 9
      vertex 29.7221 -4.15746 9
    endloop
  endfacet
  facet normal 0 0 1
    outer loop
      vertex 30.125 -2.125 9
      vertex 28.8779 -4.41353 9
      vertex 29.3063 -4.30623 9
    endloop
  endfacet
  facet normal 0 0 1
    outer loop
      vertex 30.125 -2.125 9
      vertex 28.4411 -4.47833 9
      vertex 28.8779 -4.41353 9
    endloop
  endfacet
  facet normal 0 0 1
    outer loop
      vertex 30.125 -2.125 9
      vertex 28 -4.5 9
      vertex 28.4411 -4.47833 9
    endloop
  endfacet
  facet normal -0 0 1
    outer loop
      vertex 25.875 -2.125 9
      vertex 28 -4.5 9
      vertex 30.125 -2.125 9
    endloop
  endfacet
  facet normal 0 0 1
    outer loop
      vertex 28 -4.5 9
      vertex 25.875 -2.125 9
      vertex 27.5589 -4.47833 9
    endloop
  endfacet
  facet normal 0 0 1
    outer loop
      vertex 27.5589 -4.47833 9
      vertex 25.875 -2.125 9
      vertex 27.1221 -4.41353 9
    endloop
  endfacet
  facet normal 0 0 1
    outer loop
      vertex 27.1221 -4.41353 9
      vertex 25.875 -2.125 9
      vertex 26.6937 -4.30623 9
    endloop
  endfacet
  facet normal 0 0 1
    outer loop
      vertex 26.6937 -4.30623 9
      vertex 25.875 -2.125 9
      vertex 26.2779 -4.15746 9
    endloop
  endfacet
  facet normal 0 0 1
    outer loop
      vertex 26.2779 -4.15746 9
      vertex 25.875 -2.125 9
      vertex 25.8787 -3.96865 9
    endloop
  endfacet
  facet normal -0 0 1
    outer loop
      vertex 24.818 3.18198 9
      vertex 25.875 2.125 9
      vertex 25.1452 3.47855 9
    endloop
  endfacet
  facet normal 0 0 1
    outer loop
      vertex 25.875 -2.125 9
      vertex 25.4999 -3.74161 9
      vertex 25.8787 -3.96865 9
    endloop
  endfacet
  facet normal -0 0 1
    outer loop
      vertex 24.5215 2.85477 9
      vertex 25.875 2.125 9
      vertex 24.818 3.18198 9
    endloop
  endfacet
  facet normal 0 0 1
    outer loop
      vertex 25.875 -2.125 9
      vertex 25.1452 -3.47855 9
      vertex 25.4999 -3.74161 9
    endloop
  endfacet
  facet normal -0 0 1
    outer loop
      vertex 24.2584 2.50007 9
      vertex 25.875 2.125 9
      vertex 24.5215 2.85477 9
    endloop
  endfacet
  facet normal 0 0 1
    outer loop
      vertex 25.875 -2.125 9
      vertex 24.818 -3.18198 9
      vertex 25.1452 -3.47855 9
    endloop
  endfacet
  facet normal 0 0 1
    outer loop
      vertex 24.0314 2.12128 9
      vertex 25.875 2.125 9
      vertex 24.2584 2.50007 9
    endloop
  endfacet
  facet normal 0 0 1
    outer loop
      vertex 25.875 -2.125 9
      vertex 24.5215 -2.85477 9
      vertex 24.818 -3.18198 9
    endloop
  endfacet
  facet normal 0 0 1
    outer loop
      vertex 23.8425 1.72207 9
      vertex 25.875 2.125 9
      vertex 24.0314 2.12128 9
    endloop
  endfacet
  facet normal 0 0 1
    outer loop
      vertex 25.875 -2.125 9
      vertex 24.2584 -2.50007 9
      vertex 24.5215 -2.85477 9
    endloop
  endfacet
  facet normal 0 0 1
    outer loop
      vertex 23.6938 1.30628 9
      vertex 25.875 2.125 9
      vertex 23.8425 1.72207 9
    endloop
  endfacet
  facet normal 0 0 1
    outer loop
      vertex 25.875 -2.125 9
      vertex 24.0314 -2.12128 9
      vertex 24.2584 -2.50007 9
    endloop
  endfacet
  facet normal 0 0 1
    outer loop
      vertex 23.5865 0.877906 9
      vertex 25.875 2.125 9
      vertex 23.6938 1.30628 9
    endloop
  endfacet
  facet normal 0 0 1
    outer loop
      vertex 25.875 -2.125 9
      vertex 23.8425 -1.72207 9
      vertex 24.0314 -2.12128 9
    endloop
  endfacet
  facet normal 0 0 1
    outer loop
      vertex 23.5217 0.441076 9
      vertex 25.875 2.125 9
      vertex 23.5865 0.877906 9
    endloop
  endfacet
  facet normal 0 0 1
    outer loop
      vertex 25.875 -2.125 9
      vertex 23.6938 -1.30628 9
      vertex 23.8425 -1.72207 9
    endloop
  endfacet
  facet normal 0 0 1
    outer loop
      vertex 23.5 0 9
      vertex 25.875 2.125 9
      vertex 23.5217 0.441076 9
    endloop
  endfacet
  facet normal 0 0 1
    outer loop
      vertex 25.875 -2.125 9
      vertex 23.5865 -0.877906 9
      vertex 23.6938 -1.30628 9
    endloop
  endfacet
  facet normal 0 0 1
    outer loop
      vertex 25.875 2.125 9
      vertex 23.5 0 9
      vertex 25.875 -2.125 9
    endloop
  endfacet
  facet normal 0 0 1
    outer loop
      vertex 25.875 -2.125 9
      vertex 23.5217 -0.441076 9
      vertex 23.5865 -0.877906 9
    endloop
  endfacet
  facet normal 0 0 1
    outer loop
      vertex 25.875 -2.125 9
      vertex 23.5 0 9
      vertex 23.5217 -0.441076 9
    endloop
  endfacet
  facet normal -0.998792 0.0491384 0
    outer loop
      vertex 23.5 0 2.2
      vertex 23.5217 0.441076 9
      vertex 23.5217 0.441076 2.2
    endloop
  endfacet
  facet normal -0.998792 0.0491384 0
    outer loop
      vertex 23.5217 0.441076 9
      vertex 23.5 0 2.2
      vertex 23.5 0 9
    endloop
  endfacet
  facet normal 0.514096 -0.857733 0
    outer loop
      vertex 30.1213 -3.96865 2.2
      vertex 30.5001 -3.74161 9
      vertex 30.1213 -3.96865 9
    endloop
  endfacet
  facet normal 0.514096 -0.857733 0
    outer loop
      vertex 30.5001 -3.74161 9
      vertex 30.1213 -3.96865 2.2
      vertex 30.5001 -3.74161 2.2
    endloop
  endfacet
  facet normal 0.741025 -0.671477 0
    outer loop
      vertex 31.182 -3.18198 9
      vertex 31.4785 -2.85477 2.2
      vertex 31.4785 -2.85477 9
    endloop
  endfacet
  facet normal 0.741025 -0.671477 0
    outer loop
      vertex 31.4785 -2.85477 2.2
      vertex 31.182 -3.18198 9
      vertex 31.182 -3.18198 2.2
    endloop
  endfacet
  facet normal 0.903907 -0.42773 0
    outer loop
      vertex 31.9686 -2.12128 9
      vertex 32.1088 -1.825 2.2
      vertex 32.1088 -1.825 9
    endloop
  endfacet
  facet normal 0.903907 -0.42773 0
    outer loop
      vertex 32.1088 -1.825 2.2
      vertex 31.9686 -2.12128 9
      vertex 31.9686 -2.12128 2.2
    endloop
  endfacet
  facet normal -0.049068 -0.998795 0
    outer loop
      vertex 27.5589 -4.47833 2.2
      vertex 28 -4.5 9
      vertex 27.5589 -4.47833 9
    endloop
  endfacet
  facet normal -0.049068 -0.998795 -0
    outer loop
      vertex 28 -4.5 9
      vertex 27.5589 -4.47833 2.2
      vertex 28 -4.5 2.2
    endloop
  endfacet
  facet normal -0.989176 -0.146736 0
    outer loop
      vertex 23.5865 -0.877906 2.2
      vertex 23.5217 -0.441076 9
      vertex 23.5217 -0.441076 2.2
    endloop
  endfacet
  facet normal -0.989176 -0.146736 0
    outer loop
      vertex 23.5217 -0.441076 9
      vertex 23.5865 -0.877906 2.2
      vertex 23.5865 -0.877906 9
    endloop
  endfacet
  facet normal -0.903913 -0.427717 0
    outer loop
      vertex 24.0314 -2.12128 2.2
      vertex 23.8425 -1.72207 9
      vertex 23.8425 -1.72207 2.2
    endloop
  endfacet
  facet normal -0.903913 -0.427717 0
    outer loop
      vertex 23.8425 -1.72207 9
      vertex 24.0314 -2.12128 2.2
      vertex 24.0314 -2.12128 9
    endloop
  endfacet
  facet normal -0.941596 -0.336745 0
    outer loop
      vertex 23.8425 -1.72207 2.2
      vertex 23.6938 -1.30628 9
      vertex 23.6938 -1.30628 2.2
    endloop
  endfacet
  facet normal -0.941596 -0.336745 0
    outer loop
      vertex 23.6938 -1.30628 9
      vertex 23.8425 -1.72207 2.2
      vertex 23.8425 -1.72207 9
    endloop
  endfacet
  facet normal -0.741025 -0.671477 0
    outer loop
      vertex 24.818 -3.18198 2.2
      vertex 24.5215 -2.85477 9
      vertex 24.5215 -2.85477 2.2
    endloop
  endfacet
  facet normal -0.741025 -0.671477 0
    outer loop
      vertex 24.5215 -2.85477 9
      vertex 24.818 -3.18198 2.2
      vertex 24.818 -3.18198 9
    endloop
  endfacet
  facet normal -0.857767 -0.514039 0
    outer loop
      vertex 24.2584 -2.50007 2.2
      vertex 24.0314 -2.12128 9
      vertex 24.0314 -2.12128 2.2
    endloop
  endfacet
  facet normal -0.857767 -0.514039 0
    outer loop
      vertex 24.0314 -2.12128 9
      vertex 24.2584 -2.50007 2.2
      vertex 24.2584 -2.50007 9
    endloop
  endfacet
  facet normal 0.146746 -0.989174 0
    outer loop
      vertex 28.4411 -4.47833 2.2
      vertex 28.8779 -4.41353 9
      vertex 28.4411 -4.47833 9
    endloop
  endfacet
  facet normal 0.146746 -0.989174 0
    outer loop
      vertex 28.8779 -4.41353 9
      vertex 28.4411 -4.47833 2.2
      vertex 28.8779 -4.41353 2.2
    endloop
  endfacet
  facet normal 0.336879 -0.941548 0
    outer loop
      vertex 29.3063 -4.30623 2.2
      vertex 29.7221 -4.15746 9
      vertex 29.3063 -4.30623 9
    endloop
  endfacet
  facet normal 0.336879 -0.941548 0
    outer loop
      vertex 29.7221 -4.15746 9
      vertex 29.3063 -4.30623 2.2
      vertex 29.7221 -4.15746 2.2
    endloop
  endfacet
  facet normal 0.242962 -0.970036 0
    outer loop
      vertex 28.8779 -4.41353 2.2
      vertex 29.3063 -4.30623 9
      vertex 28.8779 -4.41353 9
    endloop
  endfacet
  facet normal 0.242962 -0.970036 0
    outer loop
      vertex 29.3063 -4.30623 9
      vertex 28.8779 -4.41353 2.2
      vertex 29.3063 -4.30623 2.2
    endloop
  endfacet
  facet normal 0.671575 -0.740936 0
    outer loop
      vertex 30.8548 -3.47855 2.2
      vertex 31.182 -3.18198 9
      vertex 30.8548 -3.47855 9
    endloop
  endfacet
  facet normal 0.671575 -0.740936 0
    outer loop
      vertex 31.182 -3.18198 9
      vertex 30.8548 -3.47855 2.2
      vertex 31.182 -3.18198 2.2
    endloop
  endfacet
  facet normal 0.595694 -0.803211 0
    outer loop
      vertex 30.5001 -3.74161 2.2
      vertex 30.8548 -3.47855 9
      vertex 30.5001 -3.74161 9
    endloop
  endfacet
  facet normal 0.595694 -0.803211 0
    outer loop
      vertex 30.8548 -3.47855 9
      vertex 30.5001 -3.74161 2.2
      vertex 30.8548 -3.47855 2.2
    endloop
  endfacet
  facet normal 0.803168 -0.595753 0
    outer loop
      vertex 31.4785 -2.85477 9
      vertex 31.7416 -2.50007 2.2
      vertex 31.7416 -2.50007 9
    endloop
  endfacet
  facet normal 0.803168 -0.595753 0
    outer loop
      vertex 31.7416 -2.50007 2.2
      vertex 31.4785 -2.85477 9
      vertex 31.4785 -2.85477 2.2
    endloop
  endfacet
  facet normal 0.049068 -0.998795 0
    outer loop
      vertex 28 -4.5 2.2
      vertex 28.4411 -4.47833 9
      vertex 28 -4.5 9
    endloop
  endfacet
  facet normal 0.049068 -0.998795 0
    outer loop
      vertex 28.4411 -4.47833 9
      vertex 28 -4.5 2.2
      vertex 28.4411 -4.47833 2.2
    endloop
  endfacet
  facet normal -0.970032 -0.242976 0
    outer loop
      vertex 23.6938 -1.30628 2.2
      vertex 23.5865 -0.877906 9
      vertex 23.5865 -0.877906 2.2
    endloop
  endfacet
  facet normal -0.970032 -0.242976 0
    outer loop
      vertex 23.5865 -0.877906 9
      vertex 23.6938 -1.30628 2.2
      vertex 23.6938 -1.30628 9
    endloop
  endfacet
  facet normal -0.671575 -0.740936 0
    outer loop
      vertex 24.818 -3.18198 2.2
      vertex 25.1452 -3.47855 9
      vertex 24.818 -3.18198 9
    endloop
  endfacet
  facet normal -0.671575 -0.740936 -0
    outer loop
      vertex 25.1452 -3.47855 9
      vertex 24.818 -3.18198 2.2
      vertex 25.1452 -3.47855 2.2
    endloop
  endfacet
  facet normal -0.803168 -0.595753 0
    outer loop
      vertex 24.5215 -2.85477 2.2
      vertex 24.2584 -2.50007 9
      vertex 24.2584 -2.50007 2.2
    endloop
  endfacet
  facet normal -0.803168 -0.595753 0
    outer loop
      vertex 24.2584 -2.50007 9
      vertex 24.5215 -2.85477 2.2
      vertex 24.5215 -2.85477 9
    endloop
  endfacet
  facet normal -0.242962 -0.970036 0
    outer loop
      vertex 26.6937 -4.30623 2.2
      vertex 27.1221 -4.41353 9
      vertex 26.6937 -4.30623 9
    endloop
  endfacet
  facet normal -0.242962 -0.970036 -0
    outer loop
      vertex 27.1221 -4.41353 9
      vertex 26.6937 -4.30623 2.2
      vertex 27.1221 -4.41353 2.2
    endloop
  endfacet
  facet normal -0.42756 -0.903987 0
    outer loop
      vertex 25.8787 -3.96865 2.2
      vertex 26.2779 -4.15746 9
      vertex 25.8787 -3.96865 9
    endloop
  endfacet
  facet normal -0.42756 -0.903987 -0
    outer loop
      vertex 26.2779 -4.15746 9
      vertex 25.8787 -3.96865 2.2
      vertex 26.2779 -4.15746 2.2
    endloop
  endfacet
  facet normal -0.336879 -0.941548 0
    outer loop
      vertex 26.2779 -4.15746 2.2
      vertex 26.6937 -4.30623 9
      vertex 26.2779 -4.15746 9
    endloop
  endfacet
  facet normal -0.336879 -0.941548 -0
    outer loop
      vertex 26.6937 -4.30623 9
      vertex 26.2779 -4.15746 2.2
      vertex 26.6937 -4.30623 2.2
    endloop
  endfacet
  facet normal -0.595694 -0.803211 0
    outer loop
      vertex 25.1452 -3.47855 2.2
      vertex 25.4999 -3.74161 9
      vertex 25.1452 -3.47855 9
    endloop
  endfacet
  facet normal -0.595694 -0.803211 -0
    outer loop
      vertex 25.4999 -3.74161 9
      vertex 25.1452 -3.47855 2.2
      vertex 25.4999 -3.74161 2.2
    endloop
  endfacet
  facet normal -0.514096 -0.857733 0
    outer loop
      vertex 25.4999 -3.74161 2.2
      vertex 25.8787 -3.96865 9
      vertex 25.4999 -3.74161 9
    endloop
  endfacet
  facet normal -0.514096 -0.857733 -0
    outer loop
      vertex 25.8787 -3.96865 9
      vertex 25.4999 -3.74161 2.2
      vertex 25.8787 -3.96865 2.2
    endloop
  endfacet
  facet normal -0.146746 -0.989174 0
    outer loop
      vertex 27.1221 -4.41353 2.2
      vertex 27.5589 -4.47833 9
      vertex 27.1221 -4.41353 9
    endloop
  endfacet
  facet normal -0.146746 -0.989174 -0
    outer loop
      vertex 27.5589 -4.47833 9
      vertex 27.1221 -4.41353 2.2
      vertex 27.5589 -4.47833 2.2
    endloop
  endfacet
  facet normal -0.874104 0.485739 0
    outer loop
      vertex -18.0359 26.239 2.2
      vertex -17.8214 26.625 9
      vertex -17.8214 26.625 2.2
    endloop
  endfacet
  facet normal -0.874104 0.485739 0
    outer loop
      vertex -17.8214 26.625 9
      vertex -18.0359 26.239 2.2
      vertex -18.0359 26.239 9
    endloop
  endfacet
  facet normal -0.889482 -0.456969 0
    outer loop
      vertex -17.8971 21.9987 2.2
      vertex -18.0989 22.3915 9
      vertex -18.0989 22.3915 2.2
    endloop
  endfacet
  facet normal -0.889482 -0.456969 0
    outer loop
      vertex -18.0989 22.3915 9
      vertex -17.8971 21.9987 2.2
      vertex -17.8971 21.9987 9
    endloop
  endfacet
  facet normal -0.999867 0.0163059 0
    outer loop
      vertex -18.4976 24.1015 2.2
      vertex -18.4904 24.543 9
      vertex -18.4904 24.543 2.2
    endloop
  endfacet
  facet normal -0.999867 0.0163059 0
    outer loop
      vertex -18.4904 24.543 9
      vertex -18.4976 24.1015 2.2
      vertex -18.4976 24.1015 9
    endloop
  endfacet
  facet normal 0.456969 -0.889482 0
    outer loop
      vertex -12.1428 20.1498 2.2
      vertex -11.75 20.3516 9
      vertex -12.1428 20.1498 9
    endloop
  endfacet
  facet normal 0.456969 -0.889482 0
    outer loop
      vertex -11.75 20.3516 9
      vertex -12.1428 20.1498 2.2
      vertex -11.75 20.3516 2.2
    endloop
  endfacet
  facet normal -0.114358 -0.99344 0
    outer loop
      vertex -14.733 19.8088 2.2
      vertex -14.2943 19.7583 9
      vertex -14.733 19.8088 9
    endloop
  endfacet
  facet normal -0.114358 -0.99344 -0
    outer loop
      vertex -14.2943 19.7583 9
      vertex -14.733 19.8088 2.2
      vertex -14.2943 19.7583 2.2
    endloop
  endfacet
  facet normal -0.718671 -0.69535 0
    outer loop
      vertex -17.0762 20.9643 2.2
      vertex -17.3833 21.2817 9
      vertex -17.3833 21.2817 2.2
    endloop
  endfacet
  facet normal -0.718671 -0.69535 0
    outer loop
      vertex -17.3833 21.2817 9
      vertex -17.0762 20.9643 2.2
      vertex -17.0762 20.9643 9
    endloop
  endfacet
  facet normal 0.874075 -0.485791 0
    outer loop
      vertex -10.1786 21.8724 9
      vertex -9.96407 22.2584 2.2
      vertex -9.96407 22.2584 9
    endloop
  endfacet
  facet normal 0.874075 -0.485791 0
    outer loop
      vertex -9.96407 22.2584 2.2
      vertex -10.1786 21.8724 9
      vertex -10.1786 21.8724 2.2
    endloop
  endfacet
  facet normal 0.783315 0.621625 0
    outer loop
      vertex -10.3422 26.8699 9
      vertex -10.6167 27.2158 2.2
      vertex -10.6167 27.2158 9
    endloop
  endfacet
  facet normal 0.783315 0.621625 0
    outer loop
      vertex -10.6167 27.2158 2.2
      vertex -10.3422 26.8699 9
      vertex -10.3422 26.8699 2.2
    endloop
  endfacet
  facet normal 0.485739 0.874104 -0
    outer loop
      vertex -11.6237 28.0701 2.2
      vertex -12.0097 28.2846 9
      vertex -11.6237 28.0701 9
    endloop
  endfacet
  facet normal 0.485739 0.874104 0
    outer loop
      vertex -12.0097 28.2846 9
      vertex -11.6237 28.0701 2.2
      vertex -12.0097 28.2846 2.2
    endloop
  endfacet
  facet normal -0.917462 0.397823 0
    outer loop
      vertex -18.2116 25.8338 2.2
      vertex -18.0359 26.239 9
      vertex -18.0359 26.239 2.2
    endloop
  endfacet
  facet normal -0.917462 0.397823 0
    outer loop
      vertex -18.0359 26.239 9
      vertex -18.2116 25.8338 2.2
      vertex -18.2116 25.8338 9
    endloop
  endfacet
  facet normal -0.97748 0.211029 0
    outer loop
      vertex -18.4399 24.9817 2.2
      vertex -18.3467 25.4134 9
      vertex -18.3467 25.4134 2.2
    endloop
  endfacet
  facet normal -0.97748 0.211029 0
    outer loop
      vertex -18.3467 25.4134 9
      vertex -18.4399 24.9817 2.2
      vertex -18.4399 24.9817 9
    endloop
  endfacet
  facet normal -0.84042 -0.541936 0
    outer loop
      vertex -17.6578 21.6276 2.2
      vertex -17.8971 21.9987 9
      vertex -17.8971 21.9987 2.2
    endloop
  endfacet
  facet normal -0.84042 -0.541936 0
    outer loop
      vertex -17.8971 21.9987 9
      vertex -17.6578 21.6276 2.2
      vertex -17.6578 21.6276 9
    endloop
  endfacet
  facet normal -0.961609 -0.274422 0
    outer loop
      vertex -18.2612 22.8022 2.2
      vertex -18.3824 23.2269 9
      vertex -18.3824 23.2269 2.2
    endloop
  endfacet
  facet normal -0.961609 -0.274422 0
    outer loop
      vertex -18.3824 23.2269 9
      vertex -18.2612 22.8022 2.2
      vertex -18.2612 22.8022 9
    endloop
  endfacet
  facet normal 0 0 1
    outer loop
      vertex -14.7778 21.3459 9
      vertex -17.3833 21.2817 9
      vertex -17.0762 20.9643 9
    endloop
  endfacet
  facet normal -0 0 1
    outer loop
      vertex -17.8214 26.625 9
      vertex -16.643 25.1765 9
      vertex -17.6349 26.8945 9
    endloop
  endfacet
  facet normal -0 0 1
    outer loop
      vertex -18.0359 26.239 9
      vertex -16.643 25.1765 9
      vertex -17.8214 26.625 9
    endloop
  endfacet
  facet normal 0 0 1
    outer loop
      vertex -14.7778 21.3459 9
      vertex -17.6578 21.6276 9
      vertex -17.3833 21.2817 9
    endloop
  endfacet
  facet normal 0 0 1
    outer loop
      vertex -16.643 25.1765 9
      vertex -18.0359 26.239 9
      vertex -16.9028 25.0265 9
    endloop
  endfacet
  facet normal 0 0 1
    outer loop
      vertex -14.7778 21.3459 9
      vertex -17.8971 21.9987 9
      vertex -17.6578 21.6276 9
    endloop
  endfacet
  facet normal -0 0 1
    outer loop
      vertex -18.2116 25.8338 9
      vertex -16.9028 25.0265 9
      vertex -18.0359 26.239 9
    endloop
  endfacet
  facet normal 0 0 1
    outer loop
      vertex -16.9028 25.0265 9
      vertex -18.0989 22.3915 9
      vertex -17.8971 21.9987 9
    endloop
  endfacet
  facet normal -0 0 1
    outer loop
      vertex -18.3467 25.4134 9
      vertex -16.9028 25.0265 9
      vertex -18.2116 25.8338 9
    endloop
  endfacet
  facet normal 0 0 1
    outer loop
      vertex -16.9028 25.0265 9
      vertex -18.2612 22.8022 9
      vertex -18.0989 22.3915 9
    endloop
  endfacet
  facet normal 0 0 1
    outer loop
      vertex -18.4399 24.9817 9
      vertex -16.9028 25.0265 9
      vertex -18.3467 25.4134 9
    endloop
  endfacet
  facet normal 0 0 1
    outer loop
      vertex -16.9028 25.0265 9
      vertex -18.3824 23.2269 9
      vertex -18.2612 22.8022 9
    endloop
  endfacet
  facet normal 0 0 1
    outer loop
      vertex -18.4904 24.543 9
      vertex -16.9028 25.0265 9
      vertex -18.4399 24.9817 9
    endloop
  endfacet
  facet normal 0 0 1
    outer loop
      vertex -16.9028 25.0265 9
      vertex -18.4615 23.6613 9
      vertex -18.3824 23.2269 9
    endloop
  endfacet
  facet normal 0 0 1
    outer loop
      vertex -18.4976 24.1015 9
      vertex -16.9028 25.0265 9
      vertex -18.4904 24.543 9
    endloop
  endfacet
  facet normal 0 0 1
    outer loop
      vertex -16.9028 25.0265 9
      vertex -18.4976 24.1015 9
      vertex -18.4615 23.6613 9
    endloop
  endfacet
  facet normal 0 0 1
    outer loop
      vertex -11.0972 23.4709 9
      vertex -9.50241 24.3959 9
      vertex -9.5385 24.8361 9
    endloop
  endfacet
  facet normal 0 0 1
    outer loop
      vertex -9.50241 24.3959 9
      vertex -11.0972 23.4709 9
      vertex -9.50963 23.9544 9
    endloop
  endfacet
  facet normal 0 0 1
    outer loop
      vertex -11.0972 23.4709 9
      vertex -9.5385 24.8361 9
      vertex -9.61755 25.2706 9
    endloop
  endfacet
  facet normal 0 0 1
    outer loop
      vertex -9.50963 23.9544 9
      vertex -11.0972 23.4709 9
      vertex -9.5601 23.5157 9
    endloop
  endfacet
  facet normal 0 0 1
    outer loop
      vertex -11.0972 23.4709 9
      vertex -9.61755 25.2706 9
      vertex -9.73881 25.6952 9
    endloop
  endfacet
  facet normal 0 0 1
    outer loop
      vertex -9.5601 23.5157 9
      vertex -11.0972 23.4709 9
      vertex -9.65333 23.084 9
    endloop
  endfacet
  facet normal 0 0 1
    outer loop
      vertex -11.0972 23.4709 9
      vertex -9.73881 25.6952 9
      vertex -9.90111 26.1059 9
    endloop
  endfacet
  facet normal 0 0 1
    outer loop
      vertex -9.65333 23.084 9
      vertex -11.0972 23.4709 9
      vertex -9.78842 22.6636 9
    endloop
  endfacet
  facet normal 0 0 1
    outer loop
      vertex -11.0972 23.4709 9
      vertex -9.90111 26.1059 9
      vertex -10.1029 26.4987 9
    endloop
  endfacet
  facet normal 0 0 1
    outer loop
      vertex -9.78842 22.6636 9
      vertex -11.0972 23.4709 9
      vertex -9.96407 22.2584 9
    endloop
  endfacet
  facet normal 0 0 1
    outer loop
      vertex -13.2222 27.1515 9
      vertex -10.1029 26.4987 9
      vertex -10.3422 26.8699 9
    endloop
  endfacet
  facet normal 0 0 1
    outer loop
      vertex -9.96407 22.2584 9
      vertex -11.0972 23.4709 9
      vertex -10.1786 21.8724 9
    endloop
  endfacet
  facet normal -0 0 1
    outer loop
      vertex -13.2222 27.1515 9
      vertex -10.3422 26.8699 9
      vertex -10.6167 27.2158 9
    endloop
  endfacet
  facet normal 0 0 1
    outer loop
      vertex -10.1786 21.8724 9
      vertex -11.0972 23.4709 9
      vertex -10.4299 21.5093 9
    endloop
  endfacet
  facet normal 0 0 1
    outer loop
      vertex -13.2222 27.1515 9
      vertex -10.6167 27.2158 9
      vertex -10.9238 27.5331 9
    endloop
  endfacet
  facet normal 0 0 1
    outer loop
      vertex -10.4299 21.5093 9
      vertex -11.0972 23.4709 9
      vertex -10.7156 21.1725 9
    endloop
  endfacet
  facet normal 0 0 1
    outer loop
      vertex -10.7156 21.1725 9
      vertex -11.0972 23.4709 9
      vertex -11.0329 20.8654 9
    endloop
  endfacet
  facet normal 0 0 1
    outer loop
      vertex -13.2222 27.1515 9
      vertex -10.9238 27.5331 9
      vertex -11.2606 27.8188 9
    endloop
  endfacet
  facet normal 0 0 1
    outer loop
      vertex -13.2222 27.1515 9
      vertex -11.2606 27.8188 9
      vertex -11.6237 28.0701 9
    endloop
  endfacet
  facet normal 0 0 1
    outer loop
      vertex -13.2222 27.1515 9
      vertex -11.6237 28.0701 9
      vertex -12.0097 28.2846 9
    endloop
  endfacet
  facet normal 0 0 1
    outer loop
      vertex -13.2222 27.1515 9
      vertex -12.0097 28.2846 9
      vertex -12.4149 28.4603 9
    endloop
  endfacet
  facet normal 0 0 1
    outer loop
      vertex -13.2222 27.1515 9
      vertex -12.4149 28.4603 9
      vertex -12.8353 28.5954 9
    endloop
  endfacet
  facet normal 0 0 1
    outer loop
      vertex -10.1029 26.4987 9
      vertex -13.2222 27.1515 9
      vertex -11.0972 23.4709 9
    endloop
  endfacet
  facet normal 0 0 1
    outer loop
      vertex -13.267 28.6886 9
      vertex -13.2222 27.1515 9
      vertex -12.8353 28.5954 9
    endloop
  endfacet
  facet normal 0 0 1
    outer loop
      vertex -13.7057 28.7391 9
      vertex -13.2222 27.1515 9
      vertex -13.267 28.6886 9
    endloop
  endfacet
  facet normal 0 0 1
    outer loop
      vertex -13.2222 27.1515 9
      vertex -13.7057 28.7391 9
      vertex -13.482 27.0015 9
    endloop
  endfacet
  facet normal 0 0 1
    outer loop
      vertex -14.1472 28.7463 9
      vertex -13.482 27.0015 9
      vertex -13.7057 28.7391 9
    endloop
  endfacet
  facet normal 0 0 1
    outer loop
      vertex -13.482 27.0015 9
      vertex -14.1472 28.7463 9
      vertex -14.4739 28.7195 9
    endloop
  endfacet
  facet normal 0 0 1
    outer loop
      vertex -11.0972 23.4709 9
      vertex -11.3788 20.5909 9
      vertex -11.0329 20.8654 9
    endloop
  endfacet
  facet normal 0 0 1
    outer loop
      vertex -11.0972 23.4709 9
      vertex -11.75 20.3516 9
      vertex -11.3788 20.5909 9
    endloop
  endfacet
  facet normal -0 0 1
    outer loop
      vertex -14.7778 21.3459 9
      vertex -11.75 20.3516 9
      vertex -11.0972 23.4709 9
    endloop
  endfacet
  facet normal 0 0 1
    outer loop
      vertex -11.75 20.3516 9
      vertex -14.7778 21.3459 9
      vertex -12.1428 20.1498 9
    endloop
  endfacet
  facet normal 0 0 1
    outer loop
      vertex -12.1428 20.1498 9
      vertex -14.7778 21.3459 9
      vertex -12.5535 19.9875 9
    endloop
  endfacet
  facet normal 0 0 1
    outer loop
      vertex -12.5535 19.9875 9
      vertex -14.7778 21.3459 9
      vertex -12.9782 19.8663 9
    endloop
  endfacet
  facet normal 0 0 1
    outer loop
      vertex -12.9782 19.8663 9
      vertex -14.7778 21.3459 9
      vertex -13.4126 19.7872 9
    endloop
  endfacet
  facet normal 0 0 1
    outer loop
      vertex -13.4126 19.7872 9
      vertex -14.7778 21.3459 9
      vertex -13.8528 19.7511 9
    endloop
  endfacet
  facet normal 0 0 1
    outer loop
      vertex -13.8528 19.7511 9
      vertex -14.7778 21.3459 9
      vertex -14.2943 19.7583 9
    endloop
  endfacet
  facet normal 0 0 1
    outer loop
      vertex -14.2943 19.7583 9
      vertex -14.7778 21.3459 9
      vertex -14.733 19.8088 9
    endloop
  endfacet
  facet normal 0 0 1
    outer loop
      vertex -14.7778 21.3459 9
      vertex -15.1647 19.902 9
      vertex -14.733 19.8088 9
    endloop
  endfacet
  facet normal 0 0 1
    outer loop
      vertex -14.7778 21.3459 9
      vertex -15.5851 20.0371 9
      vertex -15.1647 19.902 9
    endloop
  endfacet
  facet normal 0 0 1
    outer loop
      vertex -14.7778 21.3459 9
      vertex -15.9903 20.2128 9
      vertex -15.5851 20.0371 9
    endloop
  endfacet
  facet normal 0 0 1
    outer loop
      vertex -14.7778 21.3459 9
      vertex -16.3763 20.4273 9
      vertex -15.9903 20.2128 9
    endloop
  endfacet
  facet normal 0 0 1
    outer loop
      vertex -14.7778 21.3459 9
      vertex -16.7394 20.6786 9
      vertex -16.3763 20.4273 9
    endloop
  endfacet
  facet normal -0 0 1
    outer loop
      vertex -17.8971 21.9987 9
      vertex -14.7778 21.3459 9
      vertex -16.9028 25.0265 9
    endloop
  endfacet
  facet normal 0 0 1
    outer loop
      vertex -14.7778 21.3459 9
      vertex -17.0762 20.9643 9
      vertex -16.7394 20.6786 9
    endloop
  endfacet
  facet normal -0.996654 -0.0817338 0
    outer loop
      vertex -18.4615 23.6613 2.2
      vertex -18.4976 24.1015 9
      vertex -18.4976 24.1015 2.2
    endloop
  endfacet
  facet normal -0.996654 -0.0817338 0
    outer loop
      vertex -18.4976 24.1015 9
      vertex -18.4615 23.6613 2.2
      vertex -18.4615 23.6613 9
    endloop
  endfacet
  facet normal -0.99344 0.114358 0
    outer loop
      vertex -18.4904 24.543 2.2
      vertex -18.4399 24.9817 9
      vertex -18.4399 24.9817 2.2
    endloop
  endfacet
  facet normal -0.99344 0.114358 0
    outer loop
      vertex -18.4399 24.9817 9
      vertex -18.4904 24.543 2.2
      vertex -18.4904 24.543 9
    endloop
  endfacet
  facet normal 0.541833 -0.840486 0
    outer loop
      vertex -11.75 20.3516 2.2
      vertex -11.3788 20.5909 9
      vertex -11.75 20.3516 9
    endloop
  endfacet
  facet normal 0.541833 -0.840486 0
    outer loop
      vertex -11.3788 20.5909 9
      vertex -11.75 20.3516 2.2
      vertex -11.3788 20.5909 2.2
    endloop
  endfacet
  facet normal 0.274422 -0.961609 0
    outer loop
      vertex -12.9782 19.8663 2.2
      vertex -12.5535 19.9875 9
      vertex -12.9782 19.8663 9
    endloop
  endfacet
  facet normal 0.274422 -0.961609 0
    outer loop
      vertex -12.5535 19.9875 9
      vertex -12.9782 19.8663 2.2
      vertex -12.5535 19.9875 2.2
    endloop
  endfacet
  facet normal 0.0817338 -0.996654 0
    outer loop
      vertex -13.8528 19.7511 2.2
      vertex -13.4126 19.7872 9
      vertex -13.8528 19.7511 9
    endloop
  endfacet
  facet normal 0.0817338 -0.996654 0
    outer loop
      vertex -13.4126 19.7872 9
      vertex -13.8528 19.7511 2.2
      vertex -13.4126 19.7872 2.2
    endloop
  endfacet
  facet normal -0.646886 -0.762587 0
    outer loop
      vertex -17.0762 20.9643 2.2
      vertex -16.7394 20.6786 9
      vertex -17.0762 20.9643 9
    endloop
  endfacet
  facet normal -0.646886 -0.762587 -0
    outer loop
      vertex -16.7394 20.6786 9
      vertex -17.0762 20.9643 2.2
      vertex -16.7394 20.6786 2.2
    endloop
  endfacet
  facet normal -0.783315 -0.621625 0
    outer loop
      vertex -17.3833 21.2817 2.2
      vertex -17.6578 21.6276 9
      vertex -17.6578 21.6276 2.2
    endloop
  endfacet
  facet normal -0.783315 -0.621625 0
    outer loop
      vertex -17.6578 21.6276 9
      vertex -17.3833 21.2817 2.2
      vertex -17.3833 21.2817 9
    endloop
  endfacet
  facet normal -0.305951 -0.952047 0
    outer loop
      vertex -15.5851 20.0371 2.2
      vertex -15.1647 19.902 9
      vertex -15.5851 20.0371 9
    endloop
  endfacet
  facet normal -0.305951 -0.952047 -0
    outer loop
      vertex -15.1647 19.902 9
      vertex -15.5851 20.0371 2.2
      vertex -15.1647 19.902 2.2
    endloop
  endfacet
  facet normal -0.485739 -0.874104 0
    outer loop
      vertex -16.3763 20.4273 2.2
      vertex -15.9903 20.2128 9
      vertex -16.3763 20.4273 9
    endloop
  endfacet
  facet normal -0.485739 -0.874104 -0
    outer loop
      vertex -15.9903 20.2128 9
      vertex -16.3763 20.4273 2.2
      vertex -15.9903 20.2128 2.2
    endloop
  endfacet
  facet normal -0.211029 -0.97748 0
    outer loop
      vertex -15.1647 19.902 2.2
      vertex -14.733 19.8088 9
      vertex -15.1647 19.902 9
    endloop
  endfacet
  facet normal -0.211029 -0.97748 -0
    outer loop
      vertex -14.733 19.8088 9
      vertex -15.1647 19.902 2.2
      vertex -14.733 19.8088 2.2
    endloop
  endfacet
  facet normal 0.114358 0.99344 -0
    outer loop
      vertex -13.267 28.6886 2.2
      vertex -13.7057 28.7391 9
      vertex -13.267 28.6886 9
    endloop
  endfacet
  facet normal 0.114358 0.99344 0
    outer loop
      vertex -13.7057 28.7391 9
      vertex -13.267 28.6886 2.2
      vertex -13.7057 28.7391 2.2
    endloop
  endfacet
  facet normal 0.569092 0.822274 -0
    outer loop
      vertex -11.2606 27.8188 2.2
      vertex -11.6237 28.0701 9
      vertex -11.2606 27.8188 9
    endloop
  endfacet
  facet normal 0.569092 0.822274 0
    outer loop
      vertex -11.6237 28.0701 9
      vertex -11.2606 27.8188 2.2
      vertex -11.6237 28.0701 2.2
    endloop
  endfacet
  facet normal -0.822302 0.569051 0
    outer loop
      vertex -17.8214 26.625 2.2
      vertex -17.6349 26.8945 9
      vertex -17.6349 26.8945 2.2
    endloop
  endfacet
  facet normal -0.822302 0.569051 0
    outer loop
      vertex -17.6349 26.8945 9
      vertex -17.8214 26.625 2.2
      vertex -17.8214 26.625 9
    endloop
  endfacet
  facet normal -0.952047 0.305951 0
    outer loop
      vertex -18.3467 25.4134 2.2
      vertex -18.2116 25.8338 9
      vertex -18.2116 25.8338 2.2
    endloop
  endfacet
  facet normal -0.952047 0.305951 0
    outer loop
      vertex -18.2116 25.8338 9
      vertex -18.3467 25.4134 2.2
      vertex -18.3467 25.4134 9
    endloop
  endfacet
  facet normal -0.930015 -0.367522 0
    outer loop
      vertex -18.0989 22.3915 2.2
      vertex -18.2612 22.8022 9
      vertex -18.2612 22.8022 2.2
    endloop
  endfacet
  facet normal -0.930015 -0.367522 0
    outer loop
      vertex -18.2612 22.8022 9
      vertex -18.0989 22.3915 2.2
      vertex -18.0989 22.3915 9
    endloop
  endfacet
  facet normal -0.983823 -0.179145 0
    outer loop
      vertex -18.3824 23.2269 2.2
      vertex -18.4615 23.6613 9
      vertex -18.4615 23.6613 2.2
    endloop
  endfacet
  facet normal -0.983823 -0.179145 0
    outer loop
      vertex -18.4615 23.6613 9
      vertex -18.3824 23.2269 2.2
      vertex -18.3824 23.2269 9
    endloop
  endfacet
  facet normal 0.367522 -0.930015 0
    outer loop
      vertex -12.5535 19.9875 2.2
      vertex -12.1428 20.1498 9
      vertex -12.5535 19.9875 9
    endloop
  endfacet
  facet normal 0.367522 -0.930015 0
    outer loop
      vertex -12.1428 20.1498 9
      vertex -12.5535 19.9875 2.2
      vertex -12.1428 20.1498 2.2
    endloop
  endfacet
  facet normal 0.179145 -0.983823 0
    outer loop
      vertex -13.4126 19.7872 2.2
      vertex -12.9782 19.8663 9
      vertex -13.4126 19.7872 9
    endloop
  endfacet
  facet normal 0.179145 -0.983823 0
    outer loop
      vertex -12.9782 19.8663 9
      vertex -13.4126 19.7872 2.2
      vertex -12.9782 19.8663 2.2
    endloop
  endfacet
  facet normal -0.0163059 -0.999867 0
    outer loop
      vertex -14.2943 19.7583 2.2
      vertex -13.8528 19.7511 9
      vertex -14.2943 19.7583 9
    endloop
  endfacet
  facet normal -0.0163059 -0.999867 -0
    outer loop
      vertex -13.8528 19.7511 9
      vertex -14.2943 19.7583 2.2
      vertex -13.8528 19.7511 2.2
    endloop
  endfacet
  facet normal -0.569092 -0.822274 0
    outer loop
      vertex -16.7394 20.6786 2.2
      vertex -16.3763 20.4273 9
      vertex -16.7394 20.6786 9
    endloop
  endfacet
  facet normal -0.569092 -0.822274 -0
    outer loop
      vertex -16.3763 20.4273 9
      vertex -16.7394 20.6786 2.2
      vertex -16.3763 20.4273 2.2
    endloop
  endfacet
  facet normal -0.397823 -0.917462 0
    outer loop
      vertex -15.9903 20.2128 2.2
      vertex -15.5851 20.0371 9
      vertex -15.9903 20.2128 9
    endloop
  endfacet
  facet normal -0.397823 -0.917462 -0
    outer loop
      vertex -15.5851 20.0371 9
      vertex -15.9903 20.2128 2.2
      vertex -15.5851 20.0371 2.2
    endloop
  endfacet
  facet normal -0.0817578 0.996652 0
    outer loop
      vertex -14.1472 28.7463 2.2
      vertex -14.4739 28.7195 9
      vertex -14.1472 28.7463 9
    endloop
  endfacet
  facet normal -0.0817578 0.996652 0
    outer loop
      vertex -14.4739 28.7195 9
      vertex -14.1472 28.7463 2.2
      vertex -14.4739 28.7195 2.2
    endloop
  endfacet
  facet normal 0.0163059 0.999867 -0
    outer loop
      vertex -13.7057 28.7391 2.2
      vertex -14.1472 28.7463 9
      vertex -13.7057 28.7391 9
    endloop
  endfacet
  facet normal 0.0163059 0.999867 0
    outer loop
      vertex -14.1472 28.7463 9
      vertex -13.7057 28.7391 2.2
      vertex -14.1472 28.7463 2.2
    endloop
  endfacet
  facet normal 0.996656 0.0817113 0
    outer loop
      vertex -9.50241 24.3959 9
      vertex -9.5385 24.8361 2.2
      vertex -9.5385 24.8361 9
    endloop
  endfacet
  facet normal 0.996656 0.0817113 0
    outer loop
      vertex -9.5385 24.8361 2.2
      vertex -9.50241 24.3959 9
      vertex -9.50241 24.3959 2.2
    endloop
  endfacet
  facet normal 0.621625 -0.783315 0
    outer loop
      vertex -11.3788 20.5909 2.2
      vertex -11.0329 20.8654 9
      vertex -11.3788 20.5909 9
    endloop
  endfacet
  facet normal 0.621625 -0.783315 0
    outer loop
      vertex -11.0329 20.8654 9
      vertex -11.3788 20.5909 2.2
      vertex -11.0329 20.8654 2.2
    endloop
  endfacet
  facet normal 0.762587 -0.646886 0
    outer loop
      vertex -10.7156 21.1725 9
      vertex -10.4299 21.5093 2.2
      vertex -10.4299 21.5093 9
    endloop
  endfacet
  facet normal 0.762587 -0.646886 0
    outer loop
      vertex -10.4299 21.5093 2.2
      vertex -10.7156 21.1725 9
      vertex -10.7156 21.1725 2.2
    endloop
  endfacet
  facet normal 0.993447 -0.114291 0
    outer loop
      vertex -9.5601 23.5157 9
      vertex -9.50963 23.9544 2.2
      vertex -9.50963 23.9544 9
    endloop
  endfacet
  facet normal 0.993447 -0.114291 0
    outer loop
      vertex -9.50963 23.9544 2.2
      vertex -9.5601 23.5157 9
      vertex -9.5601 23.5157 2.2
    endloop
  endfacet
  facet normal 0.840486 0.541833 0
    outer loop
      vertex -10.1029 26.4987 9
      vertex -10.3422 26.8699 2.2
      vertex -10.3422 26.8699 9
    endloop
  endfacet
  facet normal 0.840486 0.541833 0
    outer loop
      vertex -10.3422 26.8699 2.2
      vertex -10.1029 26.4987 9
      vertex -10.1029 26.4987 2.2
    endloop
  endfacet
  facet normal 0.889492 0.456951 0
    outer loop
      vertex -9.90111 26.1059 9
      vertex -10.1029 26.4987 2.2
      vertex -10.1029 26.4987 9
    endloop
  endfacet
  facet normal 0.889492 0.456951 0
    outer loop
      vertex -10.1029 26.4987 2.2
      vertex -9.90111 26.1059 9
      vertex -9.90111 26.1059 2.2
    endloop
  endfacet
  facet normal 0.98385 0.178995 0
    outer loop
      vertex -9.5385 24.8361 9
      vertex -9.61755 25.2706 2.2
      vertex -9.61755 25.2706 9
    endloop
  endfacet
  facet normal 0.98385 0.178995 0
    outer loop
      vertex -9.61755 25.2706 2.2
      vertex -9.5385 24.8361 9
      vertex -9.5385 24.8361 2.2
    endloop
  endfacet
  facet normal 0.930015 0.367522 0
    outer loop
      vertex -9.73881 25.6952 9
      vertex -9.90111 26.1059 2.2
      vertex -9.90111 26.1059 9
    endloop
  endfacet
  facet normal 0.930015 0.367522 0
    outer loop
      vertex -9.90111 26.1059 2.2
      vertex -9.73881 25.6952 9
      vertex -9.73881 25.6952 2.2
    endloop
  endfacet
  facet normal 0.999866 -0.0163512 0
    outer loop
      vertex -9.50963 23.9544 9
      vertex -9.50241 24.3959 2.2
      vertex -9.50241 24.3959 9
    endloop
  endfacet
  facet normal 0.999866 -0.0163512 0
    outer loop
      vertex -9.50241 24.3959 2.2
      vertex -9.50963 23.9544 9
      vertex -9.50963 23.9544 2.2
    endloop
  endfacet
  facet normal 0.695463 -0.718562 0
    outer loop
      vertex -11.0329 20.8654 2.2
      vertex -10.7156 21.1725 9
      vertex -11.0329 20.8654 9
    endloop
  endfacet
  facet normal 0.695463 -0.718562 0
    outer loop
      vertex -10.7156 21.1725 9
      vertex -11.0329 20.8654 2.2
      vertex -10.7156 21.1725 2.2
    endloop
  endfacet
  facet normal 0.822274 -0.569092 0
    outer loop
      vertex -10.4299 21.5093 9
      vertex -10.1786 21.8724 2.2
      vertex -10.1786 21.8724 9
    endloop
  endfacet
  facet normal 0.822274 -0.569092 0
    outer loop
      vertex -10.1786 21.8724 2.2
      vertex -10.4299 21.5093 9
      vertex -10.4299 21.5093 2.2
    endloop
  endfacet
  facet normal 0.917503 -0.397728 0
    outer loop
      vertex -9.96407 22.2584 9
      vertex -9.78842 22.6636 2.2
      vertex -9.78842 22.6636 9
    endloop
  endfacet
  facet normal 0.917503 -0.397728 0
    outer loop
      vertex -9.78842 22.6636 2.2
      vertex -9.96407 22.2584 9
      vertex -9.96407 22.2584 2.2
    endloop
  endfacet
  facet normal 0.977466 -0.211094 0
    outer loop
      vertex -9.65333 23.084 9
      vertex -9.5601 23.5157 2.2
      vertex -9.5601 23.5157 9
    endloop
  endfacet
  facet normal 0.977466 -0.211094 0
    outer loop
      vertex -9.5601 23.5157 2.2
      vertex -9.65333 23.084 9
      vertex -9.65333 23.084 2.2
    endloop
  endfacet
  facet normal 0.952054 -0.30593 0
    outer loop
      vertex -9.78842 22.6636 9
      vertex -9.65333 23.084 2.2
      vertex -9.65333 23.084 9
    endloop
  endfacet
  facet normal 0.952054 -0.30593 0
    outer loop
      vertex -9.65333 23.084 2.2
      vertex -9.78842 22.6636 9
      vertex -9.78842 22.6636 2.2
    endloop
  endfacet
  facet normal 0.646886 0.762587 -0
    outer loop
      vertex -10.9238 27.5331 2.2
      vertex -11.2606 27.8188 9
      vertex -10.9238 27.5331 9
    endloop
  endfacet
  facet normal 0.646886 0.762587 0
    outer loop
      vertex -11.2606 27.8188 9
      vertex -10.9238 27.5331 2.2
      vertex -11.2606 27.8188 2.2
    endloop
  endfacet
  facet normal 0.718562 0.695463 0
    outer loop
      vertex -10.6167 27.2158 9
      vertex -10.9238 27.5331 2.2
      vertex -10.9238 27.5331 9
    endloop
  endfacet
  facet normal 0.718562 0.695463 0
    outer loop
      vertex -10.9238 27.5331 2.2
      vertex -10.6167 27.2158 9
      vertex -10.6167 27.2158 2.2
    endloop
  endfacet
  facet normal 0.397823 0.917462 -0
    outer loop
      vertex -12.0097 28.2846 2.2
      vertex -12.4149 28.4603 9
      vertex -12.0097 28.2846 9
    endloop
  endfacet
  facet normal 0.397823 0.917462 0
    outer loop
      vertex -12.4149 28.4603 9
      vertex -12.0097 28.2846 2.2
      vertex -12.4149 28.4603 2.2
    endloop
  endfacet
  facet normal 0.211029 0.97748 -0
    outer loop
      vertex -12.8353 28.5954 2.2
      vertex -13.267 28.6886 9
      vertex -12.8353 28.5954 9
    endloop
  endfacet
  facet normal 0.211029 0.97748 0
    outer loop
      vertex -13.267 28.6886 9
      vertex -12.8353 28.5954 2.2
      vertex -13.267 28.6886 2.2
    endloop
  endfacet
  facet normal 0.305951 0.952047 -0
    outer loop
      vertex -12.4149 28.4603 2.2
      vertex -12.8353 28.5954 9
      vertex -12.4149 28.4603 9
    endloop
  endfacet
  facet normal 0.305951 0.952047 0
    outer loop
      vertex -12.8353 28.5954 9
      vertex -12.4149 28.4603 2.2
      vertex -12.8353 28.5954 2.2
    endloop
  endfacet
  facet normal 0.961556 0.274607 0
    outer loop
      vertex -9.61755 25.2706 9
      vertex -9.73881 25.6952 2.2
      vertex -9.73881 25.6952 9
    endloop
  endfacet
  facet normal 0.961556 0.274607 0
    outer loop
      vertex -9.73881 25.6952 2.2
      vertex -9.61755 25.2706 9
      vertex -9.61755 25.2706 2.2
    endloop
  endfacet
  facet normal 0.0163059 -0.999867 0
    outer loop
      vertex -14.1472 -28.7463 2.2
      vertex -13.7057 -28.7391 9
      vertex -14.1472 -28.7463 9
    endloop
  endfacet
  facet normal 0.0163059 -0.999867 0
    outer loop
      vertex -13.7057 -28.7391 9
      vertex -14.1472 -28.7463 2.2
      vertex -13.7057 -28.7391 2.2
    endloop
  endfacet
  facet normal 0.762587 0.646886 0
    outer loop
      vertex -10.4299 -21.5093 9
      vertex -10.7156 -21.1725 2.2
      vertex -10.7156 -21.1725 9
    endloop
  endfacet
  facet normal 0.762587 0.646886 0
    outer loop
      vertex -10.7156 -21.1725 2.2
      vertex -10.4299 -21.5093 9
      vertex -10.4299 -21.5093 2.2
    endloop
  endfacet
  facet normal 0 0 1
    outer loop
      vertex -11.3788 -20.5909 9
      vertex -11.0972 -23.4709 9
      vertex -11.0329 -20.8654 9
    endloop
  endfacet
  facet normal 0 0 1
    outer loop
      vertex -11.75 -20.3516 9
      vertex -11.0972 -23.4709 9
      vertex -11.3788 -20.5909 9
    endloop
  endfacet
  facet normal 0 0 1
    outer loop
      vertex -14.7778 -21.3459 9
      vertex -11.75 -20.3516 9
      vertex -12.1428 -20.1498 9
    endloop
  endfacet
  facet normal 0 0 1
    outer loop
      vertex -14.7778 -21.3459 9
      vertex -12.1428 -20.1498 9
      vertex -12.5535 -19.9875 9
    endloop
  endfacet
  facet normal 0 0 1
    outer loop
      vertex -14.7778 -21.3459 9
      vertex -12.5535 -19.9875 9
      vertex -12.9782 -19.8663 9
    endloop
  endfacet
  facet normal 0 0 1
    outer loop
      vertex -14.7778 -21.3459 9
      vertex -12.9782 -19.8663 9
      vertex -13.4126 -19.7872 9
    endloop
  endfacet
  facet normal 0 0 1
    outer loop
      vertex -14.7778 -21.3459 9
      vertex -13.4126 -19.7872 9
      vertex -13.8528 -19.7511 9
    endloop
  endfacet
  facet normal 0 0 1
    outer loop
      vertex -14.7778 -21.3459 9
      vertex -13.8528 -19.7511 9
      vertex -14.2943 -19.7583 9
    endloop
  endfacet
  facet normal 0 0 1
    outer loop
      vertex -14.7778 -21.3459 9
      vertex -14.2943 -19.7583 9
      vertex -14.733 -19.8088 9
    endloop
  endfacet
  facet normal 0 0 1
    outer loop
      vertex -11.75 -20.3516 9
      vertex -14.7778 -21.3459 9
      vertex -11.0972 -23.4709 9
    endloop
  endfacet
  facet normal -0 0 1
    outer loop
      vertex -15.1647 -19.902 9
      vertex -14.7778 -21.3459 9
      vertex -14.733 -19.8088 9
    endloop
  endfacet
  facet normal -0 0 1
    outer loop
      vertex -15.5851 -20.0371 9
      vertex -14.7778 -21.3459 9
      vertex -15.1647 -19.902 9
    endloop
  endfacet
  facet normal -0 0 1
    outer loop
      vertex -15.9903 -20.2128 9
      vertex -14.7778 -21.3459 9
      vertex -15.5851 -20.0371 9
    endloop
  endfacet
  facet normal -0 0 1
    outer loop
      vertex -16.3763 -20.4273 9
      vertex -14.7778 -21.3459 9
      vertex -15.9903 -20.2128 9
    endloop
  endfacet
  facet normal -0 0 1
    outer loop
      vertex -16.7394 -20.6786 9
      vertex -14.7778 -21.3459 9
      vertex -16.3763 -20.4273 9
    endloop
  endfacet
  facet normal -0 0 1
    outer loop
      vertex -17.0762 -20.9643 9
      vertex -14.7778 -21.3459 9
      vertex -16.7394 -20.6786 9
    endloop
  endfacet
  facet normal -0 0 1
    outer loop
      vertex -17.3833 -21.2817 9
      vertex -14.7778 -21.3459 9
      vertex -17.0762 -20.9643 9
    endloop
  endfacet
  facet normal 0 0 1
    outer loop
      vertex -11.0972 -23.4709 9
      vertex -9.50241 -24.3959 9
      vertex -9.50963 -23.9544 9
    endloop
  endfacet
  facet normal 0 0 1
    outer loop
      vertex -11.0972 -23.4709 9
      vertex -9.50963 -23.9544 9
      vertex -9.5601 -23.5157 9
    endloop
  endfacet
  facet normal 0 0 1
    outer loop
      vertex -9.50241 -24.3959 9
      vertex -11.0972 -23.4709 9
      vertex -9.5385 -24.8361 9
    endloop
  endfacet
  facet normal -0 0 1
    outer loop
      vertex -11.0972 -23.4709 9
      vertex -9.5601 -23.5157 9
      vertex -9.65333 -23.084 9
    endloop
  endfacet
  facet normal 0 0 1
    outer loop
      vertex -9.5385 -24.8361 9
      vertex -11.0972 -23.4709 9
      vertex -9.61755 -25.2706 9
    endloop
  endfacet
  facet normal 0 0 1
    outer loop
      vertex -11.0972 -23.4709 9
      vertex -9.65333 -23.084 9
      vertex -9.78842 -22.6636 9
    endloop
  endfacet
  facet normal 0 0 1
    outer loop
      vertex -9.61755 -25.2706 9
      vertex -11.0972 -23.4709 9
      vertex -9.73881 -25.6952 9
    endloop
  endfacet
  facet normal 0 0 1
    outer loop
      vertex -11.0972 -23.4709 9
      vertex -9.78842 -22.6636 9
      vertex -9.96407 -22.2584 9
    endloop
  endfacet
  facet normal 0 0 1
    outer loop
      vertex -9.73881 -25.6952 9
      vertex -11.0972 -23.4709 9
      vertex -9.90111 -26.1059 9
    endloop
  endfacet
  facet normal 0 0 1
    outer loop
      vertex -11.0972 -23.4709 9
      vertex -9.96407 -22.2584 9
      vertex -10.1786 -21.8724 9
    endloop
  endfacet
  facet normal 0 0 1
    outer loop
      vertex -9.90111 -26.1059 9
      vertex -11.0972 -23.4709 9
      vertex -10.1029 -26.4987 9
    endloop
  endfacet
  facet normal 0 0 1
    outer loop
      vertex -11.0972 -23.4709 9
      vertex -10.1786 -21.8724 9
      vertex -10.4299 -21.5093 9
    endloop
  endfacet
  facet normal 0 0 1
    outer loop
      vertex -13.2222 -27.1515 9
      vertex -10.1029 -26.4987 9
      vertex -11.0972 -23.4709 9
    endloop
  endfacet
  facet normal 0 0 1
    outer loop
      vertex -11.0972 -23.4709 9
      vertex -10.4299 -21.5093 9
      vertex -10.7156 -21.1725 9
    endloop
  endfacet
  facet normal 0 0 1
    outer loop
      vertex -10.1029 -26.4987 9
      vertex -13.2222 -27.1515 9
      vertex -10.3422 -26.8699 9
    endloop
  endfacet
  facet normal 0 0 1
    outer loop
      vertex -11.0972 -23.4709 9
      vertex -10.7156 -21.1725 9
      vertex -11.0329 -20.8654 9
    endloop
  endfacet
  facet normal 0 0 1
    outer loop
      vertex -10.3422 -26.8699 9
      vertex -13.2222 -27.1515 9
      vertex -10.6167 -27.2158 9
    endloop
  endfacet
  facet normal 0 0 1
    outer loop
      vertex -10.6167 -27.2158 9
      vertex -13.2222 -27.1515 9
      vertex -10.9238 -27.5331 9
    endloop
  endfacet
  facet normal 0 0 1
    outer loop
      vertex -10.9238 -27.5331 9
      vertex -13.2222 -27.1515 9
      vertex -11.2606 -27.8188 9
    endloop
  endfacet
  facet normal 0 0 1
    outer loop
      vertex -11.2606 -27.8188 9
      vertex -13.2222 -27.1515 9
      vertex -11.6237 -28.0701 9
    endloop
  endfacet
  facet normal 0 0 1
    outer loop
      vertex -11.6237 -28.0701 9
      vertex -13.2222 -27.1515 9
      vertex -12.0097 -28.2846 9
    endloop
  endfacet
  facet normal 0 0 1
    outer loop
      vertex -12.0097 -28.2846 9
      vertex -13.2222 -27.1515 9
      vertex -12.4149 -28.4603 9
    endloop
  endfacet
  facet normal 0 0 1
    outer loop
      vertex -12.4149 -28.4603 9
      vertex -13.2222 -27.1515 9
      vertex -12.8353 -28.5954 9
    endloop
  endfacet
  facet normal 0 0 1
    outer loop
      vertex -13.2222 -27.1515 9
      vertex -13.267 -28.6886 9
      vertex -12.8353 -28.5954 9
    endloop
  endfacet
  facet normal 0 0 1
    outer loop
      vertex -13.7057 -28.7391 9
      vertex -13.2222 -27.1515 9
      vertex -13.482 -27.0015 9
    endloop
  endfacet
  facet normal 0 0 1
    outer loop
      vertex -13.2222 -27.1515 9
      vertex -13.7057 -28.7391 9
      vertex -13.267 -28.6886 9
    endloop
  endfacet
  facet normal 0 0 1
    outer loop
      vertex -13.482 -27.0015 9
      vertex -14.1472 -28.7463 9
      vertex -13.7057 -28.7391 9
    endloop
  endfacet
  facet normal 0 -0 1
    outer loop
      vertex -14.1472 -28.7463 9
      vertex -13.482 -27.0015 9
      vertex -14.4739 -28.7195 9
    endloop
  endfacet
  facet normal 0 0 1
    outer loop
      vertex -17.6578 -21.6276 9
      vertex -14.7778 -21.3459 9
      vertex -17.3833 -21.2817 9
    endloop
  endfacet
  facet normal 0 0 1
    outer loop
      vertex -18.0359 -26.239 9
      vertex -16.643 -25.1765 9
      vertex -16.9028 -25.0265 9
    endloop
  endfacet
  facet normal 0 0 1
    outer loop
      vertex -17.8971 -21.9987 9
      vertex -14.7778 -21.3459 9
      vertex -17.6578 -21.6276 9
    endloop
  endfacet
  facet normal 0 0 1
    outer loop
      vertex -14.7778 -21.3459 9
      vertex -17.8971 -21.9987 9
      vertex -16.9028 -25.0265 9
    endloop
  endfacet
  facet normal -0 0 1
    outer loop
      vertex -18.0989 -22.3915 9
      vertex -16.9028 -25.0265 9
      vertex -17.8971 -21.9987 9
    endloop
  endfacet
  facet normal 0 0 1
    outer loop
      vertex -16.643 -25.1765 9
      vertex -18.0359 -26.239 9
      vertex -17.8214 -26.625 9
    endloop
  endfacet
  facet normal 0 0 1
    outer loop
      vertex -16.643 -25.1765 9
      vertex -17.8214 -26.625 9
      vertex -17.6349 -26.8945 9
    endloop
  endfacet
  facet normal -0 0 1
    outer loop
      vertex -18.2612 -22.8022 9
      vertex -16.9028 -25.0265 9
      vertex -18.0989 -22.3915 9
    endloop
  endfacet
  facet normal 0 0 1
    outer loop
      vertex -16.9028 -25.0265 9
      vertex -18.2116 -25.8338 9
      vertex -18.0359 -26.239 9
    endloop
  endfacet
  facet normal -0 0 1
    outer loop
      vertex -18.3824 -23.2269 9
      vertex -16.9028 -25.0265 9
      vertex -18.2612 -22.8022 9
    endloop
  endfacet
  facet normal 0 0 1
    outer loop
      vertex -16.9028 -25.0265 9
      vertex -18.3467 -25.4134 9
      vertex -18.2116 -25.8338 9
    endloop
  endfacet
  facet normal -0 0 1
    outer loop
      vertex -18.4615 -23.6613 9
      vertex -16.9028 -25.0265 9
      vertex -18.3824 -23.2269 9
    endloop
  endfacet
  facet normal 0 0 1
    outer loop
      vertex -16.9028 -25.0265 9
      vertex -18.4399 -24.9817 9
      vertex -18.3467 -25.4134 9
    endloop
  endfacet
  facet normal -0 0 1
    outer loop
      vertex -18.4976 -24.1015 9
      vertex -16.9028 -25.0265 9
      vertex -18.4615 -23.6613 9
    endloop
  endfacet
  facet normal 0 0 1
    outer loop
      vertex -16.9028 -25.0265 9
      vertex -18.4904 -24.543 9
      vertex -18.4399 -24.9817 9
    endloop
  endfacet
  facet normal 0 0 1
    outer loop
      vertex -16.9028 -25.0265 9
      vertex -18.4976 -24.1015 9
      vertex -18.4904 -24.543 9
    endloop
  endfacet
  facet normal 0.840486 -0.541833 0
    outer loop
      vertex -10.3422 -26.8699 9
      vertex -10.1029 -26.4987 2.2
      vertex -10.1029 -26.4987 9
    endloop
  endfacet
  facet normal 0.840486 -0.541833 0
    outer loop
      vertex -10.1029 -26.4987 2.2
      vertex -10.3422 -26.8699 9
      vertex -10.3422 -26.8699 2.2
    endloop
  endfacet
  facet normal 0.541833 0.840486 -0
    outer loop
      vertex -11.3788 -20.5909 2.2
      vertex -11.75 -20.3516 9
      vertex -11.3788 -20.5909 9
    endloop
  endfacet
  facet normal 0.541833 0.840486 0
    outer loop
      vertex -11.75 -20.3516 9
      vertex -11.3788 -20.5909 2.2
      vertex -11.75 -20.3516 2.2
    endloop
  endfacet
  facet normal 0.917503 0.397728 0
    outer loop
      vertex -9.78842 -22.6636 9
      vertex -9.96407 -22.2584 2.2
      vertex -9.96407 -22.2584 9
    endloop
  endfacet
  facet normal 0.917503 0.397728 0
    outer loop
      vertex -9.96407 -22.2584 2.2
      vertex -9.78842 -22.6636 9
      vertex -9.78842 -22.6636 2.2
    endloop
  endfacet
  facet normal -0.999867 -0.0163059 0
    outer loop
      vertex -18.4904 -24.543 2.2
      vertex -18.4976 -24.1015 9
      vertex -18.4976 -24.1015 2.2
    endloop
  endfacet
  facet normal -0.999867 -0.0163059 0
    outer loop
      vertex -18.4976 -24.1015 9
      vertex -18.4904 -24.543 2.2
      vertex -18.4904 -24.543 9
    endloop
  endfacet
  facet normal -0.961609 0.274422 0
    outer loop
      vertex -18.3824 -23.2269 2.2
      vertex -18.2612 -22.8022 9
      vertex -18.2612 -22.8022 2.2
    endloop
  endfacet
  facet normal -0.961609 0.274422 0
    outer loop
      vertex -18.2612 -22.8022 9
      vertex -18.3824 -23.2269 2.2
      vertex -18.3824 -23.2269 9
    endloop
  endfacet
  facet normal 0.211029 -0.97748 0
    outer loop
      vertex -13.267 -28.6886 2.2
      vertex -12.8353 -28.5954 9
      vertex -13.267 -28.6886 9
    endloop
  endfacet
  facet normal 0.211029 -0.97748 0
    outer loop
      vertex -12.8353 -28.5954 9
      vertex -13.267 -28.6886 2.2
      vertex -12.8353 -28.5954 2.2
    endloop
  endfacet
  facet normal 0.305951 -0.952047 0
    outer loop
      vertex -12.8353 -28.5954 2.2
      vertex -12.4149 -28.4603 9
      vertex -12.8353 -28.5954 9
    endloop
  endfacet
  facet normal 0.305951 -0.952047 0
    outer loop
      vertex -12.4149 -28.4603 9
      vertex -12.8353 -28.5954 2.2
      vertex -12.4149 -28.4603 2.2
    endloop
  endfacet
  facet normal 0.718562 -0.695463 0
    outer loop
      vertex -10.9238 -27.5331 9
      vertex -10.6167 -27.2158 2.2
      vertex -10.6167 -27.2158 9
    endloop
  endfacet
  facet normal 0.718562 -0.695463 0
    outer loop
      vertex -10.6167 -27.2158 2.2
      vertex -10.9238 -27.5331 9
      vertex -10.9238 -27.5331 2.2
    endloop
  endfacet
  facet normal 0.569092 -0.822274 0
    outer loop
      vertex -11.6237 -28.0701 2.2
      vertex -11.2606 -27.8188 9
      vertex -11.6237 -28.0701 9
    endloop
  endfacet
  facet normal 0.569092 -0.822274 0
    outer loop
      vertex -11.2606 -27.8188 9
      vertex -11.6237 -28.0701 2.2
      vertex -11.2606 -27.8188 2.2
    endloop
  endfacet
  facet normal 0.397823 -0.917462 0
    outer loop
      vertex -12.4149 -28.4603 2.2
      vertex -12.0097 -28.2846 9
      vertex -12.4149 -28.4603 9
    endloop
  endfacet
  facet normal 0.397823 -0.917462 0
    outer loop
      vertex -12.0097 -28.2846 9
      vertex -12.4149 -28.4603 2.2
      vertex -12.0097 -28.2846 2.2
    endloop
  endfacet
  facet normal 0.456969 0.889482 -0
    outer loop
      vertex -11.75 -20.3516 2.2
      vertex -12.1428 -20.1498 9
      vertex -11.75 -20.3516 9
    endloop
  endfacet
  facet normal 0.456969 0.889482 0
    outer loop
      vertex -12.1428 -20.1498 9
      vertex -11.75 -20.3516 2.2
      vertex -12.1428 -20.1498 2.2
    endloop
  endfacet
  facet normal 0.695463 0.718562 -0
    outer loop
      vertex -10.7156 -21.1725 2.2
      vertex -11.0329 -20.8654 9
      vertex -10.7156 -21.1725 9
    endloop
  endfacet
  facet normal 0.695463 0.718562 0
    outer loop
      vertex -11.0329 -20.8654 9
      vertex -10.7156 -21.1725 2.2
      vertex -11.0329 -20.8654 2.2
    endloop
  endfacet
  facet normal 0.621625 0.783315 -0
    outer loop
      vertex -11.0329 -20.8654 2.2
      vertex -11.3788 -20.5909 9
      vertex -11.0329 -20.8654 9
    endloop
  endfacet
  facet normal 0.621625 0.783315 0
    outer loop
      vertex -11.3788 -20.5909 9
      vertex -11.0329 -20.8654 2.2
      vertex -11.3788 -20.5909 2.2
    endloop
  endfacet
  facet normal 0.822274 0.569092 0
    outer loop
      vertex -10.1786 -21.8724 9
      vertex -10.4299 -21.5093 2.2
      vertex -10.4299 -21.5093 9
    endloop
  endfacet
  facet normal 0.822274 0.569092 0
    outer loop
      vertex -10.4299 -21.5093 2.2
      vertex -10.1786 -21.8724 9
      vertex -10.1786 -21.8724 2.2
    endloop
  endfacet
  facet normal 0.874075 0.485791 0
    outer loop
      vertex -9.96407 -22.2584 9
      vertex -10.1786 -21.8724 2.2
      vertex -10.1786 -21.8724 9
    endloop
  endfacet
  facet normal 0.874075 0.485791 0
    outer loop
      vertex -10.1786 -21.8724 2.2
      vertex -9.96407 -22.2584 9
      vertex -9.96407 -22.2584 2.2
    endloop
  endfacet
  facet normal 0.98385 -0.178995 0
    outer loop
      vertex -9.61755 -25.2706 9
      vertex -9.5385 -24.8361 2.2
      vertex -9.5385 -24.8361 9
    endloop
  endfacet
  facet normal 0.98385 -0.178995 0
    outer loop
      vertex -9.5385 -24.8361 2.2
      vertex -9.61755 -25.2706 9
      vertex -9.61755 -25.2706 2.2
    endloop
  endfacet
  facet normal 0.930015 -0.367522 0
    outer loop
      vertex -9.90111 -26.1059 9
      vertex -9.73881 -25.6952 2.2
      vertex -9.73881 -25.6952 9
    endloop
  endfacet
  facet normal 0.930015 -0.367522 0
    outer loop
      vertex -9.73881 -25.6952 2.2
      vertex -9.90111 -26.1059 9
      vertex -9.90111 -26.1059 2.2
    endloop
  endfacet
  facet normal 0.993447 0.114291 0
    outer loop
      vertex -9.50963 -23.9544 9
      vertex -9.5601 -23.5157 2.2
      vertex -9.5601 -23.5157 9
    endloop
  endfacet
  facet normal 0.993447 0.114291 0
    outer loop
      vertex -9.5601 -23.5157 2.2
      vertex -9.50963 -23.9544 9
      vertex -9.50963 -23.9544 2.2
    endloop
  endfacet
  facet normal 0.977466 0.211094 0
    outer loop
      vertex -9.5601 -23.5157 9
      vertex -9.65333 -23.084 2.2
      vertex -9.65333 -23.084 9
    endloop
  endfacet
  facet normal 0.977466 0.211094 0
    outer loop
      vertex -9.65333 -23.084 2.2
      vertex -9.5601 -23.5157 9
      vertex -9.5601 -23.5157 2.2
    endloop
  endfacet
  facet normal 0.999866 0.0163512 0
    outer loop
      vertex -9.50241 -24.3959 9
      vertex -9.50963 -23.9544 2.2
      vertex -9.50963 -23.9544 9
    endloop
  endfacet
  facet normal 0.999866 0.0163512 0
    outer loop
      vertex -9.50963 -23.9544 2.2
      vertex -9.50241 -24.3959 9
      vertex -9.50241 -24.3959 2.2
    endloop
  endfacet
  facet normal 0.952054 0.30593 0
    outer loop
      vertex -9.65333 -23.084 9
      vertex -9.78842 -22.6636 2.2
      vertex -9.78842 -22.6636 9
    endloop
  endfacet
  facet normal 0.952054 0.30593 0
    outer loop
      vertex -9.78842 -22.6636 2.2
      vertex -9.65333 -23.084 9
      vertex -9.65333 -23.084 2.2
    endloop
  endfacet
  facet normal 0.367522 0.930015 -0
    outer loop
      vertex -12.1428 -20.1498 2.2
      vertex -12.5535 -19.9875 9
      vertex -12.1428 -20.1498 9
    endloop
  endfacet
  facet normal 0.367522 0.930015 0
    outer loop
      vertex -12.5535 -19.9875 9
      vertex -12.1428 -20.1498 2.2
      vertex -12.5535 -19.9875 2.2
    endloop
  endfacet
  facet normal -0.996654 0.0817338 0
    outer loop
      vertex -18.4976 -24.1015 2.2
      vertex -18.4615 -23.6613 9
      vertex -18.4615 -23.6613 2.2
    endloop
  endfacet
  facet normal -0.996654 0.0817338 0
    outer loop
      vertex -18.4615 -23.6613 9
      vertex -18.4976 -24.1015 2.2
      vertex -18.4976 -24.1015 9
    endloop
  endfacet
  facet normal -0.0817578 -0.996652 0
    outer loop
      vertex -14.4739 -28.7195 2.2
      vertex -14.1472 -28.7463 9
      vertex -14.4739 -28.7195 9
    endloop
  endfacet
  facet normal -0.0817578 -0.996652 -0
    outer loop
      vertex -14.1472 -28.7463 9
      vertex -14.4739 -28.7195 2.2
      vertex -14.1472 -28.7463 2.2
    endloop
  endfacet
  facet normal 0.114358 -0.99344 0
    outer loop
      vertex -13.7057 -28.7391 2.2
      vertex -13.267 -28.6886 9
      vertex -13.7057 -28.7391 9
    endloop
  endfacet
  facet normal 0.114358 -0.99344 0
    outer loop
      vertex -13.267 -28.6886 9
      vertex -13.7057 -28.7391 2.2
      vertex -13.267 -28.6886 2.2
    endloop
  endfacet
  facet normal 0.889492 -0.456951 0
    outer loop
      vertex -10.1029 -26.4987 9
      vertex -9.90111 -26.1059 2.2
      vertex -9.90111 -26.1059 9
    endloop
  endfacet
  facet normal 0.889492 -0.456951 0
    outer loop
      vertex -9.90111 -26.1059 2.2
      vertex -10.1029 -26.4987 9
      vertex -10.1029 -26.4987 2.2
    endloop
  endfacet
  facet normal 0.783315 -0.621625 0
    outer loop
      vertex -10.6167 -27.2158 9
      vertex -10.3422 -26.8699 2.2
      vertex -10.3422 -26.8699 9
    endloop
  endfacet
  facet normal 0.783315 -0.621625 0
    outer loop
      vertex -10.3422 -26.8699 2.2
      vertex -10.6167 -27.2158 9
      vertex -10.6167 -27.2158 2.2
    endloop
  endfacet
  facet normal 0.646886 -0.762587 0
    outer loop
      vertex -11.2606 -27.8188 2.2
      vertex -10.9238 -27.5331 9
      vertex -11.2606 -27.8188 9
    endloop
  endfacet
  facet normal 0.646886 -0.762587 0
    outer loop
      vertex -10.9238 -27.5331 9
      vertex -11.2606 -27.8188 2.2
      vertex -10.9238 -27.5331 2.2
    endloop
  endfacet
  facet normal 0.485739 -0.874104 0
    outer loop
      vertex -12.0097 -28.2846 2.2
      vertex -11.6237 -28.0701 9
      vertex -12.0097 -28.2846 9
    endloop
  endfacet
  facet normal 0.485739 -0.874104 0
    outer loop
      vertex -11.6237 -28.0701 9
      vertex -12.0097 -28.2846 2.2
      vertex -11.6237 -28.0701 2.2
    endloop
  endfacet
  facet normal 0.996656 -0.0817113 0
    outer loop
      vertex -9.5385 -24.8361 9
      vertex -9.50241 -24.3959 2.2
      vertex -9.50241 -24.3959 9
    endloop
  endfacet
  facet normal 0.996656 -0.0817113 0
    outer loop
      vertex -9.50241 -24.3959 2.2
      vertex -9.5385 -24.8361 9
      vertex -9.5385 -24.8361 2.2
    endloop
  endfacet
  facet normal 0.961439 -0.275019 0
    outer loop
      vertex -9.61755 -25.2706 9
      vertex -9.63703 -25.3387 2.7
      vertex -9.61755 -25.2706 2.2
    endloop
  endfacet
  facet normal 0.961606 -0.274432 -6.86599e-06
    outer loop
      vertex -9.61755 -25.2706 9
      vertex -9.67844 -25.4838 2.7
      vertex -9.63703 -25.3387 2.7
    endloop
  endfacet
  facet normal 0.961556 -0.274607 -4.53642e-07
    outer loop
      vertex -9.73881 -25.6952 9
      vertex -9.67844 -25.4838 2.7
      vertex -9.61755 -25.2706 9
    endloop
  endfacet
  facet normal 0.96156 -0.274595 0
    outer loop
      vertex -9.73881 -25.6952 2.2
      vertex -9.67844 -25.4838 2.7
      vertex -9.73881 -25.6952 9
    endloop
  endfacet
  facet normal 0.96156 -0.274595 0
    outer loop
      vertex -9.67844 -25.4838 2.7
      vertex -9.73881 -25.6952 2.2
      vertex -9.67844 -25.4838 2.2
    endloop
  endfacet
  facet normal 0.961439 -0.275019 0
    outer loop
      vertex -9.61755 -25.2706 2.2
      vertex -9.63703 -25.3387 2.7
      vertex -9.63703 -25.3387 2.2
    endloop
  endfacet
  facet normal -0.822302 -0.569051 0
    outer loop
      vertex -17.6349 -26.8945 2.2
      vertex -17.8214 -26.625 9
      vertex -17.8214 -26.625 2.2
    endloop
  endfacet
  facet normal -0.822302 -0.569051 0
    outer loop
      vertex -17.8214 -26.625 9
      vertex -17.6349 -26.8945 2.2
      vertex -17.6349 -26.8945 9
    endloop
  endfacet
  facet normal -0.917462 -0.397823 0
    outer loop
      vertex -18.0359 -26.239 2.2
      vertex -18.2116 -25.8338 9
      vertex -18.2116 -25.8338 2.2
    endloop
  endfacet
  facet normal -0.917462 -0.397823 0
    outer loop
      vertex -18.2116 -25.8338 9
      vertex -18.0359 -26.239 2.2
      vertex -18.0359 -26.239 9
    endloop
  endfacet
  facet normal -0.0163059 0.999867 0
    outer loop
      vertex -13.8528 -19.7511 2.2
      vertex -14.2943 -19.7583 9
      vertex -13.8528 -19.7511 9
    endloop
  endfacet
  facet normal -0.0163059 0.999867 0
    outer loop
      vertex -14.2943 -19.7583 9
      vertex -13.8528 -19.7511 2.2
      vertex -14.2943 -19.7583 2.2
    endloop
  endfacet
  facet normal 0.0817338 0.996654 -0
    outer loop
      vertex -13.4126 -19.7872 2.2
      vertex -13.8528 -19.7511 9
      vertex -13.4126 -19.7872 9
    endloop
  endfacet
  facet normal 0.0817338 0.996654 0
    outer loop
      vertex -13.8528 -19.7511 9
      vertex -13.4126 -19.7872 2.2
      vertex -13.8528 -19.7511 2.2
    endloop
  endfacet
  facet normal -0.305951 0.952047 0
    outer loop
      vertex -15.1647 -19.902 2.2
      vertex -15.5851 -20.0371 9
      vertex -15.1647 -19.902 9
    endloop
  endfacet
  facet normal -0.305951 0.952047 0
    outer loop
      vertex -15.5851 -20.0371 9
      vertex -15.1647 -19.902 2.2
      vertex -15.5851 -20.0371 2.2
    endloop
  endfacet
  facet normal -0.930015 0.367522 0
    outer loop
      vertex -18.2612 -22.8022 2.2
      vertex -18.0989 -22.3915 9
      vertex -18.0989 -22.3915 2.2
    endloop
  endfacet
  facet normal -0.930015 0.367522 0
    outer loop
      vertex -18.0989 -22.3915 9
      vertex -18.2612 -22.8022 2.2
      vertex -18.2612 -22.8022 9
    endloop
  endfacet
  facet normal -0.983823 0.179145 0
    outer loop
      vertex -18.4615 -23.6613 2.2
      vertex -18.3824 -23.2269 9
      vertex -18.3824 -23.2269 2.2
    endloop
  endfacet
  facet normal -0.983823 0.179145 0
    outer loop
      vertex -18.3824 -23.2269 9
      vertex -18.4615 -23.6613 2.2
      vertex -18.4615 -23.6613 9
    endloop
  endfacet
  facet normal -0.874104 -0.485739 0
    outer loop
      vertex -17.8214 -26.625 2.2
      vertex -18.0359 -26.239 9
      vertex -18.0359 -26.239 2.2
    endloop
  endfacet
  facet normal -0.874104 -0.485739 0
    outer loop
      vertex -18.0359 -26.239 9
      vertex -17.8214 -26.625 2.2
      vertex -17.8214 -26.625 9
    endloop
  endfacet
  facet normal -0.569092 0.822274 0
    outer loop
      vertex -16.3763 -20.4273 2.2
      vertex -16.7394 -20.6786 9
      vertex -16.3763 -20.4273 9
    endloop
  endfacet
  facet normal -0.569092 0.822274 0
    outer loop
      vertex -16.7394 -20.6786 9
      vertex -16.3763 -20.4273 2.2
      vertex -16.7394 -20.6786 2.2
    endloop
  endfacet
  facet normal -0.889482 0.456969 0
    outer loop
      vertex -18.0989 -22.3915 2.2
      vertex -17.8971 -21.9987 9
      vertex -17.8971 -21.9987 2.2
    endloop
  endfacet
  facet normal -0.889482 0.456969 0
    outer loop
      vertex -17.8971 -21.9987 9
      vertex -18.0989 -22.3915 2.2
      vertex -18.0989 -22.3915 9
    endloop
  endfacet
  facet normal -0.84042 0.541936 0
    outer loop
      vertex -17.8971 -21.9987 2.2
      vertex -17.6578 -21.6276 9
      vertex -17.6578 -21.6276 2.2
    endloop
  endfacet
  facet normal -0.84042 0.541936 0
    outer loop
      vertex -17.6578 -21.6276 9
      vertex -17.8971 -21.9987 2.2
      vertex -17.8971 -21.9987 9
    endloop
  endfacet
  facet normal 0.179145 0.983823 -0
    outer loop
      vertex -12.9782 -19.8663 2.2
      vertex -13.4126 -19.7872 9
      vertex -12.9782 -19.8663 9
    endloop
  endfacet
  facet normal 0.179145 0.983823 0
    outer loop
      vertex -13.4126 -19.7872 9
      vertex -12.9782 -19.8663 2.2
      vertex -13.4126 -19.7872 2.2
    endloop
  endfacet
  facet normal -0.211029 0.97748 0
    outer loop
      vertex -14.733 -19.8088 2.2
      vertex -15.1647 -19.902 9
      vertex -14.733 -19.8088 9
    endloop
  endfacet
  facet normal -0.211029 0.97748 0
    outer loop
      vertex -15.1647 -19.902 9
      vertex -14.733 -19.8088 2.2
      vertex -15.1647 -19.902 2.2
    endloop
  endfacet
  facet normal -0.952047 -0.305951 0
    outer loop
      vertex -18.2116 -25.8338 2.2
      vertex -18.3467 -25.4134 9
      vertex -18.3467 -25.4134 2.2
    endloop
  endfacet
  facet normal -0.952047 -0.305951 0
    outer loop
      vertex -18.3467 -25.4134 9
      vertex -18.2116 -25.8338 2.2
      vertex -18.2116 -25.8338 9
    endloop
  endfacet
  facet normal -0.97748 -0.211029 0
    outer loop
      vertex -18.3467 -25.4134 2.2
      vertex -18.4399 -24.9817 9
      vertex -18.4399 -24.9817 2.2
    endloop
  endfacet
  facet normal -0.97748 -0.211029 0
    outer loop
      vertex -18.4399 -24.9817 9
      vertex -18.3467 -25.4134 2.2
      vertex -18.3467 -25.4134 9
    endloop
  endfacet
  facet normal -0.99344 -0.114358 0
    outer loop
      vertex -18.4399 -24.9817 2.2
      vertex -18.4904 -24.543 9
      vertex -18.4904 -24.543 2.2
    endloop
  endfacet
  facet normal -0.99344 -0.114358 0
    outer loop
      vertex -18.4904 -24.543 9
      vertex -18.4399 -24.9817 2.2
      vertex -18.4399 -24.9817 9
    endloop
  endfacet
  facet normal -0.646886 0.762587 0
    outer loop
      vertex -16.7394 -20.6786 2.2
      vertex -17.0762 -20.9643 9
      vertex -16.7394 -20.6786 9
    endloop
  endfacet
  facet normal -0.646886 0.762587 0
    outer loop
      vertex -17.0762 -20.9643 9
      vertex -16.7394 -20.6786 2.2
      vertex -17.0762 -20.9643 2.2
    endloop
  endfacet
  facet normal -0.783315 0.621625 0
    outer loop
      vertex -17.6578 -21.6276 2.2
      vertex -17.3833 -21.2817 9
      vertex -17.3833 -21.2817 2.2
    endloop
  endfacet
  facet normal -0.783315 0.621625 0
    outer loop
      vertex -17.3833 -21.2817 9
      vertex -17.6578 -21.6276 2.2
      vertex -17.6578 -21.6276 9
    endloop
  endfacet
  facet normal 0.274422 0.961609 -0
    outer loop
      vertex -12.5535 -19.9875 2.2
      vertex -12.9782 -19.8663 9
      vertex -12.5535 -19.9875 9
    endloop
  endfacet
  facet normal 0.274422 0.961609 0
    outer loop
      vertex -12.9782 -19.8663 9
      vertex -12.5535 -19.9875 2.2
      vertex -12.9782 -19.8663 2.2
    endloop
  endfacet
  facet normal -0.114358 0.99344 0
    outer loop
      vertex -14.2943 -19.7583 2.2
      vertex -14.733 -19.8088 9
      vertex -14.2943 -19.7583 9
    endloop
  endfacet
  facet normal -0.114358 0.99344 0
    outer loop
      vertex -14.733 -19.8088 9
      vertex -14.2943 -19.7583 2.2
      vertex -14.733 -19.8088 2.2
    endloop
  endfacet
  facet normal -0.485739 0.874104 0
    outer loop
      vertex -15.9903 -20.2128 2.2
      vertex -16.3763 -20.4273 9
      vertex -15.9903 -20.2128 9
    endloop
  endfacet
  facet normal -0.485739 0.874104 0
    outer loop
      vertex -16.3763 -20.4273 9
      vertex -15.9903 -20.2128 2.2
      vertex -16.3763 -20.4273 2.2
    endloop
  endfacet
  facet normal -0.397823 0.917462 0
    outer loop
      vertex -15.5851 -20.0371 2.2
      vertex -15.9903 -20.2128 9
      vertex -15.5851 -20.0371 9
    endloop
  endfacet
  facet normal -0.397823 0.917462 0
    outer loop
      vertex -15.9903 -20.2128 9
      vertex -15.5851 -20.0371 2.2
      vertex -15.9903 -20.2128 2.2
    endloop
  endfacet
  facet normal -0.718671 0.69535 0
    outer loop
      vertex -17.3833 -21.2817 2.2
      vertex -17.0762 -20.9643 9
      vertex -17.0762 -20.9643 2.2
    endloop
  endfacet
  facet normal -0.718671 0.69535 0
    outer loop
      vertex -17.0762 -20.9643 9
      vertex -17.3833 -21.2817 2.2
      vertex -17.3833 -21.2817 9
    endloop
  endfacet
  facet normal 0 0 1
    outer loop
      vertex -0.610306 -26.1488 2.7
      vertex 0.0395508 -26.0104 2.7
      vertex 0.012085 -25.9227 2.7
    endloop
  endfacet
  facet normal 0 0 1
    outer loop
      vertex -0.625458 -26.106 2.7
      vertex 0.012085 -25.9227 2.7
      vertex -0.0206757 -25.8411 2.7
    endloop
  endfacet
  facet normal 0 0 1
    outer loop
      vertex -0.625458 -26.106 2.7
      vertex -0.0206757 -25.8411 2.7
      vertex -0.0587769 -25.7656 2.7
    endloop
  endfacet
  facet normal 0 0 1
    outer loop
      vertex -0.643204 -26.0658 2.7
      vertex -0.0587769 -25.7656 2.7
      vertex -0.102203 -25.6962 2.7
    endloop
  endfacet
  facet normal 0 0 1
    outer loop
      vertex -0.663528 -26.0282 2.7
      vertex -0.102203 -25.6962 2.7
      vertex -0.150955 -25.6328 2.7
    endloop
  endfacet
  facet normal 0 0 1
    outer loop
      vertex -0.686462 -25.9931 2.7
      vertex -0.150955 -25.6328 2.7
      vertex -0.205032 -25.5756 2.7
    endloop
  endfacet
  facet normal 0 0 1
    outer loop
      vertex -0.686462 -25.9931 2.7
      vertex -0.205032 -25.5756 2.7
      vertex -0.26442 -25.5245 2.7
    endloop
  endfacet
  facet normal 0 0 1
    outer loop
      vertex -0.711975 -25.9605 2.7
      vertex -0.26442 -25.5245 2.7
      vertex -0.329132 -25.4794 2.7
    endloop
  endfacet
  facet normal 0 0 1
    outer loop
      vertex -0.740097 -25.9306 2.7
      vertex -0.329132 -25.4794 2.7
      vertex -0.400223 -25.4397 2.7
    endloop
  endfacet
  facet normal 0 0 1
    outer loop
      vertex -0.770798 -25.9031 2.7
      vertex -0.400223 -25.4397 2.7
      vertex -0.478745 -25.4047 2.7
    endloop
  endfacet
  facet normal 0 0 1
    outer loop
      vertex -0.770798 -25.9031 2.7
      vertex -0.478745 -25.4047 2.7
      vertex -0.564697 -25.3744 2.7
    endloop
  endfacet
  facet normal 0 0 1
    outer loop
      vertex -0.102203 -25.6962 2.7
      vertex -0.663528 -26.0282 2.7
      vertex -0.643204 -26.0658 2.7
    endloop
  endfacet
  facet normal 0 0 1
    outer loop
      vertex 0.0395508 -26.0104 2.7
      vertex -0.597733 -26.1942 2.7
      vertex 0.061676 -26.1042 2.7
    endloop
  endfacet
  facet normal 0 0 1
    outer loop
      vertex 0.0395508 -26.0104 2.7
      vertex -0.610306 -26.1488 2.7
      vertex -0.597733 -26.1942 2.7
    endloop
  endfacet
  facet normal 0 0 1
    outer loop
      vertex 0.012085 -25.9227 2.7
      vertex -0.625458 -26.106 2.7
      vertex -0.610306 -26.1488 2.7
    endloop
  endfacet
  facet normal 0 0 1
    outer loop
      vertex -0.840332 -25.856 2.7
      vertex -0.564697 -25.3744 2.7
      vertex -0.658066 -25.3487 2.7
    endloop
  endfacet
  facet normal 0 0 1
    outer loop
      vertex -0.0587769 -25.7656 2.7
      vertex -0.643204 -26.0658 2.7
      vertex -0.625458 -26.106 2.7
    endloop
  endfacet
  facet normal 0 0 1
    outer loop
      vertex -0.150955 -25.6328 2.7
      vertex -0.686462 -25.9931 2.7
      vertex -0.663528 -26.0282 2.7
    endloop
  endfacet
  facet normal 0 0 1
    outer loop
      vertex -0.26442 -25.5245 2.7
      vertex -0.711975 -25.9605 2.7
      vertex -0.686462 -25.9931 2.7
    endloop
  endfacet
  facet normal 0 0 1
    outer loop
      vertex -0.329132 -25.4794 2.7
      vertex -0.740097 -25.9306 2.7
      vertex -0.711975 -25.9605 2.7
    endloop
  endfacet
  facet normal 0 0 1
    outer loop
      vertex -0.879913 -25.8364 2.7
      vertex -0.658066 -25.3487 2.7
      vertex -0.758881 -25.3277 2.7
    endloop
  endfacet
  facet normal 0 0 1
    outer loop
      vertex -0.400223 -25.4397 2.7
      vertex -0.770798 -25.9031 2.7
      vertex -0.740097 -25.9306 2.7
    endloop
  endfacet
  facet normal 0 0 1
    outer loop
      vertex -0.564697 -25.3744 2.7
      vertex -0.804092 -25.8783 2.7
      vertex -0.770798 -25.9031 2.7
    endloop
  endfacet
  facet normal 0 0 1
    outer loop
      vertex -0.564697 -25.3744 2.7
      vertex -0.840332 -25.856 2.7
      vertex -0.804092 -25.8783 2.7
    endloop
  endfacet
  facet normal 0 0 1
    outer loop
      vertex -0.922821 -25.8194 2.7
      vertex -0.758881 -25.3277 2.7
      vertex -0.867111 -25.3113 2.7
    endloop
  endfacet
  facet normal 0 0 1
    outer loop
      vertex -0.658066 -25.3487 2.7
      vertex -0.879913 -25.8364 2.7
      vertex -0.840332 -25.856 2.7
    endloop
  endfacet
  facet normal 0 0 1
    outer loop
      vertex -0.758881 -25.3277 2.7
      vertex -0.922821 -25.8194 2.7
      vertex -0.879913 -25.8364 2.7
    endloop
  endfacet
  facet normal 0 0 1
    outer loop
      vertex -0.867111 -25.3113 2.7
      vertex -0.969055 -25.805 2.7
      vertex -0.922821 -25.8194 2.7
    endloop
  endfacet
  facet normal 0 0 1
    outer loop
      vertex -1.01862 -25.7932 2.7
      vertex -0.867111 -25.3113 2.7
      vertex -0.982773 -25.2997 2.7
    endloop
  endfacet
  facet normal 0 0 1
    outer loop
      vertex -0.867111 -25.3113 2.7
      vertex -1.01862 -25.7932 2.7
      vertex -0.969055 -25.805 2.7
    endloop
  endfacet
  facet normal 0 0 1
    outer loop
      vertex -0.982773 -25.2997 2.7
      vertex -1.07152 -25.784 2.7
      vertex -1.01862 -25.7932 2.7
    endloop
  endfacet
  facet normal 0 0 1
    outer loop
      vertex -1.10587 -25.2927 2.7
      vertex -1.07152 -25.784 2.7
      vertex -0.982773 -25.2997 2.7
    endloop
  endfacet
  facet normal 0 0 1
    outer loop
      vertex -1.10587 -25.2927 2.7
      vertex -1.12775 -25.7775 2.7
      vertex -1.07152 -25.784 2.7
    endloop
  endfacet
  facet normal 0 0 1
    outer loop
      vertex -1.10587 -25.2927 2.7
      vertex -1.18732 -25.7735 2.7
      vertex -1.12775 -25.7775 2.7
    endloop
  endfacet
  facet normal 0 0 1
    outer loop
      vertex -1.23639 -25.2903 2.7
      vertex -1.18732 -25.7735 2.7
      vertex -1.10587 -25.2927 2.7
    endloop
  endfacet
  facet normal 0 0 1
    outer loop
      vertex -1.23639 -25.2903 2.7
      vertex -1.2502 -25.7722 2.7
      vertex -1.18732 -25.7735 2.7
    endloop
  endfacet
  facet normal -0 0 1
    outer loop
      vertex -1.37306 -25.2932 2.7
      vertex -1.2502 -25.7722 2.7
      vertex -1.23639 -25.2903 2.7
    endloop
  endfacet
  facet normal 0 0 1
    outer loop
      vertex -1.37306 -25.2932 2.7
      vertex -1.37988 -25.777 2.7
      vertex -1.2502 -25.7722 2.7
    endloop
  endfacet
  facet normal -0 0 1
    outer loop
      vertex -1.5023 -25.3019 2.7
      vertex -1.37988 -25.777 2.7
      vertex -1.37306 -25.2932 2.7
    endloop
  endfacet
  facet normal 0 0 1
    outer loop
      vertex -1.37988 -25.777 2.7
      vertex -1.5023 -25.3019 2.7
      vertex -1.49431 -25.7914 2.7
    endloop
  endfacet
  facet normal -0 0 1
    outer loop
      vertex -1.62411 -25.3163 2.7
      vertex -1.49431 -25.7914 2.7
      vertex -1.5023 -25.3019 2.7
    endloop
  endfacet
  facet normal 0 0 1
    outer loop
      vertex -1.49431 -25.7914 2.7
      vertex -1.62411 -25.3163 2.7
      vertex -1.59349 -25.8152 2.7
    endloop
  endfacet
  facet normal -0 0 1
    outer loop
      vertex -1.73849 -25.3366 2.7
      vertex -1.59349 -25.8152 2.7
      vertex -1.62411 -25.3163 2.7
    endloop
  endfacet
  facet normal 0 0 1
    outer loop
      vertex -1.59349 -25.8152 2.7
      vertex -1.73849 -25.3366 2.7
      vertex -1.6774 -25.8487 2.7
    endloop
  endfacet
  facet normal -0 0 1
    outer loop
      vertex -1.84544 -25.3626 2.7
      vertex -1.6774 -25.8487 2.7
      vertex -1.73849 -25.3366 2.7
    endloop
  endfacet
  facet normal -0 0 1
    outer loop
      vertex -1.94498 -25.3943 2.7
      vertex -1.6774 -25.8487 2.7
      vertex -1.84544 -25.3626 2.7
    endloop
  endfacet
  facet normal 0 0 1
    outer loop
      vertex -1.6774 -25.8487 2.7
      vertex -1.94498 -25.3943 2.7
      vertex -1.74606 -25.8918 2.7
    endloop
  endfacet
  facet normal -0 0 1
    outer loop
      vertex -2.03706 -25.4319 2.7
      vertex -1.74606 -25.8918 2.7
      vertex -1.94498 -25.3943 2.7
    endloop
  endfacet
  facet normal -0 0 1
    outer loop
      vertex -2.12173 -25.4752 2.7
      vertex -1.74606 -25.8918 2.7
      vertex -2.03706 -25.4319 2.7
    endloop
  endfacet
  facet normal 0 0 1
    outer loop
      vertex -1.74606 -25.8918 2.7
      vertex -2.12173 -25.4752 2.7
      vertex -1.79945 -25.9444 2.7
    endloop
  endfacet
  facet normal 0 0 1
    outer loop
      vertex -1.66185 -26.478 2.7
      vertex -1.90504 -27.0299 2.7
      vertex -1.87053 -27.0419 2.7
    endloop
  endfacet
  facet normal -0 0 1
    outer loop
      vertex -2.19897 -25.5244 2.7
      vertex -1.79945 -25.9444 2.7
      vertex -2.12173 -25.4752 2.7
    endloop
  endfacet
  facet normal 0 0 1
    outer loop
      vertex -1.86731 -26.1872 2.7
      vertex -1.93646 -27.0182 2.7
      vertex -1.90504 -27.0299 2.7
    endloop
  endfacet
  facet normal -0 0 1
    outer loop
      vertex -2.2684 -25.5789 2.7
      vertex -1.79945 -25.9444 2.7
      vertex -2.19897 -25.5244 2.7
    endloop
  endfacet
  facet normal 0 0 1
    outer loop
      vertex -1.86731 -26.1872 2.7
      vertex -1.96721 -27.006 2.7
      vertex -1.93646 -27.0182 2.7
    endloop
  endfacet
  facet normal 0 0 1
    outer loop
      vertex -1.86731 -26.1872 2.7
      vertex -1.99725 -26.9933 2.7
      vertex -1.96721 -27.006 2.7
    endloop
  endfacet
  facet normal 0 0 1
    outer loop
      vertex -1.86731 -26.1872 2.7
      vertex -2.02663 -26.9802 2.7
      vertex -1.99725 -26.9933 2.7
    endloop
  endfacet
  facet normal 0 0 1
    outer loop
      vertex -1.79945 -25.9444 2.7
      vertex -2.2684 -25.5789 2.7
      vertex -1.8376 -26.0065 2.7
    endloop
  endfacet
  facet normal 0 0 1
    outer loop
      vertex -1.86731 -26.1872 2.7
      vertex -2.05533 -26.9666 2.7
      vertex -2.02663 -26.9802 2.7
    endloop
  endfacet
  facet normal 0 0 1
    outer loop
      vertex -1.86731 -26.1872 2.7
      vertex -2.08333 -26.9526 2.7
      vertex -2.05533 -26.9666 2.7
    endloop
  endfacet
  facet normal 0 0 1
    outer loop
      vertex -1.86731 -26.1872 2.7
      vertex -2.11066 -26.9381 2.7
      vertex -2.08333 -26.9526 2.7
    endloop
  endfacet
  facet normal -0 0 1
    outer loop
      vertex -2.32968 -25.6385 2.7
      vertex -1.8376 -26.0065 2.7
      vertex -2.2684 -25.5789 2.7
    endloop
  endfacet
  facet normal 0 0 1
    outer loop
      vertex -1.86731 -26.1872 2.7
      vertex -2.13731 -26.9231 2.7
      vertex -2.11066 -26.9381 2.7
    endloop
  endfacet
  facet normal -0 0 1
    outer loop
      vertex -2.38278 -25.7033 2.7
      vertex -1.8376 -26.0065 2.7
      vertex -2.32968 -25.6385 2.7
    endloop
  endfacet
  facet normal 0 0 1
    outer loop
      vertex -1.86731 -26.1872 2.7
      vertex -2.16327 -26.9077 2.7
      vertex -2.13731 -26.9231 2.7
    endloop
  endfacet
  facet normal -0 0 1
    outer loop
      vertex -2.4277 -25.7731 2.7
      vertex -1.8376 -26.0065 2.7
      vertex -2.38278 -25.7033 2.7
    endloop
  endfacet
  facet normal 0 0 1
    outer loop
      vertex -1.86731 -26.1872 2.7
      vertex -2.18846 -26.8918 2.7
      vertex -2.16327 -26.9077 2.7
    endloop
  endfacet
  facet normal 0 0 1
    outer loop
      vertex -1.86731 -26.1872 2.7
      vertex -2.21278 -26.8751 2.7
      vertex -2.18846 -26.8918 2.7
    endloop
  endfacet
  facet normal 0 0 1
    outer loop
      vertex -1.86731 -26.1872 2.7
      vertex -2.23627 -26.8577 2.7
      vertex -2.21278 -26.8751 2.7
    endloop
  endfacet
  facet normal 0 0 1
    outer loop
      vertex -1.86731 -26.1872 2.7
      vertex -2.2589 -26.8395 2.7
      vertex -2.23627 -26.8577 2.7
    endloop
  endfacet
  facet normal 0 0 1
    outer loop
      vertex -1.86731 -26.1872 2.7
      vertex -2.28067 -26.8207 2.7
      vertex -2.2589 -26.8395 2.7
    endloop
  endfacet
  facet normal 0 0 1
    outer loop
      vertex -1.86731 -26.1872 2.7
      vertex -2.30159 -26.8011 2.7
      vertex -2.28067 -26.8207 2.7
    endloop
  endfacet
  facet normal 0 0 1
    outer loop
      vertex -1.86731 -26.1872 2.7
      vertex -2.32167 -26.7809 2.7
      vertex -2.30159 -26.8011 2.7
    endloop
  endfacet
  facet normal 0 0 1
    outer loop
      vertex -1.8376 -26.0065 2.7
      vertex -2.4277 -25.7731 2.7
      vertex -1.86049 -26.0782 2.7
    endloop
  endfacet
  facet normal 0 0 1
    outer loop
      vertex -1.86731 -26.1872 2.7
      vertex -2.34088 -26.7599 2.7
      vertex -2.32167 -26.7809 2.7
    endloop
  endfacet
  facet normal 0 0 1
    outer loop
      vertex -1.86731 -26.1872 2.7
      vertex -2.35924 -26.7383 2.7
      vertex -2.34088 -26.7599 2.7
    endloop
  endfacet
  facet normal 0 0 1
    outer loop
      vertex -1.86731 -26.1872 2.7
      vertex -2.37674 -26.7158 2.7
      vertex -2.35924 -26.7383 2.7
    endloop
  endfacet
  facet normal -0 0 1
    outer loop
      vertex -2.46446 -25.8481 2.7
      vertex -1.86049 -26.0782 2.7
      vertex -2.4277 -25.7731 2.7
    endloop
  endfacet
  facet normal 0 0 1
    outer loop
      vertex -1.86731 -26.1872 2.7
      vertex -2.39334 -26.6925 2.7
      vertex -2.37674 -26.7158 2.7
    endloop
  endfacet
  facet normal 0 0 1
    outer loop
      vertex -1.86731 -26.1872 2.7
      vertex -2.40906 -26.6683 2.7
      vertex -2.39334 -26.6925 2.7
    endloop
  endfacet
  facet normal 0 0 1
    outer loop
      vertex -1.86731 -26.1872 2.7
      vertex -2.4239 -26.6433 2.7
      vertex -2.40906 -26.6683 2.7
    endloop
  endfacet
  facet normal -0 0 1
    outer loop
      vertex -2.49306 -25.9281 2.7
      vertex -1.86049 -26.0782 2.7
      vertex -2.46446 -25.8481 2.7
    endloop
  endfacet
  facet normal 0 0 1
    outer loop
      vertex -1.86731 -26.1872 2.7
      vertex -2.43787 -26.6174 2.7
      vertex -2.4239 -26.6433 2.7
    endloop
  endfacet
  facet normal 0 0 1
    outer loop
      vertex -1.86731 -26.1872 2.7
      vertex -2.45094 -26.5907 2.7
      vertex -2.43787 -26.6174 2.7
    endloop
  endfacet
  facet normal 0 0 1
    outer loop
      vertex -1.86731 -26.1872 2.7
      vertex -2.46313 -26.5631 2.7
      vertex -2.45094 -26.5907 2.7
    endloop
  endfacet
  facet normal -0 0 1
    outer loop
      vertex -2.51349 -26.0132 2.7
      vertex -1.86049 -26.0782 2.7
      vertex -2.49306 -25.9281 2.7
    endloop
  endfacet
  facet normal 0 0 1
    outer loop
      vertex -1.86731 -26.1872 2.7
      vertex -2.47444 -26.5347 2.7
      vertex -2.46313 -26.5631 2.7
    endloop
  endfacet
  facet normal 0 0 1
    outer loop
      vertex -1.86731 -26.1872 2.7
      vertex -2.48488 -26.5054 2.7
      vertex -2.47444 -26.5347 2.7
    endloop
  endfacet
  facet normal 0 0 1
    outer loop
      vertex -1.86049 -26.0782 2.7
      vertex -2.51349 -26.0132 2.7
      vertex -1.86812 -26.1595 2.7
    endloop
  endfacet
  facet normal 0 0 1
    outer loop
      vertex -1.86731 -26.1872 2.7
      vertex -2.49431 -26.4752 2.7
      vertex -2.48488 -26.5054 2.7
    endloop
  endfacet
  facet normal 0 0 1
    outer loop
      vertex -1.86731 -26.1872 2.7
      vertex -2.50264 -26.444 2.7
      vertex -2.49431 -26.4752 2.7
    endloop
  endfacet
  facet normal 0 0 1
    outer loop
      vertex -1.86731 -26.1872 2.7
      vertex -2.50984 -26.4119 2.7
      vertex -2.50264 -26.444 2.7
    endloop
  endfacet
  facet normal 0 0 1
    outer loop
      vertex -1.86812 -26.1595 2.7
      vertex -2.51349 -26.0132 2.7
      vertex -2.52574 -26.1034 2.7
    endloop
  endfacet
  facet normal 0 0 1
    outer loop
      vertex -1.86731 -26.1872 2.7
      vertex -2.51595 -26.3788 2.7
      vertex -2.50984 -26.4119 2.7
    endloop
  endfacet
  facet normal 0 0 1
    outer loop
      vertex -1.86731 -26.1872 2.7
      vertex -2.52095 -26.3447 2.7
      vertex -2.51595 -26.3788 2.7
    endloop
  endfacet
  facet normal 0 0 1
    outer loop
      vertex -1.86731 -26.1872 2.7
      vertex -2.52483 -26.3097 2.7
      vertex -2.52095 -26.3447 2.7
    endloop
  endfacet
  facet normal 0 0 1
    outer loop
      vertex -1.86812 -26.1595 2.7
      vertex -2.52574 -26.1034 2.7
      vertex -2.52982 -26.1987 2.7
    endloop
  endfacet
  facet normal 0 0 1
    outer loop
      vertex -1.86731 -26.1872 2.7
      vertex -2.5276 -26.2737 2.7
      vertex -2.52483 -26.3097 2.7
    endloop
  endfacet
  facet normal 0 0 1
    outer loop
      vertex -1.86731 -26.1872 2.7
      vertex -2.52927 -26.2367 2.7
      vertex -2.5276 -26.2737 2.7
    endloop
  endfacet
  facet normal 0 0 1
    outer loop
      vertex -1.86731 -26.1872 2.7
      vertex -2.52982 -26.1987 2.7
      vertex -2.52927 -26.2367 2.7
    endloop
  endfacet
  facet normal 0 0 1
    outer loop
      vertex -0.518753 -27.6314 2.7
      vertex 0.14621 -27.6068 2.7
      vertex 0.143906 -27.5634 2.7
    endloop
  endfacet
  facet normal 0 0 1
    outer loop
      vertex 0.14621 -27.6068 2.7
      vertex -0.515717 -27.6603 2.7
      vertex 0.146988 -27.6513 2.7
    endloop
  endfacet
  facet normal 0 0 1
    outer loop
      vertex -0.518753 -27.6314 2.7
      vertex 0.143906 -27.5634 2.7
      vertex 0.14006 -27.5213 2.7
    endloop
  endfacet
  facet normal 0 0 1
    outer loop
      vertex -0.523804 -27.6036 2.7
      vertex 0.14006 -27.5213 2.7
      vertex 0.134689 -27.4803 2.7
    endloop
  endfacet
  facet normal 0 -0 1
    outer loop
      vertex -0.514709 -27.6905 2.7
      vertex 0.146988 -27.6513 2.7
      vertex -0.515717 -27.6603 2.7
    endloop
  endfacet
  facet normal 0 0 1
    outer loop
      vertex -0.523804 -27.6036 2.7
      vertex 0.134689 -27.4803 2.7
      vertex 0.127762 -27.4404 2.7
    endloop
  endfacet
  facet normal 0 0 1
    outer loop
      vertex -0.530884 -27.5771 2.7
      vertex 0.127762 -27.4404 2.7
      vertex 0.119308 -27.4018 2.7
    endloop
  endfacet
  facet normal 0 0 1
    outer loop
      vertex -0.530884 -27.5771 2.7
      vertex 0.119308 -27.4018 2.7
      vertex 0.109329 -27.3643 2.7
    endloop
  endfacet
  facet normal 0 0 1
    outer loop
      vertex 0.146988 -27.6513 2.7
      vertex -0.514709 -27.6905 2.7
      vertex 0.142609 -27.7546 2.7
    endloop
  endfacet
  facet normal 0 0 1
    outer loop
      vertex -0.530884 -27.5771 2.7
      vertex 0.109329 -27.3643 2.7
      vertex 0.0977936 -27.3279 2.7
    endloop
  endfacet
  facet normal 0 0 1
    outer loop
      vertex -0.539978 -27.5517 2.7
      vertex 0.0977936 -27.3279 2.7
      vertex 0.0847321 -27.2928 2.7
    endloop
  endfacet
  facet normal 0 0 1
    outer loop
      vertex 0.142609 -27.7546 2.7
      vertex -0.514709 -27.6905 2.7
      vertex 0.129501 -27.8523 2.7
    endloop
  endfacet
  facet normal 0 0 1
    outer loop
      vertex -0.539978 -27.5517 2.7
      vertex 0.0847321 -27.2928 2.7
      vertex 0.0702057 -27.2587 2.7
    endloop
  endfacet
  facet normal 0 0 1
    outer loop
      vertex -0.551102 -27.5276 2.7
      vertex 0.0702057 -27.2587 2.7
      vertex 0.0543213 -27.2258 2.7
    endloop
  endfacet
  facet normal -0 0 1
    outer loop
      vertex -0.523514 -27.7814 2.7
      vertex 0.129501 -27.8523 2.7
      vertex -0.514709 -27.6905 2.7
    endloop
  endfacet
  facet normal 0 0 1
    outer loop
      vertex -0.551102 -27.5276 2.7
      vertex 0.0543213 -27.2258 2.7
      vertex 0.0370789 -27.1939 2.7
    endloop
  endfacet
  facet normal 0 0 1
    outer loop
      vertex -0.551102 -27.5276 2.7
      vertex 0.0370789 -27.1939 2.7
      vertex 0.0184631 -27.1631 2.7
    endloop
  endfacet
  facet normal 0 0 1
    outer loop
      vertex -0.56424 -27.5046 2.7
      vertex 0.0184631 -27.1631 2.7
      vertex -0.00151062 -27.1334 2.7
    endloop
  endfacet
  facet normal 0 0 1
    outer loop
      vertex 0.129501 -27.8523 2.7
      vertex -0.523514 -27.7814 2.7
      vertex 0.107651 -27.9445 2.7
    endloop
  endfacet
  facet normal 0 0 1
    outer loop
      vertex -0.56424 -27.5046 2.7
      vertex -0.00151062 -27.1334 2.7
      vertex -0.0228577 -27.1047 2.7
    endloop
  endfacet
  facet normal 0 0 1
    outer loop
      vertex -0.56424 -27.5046 2.7
      vertex -0.0228577 -27.1047 2.7
      vertex -0.045578 -27.0772 2.7
    endloop
  endfacet
  facet normal 0 0 1
    outer loop
      vertex 0.107651 -27.9445 2.7
      vertex -0.523514 -27.7814 2.7
      vertex 0.0770721 -28.0311 2.7
    endloop
  endfacet
  facet normal 0 0 1
    outer loop
      vertex -0.579407 -27.4828 2.7
      vertex -0.045578 -27.0772 2.7
      vertex -0.0696716 -27.0507 2.7
    endloop
  endfacet
  facet normal 0 0 1
    outer loop
      vertex -0.579407 -27.4828 2.7
      vertex -0.0696716 -27.0507 2.7
      vertex -0.0951233 -27.0253 2.7
    endloop
  endfacet
  facet normal 0 0 1
    outer loop
      vertex -0.579407 -27.4828 2.7
      vertex -0.0951233 -27.0253 2.7
      vertex -0.122284 -27.0008 2.7
    endloop
  endfacet
  facet normal -0 0 1
    outer loop
      vertex -0.549896 -27.8617 2.7
      vertex 0.0770721 -28.0311 2.7
      vertex -0.523514 -27.7814 2.7
    endloop
  endfacet
  facet normal 0 0 1
    outer loop
      vertex -0.596588 -27.4622 2.7
      vertex -0.122284 -27.0008 2.7
      vertex -0.151535 -26.977 2.7
    endloop
  endfacet
  facet normal 0 0 1
    outer loop
      vertex -0.596588 -27.4622 2.7
      vertex -0.151535 -26.977 2.7
      vertex -0.182846 -26.9538 2.7
    endloop
  endfacet
  facet normal 0 0 1
    outer loop
      vertex 0.0770721 -28.0311 2.7
      vertex -0.549896 -27.8617 2.7
      vertex 0.037735 -28.1122 2.7
    endloop
  endfacet
  facet normal 0 0 1
    outer loop
      vertex -0.615601 -27.4426 2.7
      vertex -0.182846 -26.9538 2.7
      vertex -0.216248 -26.9314 2.7
    endloop
  endfacet
  facet normal 0 0 1
    outer loop
      vertex -0.615601 -27.4426 2.7
      vertex -0.216248 -26.9314 2.7
      vertex -0.25174 -26.9096 2.7
    endloop
  endfacet
  facet normal 0 0 1
    outer loop
      vertex -0.636261 -27.4238 2.7
      vertex -0.25174 -26.9096 2.7
      vertex -0.289291 -26.8885 2.7
    endloop
  endfacet
  facet normal 0 0 1
    outer loop
      vertex 0.037735 -28.1122 2.7
      vertex -0.549896 -27.8617 2.7
      vertex -0.0103149 -28.1877 2.7
    endloop
  endfacet
  facet normal 0 0 1
    outer loop
      vertex -0.658569 -27.4056 2.7
      vertex -0.289291 -26.8885 2.7
      vertex -0.328934 -26.8681 2.7
    endloop
  endfacet
  facet normal 0 0 1
    outer loop
      vertex -0.658569 -27.4056 2.7
      vertex -0.328934 -26.8681 2.7
      vertex -0.370651 -26.8484 2.7
    endloop
  endfacet
  facet normal 0 0 1
    outer loop
      vertex -0.0103149 -28.1877 2.7
      vertex -0.549896 -27.8617 2.7
      vertex -0.0671082 -28.2577 2.7
    endloop
  endfacet
  facet normal 0 0 1
    outer loop
      vertex -0.682541 -27.3882 2.7
      vertex -0.370651 -26.8484 2.7
      vertex -0.414444 -26.8293 2.7
    endloop
  endfacet
  facet normal 0 0 1
    outer loop
      vertex -0.70816 -27.3716 2.7
      vertex -0.414444 -26.8293 2.7
      vertex -0.462555 -26.8105 2.7
    endloop
  endfacet
  facet normal -0 0 1
    outer loop
      vertex -0.593872 -27.9313 2.7
      vertex -0.0671082 -28.2577 2.7
      vertex -0.549896 -27.8617 2.7
    endloop
  endfacet
  facet normal 0 0 1
    outer loop
      vertex -0.13266 -28.3221 2.7
      vertex -0.593872 -27.9313 2.7
      vertex -0.20694 -28.381 2.7
    endloop
  endfacet
  facet normal 0 0 1
    outer loop
      vertex -0.0671082 -28.2577 2.7
      vertex -0.593872 -27.9313 2.7
      vertex -0.13266 -28.3221 2.7
    endloop
  endfacet
  facet normal 0 0 1
    outer loop
      vertex -0.735428 -27.3557 2.7
      vertex -0.462555 -26.8105 2.7
      vertex -0.517258 -26.7912 2.7
    endloop
  endfacet
  facet normal 0 0 1
    outer loop
      vertex 0.14621 -27.6068 2.7
      vertex -0.518753 -27.6314 2.7
      vertex -0.515717 -27.6603 2.7
    endloop
  endfacet
  facet normal 0 0 1
    outer loop
      vertex 0.14006 -27.5213 2.7
      vertex -0.523804 -27.6036 2.7
      vertex -0.518753 -27.6314 2.7
    endloop
  endfacet
  facet normal 0 0 1
    outer loop
      vertex 0.127762 -27.4404 2.7
      vertex -0.530884 -27.5771 2.7
      vertex -0.523804 -27.6036 2.7
    endloop
  endfacet
  facet normal 0 0 1
    outer loop
      vertex 0.0977936 -27.3279 2.7
      vertex -0.539978 -27.5517 2.7
      vertex -0.530884 -27.5771 2.7
    endloop
  endfacet
  facet normal 0 0 1
    outer loop
      vertex 0.0702057 -27.2587 2.7
      vertex -0.551102 -27.5276 2.7
      vertex -0.539978 -27.5517 2.7
    endloop
  endfacet
  facet normal 0 0 1
    outer loop
      vertex 0.0184631 -27.1631 2.7
      vertex -0.56424 -27.5046 2.7
      vertex -0.551102 -27.5276 2.7
    endloop
  endfacet
  facet normal 0 0 1
    outer loop
      vertex -0.764343 -27.3405 2.7
      vertex -0.517258 -26.7912 2.7
      vertex -0.578522 -26.7716 2.7
    endloop
  endfacet
  facet normal 0 0 1
    outer loop
      vertex -0.045578 -27.0772 2.7
      vertex -0.579407 -27.4828 2.7
      vertex -0.56424 -27.5046 2.7
    endloop
  endfacet
  facet normal 0 0 1
    outer loop
      vertex -0.122284 -27.0008 2.7
      vertex -0.596588 -27.4622 2.7
      vertex -0.579407 -27.4828 2.7
    endloop
  endfacet
  facet normal 0 0 1
    outer loop
      vertex -0.182846 -26.9538 2.7
      vertex -0.615601 -27.4426 2.7
      vertex -0.596588 -27.4622 2.7
    endloop
  endfacet
  facet normal 0 0 1
    outer loop
      vertex -0.25174 -26.9096 2.7
      vertex -0.636261 -27.4238 2.7
      vertex -0.615601 -27.4426 2.7
    endloop
  endfacet
  facet normal 0 0 1
    outer loop
      vertex -0.794922 -27.3261 2.7
      vertex -0.578522 -26.7716 2.7
      vertex -0.646362 -26.7516 2.7
    endloop
  endfacet
  facet normal 0 0 1
    outer loop
      vertex -0.289291 -26.8885 2.7
      vertex -0.658569 -27.4056 2.7
      vertex -0.636261 -27.4238 2.7
    endloop
  endfacet
  facet normal 0 0 1
    outer loop
      vertex -0.370651 -26.8484 2.7
      vertex -0.682541 -27.3882 2.7
      vertex -0.658569 -27.4056 2.7
    endloop
  endfacet
  facet normal 0 0 1
    outer loop
      vertex -0.414444 -26.8293 2.7
      vertex -0.70816 -27.3716 2.7
      vertex -0.682541 -27.3882 2.7
    endloop
  endfacet
  facet normal 0 0 1
    outer loop
      vertex -0.863556 -27.2987 2.7
      vertex -0.646362 -26.7516 2.7
      vertex -0.720779 -26.7312 2.7
    endloop
  endfacet
  facet normal 0 0 1
    outer loop
      vertex -0.462555 -26.8105 2.7
      vertex -0.735428 -27.3557 2.7
      vertex -0.70816 -27.3716 2.7
    endloop
  endfacet
  facet normal 0 0 1
    outer loop
      vertex -0.517258 -26.7912 2.7
      vertex -0.764343 -27.3405 2.7
      vertex -0.735428 -27.3557 2.7
    endloop
  endfacet
  facet normal 0 0 1
    outer loop
      vertex -0.578522 -26.7716 2.7
      vertex -0.794922 -27.3261 2.7
      vertex -0.764343 -27.3405 2.7
    endloop
  endfacet
  facet normal 0 0 1
    outer loop
      vertex -0.906723 -27.2845 2.7
      vertex -0.720779 -26.7312 2.7
      vertex -0.801773 -26.7105 2.7
    endloop
  endfacet
  facet normal 0 0 1
    outer loop
      vertex -0.646362 -26.7516 2.7
      vertex -0.827133 -27.3124 2.7
      vertex -0.794922 -27.3261 2.7
    endloop
  endfacet
  facet normal 0 0 1
    outer loop
      vertex -0.646362 -26.7516 2.7
      vertex -0.863556 -27.2987 2.7
      vertex -0.827133 -27.3124 2.7
    endloop
  endfacet
  facet normal 0 0 1
    outer loop
      vertex -1.01329 -27.2541 2.7
      vertex -0.801773 -26.7105 2.7
      vertex -0.889343 -26.6894 2.7
    endloop
  endfacet
  facet normal 0 0 1
    outer loop
      vertex -0.720779 -26.7312 2.7
      vertex -0.906723 -27.2845 2.7
      vertex -0.863556 -27.2987 2.7
    endloop
  endfacet
  facet normal 0 0 1
    outer loop
      vertex -0.801773 -26.7105 2.7
      vertex -0.956635 -27.2696 2.7
      vertex -0.906723 -27.2845 2.7
    endloop
  endfacet
  facet normal 0 0 1
    outer loop
      vertex -1.07669 -27.2379 2.7
      vertex -0.889343 -26.6894 2.7
      vertex -0.98349 -26.6679 2.7
    endloop
  endfacet
  facet normal 0 0 1
    outer loop
      vertex -0.801773 -26.7105 2.7
      vertex -1.01329 -27.2541 2.7
      vertex -0.956635 -27.2696 2.7
    endloop
  endfacet
  facet normal 0 0 1
    outer loop
      vertex -0.889343 -26.6894 2.7
      vertex -1.07669 -27.2379 2.7
      vertex -1.01329 -27.2541 2.7
    endloop
  endfacet
  facet normal 0 0 1
    outer loop
      vertex -1.14685 -27.2212 2.7
      vertex -0.98349 -26.6679 2.7
      vertex -1.08421 -26.6461 2.7
    endloop
  endfacet
  facet normal 0 0 1
    outer loop
      vertex -0.98349 -26.6679 2.7
      vertex -1.14685 -27.2212 2.7
      vertex -1.07669 -27.2379 2.7
    endloop
  endfacet
  facet normal 0 0 1
    outer loop
      vertex -1.22374 -27.2038 2.7
      vertex -1.08421 -26.6461 2.7
      vertex -1.16855 -26.6275 2.7
    endloop
  endfacet
  facet normal 0 0 1
    outer loop
      vertex -1.08421 -26.6461 2.7
      vertex -1.22374 -27.2038 2.7
      vertex -1.14685 -27.2212 2.7
    endloop
  endfacet
  facet normal 0 0 1
    outer loop
      vertex -1.30737 -27.1857 2.7
      vertex -1.16855 -26.6275 2.7
      vertex -1.24635 -26.6096 2.7
    endloop
  endfacet
  facet normal 0 0 1
    outer loop
      vertex -1.16855 -26.6275 2.7
      vertex -1.30737 -27.1857 2.7
      vertex -1.22374 -27.2038 2.7
    endloop
  endfacet
  facet normal 0 0 1
    outer loop
      vertex -1.39777 -27.1671 2.7
      vertex -1.24635 -26.6096 2.7
      vertex -1.3176 -26.5924 2.7
    endloop
  endfacet
  facet normal 0 0 1
    outer loop
      vertex -1.47598 -27.1485 2.7
      vertex -1.3176 -26.5924 2.7
      vertex -1.38229 -26.5759 2.7
    endloop
  endfacet
  facet normal 0 0 1
    outer loop
      vertex -1.24635 -26.6096 2.7
      vertex -1.39777 -27.1671 2.7
      vertex -1.30737 -27.1857 2.7
    endloop
  endfacet
  facet normal 0 0 1
    outer loop
      vertex -1.54875 -27.1308 2.7
      vertex -1.38229 -26.5759 2.7
      vertex -1.44044 -26.5602 2.7
    endloop
  endfacet
  facet normal 0 0 1
    outer loop
      vertex -1.3176 -26.5924 2.7
      vertex -1.47598 -27.1485 2.7
      vertex -1.39777 -27.1671 2.7
    endloop
  endfacet
  facet normal 0 0 1
    outer loop
      vertex -1.61604 -27.1139 2.7
      vertex -1.44044 -26.5602 2.7
      vertex -1.49207 -26.5451 2.7
    endloop
  endfacet
  facet normal 0 0 1
    outer loop
      vertex -1.67787 -27.0979 2.7
      vertex -1.49207 -26.5451 2.7
      vertex -1.53712 -26.5308 2.7
    endloop
  endfacet
  facet normal 0 0 1
    outer loop
      vertex -1.38229 -26.5759 2.7
      vertex -1.54875 -27.1308 2.7
      vertex -1.47598 -27.1485 2.7
    endloop
  endfacet
  facet normal 0 0 1
    outer loop
      vertex -1.73424 -27.0826 2.7
      vertex -1.53712 -26.5308 2.7
      vertex -1.57564 -26.5172 2.7
    endloop
  endfacet
  facet normal 0 0 1
    outer loop
      vertex -1.78513 -27.0682 2.7
      vertex -1.57564 -26.5172 2.7
      vertex -1.6076 -26.5043 2.7
    endloop
  endfacet
  facet normal 0 0 1
    outer loop
      vertex -1.44044 -26.5602 2.7
      vertex -1.61604 -27.1139 2.7
      vertex -1.54875 -27.1308 2.7
    endloop
  endfacet
  facet normal 0 0 1
    outer loop
      vertex -1.83057 -27.0546 2.7
      vertex -1.6076 -26.5043 2.7
      vertex -1.63551 -26.4914 2.7
    endloop
  endfacet
  facet normal 0 0 1
    outer loop
      vertex -1.87053 -27.0419 2.7
      vertex -1.63551 -26.4914 2.7
      vertex -1.66185 -26.478 2.7
    endloop
  endfacet
  facet normal 0 0 1
    outer loop
      vertex -1.49207 -26.5451 2.7
      vertex -1.67787 -27.0979 2.7
      vertex -1.61604 -27.1139 2.7
    endloop
  endfacet
  facet normal 0 0 1
    outer loop
      vertex -1.90504 -27.0299 2.7
      vertex -1.66185 -26.478 2.7
      vertex -1.68663 -26.4639 2.7
    endloop
  endfacet
  facet normal 0 0 1
    outer loop
      vertex -1.90504 -27.0299 2.7
      vertex -1.68663 -26.4639 2.7
      vertex -1.70984 -26.4493 2.7
    endloop
  endfacet
  facet normal 0 0 1
    outer loop
      vertex -1.90504 -27.0299 2.7
      vertex -1.70984 -26.4493 2.7
      vertex -1.73149 -26.434 2.7
    endloop
  endfacet
  facet normal 0 0 1
    outer loop
      vertex -1.53712 -26.5308 2.7
      vertex -1.73424 -27.0826 2.7
      vertex -1.67787 -27.0979 2.7
    endloop
  endfacet
  facet normal 0 0 1
    outer loop
      vertex -1.90504 -27.0299 2.7
      vertex -1.73149 -26.434 2.7
      vertex -1.75157 -26.4182 2.7
    endloop
  endfacet
  facet normal 0 0 1
    outer loop
      vertex -1.90504 -27.0299 2.7
      vertex -1.75157 -26.4182 2.7
      vertex -1.77008 -26.4017 2.7
    endloop
  endfacet
  facet normal 0 0 1
    outer loop
      vertex -1.57564 -26.5172 2.7
      vertex -1.78513 -27.0682 2.7
      vertex -1.73424 -27.0826 2.7
    endloop
  endfacet
  facet normal 0 0 1
    outer loop
      vertex -1.90504 -27.0299 2.7
      vertex -1.77008 -26.4017 2.7
      vertex -1.78703 -26.3847 2.7
    endloop
  endfacet
  facet normal 0 0 1
    outer loop
      vertex -1.90504 -27.0299 2.7
      vertex -1.78703 -26.3847 2.7
      vertex -1.80243 -26.3671 2.7
    endloop
  endfacet
  facet normal 0 0 1
    outer loop
      vertex -1.90504 -27.0299 2.7
      vertex -1.80243 -26.3671 2.7
      vertex -1.81621 -26.3486 2.7
    endloop
  endfacet
  facet normal 0 0 1
    outer loop
      vertex -1.90504 -27.0299 2.7
      vertex -1.81621 -26.3486 2.7
      vertex -1.82838 -26.3289 2.7
    endloop
  endfacet
  facet normal 0 0 1
    outer loop
      vertex -1.6076 -26.5043 2.7
      vertex -1.83057 -27.0546 2.7
      vertex -1.78513 -27.0682 2.7
    endloop
  endfacet
  facet normal 0 0 1
    outer loop
      vertex -1.90504 -27.0299 2.7
      vertex -1.82838 -26.3289 2.7
      vertex -1.83891 -26.3082 2.7
    endloop
  endfacet
  facet normal 0 0 1
    outer loop
      vertex -1.90504 -27.0299 2.7
      vertex -1.83891 -26.3082 2.7
      vertex -1.84784 -26.2862 2.7
    endloop
  endfacet
  facet normal 0 0 1
    outer loop
      vertex -1.90504 -27.0299 2.7
      vertex -1.84784 -26.2862 2.7
      vertex -1.85513 -26.2632 2.7
    endloop
  endfacet
  facet normal 0 0 1
    outer loop
      vertex -1.90504 -27.0299 2.7
      vertex -1.85513 -26.2632 2.7
      vertex -1.86081 -26.239 2.7
    endloop
  endfacet
  facet normal 0 0 1
    outer loop
      vertex -1.90504 -27.0299 2.7
      vertex -1.86081 -26.239 2.7
      vertex -1.86487 -26.2136 2.7
    endloop
  endfacet
  facet normal 0 0 1
    outer loop
      vertex -1.90504 -27.0299 2.7
      vertex -1.86487 -26.2136 2.7
      vertex -1.86731 -26.1872 2.7
    endloop
  endfacet
  facet normal 0 0 1
    outer loop
      vertex -1.63551 -26.4914 2.7
      vertex -1.87053 -27.0419 2.7
      vertex -1.83057 -27.0546 2.7
    endloop
  endfacet
  facet normal 0 0 1
    outer loop
      vertex -2.52982 -26.1987 2.7
      vertex -1.86731 -26.1872 2.7
      vertex -1.86812 -26.1595 2.7
    endloop
  endfacet
  facet normal 0 0 1
    outer loop
      vertex -0.20694 -28.381 2.7
      vertex -0.593872 -27.9313 2.7
      vertex -0.289673 -28.434 2.7
    endloop
  endfacet
  facet normal -0 0 1
    outer loop
      vertex -0.655441 -27.9902 2.7
      vertex -0.289673 -28.434 2.7
      vertex -0.593872 -27.9313 2.7
    endloop
  endfacet
  facet normal 0 0 1
    outer loop
      vertex -0.289673 -28.434 2.7
      vertex -0.655441 -27.9902 2.7
      vertex -0.380569 -28.4808 2.7
    endloop
  endfacet
  facet normal 0 0 1
    outer loop
      vertex -0.380569 -28.4808 2.7
      vertex -0.655441 -27.9902 2.7
      vertex -0.479645 -28.5213 2.7
    endloop
  endfacet
  facet normal -0 0 1
    outer loop
      vertex -0.734604 -28.0383 2.7
      vertex -0.479645 -28.5213 2.7
      vertex -0.655441 -27.9902 2.7
    endloop
  endfacet
  facet normal 0 0 1
    outer loop
      vertex -0.479645 -28.5213 2.7
      vertex -0.734604 -28.0383 2.7
      vertex -0.586884 -28.5556 2.7
    endloop
  endfacet
  facet normal -0 0 1
    outer loop
      vertex -0.831345 -28.0758 2.7
      vertex -0.586884 -28.5556 2.7
      vertex -0.734604 -28.0383 2.7
    endloop
  endfacet
  facet normal 0 0 1
    outer loop
      vertex -0.586884 -28.5556 2.7
      vertex -0.831345 -28.0758 2.7
      vertex -0.702286 -28.5836 2.7
    endloop
  endfacet
  facet normal 0 0 1
    outer loop
      vertex -0.702286 -28.5836 2.7
      vertex -0.831345 -28.0758 2.7
      vertex -0.825867 -28.6054 2.7
    endloop
  endfacet
  facet normal -0 0 1
    outer loop
      vertex -0.945694 -28.1025 2.7
      vertex -0.825867 -28.6054 2.7
      vertex -0.831345 -28.0758 2.7
    endloop
  endfacet
  facet normal 0 0 1
    outer loop
      vertex -0.945694 -28.1025 2.7
      vertex -0.957611 -28.621 2.7
      vertex -0.825867 -28.6054 2.7
    endloop
  endfacet
  facet normal -0 0 1
    outer loop
      vertex -1.07762 -28.1186 2.7
      vertex -0.957611 -28.621 2.7
      vertex -0.945694 -28.1025 2.7
    endloop
  endfacet
  facet normal 0 0 1
    outer loop
      vertex -1.07762 -28.1186 2.7
      vertex -1.09752 -28.6304 2.7
      vertex -0.957611 -28.621 2.7
    endloop
  endfacet
  facet normal -0 0 1
    outer loop
      vertex -1.22714 -28.1239 2.7
      vertex -1.09752 -28.6304 2.7
      vertex -1.07762 -28.1186 2.7
    endloop
  endfacet
  facet normal 0 0 1
    outer loop
      vertex -1.22714 -28.1239 2.7
      vertex -1.24561 -28.6335 2.7
      vertex -1.09752 -28.6304 2.7
    endloop
  endfacet
  facet normal 0 0 1
    outer loop
      vertex -1.30164 -28.1225 2.7
      vertex -1.24561 -28.6335 2.7
      vertex -1.22714 -28.1239 2.7
    endloop
  endfacet
  facet normal 0 0 1
    outer loop
      vertex -1.38113 -28.6307 2.7
      vertex -1.30164 -28.1225 2.7
      vertex -1.37244 -28.1182 2.7
    endloop
  endfacet
  facet normal 0 0 1
    outer loop
      vertex -1.30164 -28.1225 2.7
      vertex -1.38113 -28.6307 2.7
      vertex -1.24561 -28.6335 2.7
    endloop
  endfacet
  facet normal 0 0 1
    outer loop
      vertex -1.50998 -28.6225 2.7
      vertex -1.37244 -28.1182 2.7
      vertex -1.43953 -28.111 2.7
    endloop
  endfacet
  facet normal 0 0 1
    outer loop
      vertex -1.50998 -28.6225 2.7
      vertex -1.43953 -28.111 2.7
      vertex -1.50291 -28.101 2.7
    endloop
  endfacet
  facet normal 0 0 1
    outer loop
      vertex -1.37244 -28.1182 2.7
      vertex -1.50998 -28.6225 2.7
      vertex -1.38113 -28.6307 2.7
    endloop
  endfacet
  facet normal 0 0 1
    outer loop
      vertex -1.63219 -28.6089 2.7
      vertex -1.50291 -28.101 2.7
      vertex -1.56261 -28.088 2.7
    endloop
  endfacet
  facet normal 0 0 1
    outer loop
      vertex -1.74771 -28.5898 2.7
      vertex -1.56261 -28.088 2.7
      vertex -1.61861 -28.0722 2.7
    endloop
  endfacet
  facet normal 0 0 1
    outer loop
      vertex -1.50291 -28.101 2.7
      vertex -1.63219 -28.6089 2.7
      vertex -1.50998 -28.6225 2.7
    endloop
  endfacet
  facet normal 0 0 1
    outer loop
      vertex -1.74771 -28.5898 2.7
      vertex -1.61861 -28.0722 2.7
      vertex -1.6709 -28.0535 2.7
    endloop
  endfacet
  facet normal 0 0 1
    outer loop
      vertex -1.8566 -28.5652 2.7
      vertex -1.6709 -28.0535 2.7
      vertex -1.71948 -28.032 2.7
    endloop
  endfacet
  facet normal 0 0 1
    outer loop
      vertex -1.56261 -28.088 2.7
      vertex -1.74771 -28.5898 2.7
      vertex -1.63219 -28.6089 2.7
    endloop
  endfacet
  facet normal 0 0 1
    outer loop
      vertex -1.9588 -28.5351 2.7
      vertex -1.71948 -28.032 2.7
      vertex -1.76437 -28.0075 2.7
    endloop
  endfacet
  facet normal 0 0 1
    outer loop
      vertex -2.05437 -28.4996 2.7
      vertex -1.76437 -28.0075 2.7
      vertex -1.80585 -27.9799 2.7
    endloop
  endfacet
  facet normal 0 0 1
    outer loop
      vertex -2.14325 -28.4586 2.7
      vertex -1.80585 -27.9799 2.7
      vertex -1.84419 -27.9488 2.7
    endloop
  endfacet
  facet normal 0 0 1
    outer loop
      vertex -1.6709 -28.0535 2.7
      vertex -1.8566 -28.5652 2.7
      vertex -1.74771 -28.5898 2.7
    endloop
  endfacet
  facet normal 0 0 1
    outer loop
      vertex -2.22549 -28.4121 2.7
      vertex -1.84419 -27.9488 2.7
      vertex -1.87939 -27.9141 2.7
    endloop
  endfacet
  facet normal 0 0 1
    outer loop
      vertex -2.30125 -28.3601 2.7
      vertex -1.87939 -27.9141 2.7
      vertex -1.91147 -27.876 2.7
    endloop
  endfacet
  facet normal 0 0 1
    outer loop
      vertex -2.43402 -28.2392 2.7
      vertex -1.91147 -27.876 2.7
      vertex -1.94041 -27.8344 2.7
    endloop
  endfacet
  facet normal 0 0 1
    outer loop
      vertex -1.71948 -28.032 2.7
      vertex -1.9588 -28.5351 2.7
      vertex -1.8566 -28.5652 2.7
    endloop
  endfacet
  facet normal 0 0 1
    outer loop
      vertex -2.491 -28.1703 2.7
      vertex -1.94041 -27.8344 2.7
      vertex -1.96623 -27.7892 2.7
    endloop
  endfacet
  facet normal 0 0 1
    outer loop
      vertex -2.54173 -28.0957 2.7
      vertex -1.96623 -27.7892 2.7
      vertex -1.98892 -27.7406 2.7
    endloop
  endfacet
  facet normal 0 0 1
    outer loop
      vertex -2.62439 -27.9297 2.7
      vertex -1.98892 -27.7406 2.7
      vertex -2.00847 -27.6885 2.7
    endloop
  endfacet
  facet normal 0 0 1
    outer loop
      vertex -2.65633 -27.8383 2.7
      vertex -2.00847 -27.6885 2.7
      vertex -2.02489 -27.6329 2.7
    endloop
  endfacet
  facet normal 0 0 1
    outer loop
      vertex -1.76437 -28.0075 2.7
      vertex -2.05437 -28.4996 2.7
      vertex -1.9588 -28.5351 2.7
    endloop
  endfacet
  facet normal 0 0 1
    outer loop
      vertex -1.80585 -27.9799 2.7
      vertex -2.14325 -28.4586 2.7
      vertex -2.05437 -28.4996 2.7
    endloop
  endfacet
  facet normal 0 0 1
    outer loop
      vertex -1.84419 -27.9488 2.7
      vertex -2.22549 -28.4121 2.7
      vertex -2.14325 -28.4586 2.7
    endloop
  endfacet
  facet normal 0 0 1
    outer loop
      vertex -1.87939 -27.9141 2.7
      vertex -2.30125 -28.3601 2.7
      vertex -2.22549 -28.4121 2.7
    endloop
  endfacet
  facet normal 0 0 1
    outer loop
      vertex -1.91147 -27.876 2.7
      vertex -2.37077 -28.3025 2.7
      vertex -2.30125 -28.3601 2.7
    endloop
  endfacet
  facet normal 0 0 1
    outer loop
      vertex -1.91147 -27.876 2.7
      vertex -2.43402 -28.2392 2.7
      vertex -2.37077 -28.3025 2.7
    endloop
  endfacet
  facet normal 0 0 1
    outer loop
      vertex -1.94041 -27.8344 2.7
      vertex -2.491 -28.1703 2.7
      vertex -2.43402 -28.2392 2.7
    endloop
  endfacet
  facet normal 0 0 1
    outer loop
      vertex -1.96623 -27.7892 2.7
      vertex -2.54173 -28.0957 2.7
      vertex -2.491 -28.1703 2.7
    endloop
  endfacet
  facet normal 0 0 1
    outer loop
      vertex -1.98892 -27.7406 2.7
      vertex -2.5862 -28.0156 2.7
      vertex -2.54173 -28.0957 2.7
    endloop
  endfacet
  facet normal 0 0 1
    outer loop
      vertex -1.98892 -27.7406 2.7
      vertex -2.62439 -27.9297 2.7
      vertex -2.5862 -28.0156 2.7
    endloop
  endfacet
  facet normal 0 0 1
    outer loop
      vertex -2.00847 -27.6885 2.7
      vertex -2.65633 -27.8383 2.7
      vertex -2.62439 -27.9297 2.7
    endloop
  endfacet
  facet normal 0 -0 1
    outer loop
      vertex -2.65633 -27.8383 2.7
      vertex -2.02489 -27.6329 2.7
      vertex -2.68201 -27.7412 2.7
    endloop
  endfacet
  facet normal -0 0 1
    outer loop
      vertex -7.47067 -26.8256 2.7
      vertex -6.78256 -26.9389 2.7
      vertex -6.7881 -26.7717 2.7
    endloop
  endfacet
  facet normal 0 0 1
    outer loop
      vertex -6.78256 -26.9389 2.7
      vertex -7.46732 -26.9389 2.7
      vertex -6.78499 -27.049 2.7
    endloop
  endfacet
  facet normal 0 0 1
    outer loop
      vertex -7.4705 -27.0515 2.7
      vertex -6.78499 -27.049 2.7
      vertex -7.46732 -26.9389 2.7
    endloop
  endfacet
  facet normal -0 0 1
    outer loop
      vertex -7.48076 -26.7185 2.7
      vertex -6.7881 -26.7717 2.7
      vertex -6.80476 -26.6133 2.7
    endloop
  endfacet
  facet normal 0 0 1
    outer loop
      vertex -6.78499 -27.049 2.7
      vertex -7.4705 -27.0515 2.7
      vertex -6.7923 -27.1559 2.7
    endloop
  endfacet
  facet normal 0 0 1
    outer loop
      vertex -7.49754 -26.6175 2.7
      vertex -6.80476 -26.6133 2.7
      vertex -6.83252 -26.4638 2.7
    endloop
  endfacet
  facet normal 0 0 1
    outer loop
      vertex -7.48007 -27.1587 2.7
      vertex -6.7923 -27.1559 2.7
      vertex -7.4705 -27.0515 2.7
    endloop
  endfacet
  facet normal 0 0 1
    outer loop
      vertex -6.7923 -27.1559 2.7
      vertex -7.48007 -27.1587 2.7
      vertex -6.80446 -27.2597 2.7
    endloop
  endfacet
  facet normal 0 0 1
    outer loop
      vertex -7.52106 -26.5226 2.7
      vertex -6.83252 -26.4638 2.7
      vertex -6.87137 -26.3231 2.7
    endloop
  endfacet
  facet normal 0 0 1
    outer loop
      vertex -6.80446 -27.2597 2.7
      vertex -7.48007 -27.1587 2.7
      vertex -6.8215 -27.3604 2.7
    endloop
  endfacet
  facet normal 0 0 1
    outer loop
      vertex -7.52106 -26.5226 2.7
      vertex -6.87137 -26.3231 2.7
      vertex -6.92133 -26.1913 2.7
    endloop
  endfacet
  facet normal -0 0 1
    outer loop
      vertex -7.496 -27.2606 2.7
      vertex -6.8215 -27.3604 2.7
      vertex -7.48007 -27.1587 2.7
    endloop
  endfacet
  facet normal 0 0 1
    outer loop
      vertex -6.8215 -27.3604 2.7
      vertex -7.496 -27.2606 2.7
      vertex -6.8434 -27.4578 2.7
    endloop
  endfacet
  facet normal 0 0 1
    outer loop
      vertex -7.55128 -26.4338 2.7
      vertex -6.92133 -26.1913 2.7
      vertex -6.98239 -26.0684 2.7
    endloop
  endfacet
  facet normal -0 0 1
    outer loop
      vertex -7.51833 -27.3572 2.7
      vertex -6.8434 -27.4578 2.7
      vertex -7.496 -27.2606 2.7
    endloop
  endfacet
  facet normal 0 0 1
    outer loop
      vertex -7.58824 -26.3512 2.7
      vertex -6.98239 -26.0684 2.7
      vertex -7.05455 -25.9543 2.7
    endloop
  endfacet
  facet normal 0 0 1
    outer loop
      vertex -6.8434 -27.4578 2.7
      vertex -7.51833 -27.3572 2.7
      vertex -6.87018 -27.5521 2.7
    endloop
  endfacet
  facet normal 0 0 1
    outer loop
      vertex -6.87018 -27.5521 2.7
      vertex -7.51833 -27.3572 2.7
      vertex -6.90181 -27.6433 2.7
    endloop
  endfacet
  facet normal 0 0 1
    outer loop
      vertex -7.6319 -26.2747 2.7
      vertex -7.05455 -25.9543 2.7
      vertex -7.1378 -25.849 2.7
    endloop
  endfacet
  facet normal -0 0 1
    outer loop
      vertex -7.54701 -27.4484 2.7
      vertex -6.90181 -27.6433 2.7
      vertex -7.51833 -27.3572 2.7
    endloop
  endfacet
  facet normal 0 0 1
    outer loop
      vertex -7.68228 -26.2043 2.7
      vertex -7.1378 -25.849 2.7
      vertex -7.23218 -25.7526 2.7
    endloop
  endfacet
  facet normal 0 0 1
    outer loop
      vertex -6.90181 -27.6433 2.7
      vertex -7.54701 -27.4484 2.7
      vertex -6.93831 -27.7313 2.7
    endloop
  endfacet
  facet normal -0 0 1
    outer loop
      vertex -7.58209 -27.5342 2.7
      vertex -6.93831 -27.7313 2.7
      vertex -7.54701 -27.4484 2.7
    endloop
  endfacet
  facet normal 0 0 1
    outer loop
      vertex -7.73938 -26.14 2.7
      vertex -7.23218 -25.7526 2.7
      vertex -7.33667 -25.6658 2.7
    endloop
  endfacet
  facet normal 0 0 1
    outer loop
      vertex -6.93831 -27.7313 2.7
      vertex -7.58209 -27.5342 2.7
      vertex -6.97969 -27.8161 2.7
    endloop
  endfacet
  facet normal 0 0 1
    outer loop
      vertex -7.73938 -26.14 2.7
      vertex -7.33667 -25.6658 2.7
      vertex -7.45032 -25.5891 2.7
    endloop
  endfacet
  facet normal 0 0 1
    outer loop
      vertex -6.97969 -27.8161 2.7
      vertex -7.58209 -27.5342 2.7
      vertex -7.02551 -27.8972 2.7
    endloop
  endfacet
  facet normal -0 0 1
    outer loop
      vertex -7.62354 -27.6147 2.7
      vertex -7.02551 -27.8972 2.7
      vertex -7.58209 -27.5342 2.7
    endloop
  endfacet
  facet normal 0 0 1
    outer loop
      vertex -6.78256 -26.9389 2.7
      vertex -7.47067 -26.8256 2.7
      vertex -7.46732 -26.9389 2.7
    endloop
  endfacet
  facet normal 0 0 1
    outer loop
      vertex -6.7881 -26.7717 2.7
      vertex -7.48076 -26.7185 2.7
      vertex -7.47067 -26.8256 2.7
    endloop
  endfacet
  facet normal 0 0 1
    outer loop
      vertex -6.80476 -26.6133 2.7
      vertex -7.49754 -26.6175 2.7
      vertex -7.48076 -26.7185 2.7
    endloop
  endfacet
  facet normal 0 0 1
    outer loop
      vertex -6.83252 -26.4638 2.7
      vertex -7.52106 -26.5226 2.7
      vertex -7.49754 -26.6175 2.7
    endloop
  endfacet
  facet normal 0 0 1
    outer loop
      vertex -6.92133 -26.1913 2.7
      vertex -7.55128 -26.4338 2.7
      vertex -7.52106 -26.5226 2.7
    endloop
  endfacet
  facet normal 0 0 1
    outer loop
      vertex -7.80272 -26.0821 2.7
      vertex -7.45032 -25.5891 2.7
      vertex -7.57314 -25.5227 2.7
    endloop
  endfacet
  facet normal 0 0 1
    outer loop
      vertex -6.98239 -26.0684 2.7
      vertex -7.58824 -26.3512 2.7
      vertex -7.55128 -26.4338 2.7
    endloop
  endfacet
  facet normal 0 0 1
    outer loop
      vertex -7.05455 -25.9543 2.7
      vertex -7.6319 -26.2747 2.7
      vertex -7.58824 -26.3512 2.7
    endloop
  endfacet
  facet normal 0 0 1
    outer loop
      vertex -7.1378 -25.849 2.7
      vertex -7.68228 -26.2043 2.7
      vertex -7.6319 -26.2747 2.7
    endloop
  endfacet
  facet normal 0 0 1
    outer loop
      vertex -7.87181 -26.0311 2.7
      vertex -7.57314 -25.5227 2.7
      vertex -7.70512 -25.4665 2.7
    endloop
  endfacet
  facet normal 0 0 1
    outer loop
      vertex -7.23218 -25.7526 2.7
      vertex -7.73938 -26.14 2.7
      vertex -7.68228 -26.2043 2.7
    endloop
  endfacet
  facet normal 0 0 1
    outer loop
      vertex -7.45032 -25.5891 2.7
      vertex -7.80272 -26.0821 2.7
      vertex -7.73938 -26.14 2.7
    endloop
  endfacet
  facet normal 0 0 1
    outer loop
      vertex -7.94664 -25.9869 2.7
      vertex -7.70512 -25.4665 2.7
      vertex -7.84628 -25.4205 2.7
    endloop
  endfacet
  facet normal 0 0 1
    outer loop
      vertex -7.57314 -25.5227 2.7
      vertex -7.87181 -26.0311 2.7
      vertex -7.80272 -26.0821 2.7
    endloop
  endfacet
  facet normal 0 0 1
    outer loop
      vertex -7.70512 -25.4665 2.7
      vertex -7.94664 -25.9869 2.7
      vertex -7.87181 -26.0311 2.7
    endloop
  endfacet
  facet normal 0 0 1
    outer loop
      vertex -8.11356 -25.9189 2.7
      vertex -7.84628 -25.4205 2.7
      vertex -7.9966 -25.3847 2.7
    endloop
  endfacet
  facet normal 0 0 1
    outer loop
      vertex -7.84628 -25.4205 2.7
      vertex -8.02722 -25.9495 2.7
      vertex -7.94664 -25.9869 2.7
    endloop
  endfacet
  facet normal 0 0 1
    outer loop
      vertex -7.84628 -25.4205 2.7
      vertex -8.11356 -25.9189 2.7
      vertex -8.02722 -25.9495 2.7
    endloop
  endfacet
  facet normal 0 0 1
    outer loop
      vertex -8.20564 -25.895 2.7
      vertex -7.9966 -25.3847 2.7
      vertex -8.15608 -25.3592 2.7
    endloop
  endfacet
  facet normal 0 0 1
    outer loop
      vertex -7.9966 -25.3847 2.7
      vertex -8.20564 -25.895 2.7
      vertex -8.11356 -25.9189 2.7
    endloop
  endfacet
  facet normal 0 0 1
    outer loop
      vertex -8.15608 -25.3592 2.7
      vertex -8.30347 -25.878 2.7
      vertex -8.20564 -25.895 2.7
    endloop
  endfacet
  facet normal 0 0 1
    outer loop
      vertex -8.32474 -25.3439 2.7
      vertex -8.30347 -25.878 2.7
      vertex -8.15608 -25.3592 2.7
    endloop
  endfacet
  facet normal 0 0 1
    outer loop
      vertex -8.32474 -25.3439 2.7
      vertex -8.40706 -25.8678 2.7
      vertex -8.30347 -25.878 2.7
    endloop
  endfacet
  facet normal 0 0 1
    outer loop
      vertex -8.50255 -25.3387 2.7
      vertex -8.40706 -25.8678 2.7
      vertex -8.32474 -25.3439 2.7
    endloop
  endfacet
  facet normal 0 0 1
    outer loop
      vertex -8.50255 -25.3387 2.7
      vertex -8.51639 -25.8644 2.7
      vertex -8.40706 -25.8678 2.7
    endloop
  endfacet
  facet normal 0 0 1
    outer loop
      vertex -8.50255 -25.3387 2.7
      vertex -8.99828 -25.8644 2.7
      vertex -8.51639 -25.8644 2.7
    endloop
  endfacet
  facet normal -0 0 1
    outer loop
      vertex -9.67844 -25.4838 2.7
      vertex -8.99828 -25.8644 2.7
      vertex -9.63703 -25.3387 2.7
    endloop
  endfacet
  facet normal -0 0 1
    outer loop
      vertex -9.63703 -25.3387 2.7
      vertex -8.99828 -25.8644 2.7
      vertex -8.50255 -25.3387 2.7
    endloop
  endfacet
  facet normal 0 0 1
    outer loop
      vertex -7.02551 -27.8972 2.7
      vertex -7.62354 -27.6147 2.7
      vertex -7.07539 -27.974 2.7
    endloop
  endfacet
  facet normal 0 0 1
    outer loop
      vertex -7.07539 -27.974 2.7
      vertex -7.62354 -27.6147 2.7
      vertex -7.1293 -28.0463 2.7
    endloop
  endfacet
  facet normal -0 0 1
    outer loop
      vertex -7.67136 -27.6899 2.7
      vertex -7.1293 -28.0463 2.7
      vertex -7.62354 -27.6147 2.7
    endloop
  endfacet
  facet normal 0 0 1
    outer loop
      vertex -7.1293 -28.0463 2.7
      vertex -7.67136 -27.6899 2.7
      vertex -7.18726 -28.1143 2.7
    endloop
  endfacet
  facet normal 0 0 1
    outer loop
      vertex -7.18726 -28.1143 2.7
      vertex -7.67136 -27.6899 2.7
      vertex -7.24925 -28.178 2.7
    endloop
  endfacet
  facet normal -0 0 1
    outer loop
      vertex -7.72554 -27.7597 2.7
      vertex -7.24925 -28.178 2.7
      vertex -7.67136 -27.6899 2.7
    endloop
  endfacet
  facet normal 0 0 1
    outer loop
      vertex -7.24925 -28.178 2.7
      vertex -7.72554 -27.7597 2.7
      vertex -7.31529 -28.2373 2.7
    endloop
  endfacet
  facet normal -0 0 1
    outer loop
      vertex -7.78516 -27.8231 2.7
      vertex -7.31529 -28.2373 2.7
      vertex -7.72554 -27.7597 2.7
    endloop
  endfacet
  facet normal 0 0 1
    outer loop
      vertex -7.31529 -28.2373 2.7
      vertex -7.78516 -27.8231 2.7
      vertex -7.38538 -28.2922 2.7
    endloop
  endfacet
  facet normal 0 0 1
    outer loop
      vertex -7.38538 -28.2922 2.7
      vertex -7.78516 -27.8231 2.7
      vertex -7.4595 -28.3428 2.7
    endloop
  endfacet
  facet normal -0 0 1
    outer loop
      vertex -7.8492 -27.879 2.7
      vertex -7.4595 -28.3428 2.7
      vertex -7.78516 -27.8231 2.7
    endloop
  endfacet
  facet normal 0 0 1
    outer loop
      vertex -7.4595 -28.3428 2.7
      vertex -7.8492 -27.879 2.7
      vertex -7.53766 -28.3891 2.7
    endloop
  endfacet
  facet normal 0 0 1
    outer loop
      vertex -7.53766 -28.3891 2.7
      vertex -7.8492 -27.879 2.7
      vertex -7.61914 -28.4307 2.7
    endloop
  endfacet
  facet normal -0 0 1
    outer loop
      vertex -7.91768 -27.9275 2.7
      vertex -7.61914 -28.4307 2.7
      vertex -7.8492 -27.879 2.7
    endloop
  endfacet
  facet normal 0 0 1
    outer loop
      vertex -7.61914 -28.4307 2.7
      vertex -7.91768 -27.9275 2.7
      vertex -7.7032 -28.4674 2.7
    endloop
  endfacet
  facet normal -0 0 1
    outer loop
      vertex -7.99062 -27.9685 2.7
      vertex -7.7032 -28.4674 2.7
      vertex -7.91768 -27.9275 2.7
    endloop
  endfacet
  facet normal 0 0 1
    outer loop
      vertex -7.7032 -28.4674 2.7
      vertex -7.99062 -27.9685 2.7
      vertex -7.78987 -28.4992 2.7
    endloop
  endfacet
  facet normal 0 0 1
    outer loop
      vertex -7.78987 -28.4992 2.7
      vertex -7.99062 -27.9685 2.7
      vertex -7.87912 -28.5262 2.7
    endloop
  endfacet
  facet normal -0 0 1
    outer loop
      vertex -8.06798 -28.002 2.7
      vertex -7.87912 -28.5262 2.7
      vertex -7.99062 -27.9685 2.7
    endloop
  endfacet
  facet normal 0 0 1
    outer loop
      vertex -7.87912 -28.5262 2.7
      vertex -8.06798 -28.002 2.7
      vertex -7.97096 -28.5482 2.7
    endloop
  endfacet
  facet normal -0 0 1
    outer loop
      vertex -8.1498 -28.0281 2.7
      vertex -7.97096 -28.5482 2.7
      vertex -8.06798 -28.002 2.7
    endloop
  endfacet
  facet normal 0 0 1
    outer loop
      vertex -7.97096 -28.5482 2.7
      vertex -8.1498 -28.0281 2.7
      vertex -8.06538 -28.5653 2.7
    endloop
  endfacet
  facet normal -0 0 1
    outer loop
      vertex -8.23604 -28.0468 2.7
      vertex -8.06538 -28.5653 2.7
      vertex -8.1498 -28.0281 2.7
    endloop
  endfacet
  facet normal 0 0 1
    outer loop
      vertex -8.06538 -28.5653 2.7
      vertex -8.23604 -28.0468 2.7
      vertex -8.16241 -28.5776 2.7
    endloop
  endfacet
  facet normal 0 0 1
    outer loop
      vertex -8.23604 -28.0468 2.7
      vertex -8.26202 -28.5849 2.7
      vertex -8.16241 -28.5776 2.7
    endloop
  endfacet
  facet normal -0 0 1
    outer loop
      vertex -8.32674 -28.058 2.7
      vertex -8.26202 -28.5849 2.7
      vertex -8.23604 -28.0468 2.7
    endloop
  endfacet
  facet normal 0 0 1
    outer loop
      vertex -8.32674 -28.058 2.7
      vertex -8.36424 -28.5874 2.7
      vertex -8.26202 -28.5849 2.7
    endloop
  endfacet
  facet normal -0 0 1
    outer loop
      vertex -8.42186 -28.0617 2.7
      vertex -8.36424 -28.5874 2.7
      vertex -8.32674 -28.058 2.7
    endloop
  endfacet
  facet normal -0 0 1
    outer loop
      vertex -8.99828 -28.0617 2.7
      vertex -8.36424 -28.5874 2.7
      vertex -8.42186 -28.0617 2.7
    endloop
  endfacet
  facet normal 0 0 1
    outer loop
      vertex -8.99828 -25.8644 2.7
      vertex -9.67844 -25.4838 2.7
      vertex -8.99828 -28.0617 2.7
    endloop
  endfacet
  facet normal 0 0 1
    outer loop
      vertex -8.99828 -28.0617 2.7
      vertex -9.67844 -28.5874 2.7
      vertex -8.36424 -28.5874 2.7
    endloop
  endfacet
  facet normal 0 0 1
    outer loop
      vertex -9.67844 -28.5874 2.7
      vertex -8.99828 -28.0617 2.7
      vertex -9.67844 -25.4838 2.7
    endloop
  endfacet
  facet normal -0 0 1
    outer loop
      vertex -6.06454 -27.4438 2.7
      vertex -5.11461 -27.9257 2.7
      vertex -5.11461 -27.4438 2.7
    endloop
  endfacet
  facet normal 0 0 1
    outer loop
      vertex -6.59253 -27.9257 2.7
      vertex -6.06454 -27.4438 2.7
      vertex -6.59253 -27.4391 2.7
    endloop
  endfacet
  facet normal 0 0 1
    outer loop
      vertex -6.06454 -27.4438 2.7
      vertex -6.59253 -27.9257 2.7
      vertex -5.11461 -27.9257 2.7
    endloop
  endfacet
  facet normal -0 0 1
    outer loop
      vertex -5.11461 -26.3809 2.7
      vertex -4.49669 -27.4438 2.7
      vertex -4.49669 -25.3387 2.7
    endloop
  endfacet
  facet normal 0 0 1
    outer loop
      vertex -5.11461 -27.4438 2.7
      vertex -4.49669 -27.4438 2.7
      vertex -5.11461 -26.3809 2.7
    endloop
  endfacet
  facet normal 0 0 1
    outer loop
      vertex -5.09608 -25.948 2.7
      vertex -4.49669 -25.3387 2.7
      vertex -5.09387 -25.9244 2.7
    endloop
  endfacet
  facet normal 0 0 1
    outer loop
      vertex -5.22066 -25.3387 2.7
      vertex -5.10838 -25.9545 2.7
      vertex -5.09387 -25.9244 2.7
    endloop
  endfacet
  facet normal 0 0 1
    outer loop
      vertex -5.10838 -25.9545 2.7
      vertex -5.22066 -25.3387 2.7
      vertex -5.12529 -25.9875 2.7
    endloop
  endfacet
  facet normal 0 0 1
    outer loop
      vertex -5.12529 -25.9875 2.7
      vertex -5.22066 -25.3387 2.7
      vertex -5.14459 -26.0233 2.7
    endloop
  endfacet
  facet normal 0 0 1
    outer loop
      vertex -5.14459 -26.0233 2.7
      vertex -5.22066 -25.3387 2.7
      vertex -5.16628 -26.0619 2.7
    endloop
  endfacet
  facet normal 0 0 1
    outer loop
      vertex -5.16628 -26.0619 2.7
      vertex -5.22066 -25.3387 2.7
      vertex -5.19035 -26.1034 2.7
    endloop
  endfacet
  facet normal -0 0 1
    outer loop
      vertex -5.22066 -25.3387 2.7
      vertex -5.09387 -25.9244 2.7
      vertex -4.49669 -25.3387 2.7
    endloop
  endfacet
  facet normal 0 0 1
    outer loop
      vertex -5.19035 -26.1034 2.7
      vertex -5.22066 -25.3387 2.7
      vertex -5.21683 -26.1478 2.7
    endloop
  endfacet
  facet normal 0 0 1
    outer loop
      vertex -5.22066 -25.3387 2.7
      vertex -5.2457 -26.195 2.7
      vertex -5.21683 -26.1478 2.7
    endloop
  endfacet
  facet normal 0 0 1
    outer loop
      vertex -5.22066 -25.3387 2.7
      vertex -5.27695 -26.245 2.7
      vertex -5.2457 -26.195 2.7
    endloop
  endfacet
  facet normal 0 0 1
    outer loop
      vertex -5.22066 -25.3387 2.7
      vertex -5.31059 -26.2979 2.7
      vertex -5.27695 -26.245 2.7
    endloop
  endfacet
  facet normal 0 0 1
    outer loop
      vertex -6.59253 -27.4391 2.7
      vertex -5.31059 -26.2979 2.7
      vertex -5.22066 -25.3387 2.7
    endloop
  endfacet
  facet normal 0 0 1
    outer loop
      vertex -5.31059 -26.2979 2.7
      vertex -6.59253 -27.4391 2.7
      vertex -6.06454 -27.4438 2.7
    endloop
  endfacet
  facet normal -0 0 1
    outer loop
      vertex -4.49669 -27.4438 2.7
      vertex -4.06323 -27.9257 2.7
      vertex -4.06323 -27.4438 2.7
    endloop
  endfacet
  facet normal 0 0 1
    outer loop
      vertex -4.06323 -27.9257 2.7
      vertex -4.49669 -27.4438 2.7
      vertex -4.49669 -27.9257 2.7
    endloop
  endfacet
  facet normal 0 0 1
    outer loop
      vertex -5.09608 -25.948 2.7
      vertex -5.09387 -25.9244 2.7
      vertex -5.09494 -25.9349 2.7
    endloop
  endfacet
  facet normal 0 0 1
    outer loop
      vertex -4.49669 -25.3387 2.7
      vertex -5.09608 -25.948 2.7
      vertex -5.09732 -25.9636 2.7
    endloop
  endfacet
  facet normal 0 0 1
    outer loop
      vertex -5.09865 -25.9818 2.7
      vertex -4.49669 -25.3387 2.7
      vertex -5.09732 -25.9636 2.7
    endloop
  endfacet
  facet normal 0 0 1
    outer loop
      vertex -5.10005 -26.0025 2.7
      vertex -4.49669 -25.3387 2.7
      vertex -5.09865 -25.9818 2.7
    endloop
  endfacet
  facet normal 0 0 1
    outer loop
      vertex -5.10155 -26.0258 2.7
      vertex -4.49669 -25.3387 2.7
      vertex -5.10005 -26.0025 2.7
    endloop
  endfacet
  facet normal 0 0 1
    outer loop
      vertex -5.10313 -26.0517 2.7
      vertex -4.49669 -25.3387 2.7
      vertex -5.10155 -26.0258 2.7
    endloop
  endfacet
  facet normal 0 0 1
    outer loop
      vertex -5.1048 -26.0802 2.7
      vertex -4.49669 -25.3387 2.7
      vertex -5.10313 -26.0517 2.7
    endloop
  endfacet
  facet normal 0 0 1
    outer loop
      vertex -5.10655 -26.1112 2.7
      vertex -4.49669 -25.3387 2.7
      vertex -5.1048 -26.0802 2.7
    endloop
  endfacet
  facet normal 0 0 1
    outer loop
      vertex -5.10825 -26.1432 2.7
      vertex -4.49669 -25.3387 2.7
      vertex -5.10655 -26.1112 2.7
    endloop
  endfacet
  facet normal 0 0 1
    outer loop
      vertex -5.10974 -26.1747 2.7
      vertex -4.49669 -25.3387 2.7
      vertex -5.10825 -26.1432 2.7
    endloop
  endfacet
  facet normal 0 0 1
    outer loop
      vertex -5.11104 -26.2057 2.7
      vertex -4.49669 -25.3387 2.7
      vertex -5.10974 -26.1747 2.7
    endloop
  endfacet
  facet normal 0 0 1
    outer loop
      vertex -5.11212 -26.2362 2.7
      vertex -4.49669 -25.3387 2.7
      vertex -5.11104 -26.2057 2.7
    endloop
  endfacet
  facet normal 0 0 1
    outer loop
      vertex -5.11302 -26.2661 2.7
      vertex -4.49669 -25.3387 2.7
      vertex -5.11212 -26.2362 2.7
    endloop
  endfacet
  facet normal 0 0 1
    outer loop
      vertex -5.11372 -26.2956 2.7
      vertex -4.49669 -25.3387 2.7
      vertex -5.11302 -26.2661 2.7
    endloop
  endfacet
  facet normal 0 0 1
    outer loop
      vertex -5.11421 -26.3245 2.7
      vertex -4.49669 -25.3387 2.7
      vertex -5.11372 -26.2956 2.7
    endloop
  endfacet
  facet normal 0 0 1
    outer loop
      vertex -5.11452 -26.353 2.7
      vertex -4.49669 -25.3387 2.7
      vertex -5.11421 -26.3245 2.7
    endloop
  endfacet
  facet normal 0 0 1
    outer loop
      vertex -5.11461 -26.3809 2.7
      vertex -4.49669 -25.3387 2.7
      vertex -5.11452 -26.353 2.7
    endloop
  endfacet
  facet normal 0 0 1
    outer loop
      vertex -4.49669 -27.4438 2.7
      vertex -5.11461 -27.4438 2.7
      vertex -4.49669 -27.9257 2.7
    endloop
  endfacet
  facet normal 0 0 1
    outer loop
      vertex -5.11461 -27.9257 2.7
      vertex -4.49669 -27.9257 2.7
      vertex -5.11461 -27.4438 2.7
    endloop
  endfacet
  facet normal 0 0 1
    outer loop
      vertex -4.49669 -27.9257 2.7
      vertex -5.11461 -27.9257 2.7
      vertex -4.49669 -28.5874 2.7
    endloop
  endfacet
  facet normal 0 0 1
    outer loop
      vertex -4.49669 -28.5874 2.7
      vertex -5.11461 -27.9257 2.7
      vertex -5.11461 -28.5874 2.7
    endloop
  endfacet
  facet normal 0 0 1
    outer loop
      vertex 6.87364 -28.5874 2.7
      vertex 5.91219 -27.7573 2.7
      vertex 6.20041 -28.5874 2.7
    endloop
  endfacet
  facet normal 0 0 1
    outer loop
      vertex 6.87364 -28.5874 2.7
      vertex 5.76001 -27.2455 2.7
      vertex 5.91219 -27.7573 2.7
    endloop
  endfacet
  facet normal 0 0 1
    outer loop
      vertex 5.69316 -25.3387 2.7
      vertex 5.76001 -27.2455 2.7
      vertex 6.87364 -28.5874 2.7
    endloop
  endfacet
  facet normal 0 0 1
    outer loop
      vertex 5.69316 -25.3387 2.7
      vertex 5.43953 -26.3117 2.7
      vertex 5.76001 -27.2455 2.7
    endloop
  endfacet
  facet normal 0 0 1
    outer loop
      vertex 5.69316 -25.3387 2.7
      vertex 5.34041 -25.9982 2.7
      vertex 5.43953 -26.3117 2.7
    endloop
  endfacet
  facet normal 0 0 1
    outer loop
      vertex 5.69316 -25.3387 2.7
      vertex 5.29196 -25.8391 2.7
      vertex 5.34041 -25.9982 2.7
    endloop
  endfacet
  facet normal 0 0 1
    outer loop
      vertex 4.89079 -25.3387 2.7
      vertex 5.27815 -25.8898 2.7
      vertex 5.29196 -25.8391 2.7
    endloop
  endfacet
  facet normal 0 0 1
    outer loop
      vertex 5.27815 -25.8898 2.7
      vertex 4.89079 -25.3387 2.7
      vertex 5.27292 -25.9085 2.7
    endloop
  endfacet
  facet normal 0 0 1
    outer loop
      vertex 5.27292 -25.9085 2.7
      vertex 4.89079 -25.3387 2.7
      vertex 5.26744 -25.9278 2.7
    endloop
  endfacet
  facet normal 0 0 1
    outer loop
      vertex 5.26744 -25.9278 2.7
      vertex 4.89079 -25.3387 2.7
      vertex 5.26175 -25.9477 2.7
    endloop
  endfacet
  facet normal 0 0 1
    outer loop
      vertex 5.26175 -25.9477 2.7
      vertex 4.89079 -25.3387 2.7
      vertex 5.25583 -25.9681 2.7
    endloop
  endfacet
  facet normal 0 0 1
    outer loop
      vertex 5.25583 -25.9681 2.7
      vertex 4.89079 -25.3387 2.7
      vertex 5.24968 -25.9892 2.7
    endloop
  endfacet
  facet normal 0 0 1
    outer loop
      vertex 5.24968 -25.9892 2.7
      vertex 4.89079 -25.3387 2.7
      vertex 5.2433 -26.0107 2.7
    endloop
  endfacet
  facet normal 0 0 1
    outer loop
      vertex 5.2433 -26.0107 2.7
      vertex 4.89079 -25.3387 2.7
      vertex 5.23669 -26.0329 2.7
    endloop
  endfacet
  facet normal 0 0 1
    outer loop
      vertex 5.23669 -26.0329 2.7
      vertex 4.89079 -25.3387 2.7
      vertex 5.22986 -26.0556 2.7
    endloop
  endfacet
  facet normal 0 0 1
    outer loop
      vertex 5.22986 -26.0556 2.7
      vertex 4.89079 -25.3387 2.7
      vertex 5.22281 -26.0789 2.7
    endloop
  endfacet
  facet normal 0 0 1
    outer loop
      vertex 5.22281 -26.0789 2.7
      vertex 4.89079 -25.3387 2.7
      vertex 5.21153 -26.1142 2.7
    endloop
  endfacet
  facet normal 0 0 1
    outer loop
      vertex 5.21153 -26.1142 2.7
      vertex 4.89079 -25.3387 2.7
      vertex 5.19206 -26.1731 2.7
    endloop
  endfacet
  facet normal 0 0 1
    outer loop
      vertex 5.19206 -26.1731 2.7
      vertex 4.89079 -25.3387 2.7
      vertex 5.1644 -26.2556 2.7
    endloop
  endfacet
  facet normal 0 0 1
    outer loop
      vertex 5.1644 -26.2556 2.7
      vertex 4.89079 -25.3387 2.7
      vertex 5.12854 -26.3617 2.7
    endloop
  endfacet
  facet normal 0 0 1
    outer loop
      vertex 5.12854 -26.3617 2.7
      vertex 4.89079 -25.3387 2.7
      vertex 5.08447 -26.4913 2.7
    endloop
  endfacet
  facet normal 0 0 1
    outer loop
      vertex 5.08447 -26.4913 2.7
      vertex 4.89079 -25.3387 2.7
      vertex 5.03221 -26.6445 2.7
    endloop
  endfacet
  facet normal 0 0 1
    outer loop
      vertex 5.03221 -26.6445 2.7
      vertex 4.89079 -25.3387 2.7
      vertex 4.97176 -26.8213 2.7
    endloop
  endfacet
  facet normal -0 0 1
    outer loop
      vertex 4.89079 -25.3387 2.7
      vertex 5.29196 -25.8391 2.7
      vertex 5.69316 -25.3387 2.7
    endloop
  endfacet
  facet normal 0 0 1
    outer loop
      vertex 4.97176 -26.8213 2.7
      vertex 4.89079 -25.3387 2.7
      vertex 4.90309 -27.0216 2.7
    endloop
  endfacet
  facet normal 0 0 1
    outer loop
      vertex 4.89079 -25.3387 2.7
      vertex 4.82623 -27.2455 2.7
      vertex 4.90309 -27.0216 2.7
    endloop
  endfacet
  facet normal 0 0 1
    outer loop
      vertex 3.70569 -28.5874 2.7
      vertex 4.82623 -27.2455 2.7
      vertex 4.89079 -25.3387 2.7
    endloop
  endfacet
  facet normal 0 0 1
    outer loop
      vertex 4.82623 -27.2455 2.7
      vertex 3.70569 -28.5874 2.7
      vertex 4.67409 -27.7573 2.7
    endloop
  endfacet
  facet normal 0 0 1
    outer loop
      vertex 4.67409 -27.7573 2.7
      vertex 3.70569 -28.5874 2.7
      vertex 4.38586 -28.5874 2.7
    endloop
  endfacet
  facet normal -0 0 1
    outer loop
      vertex 4.82623 -27.2455 2.7
      vertex 5.91219 -27.7573 2.7
      vertex 5.76001 -27.2455 2.7
    endloop
  endfacet
  facet normal 0 0 1
    outer loop
      vertex 5.91219 -27.7573 2.7
      vertex 4.82623 -27.2455 2.7
      vertex 4.67409 -27.7573 2.7
    endloop
  endfacet
  facet normal -0 0 1
    outer loop
      vertex 2.74559 -27.2271 2.7
      vertex 3.34967 -28.5874 2.7
      vertex 3.34967 -25.3387 2.7
    endloop
  endfacet
  facet normal 0 0 1
    outer loop
      vertex 3.34967 -28.5874 2.7
      vertex 2.77837 -27.7845 2.7
      vertex 2.78708 -27.8611 2.7
    endloop
  endfacet
  facet normal 0 0 1
    outer loop
      vertex 3.34967 -28.5874 2.7
      vertex 2.77069 -27.7094 2.7
      vertex 2.77837 -27.7845 2.7
    endloop
  endfacet
  facet normal 0 0 1
    outer loop
      vertex 3.34967 -28.5874 2.7
      vertex 2.76402 -27.6359 2.7
      vertex 2.77069 -27.7094 2.7
    endloop
  endfacet
  facet normal 0 0 1
    outer loop
      vertex 3.34967 -28.5874 2.7
      vertex 2.75839 -27.5639 2.7
      vertex 2.76402 -27.6359 2.7
    endloop
  endfacet
  facet normal 0 0 1
    outer loop
      vertex 3.34967 -28.5874 2.7
      vertex 2.75378 -27.4935 2.7
      vertex 2.75839 -27.5639 2.7
    endloop
  endfacet
  facet normal 0 0 1
    outer loop
      vertex 3.34967 -28.5874 2.7
      vertex 2.7502 -27.4246 2.7
      vertex 2.75378 -27.4935 2.7
    endloop
  endfacet
  facet normal 0 0 1
    outer loop
      vertex 3.34967 -28.5874 2.7
      vertex 2.74765 -27.3572 2.7
      vertex 2.7502 -27.4246 2.7
    endloop
  endfacet
  facet normal 0 0 1
    outer loop
      vertex 3.34967 -28.5874 2.7
      vertex 2.74611 -27.2914 2.7
      vertex 2.74765 -27.3572 2.7
    endloop
  endfacet
  facet normal 0 0 1
    outer loop
      vertex 2.74559 -27.2271 2.7
      vertex 3.34967 -25.3387 2.7
      vertex 2.74559 -25.3387 2.7
    endloop
  endfacet
  facet normal 0 0 1
    outer loop
      vertex 3.34967 -28.5874 2.7
      vertex 2.74559 -27.2271 2.7
      vertex 2.74611 -27.2914 2.7
    endloop
  endfacet
  facet normal 0 0 1
    outer loop
      vertex 2.78708 -27.8611 2.7
      vertex 2.5519 -28.5874 2.7
      vertex 3.34967 -28.5874 2.7
    endloop
  endfacet
  facet normal -0 0 1
    outer loop
      vertex 1.13628 -26.0858 2.7
      vertex 2.78708 -27.8611 2.7
      vertex 1.35068 -25.3387 2.7
    endloop
  endfacet
  facet normal 0 0 1
    outer loop
      vertex 2.78708 -27.8611 2.7
      vertex 1.13628 -26.0858 2.7
      vertex 2.5519 -28.5874 2.7
    endloop
  endfacet
  facet normal 0 -0 1
    outer loop
      vertex 1.13628 -26.0858 2.7
      vertex 1.35068 -25.3387 2.7
      vertex 0.573669 -25.3387 2.7
    endloop
  endfacet
  facet normal 0 0 1
    outer loop
      vertex 0.573669 -25.3387 2.7
      vertex 1.17775 -26.6714 2.7
      vertex 1.17725 -26.6205 2.7
    endloop
  endfacet
  facet normal 0 0 1
    outer loop
      vertex 0.573669 -25.3387 2.7
      vertex 1.17725 -26.6205 2.7
      vertex 1.1757 -26.566 2.7
    endloop
  endfacet
  facet normal 0 0 1
    outer loop
      vertex 0.573669 -25.3387 2.7
      vertex 1.1757 -26.566 2.7
      vertex 1.17314 -26.508 2.7
    endloop
  endfacet
  facet normal 0 0 1
    outer loop
      vertex 0.573669 -25.3387 2.7
      vertex 1.17314 -26.508 2.7
      vertex 1.16956 -26.4464 2.7
    endloop
  endfacet
  facet normal 0 0 1
    outer loop
      vertex 0.573669 -25.3387 2.7
      vertex 1.16956 -26.4464 2.7
      vertex 1.16495 -26.3813 2.7
    endloop
  endfacet
  facet normal 0 0 1
    outer loop
      vertex 0.573669 -25.3387 2.7
      vertex 1.16495 -26.3813 2.7
      vertex 1.15932 -26.3128 2.7
    endloop
  endfacet
  facet normal 0 0 1
    outer loop
      vertex 0.573669 -25.3387 2.7
      vertex 1.15932 -26.3128 2.7
      vertex 1.15266 -26.2406 2.7
    endloop
  endfacet
  facet normal 0 0 1
    outer loop
      vertex 0.573669 -25.3387 2.7
      vertex 1.15266 -26.2406 2.7
      vertex 1.14497 -26.165 2.7
    endloop
  endfacet
  facet normal 0 0 1
    outer loop
      vertex 0.573669 -25.3387 2.7
      vertex 1.14497 -26.165 2.7
      vertex 1.13628 -26.0858 2.7
    endloop
  endfacet
  facet normal 0 0 1
    outer loop
      vertex 1.17775 -26.6714 2.7
      vertex 0.573669 -25.3387 2.7
      vertex 0.573669 -28.5874 2.7
    endloop
  endfacet
  facet normal 0 0 1
    outer loop
      vertex 1.17775 -26.6714 2.7
      vertex 0.573669 -28.5874 2.7
      vertex 1.17775 -28.5874 2.7
    endloop
  endfacet
  facet normal 0 0 1
    outer loop
      vertex 9.22176 -26.3786 2.7
      vertex 9.90652 -26.3671 2.7
      vertex 9.90263 -26.2607 2.7
    endloop
  endfacet
  facet normal 0 0 1
    outer loop
      vertex 9.90652 -26.3671 2.7
      vertex 9.22176 -26.3786 2.7
      vertex 9.90475 -26.4359 2.7
    endloop
  endfacet
  facet normal 0 0 1
    outer loop
      vertex 9.21429 -26.2712 2.7
      vertex 9.90263 -26.2607 2.7
      vertex 9.89098 -26.1598 2.7
    endloop
  endfacet
  facet normal -0 0 1
    outer loop
      vertex 9.21988 -26.4355 2.7
      vertex 9.90475 -26.4359 2.7
      vertex 9.22176 -26.3786 2.7
    endloop
  endfacet
  facet normal 0 0 1
    outer loop
      vertex 9.90475 -26.4359 2.7
      vertex 9.21988 -26.4355 2.7
      vertex 9.89946 -26.5031 2.7
    endloop
  endfacet
  facet normal 0 0 1
    outer loop
      vertex 9.21429 -26.2712 2.7
      vertex 9.89098 -26.1598 2.7
      vertex 9.87155 -26.0644 2.7
    endloop
  endfacet
  facet normal 0 0 1
    outer loop
      vertex 9.89946 -26.5031 2.7
      vertex 9.21988 -26.4355 2.7
      vertex 9.89062 -26.5687 2.7
    endloop
  endfacet
  facet normal 0 0 1
    outer loop
      vertex 9.19193 -26.1764 2.7
      vertex 9.87155 -26.0644 2.7
      vertex 9.84435 -25.9745 2.7
    endloop
  endfacet
  facet normal -0 0 1
    outer loop
      vertex 9.21425 -26.4893 2.7
      vertex 9.89062 -26.5687 2.7
      vertex 9.21988 -26.4355 2.7
    endloop
  endfacet
  facet normal 0 0 1
    outer loop
      vertex 9.89062 -26.5687 2.7
      vertex 9.21425 -26.4893 2.7
      vertex 9.87828 -26.6326 2.7
    endloop
  endfacet
  facet normal 0 0 1
    outer loop
      vertex 9.19193 -26.1764 2.7
      vertex 9.84435 -25.9745 2.7
      vertex 9.80937 -25.8901 2.7
    endloop
  endfacet
  facet normal -0 0 1
    outer loop
      vertex 9.20485 -26.5401 2.7
      vertex 9.87828 -26.6326 2.7
      vertex 9.21425 -26.4893 2.7
    endloop
  endfacet
  facet normal 0 0 1
    outer loop
      vertex 9.19193 -26.1764 2.7
      vertex 9.80937 -25.8901 2.7
      vertex 9.76663 -25.8111 2.7
    endloop
  endfacet
  facet normal 0 0 1
    outer loop
      vertex 9.87828 -26.6326 2.7
      vertex 9.20485 -26.5401 2.7
      vertex 9.8624 -26.6948 2.7
    endloop
  endfacet
  facet normal 0 0 1
    outer loop
      vertex 9.8624 -26.6948 2.7
      vertex 9.20485 -26.5401 2.7
      vertex 9.84297 -26.7554 2.7
    endloop
  endfacet
  facet normal 0 0 1
    outer loop
      vertex 9.15463 -26.0942 2.7
      vertex 9.76663 -25.8111 2.7
      vertex 9.71613 -25.7377 2.7
    endloop
  endfacet
  facet normal -0 0 1
    outer loop
      vertex 9.1917 -26.5879 2.7
      vertex 9.84297 -26.7554 2.7
      vertex 9.20485 -26.5401 2.7
    endloop
  endfacet
  facet normal 0 0 1
    outer loop
      vertex 9.15463 -26.0942 2.7
      vertex 9.71613 -25.7377 2.7
      vertex 9.65784 -25.6698 2.7
    endloop
  endfacet
  facet normal 0 0 1
    outer loop
      vertex 9.84297 -26.7554 2.7
      vertex 9.1917 -26.5879 2.7
      vertex 9.82002 -26.8144 2.7
    endloop
  endfacet
  facet normal 0 0 1
    outer loop
      vertex 9.82002 -26.8144 2.7
      vertex 9.1917 -26.5879 2.7
      vertex 9.79355 -26.8717 2.7
    endloop
  endfacet
  facet normal 0 0 1
    outer loop
      vertex 9.15463 -26.0942 2.7
      vertex 9.65784 -25.6698 2.7
      vertex 9.59178 -25.6073 2.7
    endloop
  endfacet
  facet normal -0 0 1
    outer loop
      vertex 9.17479 -26.6326 2.7
      vertex 9.79355 -26.8717 2.7
      vertex 9.1917 -26.5879 2.7
    endloop
  endfacet
  facet normal 0 0 1
    outer loop
      vertex 9.10243 -26.0247 2.7
      vertex 9.59178 -25.6073 2.7
      vertex 9.51852 -25.551 2.7
    endloop
  endfacet
  facet normal 0 0 1
    outer loop
      vertex 9.79355 -26.8717 2.7
      vertex 9.17479 -26.6326 2.7
      vertex 9.76355 -26.9273 2.7
    endloop
  endfacet
  facet normal 0 0 1
    outer loop
      vertex 9.76355 -26.9273 2.7
      vertex 9.17479 -26.6326 2.7
      vertex 9.73026 -26.9808 2.7
    endloop
  endfacet
  facet normal 0 0 1
    outer loop
      vertex 9.10243 -26.0247 2.7
      vertex 9.51852 -25.551 2.7
      vertex 9.43864 -25.5012 2.7
    endloop
  endfacet
  facet normal -0 0 1
    outer loop
      vertex 9.15411 -26.6742 2.7
      vertex 9.73026 -26.9808 2.7
      vertex 9.17479 -26.6326 2.7
    endloop
  endfacet
  facet normal 0 0 1
    outer loop
      vertex 9.73026 -26.9808 2.7
      vertex 9.15411 -26.6742 2.7
      vertex 9.69392 -27.0314 2.7
    endloop
  endfacet
  facet normal 0 0 1
    outer loop
      vertex 9.03531 -25.9678 2.7
      vertex 9.43864 -25.5012 2.7
      vertex 9.35213 -25.4581 2.7
    endloop
  endfacet
  facet normal 0 0 1
    outer loop
      vertex 9.69392 -27.0314 2.7
      vertex 9.15411 -26.6742 2.7
      vertex 9.65456 -27.0794 2.7
    endloop
  endfacet
  facet normal 0 0 1
    outer loop
      vertex 9.03531 -25.9678 2.7
      vertex 9.35213 -25.4581 2.7
      vertex 9.25899 -25.4216 2.7
    endloop
  endfacet
  facet normal -0 0 1
    outer loop
      vertex 9.1297 -26.7128 2.7
      vertex 9.65456 -27.0794 2.7
      vertex 9.15411 -26.6742 2.7
    endloop
  endfacet
  facet normal 0 0 1
    outer loop
      vertex 9.65456 -27.0794 2.7
      vertex 9.1297 -26.7128 2.7
      vertex 9.61212 -27.1245 2.7
    endloop
  endfacet
  facet normal 0 0 1
    outer loop
      vertex 9.90263 -26.2607 2.7
      vertex 9.21429 -26.2712 2.7
      vertex 9.22176 -26.3786 2.7
    endloop
  endfacet
  facet normal 0 0 1
    outer loop
      vertex 9.87155 -26.0644 2.7
      vertex 9.19193 -26.1764 2.7
      vertex 9.21429 -26.2712 2.7
    endloop
  endfacet
  facet normal 0 0 1
    outer loop
      vertex 8.95328 -25.9236 2.7
      vertex 9.25899 -25.4216 2.7
      vertex 9.15921 -25.3918 2.7
    endloop
  endfacet
  facet normal 0 0 1
    outer loop
      vertex 9.76663 -25.8111 2.7
      vertex 9.15463 -26.0942 2.7
      vertex 9.19193 -26.1764 2.7
    endloop
  endfacet
  facet normal 0 0 1
    outer loop
      vertex 9.59178 -25.6073 2.7
      vertex 9.10243 -26.0247 2.7
      vertex 9.15463 -26.0942 2.7
    endloop
  endfacet
  facet normal 0 0 1
    outer loop
      vertex 8.95328 -25.9236 2.7
      vertex 9.15921 -25.3918 2.7
      vertex 9.0528 -25.3686 2.7
    endloop
  endfacet
  facet normal 0 0 1
    outer loop
      vertex 9.43864 -25.5012 2.7
      vertex 9.03531 -25.9678 2.7
      vertex 9.10243 -26.0247 2.7
    endloop
  endfacet
  facet normal 0 0 1
    outer loop
      vertex 9.25899 -25.4216 2.7
      vertex 8.95328 -25.9236 2.7
      vertex 9.03531 -25.9678 2.7
    endloop
  endfacet
  facet normal 0 0 1
    outer loop
      vertex 8.85632 -25.892 2.7
      vertex 9.0528 -25.3686 2.7
      vertex 8.93976 -25.352 2.7
    endloop
  endfacet
  facet normal 0 0 1
    outer loop
      vertex 9.0528 -25.3686 2.7
      vertex 8.85632 -25.892 2.7
      vertex 8.95328 -25.9236 2.7
    endloop
  endfacet
  facet normal 0 0 1
    outer loop
      vertex 8.82008 -25.3421 2.7
      vertex 8.85632 -25.892 2.7
      vertex 8.93976 -25.352 2.7
    endloop
  endfacet
  facet normal 0 0 1
    outer loop
      vertex 8.82008 -25.3421 2.7
      vertex 8.74446 -25.8731 2.7
      vertex 8.85632 -25.892 2.7
    endloop
  endfacet
  facet normal 0 0 1
    outer loop
      vertex 8.69377 -25.3387 2.7
      vertex 8.74446 -25.8731 2.7
      vertex 8.82008 -25.3421 2.7
    endloop
  endfacet
  facet normal 0 0 1
    outer loop
      vertex 8.69377 -25.3387 2.7
      vertex 8.61768 -25.8667 2.7
      vertex 8.74446 -25.8731 2.7
    endloop
  endfacet
  facet normal 0 0 1
    outer loop
      vertex 8.69377 -25.3387 2.7
      vertex 7.91446 -25.8667 2.7
      vertex 8.61768 -25.8667 2.7
    endloop
  endfacet
  facet normal 0 0 1
    outer loop
      vertex 7.23428 -25.3387 2.7
      vertex 7.91446 -26.9204 2.7
      vertex 7.91446 -25.8667 2.7
    endloop
  endfacet
  facet normal 0 0 1
    outer loop
      vertex 7.23428 -28.5874 2.7
      vertex 7.91446 -26.9204 2.7
      vertex 7.23428 -25.3387 2.7
    endloop
  endfacet
  facet normal -0 0 1
    outer loop
      vertex 7.23428 -25.3387 2.7
      vertex 7.91446 -25.8667 2.7
      vertex 8.69377 -25.3387 2.7
    endloop
  endfacet
  facet normal 0 0 1
    outer loop
      vertex 7.91446 -26.9204 2.7
      vertex 7.23428 -28.5874 2.7
      vertex 7.91446 -27.4438 2.7
    endloop
  endfacet
  facet normal 0 0 1
    outer loop
      vertex 7.91446 -27.4438 2.7
      vertex 7.23428 -28.5874 2.7
      vertex 7.91446 -28.5874 2.7
    endloop
  endfacet
  facet normal 0 0 1
    outer loop
      vertex 9.61212 -27.1245 2.7
      vertex 9.1297 -26.7128 2.7
      vertex 9.56667 -27.1669 2.7
    endloop
  endfacet
  facet normal -0 0 1
    outer loop
      vertex 9.10152 -26.7484 2.7
      vertex 9.56667 -27.1669 2.7
      vertex 9.1297 -26.7128 2.7
    endloop
  endfacet
  facet normal 0 0 1
    outer loop
      vertex 9.56667 -27.1669 2.7
      vertex 9.10152 -26.7484 2.7
      vertex 9.51814 -27.2066 2.7
    endloop
  endfacet
  facet normal 0 0 1
    outer loop
      vertex 9.51814 -27.2066 2.7
      vertex 9.10152 -26.7484 2.7
      vertex 9.46658 -27.2434 2.7
    endloop
  endfacet
  facet normal -0 0 1
    outer loop
      vertex 9.06958 -26.7809 2.7
      vertex 9.46658 -27.2434 2.7
      vertex 9.10152 -26.7484 2.7
    endloop
  endfacet
  facet normal 0 0 1
    outer loop
      vertex 9.46658 -27.2434 2.7
      vertex 9.06958 -26.7809 2.7
      vertex 9.41197 -27.2775 2.7
    endloop
  endfacet
  facet normal -0 0 1
    outer loop
      vertex 9.03416 -26.8102 2.7
      vertex 9.41197 -27.2775 2.7
      vertex 9.06958 -26.7809 2.7
    endloop
  endfacet
  facet normal 0 0 1
    outer loop
      vertex 9.41197 -27.2775 2.7
      vertex 9.03416 -26.8102 2.7
      vertex 9.35432 -27.3089 2.7
    endloop
  endfacet
  facet normal 0 0 1
    outer loop
      vertex 9.35432 -27.3089 2.7
      vertex 9.03416 -26.8102 2.7
      vertex 9.29391 -27.3372 2.7
    endloop
  endfacet
  facet normal -0 0 1
    outer loop
      vertex 8.99556 -26.836 2.7
      vertex 9.29391 -27.3372 2.7
      vertex 9.03416 -26.8102 2.7
    endloop
  endfacet
  facet normal 0 0 1
    outer loop
      vertex 9.29391 -27.3372 2.7
      vertex 8.99556 -26.836 2.7
      vertex 9.23102 -27.3622 2.7
    endloop
  endfacet
  facet normal 0 0 1
    outer loop
      vertex 9.23102 -27.3622 2.7
      vertex 8.99556 -26.836 2.7
      vertex 9.16565 -27.3838 2.7
    endloop
  endfacet
  facet normal -0 0 1
    outer loop
      vertex 8.95378 -26.8584 2.7
      vertex 9.16565 -27.3838 2.7
      vertex 8.99556 -26.836 2.7
    endloop
  endfacet
  facet normal 0 0 1
    outer loop
      vertex 9.16565 -27.3838 2.7
      vertex 8.95378 -26.8584 2.7
      vertex 9.09781 -27.4021 2.7
    endloop
  endfacet
  facet normal -0 0 1
    outer loop
      vertex 8.9088 -26.8774 2.7
      vertex 9.09781 -27.4021 2.7
      vertex 8.95378 -26.8584 2.7
    endloop
  endfacet
  facet normal 0 0 1
    outer loop
      vertex 9.09781 -27.4021 2.7
      vertex 8.9088 -26.8774 2.7
      vertex 9.02748 -27.4171 2.7
    endloop
  endfacet
  facet normal -0 0 1
    outer loop
      vertex 8.86064 -26.8929 2.7
      vertex 9.02748 -27.4171 2.7
      vertex 8.9088 -26.8774 2.7
    endloop
  endfacet
  facet normal 0 0 1
    outer loop
      vertex 9.02748 -27.4171 2.7
      vertex 8.86064 -26.8929 2.7
      vertex 8.95468 -27.4288 2.7
    endloop
  endfacet
  facet normal -0 0 1
    outer loop
      vertex 8.80928 -26.9049 2.7
      vertex 8.95468 -27.4288 2.7
      vertex 8.86064 -26.8929 2.7
    endloop
  endfacet
  facet normal 0 0 1
    outer loop
      vertex 8.95468 -27.4288 2.7
      vertex 8.80928 -26.9049 2.7
      vertex 8.87941 -27.4371 2.7
    endloop
  endfacet
  facet normal 0 0 1
    outer loop
      vertex 8.80928 -26.9049 2.7
      vertex 8.80165 -27.4421 2.7
      vertex 8.87941 -27.4371 2.7
    endloop
  endfacet
  facet normal -0 0 1
    outer loop
      vertex 8.75475 -26.9135 2.7
      vertex 8.80165 -27.4421 2.7
      vertex 8.80928 -26.9049 2.7
    endloop
  endfacet
  facet normal 0 0 1
    outer loop
      vertex 8.75475 -26.9135 2.7
      vertex 8.72142 -27.4438 2.7
      vertex 8.80165 -27.4421 2.7
    endloop
  endfacet
  facet normal -0 0 1
    outer loop
      vertex 8.69702 -26.9187 2.7
      vertex 8.72142 -27.4438 2.7
      vertex 8.75475 -26.9135 2.7
    endloop
  endfacet
  facet normal -0 0 1
    outer loop
      vertex 8.63611 -26.9204 2.7
      vertex 8.72142 -27.4438 2.7
      vertex 8.69702 -26.9187 2.7
    endloop
  endfacet
  facet normal 0 0 1
    outer loop
      vertex 7.91446 -27.4438 2.7
      vertex 8.63611 -26.9204 2.7
      vertex 7.91446 -26.9204 2.7
    endloop
  endfacet
  facet normal 0 0 1
    outer loop
      vertex 8.63611 -26.9204 2.7
      vertex 7.91446 -27.4438 2.7
      vertex 8.72142 -27.4438 2.7
    endloop
  endfacet
  facet normal 0.0670354 -0.997751 0
    outer loop
      vertex -1.09752 -28.6304 2.2
      vertex -0.957611 -28.621 2.7
      vertex -1.09752 -28.6304 2.7
    endloop
  endfacet
  facet normal 0.0670354 -0.997751 0
    outer loop
      vertex -0.957611 -28.621 2.7
      vertex -1.09752 -28.6304 2.2
      vertex -0.957611 -28.621 2.2
    endloop
  endfacet
  facet normal 0.11759 -0.993062 0
    outer loop
      vertex -0.957611 -28.621 2.2
      vertex -0.825867 -28.6054 2.7
      vertex -0.957611 -28.621 2.7
    endloop
  endfacet
  facet normal 0.11759 -0.993062 0
    outer loop
      vertex -0.825867 -28.6054 2.7
      vertex -0.957611 -28.621 2.2
      vertex -0.825867 -28.6054 2.2
    endloop
  endfacet
  facet normal 0.17372 -0.984795 0
    outer loop
      vertex -0.825867 -28.6054 2.2
      vertex -0.702286 -28.5836 2.7
      vertex -0.825867 -28.6054 2.7
    endloop
  endfacet
  facet normal 0.17372 -0.984795 0
    outer loop
      vertex -0.702286 -28.5836 2.7
      vertex -0.825867 -28.6054 2.2
      vertex -0.702286 -28.5836 2.2
    endloop
  endfacet
  facet normal 0.235789 -0.971804 0
    outer loop
      vertex -0.702286 -28.5836 2.2
      vertex -0.586884 -28.5556 2.7
      vertex -0.702286 -28.5836 2.7
    endloop
  endfacet
  facet normal 0.235789 -0.971804 0
    outer loop
      vertex -0.586884 -28.5556 2.7
      vertex -0.702286 -28.5836 2.2
      vertex -0.586884 -28.5556 2.2
    endloop
  endfacet
  facet normal 0.304643 -0.952467 0
    outer loop
      vertex -0.586884 -28.5556 2.2
      vertex -0.479645 -28.5213 2.7
      vertex -0.586884 -28.5556 2.7
    endloop
  endfacet
  facet normal 0.304643 -0.952467 0
    outer loop
      vertex -0.479645 -28.5213 2.7
      vertex -0.586884 -28.5556 2.2
      vertex -0.479645 -28.5213 2.2
    endloop
  endfacet
  facet normal 0.378384 -0.925649 0
    outer loop
      vertex -0.479645 -28.5213 2.2
      vertex -0.380569 -28.4808 2.7
      vertex -0.479645 -28.5213 2.7
    endloop
  endfacet
  facet normal 0.378384 -0.925649 0
    outer loop
      vertex -0.380569 -28.4808 2.7
      vertex -0.479645 -28.5213 2.2
      vertex -0.380569 -28.4808 2.2
    endloop
  endfacet
  facet normal 0.457762 -0.889075 0
    outer loop
      vertex -0.380569 -28.4808 2.2
      vertex -0.289673 -28.434 2.7
      vertex -0.380569 -28.4808 2.7
    endloop
  endfacet
  facet normal 0.457762 -0.889075 0
    outer loop
      vertex -0.289673 -28.434 2.7
      vertex -0.380569 -28.4808 2.2
      vertex -0.289673 -28.434 2.2
    endloop
  endfacet
  facet normal 0.539421 -0.842036 0
    outer loop
      vertex -0.289673 -28.434 2.2
      vertex -0.20694 -28.381 2.7
      vertex -0.289673 -28.434 2.7
    endloop
  endfacet
  facet normal 0.539421 -0.842036 0
    outer loop
      vertex -0.20694 -28.381 2.7
      vertex -0.289673 -28.434 2.2
      vertex -0.20694 -28.381 2.2
    endloop
  endfacet
  facet normal 0.621319 -0.783558 0
    outer loop
      vertex -0.20694 -28.381 2.2
      vertex -0.13266 -28.3221 2.7
      vertex -0.20694 -28.381 2.7
    endloop
  endfacet
  facet normal 0.621319 -0.783558 0
    outer loop
      vertex -0.13266 -28.3221 2.7
      vertex -0.20694 -28.381 2.2
      vertex -0.13266 -28.3221 2.2
    endloop
  endfacet
  facet normal 0.700812 -0.713346 0
    outer loop
      vertex -0.13266 -28.3221 2.2
      vertex -0.0671082 -28.2577 2.7
      vertex -0.13266 -28.3221 2.7
    endloop
  endfacet
  facet normal 0.700812 -0.713346 0
    outer loop
      vertex -0.0671082 -28.2577 2.7
      vertex -0.13266 -28.3221 2.2
      vertex -0.0671082 -28.2577 2.2
    endloop
  endfacet
  facet normal 0.776557 -0.630047 0
    outer loop
      vertex -0.0671082 -28.2577 2.7
      vertex -0.0103149 -28.1877 2.2
      vertex -0.0103149 -28.1877 2.7
    endloop
  endfacet
  facet normal 0.776557 -0.630047 0
    outer loop
      vertex -0.0103149 -28.1877 2.2
      vertex -0.0671082 -28.2577 2.7
      vertex -0.0671082 -28.2577 2.2
    endloop
  endfacet
  facet normal 0.843639 -0.536911 0
    outer loop
      vertex -0.0103149 -28.1877 2.7
      vertex 0.037735 -28.1122 2.2
      vertex 0.037735 -28.1122 2.7
    endloop
  endfacet
  facet normal 0.843639 -0.536911 0
    outer loop
      vertex 0.037735 -28.1122 2.2
      vertex -0.0103149 -28.1877 2.7
      vertex -0.0103149 -28.1877 2.2
    endloop
  endfacet
  facet normal 0.899745 -0.436416 0
    outer loop
      vertex 0.037735 -28.1122 2.7
      vertex 0.0770721 -28.0311 2.2
      vertex 0.0770721 -28.0311 2.7
    endloop
  endfacet
  facet normal 0.899745 -0.436416 0
    outer loop
      vertex 0.0770721 -28.0311 2.2
      vertex 0.037735 -28.1122 2.7
      vertex 0.037735 -28.1122 2.2
    endloop
  endfacet
  facet normal 0.942942 -0.332958 0
    outer loop
      vertex 0.0770721 -28.0311 2.7
      vertex 0.107651 -27.9445 2.2
      vertex 0.107651 -27.9445 2.7
    endloop
  endfacet
  facet normal 0.942942 -0.332958 0
    outer loop
      vertex 0.107651 -27.9445 2.2
      vertex 0.0770721 -28.0311 2.7
      vertex 0.0770721 -28.0311 2.2
    endloop
  endfacet
  facet normal 0.973049 -0.230598 0
    outer loop
      vertex 0.107651 -27.9445 2.7
      vertex 0.129501 -27.8523 2.2
      vertex 0.129501 -27.8523 2.7
    endloop
  endfacet
  facet normal 0.973049 -0.230598 0
    outer loop
      vertex 0.129501 -27.8523 2.2
      vertex 0.107651 -27.9445 2.7
      vertex 0.107651 -27.9445 2.2
    endloop
  endfacet
  facet normal 0.991119 -0.132974 0
    outer loop
      vertex 0.129501 -27.8523 2.7
      vertex 0.142609 -27.7546 2.2
      vertex 0.142609 -27.7546 2.7
    endloop
  endfacet
  facet normal 0.991119 -0.132974 0
    outer loop
      vertex 0.142609 -27.7546 2.2
      vertex 0.129501 -27.8523 2.7
      vertex 0.129501 -27.8523 2.2
    endloop
  endfacet
  facet normal 0.999103 -0.0423531 0
    outer loop
      vertex 0.142609 -27.7546 2.7
      vertex 0.146988 -27.6513 2.2
      vertex 0.146988 -27.6513 2.7
    endloop
  endfacet
  facet normal 0.999103 -0.0423531 0
    outer loop
      vertex 0.146988 -27.6513 2.2
      vertex 0.142609 -27.7546 2.7
      vertex 0.142609 -27.7546 2.2
    endloop
  endfacet
  facet normal 0.999847 0.0174805 0
    outer loop
      vertex 0.146988 -27.6513 2.7
      vertex 0.14621 -27.6068 2.2
      vertex 0.14621 -27.6068 2.7
    endloop
  endfacet
  facet normal 0.999847 0.0174805 0
    outer loop
      vertex 0.14621 -27.6068 2.2
      vertex 0.146988 -27.6513 2.7
      vertex 0.146988 -27.6513 2.2
    endloop
  endfacet
  facet normal 0.998594 0.0530129 0
    outer loop
      vertex 0.14621 -27.6068 2.7
      vertex 0.143906 -27.5634 2.2
      vertex 0.143906 -27.5634 2.7
    endloop
  endfacet
  facet normal 0.998594 0.0530129 0
    outer loop
      vertex 0.143906 -27.5634 2.2
      vertex 0.14621 -27.6068 2.7
      vertex 0.14621 -27.6068 2.2
    endloop
  endfacet
  facet normal 0.995853 0.0909751 0
    outer loop
      vertex 0.143906 -27.5634 2.7
      vertex 0.14006 -27.5213 2.2
      vertex 0.14006 -27.5213 2.7
    endloop
  endfacet
  facet normal 0.995853 0.0909751 0
    outer loop
      vertex 0.14006 -27.5213 2.2
      vertex 0.143906 -27.5634 2.7
      vertex 0.143906 -27.5634 2.2
    endloop
  endfacet
  facet normal 0.991528 0.12989 0
    outer loop
      vertex 0.14006 -27.5213 2.7
      vertex 0.134689 -27.4803 2.2
      vertex 0.134689 -27.4803 2.7
    endloop
  endfacet
  facet normal 0.991528 0.12989 0
    outer loop
      vertex 0.134689 -27.4803 2.2
      vertex 0.14006 -27.5213 2.7
      vertex 0.14006 -27.5213 2.2
    endloop
  endfacet
  facet normal 0.985262 0.17105 0
    outer loop
      vertex 0.134689 -27.4803 2.7
      vertex 0.127762 -27.4404 2.2
      vertex 0.127762 -27.4404 2.7
    endloop
  endfacet
  facet normal 0.985262 0.17105 0
    outer loop
      vertex 0.127762 -27.4404 2.2
      vertex 0.134689 -27.4803 2.7
      vertex 0.134689 -27.4803 2.2
    endloop
  endfacet
  facet normal 0.976846 0.213944 0
    outer loop
      vertex 0.127762 -27.4404 2.7
      vertex 0.119308 -27.4018 2.2
      vertex 0.119308 -27.4018 2.7
    endloop
  endfacet
  facet normal 0.976846 0.213944 0
    outer loop
      vertex 0.119308 -27.4018 2.2
      vertex 0.127762 -27.4404 2.7
      vertex 0.127762 -27.4404 2.2
    endloop
  endfacet
  facet normal 0.96637 0.257157 0
    outer loop
      vertex 0.119308 -27.4018 2.7
      vertex 0.109329 -27.3643 2.2
      vertex 0.109329 -27.3643 2.7
    endloop
  endfacet
  facet normal 0.96637 0.257157 0
    outer loop
      vertex 0.109329 -27.3643 2.2
      vertex 0.119308 -27.4018 2.7
      vertex 0.119308 -27.4018 2.2
    endloop
  endfacet
  facet normal 0.953276 0.3021 0
    outer loop
      vertex 0.109329 -27.3643 2.7
      vertex 0.0977936 -27.3279 2.2
      vertex 0.0977936 -27.3279 2.7
    endloop
  endfacet
  facet normal 0.953276 0.3021 0
    outer loop
      vertex 0.0977936 -27.3279 2.2
      vertex 0.109329 -27.3643 2.7
      vertex 0.109329 -27.3643 2.2
    endloop
  endfacet
  facet normal 0.937213 0.348758 0
    outer loop
      vertex 0.0977936 -27.3279 2.7
      vertex 0.0847321 -27.2928 2.2
      vertex 0.0847321 -27.2928 2.7
    endloop
  endfacet
  facet normal 0.937213 0.348758 0
    outer loop
      vertex 0.0847321 -27.2928 2.2
      vertex 0.0977936 -27.3279 2.7
      vertex 0.0977936 -27.3279 2.2
    endloop
  endfacet
  facet normal 0.920001 0.391915 0
    outer loop
      vertex 0.0847321 -27.2928 2.7
      vertex 0.0702057 -27.2587 2.2
      vertex 0.0702057 -27.2587 2.7
    endloop
  endfacet
  facet normal 0.920001 0.391915 0
    outer loop
      vertex 0.0702057 -27.2587 2.2
      vertex 0.0847321 -27.2928 2.7
      vertex 0.0847321 -27.2928 2.2
    endloop
  endfacet
  facet normal 0.900534 0.434786 0
    outer loop
      vertex 0.0702057 -27.2587 2.7
      vertex 0.0543213 -27.2258 2.2
      vertex 0.0543213 -27.2258 2.7
    endloop
  endfacet
  facet normal 0.900534 0.434786 0
    outer loop
      vertex 0.0543213 -27.2258 2.2
      vertex 0.0702057 -27.2587 2.7
      vertex 0.0702057 -27.2587 2.2
    endloop
  endfacet
  facet normal 0.879716 0.475499 0
    outer loop
      vertex 0.0543213 -27.2258 2.7
      vertex 0.0370789 -27.1939 2.2
      vertex 0.0370789 -27.1939 2.7
    endloop
  endfacet
  facet normal 0.879716 0.475499 0
    outer loop
      vertex 0.0370789 -27.1939 2.2
      vertex 0.0543213 -27.2258 2.7
      vertex 0.0543213 -27.2258 2.2
    endloop
  endfacet
  facet normal 0.855824 0.517268 0
    outer loop
      vertex 0.0370789 -27.1939 2.7
      vertex 0.0184631 -27.1631 2.2
      vertex 0.0184631 -27.1631 2.7
    endloop
  endfacet
  facet normal 0.855824 0.517268 0
    outer loop
      vertex 0.0184631 -27.1631 2.2
      vertex 0.0370789 -27.1939 2.7
      vertex 0.0370789 -27.1939 2.2
    endloop
  endfacet
  facet normal 0.829803 0.558056 0
    outer loop
      vertex 0.0184631 -27.1631 2.7
      vertex -0.00151062 -27.1334 2.2
      vertex -0.00151062 -27.1334 2.7
    endloop
  endfacet
  facet normal 0.829803 0.558056 0
    outer loop
      vertex -0.00151062 -27.1334 2.2
      vertex 0.0184631 -27.1631 2.7
      vertex 0.0184631 -27.1631 2.2
    endloop
  endfacet
  facet normal 0.802381 0.596812 0
    outer loop
      vertex -0.00151062 -27.1334 2.7
      vertex -0.0228577 -27.1047 2.2
      vertex -0.0228577 -27.1047 2.7
    endloop
  endfacet
  facet normal 0.802381 0.596812 0
    outer loop
      vertex -0.0228577 -27.1047 2.2
      vertex -0.00151062 -27.1334 2.7
      vertex -0.00151062 -27.1334 2.2
    endloop
  endfacet
  facet normal 0.770922 0.63693 0
    outer loop
      vertex -0.0228577 -27.1047 2.7
      vertex -0.045578 -27.0772 2.2
      vertex -0.045578 -27.0772 2.7
    endloop
  endfacet
  facet normal 0.770922 0.63693 0
    outer loop
      vertex -0.045578 -27.0772 2.2
      vertex -0.0228577 -27.1047 2.7
      vertex -0.0228577 -27.1047 2.2
    endloop
  endfacet
  facet normal 0.739903 0.672714 0
    outer loop
      vertex -0.045578 -27.0772 2.7
      vertex -0.0696716 -27.0507 2.2
      vertex -0.0696716 -27.0507 2.7
    endloop
  endfacet
  facet normal 0.739903 0.672714 0
    outer loop
      vertex -0.0696716 -27.0507 2.2
      vertex -0.045578 -27.0772 2.7
      vertex -0.045578 -27.0772 2.2
    endloop
  endfacet
  facet normal 0.706388 0.707825 -0
    outer loop
      vertex -0.0696716 -27.0507 2.2
      vertex -0.0951233 -27.0253 2.7
      vertex -0.0696716 -27.0507 2.7
    endloop
  endfacet
  facet normal 0.706388 0.707825 0
    outer loop
      vertex -0.0951233 -27.0253 2.7
      vertex -0.0696716 -27.0507 2.2
      vertex -0.0951233 -27.0253 2.2
    endloop
  endfacet
  facet normal 0.669801 0.742541 -0
    outer loop
      vertex -0.0951233 -27.0253 2.2
      vertex -0.122284 -27.0008 2.7
      vertex -0.0951233 -27.0253 2.7
    endloop
  endfacet
  facet normal 0.669801 0.742541 0
    outer loop
      vertex -0.122284 -27.0008 2.7
      vertex -0.0951233 -27.0253 2.2
      vertex -0.122284 -27.0008 2.2
    endloop
  endfacet
  facet normal 0.631129 0.775678 -0
    outer loop
      vertex -0.122284 -27.0008 2.2
      vertex -0.151535 -26.977 2.7
      vertex -0.122284 -27.0008 2.7
    endloop
  endfacet
  facet normal 0.631129 0.775678 0
    outer loop
      vertex -0.151535 -26.977 2.7
      vertex -0.122284 -27.0008 2.2
      vertex -0.151535 -26.977 2.2
    endloop
  endfacet
  facet normal 0.595338 0.803475 -0
    outer loop
      vertex -0.151535 -26.977 2.2
      vertex -0.182846 -26.9538 2.7
      vertex -0.151535 -26.977 2.7
    endloop
  endfacet
  facet normal 0.595338 0.803475 0
    outer loop
      vertex -0.182846 -26.9538 2.7
      vertex -0.151535 -26.977 2.2
      vertex -0.182846 -26.9538 2.2
    endloop
  endfacet
  facet normal 0.55697 0.830532 -0
    outer loop
      vertex -0.182846 -26.9538 2.2
      vertex -0.216248 -26.9314 2.7
      vertex -0.182846 -26.9538 2.7
    endloop
  endfacet
  facet normal 0.55697 0.830532 0
    outer loop
      vertex -0.216248 -26.9314 2.7
      vertex -0.182846 -26.9538 2.2
      vertex -0.216248 -26.9314 2.2
    endloop
  endfacet
  facet normal 0.523379 0.8521 -0
    outer loop
      vertex -0.216248 -26.9314 2.2
      vertex -0.25174 -26.9096 2.7
      vertex -0.216248 -26.9314 2.7
    endloop
  endfacet
  facet normal 0.523379 0.8521 0
    outer loop
      vertex -0.25174 -26.9096 2.7
      vertex -0.216248 -26.9314 2.2
      vertex -0.25174 -26.9096 2.2
    endloop
  endfacet
  facet normal 0.489865 0.871798 -0
    outer loop
      vertex -0.25174 -26.9096 2.2
      vertex -0.289291 -26.8885 2.7
      vertex -0.25174 -26.9096 2.7
    endloop
  endfacet
  facet normal 0.489865 0.871798 0
    outer loop
      vertex -0.289291 -26.8885 2.7
      vertex -0.25174 -26.9096 2.2
      vertex -0.289291 -26.8885 2.2
    endloop
  endfacet
  facet normal 0.457564 0.889177 -0
    outer loop
      vertex -0.289291 -26.8885 2.2
      vertex -0.328934 -26.8681 2.7
      vertex -0.289291 -26.8885 2.7
    endloop
  endfacet
  facet normal 0.457564 0.889177 0
    outer loop
      vertex -0.328934 -26.8681 2.7
      vertex -0.289291 -26.8885 2.2
      vertex -0.328934 -26.8681 2.2
    endloop
  endfacet
  facet normal 0.427012 0.904246 -0
    outer loop
      vertex -0.328934 -26.8681 2.2
      vertex -0.370651 -26.8484 2.7
      vertex -0.328934 -26.8681 2.7
    endloop
  endfacet
  facet normal 0.427012 0.904246 0
    outer loop
      vertex -0.370651 -26.8484 2.7
      vertex -0.328934 -26.8681 2.2
      vertex -0.370651 -26.8484 2.2
    endloop
  endfacet
  facet normal 0.399774 0.916614 -0
    outer loop
      vertex -0.370651 -26.8484 2.2
      vertex -0.414444 -26.8293 2.7
      vertex -0.370651 -26.8484 2.7
    endloop
  endfacet
  facet normal 0.399774 0.916614 0
    outer loop
      vertex -0.414444 -26.8293 2.7
      vertex -0.370651 -26.8484 2.2
      vertex -0.414444 -26.8293 2.2
    endloop
  endfacet
  facet normal 0.363962 0.931414 -0
    outer loop
      vertex -0.414444 -26.8293 2.2
      vertex -0.462555 -26.8105 2.7
      vertex -0.414444 -26.8293 2.7
    endloop
  endfacet
  facet normal 0.363962 0.931414 0
    outer loop
      vertex -0.462555 -26.8105 2.7
      vertex -0.414444 -26.8293 2.2
      vertex -0.462555 -26.8105 2.2
    endloop
  endfacet
  facet normal 0.332714 0.943028 -0
    outer loop
      vertex -0.462555 -26.8105 2.2
      vertex -0.517258 -26.7912 2.7
      vertex -0.462555 -26.8105 2.7
    endloop
  endfacet
  facet normal 0.332714 0.943028 0
    outer loop
      vertex -0.517258 -26.7912 2.7
      vertex -0.462555 -26.8105 2.2
      vertex -0.517258 -26.7912 2.2
    endloop
  endfacet
  facet normal 0.304713 0.952444 -0
    outer loop
      vertex -0.517258 -26.7912 2.2
      vertex -0.578522 -26.7716 2.7
      vertex -0.517258 -26.7912 2.7
    endloop
  endfacet
  facet normal 0.304713 0.952444 0
    outer loop
      vertex -0.578522 -26.7716 2.7
      vertex -0.517258 -26.7912 2.2
      vertex -0.578522 -26.7716 2.2
    endloop
  endfacet
  facet normal 0.282779 0.959185 -0
    outer loop
      vertex -0.578522 -26.7716 2.2
      vertex -0.646362 -26.7516 2.7
      vertex -0.578522 -26.7716 2.7
    endloop
  endfacet
  facet normal 0.282779 0.959185 0
    outer loop
      vertex -0.646362 -26.7516 2.7
      vertex -0.578522 -26.7716 2.2
      vertex -0.646362 -26.7516 2.2
    endloop
  endfacet
  facet normal 0.264377 0.964419 -0
    outer loop
      vertex -0.646362 -26.7516 2.2
      vertex -0.720779 -26.7312 2.7
      vertex -0.646362 -26.7516 2.7
    endloop
  endfacet
  facet normal 0.264377 0.964419 0
    outer loop
      vertex -0.720779 -26.7312 2.7
      vertex -0.646362 -26.7516 2.2
      vertex -0.720779 -26.7312 2.2
    endloop
  endfacet
  facet normal 0.247615 0.968858 -0
    outer loop
      vertex -0.720779 -26.7312 2.2
      vertex -0.801773 -26.7105 2.7
      vertex -0.720779 -26.7312 2.7
    endloop
  endfacet
  facet normal 0.247615 0.968858 0
    outer loop
      vertex -0.801773 -26.7105 2.7
      vertex -0.720779 -26.7312 2.2
      vertex -0.801773 -26.7105 2.2
    endloop
  endfacet
  facet normal 0.234246 0.972177 -0
    outer loop
      vertex -0.801773 -26.7105 2.2
      vertex -0.889343 -26.6894 2.7
      vertex -0.801773 -26.7105 2.7
    endloop
  endfacet
  facet normal 0.234246 0.972177 0
    outer loop
      vertex -0.889343 -26.6894 2.7
      vertex -0.801773 -26.7105 2.2
      vertex -0.889343 -26.6894 2.2
    endloop
  endfacet
  facet normal 0.222635 0.974902 -0
    outer loop
      vertex -0.889343 -26.6894 2.2
      vertex -0.98349 -26.6679 2.7
      vertex -0.889343 -26.6894 2.7
    endloop
  endfacet
  facet normal 0.222635 0.974902 0
    outer loop
      vertex -0.98349 -26.6679 2.7
      vertex -0.889343 -26.6894 2.2
      vertex -0.98349 -26.6679 2.2
    endloop
  endfacet
  facet normal 0.211543 0.977369 -0
    outer loop
      vertex -0.98349 -26.6679 2.2
      vertex -1.08421 -26.6461 2.7
      vertex -0.98349 -26.6679 2.7
    endloop
  endfacet
  facet normal 0.211543 0.977369 0
    outer loop
      vertex -1.08421 -26.6461 2.7
      vertex -0.98349 -26.6679 2.2
      vertex -1.08421 -26.6461 2.2
    endloop
  endfacet
  facet normal 0.215361 0.976535 -0
    outer loop
      vertex -1.08421 -26.6461 2.2
      vertex -1.16855 -26.6275 2.7
      vertex -1.08421 -26.6461 2.7
    endloop
  endfacet
  facet normal 0.215361 0.976535 0
    outer loop
      vertex -1.16855 -26.6275 2.7
      vertex -1.08421 -26.6461 2.2
      vertex -1.16855 -26.6275 2.2
    endloop
  endfacet
  facet normal 0.224219 0.974539 -0
    outer loop
      vertex -1.16855 -26.6275 2.2
      vertex -1.24635 -26.6096 2.7
      vertex -1.16855 -26.6275 2.7
    endloop
  endfacet
  facet normal 0.224219 0.974539 0
    outer loop
      vertex -1.24635 -26.6096 2.7
      vertex -1.16855 -26.6275 2.2
      vertex -1.24635 -26.6096 2.2
    endloop
  endfacet
  facet normal 0.234663 0.972077 -0
    outer loop
      vertex -1.24635 -26.6096 2.2
      vertex -1.3176 -26.5924 2.7
      vertex -1.24635 -26.6096 2.7
    endloop
  endfacet
  facet normal 0.234663 0.972077 0
    outer loop
      vertex -1.3176 -26.5924 2.7
      vertex -1.24635 -26.6096 2.2
      vertex -1.3176 -26.5924 2.2
    endloop
  endfacet
  facet normal 0.24715 0.968977 -0
    outer loop
      vertex -1.3176 -26.5924 2.2
      vertex -1.38229 -26.5759 2.7
      vertex -1.3176 -26.5924 2.7
    endloop
  endfacet
  facet normal 0.24715 0.968977 0
    outer loop
      vertex -1.38229 -26.5759 2.7
      vertex -1.3176 -26.5924 2.2
      vertex -1.38229 -26.5759 2.2
    endloop
  endfacet
  facet normal 0.260658 0.965431 -0
    outer loop
      vertex -1.38229 -26.5759 2.2
      vertex -1.44044 -26.5602 2.7
      vertex -1.38229 -26.5759 2.7
    endloop
  endfacet
  facet normal 0.260658 0.965431 0
    outer loop
      vertex -1.44044 -26.5602 2.7
      vertex -1.38229 -26.5759 2.2
      vertex -1.44044 -26.5602 2.2
    endloop
  endfacet
  facet normal 0.280707 0.959794 -0
    outer loop
      vertex -1.44044 -26.5602 2.2
      vertex -1.49207 -26.5451 2.7
      vertex -1.44044 -26.5602 2.7
    endloop
  endfacet
  facet normal 0.280707 0.959794 0
    outer loop
      vertex -1.49207 -26.5451 2.7
      vertex -1.44044 -26.5602 2.2
      vertex -1.49207 -26.5451 2.2
    endloop
  endfacet
  facet normal 0.302549 0.953134 -0
    outer loop
      vertex -1.49207 -26.5451 2.2
      vertex -1.53712 -26.5308 2.7
      vertex -1.49207 -26.5451 2.7
    endloop
  endfacet
  facet normal 0.302549 0.953134 0
    outer loop
      vertex -1.53712 -26.5308 2.7
      vertex -1.49207 -26.5451 2.2
      vertex -1.53712 -26.5308 2.2
    endloop
  endfacet
  facet normal 0.332923 0.942954 -0
    outer loop
      vertex -1.53712 -26.5308 2.2
      vertex -1.57564 -26.5172 2.7
      vertex -1.53712 -26.5308 2.7
    endloop
  endfacet
  facet normal 0.332923 0.942954 0
    outer loop
      vertex -1.57564 -26.5172 2.7
      vertex -1.53712 -26.5308 2.2
      vertex -1.57564 -26.5172 2.2
    endloop
  endfacet
  facet normal 0.37429 0.927312 -0
    outer loop
      vertex -1.57564 -26.5172 2.2
      vertex -1.6076 -26.5043 2.7
      vertex -1.57564 -26.5172 2.7
    endloop
  endfacet
  facet normal 0.37429 0.927312 0
    outer loop
      vertex -1.6076 -26.5043 2.7
      vertex -1.57564 -26.5172 2.2
      vertex -1.6076 -26.5043 2.2
    endloop
  endfacet
  facet normal 0.419553 0.907731 -0
    outer loop
      vertex -1.6076 -26.5043 2.2
      vertex -1.63551 -26.4914 2.7
      vertex -1.6076 -26.5043 2.7
    endloop
  endfacet
  facet normal 0.419553 0.907731 0
    outer loop
      vertex -1.63551 -26.4914 2.7
      vertex -1.6076 -26.5043 2.2
      vertex -1.63551 -26.4914 2.2
    endloop
  endfacet
  facet normal 0.453429 0.891292 -0
    outer loop
      vertex -1.63551 -26.4914 2.2
      vertex -1.66185 -26.478 2.7
      vertex -1.63551 -26.4914 2.7
    endloop
  endfacet
  facet normal 0.453429 0.891292 0
    outer loop
      vertex -1.66185 -26.478 2.7
      vertex -1.63551 -26.4914 2.2
      vertex -1.66185 -26.478 2.2
    endloop
  endfacet
  facet normal 0.494552 0.869148 -0
    outer loop
      vertex -1.66185 -26.478 2.2
      vertex -1.68663 -26.4639 2.7
      vertex -1.66185 -26.478 2.7
    endloop
  endfacet
  facet normal 0.494552 0.869148 0
    outer loop
      vertex -1.68663 -26.4639 2.7
      vertex -1.66185 -26.478 2.2
      vertex -1.68663 -26.4639 2.2
    endloop
  endfacet
  facet normal 0.532455 0.846458 -0
    outer loop
      vertex -1.68663 -26.4639 2.2
      vertex -1.70984 -26.4493 2.7
      vertex -1.68663 -26.4639 2.7
    endloop
  endfacet
  facet normal 0.532455 0.846458 0
    outer loop
      vertex -1.70984 -26.4493 2.7
      vertex -1.68663 -26.4639 2.2
      vertex -1.70984 -26.4493 2.2
    endloop
  endfacet
  facet normal 0.577127 0.816654 -0
    outer loop
      vertex -1.70984 -26.4493 2.2
      vertex -1.73149 -26.434 2.7
      vertex -1.70984 -26.4493 2.7
    endloop
  endfacet
  facet normal 0.577127 0.816654 0
    outer loop
      vertex -1.73149 -26.434 2.7
      vertex -1.70984 -26.4493 2.2
      vertex -1.73149 -26.434 2.2
    endloop
  endfacet
  facet normal 0.618375 0.785884 -0
    outer loop
      vertex -1.73149 -26.434 2.2
      vertex -1.75157 -26.4182 2.7
      vertex -1.73149 -26.434 2.7
    endloop
  endfacet
  facet normal 0.618375 0.785884 0
    outer loop
      vertex -1.75157 -26.4182 2.7
      vertex -1.73149 -26.434 2.2
      vertex -1.75157 -26.4182 2.2
    endloop
  endfacet
  facet normal 0.665414 0.746474 -0
    outer loop
      vertex -1.75157 -26.4182 2.2
      vertex -1.77008 -26.4017 2.7
      vertex -1.75157 -26.4182 2.7
    endloop
  endfacet
  facet normal 0.665414 0.746474 0
    outer loop
      vertex -1.77008 -26.4017 2.7
      vertex -1.75157 -26.4182 2.2
      vertex -1.77008 -26.4017 2.2
    endloop
  endfacet
  facet normal 0.708147 0.706065 0
    outer loop
      vertex -1.77008 -26.4017 2.7
      vertex -1.78703 -26.3847 2.2
      vertex -1.78703 -26.3847 2.7
    endloop
  endfacet
  facet normal 0.708147 0.706065 0
    outer loop
      vertex -1.78703 -26.3847 2.2
      vertex -1.77008 -26.4017 2.7
      vertex -1.77008 -26.4017 2.2
    endloop
  endfacet
  facet normal 0.752577 0.658505 0
    outer loop
      vertex -1.78703 -26.3847 2.7
      vertex -1.80243 -26.3671 2.2
      vertex -1.80243 -26.3671 2.7
    endloop
  endfacet
  facet normal 0.752577 0.658505 0
    outer loop
      vertex -1.80243 -26.3671 2.2
      vertex -1.78703 -26.3847 2.7
      vertex -1.78703 -26.3847 2.2
    endloop
  endfacet
  facet normal 0.801972 0.597361 0
    outer loop
      vertex -1.80243 -26.3671 2.7
      vertex -1.81621 -26.3486 2.2
      vertex -1.81621 -26.3486 2.7
    endloop
  endfacet
  facet normal 0.801972 0.597361 0
    outer loop
      vertex -1.81621 -26.3486 2.2
      vertex -1.80243 -26.3671 2.7
      vertex -1.80243 -26.3671 2.2
    endloop
  endfacet
  facet normal 0.850753 0.525566 0
    outer loop
      vertex -1.81621 -26.3486 2.7
      vertex -1.82838 -26.3289 2.2
      vertex -1.82838 -26.3289 2.7
    endloop
  endfacet
  facet normal 0.850753 0.525566 0
    outer loop
      vertex -1.82838 -26.3289 2.2
      vertex -1.81621 -26.3486 2.7
      vertex -1.81621 -26.3486 2.2
    endloop
  endfacet
  facet normal 0.891306 0.453403 0
    outer loop
      vertex -1.82838 -26.3289 2.7
      vertex -1.83891 -26.3082 2.2
      vertex -1.83891 -26.3082 2.7
    endloop
  endfacet
  facet normal 0.891306 0.453403 0
    outer loop
      vertex -1.83891 -26.3082 2.2
      vertex -1.82838 -26.3289 2.7
      vertex -1.82838 -26.3289 2.2
    endloop
  endfacet
  facet normal 0.926577 0.376106 0
    outer loop
      vertex -1.83891 -26.3082 2.7
      vertex -1.84784 -26.2862 2.2
      vertex -1.84784 -26.2862 2.7
    endloop
  endfacet
  facet normal 0.926577 0.376106 0
    outer loop
      vertex -1.84784 -26.2862 2.2
      vertex -1.83891 -26.3082 2.7
      vertex -1.83891 -26.3082 2.2
    endloop
  endfacet
  facet normal 0.953263 0.302143 0
    outer loop
      vertex -1.84784 -26.2862 2.7
      vertex -1.85513 -26.2632 2.2
      vertex -1.85513 -26.2632 2.7
    endloop
  endfacet
  facet normal 0.953263 0.302143 0
    outer loop
      vertex -1.85513 -26.2632 2.2
      vertex -1.84784 -26.2862 2.7
      vertex -1.84784 -26.2862 2.2
    endloop
  endfacet
  facet normal 0.973544 0.228501 0
    outer loop
      vertex -1.85513 -26.2632 2.7
      vertex -1.86081 -26.239 2.2
      vertex -1.86081 -26.239 2.7
    endloop
  endfacet
  facet normal 0.973544 0.228501 0
    outer loop
      vertex -1.86081 -26.239 2.2
      vertex -1.85513 -26.2632 2.7
      vertex -1.85513 -26.2632 2.2
    endloop
  endfacet
  facet normal 0.987465 0.157839 0
    outer loop
      vertex -1.86081 -26.239 2.7
      vertex -1.86487 -26.2136 2.2
      vertex -1.86487 -26.2136 2.7
    endloop
  endfacet
  facet normal 0.987465 0.157839 0
    outer loop
      vertex -1.86487 -26.2136 2.2
      vertex -1.86081 -26.239 2.7
      vertex -1.86081 -26.239 2.2
    endloop
  endfacet
  facet normal 0.995756 0.092032 0
    outer loop
      vertex -1.86487 -26.2136 2.7
      vertex -1.86731 -26.1872 2.2
      vertex -1.86731 -26.1872 2.7
    endloop
  endfacet
  facet normal 0.995756 0.092032 0
    outer loop
      vertex -1.86731 -26.1872 2.2
      vertex -1.86487 -26.2136 2.7
      vertex -1.86487 -26.2136 2.2
    endloop
  endfacet
  facet normal 0.999573 0.0292294 0
    outer loop
      vertex -1.86731 -26.1872 2.7
      vertex -1.86812 -26.1595 2.2
      vertex -1.86812 -26.1595 2.7
    endloop
  endfacet
  facet normal 0.999573 0.0292294 0
    outer loop
      vertex -1.86812 -26.1595 2.2
      vertex -1.86731 -26.1872 2.7
      vertex -1.86731 -26.1872 2.2
    endloop
  endfacet
  facet normal 0.995625 -0.0934393 0
    outer loop
      vertex -1.86812 -26.1595 2.7
      vertex -1.86049 -26.0782 2.2
      vertex -1.86049 -26.0782 2.7
    endloop
  endfacet
  facet normal 0.995625 -0.0934393 0
    outer loop
      vertex -1.86049 -26.0782 2.2
      vertex -1.86812 -26.1595 2.7
      vertex -1.86812 -26.1595 2.2
    endloop
  endfacet
  facet normal 0.952632 -0.304125 0
    outer loop
      vertex -1.86049 -26.0782 2.7
      vertex -1.8376 -26.0065 2.2
      vertex -1.8376 -26.0065 2.7
    endloop
  endfacet
  facet normal 0.952632 -0.304125 0
    outer loop
      vertex -1.8376 -26.0065 2.2
      vertex -1.86049 -26.0782 2.7
      vertex -1.86049 -26.0782 2.2
    endloop
  endfacet
  facet normal 0.852059 -0.523447 0
    outer loop
      vertex -1.8376 -26.0065 2.7
      vertex -1.79945 -25.9444 2.2
      vertex -1.79945 -25.9444 2.7
    endloop
  endfacet
  facet normal 0.852059 -0.523447 0
    outer loop
      vertex -1.79945 -25.9444 2.2
      vertex -1.8376 -26.0065 2.7
      vertex -1.8376 -26.0065 2.2
    endloop
  endfacet
  facet normal 0.701817 -0.712357 0
    outer loop
      vertex -1.79945 -25.9444 2.2
      vertex -1.74606 -25.8918 2.7
      vertex -1.79945 -25.9444 2.7
    endloop
  endfacet
  facet normal 0.701817 -0.712357 0
    outer loop
      vertex -1.74606 -25.8918 2.7
      vertex -1.79945 -25.9444 2.2
      vertex -1.74606 -25.8918 2.2
    endloop
  endfacet
  facet normal 0.531661 -0.846957 0
    outer loop
      vertex -1.74606 -25.8918 2.2
      vertex -1.6774 -25.8487 2.7
      vertex -1.74606 -25.8918 2.7
    endloop
  endfacet
  facet normal 0.531661 -0.846957 0
    outer loop
      vertex -1.6774 -25.8487 2.7
      vertex -1.74606 -25.8918 2.2
      vertex -1.6774 -25.8487 2.2
    endloop
  endfacet
  facet normal 0.37078 -0.928721 0
    outer loop
      vertex -1.6774 -25.8487 2.2
      vertex -1.59349 -25.8152 2.7
      vertex -1.6774 -25.8487 2.7
    endloop
  endfacet
  facet normal 0.37078 -0.928721 0
    outer loop
      vertex -1.59349 -25.8152 2.7
      vertex -1.6774 -25.8487 2.2
      vertex -1.59349 -25.8152 2.2
    endloop
  endfacet
  facet normal 0.233343 -0.972394 0
    outer loop
      vertex -1.59349 -25.8152 2.2
      vertex -1.49431 -25.7914 2.7
      vertex -1.59349 -25.8152 2.7
    endloop
  endfacet
  facet normal 0.233343 -0.972394 0
    outer loop
      vertex -1.49431 -25.7914 2.7
      vertex -1.59349 -25.8152 2.2
      vertex -1.49431 -25.7914 2.2
    endloop
  endfacet
  facet normal 0.124856 -0.992175 0
    outer loop
      vertex -1.49431 -25.7914 2.2
      vertex -1.37988 -25.777 2.7
      vertex -1.49431 -25.7914 2.7
    endloop
  endfacet
  facet normal 0.124856 -0.992175 0
    outer loop
      vertex -1.37988 -25.777 2.7
      vertex -1.49431 -25.7914 2.2
      vertex -1.37988 -25.777 2.2
    endloop
  endfacet
  facet normal 0.0369889 -0.999316 0
    outer loop
      vertex -1.37988 -25.777 2.2
      vertex -1.2502 -25.7722 2.7
      vertex -1.37988 -25.777 2.7
    endloop
  endfacet
  facet normal 0.0369889 -0.999316 0
    outer loop
      vertex -1.2502 -25.7722 2.7
      vertex -1.37988 -25.777 2.2
      vertex -1.2502 -25.7722 2.2
    endloop
  endfacet
  facet normal -0.0206699 -0.999786 0
    outer loop
      vertex -1.2502 -25.7722 2.2
      vertex -1.18732 -25.7735 2.7
      vertex -1.2502 -25.7722 2.7
    endloop
  endfacet
  facet normal -0.0206699 -0.999786 -0
    outer loop
      vertex -1.18732 -25.7735 2.7
      vertex -1.2502 -25.7722 2.2
      vertex -1.18732 -25.7735 2.2
    endloop
  endfacet
  facet normal -0.066997 -0.997753 0
    outer loop
      vertex -1.18732 -25.7735 2.2
      vertex -1.12775 -25.7775 2.7
      vertex -1.18732 -25.7735 2.7
    endloop
  endfacet
  facet normal -0.066997 -0.997753 -0
    outer loop
      vertex -1.12775 -25.7775 2.7
      vertex -1.18732 -25.7735 2.2
      vertex -1.12775 -25.7775 2.2
    endloop
  endfacet
  facet normal -0.114832 -0.993385 0
    outer loop
      vertex -1.12775 -25.7775 2.2
      vertex -1.07152 -25.784 2.7
      vertex -1.12775 -25.7775 2.7
    endloop
  endfacet
  facet normal -0.114832 -0.993385 -0
    outer loop
      vertex -1.07152 -25.784 2.7
      vertex -1.12775 -25.7775 2.2
      vertex -1.07152 -25.784 2.2
    endloop
  endfacet
  facet normal -0.171341 -0.985212 0
    outer loop
      vertex -1.07152 -25.784 2.2
      vertex -1.01862 -25.7932 2.7
      vertex -1.07152 -25.784 2.7
    endloop
  endfacet
  facet normal -0.171341 -0.985212 -0
    outer loop
      vertex -1.01862 -25.7932 2.7
      vertex -1.07152 -25.784 2.2
      vertex -1.01862 -25.7932 2.2
    endloop
  endfacet
  facet normal -0.231598 -0.972811 0
    outer loop
      vertex -1.01862 -25.7932 2.2
      vertex -0.969055 -25.805 2.7
      vertex -1.01862 -25.7932 2.7
    endloop
  endfacet
  facet normal -0.231598 -0.972811 -0
    outer loop
      vertex -0.969055 -25.805 2.7
      vertex -1.01862 -25.7932 2.2
      vertex -0.969055 -25.805 2.2
    endloop
  endfacet
  facet normal -0.297369 -0.954762 0
    outer loop
      vertex -0.969055 -25.805 2.2
      vertex -0.922821 -25.8194 2.7
      vertex -0.969055 -25.805 2.7
    endloop
  endfacet
  facet normal -0.297369 -0.954762 -0
    outer loop
      vertex -0.922821 -25.8194 2.7
      vertex -0.969055 -25.805 2.2
      vertex -0.922821 -25.8194 2.2
    endloop
  endfacet
  facet normal -0.36834 -0.929691 0
    outer loop
      vertex -0.922821 -25.8194 2.2
      vertex -0.879913 -25.8364 2.7
      vertex -0.922821 -25.8194 2.7
    endloop
  endfacet
  facet normal -0.36834 -0.929691 -0
    outer loop
      vertex -0.879913 -25.8364 2.7
      vertex -0.922821 -25.8194 2.2
      vertex -0.879913 -25.8364 2.2
    endloop
  endfacet
  facet normal -0.44376 -0.896146 0
    outer loop
      vertex -0.879913 -25.8364 2.2
      vertex -0.840332 -25.856 2.7
      vertex -0.879913 -25.8364 2.7
    endloop
  endfacet
  facet normal -0.44376 -0.896146 -0
    outer loop
      vertex -0.840332 -25.856 2.7
      vertex -0.879913 -25.8364 2.2
      vertex -0.840332 -25.856 2.2
    endloop
  endfacet
  facet normal -0.524071 -0.851674 0
    outer loop
      vertex -0.840332 -25.856 2.2
      vertex -0.804092 -25.8783 2.7
      vertex -0.840332 -25.856 2.7
    endloop
  endfacet
  facet normal -0.524071 -0.851674 -0
    outer loop
      vertex -0.804092 -25.8783 2.7
      vertex -0.840332 -25.856 2.2
      vertex -0.804092 -25.8783 2.2
    endloop
  endfacet
  facet normal -0.597368 -0.801967 0
    outer loop
      vertex -0.804092 -25.8783 2.2
      vertex -0.770798 -25.9031 2.7
      vertex -0.804092 -25.8783 2.7
    endloop
  endfacet
  facet normal -0.597368 -0.801967 -0
    outer loop
      vertex -0.770798 -25.9031 2.7
      vertex -0.804092 -25.8783 2.2
      vertex -0.770798 -25.9031 2.2
    endloop
  endfacet
  facet normal -0.667208 -0.744871 0
    outer loop
      vertex -0.770798 -25.9031 2.2
      vertex -0.740097 -25.9306 2.7
      vertex -0.770798 -25.9031 2.7
    endloop
  endfacet
  facet normal -0.667208 -0.744871 -0
    outer loop
      vertex -0.740097 -25.9306 2.7
      vertex -0.770798 -25.9031 2.2
      vertex -0.740097 -25.9306 2.2
    endloop
  endfacet
  facet normal -0.728433 -0.685117 0
    outer loop
      vertex -0.711975 -25.9605 2.2
      vertex -0.740097 -25.9306 2.7
      vertex -0.740097 -25.9306 2.2
    endloop
  endfacet
  facet normal -0.728433 -0.685117 0
    outer loop
      vertex -0.740097 -25.9306 2.7
      vertex -0.711975 -25.9605 2.2
      vertex -0.711975 -25.9605 2.7
    endloop
  endfacet
  facet normal -0.787506 -0.616308 0
    outer loop
      vertex -0.686462 -25.9931 2.2
      vertex -0.711975 -25.9605 2.7
      vertex -0.711975 -25.9605 2.2
    endloop
  endfacet
  facet normal -0.787506 -0.616308 0
    outer loop
      vertex -0.711975 -25.9605 2.7
      vertex -0.686462 -25.9931 2.2
      vertex -0.686462 -25.9931 2.7
    endloop
  endfacet
  facet normal -0.837144 -0.546982 0
    outer loop
      vertex -0.663528 -26.0282 2.2
      vertex -0.686462 -25.9931 2.7
      vertex -0.686462 -25.9931 2.2
    endloop
  endfacet
  facet normal -0.837144 -0.546982 0
    outer loop
      vertex -0.686462 -25.9931 2.7
      vertex -0.663528 -26.0282 2.2
      vertex -0.663528 -26.0282 2.7
    endloop
  endfacet
  facet normal -0.87971 -0.475511 0
    outer loop
      vertex -0.643204 -26.0658 2.2
      vertex -0.663528 -26.0282 2.7
      vertex -0.663528 -26.0282 2.2
    endloop
  endfacet
  facet normal -0.87971 -0.475511 0
    outer loop
      vertex -0.663528 -26.0282 2.7
      vertex -0.643204 -26.0658 2.2
      vertex -0.643204 -26.0658 2.7
    endloop
  endfacet
  facet normal -0.914828 -0.403844 0
    outer loop
      vertex -0.625458 -26.106 2.2
      vertex -0.643204 -26.0658 2.7
      vertex -0.643204 -26.0658 2.2
    endloop
  endfacet
  facet normal -0.914828 -0.403844 0
    outer loop
      vertex -0.643204 -26.0658 2.7
      vertex -0.625458 -26.106 2.2
      vertex -0.625458 -26.106 2.7
    endloop
  endfacet
  facet normal -0.942671 -0.333723 0
    outer loop
      vertex -0.610306 -26.1488 2.2
      vertex -0.625458 -26.106 2.7
      vertex -0.625458 -26.106 2.2
    endloop
  endfacet
  facet normal -0.942671 -0.333723 0
    outer loop
      vertex -0.625458 -26.106 2.7
      vertex -0.610306 -26.1488 2.2
      vertex -0.610306 -26.1488 2.7
    endloop
  endfacet
  facet normal -0.963726 -0.266893 0
    outer loop
      vertex -0.597733 -26.1942 2.2
      vertex -0.610306 -26.1488 2.7
      vertex -0.610306 -26.1488 2.2
    endloop
  endfacet
  facet normal -0.963726 -0.266893 0
    outer loop
      vertex -0.610306 -26.1488 2.7
      vertex -0.597733 -26.1942 2.2
      vertex -0.597733 -26.1942 2.7
    endloop
  endfacet
  facet normal 0.135232 -0.990814 0
    outer loop
      vertex -0.597733 -26.1942 2.2
      vertex 0.061676 -26.1042 2.7
      vertex -0.597733 -26.1942 2.7
    endloop
  endfacet
  facet normal 0.135232 -0.990814 0
    outer loop
      vertex 0.061676 -26.1042 2.7
      vertex -0.597733 -26.1942 2.2
      vertex 0.061676 -26.1042 2.2
    endloop
  endfacet
  facet normal 0.973291 0.229576 0
    outer loop
      vertex 0.061676 -26.1042 2.7
      vertex 0.0395508 -26.0104 2.2
      vertex 0.0395508 -26.0104 2.7
    endloop
  endfacet
  facet normal 0.973291 0.229576 0
    outer loop
      vertex 0.0395508 -26.0104 2.2
      vertex 0.061676 -26.1042 2.7
      vertex 0.061676 -26.1042 2.2
    endloop
  endfacet
  facet normal 0.954295 0.298865 0
    outer loop
      vertex 0.0395508 -26.0104 2.7
      vertex 0.012085 -25.9227 2.2
      vertex 0.012085 -25.9227 2.7
    endloop
  endfacet
  facet normal 0.954295 0.298865 0
    outer loop
      vertex 0.012085 -25.9227 2.2
      vertex 0.0395508 -26.0104 2.7
      vertex 0.0395508 -26.0104 2.2
    endloop
  endfacet
  facet normal 0.928003 0.372574 0
    outer loop
      vertex 0.012085 -25.9227 2.7
      vertex -0.0206757 -25.8411 2.2
      vertex -0.0206757 -25.8411 2.7
    endloop
  endfacet
  facet normal 0.928003 0.372574 0
    outer loop
      vertex -0.0206757 -25.8411 2.2
      vertex 0.012085 -25.9227 2.7
      vertex 0.012085 -25.9227 2.2
    endloop
  endfacet
  facet normal 0.89276 0.450533 0
    outer loop
      vertex -0.0206757 -25.8411 2.7
      vertex -0.0587769 -25.7656 2.2
      vertex -0.0587769 -25.7656 2.7
    endloop
  endfacet
  facet normal 0.89276 0.450533 0
    outer loop
      vertex -0.0587769 -25.7656 2.2
      vertex -0.0206757 -25.8411 2.7
      vertex -0.0206757 -25.8411 2.2
    endloop
  endfacet
  facet normal 0.847718 0.530448 0
    outer loop
      vertex -0.0587769 -25.7656 2.7
      vertex -0.102203 -25.6962 2.2
      vertex -0.102203 -25.6962 2.7
    endloop
  endfacet
  facet normal 0.847718 0.530448 0
    outer loop
      vertex -0.102203 -25.6962 2.2
      vertex -0.0587769 -25.7656 2.7
      vertex -0.0587769 -25.7656 2.2
    endloop
  endfacet
  facet normal 0.792728 0.609575 0
    outer loop
      vertex -0.102203 -25.6962 2.7
      vertex -0.150955 -25.6328 2.2
      vertex -0.150955 -25.6328 2.7
    endloop
  endfacet
  facet normal 0.792728 0.609575 0
    outer loop
      vertex -0.150955 -25.6328 2.2
      vertex -0.102203 -25.6962 2.7
      vertex -0.102203 -25.6962 2.2
    endloop
  endfacet
  facet normal 0.726666 0.686991 0
    outer loop
      vertex -0.150955 -25.6328 2.7
      vertex -0.205032 -25.5756 2.2
      vertex -0.205032 -25.5756 2.7
    endloop
  endfacet
  facet normal 0.726666 0.686991 0
    outer loop
      vertex -0.205032 -25.5756 2.2
      vertex -0.150955 -25.6328 2.7
      vertex -0.150955 -25.6328 2.2
    endloop
  endfacet
  facet normal 0.652232 0.758019 -0
    outer loop
      vertex -0.205032 -25.5756 2.2
      vertex -0.26442 -25.5245 2.7
      vertex -0.205032 -25.5756 2.7
    endloop
  endfacet
  facet normal 0.652232 0.758019 0
    outer loop
      vertex -0.26442 -25.5245 2.7
      vertex -0.205032 -25.5756 2.2
      vertex -0.26442 -25.5245 2.2
    endloop
  endfacet
  facet normal 0.571773 0.820412 -0
    outer loop
      vertex -0.26442 -25.5245 2.2
      vertex -0.329132 -25.4794 2.7
      vertex -0.26442 -25.5245 2.7
    endloop
  endfacet
  facet normal 0.571773 0.820412 0
    outer loop
      vertex -0.329132 -25.4794 2.7
      vertex -0.26442 -25.5245 2.2
      vertex -0.329132 -25.4794 2.2
    endloop
  endfacet
  facet normal 0.487566 0.873086 -0
    outer loop
      vertex -0.329132 -25.4794 2.2
      vertex -0.400223 -25.4397 2.7
      vertex -0.329132 -25.4794 2.7
    endloop
  endfacet
  facet normal 0.487566 0.873086 0
    outer loop
      vertex -0.400223 -25.4397 2.7
      vertex -0.329132 -25.4794 2.2
      vertex -0.400223 -25.4397 2.2
    endloop
  endfacet
  facet normal 0.407123 0.913374 -0
    outer loop
      vertex -0.400223 -25.4397 2.2
      vertex -0.478745 -25.4047 2.7
      vertex -0.400223 -25.4397 2.7
    endloop
  endfacet
  facet normal 0.407123 0.913374 0
    outer loop
      vertex -0.478745 -25.4047 2.7
      vertex -0.400223 -25.4397 2.2
      vertex -0.478745 -25.4047 2.2
    endloop
  endfacet
  facet normal 0.332469 0.943114 -0
    outer loop
      vertex -0.478745 -25.4047 2.2
      vertex -0.564697 -25.3744 2.7
      vertex -0.478745 -25.4047 2.7
    endloop
  endfacet
  facet normal 0.332469 0.943114 0
    outer loop
      vertex -0.564697 -25.3744 2.7
      vertex -0.478745 -25.4047 2.2
      vertex -0.564697 -25.3744 2.2
    endloop
  endfacet
  facet normal 0.265382 0.964143 -0
    outer loop
      vertex -0.564697 -25.3744 2.2
      vertex -0.658066 -25.3487 2.7
      vertex -0.564697 -25.3744 2.7
    endloop
  endfacet
  facet normal 0.265382 0.964143 0
    outer loop
      vertex -0.658066 -25.3487 2.7
      vertex -0.564697 -25.3744 2.2
      vertex -0.658066 -25.3487 2.2
    endloop
  endfacet
  facet normal 0.203925 0.978986 -0
    outer loop
      vertex -0.658066 -25.3487 2.2
      vertex -0.758881 -25.3277 2.7
      vertex -0.658066 -25.3487 2.7
    endloop
  endfacet
  facet normal 0.203925 0.978986 0
    outer loop
      vertex -0.758881 -25.3277 2.7
      vertex -0.658066 -25.3487 2.2
      vertex -0.758881 -25.3277 2.2
    endloop
  endfacet
  facet normal 0.149819 0.988713 -0
    outer loop
      vertex -0.758881 -25.3277 2.2
      vertex -0.867111 -25.3113 2.7
      vertex -0.758881 -25.3277 2.7
    endloop
  endfacet
  facet normal 0.149819 0.988713 0
    outer loop
      vertex -0.867111 -25.3113 2.7
      vertex -0.758881 -25.3277 2.2
      vertex -0.867111 -25.3113 2.2
    endloop
  endfacet
  facet normal 0.0997916 0.995008 -0
    outer loop
      vertex -0.867111 -25.3113 2.2
      vertex -0.982773 -25.2997 2.7
      vertex -0.867111 -25.3113 2.7
    endloop
  endfacet
  facet normal 0.0997916 0.995008 0
    outer loop
      vertex -0.982773 -25.2997 2.7
      vertex -0.867111 -25.3113 2.2
      vertex -0.982773 -25.2997 2.2
    endloop
  endfacet
  facet normal 0.056774 0.998387 -0
    outer loop
      vertex -0.982773 -25.2997 2.2
      vertex -1.10587 -25.2927 2.7
      vertex -0.982773 -25.2997 2.7
    endloop
  endfacet
  facet normal 0.056774 0.998387 0
    outer loop
      vertex -1.10587 -25.2927 2.7
      vertex -0.982773 -25.2997 2.2
      vertex -1.10587 -25.2927 2.2
    endloop
  endfacet
  facet normal 0.0183849 0.999831 -0
    outer loop
      vertex -1.10587 -25.2927 2.2
      vertex -1.23639 -25.2903 2.7
      vertex -1.10587 -25.2927 2.7
    endloop
  endfacet
  facet normal 0.0183849 0.999831 0
    outer loop
      vertex -1.23639 -25.2903 2.7
      vertex -1.10587 -25.2927 2.2
      vertex -1.23639 -25.2903 2.2
    endloop
  endfacet
  facet normal -0.0212142 0.999775 0
    outer loop
      vertex -1.23639 -25.2903 2.2
      vertex -1.37306 -25.2932 2.7
      vertex -1.23639 -25.2903 2.7
    endloop
  endfacet
  facet normal -0.0212142 0.999775 0
    outer loop
      vertex -1.37306 -25.2932 2.7
      vertex -1.23639 -25.2903 2.2
      vertex -1.37306 -25.2932 2.2
    endloop
  endfacet
  facet normal -0.0671646 0.997742 0
    outer loop
      vertex -1.37306 -25.2932 2.2
      vertex -1.5023 -25.3019 2.7
      vertex -1.37306 -25.2932 2.7
    endloop
  endfacet
  facet normal -0.0671646 0.997742 0
    outer loop
      vertex -1.5023 -25.3019 2.7
      vertex -1.37306 -25.2932 2.2
      vertex -1.5023 -25.3019 2.2
    endloop
  endfacet
  facet normal -0.117399 0.993085 0
    outer loop
      vertex -1.5023 -25.3019 2.2
      vertex -1.62411 -25.3163 2.7
      vertex -1.5023 -25.3019 2.7
    endloop
  endfacet
  facet normal -0.117399 0.993085 0
    outer loop
      vertex -1.62411 -25.3163 2.7
      vertex -1.5023 -25.3019 2.2
      vertex -1.62411 -25.3163 2.2
    endloop
  endfacet
  facet normal -0.174748 0.984613 0
    outer loop
      vertex -1.62411 -25.3163 2.2
      vertex -1.73849 -25.3366 2.7
      vertex -1.62411 -25.3163 2.7
    endloop
  endfacet
  facet normal -0.174748 0.984613 0
    outer loop
      vertex -1.73849 -25.3366 2.7
      vertex -1.62411 -25.3163 2.2
      vertex -1.73849 -25.3366 2.2
    endloop
  endfacet
  facet normal -0.236224 0.971699 0
    outer loop
      vertex -1.73849 -25.3366 2.2
      vertex -1.84544 -25.3626 2.7
      vertex -1.73849 -25.3366 2.7
    endloop
  endfacet
  facet normal -0.236224 0.971699 0
    outer loop
      vertex -1.84544 -25.3626 2.7
      vertex -1.73849 -25.3366 2.2
      vertex -1.84544 -25.3626 2.2
    endloop
  endfacet
  facet normal -0.303449 0.952848 0
    outer loop
      vertex -1.84544 -25.3626 2.2
      vertex -1.94498 -25.3943 2.7
      vertex -1.84544 -25.3626 2.7
    endloop
  endfacet
  facet normal -0.303449 0.952848 0
    outer loop
      vertex -1.94498 -25.3943 2.7
      vertex -1.84544 -25.3626 2.2
      vertex -1.94498 -25.3943 2.2
    endloop
  endfacet
  facet normal -0.378038 0.92579 0
    outer loop
      vertex -1.94498 -25.3943 2.2
      vertex -2.03706 -25.4319 2.7
      vertex -1.94498 -25.3943 2.7
    endloop
  endfacet
  facet normal -0.378038 0.92579 0
    outer loop
      vertex -2.03706 -25.4319 2.7
      vertex -1.94498 -25.3943 2.2
      vertex -2.03706 -25.4319 2.2
    endloop
  endfacet
  facet normal -0.455313 0.890331 0
    outer loop
      vertex -2.03706 -25.4319 2.2
      vertex -2.12173 -25.4752 2.7
      vertex -2.03706 -25.4319 2.7
    endloop
  endfacet
  facet normal -0.455313 0.890331 0
    outer loop
      vertex -2.12173 -25.4752 2.7
      vertex -2.03706 -25.4319 2.2
      vertex -2.12173 -25.4752 2.2
    endloop
  endfacet
  facet normal -0.537243 0.843428 0
    outer loop
      vertex -2.12173 -25.4752 2.2
      vertex -2.19897 -25.5244 2.7
      vertex -2.12173 -25.4752 2.7
    endloop
  endfacet
  facet normal -0.537243 0.843428 0
    outer loop
      vertex -2.19897 -25.5244 2.7
      vertex -2.12173 -25.4752 2.2
      vertex -2.19897 -25.5244 2.2
    endloop
  endfacet
  facet normal -0.617456 0.786605 0
    outer loop
      vertex -2.19897 -25.5244 2.2
      vertex -2.2684 -25.5789 2.7
      vertex -2.19897 -25.5244 2.7
    endloop
  endfacet
  facet normal -0.617456 0.786605 0
    outer loop
      vertex -2.2684 -25.5789 2.7
      vertex -2.19897 -25.5244 2.2
      vertex -2.2684 -25.5789 2.2
    endloop
  endfacet
  facet normal -0.697212 0.716865 0
    outer loop
      vertex -2.2684 -25.5789 2.2
      vertex -2.32968 -25.6385 2.7
      vertex -2.2684 -25.5789 2.7
    endloop
  endfacet
  facet normal -0.697212 0.716865 0
    outer loop
      vertex -2.32968 -25.6385 2.7
      vertex -2.2684 -25.5789 2.2
      vertex -2.32968 -25.6385 2.2
    endloop
  endfacet
  facet normal -0.773478 0.633823 0
    outer loop
      vertex -2.38278 -25.7033 2.2
      vertex -2.32968 -25.6385 2.7
      vertex -2.32968 -25.6385 2.2
    endloop
  endfacet
  facet normal -0.773478 0.633823 0
    outer loop
      vertex -2.32968 -25.6385 2.7
      vertex -2.38278 -25.7033 2.2
      vertex -2.38278 -25.7033 2.7
    endloop
  endfacet
  facet normal -0.840912 0.541172 0
    outer loop
      vertex -2.4277 -25.7731 2.2
      vertex -2.38278 -25.7033 2.7
      vertex -2.38278 -25.7033 2.2
    endloop
  endfacet
  facet normal -0.840912 0.541172 0
    outer loop
      vertex -2.38278 -25.7033 2.7
      vertex -2.4277 -25.7731 2.2
      vertex -2.4277 -25.7731 2.7
    endloop
  endfacet
  facet normal -0.897943 0.440112 0
    outer loop
      vertex -2.46446 -25.8481 2.2
      vertex -2.4277 -25.7731 2.7
      vertex -2.4277 -25.7731 2.2
    endloop
  endfacet
  facet normal -0.897943 0.440112 0
    outer loop
      vertex -2.4277 -25.7731 2.7
      vertex -2.46446 -25.8481 2.2
      vertex -2.46446 -25.8481 2.7
    endloop
  endfacet
  facet normal -0.941635 0.336635 0
    outer loop
      vertex -2.49306 -25.9281 2.2
      vertex -2.46446 -25.8481 2.7
      vertex -2.46446 -25.8481 2.2
    endloop
  endfacet
  facet normal -0.941635 0.336635 0
    outer loop
      vertex -2.46446 -25.8481 2.7
      vertex -2.49306 -25.9281 2.2
      vertex -2.49306 -25.9281 2.7
    endloop
  endfacet
  facet normal -0.972372 0.233438 0
    outer loop
      vertex -2.51349 -26.0132 2.2
      vertex -2.49306 -25.9281 2.7
      vertex -2.49306 -25.9281 2.2
    endloop
  endfacet
  facet normal -0.972372 0.233438 0
    outer loop
      vertex -2.49306 -25.9281 2.7
      vertex -2.51349 -26.0132 2.2
      vertex -2.51349 -26.0132 2.7
    endloop
  endfacet
  facet normal -0.990904 0.134574 0
    outer loop
      vertex -2.52574 -26.1034 2.2
      vertex -2.51349 -26.0132 2.7
      vertex -2.51349 -26.0132 2.2
    endloop
  endfacet
  facet normal -0.990904 0.134574 0
    outer loop
      vertex -2.51349 -26.0132 2.7
      vertex -2.52574 -26.1034 2.2
      vertex -2.52574 -26.1034 2.7
    endloop
  endfacet
  facet normal -0.999085 0.042773 0
    outer loop
      vertex -2.52982 -26.1987 2.2
      vertex -2.52574 -26.1034 2.7
      vertex -2.52574 -26.1034 2.2
    endloop
  endfacet
  facet normal -0.999085 0.042773 0
    outer loop
      vertex -2.52574 -26.1034 2.7
      vertex -2.52982 -26.1987 2.2
      vertex -2.52982 -26.1987 2.7
    endloop
  endfacet
  facet normal -0.999895 -0.0144722 0
    outer loop
      vertex -2.52927 -26.2367 2.2
      vertex -2.52982 -26.1987 2.7
      vertex -2.52982 -26.1987 2.2
    endloop
  endfacet
  facet normal -0.999895 -0.0144722 0
    outer loop
      vertex -2.52982 -26.1987 2.7
      vertex -2.52927 -26.2367 2.2
      vertex -2.52927 -26.2367 2.7
    endloop
  endfacet
  facet normal -0.998983 -0.0450892 0
    outer loop
      vertex -2.5276 -26.2737 2.2
      vertex -2.52927 -26.2367 2.7
      vertex -2.52927 -26.2367 2.2
    endloop
  endfacet
  facet normal -0.998983 -0.0450892 0
    outer loop
      vertex -2.52927 -26.2367 2.7
      vertex -2.5276 -26.2737 2.2
      vertex -2.5276 -26.2737 2.7
    endloop
  endfacet
  facet normal -0.997053 -0.0767177 0
    outer loop
      vertex -2.52483 -26.3097 2.2
      vertex -2.5276 -26.2737 2.7
      vertex -2.5276 -26.2737 2.2
    endloop
  endfacet
  facet normal -0.997053 -0.0767177 0
    outer loop
      vertex -2.5276 -26.2737 2.7
      vertex -2.52483 -26.3097 2.2
      vertex -2.52483 -26.3097 2.7
    endloop
  endfacet
  facet normal -0.993911 -0.110182 0
    outer loop
      vertex -2.52095 -26.3447 2.2
      vertex -2.52483 -26.3097 2.7
      vertex -2.52483 -26.3097 2.2
    endloop
  endfacet
  facet normal -0.993911 -0.110182 0
    outer loop
      vertex -2.52483 -26.3097 2.7
      vertex -2.52095 -26.3447 2.2
      vertex -2.52095 -26.3447 2.7
    endloop
  endfacet
  facet normal -0.98942 -0.145076 0
    outer loop
      vertex -2.51595 -26.3788 2.2
      vertex -2.52095 -26.3447 2.7
      vertex -2.52095 -26.3447 2.2
    endloop
  endfacet
  facet normal -0.98942 -0.145076 0
    outer loop
      vertex -2.52095 -26.3447 2.7
      vertex -2.51595 -26.3788 2.2
      vertex -2.51595 -26.3788 2.7
    endloop
  endfacet
  facet normal -0.983386 -0.181525 0
    outer loop
      vertex -2.50984 -26.4119 2.2
      vertex -2.51595 -26.3788 2.7
      vertex -2.51595 -26.3788 2.2
    endloop
  endfacet
  facet normal -0.983386 -0.181525 0
    outer loop
      vertex -2.51595 -26.3788 2.7
      vertex -2.50984 -26.4119 2.2
      vertex -2.50984 -26.4119 2.7
    endloop
  endfacet
  facet normal -0.975756 -0.218861 0
    outer loop
      vertex -2.50264 -26.444 2.2
      vertex -2.50984 -26.4119 2.7
      vertex -2.50984 -26.4119 2.2
    endloop
  endfacet
  facet normal -0.975756 -0.218861 0
    outer loop
      vertex -2.50984 -26.4119 2.7
      vertex -2.50264 -26.444 2.2
      vertex -2.50264 -26.444 2.7
    endloop
  endfacet
  facet normal -0.966158 -0.257952 0
    outer loop
      vertex -2.49431 -26.4752 2.2
      vertex -2.50264 -26.444 2.7
      vertex -2.50264 -26.444 2.2
    endloop
  endfacet
  facet normal -0.966158 -0.257952 0
    outer loop
      vertex -2.50264 -26.444 2.7
      vertex -2.49431 -26.4752 2.2
      vertex -2.49431 -26.4752 2.7
    endloop
  endfacet
  facet normal -0.954547 -0.298059 0
    outer loop
      vertex -2.48488 -26.5054 2.2
      vertex -2.49431 -26.4752 2.7
      vertex -2.49431 -26.4752 2.2
    endloop
  endfacet
  facet normal -0.954547 -0.298059 0
    outer loop
      vertex -2.49431 -26.4752 2.7
      vertex -2.48488 -26.5054 2.2
      vertex -2.48488 -26.5054 2.7
    endloop
  endfacet
  facet normal -0.941989 -0.335644 0
    outer loop
      vertex -2.47444 -26.5347 2.2
      vertex -2.48488 -26.5054 2.7
      vertex -2.48488 -26.5054 2.2
    endloop
  endfacet
  facet normal -0.941989 -0.335644 0
    outer loop
      vertex -2.48488 -26.5054 2.7
      vertex -2.47444 -26.5347 2.2
      vertex -2.47444 -26.5347 2.7
    endloop
  endfacet
  facet normal -0.92904 -0.36998 0
    outer loop
      vertex -2.46313 -26.5631 2.2
      vertex -2.47444 -26.5347 2.7
      vertex -2.47444 -26.5347 2.2
    endloop
  endfacet
  facet normal -0.92904 -0.36998 0
    outer loop
      vertex -2.47444 -26.5347 2.7
      vertex -2.46313 -26.5631 2.2
      vertex -2.46313 -26.5631 2.7
    endloop
  endfacet
  facet normal -0.914752 -0.404016 0
    outer loop
      vertex -2.45094 -26.5907 2.2
      vertex -2.46313 -26.5631 2.7
      vertex -2.46313 -26.5631 2.2
    endloop
  endfacet
  facet normal -0.914752 -0.404016 0
    outer loop
      vertex -2.46313 -26.5631 2.7
      vertex -2.45094 -26.5907 2.2
      vertex -2.45094 -26.5907 2.7
    endloop
  endfacet
  facet normal -0.898163 -0.439663 0
    outer loop
      vertex -2.43787 -26.6174 2.2
      vertex -2.45094 -26.5907 2.7
      vertex -2.45094 -26.5907 2.2
    endloop
  endfacet
  facet normal -0.898163 -0.439663 0
    outer loop
      vertex -2.45094 -26.5907 2.7
      vertex -2.43787 -26.6174 2.2
      vertex -2.43787 -26.6174 2.7
    endloop
  endfacet
  facet normal -0.880133 -0.474728 0
    outer loop
      vertex -2.4239 -26.6433 2.2
      vertex -2.43787 -26.6174 2.7
      vertex -2.43787 -26.6174 2.2
    endloop
  endfacet
  facet normal -0.880133 -0.474728 0
    outer loop
      vertex -2.43787 -26.6174 2.7
      vertex -2.4239 -26.6433 2.2
      vertex -2.4239 -26.6433 2.7
    endloop
  endfacet
  facet normal -0.859911 -0.510443 0
    outer loop
      vertex -2.40906 -26.6683 2.2
      vertex -2.4239 -26.6433 2.7
      vertex -2.4239 -26.6433 2.2
    endloop
  endfacet
  facet normal -0.859911 -0.510443 0
    outer loop
      vertex -2.4239 -26.6433 2.7
      vertex -2.40906 -26.6683 2.2
      vertex -2.40906 -26.6683 2.7
    endloop
  endfacet
  facet normal -0.838602 -0.544745 0
    outer loop
      vertex -2.39334 -26.6925 2.2
      vertex -2.40906 -26.6683 2.7
      vertex -2.40906 -26.6683 2.2
    endloop
  endfacet
  facet normal -0.838602 -0.544745 0
    outer loop
      vertex -2.40906 -26.6683 2.7
      vertex -2.39334 -26.6925 2.2
      vertex -2.39334 -26.6925 2.7
    endloop
  endfacet
  facet normal -0.814441 -0.580246 0
    outer loop
      vertex -2.37674 -26.7158 2.2
      vertex -2.39334 -26.6925 2.7
      vertex -2.39334 -26.6925 2.2
    endloop
  endfacet
  facet normal -0.814441 -0.580246 0
    outer loop
      vertex -2.39334 -26.6925 2.7
      vertex -2.37674 -26.7158 2.2
      vertex -2.37674 -26.7158 2.7
    endloop
  endfacet
  facet normal -0.789352 -0.613941 0
    outer loop
      vertex -2.35924 -26.7383 2.2
      vertex -2.37674 -26.7158 2.7
      vertex -2.37674 -26.7158 2.2
    endloop
  endfacet
  facet normal -0.789352 -0.613941 0
    outer loop
      vertex -2.37674 -26.7158 2.7
      vertex -2.35924 -26.7383 2.2
      vertex -2.35924 -26.7383 2.7
    endloop
  endfacet
  facet normal -0.761939 -0.647648 0
    outer loop
      vertex -2.34088 -26.7599 2.2
      vertex -2.35924 -26.7383 2.7
      vertex -2.35924 -26.7383 2.2
    endloop
  endfacet
  facet normal -0.761939 -0.647648 0
    outer loop
      vertex -2.35924 -26.7383 2.7
      vertex -2.34088 -26.7599 2.2
      vertex -2.34088 -26.7599 2.7
    endloop
  endfacet
  facet normal -0.737854 -0.674961 0
    outer loop
      vertex -2.32167 -26.7809 2.2
      vertex -2.34088 -26.7599 2.7
      vertex -2.34088 -26.7599 2.2
    endloop
  endfacet
  facet normal -0.737854 -0.674961 0
    outer loop
      vertex -2.34088 -26.7599 2.7
      vertex -2.32167 -26.7809 2.2
      vertex -2.32167 -26.7809 2.7
    endloop
  endfacet
  facet normal -0.70921 -0.704997 0
    outer loop
      vertex -2.30159 -26.8011 2.2
      vertex -2.32167 -26.7809 2.7
      vertex -2.32167 -26.7809 2.2
    endloop
  endfacet
  facet normal -0.70921 -0.704997 0
    outer loop
      vertex -2.32167 -26.7809 2.7
      vertex -2.30159 -26.8011 2.2
      vertex -2.30159 -26.8011 2.7
    endloop
  endfacet
  facet normal -0.683709 -0.729755 0
    outer loop
      vertex -2.30159 -26.8011 2.2
      vertex -2.28067 -26.8207 2.7
      vertex -2.30159 -26.8011 2.7
    endloop
  endfacet
  facet normal -0.683709 -0.729755 -0
    outer loop
      vertex -2.28067 -26.8207 2.7
      vertex -2.30159 -26.8011 2.2
      vertex -2.28067 -26.8207 2.2
    endloop
  endfacet
  facet normal -0.653593 -0.756846 0
    outer loop
      vertex -2.28067 -26.8207 2.2
      vertex -2.2589 -26.8395 2.7
      vertex -2.28067 -26.8207 2.7
    endloop
  endfacet
  facet normal -0.653593 -0.756846 -0
    outer loop
      vertex -2.2589 -26.8395 2.7
      vertex -2.28067 -26.8207 2.2
      vertex -2.2589 -26.8395 2.2
    endloop
  endfacet
  facet normal -0.626709 -0.779254 0
    outer loop
      vertex -2.2589 -26.8395 2.2
      vertex -2.23627 -26.8577 2.7
      vertex -2.2589 -26.8395 2.7
    endloop
  endfacet
  facet normal -0.626709 -0.779254 -0
    outer loop
      vertex -2.23627 -26.8577 2.7
      vertex -2.2589 -26.8395 2.2
      vertex -2.23627 -26.8577 2.2
    endloop
  endfacet
  facet normal -0.595228 -0.803557 0
    outer loop
      vertex -2.23627 -26.8577 2.2
      vertex -2.21278 -26.8751 2.7
      vertex -2.23627 -26.8577 2.7
    endloop
  endfacet
  facet normal -0.595228 -0.803557 -0
    outer loop
      vertex -2.21278 -26.8751 2.7
      vertex -2.23627 -26.8577 2.2
      vertex -2.21278 -26.8751 2.2
    endloop
  endfacet
  facet normal -0.566068 -0.824358 0
    outer loop
      vertex -2.21278 -26.8751 2.2
      vertex -2.18846 -26.8918 2.7
      vertex -2.21278 -26.8751 2.7
    endloop
  endfacet
  facet normal -0.566068 -0.824358 -0
    outer loop
      vertex -2.18846 -26.8918 2.7
      vertex -2.21278 -26.8751 2.2
      vertex -2.18846 -26.8918 2.2
    endloop
  endfacet
  facet normal -0.533766 -0.845632 0
    outer loop
      vertex -2.18846 -26.8918 2.2
      vertex -2.16327 -26.9077 2.7
      vertex -2.18846 -26.8918 2.7
    endloop
  endfacet
  facet normal -0.533766 -0.845632 -0
    outer loop
      vertex -2.16327 -26.9077 2.7
      vertex -2.18846 -26.8918 2.2
      vertex -2.16327 -26.9077 2.2
    endloop
  endfacet
  facet normal -0.510202 -0.860055 0
    outer loop
      vertex -2.16327 -26.9077 2.2
      vertex -2.13731 -26.9231 2.7
      vertex -2.16327 -26.9077 2.7
    endloop
  endfacet
  facet normal -0.510202 -0.860055 -0
    outer loop
      vertex -2.13731 -26.9231 2.7
      vertex -2.16327 -26.9077 2.2
      vertex -2.13731 -26.9231 2.2
    endloop
  endfacet
  facet normal -0.490494 -0.871445 0
    outer loop
      vertex -2.13731 -26.9231 2.2
      vertex -2.11066 -26.9381 2.7
      vertex -2.13731 -26.9231 2.7
    endloop
  endfacet
  facet normal -0.490494 -0.871445 -0
    outer loop
      vertex -2.11066 -26.9381 2.7
      vertex -2.13731 -26.9231 2.2
      vertex -2.11066 -26.9381 2.2
    endloop
  endfacet
  facet normal -0.468675 -0.883371 0
    outer loop
      vertex -2.11066 -26.9381 2.2
      vertex -2.08333 -26.9526 2.7
      vertex -2.11066 -26.9381 2.7
    endloop
  endfacet
  facet normal -0.468675 -0.883371 -0
    outer loop
      vertex -2.08333 -26.9526 2.7
      vertex -2.11066 -26.9381 2.2
      vertex -2.08333 -26.9526 2.2
    endloop
  endfacet
  facet normal -0.447214 -0.894427 0
    outer loop
      vertex -2.08333 -26.9526 2.2
      vertex -2.05533 -26.9666 2.7
      vertex -2.08333 -26.9526 2.7
    endloop
  endfacet
  facet normal -0.447214 -0.894427 -0
    outer loop
      vertex -2.05533 -26.9666 2.7
      vertex -2.08333 -26.9526 2.2
      vertex -2.05533 -26.9666 2.2
    endloop
  endfacet
  facet normal -0.428222 -0.903674 0
    outer loop
      vertex -2.05533 -26.9666 2.2
      vertex -2.02663 -26.9802 2.7
      vertex -2.05533 -26.9666 2.7
    endloop
  endfacet
  facet normal -0.428222 -0.903674 -0
    outer loop
      vertex -2.02663 -26.9802 2.7
      vertex -2.05533 -26.9666 2.2
      vertex -2.02663 -26.9802 2.2
    endloop
  endfacet
  facet normal -0.407234 -0.913324 0
    outer loop
      vertex -2.02663 -26.9802 2.2
      vertex -1.99725 -26.9933 2.7
      vertex -2.02663 -26.9802 2.7
    endloop
  endfacet
  facet normal -0.407234 -0.913324 -0
    outer loop
      vertex -1.99725 -26.9933 2.7
      vertex -2.02663 -26.9802 2.2
      vertex -1.99725 -26.9933 2.2
    endloop
  endfacet
  facet normal -0.3894 -0.921069 0
    outer loop
      vertex -1.99725 -26.9933 2.2
      vertex -1.96721 -27.006 2.7
      vertex -1.99725 -26.9933 2.7
    endloop
  endfacet
  facet normal -0.3894 -0.921069 -0
    outer loop
      vertex -1.96721 -27.006 2.7
      vertex -1.99725 -26.9933 2.2
      vertex -1.96721 -27.006 2.2
    endloop
  endfacet
  facet normal -0.368783 -0.929515 0
    outer loop
      vertex -1.96721 -27.006 2.2
      vertex -1.93646 -27.0182 2.7
      vertex -1.96721 -27.006 2.7
    endloop
  endfacet
  facet normal -0.368783 -0.929515 -0
    outer loop
      vertex -1.93646 -27.0182 2.7
      vertex -1.96721 -27.006 2.2
      vertex -1.93646 -27.0182 2.2
    endloop
  endfacet
  facet normal -0.348965 -0.937136 0
    outer loop
      vertex -1.93646 -27.0182 2.2
      vertex -1.90504 -27.0299 2.7
      vertex -1.93646 -27.0182 2.7
    endloop
  endfacet
  facet normal -0.348965 -0.937136 -0
    outer loop
      vertex -1.90504 -27.0299 2.7
      vertex -1.93646 -27.0182 2.2
      vertex -1.90504 -27.0299 2.2
    endloop
  endfacet
  facet normal -0.328436 -0.944526 0
    outer loop
      vertex -1.90504 -27.0299 2.2
      vertex -1.87053 -27.0419 2.7
      vertex -1.90504 -27.0299 2.7
    endloop
  endfacet
  facet normal -0.328436 -0.944526 -0
    outer loop
      vertex -1.87053 -27.0419 2.7
      vertex -1.90504 -27.0299 2.2
      vertex -1.87053 -27.0419 2.2
    endloop
  endfacet
  facet normal -0.302889 -0.953026 0
    outer loop
      vertex -1.87053 -27.0419 2.2
      vertex -1.83057 -27.0546 2.7
      vertex -1.87053 -27.0419 2.7
    endloop
  endfacet
  facet normal -0.302889 -0.953026 -0
    outer loop
      vertex -1.83057 -27.0546 2.7
      vertex -1.87053 -27.0419 2.2
      vertex -1.83057 -27.0546 2.2
    endloop
  endfacet
  facet normal -0.286729 -0.958012 0
    outer loop
      vertex -1.83057 -27.0546 2.2
      vertex -1.78513 -27.0682 2.7
      vertex -1.83057 -27.0546 2.7
    endloop
  endfacet
  facet normal -0.286729 -0.958012 -0
    outer loop
      vertex -1.78513 -27.0682 2.7
      vertex -1.83057 -27.0546 2.2
      vertex -1.78513 -27.0682 2.2
    endloop
  endfacet
  facet normal -0.272273 -0.96222 0
    outer loop
      vertex -1.78513 -27.0682 2.2
      vertex -1.73424 -27.0826 2.7
      vertex -1.78513 -27.0682 2.7
    endloop
  endfacet
  facet normal -0.272273 -0.96222 -0
    outer loop
      vertex -1.73424 -27.0826 2.7
      vertex -1.78513 -27.0682 2.2
      vertex -1.73424 -27.0826 2.2
    endloop
  endfacet
  facet normal -0.261944 -0.965083 0
    outer loop
      vertex -1.73424 -27.0826 2.2
      vertex -1.67787 -27.0979 2.7
      vertex -1.73424 -27.0826 2.7
    endloop
  endfacet
  facet normal -0.261944 -0.965083 -0
    outer loop
      vertex -1.67787 -27.0979 2.7
      vertex -1.73424 -27.0826 2.2
      vertex -1.67787 -27.0979 2.2
    endloop
  endfacet
  facet normal -0.250522 -0.968111 0
    outer loop
      vertex -1.67787 -27.0979 2.2
      vertex -1.61604 -27.1139 2.7
      vertex -1.67787 -27.0979 2.7
    endloop
  endfacet
  facet normal -0.250522 -0.968111 -0
    outer loop
      vertex -1.61604 -27.1139 2.7
      vertex -1.67787 -27.0979 2.2
      vertex -1.61604 -27.1139 2.2
    endloop
  endfacet
  facet normal -0.243587 -0.969879 0
    outer loop
      vertex -1.61604 -27.1139 2.2
      vertex -1.54875 -27.1308 2.7
      vertex -1.61604 -27.1139 2.7
    endloop
  endfacet
  facet normal -0.243587 -0.969879 -0
    outer loop
      vertex -1.54875 -27.1308 2.7
      vertex -1.61604 -27.1139 2.2
      vertex -1.54875 -27.1308 2.2
    endloop
  endfacet
  facet normal -0.236341 -0.97167 0
    outer loop
      vertex -1.54875 -27.1308 2.2
      vertex -1.47598 -27.1485 2.7
      vertex -1.54875 -27.1308 2.7
    endloop
  endfacet
  facet normal -0.236341 -0.97167 -0
    outer loop
      vertex -1.47598 -27.1485 2.7
      vertex -1.54875 -27.1308 2.2
      vertex -1.47598 -27.1485 2.2
    endloop
  endfacet
  facet normal -0.231368 -0.972866 0
    outer loop
      vertex -1.47598 -27.1485 2.2
      vertex -1.39777 -27.1671 2.7
      vertex -1.47598 -27.1485 2.7
    endloop
  endfacet
  facet normal -0.231368 -0.972866 -0
    outer loop
      vertex -1.39777 -27.1671 2.7
      vertex -1.47598 -27.1485 2.2
      vertex -1.39777 -27.1671 2.2
    endloop
  endfacet
  facet normal -0.201531 -0.979482 0
    outer loop
      vertex -1.39777 -27.1671 2.2
      vertex -1.30737 -27.1857 2.7
      vertex -1.39777 -27.1671 2.7
    endloop
  endfacet
  facet normal -0.201531 -0.979482 -0
    outer loop
      vertex -1.30737 -27.1857 2.7
      vertex -1.39777 -27.1671 2.2
      vertex -1.30737 -27.1857 2.2
    endloop
  endfacet
  facet normal -0.211532 -0.977371 0
    outer loop
      vertex -1.30737 -27.1857 2.2
      vertex -1.22374 -27.2038 2.7
      vertex -1.30737 -27.1857 2.7
    endloop
  endfacet
  facet normal -0.211532 -0.977371 -0
    outer loop
      vertex -1.22374 -27.2038 2.7
      vertex -1.30737 -27.1857 2.2
      vertex -1.22374 -27.2038 2.2
    endloop
  endfacet
  facet normal -0.220716 -0.975338 0
    outer loop
      vertex -1.22374 -27.2038 2.2
      vertex -1.14685 -27.2212 2.7
      vertex -1.22374 -27.2038 2.7
    endloop
  endfacet
  facet normal -0.220716 -0.975338 -0
    outer loop
      vertex -1.14685 -27.2212 2.7
      vertex -1.22374 -27.2038 2.2
      vertex -1.14685 -27.2212 2.2
    endloop
  endfacet
  facet normal -0.231558 -0.972821 0
    outer loop
      vertex -1.14685 -27.2212 2.2
      vertex -1.07669 -27.2379 2.7
      vertex -1.14685 -27.2212 2.7
    endloop
  endfacet
  facet normal -0.231558 -0.972821 -0
    outer loop
      vertex -1.07669 -27.2379 2.7
      vertex -1.14685 -27.2212 2.2
      vertex -1.07669 -27.2379 2.2
    endloop
  endfacet
  facet normal -0.247566 -0.968871 0
    outer loop
      vertex -1.07669 -27.2379 2.2
      vertex -1.01329 -27.2541 2.7
      vertex -1.07669 -27.2379 2.7
    endloop
  endfacet
  facet normal -0.247566 -0.968871 -0
    outer loop
      vertex -1.01329 -27.2541 2.7
      vertex -1.07669 -27.2379 2.2
      vertex -1.01329 -27.2541 2.2
    endloop
  endfacet
  facet normal -0.263888 -0.964553 0
    outer loop
      vertex -1.01329 -27.2541 2.2
      vertex -0.956635 -27.2696 2.7
      vertex -1.01329 -27.2541 2.7
    endloop
  endfacet
  facet normal -0.263888 -0.964553 -0
    outer loop
      vertex -0.956635 -27.2696 2.7
      vertex -1.01329 -27.2541 2.2
      vertex -0.956635 -27.2696 2.2
    endloop
  endfacet
  facet normal -0.286051 -0.958214 0
    outer loop
      vertex -0.956635 -27.2696 2.2
      vertex -0.906723 -27.2845 2.7
      vertex -0.956635 -27.2696 2.7
    endloop
  endfacet
  facet normal -0.286051 -0.958214 -0
    outer loop
      vertex -0.906723 -27.2845 2.7
      vertex -0.956635 -27.2696 2.2
      vertex -0.906723 -27.2845 2.2
    endloop
  endfacet
  facet normal -0.312482 -0.949924 0
    outer loop
      vertex -0.906723 -27.2845 2.2
      vertex -0.863556 -27.2987 2.7
      vertex -0.906723 -27.2845 2.7
    endloop
  endfacet
  facet normal -0.312482 -0.949924 -0
    outer loop
      vertex -0.863556 -27.2987 2.7
      vertex -0.906723 -27.2845 2.2
      vertex -0.863556 -27.2987 2.2
    endloop
  endfacet
  facet normal -0.352055 -0.935979 0
    outer loop
      vertex -0.863556 -27.2987 2.2
      vertex -0.827133 -27.3124 2.7
      vertex -0.863556 -27.2987 2.7
    endloop
  endfacet
  facet normal -0.352055 -0.935979 -0
    outer loop
      vertex -0.827133 -27.3124 2.7
      vertex -0.863556 -27.2987 2.2
      vertex -0.827133 -27.3124 2.2
    endloop
  endfacet
  facet normal -0.39139 -0.920225 0
    outer loop
      vertex -0.827133 -27.3124 2.2
      vertex -0.794922 -27.3261 2.7
      vertex -0.827133 -27.3124 2.7
    endloop
  endfacet
  facet normal -0.39139 -0.920225 -0
    outer loop
      vertex -0.794922 -27.3261 2.7
      vertex -0.827133 -27.3124 2.2
      vertex -0.794922 -27.3261 2.2
    endloop
  endfacet
  facet normal -0.426036 -0.904706 0
    outer loop
      vertex -0.794922 -27.3261 2.2
      vertex -0.764343 -27.3405 2.7
      vertex -0.794922 -27.3261 2.7
    endloop
  endfacet
  facet normal -0.426036 -0.904706 -0
    outer loop
      vertex -0.764343 -27.3405 2.7
      vertex -0.794922 -27.3261 2.2
      vertex -0.764343 -27.3405 2.2
    endloop
  endfacet
  facet normal -0.465305 -0.885151 0
    outer loop
      vertex -0.764343 -27.3405 2.2
      vertex -0.735428 -27.3557 2.7
      vertex -0.764343 -27.3405 2.7
    endloop
  endfacet
  facet normal -0.465305 -0.885151 -0
    outer loop
      vertex -0.735428 -27.3557 2.7
      vertex -0.764343 -27.3405 2.2
      vertex -0.735428 -27.3557 2.2
    endloop
  endfacet
  facet normal -0.503721 -0.863866 0
    outer loop
      vertex -0.735428 -27.3557 2.2
      vertex -0.70816 -27.3716 2.7
      vertex -0.735428 -27.3557 2.7
    endloop
  endfacet
  facet normal -0.503721 -0.863866 -0
    outer loop
      vertex -0.70816 -27.3716 2.7
      vertex -0.735428 -27.3557 2.2
      vertex -0.70816 -27.3716 2.2
    endloop
  endfacet
  facet normal -0.543782 -0.839226 0
    outer loop
      vertex -0.70816 -27.3716 2.2
      vertex -0.682541 -27.3882 2.7
      vertex -0.70816 -27.3716 2.7
    endloop
  endfacet
  facet normal -0.543782 -0.839226 -0
    outer loop
      vertex -0.682541 -27.3882 2.7
      vertex -0.70816 -27.3716 2.2
      vertex -0.682541 -27.3882 2.2
    endloop
  endfacet
  facet normal -0.587417 -0.809285 0
    outer loop
      vertex -0.682541 -27.3882 2.2
      vertex -0.658569 -27.4056 2.7
      vertex -0.682541 -27.3882 2.7
    endloop
  endfacet
  facet normal -0.587417 -0.809285 -0
    outer loop
      vertex -0.658569 -27.4056 2.7
      vertex -0.682541 -27.3882 2.2
      vertex -0.658569 -27.4056 2.2
    endloop
  endfacet
  facet normal -0.632155 -0.774842 0
    outer loop
      vertex -0.658569 -27.4056 2.2
      vertex -0.636261 -27.4238 2.7
      vertex -0.658569 -27.4056 2.7
    endloop
  endfacet
  facet normal -0.632155 -0.774842 -0
    outer loop
      vertex -0.636261 -27.4238 2.7
      vertex -0.658569 -27.4056 2.2
      vertex -0.636261 -27.4238 2.2
    endloop
  endfacet
  facet normal -0.673029 -0.739616 0
    outer loop
      vertex -0.636261 -27.4238 2.2
      vertex -0.615601 -27.4426 2.7
      vertex -0.636261 -27.4238 2.7
    endloop
  endfacet
  facet normal -0.673029 -0.739616 -0
    outer loop
      vertex -0.615601 -27.4426 2.7
      vertex -0.636261 -27.4238 2.2
      vertex -0.615601 -27.4426 2.2
    endloop
  endfacet
  facet normal -0.717773 -0.696277 0
    outer loop
      vertex -0.596588 -27.4622 2.2
      vertex -0.615601 -27.4426 2.7
      vertex -0.615601 -27.4426 2.2
    endloop
  endfacet
  facet normal -0.717773 -0.696277 0
    outer loop
      vertex -0.615601 -27.4426 2.7
      vertex -0.596588 -27.4622 2.2
      vertex -0.596588 -27.4622 2.7
    endloop
  endfacet
  facet normal -0.767958 -0.6405 0
    outer loop
      vertex -0.579407 -27.4828 2.2
      vertex -0.596588 -27.4622 2.7
      vertex -0.596588 -27.4622 2.2
    endloop
  endfacet
  facet normal -0.767958 -0.6405 0
    outer loop
      vertex -0.596588 -27.4622 2.7
      vertex -0.579407 -27.4828 2.2
      vertex -0.579407 -27.4828 2.7
    endloop
  endfacet
  facet normal -0.820874 -0.57111 0
    outer loop
      vertex -0.56424 -27.5046 2.2
      vertex -0.579407 -27.4828 2.7
      vertex -0.579407 -27.4828 2.2
    endloop
  endfacet
  facet normal -0.820874 -0.57111 0
    outer loop
      vertex -0.579407 -27.4828 2.7
      vertex -0.56424 -27.5046 2.2
      vertex -0.56424 -27.5046 2.7
    endloop
  endfacet
  facet normal -0.868322 -0.496001 0
    outer loop
      vertex -0.551102 -27.5276 2.2
      vertex -0.56424 -27.5046 2.7
      vertex -0.56424 -27.5046 2.2
    endloop
  endfacet
  facet normal -0.868322 -0.496001 0
    outer loop
      vertex -0.56424 -27.5046 2.7
      vertex -0.551102 -27.5276 2.2
      vertex -0.551102 -27.5276 2.7
    endloop
  endfacet
  facet normal -0.907946 -0.419087 0
    outer loop
      vertex -0.539978 -27.5517 2.2
      vertex -0.551102 -27.5276 2.7
      vertex -0.551102 -27.5276 2.2
    endloop
  endfacet
  facet normal -0.907946 -0.419087 0
    outer loop
      vertex -0.551102 -27.5276 2.7
      vertex -0.539978 -27.5517 2.2
      vertex -0.539978 -27.5517 2.7
    endloop
  endfacet
  facet normal -0.941477 -0.337078 0
    outer loop
      vertex -0.530884 -27.5771 2.2
      vertex -0.539978 -27.5517 2.7
      vertex -0.539978 -27.5517 2.2
    endloop
  endfacet
  facet normal -0.941477 -0.337078 0
    outer loop
      vertex -0.539978 -27.5517 2.7
      vertex -0.530884 -27.5771 2.2
      vertex -0.530884 -27.5771 2.7
    endloop
  endfacet
  facet normal -0.966114 -0.258116 0
    outer loop
      vertex -0.523804 -27.6036 2.2
      vertex -0.530884 -27.5771 2.7
      vertex -0.530884 -27.5771 2.2
    endloop
  endfacet
  facet normal -0.966114 -0.258116 0
    outer loop
      vertex -0.530884 -27.5771 2.7
      vertex -0.523804 -27.6036 2.2
      vertex -0.523804 -27.6036 2.7
    endloop
  endfacet
  facet normal -0.983892 -0.178764 0
    outer loop
      vertex -0.518753 -27.6314 2.2
      vertex -0.523804 -27.6036 2.7
      vertex -0.523804 -27.6036 2.2
    endloop
  endfacet
  facet normal -0.983892 -0.178764 0
    outer loop
      vertex -0.523804 -27.6036 2.7
      vertex -0.518753 -27.6314 2.2
      vertex -0.518753 -27.6314 2.7
    endloop
  endfacet
  facet normal -0.994527 -0.104477 0
    outer loop
      vertex -0.515717 -27.6603 2.2
      vertex -0.518753 -27.6314 2.7
      vertex -0.518753 -27.6314 2.2
    endloop
  endfacet
  facet normal -0.994527 -0.104477 0
    outer loop
      vertex -0.518753 -27.6314 2.7
      vertex -0.515717 -27.6603 2.2
      vertex -0.515717 -27.6603 2.7
    endloop
  endfacet
  facet normal -0.999443 -0.0333589 0
    outer loop
      vertex -0.514709 -27.6905 2.2
      vertex -0.515717 -27.6603 2.7
      vertex -0.515717 -27.6603 2.2
    endloop
  endfacet
  facet normal -0.999443 -0.0333589 0
    outer loop
      vertex -0.515717 -27.6603 2.7
      vertex -0.514709 -27.6905 2.2
      vertex -0.514709 -27.6905 2.7
    endloop
  endfacet
  facet normal -0.995341 0.0964134 0
    outer loop
      vertex -0.523514 -27.7814 2.2
      vertex -0.514709 -27.6905 2.7
      vertex -0.514709 -27.6905 2.2
    endloop
  endfacet
  facet normal -0.995341 0.0964134 0
    outer loop
      vertex -0.514709 -27.6905 2.7
      vertex -0.523514 -27.7814 2.2
      vertex -0.523514 -27.7814 2.7
    endloop
  endfacet
  facet normal -0.95004 0.312129 0
    outer loop
      vertex -0.549896 -27.8617 2.2
      vertex -0.523514 -27.7814 2.7
      vertex -0.523514 -27.7814 2.2
    endloop
  endfacet
  facet normal -0.95004 0.312129 0
    outer loop
      vertex -0.523514 -27.7814 2.7
      vertex -0.549896 -27.8617 2.2
      vertex -0.549896 -27.8617 2.7
    endloop
  endfacet
  facet normal -0.84539 0.53415 0
    outer loop
      vertex -0.593872 -27.9313 2.2
      vertex -0.549896 -27.8617 2.7
      vertex -0.549896 -27.8617 2.2
    endloop
  endfacet
  facet normal -0.84539 0.53415 0
    outer loop
      vertex -0.549896 -27.8617 2.7
      vertex -0.593872 -27.9313 2.2
      vertex -0.593872 -27.9313 2.7
    endloop
  endfacet
  facet normal -0.691271 0.722595 0
    outer loop
      vertex -0.593872 -27.9313 2.2
      vertex -0.655441 -27.9902 2.7
      vertex -0.593872 -27.9313 2.7
    endloop
  endfacet
  facet normal -0.691271 0.722595 0
    outer loop
      vertex -0.655441 -27.9902 2.7
      vertex -0.593872 -27.9313 2.2
      vertex -0.655441 -27.9902 2.2
    endloop
  endfacet
  facet normal -0.519268 0.854611 0
    outer loop
      vertex -0.655441 -27.9902 2.2
      vertex -0.734604 -28.0383 2.7
      vertex -0.655441 -27.9902 2.7
    endloop
  endfacet
  facet normal -0.519268 0.854611 0
    outer loop
      vertex -0.734604 -28.0383 2.7
      vertex -0.655441 -27.9902 2.2
      vertex -0.734604 -28.0383 2.2
    endloop
  endfacet
  facet normal -0.361429 0.9324 0
    outer loop
      vertex -0.734604 -28.0383 2.2
      vertex -0.831345 -28.0758 2.7
      vertex -0.734604 -28.0383 2.7
    endloop
  endfacet
  facet normal -0.361429 0.9324 0
    outer loop
      vertex -0.831345 -28.0758 2.7
      vertex -0.734604 -28.0383 2.2
      vertex -0.831345 -28.0758 2.2
    endloop
  endfacet
  facet normal -0.22738 0.973806 0
    outer loop
      vertex -0.831345 -28.0758 2.2
      vertex -0.945694 -28.1025 2.7
      vertex -0.831345 -28.0758 2.7
    endloop
  endfacet
  facet normal -0.22738 0.973806 0
    outer loop
      vertex -0.945694 -28.1025 2.7
      vertex -0.831345 -28.0758 2.2
      vertex -0.945694 -28.1025 2.2
    endloop
  endfacet
  facet normal -0.121139 0.992636 0
    outer loop
      vertex -0.945694 -28.1025 2.2
      vertex -1.07762 -28.1186 2.7
      vertex -0.945694 -28.1025 2.7
    endloop
  endfacet
  facet normal -0.121139 0.992636 0
    outer loop
      vertex -1.07762 -28.1186 2.7
      vertex -0.945694 -28.1025 2.2
      vertex -1.07762 -28.1186 2.2
    endloop
  endfacet
  facet normal -0.0354245 0.999372 0
    outer loop
      vertex -1.07762 -28.1186 2.2
      vertex -1.22714 -28.1239 2.7
      vertex -1.07762 -28.1186 2.7
    endloop
  endfacet
  facet normal -0.0354245 0.999372 0
    outer loop
      vertex -1.22714 -28.1239 2.7
      vertex -1.07762 -28.1186 2.2
      vertex -1.22714 -28.1239 2.2
    endloop
  endfacet
  facet normal 0.0187886 0.999823 -0
    outer loop
      vertex -1.22714 -28.1239 2.2
      vertex -1.30164 -28.1225 2.7
      vertex -1.22714 -28.1239 2.7
    endloop
  endfacet
  facet normal 0.0187886 0.999823 0
    outer loop
      vertex -1.30164 -28.1225 2.7
      vertex -1.22714 -28.1239 2.2
      vertex -1.30164 -28.1225 2.2
    endloop
  endfacet
  facet normal 0.0606228 0.998161 -0
    outer loop
      vertex -1.30164 -28.1225 2.2
      vertex -1.37244 -28.1182 2.7
      vertex -1.30164 -28.1225 2.7
    endloop
  endfacet
  facet normal 0.0606228 0.998161 0
    outer loop
      vertex -1.37244 -28.1182 2.7
      vertex -1.30164 -28.1225 2.2
      vertex -1.37244 -28.1182 2.2
    endloop
  endfacet
  facet normal 0.106706 0.994291 -0
    outer loop
      vertex -1.37244 -28.1182 2.2
      vertex -1.43953 -28.111 2.7
      vertex -1.37244 -28.1182 2.7
    endloop
  endfacet
  facet normal 0.106706 0.994291 0
    outer loop
      vertex -1.43953 -28.111 2.7
      vertex -1.37244 -28.1182 2.2
      vertex -1.43953 -28.111 2.2
    endloop
  endfacet
  facet normal 0.155851 0.987781 -0
    outer loop
      vertex -1.43953 -28.111 2.2
      vertex -1.50291 -28.101 2.7
      vertex -1.43953 -28.111 2.7
    endloop
  endfacet
  facet normal 0.155851 0.987781 0
    outer loop
      vertex -1.50291 -28.101 2.7
      vertex -1.43953 -28.111 2.2
      vertex -1.50291 -28.101 2.2
    endloop
  endfacet
  facet normal 0.212769 0.977102 -0
    outer loop
      vertex -1.50291 -28.101 2.2
      vertex -1.56261 -28.088 2.7
      vertex -1.50291 -28.101 2.7
    endloop
  endfacet
  facet normal 0.212769 0.977102 0
    outer loop
      vertex -1.56261 -28.088 2.7
      vertex -1.50291 -28.101 2.2
      vertex -1.56261 -28.088 2.2
    endloop
  endfacet
  facet normal 0.271542 0.962427 -0
    outer loop
      vertex -1.56261 -28.088 2.2
      vertex -1.61861 -28.0722 2.7
      vertex -1.56261 -28.088 2.7
    endloop
  endfacet
  facet normal 0.271542 0.962427 0
    outer loop
      vertex -1.61861 -28.0722 2.7
      vertex -1.56261 -28.088 2.2
      vertex -1.61861 -28.0722 2.2
    endloop
  endfacet
  facet normal 0.336736 0.941599 -0
    outer loop
      vertex -1.61861 -28.0722 2.2
      vertex -1.6709 -28.0535 2.7
      vertex -1.61861 -28.0722 2.7
    endloop
  endfacet
  facet normal 0.336736 0.941599 0
    outer loop
      vertex -1.6709 -28.0535 2.7
      vertex -1.61861 -28.0722 2.2
      vertex -1.6709 -28.0535 2.2
    endloop
  endfacet
  facet normal 0.404706 0.914447 -0
    outer loop
      vertex -1.6709 -28.0535 2.2
      vertex -1.71948 -28.032 2.7
      vertex -1.6709 -28.0535 2.7
    endloop
  endfacet
  facet normal 0.404706 0.914447 0
    outer loop
      vertex -1.71948 -28.032 2.7
      vertex -1.6709 -28.0535 2.2
      vertex -1.71948 -28.032 2.2
    endloop
  endfacet
  facet normal 0.479071 0.877776 -0
    outer loop
      vertex -1.71948 -28.032 2.2
      vertex -1.76437 -28.0075 2.7
      vertex -1.71948 -28.032 2.7
    endloop
  endfacet
  facet normal 0.479071 0.877776 0
    outer loop
      vertex -1.76437 -28.0075 2.7
      vertex -1.71948 -28.032 2.2
      vertex -1.76437 -28.0075 2.2
    endloop
  endfacet
  facet normal 0.553959 0.832544 -0
    outer loop
      vertex -1.76437 -28.0075 2.2
      vertex -1.80585 -27.9799 2.7
      vertex -1.76437 -28.0075 2.7
    endloop
  endfacet
  facet normal 0.553959 0.832544 0
    outer loop
      vertex -1.80585 -27.9799 2.7
      vertex -1.76437 -28.0075 2.2
      vertex -1.80585 -27.9799 2.2
    endloop
  endfacet
  facet normal 0.629967 0.776622 -0
    outer loop
      vertex -1.80585 -27.9799 2.2
      vertex -1.84419 -27.9488 2.7
      vertex -1.80585 -27.9799 2.7
    endloop
  endfacet
  facet normal 0.629967 0.776622 0
    outer loop
      vertex -1.84419 -27.9488 2.7
      vertex -1.80585 -27.9799 2.2
      vertex -1.84419 -27.9488 2.2
    endloop
  endfacet
  facet normal 0.702031 0.712147 -0
    outer loop
      vertex -1.84419 -27.9488 2.2
      vertex -1.87939 -27.9141 2.7
      vertex -1.84419 -27.9488 2.7
    endloop
  endfacet
  facet normal 0.702031 0.712147 0
    outer loop
      vertex -1.87939 -27.9141 2.7
      vertex -1.84419 -27.9488 2.2
      vertex -1.87939 -27.9141 2.2
    endloop
  endfacet
  facet normal 0.764953 0.644086 0
    outer loop
      vertex -1.87939 -27.9141 2.7
      vertex -1.91147 -27.876 2.2
      vertex -1.91147 -27.876 2.7
    endloop
  endfacet
  facet normal 0.764953 0.644086 0
    outer loop
      vertex -1.91147 -27.876 2.2
      vertex -1.87939 -27.9141 2.7
      vertex -1.87939 -27.9141 2.2
    endloop
  endfacet
  facet normal 0.820897 0.571076 0
    outer loop
      vertex -1.91147 -27.876 2.7
      vertex -1.94041 -27.8344 2.2
      vertex -1.94041 -27.8344 2.7
    endloop
  endfacet
  facet normal 0.820897 0.571076 0
    outer loop
      vertex -1.94041 -27.8344 2.2
      vertex -1.91147 -27.876 2.7
      vertex -1.91147 -27.876 2.2
    endloop
  endfacet
  facet normal 0.868314 0.496015 0
    outer loop
      vertex -1.94041 -27.8344 2.7
      vertex -1.96623 -27.7892 2.2
      vertex -1.96623 -27.7892 2.7
    endloop
  endfacet
  facet normal 0.868314 0.496015 0
    outer loop
      vertex -1.96623 -27.7892 2.2
      vertex -1.94041 -27.8344 2.7
      vertex -1.94041 -27.8344 2.2
    endloop
  endfacet
  facet normal 0.906112 0.423039 0
    outer loop
      vertex -1.96623 -27.7892 2.7
      vertex -1.98892 -27.7406 2.2
      vertex -1.98892 -27.7406 2.7
    endloop
  endfacet
  facet normal 0.906112 0.423039 0
    outer loop
      vertex -1.98892 -27.7406 2.2
      vertex -1.96623 -27.7892 2.7
      vertex -1.96623 -27.7892 2.2
    endloop
  endfacet
  facet normal 0.936255 0.35132 0
    outer loop
      vertex -1.98892 -27.7406 2.7
      vertex -2.00847 -27.6885 2.2
      vertex -2.00847 -27.6885 2.7
    endloop
  endfacet
  facet normal 0.936255 0.35132 0
    outer loop
      vertex -2.00847 -27.6885 2.2
      vertex -1.98892 -27.7406 2.7
      vertex -1.98892 -27.7406 2.2
    endloop
  endfacet
  facet normal 0.959052 0.283231 0
    outer loop
      vertex -2.00847 -27.6885 2.7
      vertex -2.02489 -27.6329 2.2
      vertex -2.02489 -27.6329 2.7
    endloop
  endfacet
  facet normal 0.959052 0.283231 0
    outer loop
      vertex -2.02489 -27.6329 2.2
      vertex -2.00847 -27.6885 2.7
      vertex -2.00847 -27.6885 2.2
    endloop
  endfacet
  facet normal -0.162616 0.986689 0
    outer loop
      vertex -2.02489 -27.6329 2.2
      vertex -2.68201 -27.7412 2.7
      vertex -2.02489 -27.6329 2.7
    endloop
  endfacet
  facet normal -0.162616 0.986689 0
    outer loop
      vertex -2.68201 -27.7412 2.7
      vertex -2.02489 -27.6329 2.2
      vertex -2.68201 -27.7412 2.2
    endloop
  endfacet
  facet normal -0.966762 -0.255679 0
    outer loop
      vertex -2.65633 -27.8383 2.2
      vertex -2.68201 -27.7412 2.7
      vertex -2.68201 -27.7412 2.2
    endloop
  endfacet
  facet normal -0.966762 -0.255679 0
    outer loop
      vertex -2.68201 -27.7412 2.7
      vertex -2.65633 -27.8383 2.2
      vertex -2.65633 -27.8383 2.7
    endloop
  endfacet
  facet normal -0.944019 -0.32989 0
    outer loop
      vertex -2.62439 -27.9297 2.2
      vertex -2.65633 -27.8383 2.7
      vertex -2.65633 -27.8383 2.2
    endloop
  endfacet
  facet normal -0.944019 -0.32989 0
    outer loop
      vertex -2.65633 -27.8383 2.7
      vertex -2.62439 -27.9297 2.2
      vertex -2.62439 -27.9297 2.7
    endloop
  endfacet
  facet normal -0.913763 -0.406247 0
    outer loop
      vertex -2.5862 -28.0156 2.2
      vertex -2.62439 -27.9297 2.7
      vertex -2.62439 -27.9297 2.2
    endloop
  endfacet
  facet normal -0.913763 -0.406247 0
    outer loop
      vertex -2.62439 -27.9297 2.7
      vertex -2.5862 -28.0156 2.2
      vertex -2.5862 -28.0156 2.7
    endloop
  endfacet
  facet normal -0.874296 -0.485393 0
    outer loop
      vertex -2.54173 -28.0957 2.2
      vertex -2.5862 -28.0156 2.7
      vertex -2.5862 -28.0156 2.2
    endloop
  endfacet
  facet normal -0.874296 -0.485393 0
    outer loop
      vertex -2.5862 -28.0156 2.7
      vertex -2.54173 -28.0957 2.2
      vertex -2.54173 -28.0957 2.7
    endloop
  endfacet
  facet normal -0.826916 -0.562325 0
    outer loop
      vertex -2.491 -28.1703 2.2
      vertex -2.54173 -28.0957 2.7
      vertex -2.54173 -28.0957 2.2
    endloop
  endfacet
  facet normal -0.826916 -0.562325 0
    outer loop
      vertex -2.54173 -28.0957 2.7
      vertex -2.491 -28.1703 2.2
      vertex -2.491 -28.1703 2.7
    endloop
  endfacet
  facet normal -0.770618 -0.637298 0
    outer loop
      vertex -2.43402 -28.2392 2.2
      vertex -2.491 -28.1703 2.7
      vertex -2.491 -28.1703 2.2
    endloop
  endfacet
  facet normal -0.770618 -0.637298 0
    outer loop
      vertex -2.491 -28.1703 2.7
      vertex -2.43402 -28.2392 2.2
      vertex -2.43402 -28.2392 2.7
    endloop
  endfacet
  facet normal -0.707386 -0.706827 0
    outer loop
      vertex -2.37077 -28.3025 2.2
      vertex -2.43402 -28.2392 2.7
      vertex -2.43402 -28.2392 2.2
    endloop
  endfacet
  facet normal -0.707386 -0.706827 0
    outer loop
      vertex -2.43402 -28.2392 2.7
      vertex -2.37077 -28.3025 2.2
      vertex -2.37077 -28.3025 2.7
    endloop
  endfacet
  facet normal -0.638003 -0.770034 0
    outer loop
      vertex -2.37077 -28.3025 2.2
      vertex -2.30125 -28.3601 2.7
      vertex -2.37077 -28.3025 2.7
    endloop
  endfacet
  facet normal -0.638003 -0.770034 -0
    outer loop
      vertex -2.30125 -28.3601 2.7
      vertex -2.37077 -28.3025 2.2
      vertex -2.30125 -28.3601 2.2
    endloop
  endfacet
  facet normal -0.565901 -0.824474 0
    outer loop
      vertex -2.30125 -28.3601 2.2
      vertex -2.22549 -28.4121 2.7
      vertex -2.30125 -28.3601 2.7
    endloop
  endfacet
  facet normal -0.565901 -0.824474 -0
    outer loop
      vertex -2.22549 -28.4121 2.7
      vertex -2.30125 -28.3601 2.2
      vertex -2.22549 -28.4121 2.2
    endloop
  endfacet
  facet normal -0.49219 -0.870488 0
    outer loop
      vertex -2.22549 -28.4121 2.2
      vertex -2.14325 -28.4586 2.7
      vertex -2.22549 -28.4121 2.7
    endloop
  endfacet
  facet normal -0.49219 -0.870488 -0
    outer loop
      vertex -2.14325 -28.4586 2.7
      vertex -2.22549 -28.4121 2.2
      vertex -2.14325 -28.4586 2.2
    endloop
  endfacet
  facet normal -0.418877 -0.908043 0
    outer loop
      vertex -2.14325 -28.4586 2.2
      vertex -2.05437 -28.4996 2.7
      vertex -2.14325 -28.4586 2.7
    endloop
  endfacet
  facet normal -0.418877 -0.908043 -0
    outer loop
      vertex -2.05437 -28.4996 2.7
      vertex -2.14325 -28.4586 2.2
      vertex -2.05437 -28.4996 2.2
    endloop
  endfacet
  facet normal -0.348209 -0.937417 0
    outer loop
      vertex -2.05437 -28.4996 2.2
      vertex -1.9588 -28.5351 2.7
      vertex -2.05437 -28.4996 2.7
    endloop
  endfacet
  facet normal -0.348209 -0.937417 -0
    outer loop
      vertex -1.9588 -28.5351 2.7
      vertex -2.05437 -28.4996 2.2
      vertex -1.9588 -28.5351 2.2
    endloop
  endfacet
  facet normal -0.282522 -0.959261 0
    outer loop
      vertex -1.9588 -28.5351 2.2
      vertex -1.8566 -28.5652 2.7
      vertex -1.9588 -28.5351 2.7
    endloop
  endfacet
  facet normal -0.282522 -0.959261 -0
    outer loop
      vertex -1.8566 -28.5652 2.7
      vertex -1.9588 -28.5351 2.2
      vertex -1.8566 -28.5652 2.2
    endloop
  endfacet
  facet normal -0.220363 -0.975418 0
    outer loop
      vertex -1.8566 -28.5652 2.2
      vertex -1.74771 -28.5898 2.7
      vertex -1.8566 -28.5652 2.7
    endloop
  endfacet
  facet normal -0.220363 -0.975418 -0
    outer loop
      vertex -1.74771 -28.5898 2.7
      vertex -1.8566 -28.5652 2.2
      vertex -1.74771 -28.5898 2.2
    endloop
  endfacet
  facet normal -0.163125 -0.986605 0
    outer loop
      vertex -1.74771 -28.5898 2.2
      vertex -1.63219 -28.6089 2.7
      vertex -1.74771 -28.5898 2.7
    endloop
  endfacet
  facet normal -0.163125 -0.986605 -0
    outer loop
      vertex -1.63219 -28.6089 2.7
      vertex -1.74771 -28.5898 2.2
      vertex -1.63219 -28.6089 2.2
    endloop
  endfacet
  facet normal -0.110601 -0.993865 0
    outer loop
      vertex -1.63219 -28.6089 2.2
      vertex -1.50998 -28.6225 2.7
      vertex -1.63219 -28.6089 2.7
    endloop
  endfacet
  facet normal -0.110601 -0.993865 -0
    outer loop
      vertex -1.50998 -28.6225 2.7
      vertex -1.63219 -28.6089 2.2
      vertex -1.50998 -28.6225 2.2
    endloop
  endfacet
  facet normal -0.0635114 -0.997981 0
    outer loop
      vertex -1.50998 -28.6225 2.2
      vertex -1.38113 -28.6307 2.7
      vertex -1.50998 -28.6225 2.7
    endloop
  endfacet
  facet normal -0.0635114 -0.997981 -0
    outer loop
      vertex -1.38113 -28.6307 2.7
      vertex -1.50998 -28.6225 2.2
      vertex -1.38113 -28.6307 2.2
    endloop
  endfacet
  facet normal -0.0206567 -0.999787 0
    outer loop
      vertex -1.38113 -28.6307 2.2
      vertex -1.24561 -28.6335 2.7
      vertex -1.38113 -28.6307 2.7
    endloop
  endfacet
  facet normal -0.0206567 -0.999787 -0
    outer loop
      vertex -1.24561 -28.6335 2.7
      vertex -1.38113 -28.6307 2.2
      vertex -1.24561 -28.6335 2.2
    endloop
  endfacet
  facet normal 0.0209286 -0.999781 0
    outer loop
      vertex -1.24561 -28.6335 2.2
      vertex -1.09752 -28.6304 2.7
      vertex -1.24561 -28.6335 2.7
    endloop
  endfacet
  facet normal 0.0209286 -0.999781 0
    outer loop
      vertex -1.09752 -28.6304 2.7
      vertex -1.24561 -28.6335 2.2
      vertex -1.09752 -28.6304 2.2
    endloop
  endfacet
  facet normal 0.0730898 -0.997325 0
    outer loop
      vertex -8.26202 -28.5849 2.2
      vertex -8.16241 -28.5776 2.7
      vertex -8.26202 -28.5849 2.7
    endloop
  endfacet
  facet normal 0.0730898 -0.997325 0
    outer loop
      vertex -8.16241 -28.5776 2.7
      vertex -8.26202 -28.5849 2.2
      vertex -8.16241 -28.5776 2.2
    endloop
  endfacet
  facet normal 0.125759 -0.992061 0
    outer loop
      vertex -8.16241 -28.5776 2.2
      vertex -8.06538 -28.5653 2.7
      vertex -8.16241 -28.5776 2.7
    endloop
  endfacet
  facet normal 0.125759 -0.992061 0
    outer loop
      vertex -8.06538 -28.5653 2.7
      vertex -8.16241 -28.5776 2.2
      vertex -8.06538 -28.5653 2.2
    endloop
  endfacet
  facet normal 0.178207 -0.983993 0
    outer loop
      vertex -8.06538 -28.5653 2.2
      vertex -7.97096 -28.5482 2.7
      vertex -8.06538 -28.5653 2.7
    endloop
  endfacet
  facet normal 0.178207 -0.983993 0
    outer loop
      vertex -7.97096 -28.5482 2.7
      vertex -8.06538 -28.5653 2.2
      vertex -7.97096 -28.5482 2.2
    endloop
  endfacet
  facet normal 0.232956 -0.972487 0
    outer loop
      vertex -7.97096 -28.5482 2.2
      vertex -7.87912 -28.5262 2.7
      vertex -7.97096 -28.5482 2.7
    endloop
  endfacet
  facet normal 0.232956 -0.972487 0
    outer loop
      vertex -7.87912 -28.5262 2.7
      vertex -7.97096 -28.5482 2.2
      vertex -7.87912 -28.5262 2.2
    endloop
  endfacet
  facet normal 0.289561 -0.95716 0
    outer loop
      vertex -7.87912 -28.5262 2.2
      vertex -7.78987 -28.4992 2.7
      vertex -7.87912 -28.5262 2.7
    endloop
  endfacet
  facet normal 0.289561 -0.95716 0
    outer loop
      vertex -7.78987 -28.4992 2.7
      vertex -7.87912 -28.5262 2.2
      vertex -7.78987 -28.4992 2.2
    endloop
  endfacet
  facet normal 0.344455 -0.938803 0
    outer loop
      vertex -7.78987 -28.4992 2.2
      vertex -7.7032 -28.4674 2.7
      vertex -7.78987 -28.4992 2.7
    endloop
  endfacet
  facet normal 0.344455 -0.938803 0
    outer loop
      vertex -7.7032 -28.4674 2.7
      vertex -7.78987 -28.4992 2.2
      vertex -7.7032 -28.4674 2.2
    endloop
  endfacet
  facet normal 0.400121 -0.916462 0
    outer loop
      vertex -7.7032 -28.4674 2.2
      vertex -7.61914 -28.4307 2.7
      vertex -7.7032 -28.4674 2.7
    endloop
  endfacet
  facet normal 0.400121 -0.916462 0
    outer loop
      vertex -7.61914 -28.4307 2.7
      vertex -7.7032 -28.4674 2.2
      vertex -7.61914 -28.4307 2.2
    endloop
  endfacet
  facet normal 0.454718 -0.890635 0
    outer loop
      vertex -7.61914 -28.4307 2.2
      vertex -7.53766 -28.3891 2.7
      vertex -7.61914 -28.4307 2.7
    endloop
  endfacet
  facet normal 0.454718 -0.890635 0
    outer loop
      vertex -7.53766 -28.3891 2.7
      vertex -7.61914 -28.4307 2.2
      vertex -7.53766 -28.3891 2.2
    endloop
  endfacet
  facet normal 0.509664 -0.860374 0
    outer loop
      vertex -7.53766 -28.3891 2.2
      vertex -7.4595 -28.3428 2.7
      vertex -7.53766 -28.3891 2.7
    endloop
  endfacet
  facet normal 0.509664 -0.860374 0
    outer loop
      vertex -7.4595 -28.3428 2.7
      vertex -7.53766 -28.3891 2.2
      vertex -7.4595 -28.3428 2.2
    endloop
  endfacet
  facet normal 0.563821 -0.825897 0
    outer loop
      vertex -7.4595 -28.3428 2.2
      vertex -7.38538 -28.2922 2.7
      vertex -7.4595 -28.3428 2.7
    endloop
  endfacet
  facet normal 0.563821 -0.825897 0
    outer loop
      vertex -7.38538 -28.2922 2.7
      vertex -7.4595 -28.3428 2.2
      vertex -7.38538 -28.2922 2.2
    endloop
  endfacet
  facet normal 0.616635 -0.787249 0
    outer loop
      vertex -7.38538 -28.2922 2.2
      vertex -7.31529 -28.2373 2.7
      vertex -7.38538 -28.2922 2.7
    endloop
  endfacet
  facet normal 0.616635 -0.787249 0
    outer loop
      vertex -7.31529 -28.2373 2.7
      vertex -7.38538 -28.2922 2.2
      vertex -7.31529 -28.2373 2.2
    endloop
  endfacet
  facet normal 0.668118 -0.744056 0
    outer loop
      vertex -7.31529 -28.2373 2.2
      vertex -7.24925 -28.178 2.7
      vertex -7.31529 -28.2373 2.7
    endloop
  endfacet
  facet normal 0.668118 -0.744056 0
    outer loop
      vertex -7.24925 -28.178 2.7
      vertex -7.31529 -28.2373 2.2
      vertex -7.24925 -28.178 2.2
    endloop
  endfacet
  facet normal 0.716661 -0.697422 0
    outer loop
      vertex -7.24925 -28.178 2.7
      vertex -7.18726 -28.1143 2.2
      vertex -7.18726 -28.1143 2.7
    endloop
  endfacet
  facet normal 0.716661 -0.697422 0
    outer loop
      vertex -7.18726 -28.1143 2.2
      vertex -7.24925 -28.178 2.7
      vertex -7.24925 -28.178 2.2
    endloop
  endfacet
  facet normal 0.761055 -0.648687 0
    outer loop
      vertex -7.18726 -28.1143 2.7
      vertex -7.1293 -28.0463 2.2
      vertex -7.1293 -28.0463 2.7
    endloop
  endfacet
  facet normal 0.761055 -0.648687 0
    outer loop
      vertex -7.1293 -28.0463 2.2
      vertex -7.18726 -28.1143 2.7
      vertex -7.18726 -28.1143 2.2
    endloop
  endfacet
  facet normal 0.801673 -0.597762 0
    outer loop
      vertex -7.1293 -28.0463 2.7
      vertex -7.07539 -27.974 2.2
      vertex -7.07539 -27.974 2.7
    endloop
  endfacet
  facet normal 0.801673 -0.597762 0
    outer loop
      vertex -7.07539 -27.974 2.2
      vertex -7.1293 -28.0463 2.7
      vertex -7.1293 -28.0463 2.2
    endloop
  endfacet
  facet normal 0.838643 -0.544681 0
    outer loop
      vertex -7.07539 -27.974 2.7
      vertex -7.02551 -27.8972 2.2
      vertex -7.02551 -27.8972 2.7
    endloop
  endfacet
  facet normal 0.838643 -0.544681 0
    outer loop
      vertex -7.02551 -27.8972 2.2
      vertex -7.07539 -27.974 2.7
      vertex -7.07539 -27.974 2.2
    endloop
  endfacet
  facet normal 0.870651 -0.491902 0
    outer loop
      vertex -7.02551 -27.8972 2.7
      vertex -6.97969 -27.8161 2.2
      vertex -6.97969 -27.8161 2.7
    endloop
  endfacet
  facet normal 0.870651 -0.491902 0
    outer loop
      vertex -6.97969 -27.8161 2.2
      vertex -7.02551 -27.8972 2.7
      vertex -7.02551 -27.8972 2.2
    endloop
  endfacet
  facet normal 0.898709 -0.438545 0
    outer loop
      vertex -6.97969 -27.8161 2.7
      vertex -6.93831 -27.7313 2.2
      vertex -6.93831 -27.7313 2.7
    endloop
  endfacet
  facet normal 0.898709 -0.438545 0
    outer loop
      vertex -6.93831 -27.7313 2.2
      vertex -6.97969 -27.8161 2.7
      vertex -6.97969 -27.8161 2.2
    endloop
  endfacet
  facet normal 0.923697 -0.383124 0
    outer loop
      vertex -6.93831 -27.7313 2.7
      vertex -6.90181 -27.6433 2.2
      vertex -6.90181 -27.6433 2.7
    endloop
  endfacet
  facet normal 0.923697 -0.383124 0
    outer loop
      vertex -6.90181 -27.6433 2.2
      vertex -6.93831 -27.7313 2.7
      vertex -6.93831 -27.7313 2.2
    endloop
  endfacet
  facet normal 0.944791 -0.327673 0
    outer loop
      vertex -6.90181 -27.6433 2.7
      vertex -6.87018 -27.5521 2.2
      vertex -6.87018 -27.5521 2.7
    endloop
  endfacet
  facet normal 0.944791 -0.327673 0
    outer loop
      vertex -6.87018 -27.5521 2.2
      vertex -6.90181 -27.6433 2.7
      vertex -6.90181 -27.6433 2.2
    endloop
  endfacet
  facet normal 0.961962 -0.273185 0
    outer loop
      vertex -6.87018 -27.5521 2.7
      vertex -6.8434 -27.4578 2.2
      vertex -6.8434 -27.4578 2.7
    endloop
  endfacet
  facet normal 0.961962 -0.273185 0
    outer loop
      vertex -6.8434 -27.4578 2.2
      vertex -6.87018 -27.5521 2.7
      vertex -6.87018 -27.5521 2.2
    endloop
  endfacet
  facet normal 0.975642 -0.219369 0
    outer loop
      vertex -6.8434 -27.4578 2.7
      vertex -6.8215 -27.3604 2.2
      vertex -6.8215 -27.3604 2.7
    endloop
  endfacet
  facet normal 0.975642 -0.219369 0
    outer loop
      vertex -6.8215 -27.3604 2.2
      vertex -6.8434 -27.4578 2.7
      vertex -6.8434 -27.4578 2.2
    endloop
  endfacet
  facet normal 0.985983 -0.166844 0
    outer loop
      vertex -6.8215 -27.3604 2.7
      vertex -6.80446 -27.2597 2.2
      vertex -6.80446 -27.2597 2.7
    endloop
  endfacet
  facet normal 0.985983 -0.166844 0
    outer loop
      vertex -6.80446 -27.2597 2.2
      vertex -6.8215 -27.3604 2.7
      vertex -6.8215 -27.3604 2.2
    endloop
  endfacet
  facet normal 0.993208 -0.116353 0
    outer loop
      vertex -6.80446 -27.2597 2.7
      vertex -6.7923 -27.1559 2.2
      vertex -6.7923 -27.1559 2.7
    endloop
  endfacet
  facet normal 0.993208 -0.116353 0
    outer loop
      vertex -6.7923 -27.1559 2.2
      vertex -6.80446 -27.2597 2.7
      vertex -6.80446 -27.2597 2.2
    endloop
  endfacet
  facet normal 0.99767 -0.0682223 0
    outer loop
      vertex -6.7923 -27.1559 2.7
      vertex -6.78499 -27.049 2.2
      vertex -6.78499 -27.049 2.7
    endloop
  endfacet
  facet normal 0.99767 -0.0682223 0
    outer loop
      vertex -6.78499 -27.049 2.2
      vertex -6.7923 -27.1559 2.7
      vertex -6.7923 -27.1559 2.2
    endloop
  endfacet
  facet normal 0.999757 -0.0220655 0
    outer loop
      vertex -6.78499 -27.049 2.7
      vertex -6.78256 -26.9389 2.2
      vertex -6.78256 -26.9389 2.7
    endloop
  endfacet
  facet normal 0.999757 -0.0220655 0
    outer loop
      vertex -6.78256 -26.9389 2.2
      vertex -6.78499 -27.049 2.7
      vertex -6.78499 -27.049 2.2
    endloop
  endfacet
  facet normal 0.999452 0.0331158 0
    outer loop
      vertex -6.78256 -26.9389 2.7
      vertex -6.7881 -26.7717 2.2
      vertex -6.7881 -26.7717 2.7
    endloop
  endfacet
  facet normal 0.999452 0.0331158 0
    outer loop
      vertex -6.7881 -26.7717 2.2
      vertex -6.78256 -26.9389 2.7
      vertex -6.78256 -26.9389 2.2
    endloop
  endfacet
  facet normal 0.994514 0.1046 0
    outer loop
      vertex -6.7881 -26.7717 2.7
      vertex -6.80476 -26.6133 2.2
      vertex -6.80476 -26.6133 2.7
    endloop
  endfacet
  facet normal 0.994514 0.1046 0
    outer loop
      vertex -6.80476 -26.6133 2.2
      vertex -6.7881 -26.7717 2.7
      vertex -6.7881 -26.7717 2.2
    endloop
  endfacet
  facet normal 0.983194 0.182565 0
    outer loop
      vertex -6.80476 -26.6133 2.7
      vertex -6.83252 -26.4638 2.2
      vertex -6.83252 -26.4638 2.7
    endloop
  endfacet
  facet normal 0.983194 0.182565 0
    outer loop
      vertex -6.83252 -26.4638 2.2
      vertex -6.80476 -26.6133 2.7
      vertex -6.80476 -26.6133 2.2
    endloop
  endfacet
  facet normal 0.963929 0.26616 0
    outer loop
      vertex -6.83252 -26.4638 2.7
      vertex -6.87137 -26.3231 2.2
      vertex -6.87137 -26.3231 2.7
    endloop
  endfacet
  facet normal 0.963929 0.26616 0
    outer loop
      vertex -6.87137 -26.3231 2.2
      vertex -6.83252 -26.4638 2.7
      vertex -6.83252 -26.4638 2.2
    endloop
  endfacet
  facet normal 0.935075 0.354449 0
    outer loop
      vertex -6.87137 -26.3231 2.7
      vertex -6.92133 -26.1913 2.2
      vertex -6.92133 -26.1913 2.7
    endloop
  endfacet
  facet normal 0.935075 0.354449 0
    outer loop
      vertex -6.92133 -26.1913 2.2
      vertex -6.87137 -26.3231 2.7
      vertex -6.87137 -26.3231 2.2
    endloop
  endfacet
  facet normal 0.895561 0.444939 0
    outer loop
      vertex -6.92133 -26.1913 2.7
      vertex -6.98239 -26.0684 2.2
      vertex -6.98239 -26.0684 2.7
    endloop
  endfacet
  facet normal 0.895561 0.444939 0
    outer loop
      vertex -6.98239 -26.0684 2.2
      vertex -6.92133 -26.1913 2.7
      vertex -6.92133 -26.1913 2.2
    endloop
  endfacet
  facet normal 0.845165 0.534506 0
    outer loop
      vertex -6.98239 -26.0684 2.7
      vertex -7.05455 -25.9543 2.2
      vertex -7.05455 -25.9543 2.7
    endloop
  endfacet
  facet normal 0.845165 0.534506 0
    outer loop
      vertex -7.05455 -25.9543 2.2
      vertex -6.98239 -26.0684 2.7
      vertex -6.98239 -26.0684 2.2
    endloop
  endfacet
  facet normal 0.784454 0.620188 0
    outer loop
      vertex -7.05455 -25.9543 2.7
      vertex -7.1378 -25.849 2.2
      vertex -7.1378 -25.849 2.7
    endloop
  endfacet
  facet normal 0.784454 0.620188 0
    outer loop
      vertex -7.1378 -25.849 2.2
      vertex -7.05455 -25.9543 2.7
      vertex -7.05455 -25.9543 2.2
    endloop
  endfacet
  facet normal 0.714554 0.699581 0
    outer loop
      vertex -7.1378 -25.849 2.7
      vertex -7.23218 -25.7526 2.2
      vertex -7.23218 -25.7526 2.7
    endloop
  endfacet
  facet normal 0.714554 0.699581 0
    outer loop
      vertex -7.23218 -25.7526 2.2
      vertex -7.1378 -25.849 2.7
      vertex -7.1378 -25.849 2.2
    endloop
  endfacet
  facet normal 0.638989 0.769216 -0
    outer loop
      vertex -7.23218 -25.7526 2.2
      vertex -7.33667 -25.6658 2.7
      vertex -7.23218 -25.7526 2.7
    endloop
  endfacet
  facet normal 0.638989 0.769216 0
    outer loop
      vertex -7.33667 -25.6658 2.7
      vertex -7.23218 -25.7526 2.2
      vertex -7.33667 -25.6658 2.2
    endloop
  endfacet
  facet normal 0.559404 0.828895 -0
    outer loop
      vertex -7.33667 -25.6658 2.2
      vertex -7.45032 -25.5891 2.7
      vertex -7.33667 -25.6658 2.7
    endloop
  endfacet
  facet normal 0.559404 0.828895 0
    outer loop
      vertex -7.45032 -25.5891 2.7
      vertex -7.33667 -25.6658 2.2
      vertex -7.45032 -25.5891 2.2
    endloop
  endfacet
  facet normal 0.475577 0.879674 -0
    outer loop
      vertex -7.45032 -25.5891 2.2
      vertex -7.57314 -25.5227 2.7
      vertex -7.45032 -25.5891 2.7
    endloop
  endfacet
  facet normal 0.475577 0.879674 0
    outer loop
      vertex -7.57314 -25.5227 2.7
      vertex -7.45032 -25.5891 2.2
      vertex -7.57314 -25.5227 2.2
    endloop
  endfacet
  facet normal 0.391781 0.920058 -0
    outer loop
      vertex -7.57314 -25.5227 2.2
      vertex -7.70512 -25.4665 2.7
      vertex -7.57314 -25.5227 2.7
    endloop
  endfacet
  facet normal 0.391781 0.920058 0
    outer loop
      vertex -7.70512 -25.4665 2.7
      vertex -7.57314 -25.5227 2.2
      vertex -7.70512 -25.4665 2.2
    endloop
  endfacet
  facet normal 0.309835 0.95079 -0
    outer loop
      vertex -7.70512 -25.4665 2.2
      vertex -7.84628 -25.4205 2.7
      vertex -7.70512 -25.4665 2.7
    endloop
  endfacet
  facet normal 0.309835 0.95079 0
    outer loop
      vertex -7.84628 -25.4205 2.7
      vertex -7.70512 -25.4665 2.2
      vertex -7.84628 -25.4205 2.2
    endloop
  endfacet
  facet normal 0.231679 0.972792 -0
    outer loop
      vertex -7.84628 -25.4205 2.2
      vertex -7.9966 -25.3847 2.7
      vertex -7.84628 -25.4205 2.7
    endloop
  endfacet
  facet normal 0.231679 0.972792 0
    outer loop
      vertex -7.9966 -25.3847 2.7
      vertex -7.84628 -25.4205 2.2
      vertex -7.9966 -25.3847 2.2
    endloop
  endfacet
  facet normal 0.157889 0.987457 -0
    outer loop
      vertex -7.9966 -25.3847 2.2
      vertex -8.15608 -25.3592 2.7
      vertex -7.9966 -25.3847 2.7
    endloop
  endfacet
  facet normal 0.157889 0.987457 0
    outer loop
      vertex -8.15608 -25.3592 2.7
      vertex -7.9966 -25.3847 2.2
      vertex -8.15608 -25.3592 2.2
    endloop
  endfacet
  facet normal 0.0903441 0.995911 -0
    outer loop
      vertex -8.15608 -25.3592 2.2
      vertex -8.32474 -25.3439 2.7
      vertex -8.15608 -25.3592 2.7
    endloop
  endfacet
  facet normal 0.0903441 0.995911 0
    outer loop
      vertex -8.32474 -25.3439 2.7
      vertex -8.15608 -25.3592 2.2
      vertex -8.32474 -25.3439 2.2
    endloop
  endfacet
  facet normal 0.0292322 0.999573 -0
    outer loop
      vertex -8.32474 -25.3439 2.2
      vertex -8.50255 -25.3387 2.7
      vertex -8.32474 -25.3439 2.7
    endloop
  endfacet
  facet normal 0.0292322 0.999573 0
    outer loop
      vertex -8.50255 -25.3387 2.7
      vertex -8.32474 -25.3439 2.2
      vertex -8.50255 -25.3387 2.2
    endloop
  endfacet
  facet normal 0 1 -0
    outer loop
      vertex -8.50255 -25.3387 2.2
      vertex -9.63703 -25.3387 2.7
      vertex -8.50255 -25.3387 2.7
    endloop
  endfacet
  facet normal 0 1 0
    outer loop
      vertex -9.63703 -25.3387 2.7
      vertex -8.50255 -25.3387 2.2
      vertex -9.63703 -25.3387 2.2
    endloop
  endfacet
  facet normal -1 0 0
    outer loop
      vertex -9.67844 -28.5874 2.2
      vertex -9.67844 -25.4838 2.7
      vertex -9.67844 -25.4838 2.2
    endloop
  endfacet
  facet normal -1 -0 0
    outer loop
      vertex -9.67844 -25.4838 2.7
      vertex -9.67844 -28.5874 2.2
      vertex -9.67844 -28.5874 2.7
    endloop
  endfacet
  facet normal 0 -1 0
    outer loop
      vertex -9.67844 -28.5874 2.2
      vertex -8.36424 -28.5874 2.7
      vertex -9.67844 -28.5874 2.7
    endloop
  endfacet
  facet normal 0 -1 -0
    outer loop
      vertex -8.36424 -28.5874 2.7
      vertex -9.67844 -28.5874 2.2
      vertex -8.36424 -28.5874 2.2
    endloop
  endfacet
  facet normal 0.0244497 -0.999701 0
    outer loop
      vertex -8.36424 -28.5874 2.2
      vertex -8.26202 -28.5849 2.7
      vertex -8.36424 -28.5874 2.7
    endloop
  endfacet
  facet normal 0.0244497 -0.999701 0
    outer loop
      vertex -8.26202 -28.5849 2.7
      vertex -8.36424 -28.5874 2.2
      vertex -8.26202 -28.5849 2.2
    endloop
  endfacet
  facet normal 1 -0 0
    outer loop
      vertex -8.99828 -28.0617 2.7
      vertex -8.99828 -25.8644 2.2
      vertex -8.99828 -25.8644 2.7
    endloop
  endfacet
  facet normal 1 0 0
    outer loop
      vertex -8.99828 -25.8644 2.2
      vertex -8.99828 -28.0617 2.7
      vertex -8.99828 -28.0617 2.2
    endloop
  endfacet
  facet normal 0 -1 0
    outer loop
      vertex -8.99828 -25.8644 2.2
      vertex -8.51639 -25.8644 2.7
      vertex -8.99828 -25.8644 2.7
    endloop
  endfacet
  facet normal 0 -1 -0
    outer loop
      vertex -8.51639 -25.8644 2.7
      vertex -8.99828 -25.8644 2.2
      vertex -8.51639 -25.8644 2.2
    endloop
  endfacet
  facet normal -0.0310835 -0.999517 0
    outer loop
      vertex -8.51639 -25.8644 2.2
      vertex -8.40706 -25.8678 2.7
      vertex -8.51639 -25.8644 2.7
    endloop
  endfacet
  facet normal -0.0310835 -0.999517 -0
    outer loop
      vertex -8.40706 -25.8678 2.7
      vertex -8.51639 -25.8644 2.2
      vertex -8.40706 -25.8678 2.2
    endloop
  endfacet
  facet normal -0.0979912 -0.995187 0
    outer loop
      vertex -8.40706 -25.8678 2.2
      vertex -8.30347 -25.878 2.7
      vertex -8.40706 -25.8678 2.7
    endloop
  endfacet
  facet normal -0.0979912 -0.995187 -0
    outer loop
      vertex -8.30347 -25.878 2.7
      vertex -8.40706 -25.8678 2.2
      vertex -8.30347 -25.878 2.2
    endloop
  endfacet
  facet normal -0.171205 -0.985235 0
    outer loop
      vertex -8.30347 -25.878 2.2
      vertex -8.20564 -25.895 2.7
      vertex -8.30347 -25.878 2.7
    endloop
  endfacet
  facet normal -0.171205 -0.985235 -0
    outer loop
      vertex -8.20564 -25.895 2.7
      vertex -8.30347 -25.878 2.2
      vertex -8.20564 -25.895 2.2
    endloop
  endfacet
  facet normal -0.251232 -0.967927 0
    outer loop
      vertex -8.20564 -25.895 2.2
      vertex -8.11356 -25.9189 2.7
      vertex -8.20564 -25.895 2.7
    endloop
  endfacet
  facet normal -0.251232 -0.967927 -0
    outer loop
      vertex -8.11356 -25.9189 2.7
      vertex -8.20564 -25.895 2.2
      vertex -8.11356 -25.9189 2.2
    endloop
  endfacet
  facet normal -0.334053 -0.942554 0
    outer loop
      vertex -8.11356 -25.9189 2.2
      vertex -8.02722 -25.9495 2.7
      vertex -8.11356 -25.9189 2.7
    endloop
  endfacet
  facet normal -0.334053 -0.942554 -0
    outer loop
      vertex -8.02722 -25.9495 2.7
      vertex -8.11356 -25.9189 2.2
      vertex -8.02722 -25.9495 2.2
    endloop
  endfacet
  facet normal -0.420999 -0.907061 0
    outer loop
      vertex -8.02722 -25.9495 2.2
      vertex -7.94664 -25.9869 2.7
      vertex -8.02722 -25.9495 2.7
    endloop
  endfacet
  facet normal -0.420999 -0.907061 -0
    outer loop
      vertex -7.94664 -25.9869 2.7
      vertex -8.02722 -25.9495 2.2
      vertex -7.94664 -25.9869 2.2
    endloop
  endfacet
  facet normal -0.508578 -0.861016 0
    outer loop
      vertex -7.94664 -25.9869 2.2
      vertex -7.87181 -26.0311 2.7
      vertex -7.94664 -25.9869 2.7
    endloop
  endfacet
  facet normal -0.508578 -0.861016 -0
    outer loop
      vertex -7.87181 -26.0311 2.7
      vertex -7.94664 -25.9869 2.2
      vertex -7.87181 -26.0311 2.2
    endloop
  endfacet
  facet normal -0.59389 -0.804546 0
    outer loop
      vertex -7.87181 -26.0311 2.2
      vertex -7.80272 -26.0821 2.7
      vertex -7.87181 -26.0311 2.7
    endloop
  endfacet
  facet normal -0.59389 -0.804546 -0
    outer loop
      vertex -7.80272 -26.0821 2.7
      vertex -7.87181 -26.0311 2.2
      vertex -7.80272 -26.0821 2.2
    endloop
  endfacet
  facet normal -0.6747 -0.738092 0
    outer loop
      vertex -7.80272 -26.0821 2.2
      vertex -7.73938 -26.14 2.7
      vertex -7.80272 -26.0821 2.7
    endloop
  endfacet
  facet normal -0.6747 -0.738092 -0
    outer loop
      vertex -7.73938 -26.14 2.7
      vertex -7.80272 -26.0821 2.2
      vertex -7.73938 -26.14 2.2
    endloop
  endfacet
  facet normal -0.74773 -0.664003 0
    outer loop
      vertex -7.68228 -26.2043 2.2
      vertex -7.73938 -26.14 2.7
      vertex -7.73938 -26.14 2.2
    endloop
  endfacet
  facet normal -0.74773 -0.664003 0
    outer loop
      vertex -7.73938 -26.14 2.7
      vertex -7.68228 -26.2043 2.2
      vertex -7.68228 -26.2043 2.7
    endloop
  endfacet
  facet normal -0.813218 -0.581959 0
    outer loop
      vertex -7.6319 -26.2747 2.2
      vertex -7.68228 -26.2043 2.7
      vertex -7.68228 -26.2043 2.2
    endloop
  endfacet
  facet normal -0.813218 -0.581959 0
    outer loop
      vertex -7.68228 -26.2043 2.7
      vertex -7.6319 -26.2747 2.2
      vertex -7.6319 -26.2747 2.7
    endloop
  endfacet
  facet normal -0.868509 -0.495674 0
    outer loop
      vertex -7.58824 -26.3512 2.2
      vertex -7.6319 -26.2747 2.7
      vertex -7.6319 -26.2747 2.2
    endloop
  endfacet
  facet normal -0.868509 -0.495674 0
    outer loop
      vertex -7.6319 -26.2747 2.7
      vertex -7.58824 -26.3512 2.2
      vertex -7.58824 -26.3512 2.7
    endloop
  endfacet
  facet normal -0.912788 -0.408434 0
    outer loop
      vertex -7.55128 -26.4338 2.2
      vertex -7.58824 -26.3512 2.7
      vertex -7.58824 -26.3512 2.2
    endloop
  endfacet
  facet normal -0.912788 -0.408434 0
    outer loop
      vertex -7.58824 -26.3512 2.7
      vertex -7.55128 -26.4338 2.2
      vertex -7.55128 -26.4338 2.7
    endloop
  endfacet
  facet normal -0.946682 -0.32217 0
    outer loop
      vertex -7.52106 -26.5226 2.2
      vertex -7.55128 -26.4338 2.7
      vertex -7.55128 -26.4338 2.2
    endloop
  endfacet
  facet normal -0.946682 -0.32217 0
    outer loop
      vertex -7.55128 -26.4338 2.7
      vertex -7.52106 -26.5226 2.2
      vertex -7.52106 -26.5226 2.7
    endloop
  endfacet
  facet normal -0.970634 -0.240562 0
    outer loop
      vertex -7.49754 -26.6175 2.2
      vertex -7.52106 -26.5226 2.7
      vertex -7.52106 -26.5226 2.2
    endloop
  endfacet
  facet normal -0.970634 -0.240562 0
    outer loop
      vertex -7.52106 -26.5226 2.7
      vertex -7.49754 -26.6175 2.2
      vertex -7.49754 -26.6175 2.7
    endloop
  endfacet
  facet normal -0.986478 -0.163892 0
    outer loop
      vertex -7.48076 -26.7185 2.2
      vertex -7.49754 -26.6175 2.7
      vertex -7.49754 -26.6175 2.2
    endloop
  endfacet
  facet normal -0.986478 -0.163892 0
    outer loop
      vertex -7.49754 -26.6175 2.7
      vertex -7.48076 -26.7185 2.2
      vertex -7.48076 -26.7185 2.7
    endloop
  endfacet
  facet normal -0.995591 -0.0937957 0
    outer loop
      vertex -7.47067 -26.8256 2.2
      vertex -7.48076 -26.7185 2.7
      vertex -7.48076 -26.7185 2.2
    endloop
  endfacet
  facet normal -0.995591 -0.0937957 0
    outer loop
      vertex -7.48076 -26.7185 2.7
      vertex -7.47067 -26.8256 2.2
      vertex -7.47067 -26.8256 2.7
    endloop
  endfacet
  facet normal -0.999563 -0.0295546 0
    outer loop
      vertex -7.46732 -26.9389 2.2
      vertex -7.47067 -26.8256 2.7
      vertex -7.47067 -26.8256 2.2
    endloop
  endfacet
  facet normal -0.999563 -0.0295546 0
    outer loop
      vertex -7.47067 -26.8256 2.7
      vertex -7.46732 -26.9389 2.2
      vertex -7.46732 -26.9389 2.7
    endloop
  endfacet
  facet normal -0.999601 0.0282303 0
    outer loop
      vertex -7.4705 -27.0515 2.2
      vertex -7.46732 -26.9389 2.7
      vertex -7.46732 -26.9389 2.2
    endloop
  endfacet
  facet normal -0.999601 0.0282303 0
    outer loop
      vertex -7.46732 -26.9389 2.7
      vertex -7.4705 -27.0515 2.2
      vertex -7.4705 -27.0515 2.7
    endloop
  endfacet
  facet normal -0.996039 0.0889188 0
    outer loop
      vertex -7.48007 -27.1587 2.2
      vertex -7.4705 -27.0515 2.7
      vertex -7.4705 -27.0515 2.2
    endloop
  endfacet
  facet normal -0.996039 0.0889188 0
    outer loop
      vertex -7.4705 -27.0515 2.7
      vertex -7.48007 -27.1587 2.2
      vertex -7.48007 -27.1587 2.7
    endloop
  endfacet
  facet normal -0.988 0.154454 0
    outer loop
      vertex -7.496 -27.2606 2.2
      vertex -7.48007 -27.1587 2.7
      vertex -7.48007 -27.1587 2.2
    endloop
  endfacet
  facet normal -0.988 0.154454 0
    outer loop
      vertex -7.48007 -27.1587 2.7
      vertex -7.496 -27.2606 2.2
      vertex -7.496 -27.2606 2.7
    endloop
  endfacet
  facet normal -0.974308 0.22522 0
    outer loop
      vertex -7.51833 -27.3572 2.2
      vertex -7.496 -27.2606 2.7
      vertex -7.496 -27.2606 2.2
    endloop
  endfacet
  facet normal -0.974308 0.22522 0
    outer loop
      vertex -7.496 -27.2606 2.7
      vertex -7.51833 -27.3572 2.2
      vertex -7.51833 -27.3572 2.7
    endloop
  endfacet
  facet normal -0.953942 0.29999 0
    outer loop
      vertex -7.54701 -27.4484 2.2
      vertex -7.51833 -27.3572 2.7
      vertex -7.51833 -27.3572 2.2
    endloop
  endfacet
  facet normal -0.953942 0.29999 0
    outer loop
      vertex -7.51833 -27.3572 2.7
      vertex -7.54701 -27.4484 2.2
      vertex -7.54701 -27.4484 2.7
    endloop
  endfacet
  facet normal -0.925623 0.378448 0
    outer loop
      vertex -7.58209 -27.5342 2.2
      vertex -7.54701 -27.4484 2.7
      vertex -7.54701 -27.4484 2.2
    endloop
  endfacet
  facet normal -0.925623 0.378448 0
    outer loop
      vertex -7.54701 -27.4484 2.7
      vertex -7.58209 -27.5342 2.2
      vertex -7.58209 -27.5342 2.7
    endloop
  endfacet
  facet normal -0.889063 0.457785 0
    outer loop
      vertex -7.62354 -27.6147 2.2
      vertex -7.58209 -27.5342 2.7
      vertex -7.58209 -27.5342 2.2
    endloop
  endfacet
  facet normal -0.889063 0.457785 0
    outer loop
      vertex -7.58209 -27.5342 2.7
      vertex -7.62354 -27.6147 2.2
      vertex -7.62354 -27.6147 2.7
    endloop
  endfacet
  facet normal -0.843837 0.5366 0
    outer loop
      vertex -7.67136 -27.6899 2.2
      vertex -7.62354 -27.6147 2.7
      vertex -7.62354 -27.6147 2.2
    endloop
  endfacet
  facet normal -0.843837 0.5366 0
    outer loop
      vertex -7.62354 -27.6147 2.7
      vertex -7.67136 -27.6899 2.2
      vertex -7.67136 -27.6899 2.7
    endloop
  endfacet
  facet normal -0.789949 0.613172 0
    outer loop
      vertex -7.72554 -27.7597 2.2
      vertex -7.67136 -27.6899 2.7
      vertex -7.67136 -27.6899 2.2
    endloop
  endfacet
  facet normal -0.789949 0.613172 0
    outer loop
      vertex -7.67136 -27.6899 2.7
      vertex -7.72554 -27.7597 2.2
      vertex -7.72554 -27.7597 2.7
    endloop
  endfacet
  facet normal -0.72849 0.685056 0
    outer loop
      vertex -7.78516 -27.8231 2.2
      vertex -7.72554 -27.7597 2.7
      vertex -7.72554 -27.7597 2.2
    endloop
  endfacet
  facet normal -0.72849 0.685056 0
    outer loop
      vertex -7.72554 -27.7597 2.7
      vertex -7.78516 -27.8231 2.2
      vertex -7.78516 -27.8231 2.7
    endloop
  endfacet
  facet normal -0.657605 0.753363 0
    outer loop
      vertex -7.78516 -27.8231 2.2
      vertex -7.8492 -27.879 2.7
      vertex -7.78516 -27.8231 2.7
    endloop
  endfacet
  facet normal -0.657605 0.753363 0
    outer loop
      vertex -7.8492 -27.879 2.7
      vertex -7.78516 -27.8231 2.2
      vertex -7.8492 -27.879 2.2
    endloop
  endfacet
  facet normal -0.577964 0.816062 0
    outer loop
      vertex -7.8492 -27.879 2.2
      vertex -7.91768 -27.9275 2.7
      vertex -7.8492 -27.879 2.7
    endloop
  endfacet
  facet normal -0.577964 0.816062 0
    outer loop
      vertex -7.91768 -27.9275 2.7
      vertex -7.8492 -27.879 2.2
      vertex -7.91768 -27.9275 2.2
    endloop
  endfacet
  facet normal -0.49 0.871722 0
    outer loop
      vertex -7.91768 -27.9275 2.2
      vertex -7.99062 -27.9685 2.7
      vertex -7.91768 -27.9275 2.7
    endloop
  endfacet
  facet normal -0.49 0.871722 0
    outer loop
      vertex -7.99062 -27.9685 2.7
      vertex -7.91768 -27.9275 2.2
      vertex -7.99062 -27.9685 2.2
    endloop
  endfacet
  facet normal -0.397381 0.917654 0
    outer loop
      vertex -7.99062 -27.9685 2.2
      vertex -8.06798 -28.002 2.7
      vertex -7.99062 -27.9685 2.7
    endloop
  endfacet
  facet normal -0.397381 0.917654 0
    outer loop
      vertex -8.06798 -28.002 2.7
      vertex -7.99062 -27.9685 2.2
      vertex -8.06798 -28.002 2.2
    endloop
  endfacet
  facet normal -0.303905 0.952702 0
    outer loop
      vertex -8.06798 -28.002 2.2
      vertex -8.1498 -28.0281 2.7
      vertex -8.06798 -28.002 2.7
    endloop
  endfacet
  facet normal -0.303905 0.952702 0
    outer loop
      vertex -8.1498 -28.0281 2.7
      vertex -8.06798 -28.002 2.2
      vertex -8.1498 -28.0281 2.2
    endloop
  endfacet
  facet normal -0.211912 0.977289 0
    outer loop
      vertex -8.1498 -28.0281 2.2
      vertex -8.23604 -28.0468 2.7
      vertex -8.1498 -28.0281 2.7
    endloop
  endfacet
  facet normal -0.211912 0.977289 0
    outer loop
      vertex -8.23604 -28.0468 2.7
      vertex -8.1498 -28.0281 2.2
      vertex -8.23604 -28.0468 2.2
    endloop
  endfacet
  facet normal -0.122553 0.992462 0
    outer loop
      vertex -8.23604 -28.0468 2.2
      vertex -8.32674 -28.058 2.7
      vertex -8.23604 -28.0468 2.7
    endloop
  endfacet
  facet normal -0.122553 0.992462 0
    outer loop
      vertex -8.32674 -28.058 2.7
      vertex -8.23604 -28.0468 2.2
      vertex -8.32674 -28.058 2.2
    endloop
  endfacet
  facet normal -0.0388688 0.999244 0
    outer loop
      vertex -8.32674 -28.058 2.2
      vertex -8.42186 -28.0617 2.7
      vertex -8.32674 -28.058 2.7
    endloop
  endfacet
  facet normal -0.0388688 0.999244 0
    outer loop
      vertex -8.42186 -28.0617 2.7
      vertex -8.32674 -28.058 2.2
      vertex -8.42186 -28.0617 2.2
    endloop
  endfacet
  facet normal 0 1 -0
    outer loop
      vertex -8.42186 -28.0617 2.2
      vertex -8.99828 -28.0617 2.7
      vertex -8.42186 -28.0617 2.7
    endloop
  endfacet
  facet normal 0 1 0
    outer loop
      vertex -8.99828 -28.0617 2.7
      vertex -8.42186 -28.0617 2.2
      vertex -8.99828 -28.0617 2.2
    endloop
  endfacet
  facet normal 0 -1 0
    outer loop
      vertex -4.49669 -27.9257 2.2
      vertex -4.06323 -27.9257 2.7
      vertex -4.49669 -27.9257 2.7
    endloop
  endfacet
  facet normal 0 -1 -0
    outer loop
      vertex -4.06323 -27.9257 2.7
      vertex -4.49669 -27.9257 2.2
      vertex -4.06323 -27.9257 2.2
    endloop
  endfacet
  facet normal 1 -0 0
    outer loop
      vertex -4.06323 -27.9257 2.7
      vertex -4.06323 -27.4438 2.2
      vertex -4.06323 -27.4438 2.7
    endloop
  endfacet
  facet normal 1 0 0
    outer loop
      vertex -4.06323 -27.4438 2.2
      vertex -4.06323 -27.9257 2.7
      vertex -4.06323 -27.9257 2.2
    endloop
  endfacet
  facet normal 0 1 -0
    outer loop
      vertex -4.06323 -27.4438 2.2
      vertex -4.49669 -27.4438 2.7
      vertex -4.06323 -27.4438 2.7
    endloop
  endfacet
  facet normal 0 1 0
    outer loop
      vertex -4.49669 -27.4438 2.7
      vertex -4.06323 -27.4438 2.2
      vertex -4.49669 -27.4438 2.2
    endloop
  endfacet
  facet normal 1 -0 0
    outer loop
      vertex -4.49669 -27.4438 2.7
      vertex -4.49669 -25.3387 2.2
      vertex -4.49669 -25.3387 2.7
    endloop
  endfacet
  facet normal 1 0 0
    outer loop
      vertex -4.49669 -25.3387 2.2
      vertex -4.49669 -27.4438 2.7
      vertex -4.49669 -27.4438 2.2
    endloop
  endfacet
  facet normal 0 1 -0
    outer loop
      vertex -4.49669 -25.3387 2.2
      vertex -5.22066 -25.3387 2.7
      vertex -4.49669 -25.3387 2.7
    endloop
  endfacet
  facet normal 0 1 0
    outer loop
      vertex -5.22066 -25.3387 2.7
      vertex -4.49669 -25.3387 2.2
      vertex -5.22066 -25.3387 2.2
    endloop
  endfacet
  facet normal -0.837238 0.546839 0
    outer loop
      vertex -6.59253 -27.4391 2.2
      vertex -5.22066 -25.3387 2.7
      vertex -5.22066 -25.3387 2.2
    endloop
  endfacet
  facet normal -0.837238 0.546839 0
    outer loop
      vertex -5.22066 -25.3387 2.7
      vertex -6.59253 -27.4391 2.2
      vertex -6.59253 -27.4391 2.7
    endloop
  endfacet
  facet normal -1 0 0
    outer loop
      vertex -6.59253 -27.9257 2.2
      vertex -6.59253 -27.4391 2.7
      vertex -6.59253 -27.4391 2.2
    endloop
  endfacet
  facet normal -1 -0 0
    outer loop
      vertex -6.59253 -27.4391 2.7
      vertex -6.59253 -27.9257 2.2
      vertex -6.59253 -27.9257 2.7
    endloop
  endfacet
  facet normal 0 -1 0
    outer loop
      vertex -6.59253 -27.9257 2.2
      vertex -5.11461 -27.9257 2.7
      vertex -6.59253 -27.9257 2.7
    endloop
  endfacet
  facet normal 0 -1 -0
    outer loop
      vertex -5.11461 -27.9257 2.7
      vertex -6.59253 -27.9257 2.2
      vertex -5.11461 -27.9257 2.2
    endloop
  endfacet
  facet normal -1 0 0
    outer loop
      vertex -5.11461 -28.5874 2.2
      vertex -5.11461 -27.9257 2.7
      vertex -5.11461 -27.9257 2.2
    endloop
  endfacet
  facet normal -1 -0 0
    outer loop
      vertex -5.11461 -27.9257 2.7
      vertex -5.11461 -28.5874 2.2
      vertex -5.11461 -28.5874 2.7
    endloop
  endfacet
  facet normal 0 -1 0
    outer loop
      vertex -5.11461 -28.5874 2.2
      vertex -4.49669 -28.5874 2.7
      vertex -5.11461 -28.5874 2.7
    endloop
  endfacet
  facet normal 0 -1 -0
    outer loop
      vertex -4.49669 -28.5874 2.7
      vertex -5.11461 -28.5874 2.2
      vertex -4.49669 -28.5874 2.2
    endloop
  endfacet
  facet normal 1 -0 0
    outer loop
      vertex -4.49669 -28.5874 2.7
      vertex -4.49669 -27.9257 2.2
      vertex -4.49669 -27.9257 2.7
    endloop
  endfacet
  facet normal 1 0 0
    outer loop
      vertex -4.49669 -27.9257 2.2
      vertex -4.49669 -28.5874 2.7
      vertex -4.49669 -28.5874 2.2
    endloop
  endfacet
  facet normal 0.835394 -0.549651 0
    outer loop
      vertex -6.06454 -27.4438 2.7
      vertex -5.31059 -26.2979 2.2
      vertex -5.31059 -26.2979 2.7
    endloop
  endfacet
  facet normal 0.835394 -0.549651 0
    outer loop
      vertex -5.31059 -26.2979 2.2
      vertex -6.06454 -27.4438 2.7
      vertex -6.06454 -27.4438 2.2
    endloop
  endfacet
  facet normal 0.843832 -0.536607 0
    outer loop
      vertex -5.31059 -26.2979 2.7
      vertex -5.27695 -26.245 2.2
      vertex -5.27695 -26.245 2.7
    endloop
  endfacet
  facet normal 0.843832 -0.536607 0
    outer loop
      vertex -5.27695 -26.245 2.2
      vertex -5.31059 -26.2979 2.7
      vertex -5.31059 -26.2979 2.2
    endloop
  endfacet
  facet normal 0.847998 -0.529999 0
    outer loop
      vertex -5.27695 -26.245 2.7
      vertex -5.2457 -26.195 2.2
      vertex -5.2457 -26.195 2.7
    endloop
  endfacet
  facet normal 0.847998 -0.529999 0
    outer loop
      vertex -5.2457 -26.195 2.2
      vertex -5.27695 -26.245 2.7
      vertex -5.27695 -26.245 2.2
    endloop
  endfacet
  facet normal 0.853076 -0.521786 0
    outer loop
      vertex -5.2457 -26.195 2.7
      vertex -5.21683 -26.1478 2.2
      vertex -5.21683 -26.1478 2.7
    endloop
  endfacet
  facet normal 0.853076 -0.521786 0
    outer loop
      vertex -5.21683 -26.1478 2.2
      vertex -5.2457 -26.195 2.7
      vertex -5.2457 -26.195 2.2
    endloop
  endfacet
  facet normal 0.858855 -0.512218 0
    outer loop
      vertex -5.21683 -26.1478 2.7
      vertex -5.19035 -26.1034 2.2
      vertex -5.19035 -26.1034 2.7
    endloop
  endfacet
  facet normal 0.858855 -0.512218 0
    outer loop
      vertex -5.19035 -26.1034 2.2
      vertex -5.21683 -26.1478 2.7
      vertex -5.21683 -26.1478 2.2
    endloop
  endfacet
  facet normal 0.865031 -0.501718 0
    outer loop
      vertex -5.19035 -26.1034 2.7
      vertex -5.16628 -26.0619 2.2
      vertex -5.16628 -26.0619 2.7
    endloop
  endfacet
  facet normal 0.865031 -0.501718 0
    outer loop
      vertex -5.16628 -26.0619 2.2
      vertex -5.19035 -26.1034 2.7
      vertex -5.19035 -26.1034 2.2
    endloop
  endfacet
  facet normal 0.871793 -0.489875 0
    outer loop
      vertex -5.16628 -26.0619 2.7
      vertex -5.14459 -26.0233 2.2
      vertex -5.14459 -26.0233 2.7
    endloop
  endfacet
  facet normal 0.871793 -0.489875 0
    outer loop
      vertex -5.14459 -26.0233 2.2
      vertex -5.16628 -26.0619 2.7
      vertex -5.16628 -26.0619 2.2
    endloop
  endfacet
  facet normal 0.880234 -0.47454 0
    outer loop
      vertex -5.14459 -26.0233 2.7
      vertex -5.12529 -25.9875 2.2
      vertex -5.12529 -25.9875 2.7
    endloop
  endfacet
  facet normal 0.880234 -0.47454 0
    outer loop
      vertex -5.12529 -25.9875 2.2
      vertex -5.14459 -26.0233 2.7
      vertex -5.14459 -26.0233 2.2
    endloop
  endfacet
  facet normal 0.889961 -0.456037 0
    outer loop
      vertex -5.12529 -25.9875 2.7
      vertex -5.10838 -25.9545 2.2
      vertex -5.10838 -25.9545 2.7
    endloop
  endfacet
  facet normal 0.889961 -0.456037 0
    outer loop
      vertex -5.10838 -25.9545 2.2
      vertex -5.12529 -25.9875 2.7
      vertex -5.12529 -25.9875 2.2
    endloop
  endfacet
  facet normal 0.900798 -0.434238 0
    outer loop
      vertex -5.10838 -25.9545 2.7
      vertex -5.09387 -25.9244 2.2
      vertex -5.09387 -25.9244 2.7
    endloop
  endfacet
  facet normal 0.900798 -0.434238 0
    outer loop
      vertex -5.09387 -25.9244 2.2
      vertex -5.10838 -25.9545 2.7
      vertex -5.10838 -25.9545 2.2
    endloop
  endfacet
  facet normal -0.994848 0.10138 0
    outer loop
      vertex -5.09494 -25.9349 2.2
      vertex -5.09387 -25.9244 2.7
      vertex -5.09387 -25.9244 2.2
    endloop
  endfacet
  facet normal -0.994848 0.10138 0
    outer loop
      vertex -5.09387 -25.9244 2.7
      vertex -5.09494 -25.9349 2.2
      vertex -5.09494 -25.9349 2.7
    endloop
  endfacet
  facet normal -0.996235 0.0866952 0
    outer loop
      vertex -5.09608 -25.948 2.2
      vertex -5.09494 -25.9349 2.7
      vertex -5.09494 -25.9349 2.2
    endloop
  endfacet
  facet normal -0.996235 0.0866952 0
    outer loop
      vertex -5.09494 -25.9349 2.7
      vertex -5.09608 -25.948 2.2
      vertex -5.09608 -25.948 2.7
    endloop
  endfacet
  facet normal -0.996856 0.0792373 0
    outer loop
      vertex -5.09732 -25.9636 2.2
      vertex -5.09608 -25.948 2.7
      vertex -5.09608 -25.948 2.2
    endloop
  endfacet
  facet normal -0.996856 0.0792373 0
    outer loop
      vertex -5.09608 -25.948 2.7
      vertex -5.09732 -25.9636 2.2
      vertex -5.09732 -25.9636 2.7
    endloop
  endfacet
  facet normal -0.997341 0.0728826 0
    outer loop
      vertex -5.09865 -25.9818 2.2
      vertex -5.09732 -25.9636 2.7
      vertex -5.09732 -25.9636 2.2
    endloop
  endfacet
  facet normal -0.997341 0.0728826 0
    outer loop
      vertex -5.09732 -25.9636 2.7
      vertex -5.09865 -25.9818 2.2
      vertex -5.09865 -25.9818 2.7
    endloop
  endfacet
  facet normal -0.997721 0.0674787 0
    outer loop
      vertex -5.10005 -26.0025 2.2
      vertex -5.09865 -25.9818 2.7
      vertex -5.09865 -25.9818 2.2
    endloop
  endfacet
  facet normal -0.997721 0.0674787 0
    outer loop
      vertex -5.09865 -25.9818 2.7
      vertex -5.10005 -26.0025 2.2
      vertex -5.10005 -26.0025 2.7
    endloop
  endfacet
  facet normal -0.997934 0.0642447 0
    outer loop
      vertex -5.10155 -26.0258 2.2
      vertex -5.10005 -26.0025 2.7
      vertex -5.10005 -26.0025 2.2
    endloop
  endfacet
  facet normal -0.997934 0.0642447 0
    outer loop
      vertex -5.10005 -26.0025 2.7
      vertex -5.10155 -26.0258 2.2
      vertex -5.10155 -26.0258 2.7
    endloop
  endfacet
  facet normal -0.998144 0.0608907 0
    outer loop
      vertex -5.10313 -26.0517 2.2
      vertex -5.10155 -26.0258 2.7
      vertex -5.10155 -26.0258 2.2
    endloop
  endfacet
  facet normal -0.998144 0.0608907 0
    outer loop
      vertex -5.10155 -26.0258 2.7
      vertex -5.10313 -26.0517 2.2
      vertex -5.10313 -26.0517 2.7
    endloop
  endfacet
  facet normal -0.998288 0.0584962 0
    outer loop
      vertex -5.1048 -26.0802 2.2
      vertex -5.10313 -26.0517 2.7
      vertex -5.10313 -26.0517 2.2
    endloop
  endfacet
  facet normal -0.998288 0.0584962 0
    outer loop
      vertex -5.10313 -26.0517 2.7
      vertex -5.1048 -26.0802 2.2
      vertex -5.1048 -26.0802 2.7
    endloop
  endfacet
  facet normal -0.99841 0.0563619 0
    outer loop
      vertex -5.10655 -26.1112 2.2
      vertex -5.1048 -26.0802 2.7
      vertex -5.1048 -26.0802 2.2
    endloop
  endfacet
  facet normal -0.99841 0.0563619 0
    outer loop
      vertex -5.1048 -26.0802 2.7
      vertex -5.10655 -26.1112 2.2
      vertex -5.10655 -26.1112 2.7
    endloop
  endfacet
  facet normal -0.998592 0.0530502 0
    outer loop
      vertex -5.10825 -26.1432 2.2
      vertex -5.10655 -26.1112 2.7
      vertex -5.10655 -26.1112 2.2
    endloop
  endfacet
  facet normal -0.998592 0.0530502 0
    outer loop
      vertex -5.10655 -26.1112 2.7
      vertex -5.10825 -26.1432 2.2
      vertex -5.10825 -26.1432 2.7
    endloop
  endfacet
  facet normal -0.998883 0.0472488 0
    outer loop
      vertex -5.10974 -26.1747 2.2
      vertex -5.10825 -26.1432 2.7
      vertex -5.10825 -26.1432 2.2
    endloop
  endfacet
  facet normal -0.998883 0.0472488 0
    outer loop
      vertex -5.10825 -26.1432 2.7
      vertex -5.10974 -26.1747 2.2
      vertex -5.10974 -26.1747 2.7
    endloop
  endfacet
  facet normal -0.999122 0.0418987 0
    outer loop
      vertex -5.11104 -26.2057 2.2
      vertex -5.10974 -26.1747 2.7
      vertex -5.10974 -26.1747 2.2
    endloop
  endfacet
  facet normal -0.999122 0.0418987 0
    outer loop
      vertex -5.10974 -26.1747 2.7
      vertex -5.11104 -26.2057 2.2
      vertex -5.11104 -26.2057 2.7
    endloop
  endfacet
  facet normal -0.999374 0.0353877 0
    outer loop
      vertex -5.11212 -26.2362 2.2
      vertex -5.11104 -26.2057 2.7
      vertex -5.11104 -26.2057 2.2
    endloop
  endfacet
  facet normal -0.999374 0.0353877 0
    outer loop
      vertex -5.11104 -26.2057 2.7
      vertex -5.11212 -26.2362 2.2
      vertex -5.11212 -26.2362 2.7
    endloop
  endfacet
  facet normal -0.999547 0.0300867 0
    outer loop
      vertex -5.11302 -26.2661 2.2
      vertex -5.11212 -26.2362 2.7
      vertex -5.11212 -26.2362 2.2
    endloop
  endfacet
  facet normal -0.999547 0.0300867 0
    outer loop
      vertex -5.11212 -26.2362 2.7
      vertex -5.11302 -26.2661 2.2
      vertex -5.11302 -26.2661 2.7
    endloop
  endfacet
  facet normal -0.999719 0.0237221 0
    outer loop
      vertex -5.11372 -26.2956 2.2
      vertex -5.11302 -26.2661 2.7
      vertex -5.11302 -26.2661 2.2
    endloop
  endfacet
  facet normal -0.999719 0.0237221 0
    outer loop
      vertex -5.11302 -26.2661 2.7
      vertex -5.11372 -26.2956 2.2
      vertex -5.11372 -26.2956 2.7
    endloop
  endfacet
  facet normal -0.999856 0.0169526 0
    outer loop
      vertex -5.11421 -26.3245 2.2
      vertex -5.11372 -26.2956 2.7
      vertex -5.11372 -26.2956 2.2
    endloop
  endfacet
  facet normal -0.999856 0.0169526 0
    outer loop
      vertex -5.11372 -26.2956 2.7
      vertex -5.11421 -26.3245 2.2
      vertex -5.11421 -26.3245 2.7
    endloop
  endfacet
  facet normal -0.999941 0.0108765 0
    outer loop
      vertex -5.11452 -26.353 2.2
      vertex -5.11421 -26.3245 2.7
      vertex -5.11421 -26.3245 2.2
    endloop
  endfacet
  facet normal -0.999941 0.0108765 0
    outer loop
      vertex -5.11421 -26.3245 2.7
      vertex -5.11452 -26.353 2.2
      vertex -5.11452 -26.353 2.7
    endloop
  endfacet
  facet normal -0.999995 0.00322579 0
    outer loop
      vertex -5.11461 -26.3809 2.2
      vertex -5.11452 -26.353 2.7
      vertex -5.11452 -26.353 2.2
    endloop
  endfacet
  facet normal -0.999995 0.00322579 0
    outer loop
      vertex -5.11452 -26.353 2.7
      vertex -5.11461 -26.3809 2.2
      vertex -5.11461 -26.3809 2.7
    endloop
  endfacet
  facet normal -1 0 0
    outer loop
      vertex -5.11461 -27.4438 2.2
      vertex -5.11461 -26.3809 2.7
      vertex -5.11461 -26.3809 2.2
    endloop
  endfacet
  facet normal -1 -0 0
    outer loop
      vertex -5.11461 -26.3809 2.7
      vertex -5.11461 -27.4438 2.2
      vertex -5.11461 -27.4438 2.7
    endloop
  endfacet
  facet normal 0 1 -0
    outer loop
      vertex -5.11461 -27.4438 2.2
      vertex -6.06454 -27.4438 2.7
      vertex -5.11461 -27.4438 2.7
    endloop
  endfacet
  facet normal 0 1 0
    outer loop
      vertex -6.06454 -27.4438 2.7
      vertex -5.11461 -27.4438 2.2
      vertex -6.06454 -27.4438 2.2
    endloop
  endfacet
  facet normal 0.999952 0.00982271 0
    outer loop
      vertex 1.17775 -26.6714 2.7
      vertex 1.17725 -26.6205 2.2
      vertex 1.17725 -26.6205 2.7
    endloop
  endfacet
  facet normal 0.999952 0.00982271 0
    outer loop
      vertex 1.17725 -26.6205 2.2
      vertex 1.17775 -26.6714 2.7
      vertex 1.17775 -26.6714 2.2
    endloop
  endfacet
  facet normal 0.999596 0.0284289 0
    outer loop
      vertex 1.17725 -26.6205 2.7
      vertex 1.1757 -26.566 2.2
      vertex 1.1757 -26.566 2.7
    endloop
  endfacet
  facet normal 0.999596 0.0284289 0
    outer loop
      vertex 1.1757 -26.566 2.2
      vertex 1.17725 -26.6205 2.7
      vertex 1.17725 -26.6205 2.2
    endloop
  endfacet
  facet normal 0.999027 0.044095 0
    outer loop
      vertex 1.1757 -26.566 2.7
      vertex 1.17314 -26.508 2.2
      vertex 1.17314 -26.508 2.7
    endloop
  endfacet
  facet normal 0.999027 0.044095 0
    outer loop
      vertex 1.17314 -26.508 2.2
      vertex 1.1757 -26.566 2.7
      vertex 1.1757 -26.566 2.2
    endloop
  endfacet
  facet normal 0.998315 0.058019 0
    outer loop
      vertex 1.17314 -26.508 2.7
      vertex 1.16956 -26.4464 2.2
      vertex 1.16956 -26.4464 2.7
    endloop
  endfacet
  facet normal 0.998315 0.058019 0
    outer loop
      vertex 1.16956 -26.4464 2.2
      vertex 1.17314 -26.508 2.7
      vertex 1.17314 -26.508 2.2
    endloop
  endfacet
  facet normal 0.997502 0.0706372 0
    outer loop
      vertex 1.16956 -26.4464 2.7
      vertex 1.16495 -26.3813 2.2
      vertex 1.16495 -26.3813 2.7
    endloop
  endfacet
  facet normal 0.997502 0.0706372 0
    outer loop
      vertex 1.16495 -26.3813 2.2
      vertex 1.16956 -26.4464 2.7
      vertex 1.16956 -26.4464 2.2
    endloop
  endfacet
  facet normal 0.996639 0.0819136 0
    outer loop
      vertex 1.16495 -26.3813 2.7
      vertex 1.15932 -26.3128 2.2
      vertex 1.15932 -26.3128 2.7
    endloop
  endfacet
  facet normal 0.996639 0.0819136 0
    outer loop
      vertex 1.15932 -26.3128 2.2
      vertex 1.16495 -26.3813 2.7
      vertex 1.16495 -26.3813 2.2
    endloop
  endfacet
  facet normal 0.995773 0.0918538 0
    outer loop
      vertex 1.15932 -26.3128 2.7
      vertex 1.15266 -26.2406 2.2
      vertex 1.15266 -26.2406 2.7
    endloop
  endfacet
  facet normal 0.995773 0.0918538 0
    outer loop
      vertex 1.15266 -26.2406 2.2
      vertex 1.15932 -26.3128 2.7
      vertex 1.15932 -26.3128 2.2
    endloop
  endfacet
  facet normal 0.994866 0.101197 0
    outer loop
      vertex 1.15266 -26.2406 2.7
      vertex 1.14497 -26.165 2.2
      vertex 1.14497 -26.165 2.7
    endloop
  endfacet
  facet normal 0.994866 0.101197 0
    outer loop
      vertex 1.14497 -26.165 2.2
      vertex 1.15266 -26.2406 2.7
      vertex 1.15266 -26.2406 2.2
    endloop
  endfacet
  facet normal 0.994034 0.109068 0
    outer loop
      vertex 1.14497 -26.165 2.7
      vertex 1.13628 -26.0858 2.2
      vertex 1.13628 -26.0858 2.7
    endloop
  endfacet
  facet normal 0.994034 0.109068 0
    outer loop
      vertex 1.13628 -26.0858 2.2
      vertex 1.14497 -26.165 2.7
      vertex 1.14497 -26.165 2.2
    endloop
  endfacet
  facet normal -0.870314 -0.492498 0
    outer loop
      vertex 2.5519 -28.5874 2.2
      vertex 1.13628 -26.0858 2.7
      vertex 1.13628 -26.0858 2.2
    endloop
  endfacet
  facet normal -0.870314 -0.492498 0
    outer loop
      vertex 1.13628 -26.0858 2.7
      vertex 2.5519 -28.5874 2.2
      vertex 2.5519 -28.5874 2.7
    endloop
  endfacet
  facet normal 0 -1 0
    outer loop
      vertex 2.5519 -28.5874 2.2
      vertex 3.34967 -28.5874 2.7
      vertex 2.5519 -28.5874 2.7
    endloop
  endfacet
  facet normal 0 -1 -0
    outer loop
      vertex 3.34967 -28.5874 2.7
      vertex 2.5519 -28.5874 2.2
      vertex 3.34967 -28.5874 2.2
    endloop
  endfacet
  facet normal 1 -0 0
    outer loop
      vertex 3.34967 -28.5874 2.7
      vertex 3.34967 -25.3387 2.2
      vertex 3.34967 -25.3387 2.7
    endloop
  endfacet
  facet normal 1 0 0
    outer loop
      vertex 3.34967 -25.3387 2.2
      vertex 3.34967 -28.5874 2.7
      vertex 3.34967 -28.5874 2.2
    endloop
  endfacet
  facet normal 0 1 -0
    outer loop
      vertex 3.34967 -25.3387 2.2
      vertex 2.74559 -25.3387 2.7
      vertex 3.34967 -25.3387 2.7
    endloop
  endfacet
  facet normal 0 1 0
    outer loop
      vertex 2.74559 -25.3387 2.7
      vertex 3.34967 -25.3387 2.2
      vertex 2.74559 -25.3387 2.2
    endloop
  endfacet
  facet normal -1 0 0
    outer loop
      vertex 2.74559 -27.2271 2.2
      vertex 2.74559 -25.3387 2.7
      vertex 2.74559 -25.3387 2.2
    endloop
  endfacet
  facet normal -1 -0 0
    outer loop
      vertex 2.74559 -25.3387 2.7
      vertex 2.74559 -27.2271 2.2
      vertex 2.74559 -27.2271 2.7
    endloop
  endfacet
  facet normal -0.999967 -0.00808683 0
    outer loop
      vertex 2.74611 -27.2914 2.2
      vertex 2.74559 -27.2271 2.7
      vertex 2.74559 -27.2271 2.2
    endloop
  endfacet
  facet normal -0.999967 -0.00808683 0
    outer loop
      vertex 2.74559 -27.2271 2.7
      vertex 2.74611 -27.2914 2.2
      vertex 2.74611 -27.2914 2.7
    endloop
  endfacet
  facet normal -0.999726 -0.0233978 0
    outer loop
      vertex 2.74765 -27.3572 2.2
      vertex 2.74611 -27.2914 2.7
      vertex 2.74611 -27.2914 2.2
    endloop
  endfacet
  facet normal -0.999726 -0.0233978 0
    outer loop
      vertex 2.74611 -27.2914 2.7
      vertex 2.74765 -27.3572 2.2
      vertex 2.74765 -27.3572 2.7
    endloop
  endfacet
  facet normal -0.999285 -0.0378068 0
    outer loop
      vertex 2.7502 -27.4246 2.2
      vertex 2.74765 -27.3572 2.7
      vertex 2.74765 -27.3572 2.2
    endloop
  endfacet
  facet normal -0.999285 -0.0378068 0
    outer loop
      vertex 2.74765 -27.3572 2.7
      vertex 2.7502 -27.4246 2.2
      vertex 2.7502 -27.4246 2.7
    endloop
  endfacet
  facet normal -0.998653 -0.0518894 0
    outer loop
      vertex 2.75378 -27.4935 2.2
      vertex 2.7502 -27.4246 2.7
      vertex 2.7502 -27.4246 2.2
    endloop
  endfacet
  facet normal -0.998653 -0.0518894 0
    outer loop
      vertex 2.7502 -27.4246 2.7
      vertex 2.75378 -27.4935 2.2
      vertex 2.75378 -27.4935 2.7
    endloop
  endfacet
  facet normal -0.997863 -0.065343 0
    outer loop
      vertex 2.75839 -27.5639 2.2
      vertex 2.75378 -27.4935 2.7
      vertex 2.75378 -27.4935 2.2
    endloop
  endfacet
  facet normal -0.997863 -0.065343 0
    outer loop
      vertex 2.75378 -27.4935 2.7
      vertex 2.75839 -27.5639 2.2
      vertex 2.75839 -27.5639 2.7
    endloop
  endfacet
  facet normal -0.996957 -0.0779565 0
    outer loop
      vertex 2.76402 -27.6359 2.2
      vertex 2.75839 -27.5639 2.7
      vertex 2.75839 -27.5639 2.2
    endloop
  endfacet
  facet normal -0.996957 -0.0779565 0
    outer loop
      vertex 2.75839 -27.5639 2.7
      vertex 2.76402 -27.6359 2.2
      vertex 2.76402 -27.6359 2.7
    endloop
  endfacet
  facet normal -0.995908 -0.0903769 0
    outer loop
      vertex 2.77069 -27.7094 2.2
      vertex 2.76402 -27.6359 2.7
      vertex 2.76402 -27.6359 2.2
    endloop
  endfacet
  facet normal -0.995908 -0.0903769 0
    outer loop
      vertex 2.76402 -27.6359 2.7
      vertex 2.77069 -27.7094 2.2
      vertex 2.77069 -27.7094 2.7
    endloop
  endfacet
  facet normal -0.994812 -0.101733 0
    outer loop
      vertex 2.77837 -27.7845 2.2
      vertex 2.77069 -27.7094 2.7
      vertex 2.77069 -27.7094 2.2
    endloop
  endfacet
  facet normal -0.994812 -0.101733 0
    outer loop
      vertex 2.77069 -27.7094 2.7
      vertex 2.77837 -27.7845 2.2
      vertex 2.77837 -27.7845 2.7
    endloop
  endfacet
  facet normal -0.993597 -0.11298 0
    outer loop
      vertex 2.78708 -27.8611 2.2
      vertex 2.77837 -27.7845 2.7
      vertex 2.77837 -27.7845 2.2
    endloop
  endfacet
  facet normal -0.993597 -0.11298 0
    outer loop
      vertex 2.77837 -27.7845 2.7
      vertex 2.78708 -27.8611 2.2
      vertex 2.78708 -27.8611 2.7
    endloop
  endfacet
  facet normal 0.86898 0.494847 0
    outer loop
      vertex 2.78708 -27.8611 2.7
      vertex 1.35068 -25.3387 2.2
      vertex 1.35068 -25.3387 2.7
    endloop
  endfacet
  facet normal 0.86898 0.494847 0
    outer loop
      vertex 1.35068 -25.3387 2.2
      vertex 2.78708 -27.8611 2.7
      vertex 2.78708 -27.8611 2.2
    endloop
  endfacet
  facet normal 0 1 -0
    outer loop
      vertex 1.35068 -25.3387 2.2
      vertex 0.573669 -25.3387 2.7
      vertex 1.35068 -25.3387 2.7
    endloop
  endfacet
  facet normal 0 1 0
    outer loop
      vertex 0.573669 -25.3387 2.7
      vertex 1.35068 -25.3387 2.2
      vertex 0.573669 -25.3387 2.2
    endloop
  endfacet
  facet normal -1 0 0
    outer loop
      vertex 0.573669 -28.5874 2.2
      vertex 0.573669 -25.3387 2.7
      vertex 0.573669 -25.3387 2.2
    endloop
  endfacet
  facet normal -1 -0 0
    outer loop
      vertex 0.573669 -25.3387 2.7
      vertex 0.573669 -28.5874 2.2
      vertex 0.573669 -28.5874 2.7
    endloop
  endfacet
  facet normal 0 -1 0
    outer loop
      vertex 0.573669 -28.5874 2.2
      vertex 1.17775 -28.5874 2.7
      vertex 0.573669 -28.5874 2.7
    endloop
  endfacet
  facet normal 0 -1 -0
    outer loop
      vertex 1.17775 -28.5874 2.7
      vertex 0.573669 -28.5874 2.2
      vertex 1.17775 -28.5874 2.2
    endloop
  endfacet
  facet normal 1 -0 0
    outer loop
      vertex 1.17775 -28.5874 2.7
      vertex 1.17775 -26.6714 2.2
      vertex 1.17775 -26.6714 2.7
    endloop
  endfacet
  facet normal 1 0 0
    outer loop
      vertex 1.17775 -26.6714 2.2
      vertex 1.17775 -28.5874 2.7
      vertex 1.17775 -28.5874 2.2
    endloop
  endfacet
  facet normal 0 -1 0
    outer loop
      vertex 4.67409 -27.7573 2.2
      vertex 5.91219 -27.7573 2.7
      vertex 4.67409 -27.7573 2.7
    endloop
  endfacet
  facet normal 0 -1 -0
    outer loop
      vertex 5.91219 -27.7573 2.7
      vertex 4.67409 -27.7573 2.2
      vertex 5.91219 -27.7573 2.2
    endloop
  endfacet
  facet normal -0.944677 -0.328002 0
    outer loop
      vertex 6.20041 -28.5874 2.2
      vertex 5.91219 -27.7573 2.7
      vertex 5.91219 -27.7573 2.2
    endloop
  endfacet
  facet normal -0.944677 -0.328002 0
    outer loop
      vertex 5.91219 -27.7573 2.7
      vertex 6.20041 -28.5874 2.2
      vertex 6.20041 -28.5874 2.7
    endloop
  endfacet
  facet normal 0 -1 0
    outer loop
      vertex 6.20041 -28.5874 2.2
      vertex 6.87364 -28.5874 2.7
      vertex 6.20041 -28.5874 2.7
    endloop
  endfacet
  facet normal 0 -1 -0
    outer loop
      vertex 6.87364 -28.5874 2.7
      vertex 6.20041 -28.5874 2.2
      vertex 6.87364 -28.5874 2.2
    endloop
  endfacet
  facet normal 0.939874 0.341522 0
    outer loop
      vertex 6.87364 -28.5874 2.7
      vertex 5.69316 -25.3387 2.2
      vertex 5.69316 -25.3387 2.7
    endloop
  endfacet
  facet normal 0.939874 0.341522 0
    outer loop
      vertex 5.69316 -25.3387 2.2
      vertex 6.87364 -28.5874 2.7
      vertex 6.87364 -28.5874 2.2
    endloop
  endfacet
  facet normal 0 1 -0
    outer loop
      vertex 5.69316 -25.3387 2.2
      vertex 4.89079 -25.3387 2.7
      vertex 5.69316 -25.3387 2.7
    endloop
  endfacet
  facet normal 0 1 0
    outer loop
      vertex 4.89079 -25.3387 2.7
      vertex 5.69316 -25.3387 2.2
      vertex 4.89079 -25.3387 2.2
    endloop
  endfacet
  facet normal -0.939444 0.342702 0
    outer loop
      vertex 3.70569 -28.5874 2.2
      vertex 4.89079 -25.3387 2.7
      vertex 4.89079 -25.3387 2.2
    endloop
  endfacet
  facet normal -0.939444 0.342702 0
    outer loop
      vertex 4.89079 -25.3387 2.7
      vertex 3.70569 -28.5874 2.2
      vertex 3.70569 -28.5874 2.7
    endloop
  endfacet
  facet normal 0 -1 0
    outer loop
      vertex 3.70569 -28.5874 2.2
      vertex 4.38586 -28.5874 2.7
      vertex 3.70569 -28.5874 2.7
    endloop
  endfacet
  facet normal 0 -1 -0
    outer loop
      vertex 4.38586 -28.5874 2.7
      vertex 3.70569 -28.5874 2.2
      vertex 4.38586 -28.5874 2.2
    endloop
  endfacet
  facet normal 0.944673 -0.328013 0
    outer loop
      vertex 4.38586 -28.5874 2.7
      vertex 4.67409 -27.7573 2.2
      vertex 4.67409 -27.7573 2.7
    endloop
  endfacet
  facet normal 0.944673 -0.328013 0
    outer loop
      vertex 4.67409 -27.7573 2.2
      vertex 4.38586 -28.5874 2.7
      vertex 4.38586 -28.5874 2.2
    endloop
  endfacet
  facet normal 0.945824 -0.324681 0
    outer loop
      vertex 4.82623 -27.2455 2.7
      vertex 4.90309 -27.0216 2.2
      vertex 4.90309 -27.0216 2.7
    endloop
  endfacet
  facet normal 0.945824 -0.324681 0
    outer loop
      vertex 4.90309 -27.0216 2.2
      vertex 4.82623 -27.2455 2.7
      vertex 4.82623 -27.2455 2.2
    endloop
  endfacet
  facet normal 0.945952 -0.324306 0
    outer loop
      vertex 4.90309 -27.0216 2.7
      vertex 4.97176 -26.8213 2.2
      vertex 4.97176 -26.8213 2.7
    endloop
  endfacet
  facet normal 0.945952 -0.324306 0
    outer loop
      vertex 4.97176 -26.8213 2.2
      vertex 4.90309 -27.0216 2.7
      vertex 4.90309 -27.0216 2.2
    endloop
  endfacet
  facet normal 0.94622 -0.323524 0
    outer loop
      vertex 4.97176 -26.8213 2.7
      vertex 5.03221 -26.6445 2.2
      vertex 5.03221 -26.6445 2.7
    endloop
  endfacet
  facet normal 0.94622 -0.323524 0
    outer loop
      vertex 5.03221 -26.6445 2.2
      vertex 4.97176 -26.8213 2.7
      vertex 4.97176 -26.8213 2.2
    endloop
  endfacet
  facet normal 0.946448 -0.322855 0
    outer loop
      vertex 5.03221 -26.6445 2.7
      vertex 5.08447 -26.4913 2.2
      vertex 5.08447 -26.4913 2.7
    endloop
  endfacet
  facet normal 0.946448 -0.322855 0
    outer loop
      vertex 5.08447 -26.4913 2.2
      vertex 5.03221 -26.6445 2.7
      vertex 5.03221 -26.6445 2.2
    endloop
  endfacet
  facet normal 0.946759 -0.321942 0
    outer loop
      vertex 5.08447 -26.4913 2.7
      vertex 5.12854 -26.3617 2.2
      vertex 5.12854 -26.3617 2.7
    endloop
  endfacet
  facet normal 0.946759 -0.321942 0
    outer loop
      vertex 5.12854 -26.3617 2.2
      vertex 5.08447 -26.4913 2.7
      vertex 5.08447 -26.4913 2.2
    endloop
  endfacet
  facet normal 0.947354 -0.320189 0
    outer loop
      vertex 5.12854 -26.3617 2.7
      vertex 5.1644 -26.2556 2.2
      vertex 5.1644 -26.2556 2.7
    endloop
  endfacet
  facet normal 0.947354 -0.320189 0
    outer loop
      vertex 5.1644 -26.2556 2.2
      vertex 5.12854 -26.3617 2.7
      vertex 5.12854 -26.3617 2.2
    endloop
  endfacet
  facet normal 0.94813 -0.317882 0
    outer loop
      vertex 5.1644 -26.2556 2.7
      vertex 5.19206 -26.1731 2.2
      vertex 5.19206 -26.1731 2.7
    endloop
  endfacet
  facet normal 0.94813 -0.317882 0
    outer loop
      vertex 5.19206 -26.1731 2.2
      vertex 5.1644 -26.2556 2.7
      vertex 5.1644 -26.2556 2.2
    endloop
  endfacet
  facet normal 0.94947 -0.313857 0
    outer loop
      vertex 5.19206 -26.1731 2.7
      vertex 5.21153 -26.1142 2.2
      vertex 5.21153 -26.1142 2.7
    endloop
  endfacet
  facet normal 0.94947 -0.313857 0
    outer loop
      vertex 5.21153 -26.1142 2.2
      vertex 5.19206 -26.1731 2.7
      vertex 5.19206 -26.1731 2.2
    endloop
  endfacet
  facet normal 0.952549 -0.304384 0
    outer loop
      vertex 5.21153 -26.1142 2.7
      vertex 5.22281 -26.0789 2.2
      vertex 5.22281 -26.0789 2.7
    endloop
  endfacet
  facet normal 0.952549 -0.304384 0
    outer loop
      vertex 5.22281 -26.0789 2.2
      vertex 5.21153 -26.1142 2.7
      vertex 5.21153 -26.1142 2.2
    endloop
  endfacet
  facet normal 0.957145 -0.289608 0
    outer loop
      vertex 5.22281 -26.0789 2.7
      vertex 5.22986 -26.0556 2.2
      vertex 5.22986 -26.0556 2.7
    endloop
  endfacet
  facet normal 0.957145 -0.289608 0
    outer loop
      vertex 5.22986 -26.0556 2.2
      vertex 5.22281 -26.0789 2.7
      vertex 5.22281 -26.0789 2.2
    endloop
  endfacet
  facet normal 0.957594 -0.288122 0
    outer loop
      vertex 5.22986 -26.0556 2.7
      vertex 5.23669 -26.0329 2.2
      vertex 5.23669 -26.0329 2.7
    endloop
  endfacet
  facet normal 0.957594 -0.288122 0
    outer loop
      vertex 5.23669 -26.0329 2.2
      vertex 5.22986 -26.0556 2.7
      vertex 5.22986 -26.0556 2.2
    endloop
  endfacet
  facet normal 0.958418 -0.285367 0
    outer loop
      vertex 5.23669 -26.0329 2.7
      vertex 5.2433 -26.0107 2.2
      vertex 5.2433 -26.0107 2.7
    endloop
  endfacet
  facet normal 0.958418 -0.285367 0
    outer loop
      vertex 5.2433 -26.0107 2.2
      vertex 5.23669 -26.0329 2.7
      vertex 5.23669 -26.0329 2.2
    endloop
  endfacet
  facet normal 0.958681 -0.284483 0
    outer loop
      vertex 5.2433 -26.0107 2.7
      vertex 5.24968 -25.9892 2.2
      vertex 5.24968 -25.9892 2.7
    endloop
  endfacet
  facet normal 0.958681 -0.284483 0
    outer loop
      vertex 5.24968 -25.9892 2.2
      vertex 5.2433 -26.0107 2.7
      vertex 5.2433 -26.0107 2.2
    endloop
  endfacet
  facet normal 0.960051 -0.279825 0
    outer loop
      vertex 5.24968 -25.9892 2.7
      vertex 5.25583 -25.9681 2.2
      vertex 5.25583 -25.9681 2.7
    endloop
  endfacet
  facet normal 0.960051 -0.279825 0
    outer loop
      vertex 5.25583 -25.9681 2.2
      vertex 5.24968 -25.9892 2.7
      vertex 5.24968 -25.9892 2.2
    endloop
  endfacet
  facet normal 0.960379 -0.278698 0
    outer loop
      vertex 5.25583 -25.9681 2.7
      vertex 5.26175 -25.9477 2.2
      vertex 5.26175 -25.9477 2.7
    endloop
  endfacet
  facet normal 0.960379 -0.278698 0
    outer loop
      vertex 5.26175 -25.9477 2.2
      vertex 5.25583 -25.9681 2.7
      vertex 5.25583 -25.9681 2.2
    endloop
  endfacet
  facet normal 0.961469 -0.274913 0
    outer loop
      vertex 5.26175 -25.9477 2.7
      vertex 5.26744 -25.9278 2.2
      vertex 5.26744 -25.9278 2.7
    endloop
  endfacet
  facet normal 0.961469 -0.274913 0
    outer loop
      vertex 5.26744 -25.9278 2.2
      vertex 5.26175 -25.9477 2.7
      vertex 5.26175 -25.9477 2.2
    endloop
  endfacet
  facet normal 0.961974 -0.273141 0
    outer loop
      vertex 5.26744 -25.9278 2.7
      vertex 5.27292 -25.9085 2.2
      vertex 5.27292 -25.9085 2.7
    endloop
  endfacet
  facet normal 0.961974 -0.273141 0
    outer loop
      vertex 5.27292 -25.9085 2.2
      vertex 5.26744 -25.9278 2.7
      vertex 5.26744 -25.9278 2.2
    endloop
  endfacet
  facet normal 0.963044 -0.269343 0
    outer loop
      vertex 5.27292 -25.9085 2.7
      vertex 5.27815 -25.8898 2.2
      vertex 5.27815 -25.8898 2.7
    endloop
  endfacet
  facet normal 0.963044 -0.269343 0
    outer loop
      vertex 5.27815 -25.8898 2.2
      vertex 5.27292 -25.9085 2.7
      vertex 5.27292 -25.9085 2.2
    endloop
  endfacet
  facet normal 0.964847 -0.262811 0
    outer loop
      vertex 5.27815 -25.8898 2.7
      vertex 5.29196 -25.8391 2.2
      vertex 5.29196 -25.8391 2.7
    endloop
  endfacet
  facet normal 0.964847 -0.262811 0
    outer loop
      vertex 5.29196 -25.8391 2.2
      vertex 5.27815 -25.8898 2.7
      vertex 5.27815 -25.8898 2.2
    endloop
  endfacet
  facet normal -0.956627 -0.291317 0
    outer loop
      vertex 5.34041 -25.9982 2.2
      vertex 5.29196 -25.8391 2.7
      vertex 5.29196 -25.8391 2.2
    endloop
  endfacet
  facet normal -0.956627 -0.291317 0
    outer loop
      vertex 5.29196 -25.8391 2.7
      vertex 5.34041 -25.9982 2.2
      vertex 5.34041 -25.9982 2.7
    endloop
  endfacet
  facet normal -0.953478 -0.301463 0
    outer loop
      vertex 5.43953 -26.3117 2.2
      vertex 5.34041 -25.9982 2.7
      vertex 5.34041 -25.9982 2.2
    endloop
  endfacet
  facet normal -0.953478 -0.301463 0
    outer loop
      vertex 5.34041 -25.9982 2.7
      vertex 5.43953 -26.3117 2.2
      vertex 5.43953 -26.3117 2.7
    endloop
  endfacet
  facet normal -0.945846 -0.324614 0
    outer loop
      vertex 5.76001 -27.2455 2.2
      vertex 5.43953 -26.3117 2.7
      vertex 5.43953 -26.3117 2.2
    endloop
  endfacet
  facet normal -0.945846 -0.324614 0
    outer loop
      vertex 5.43953 -26.3117 2.7
      vertex 5.76001 -27.2455 2.2
      vertex 5.76001 -27.2455 2.7
    endloop
  endfacet
  facet normal 0 1 -0
    outer loop
      vertex 5.76001 -27.2455 2.2
      vertex 4.82623 -27.2455 2.7
      vertex 5.76001 -27.2455 2.7
    endloop
  endfacet
  facet normal 0 1 0
    outer loop
      vertex 4.82623 -27.2455 2.7
      vertex 5.76001 -27.2455 2.2
      vertex 4.82623 -27.2455 2.2
    endloop
  endfacet
  facet normal 0 -1 0
    outer loop
      vertex 7.91446 -27.4438 2.2
      vertex 8.72142 -27.4438 2.7
      vertex 7.91446 -27.4438 2.7
    endloop
  endfacet
  facet normal 0 -1 -0
    outer loop
      vertex 8.72142 -27.4438 2.7
      vertex 7.91446 -27.4438 2.2
      vertex 8.72142 -27.4438 2.2
    endloop
  endfacet
  facet normal 0.0211843 -0.999776 0
    outer loop
      vertex 8.72142 -27.4438 2.2
      vertex 8.80165 -27.4421 2.7
      vertex 8.72142 -27.4438 2.7
    endloop
  endfacet
  facet normal 0.0211843 -0.999776 0
    outer loop
      vertex 8.80165 -27.4421 2.7
      vertex 8.72142 -27.4438 2.2
      vertex 8.80165 -27.4421 2.2
    endloop
  endfacet
  facet normal 0.0641679 -0.997939 0
    outer loop
      vertex 8.80165 -27.4421 2.2
      vertex 8.87941 -27.4371 2.7
      vertex 8.80165 -27.4421 2.7
    endloop
  endfacet
  facet normal 0.0641679 -0.997939 0
    outer loop
      vertex 8.87941 -27.4371 2.7
      vertex 8.80165 -27.4421 2.2
      vertex 8.87941 -27.4371 2.2
    endloop
  endfacet
  facet normal 0.109605 -0.993975 0
    outer loop
      vertex 8.87941 -27.4371 2.2
      vertex 8.95468 -27.4288 2.7
      vertex 8.87941 -27.4371 2.7
    endloop
  endfacet
  facet normal 0.109605 -0.993975 0
    outer loop
      vertex 8.95468 -27.4288 2.7
      vertex 8.87941 -27.4371 2.2
      vertex 8.95468 -27.4288 2.2
    endloop
  endfacet
  facet normal 0.158678 -0.98733 0
    outer loop
      vertex 8.95468 -27.4288 2.2
      vertex 9.02748 -27.4171 2.7
      vertex 8.95468 -27.4288 2.7
    endloop
  endfacet
  facet normal 0.158678 -0.98733 0
    outer loop
      vertex 9.02748 -27.4171 2.7
      vertex 8.95468 -27.4288 2.2
      vertex 9.02748 -27.4171 2.2
    endloop
  endfacet
  facet normal 0.208589 -0.978003 0
    outer loop
      vertex 9.02748 -27.4171 2.2
      vertex 9.09781 -27.4021 2.7
      vertex 9.02748 -27.4171 2.7
    endloop
  endfacet
  facet normal 0.208589 -0.978003 0
    outer loop
      vertex 9.09781 -27.4021 2.7
      vertex 9.02748 -27.4171 2.2
      vertex 9.09781 -27.4021 2.2
    endloop
  endfacet
  facet normal 0.260443 -0.965489 0
    outer loop
      vertex 9.09781 -27.4021 2.2
      vertex 9.16565 -27.3838 2.7
      vertex 9.09781 -27.4021 2.7
    endloop
  endfacet
  facet normal 0.260443 -0.965489 0
    outer loop
      vertex 9.16565 -27.3838 2.7
      vertex 9.09781 -27.4021 2.2
      vertex 9.16565 -27.3838 2.2
    endloop
  endfacet
  facet normal 0.313743 -0.949508 0
    outer loop
      vertex 9.16565 -27.3838 2.2
      vertex 9.23102 -27.3622 2.7
      vertex 9.16565 -27.3838 2.7
    endloop
  endfacet
  facet normal 0.313743 -0.949508 0
    outer loop
      vertex 9.23102 -27.3622 2.7
      vertex 9.16565 -27.3838 2.2
      vertex 9.23102 -27.3622 2.2
    endloop
  endfacet
  facet normal 0.369403 -0.929269 0
    outer loop
      vertex 9.23102 -27.3622 2.2
      vertex 9.29391 -27.3372 2.7
      vertex 9.23102 -27.3622 2.7
    endloop
  endfacet
  facet normal 0.369403 -0.929269 0
    outer loop
      vertex 9.29391 -27.3372 2.7
      vertex 9.23102 -27.3622 2.2
      vertex 9.29391 -27.3372 2.2
    endloop
  endfacet
  facet normal 0.424223 -0.905558 0
    outer loop
      vertex 9.29391 -27.3372 2.2
      vertex 9.35432 -27.3089 2.7
      vertex 9.29391 -27.3372 2.7
    endloop
  endfacet
  facet normal 0.424223 -0.905558 0
    outer loop
      vertex 9.35432 -27.3089 2.7
      vertex 9.29391 -27.3372 2.2
      vertex 9.35432 -27.3089 2.2
    endloop
  endfacet
  facet normal 0.478318 -0.878186 0
    outer loop
      vertex 9.35432 -27.3089 2.2
      vertex 9.41197 -27.2775 2.7
      vertex 9.35432 -27.3089 2.7
    endloop
  endfacet
  facet normal 0.478318 -0.878186 0
    outer loop
      vertex 9.41197 -27.2775 2.7
      vertex 9.35432 -27.3089 2.2
      vertex 9.41197 -27.2775 2.2
    endloop
  endfacet
  facet normal 0.52965 -0.848216 0
    outer loop
      vertex 9.41197 -27.2775 2.2
      vertex 9.46658 -27.2434 2.7
      vertex 9.41197 -27.2775 2.7
    endloop
  endfacet
  facet normal 0.52965 -0.848216 0
    outer loop
      vertex 9.46658 -27.2434 2.7
      vertex 9.41197 -27.2775 2.2
      vertex 9.46658 -27.2434 2.2
    endloop
  endfacet
  facet normal 0.580939 -0.813947 0
    outer loop
      vertex 9.46658 -27.2434 2.2
      vertex 9.51814 -27.2066 2.7
      vertex 9.46658 -27.2434 2.7
    endloop
  endfacet
  facet normal 0.580939 -0.813947 0
    outer loop
      vertex 9.51814 -27.2066 2.7
      vertex 9.46658 -27.2434 2.2
      vertex 9.51814 -27.2066 2.2
    endloop
  endfacet
  facet normal 0.633177 -0.774007 0
    outer loop
      vertex 9.51814 -27.2066 2.2
      vertex 9.56667 -27.1669 2.7
      vertex 9.51814 -27.2066 2.7
    endloop
  endfacet
  facet normal 0.633177 -0.774007 0
    outer loop
      vertex 9.56667 -27.1669 2.7
      vertex 9.51814 -27.2066 2.2
      vertex 9.56667 -27.1669 2.2
    endloop
  endfacet
  facet normal 0.682146 -0.731216 0
    outer loop
      vertex 9.56667 -27.1669 2.2
      vertex 9.61212 -27.1245 2.7
      vertex 9.56667 -27.1669 2.7
    endloop
  endfacet
  facet normal 0.682146 -0.731216 0
    outer loop
      vertex 9.61212 -27.1245 2.7
      vertex 9.56667 -27.1669 2.2
      vertex 9.61212 -27.1245 2.2
    endloop
  endfacet
  facet normal 0.728257 -0.685304 0
    outer loop
      vertex 9.61212 -27.1245 2.7
      vertex 9.65456 -27.0794 2.2
      vertex 9.65456 -27.0794 2.7
    endloop
  endfacet
  facet normal 0.728257 -0.685304 0
    outer loop
      vertex 9.65456 -27.0794 2.2
      vertex 9.61212 -27.1245 2.7
      vertex 9.61212 -27.1245 2.2
    endloop
  endfacet
  facet normal 0.773268 -0.63408 0
    outer loop
      vertex 9.65456 -27.0794 2.7
      vertex 9.69392 -27.0314 2.2
      vertex 9.69392 -27.0314 2.7
    endloop
  endfacet
  facet normal 0.773268 -0.63408 0
    outer loop
      vertex 9.69392 -27.0314 2.2
      vertex 9.65456 -27.0794 2.7
      vertex 9.65456 -27.0794 2.2
    endloop
  endfacet
  facet normal 0.812234 -0.583332 0
    outer loop
      vertex 9.69392 -27.0314 2.7
      vertex 9.73026 -26.9808 2.2
      vertex 9.73026 -26.9808 2.7
    endloop
  endfacet
  facet normal 0.812234 -0.583332 0
    outer loop
      vertex 9.73026 -26.9808 2.2
      vertex 9.69392 -27.0314 2.7
      vertex 9.69392 -27.0314 2.2
    endloop
  endfacet
  facet normal 0.849049 -0.528315 0
    outer loop
      vertex 9.73026 -26.9808 2.7
      vertex 9.76355 -26.9273 2.2
      vertex 9.76355 -26.9273 2.7
    endloop
  endfacet
  facet normal 0.849049 -0.528315 0
    outer loop
      vertex 9.76355 -26.9273 2.2
      vertex 9.73026 -26.9808 2.7
      vertex 9.73026 -26.9808 2.2
    endloop
  endfacet
  facet normal 0.880064 -0.474855 0
    outer loop
      vertex 9.76355 -26.9273 2.7
      vertex 9.79355 -26.8717 2.2
      vertex 9.79355 -26.8717 2.7
    endloop
  endfacet
  facet normal 0.880064 -0.474855 0
    outer loop
      vertex 9.79355 -26.8717 2.2
      vertex 9.76355 -26.9273 2.7
      vertex 9.76355 -26.9273 2.2
    endloop
  endfacet
  facet normal 0.907816 -0.41937 0
    outer loop
      vertex 9.79355 -26.8717 2.7
      vertex 9.82002 -26.8144 2.2
      vertex 9.82002 -26.8144 2.7
    endloop
  endfacet
  facet normal 0.907816 -0.41937 0
    outer loop
      vertex 9.82002 -26.8144 2.2
      vertex 9.79355 -26.8717 2.7
      vertex 9.79355 -26.8717 2.2
    endloop
  endfacet
  facet normal 0.931975 -0.362522 0
    outer loop
      vertex 9.82002 -26.8144 2.7
      vertex 9.84297 -26.7554 2.2
      vertex 9.84297 -26.7554 2.7
    endloop
  endfacet
  facet normal 0.931975 -0.362522 0
    outer loop
      vertex 9.84297 -26.7554 2.2
      vertex 9.82002 -26.8144 2.7
      vertex 9.82002 -26.8144 2.2
    endloop
  endfacet
  facet normal 0.952251 -0.305317 0
    outer loop
      vertex 9.84297 -26.7554 2.7
      vertex 9.8624 -26.6948 2.2
      vertex 9.8624 -26.6948 2.7
    endloop
  endfacet
  facet normal 0.952251 -0.305317 0
    outer loop
      vertex 9.8624 -26.6948 2.2
      vertex 9.84297 -26.7554 2.7
      vertex 9.84297 -26.7554 2.2
    endloop
  endfacet
  facet normal 0.968921 -0.247371 0
    outer loop
      vertex 9.8624 -26.6948 2.7
      vertex 9.87828 -26.6326 2.2
      vertex 9.87828 -26.6326 2.7
    endloop
  endfacet
  facet normal 0.968921 -0.247371 0
    outer loop
      vertex 9.87828 -26.6326 2.2
      vertex 9.8624 -26.6948 2.7
      vertex 9.8624 -26.6948 2.2
    endloop
  endfacet
  facet normal 0.981859 -0.189611 0
    outer loop
      vertex 9.87828 -26.6326 2.7
      vertex 9.89062 -26.5687 2.2
      vertex 9.89062 -26.5687 2.7
    endloop
  endfacet
  facet normal 0.981859 -0.189611 0
    outer loop
      vertex 9.89062 -26.5687 2.2
      vertex 9.87828 -26.6326 2.7
      vertex 9.87828 -26.6326 2.2
    endloop
  endfacet
  facet normal 0.991042 -0.133549 0
    outer loop
      vertex 9.89062 -26.5687 2.7
      vertex 9.89946 -26.5031 2.2
      vertex 9.89946 -26.5031 2.7
    endloop
  endfacet
  facet normal 0.991042 -0.133549 0
    outer loop
      vertex 9.89946 -26.5031 2.2
      vertex 9.89062 -26.5687 2.7
      vertex 9.89062 -26.5687 2.2
    endloop
  endfacet
  facet normal 0.996916 -0.0784775 0
    outer loop
      vertex 9.89946 -26.5031 2.7
      vertex 9.90475 -26.4359 2.2
      vertex 9.90475 -26.4359 2.7
    endloop
  endfacet
  facet normal 0.996916 -0.0784775 0
    outer loop
      vertex 9.90475 -26.4359 2.2
      vertex 9.89946 -26.5031 2.7
      vertex 9.89946 -26.5031 2.2
    endloop
  endfacet
  facet normal 0.999669 -0.0257182 0
    outer loop
      vertex 9.90475 -26.4359 2.7
      vertex 9.90652 -26.3671 2.2
      vertex 9.90652 -26.3671 2.7
    endloop
  endfacet
  facet normal 0.999669 -0.0257182 0
    outer loop
      vertex 9.90652 -26.3671 2.2
      vertex 9.90475 -26.4359 2.7
      vertex 9.90475 -26.4359 2.2
    endloop
  endfacet
  facet normal 0.999332 0.0365357 0
    outer loop
      vertex 9.90652 -26.3671 2.7
      vertex 9.90263 -26.2607 2.2
      vertex 9.90263 -26.2607 2.7
    endloop
  endfacet
  facet normal 0.999332 0.0365357 0
    outer loop
      vertex 9.90263 -26.2607 2.2
      vertex 9.90652 -26.3671 2.7
      vertex 9.90652 -26.3671 2.2
    endloop
  endfacet
  facet normal 0.9934 0.114699 0
    outer loop
      vertex 9.90263 -26.2607 2.7
      vertex 9.89098 -26.1598 2.2
      vertex 9.89098 -26.1598 2.7
    endloop
  endfacet
  facet normal 0.9934 0.114699 0
    outer loop
      vertex 9.89098 -26.1598 2.2
      vertex 9.90263 -26.2607 2.7
      vertex 9.90263 -26.2607 2.2
    endloop
  endfacet
  facet normal 0.979883 0.199572 0
    outer loop
      vertex 9.89098 -26.1598 2.7
      vertex 9.87155 -26.0644 2.2
      vertex 9.87155 -26.0644 2.7
    endloop
  endfacet
  facet normal 0.979883 0.199572 0
    outer loop
      vertex 9.87155 -26.0644 2.2
      vertex 9.89098 -26.1598 2.7
      vertex 9.89098 -26.1598 2.2
    endloop
  endfacet
  facet normal 0.95715 0.289594 0
    outer loop
      vertex 9.87155 -26.0644 2.7
      vertex 9.84435 -25.9745 2.2
      vertex 9.84435 -25.9745 2.7
    endloop
  endfacet
  facet normal 0.95715 0.289594 0
    outer loop
      vertex 9.84435 -25.9745 2.2
      vertex 9.87155 -26.0644 2.7
      vertex 9.87155 -26.0644 2.2
    endloop
  endfacet
  facet normal 0.923801 0.382874 0
    outer loop
      vertex 9.84435 -25.9745 2.7
      vertex 9.80937 -25.8901 2.2
      vertex 9.80937 -25.8901 2.7
    endloop
  endfacet
  facet normal 0.923801 0.382874 0
    outer loop
      vertex 9.80937 -25.8901 2.2
      vertex 9.84435 -25.9745 2.7
      vertex 9.84435 -25.9745 2.2
    endloop
  endfacet
  facet normal 0.879533 0.475838 0
    outer loop
      vertex 9.80937 -25.8901 2.7
      vertex 9.76663 -25.8111 2.2
      vertex 9.76663 -25.8111 2.7
    endloop
  endfacet
  facet normal 0.879533 0.475838 0
    outer loop
      vertex 9.76663 -25.8111 2.2
      vertex 9.80937 -25.8901 2.7
      vertex 9.80937 -25.8901 2.2
    endloop
  endfacet
  facet normal 0.823845 0.566815 0
    outer loop
      vertex 9.76663 -25.8111 2.7
      vertex 9.71613 -25.7377 2.2
      vertex 9.71613 -25.7377 2.7
    endloop
  endfacet
  facet normal 0.823845 0.566815 0
    outer loop
      vertex 9.71613 -25.7377 2.2
      vertex 9.76663 -25.8111 2.7
      vertex 9.76663 -25.8111 2.2
    endloop
  endfacet
  facet normal 0.758759 0.651371 0
    outer loop
      vertex 9.71613 -25.7377 2.7
      vertex 9.65784 -25.6698 2.2
      vertex 9.65784 -25.6698 2.7
    endloop
  endfacet
  facet normal 0.758759 0.651371 0
    outer loop
      vertex 9.65784 -25.6698 2.2
      vertex 9.71613 -25.7377 2.7
      vertex 9.71613 -25.7377 2.2
    endloop
  endfacet
  facet normal 0.687263 0.726409 -0
    outer loop
      vertex 9.65784 -25.6698 2.2
      vertex 9.59178 -25.6073 2.7
      vertex 9.65784 -25.6698 2.7
    endloop
  endfacet
  facet normal 0.687263 0.726409 0
    outer loop
      vertex 9.59178 -25.6073 2.7
      vertex 9.65784 -25.6698 2.2
      vertex 9.59178 -25.6073 2.2
    endloop
  endfacet
  facet normal 0.609345 0.792906 -0
    outer loop
      vertex 9.59178 -25.6073 2.2
      vertex 9.51852 -25.551 2.7
      vertex 9.59178 -25.6073 2.7
    endloop
  endfacet
  facet normal 0.609345 0.792906 0
    outer loop
      vertex 9.51852 -25.551 2.7
      vertex 9.59178 -25.6073 2.2
      vertex 9.51852 -25.551 2.2
    endloop
  endfacet
  facet normal 0.529044 0.848595 -0
    outer loop
      vertex 9.51852 -25.551 2.2
      vertex 9.43864 -25.5012 2.7
      vertex 9.51852 -25.551 2.7
    endloop
  endfacet
  facet normal 0.529044 0.848595 0
    outer loop
      vertex 9.43864 -25.5012 2.7
      vertex 9.51852 -25.551 2.2
      vertex 9.43864 -25.5012 2.2
    endloop
  endfacet
  facet normal 0.44593 0.895068 -0
    outer loop
      vertex 9.43864 -25.5012 2.2
      vertex 9.35213 -25.4581 2.7
      vertex 9.43864 -25.5012 2.7
    endloop
  endfacet
  facet normal 0.44593 0.895068 0
    outer loop
      vertex 9.35213 -25.4581 2.7
      vertex 9.43864 -25.5012 2.2
      vertex 9.35213 -25.4581 2.2
    endloop
  endfacet
  facet normal 0.364867 0.93106 -0
    outer loop
      vertex 9.35213 -25.4581 2.2
      vertex 9.25899 -25.4216 2.7
      vertex 9.35213 -25.4581 2.7
    endloop
  endfacet
  facet normal 0.364867 0.93106 0
    outer loop
      vertex 9.25899 -25.4216 2.7
      vertex 9.35213 -25.4581 2.2
      vertex 9.25899 -25.4216 2.2
    endloop
  endfacet
  facet normal 0.286167 0.95818 -0
    outer loop
      vertex 9.25899 -25.4216 2.2
      vertex 9.15921 -25.3918 2.7
      vertex 9.25899 -25.4216 2.7
    endloop
  endfacet
  facet normal 0.286167 0.95818 0
    outer loop
      vertex 9.15921 -25.3918 2.7
      vertex 9.25899 -25.4216 2.2
      vertex 9.15921 -25.3918 2.2
    endloop
  endfacet
  facet normal 0.21302 0.977048 -0
    outer loop
      vertex 9.15921 -25.3918 2.2
      vertex 9.0528 -25.3686 2.7
      vertex 9.15921 -25.3918 2.7
    endloop
  endfacet
  facet normal 0.21302 0.977048 0
    outer loop
      vertex 9.0528 -25.3686 2.7
      vertex 9.15921 -25.3918 2.2
      vertex 9.0528 -25.3686 2.2
    endloop
  endfacet
  facet normal 0.145292 0.989389 -0
    outer loop
      vertex 9.0528 -25.3686 2.2
      vertex 8.93976 -25.352 2.7
      vertex 9.0528 -25.3686 2.7
    endloop
  endfacet
  facet normal 0.145292 0.989389 0
    outer loop
      vertex 8.93976 -25.352 2.7
      vertex 9.0528 -25.3686 2.2
      vertex 8.93976 -25.352 2.2
    endloop
  endfacet
  facet normal 0.082439 0.996596 -0
    outer loop
      vertex 8.93976 -25.352 2.2
      vertex 8.82008 -25.3421 2.7
      vertex 8.93976 -25.352 2.7
    endloop
  endfacet
  facet normal 0.082439 0.996596 0
    outer loop
      vertex 8.82008 -25.3421 2.7
      vertex 8.93976 -25.352 2.2
      vertex 8.82008 -25.3421 2.2
    endloop
  endfacet
  facet normal 0.0269082 0.999638 -0
    outer loop
      vertex 8.82008 -25.3421 2.2
      vertex 8.69377 -25.3387 2.7
      vertex 8.82008 -25.3421 2.7
    endloop
  endfacet
  facet normal 0.0269082 0.999638 0
    outer loop
      vertex 8.69377 -25.3387 2.7
      vertex 8.82008 -25.3421 2.2
      vertex 8.69377 -25.3387 2.2
    endloop
  endfacet
  facet normal 0 1 -0
    outer loop
      vertex 8.69377 -25.3387 2.2
      vertex 7.23428 -25.3387 2.7
      vertex 8.69377 -25.3387 2.7
    endloop
  endfacet
  facet normal 0 1 0
    outer loop
      vertex 7.23428 -25.3387 2.7
      vertex 8.69377 -25.3387 2.2
      vertex 7.23428 -25.3387 2.2
    endloop
  endfacet
  facet normal -1 0 0
    outer loop
      vertex 7.23428 -28.5874 2.2
      vertex 7.23428 -25.3387 2.7
      vertex 7.23428 -25.3387 2.2
    endloop
  endfacet
  facet normal -1 -0 0
    outer loop
      vertex 7.23428 -25.3387 2.7
      vertex 7.23428 -28.5874 2.2
      vertex 7.23428 -28.5874 2.7
    endloop
  endfacet
  facet normal 0 -1 0
    outer loop
      vertex 7.23428 -28.5874 2.2
      vertex 7.91446 -28.5874 2.7
      vertex 7.23428 -28.5874 2.7
    endloop
  endfacet
  facet normal 0 -1 -0
    outer loop
      vertex 7.91446 -28.5874 2.7
      vertex 7.23428 -28.5874 2.2
      vertex 7.91446 -28.5874 2.2
    endloop
  endfacet
  facet normal 1 -0 0
    outer loop
      vertex 7.91446 -28.5874 2.7
      vertex 7.91446 -27.4438 2.2
      vertex 7.91446 -27.4438 2.7
    endloop
  endfacet
  facet normal 1 0 0
    outer loop
      vertex 7.91446 -27.4438 2.2
      vertex 7.91446 -28.5874 2.7
      vertex 7.91446 -28.5874 2.2
    endloop
  endfacet
  facet normal 1 -0 0
    outer loop
      vertex 7.91446 -26.9204 2.7
      vertex 7.91446 -25.8667 2.2
      vertex 7.91446 -25.8667 2.7
    endloop
  endfacet
  facet normal 1 0 0
    outer loop
      vertex 7.91446 -25.8667 2.2
      vertex 7.91446 -26.9204 2.7
      vertex 7.91446 -26.9204 2.2
    endloop
  endfacet
  facet normal 0 -1 0
    outer loop
      vertex 7.91446 -25.8667 2.2
      vertex 8.61768 -25.8667 2.7
      vertex 7.91446 -25.8667 2.7
    endloop
  endfacet
  facet normal 0 -1 -0
    outer loop
      vertex 8.61768 -25.8667 2.7
      vertex 7.91446 -25.8667 2.2
      vertex 8.61768 -25.8667 2.2
    endloop
  endfacet
  facet normal -0.0504169 -0.998728 0
    outer loop
      vertex 8.61768 -25.8667 2.2
      vertex 8.74446 -25.8731 2.7
      vertex 8.61768 -25.8667 2.7
    endloop
  endfacet
  facet normal -0.0504169 -0.998728 -0
    outer loop
      vertex 8.74446 -25.8731 2.7
      vertex 8.61768 -25.8667 2.2
      vertex 8.74446 -25.8731 2.2
    endloop
  endfacet
  facet normal -0.1666 -0.986025 0
    outer loop
      vertex 8.74446 -25.8731 2.2
      vertex 8.85632 -25.892 2.7
      vertex 8.74446 -25.8731 2.7
    endloop
  endfacet
  facet normal -0.1666 -0.986025 -0
    outer loop
      vertex 8.85632 -25.892 2.7
      vertex 8.74446 -25.8731 2.2
      vertex 8.85632 -25.892 2.2
    endloop
  endfacet
  facet normal -0.309866 -0.95078 0
    outer loop
      vertex 8.85632 -25.892 2.2
      vertex 8.95328 -25.9236 2.7
      vertex 8.85632 -25.892 2.7
    endloop
  endfacet
  facet normal -0.309866 -0.95078 -0
    outer loop
      vertex 8.95328 -25.9236 2.7
      vertex 8.85632 -25.892 2.2
      vertex 8.95328 -25.9236 2.2
    endloop
  endfacet
  facet normal -0.474349 -0.880337 0
    outer loop
      vertex 8.95328 -25.9236 2.2
      vertex 9.03531 -25.9678 2.7
      vertex 8.95328 -25.9236 2.7
    endloop
  endfacet
  facet normal -0.474349 -0.880337 -0
    outer loop
      vertex 9.03531 -25.9678 2.7
      vertex 8.95328 -25.9236 2.2
      vertex 9.03531 -25.9678 2.2
    endloop
  endfacet
  facet normal -0.646645 -0.762791 0
    outer loop
      vertex 9.03531 -25.9678 2.2
      vertex 9.10243 -26.0247 2.7
      vertex 9.03531 -25.9678 2.7
    endloop
  endfacet
  facet normal -0.646645 -0.762791 -0
    outer loop
      vertex 9.10243 -26.0247 2.7
      vertex 9.03531 -25.9678 2.2
      vertex 9.10243 -26.0247 2.2
    endloop
  endfacet
  facet normal -0.799586 -0.600552 0
    outer loop
      vertex 9.15463 -26.0942 2.2
      vertex 9.10243 -26.0247 2.7
      vertex 9.10243 -26.0247 2.2
    endloop
  endfacet
  facet normal -0.799586 -0.600552 0
    outer loop
      vertex 9.10243 -26.0247 2.7
      vertex 9.15463 -26.0942 2.2
      vertex 9.15463 -26.0942 2.7
    endloop
  endfacet
  facet normal -0.910632 -0.413219 0
    outer loop
      vertex 9.19193 -26.1764 2.2
      vertex 9.15463 -26.0942 2.7
      vertex 9.15463 -26.0942 2.2
    endloop
  endfacet
  facet normal -0.910632 -0.413219 0
    outer loop
      vertex 9.15463 -26.0942 2.7
      vertex 9.19193 -26.1764 2.2
      vertex 9.19193 -26.1764 2.7
    endloop
  endfacet
  facet normal -0.973293 -0.229566 0
    outer loop
      vertex 9.21429 -26.2712 2.2
      vertex 9.19193 -26.1764 2.7
      vertex 9.19193 -26.1764 2.2
    endloop
  endfacet
  facet normal -0.973293 -0.229566 0
    outer loop
      vertex 9.19193 -26.1764 2.7
      vertex 9.21429 -26.2712 2.2
      vertex 9.21429 -26.2712 2.7
    endloop
  endfacet
  facet normal -0.99759 -0.0693854 0
    outer loop
      vertex 9.22176 -26.3786 2.2
      vertex 9.21429 -26.2712 2.7
      vertex 9.21429 -26.2712 2.2
    endloop
  endfacet
  facet normal -0.99759 -0.0693854 0
    outer loop
      vertex 9.21429 -26.2712 2.7
      vertex 9.22176 -26.3786 2.2
      vertex 9.22176 -26.3786 2.7
    endloop
  endfacet
  facet normal -0.999455 0.0330224 0
    outer loop
      vertex 9.21988 -26.4355 2.2
      vertex 9.22176 -26.3786 2.7
      vertex 9.22176 -26.3786 2.2
    endloop
  endfacet
  facet normal -0.999455 0.0330224 0
    outer loop
      vertex 9.22176 -26.3786 2.7
      vertex 9.21988 -26.4355 2.2
      vertex 9.21988 -26.4355 2.7
    endloop
  endfacet
  facet normal -0.994569 0.104079 0
    outer loop
      vertex 9.21425 -26.4893 2.2
      vertex 9.21988 -26.4355 2.7
      vertex 9.21988 -26.4355 2.2
    endloop
  endfacet
  facet normal -0.994569 0.104079 0
    outer loop
      vertex 9.21988 -26.4355 2.7
      vertex 9.21425 -26.4893 2.2
      vertex 9.21425 -26.4893 2.7
    endloop
  endfacet
  facet normal -0.983308 0.181951 0
    outer loop
      vertex 9.20485 -26.5401 2.2
      vertex 9.21425 -26.4893 2.7
      vertex 9.21425 -26.4893 2.2
    endloop
  endfacet
  facet normal -0.983308 0.181951 0
    outer loop
      vertex 9.21425 -26.4893 2.7
      vertex 9.20485 -26.5401 2.2
      vertex 9.20485 -26.5401 2.7
    endloop
  endfacet
  facet normal -0.96418 0.26525 0
    outer loop
      vertex 9.1917 -26.5879 2.2
      vertex 9.20485 -26.5401 2.7
      vertex 9.20485 -26.5401 2.2
    endloop
  endfacet
  facet normal -0.96418 0.26525 0
    outer loop
      vertex 9.20485 -26.5401 2.7
      vertex 9.1917 -26.5879 2.2
      vertex 9.1917 -26.5879 2.7
    endloop
  endfacet
  facet normal -0.935311 0.353828 0
    outer loop
      vertex 9.17479 -26.6326 2.2
      vertex 9.1917 -26.5879 2.7
      vertex 9.1917 -26.5879 2.2
    endloop
  endfacet
  facet normal -0.935311 0.353828 0
    outer loop
      vertex 9.1917 -26.5879 2.7
      vertex 9.17479 -26.6326 2.2
      vertex 9.17479 -26.6326 2.7
    endloop
  endfacet
  facet normal -0.895458 0.445146 0
    outer loop
      vertex 9.15411 -26.6742 2.2
      vertex 9.17479 -26.6326 2.7
      vertex 9.17479 -26.6326 2.2
    endloop
  endfacet
  facet normal -0.895458 0.445146 0
    outer loop
      vertex 9.17479 -26.6326 2.7
      vertex 9.15411 -26.6742 2.2
      vertex 9.15411 -26.6742 2.7
    endloop
  endfacet
  facet normal -0.845182 0.534479 0
    outer loop
      vertex 9.1297 -26.7128 2.2
      vertex 9.15411 -26.6742 2.7
      vertex 9.15411 -26.6742 2.2
    endloop
  endfacet
  facet normal -0.845182 0.534479 0
    outer loop
      vertex 9.15411 -26.6742 2.7
      vertex 9.1297 -26.7128 2.2
      vertex 9.1297 -26.7128 2.7
    endloop
  endfacet
  facet normal -0.784082 0.620658 0
    outer loop
      vertex 9.10152 -26.7484 2.2
      vertex 9.1297 -26.7128 2.7
      vertex 9.1297 -26.7128 2.2
    endloop
  endfacet
  facet normal -0.784082 0.620658 0
    outer loop
      vertex 9.1297 -26.7128 2.7
      vertex 9.10152 -26.7484 2.2
      vertex 9.10152 -26.7484 2.7
    endloop
  endfacet
  facet normal -0.713225 0.700935 0
    outer loop
      vertex 9.06958 -26.7809 2.2
      vertex 9.10152 -26.7484 2.7
      vertex 9.10152 -26.7484 2.2
    endloop
  endfacet
  facet normal -0.713225 0.700935 0
    outer loop
      vertex 9.10152 -26.7484 2.7
      vertex 9.06958 -26.7809 2.2
      vertex 9.06958 -26.7809 2.7
    endloop
  endfacet
  facet normal -0.637399 0.770534 0
    outer loop
      vertex 9.06958 -26.7809 2.2
      vertex 9.03416 -26.8102 2.7
      vertex 9.06958 -26.7809 2.7
    endloop
  endfacet
  facet normal -0.637399 0.770534 0
    outer loop
      vertex 9.03416 -26.8102 2.7
      vertex 9.06958 -26.7809 2.2
      vertex 9.03416 -26.8102 2.2
    endloop
  endfacet
  facet normal -0.555694 0.831387 0
    outer loop
      vertex 9.03416 -26.8102 2.2
      vertex 8.99556 -26.836 2.7
      vertex 9.03416 -26.8102 2.7
    endloop
  endfacet
  facet normal -0.555694 0.831387 0
    outer loop
      vertex 8.99556 -26.836 2.7
      vertex 9.03416 -26.8102 2.2
      vertex 8.99556 -26.836 2.2
    endloop
  endfacet
  facet normal -0.472514 0.881323 0
    outer loop
      vertex 8.99556 -26.836 2.2
      vertex 8.95378 -26.8584 2.7
      vertex 8.99556 -26.836 2.7
    endloop
  endfacet
  facet normal -0.472514 0.881323 0
    outer loop
      vertex 8.95378 -26.8584 2.7
      vertex 8.99556 -26.836 2.2
      vertex 8.95378 -26.8584 2.2
    endloop
  endfacet
  facet normal -0.389119 0.921188 0
    outer loop
      vertex 8.95378 -26.8584 2.2
      vertex 8.9088 -26.8774 2.7
      vertex 8.95378 -26.8584 2.7
    endloop
  endfacet
  facet normal -0.389119 0.921188 0
    outer loop
      vertex 8.9088 -26.8774 2.7
      vertex 8.95378 -26.8584 2.2
      vertex 8.9088 -26.8774 2.2
    endloop
  endfacet
  facet normal -0.306367 0.951913 0
    outer loop
      vertex 8.9088 -26.8774 2.2
      vertex 8.86064 -26.8929 2.7
      vertex 8.9088 -26.8774 2.7
    endloop
  endfacet
  facet normal -0.306367 0.951913 0
    outer loop
      vertex 8.86064 -26.8929 2.7
      vertex 8.9088 -26.8774 2.2
      vertex 8.86064 -26.8929 2.2
    endloop
  endfacet
  facet normal -0.227517 0.973774 0
    outer loop
      vertex 8.86064 -26.8929 2.2
      vertex 8.80928 -26.9049 2.7
      vertex 8.86064 -26.8929 2.7
    endloop
  endfacet
  facet normal -0.227517 0.973774 0
    outer loop
      vertex 8.80928 -26.9049 2.7
      vertex 8.86064 -26.8929 2.2
      vertex 8.80928 -26.9049 2.2
    endloop
  endfacet
  facet normal -0.155786 0.987791 0
    outer loop
      vertex 8.80928 -26.9049 2.2
      vertex 8.75475 -26.9135 2.7
      vertex 8.80928 -26.9049 2.7
    endloop
  endfacet
  facet normal -0.155786 0.987791 0
    outer loop
      vertex 8.75475 -26.9135 2.7
      vertex 8.80928 -26.9049 2.2
      vertex 8.75475 -26.9135 2.2
    endloop
  endfacet
  facet normal -0.0897113 0.995968 0
    outer loop
      vertex 8.75475 -26.9135 2.2
      vertex 8.69702 -26.9187 2.7
      vertex 8.75475 -26.9135 2.7
    endloop
  endfacet
  facet normal -0.0897113 0.995968 0
    outer loop
      vertex 8.69702 -26.9187 2.7
      vertex 8.75475 -26.9135 2.2
      vertex 8.69702 -26.9187 2.2
    endloop
  endfacet
  facet normal -0.0278992 0.999611 0
    outer loop
      vertex 8.69702 -26.9187 2.2
      vertex 8.63611 -26.9204 2.7
      vertex 8.69702 -26.9187 2.7
    endloop
  endfacet
  facet normal -0.0278992 0.999611 0
    outer loop
      vertex 8.63611 -26.9204 2.7
      vertex 8.69702 -26.9187 2.2
      vertex 8.63611 -26.9204 2.2
    endloop
  endfacet
  facet normal 0 1 -0
    outer loop
      vertex 8.63611 -26.9204 2.2
      vertex 7.91446 -26.9204 2.7
      vertex 8.63611 -26.9204 2.7
    endloop
  endfacet
  facet normal 0 1 0
    outer loop
      vertex 7.91446 -26.9204 2.7
      vertex 8.63611 -26.9204 2.2
      vertex 7.91446 -26.9204 2.2
    endloop
  endfacet
  facet normal 1 -0 0
    outer loop
      vertex 25.875 -2.125 9
      vertex 25.875 2.125 0
      vertex 25.875 2.125 9
    endloop
  endfacet
  facet normal 1 0 0
    outer loop
      vertex 25.875 2.125 0
      vertex 25.875 -2.125 9
      vertex 25.875 -2.125 0
    endloop
  endfacet
  facet normal -1 0 0
    outer loop
      vertex 30.125 -2.125 0
      vertex 30.125 -1.825 9
      vertex 30.125 -1.825 0
    endloop
  endfacet
  facet normal -1 -0 0
    outer loop
      vertex 30.125 -1.825 9
      vertex 30.125 -2.125 0
      vertex 30.125 -2.125 9
    endloop
  endfacet
  facet normal -1 0 0
    outer loop
      vertex 30.125 1.825 0
      vertex 30.125 2.125 9
      vertex 30.125 2.125 0
    endloop
  endfacet
  facet normal -1 -0 0
    outer loop
      vertex 30.125 2.125 9
      vertex 30.125 1.825 0
      vertex 30.125 1.825 9
    endloop
  endfacet
  facet normal 0 1 -0
    outer loop
      vertex 30.125 -2.125 0
      vertex 25.875 -2.125 9
      vertex 30.125 -2.125 9
    endloop
  endfacet
  facet normal 0 1 0
    outer loop
      vertex 25.875 -2.125 9
      vertex 30.125 -2.125 0
      vertex 25.875 -2.125 0
    endloop
  endfacet
  facet normal 0 -1 0
    outer loop
      vertex 25.875 2.125 0
      vertex 30.125 2.125 9
      vertex 25.875 2.125 9
    endloop
  endfacet
  facet normal 0 -1 -0
    outer loop
      vertex 30.125 2.125 9
      vertex 25.875 2.125 0
      vertex 30.125 2.125 0
    endloop
  endfacet
  facet normal 0 1 0
    outer loop
      vertex 34.9103 -1.825 2.2
      vertex 34.9103 -1.825 0
      vertex 32.1088 -1.825 2.2
    endloop
  endfacet
  facet normal 0 1 -0
    outer loop
      vertex 32.1088 -1.825 2.2
      vertex 30.125 -1.825 9
      vertex 32.1088 -1.825 9
    endloop
  endfacet
  facet normal 0 1 0
    outer loop
      vertex 32.1088 -1.825 2.2
      vertex 30.125 -1.825 0
      vertex 30.125 -1.825 9
    endloop
  endfacet
  facet normal 0 1 0
    outer loop
      vertex 30.125 -1.825 0
      vertex 32.1088 -1.825 2.2
      vertex 34.9103 -1.825 0
    endloop
  endfacet
  facet normal 0 -1 0
    outer loop
      vertex 30.125 1.825 9
      vertex 32.1088 1.825 2.2
      vertex 32.1088 1.825 9
    endloop
  endfacet
  facet normal 0 -1 0
    outer loop
      vertex 30.125 1.825 0
      vertex 32.1088 1.825 2.2
      vertex 30.125 1.825 9
    endloop
  endfacet
  facet normal 0 -1 0
    outer loop
      vertex 34.9103 1.825 0
      vertex 32.1088 1.825 2.2
      vertex 30.125 1.825 0
    endloop
  endfacet
  facet normal 0 -1 0
    outer loop
      vertex 32.1088 1.825 2.2
      vertex 34.9103 1.825 0
      vertex 34.9103 1.825 2.2
    endloop
  endfacet
  facet normal -0.500001 0.866025 0
    outer loop
      vertex -11.0972 23.4709 0
      vertex -14.7778 21.3459 9
      vertex -11.0972 23.4709 9
    endloop
  endfacet
  facet normal -0.500001 0.866025 0
    outer loop
      vertex -14.7778 21.3459 9
      vertex -11.0972 23.4709 0
      vertex -14.7778 21.3459 0
    endloop
  endfacet
  facet normal 0.500011 -0.866019 0
    outer loop
      vertex -13.482 27.0015 0
      vertex -13.2222 27.1515 9
      vertex -13.482 27.0015 9
    endloop
  endfacet
  facet normal 0.500011 -0.866019 0
    outer loop
      vertex -13.2222 27.1515 9
      vertex -13.482 27.0015 0
      vertex -13.2222 27.1515 0
    endloop
  endfacet
  facet normal 0.500011 -0.866019 0
    outer loop
      vertex -16.9028 25.0265 0
      vertex -16.643 25.1765 9
      vertex -16.9028 25.0265 9
    endloop
  endfacet
  facet normal 0.500011 -0.866019 0
    outer loop
      vertex -16.643 25.1765 9
      vertex -16.9028 25.0265 0
      vertex -16.643 25.1765 0
    endloop
  endfacet
  facet normal 0.866025 0.500001 0
    outer loop
      vertex -14.7778 21.3459 9
      vertex -16.9028 25.0265 0
      vertex -16.9028 25.0265 9
    endloop
  endfacet
  facet normal 0.866025 0.500001 0
    outer loop
      vertex -16.9028 25.0265 0
      vertex -14.7778 21.3459 9
      vertex -14.7778 21.3459 0
    endloop
  endfacet
  facet normal -0.866025 -0.500001 0
    outer loop
      vertex -11.0972 23.4709 0
      vertex -13.2222 27.1515 9
      vertex -13.2222 27.1515 0
    endloop
  endfacet
  facet normal -0.866025 -0.500001 0
    outer loop
      vertex -13.2222 27.1515 9
      vertex -11.0972 23.4709 0
      vertex -11.0972 23.4709 9
    endloop
  endfacet
  facet normal -0.866024 -0.500003 0
    outer loop
      vertex -15.8823 31.1589 0
      vertex -14.4739 28.7195 2.2
      vertex -15.8823 31.1589 2.2
    endloop
  endfacet
  facet normal -0.866023 -0.500004 -9.14665e-07
    outer loop
      vertex -13.482 27.0015 0
      vertex -14.4739 28.7195 2.2
      vertex -15.8823 31.1589 0
    endloop
  endfacet
  facet normal -0.866023 -0.500005 -0
    outer loop
      vertex -13.482 27.0015 9
      vertex -14.4739 28.7195 2.2
      vertex -13.482 27.0015 0
    endloop
  endfacet
  facet normal -0.866023 -0.500005 0
    outer loop
      vertex -14.4739 28.7195 2.2
      vertex -13.482 27.0015 9
      vertex -14.4739 28.7195 9
    endloop
  endfacet
  facet normal 0.866023 0.500005 0
    outer loop
      vertex -17.6349 26.8945 9
      vertex -16.643 25.1765 9
      vertex -17.6349 26.8945 2.2
    endloop
  endfacet
  facet normal 0.866036 0.499982 0
    outer loop
      vertex -17.6349 26.8945 2.2
      vertex -19.0468 29.3401 0
      vertex -19.0468 29.3401 2.2
    endloop
  endfacet
  facet normal 0.86603 0.499991 1.38453e-05
    outer loop
      vertex -17.6349 26.8945 2.2
      vertex -16.643 25.1765 0
      vertex -19.0468 29.3401 0
    endloop
  endfacet
  facet normal 0.866023 0.500005 -0
    outer loop
      vertex -16.643 25.1765 0
      vertex -17.6349 26.8945 2.2
      vertex -16.643 25.1765 9
    endloop
  endfacet
  facet normal -0.500001 -0.866025 0
    outer loop
      vertex -14.7778 -21.3459 0
      vertex -11.0972 -23.4709 9
      vertex -14.7778 -21.3459 9
    endloop
  endfacet
  facet normal -0.500001 -0.866025 -0
    outer loop
      vertex -11.0972 -23.4709 9
      vertex -14.7778 -21.3459 0
      vertex -11.0972 -23.4709 0
    endloop
  endfacet
  facet normal 0.500011 0.866019 -0
    outer loop
      vertex -16.643 -25.1765 0
      vertex -16.9028 -25.0265 9
      vertex -16.643 -25.1765 9
    endloop
  endfacet
  facet normal 0.500011 0.866019 0
    outer loop
      vertex -16.9028 -25.0265 9
      vertex -16.643 -25.1765 0
      vertex -16.9028 -25.0265 0
    endloop
  endfacet
  facet normal 0.500011 0.866019 -0
    outer loop
      vertex -13.2222 -27.1515 0
      vertex -13.482 -27.0015 9
      vertex -13.2222 -27.1515 9
    endloop
  endfacet
  facet normal 0.500011 0.866019 0
    outer loop
      vertex -13.482 -27.0015 9
      vertex -13.2222 -27.1515 0
      vertex -13.482 -27.0015 0
    endloop
  endfacet
  facet normal -0.866025 0.500001 0
    outer loop
      vertex -13.2222 -27.1515 0
      vertex -11.0972 -23.4709 9
      vertex -11.0972 -23.4709 0
    endloop
  endfacet
  facet normal -0.866025 0.500001 0
    outer loop
      vertex -11.0972 -23.4709 9
      vertex -13.2222 -27.1515 0
      vertex -13.2222 -27.1515 9
    endloop
  endfacet
  facet normal 0.866025 -0.500001 0
    outer loop
      vertex -16.9028 -25.0265 9
      vertex -14.7778 -21.3459 0
      vertex -14.7778 -21.3459 9
    endloop
  endfacet
  facet normal 0.866025 -0.500001 0
    outer loop
      vertex -14.7778 -21.3459 0
      vertex -16.9028 -25.0265 9
      vertex -16.9028 -25.0265 0
    endloop
  endfacet
  facet normal 0.866023 -0.500005 0
    outer loop
      vertex -17.6349 -26.8945 2.2
      vertex -16.643 -25.1765 9
      vertex -17.6349 -26.8945 9
    endloop
  endfacet
  facet normal 0.866023 -0.500005 0
    outer loop
      vertex -16.643 -25.1765 9
      vertex -17.6349 -26.8945 2.2
      vertex -16.643 -25.1765 0
    endloop
  endfacet
  facet normal 0.866036 -0.499982 0
    outer loop
      vertex -19.0468 -29.3401 0
      vertex -17.6349 -26.8945 2.2
      vertex -19.0468 -29.3401 2.2
    endloop
  endfacet
  facet normal 0.86603 -0.499991 1.38453e-05
    outer loop
      vertex -17.6349 -26.8945 2.2
      vertex -19.0468 -29.3401 0
      vertex -16.643 -25.1765 0
    endloop
  endfacet
  facet normal -0.866023 0.500005 0
    outer loop
      vertex -13.482 -27.0015 0
      vertex -14.4739 -28.7195 2.2
      vertex -13.482 -27.0015 9
    endloop
  endfacet
  facet normal -0.866023 0.500004 -9.14665e-07
    outer loop
      vertex -15.8823 -31.1589 0
      vertex -14.4739 -28.7195 2.2
      vertex -13.482 -27.0015 0
    endloop
  endfacet
  facet normal -0.866024 0.500003 0
    outer loop
      vertex -14.4739 -28.7195 2.2
      vertex -15.8823 -31.1589 0
      vertex -15.8823 -31.1589 2.2
    endloop
  endfacet
  facet normal -0.866023 0.500005 0
    outer loop
      vertex -13.482 -27.0015 9
      vertex -14.4739 -28.7195 2.2
      vertex -14.4739 -28.7195 9
    endloop
  endfacet
endsolid OpenSCAD_Model
