solid OpenSCAD_Model
  facet normal -1 0 0
    outer loop
      vertex 8 8 4
      vertex 8 10.5 8
      vertex 8 10.5 4
    endloop
  endfacet
  facet normal -1 -0 0
    outer loop
      vertex 8 10.5 8
      vertex 8 8 4
      vertex 8 8 8
    endloop
  endfacet
  facet normal 0 0 1
    outer loop
      vertex 130 10.5 8
      vertex 105 9.6 8
      vertex 130 8 8
    endloop
  endfacet
  facet normal 0 0 1
    outer loop
      vertex 130 10.5 8
      vertex 95 9.6 8
      vertex 105 9.6 8
    endloop
  endfacet
  facet normal 0 0 1
    outer loop
      vertex 95 9.6 8
      vertex 55 9.6 8
      vertex 95 8 8
    endloop
  endfacet
  facet normal 0 0 1
    outer loop
      vertex 130 10.5 8
      vertex 55 9.6 8
      vertex 95 9.6 8
    endloop
  endfacet
  facet normal -0 0 1
    outer loop
      vertex 8 10.5 8
      vertex 55 9.6 8
      vertex 130 10.5 8
    endloop
  endfacet
  facet normal 0 0 1
    outer loop
      vertex 55 9.6 8
      vertex 8 10.5 8
      vertex 45 9.6 8
    endloop
  endfacet
  facet normal 0 0 1
    outer loop
      vertex 8 8 8
      vertex 45 9.6 8
      vertex 8 10.5 8
    endloop
  endfacet
  facet normal 0 0 1
    outer loop
      vertex 45 9.6 8
      vertex 8 8 8
      vertex 45 8 8
    endloop
  endfacet
  facet normal 0 0 1
    outer loop
      vertex 130 8 8
      vertex 105 9.6 8
      vertex 105 8 8
    endloop
  endfacet
  facet normal 0 0 1
    outer loop
      vertex 95 8 8
      vertex 55 9.6 8
      vertex 55 8 8
    endloop
  endfacet
  facet normal -1 0 0
    outer loop
      vertex 130 90.9 4
      vertex 130 10.5 4
      vertex 130 90.9 8
    endloop
  endfacet
  facet normal -1 0 0
    outer loop
      vertex 130 90.9 8
      vertex 130 93.4 10
      vertex 130 93.4 8
    endloop
  endfacet
  facet normal -1 0 0
    outer loop
      vertex 130 10.5 8
      vertex 130 90.9 8
      vertex 130 10.5 4
    endloop
  endfacet
  facet normal -1 0 0
    outer loop
      vertex 130 90.9 8
      vertex 130 10.5 8
      vertex 130 93.4 10
    endloop
  endfacet
  facet normal -1 0 0
    outer loop
      vertex 130 8 10
      vertex 130 10.5 8
      vertex 130 8 8
    endloop
  endfacet
  facet normal -1 0 0
    outer loop
      vertex 130 10.5 8
      vertex 130 8 10
      vertex 130 93.4 10
    endloop
  endfacet
  facet normal 0 1 -0
    outer loop
      vertex 130 10.5 4
      vertex 8 10.5 8
      vertex 130 10.5 8
    endloop
  endfacet
  facet normal 0 1 0
    outer loop
      vertex 8 10.5 8
      vertex 130 10.5 4
      vertex 8 10.5 4
    endloop
  endfacet
  facet normal 0 0 -1
    outer loop
      vertex 105 7.8 4
      vertex 100 9 4
      vertex 105 9 4
    endloop
  endfacet
  facet normal 0 0 -1
    outer loop
      vertex 98.1686 7.8 4
      vertex 100 9 4
      vertex 105 7.8 4
    endloop
  endfacet
  facet normal 0 0 -1
    outer loop
      vertex 100 9 4
      vertex 98.1686 7.8 4
      vertex 99.804 8.99036 4
    endloop
  endfacet
  facet normal 0 0 -1
    outer loop
      vertex 99.804 8.99036 4
      vertex 98.1686 7.8 4
      vertex 99.6098 8.96156 4
    endloop
  endfacet
  facet normal 0 0 -1
    outer loop
      vertex 99.6098 8.96156 4
      vertex 98.1686 7.8 4
      vertex 99.4194 8.91388 4
    endloop
  endfacet
  facet normal 0 0 -1
    outer loop
      vertex 99.4194 8.91388 4
      vertex 98.1686 7.8 4
      vertex 99.2346 8.84775 4
    endloop
  endfacet
  facet normal 0 0 -1
    outer loop
      vertex 99.2346 8.84775 4
      vertex 98.1686 7.8 4
      vertex 99.0572 8.76384 4
    endloop
  endfacet
  facet normal 0 0 -1
    outer loop
      vertex 99.0572 8.76384 4
      vertex 98.1686 7.8 4
      vertex 98.8889 8.66293 4
    endloop
  endfacet
  facet normal 0 0 -1
    outer loop
      vertex 98.8889 8.66293 4
      vertex 98.1686 7.8 4
      vertex 98.7312 8.54602 4
    endloop
  endfacet
  facet normal 0 0 -1
    outer loop
      vertex 98.7312 8.54602 4
      vertex 98.1686 7.8 4
      vertex 98.5858 8.4142 4
    endloop
  endfacet
  facet normal 0 0 -1
    outer loop
      vertex 98.5858 8.4142 4
      vertex 98.1686 7.8 4
      vertex 98.454 8.26878 4
    endloop
  endfacet
  facet normal 0 0 -1
    outer loop
      vertex 98.454 8.26878 4
      vertex 98.1686 7.8 4
      vertex 98.3371 8.11113 4
    endloop
  endfacet
  facet normal 0 0 -1
    outer loop
      vertex 98.3371 8.11113 4
      vertex 98.1686 7.8 4
      vertex 98.2361 7.94278 4
    endloop
  endfacet
  facet normal 0 0 -1
    outer loop
      vertex 100 91 4
      vertex 105 92 4
      vertex 105 91 4
    endloop
  endfacet
  facet normal 0 0 -1
    outer loop
      vertex 98.2704 92 4
      vertex 100 91 4
      vertex 99.804 91.0096 4
    endloop
  endfacet
  facet normal 0 0 -1
    outer loop
      vertex 98.2704 92 4
      vertex 99.804 91.0096 4
      vertex 99.6098 91.0384 4
    endloop
  endfacet
  facet normal 0 0 -1
    outer loop
      vertex 98.2704 92 4
      vertex 99.6098 91.0384 4
      vertex 99.4194 91.0861 4
    endloop
  endfacet
  facet normal 0 0 -1
    outer loop
      vertex 98.2704 92 4
      vertex 99.4194 91.0861 4
      vertex 99.2346 91.1522 4
    endloop
  endfacet
  facet normal 0 0 -1
    outer loop
      vertex 98.2704 92 4
      vertex 99.2346 91.1522 4
      vertex 99.0572 91.2361 4
    endloop
  endfacet
  facet normal 0 0 -1
    outer loop
      vertex 98.2704 92 4
      vertex 99.0572 91.2361 4
      vertex 98.8889 91.3371 4
    endloop
  endfacet
  facet normal 0 0 -1
    outer loop
      vertex 98.2704 92 4
      vertex 98.8889 91.3371 4
      vertex 98.7312 91.454 4
    endloop
  endfacet
  facet normal 0 0 -1
    outer loop
      vertex 98.2704 92 4
      vertex 98.7312 91.454 4
      vertex 98.5858 91.5858 4
    endloop
  endfacet
  facet normal 0 0 -1
    outer loop
      vertex 98.2704 92 4
      vertex 98.5858 91.5858 4
      vertex 98.454 91.7312 4
    endloop
  endfacet
  facet normal 0 0 -1
    outer loop
      vertex 98.2704 92 4
      vertex 98.454 91.7312 4
      vertex 98.3371 91.8889 4
    endloop
  endfacet
  facet normal 0 0 -1
    outer loop
      vertex 100 91 4
      vertex 98.2704 92 4
      vertex 105 92 4
    endloop
  endfacet
  facet normal 0 0 1
    outer loop
      vertex 157 93 4
      vertex 160 94 4
      vertex 159.971 94.5881 4
    endloop
  endfacet
  facet normal 0 0 1
    outer loop
      vertex 157 93 4
      vertex 159.971 94.5881 4
      vertex 159.885 95.1705 4
    endloop
  endfacet
  facet normal 0 0 1
    outer loop
      vertex 157 93 4
      vertex 159.885 95.1705 4
      vertex 159.742 95.7417 4
    endloop
  endfacet
  facet normal 0 0 1
    outer loop
      vertex 157 93 4
      vertex 159.742 95.7417 4
      vertex 159.543 96.2961 4
    endloop
  endfacet
  facet normal 0 0 1
    outer loop
      vertex 157 93 4
      vertex 159.543 96.2961 4
      vertex 159.292 96.8284 4
    endloop
  endfacet
  facet normal 0 0 1
    outer loop
      vertex 157 93 4
      vertex 159.292 96.8284 4
      vertex 158.989 97.3334 4
    endloop
  endfacet
  facet normal 0 0 1
    outer loop
      vertex 157 93 4
      vertex 158.989 97.3334 4
      vertex 158.638 97.8064 4
    endloop
  endfacet
  facet normal 0 0 1
    outer loop
      vertex 157 93 4
      vertex 158.638 97.8064 4
      vertex 158.243 98.2426 4
    endloop
  endfacet
  facet normal 0 0 1
    outer loop
      vertex 157 93 4
      vertex 158.243 98.2426 4
      vertex 157.806 98.6381 4
    endloop
  endfacet
  facet normal 0 0 1
    outer loop
      vertex 157 93 4
      vertex 157.806 98.6381 4
      vertex 157.333 98.9888 4
    endloop
  endfacet
  facet normal 0 0 1
    outer loop
      vertex 160 94 4
      vertex 157 93 4
      vertex 160 93 4
    endloop
  endfacet
  facet normal 0 0 1
    outer loop
      vertex 156.296 99.5433 4
      vertex 157 93 4
      vertex 156.828 99.2915 4
    endloop
  endfacet
  facet normal 0 0 1
    outer loop
      vertex 156.828 99.2915 4
      vertex 157 93 4
      vertex 157.333 98.9888 4
    endloop
  endfacet
  facet normal -0 0 1
    outer loop
      vertex 157 7 4
      vertex 160 6 4
      vertex 160 7 4
    endloop
  endfacet
  facet normal 0 0 1
    outer loop
      vertex 160 6 4
      vertex 157 7 4
      vertex 159.971 5.4119 4
    endloop
  endfacet
  facet normal 0 0 1
    outer loop
      vertex 159.971 5.4119 4
      vertex 157 7 4
      vertex 159.885 4.82945 4
    endloop
  endfacet
  facet normal 0 0 1
    outer loop
      vertex 159.885 4.82945 4
      vertex 157 7 4
      vertex 159.742 4.25829 4
    endloop
  endfacet
  facet normal 0 0 1
    outer loop
      vertex 159.742 4.25829 4
      vertex 157 7 4
      vertex 159.543 3.70389 4
    endloop
  endfacet
  facet normal 0 0 1
    outer loop
      vertex 159.543 3.70389 4
      vertex 157 7 4
      vertex 159.292 3.17162 4
    endloop
  endfacet
  facet normal 0 0 1
    outer loop
      vertex 159.292 3.17162 4
      vertex 157 7 4
      vertex 158.989 2.66656 4
    endloop
  endfacet
  facet normal 0 0 1
    outer loop
      vertex 158.989 2.66656 4
      vertex 157 7 4
      vertex 158.638 2.19363 4
    endloop
  endfacet
  facet normal 0 0 1
    outer loop
      vertex 158.638 2.19363 4
      vertex 157 7 4
      vertex 158.243 1.75735 4
    endloop
  endfacet
  facet normal 0 0 1
    outer loop
      vertex 158.243 1.75735 4
      vertex 157 7 4
      vertex 157.806 1.36192 4
    endloop
  endfacet
  facet normal 0 0 1
    outer loop
      vertex 157.806 1.36192 4
      vertex 157 7 4
      vertex 157.333 1.01117 4
    endloop
  endfacet
  facet normal 0 0 1
    outer loop
      vertex 157 7 4
      vertex 156.828 0.708466 4
      vertex 157.333 1.01117 4
    endloop
  endfacet
  facet normal 0 0 1
    outer loop
      vertex 157 93 4
      vertex 155.2 56 4
      vertex 157 7 4
    endloop
  endfacet
  facet normal 0 0 1
    outer loop
      vertex 155.742 99.7416 4
      vertex 157 93 4
      vertex 156.296 99.5433 4
    endloop
  endfacet
  facet normal -0 0 1
    outer loop
      vertex 155.2 44 4
      vertex 157 7 4
      vertex 155.2 56 4
    endloop
  endfacet
  facet normal 0 0 1
    outer loop
      vertex 155.171 99.8847 4
      vertex 157 93 4
      vertex 155.742 99.7416 4
    endloop
  endfacet
  facet normal 0 0 1
    outer loop
      vertex 157 93 4
      vertex 155.2 64 4
      vertex 155.2 56 4
    endloop
  endfacet
  facet normal 0 0 1
    outer loop
      vertex 157 93 4
      vertex 155.2 84 4
      vertex 155.2 76 4
    endloop
  endfacet
  facet normal 0 0 1
    outer loop
      vertex 157 93 4
      vertex 155.195 84.098 4
      vertex 155.2 84 4
    endloop
  endfacet
  facet normal 0 0 1
    outer loop
      vertex 157 93 4
      vertex 155.181 84.1951 4
      vertex 155.195 84.098 4
    endloop
  endfacet
  facet normal 0 0 1
    outer loop
      vertex 154.588 99.9711 4
      vertex 157 93 4
      vertex 155.171 99.8847 4
    endloop
  endfacet
  facet normal 0 0 1
    outer loop
      vertex 157 93 4
      vertex 155.157 84.2903 4
      vertex 155.181 84.1951 4
    endloop
  endfacet
  facet normal 0 0 1
    outer loop
      vertex 157 93 4
      vertex 155.124 84.3827 4
      vertex 155.157 84.2903 4
    endloop
  endfacet
  facet normal 0 0 1
    outer loop
      vertex 157 93 4
      vertex 155.082 84.4714 4
      vertex 155.124 84.3827 4
    endloop
  endfacet
  facet normal 0 0 1
    outer loop
      vertex 157 93 4
      vertex 155.031 84.5556 4
      vertex 155.082 84.4714 4
    endloop
  endfacet
  facet normal 0 0 1
    outer loop
      vertex 157 93 4
      vertex 154.973 84.6344 4
      vertex 155.031 84.5556 4
    endloop
  endfacet
  facet normal 0 0 1
    outer loop
      vertex 157 93 4
      vertex 154.907 84.7071 4
      vertex 154.973 84.6344 4
    endloop
  endfacet
  facet normal 0 0 1
    outer loop
      vertex 157 93 4
      vertex 154.834 84.773 4
      vertex 154.907 84.7071 4
    endloop
  endfacet
  facet normal 0 0 1
    outer loop
      vertex 157 93 4
      vertex 154.756 84.8315 4
      vertex 154.834 84.773 4
    endloop
  endfacet
  facet normal 0 0 1
    outer loop
      vertex 157 93 4
      vertex 154.671 84.8819 4
      vertex 154.756 84.8315 4
    endloop
  endfacet
  facet normal 0 0 1
    outer loop
      vertex 157 93 4
      vertex 154.588 99.9711 4
      vertex 154 100 4
    endloop
  endfacet
  facet normal 0 0 1
    outer loop
      vertex 157 93 4
      vertex 154.583 84.9239 4
      vertex 154.671 84.8819 4
    endloop
  endfacet
  facet normal 0 0 1
    outer loop
      vertex 157 93 4
      vertex 154.49 84.9569 4
      vertex 154.583 84.9239 4
    endloop
  endfacet
  facet normal 0 0 1
    outer loop
      vertex 157 93 4
      vertex 154.395 84.9808 4
      vertex 154.49 84.9569 4
    endloop
  endfacet
  facet normal 0 0 1
    outer loop
      vertex 157 93 4
      vertex 154.298 84.9952 4
      vertex 154.395 84.9808 4
    endloop
  endfacet
  facet normal 0 0 1
    outer loop
      vertex 157 93 4
      vertex 154.2 85 4
      vertex 154.298 84.9952 4
    endloop
  endfacet
  facet normal 0 0 1
    outer loop
      vertex 143 93 4
      vertex 157 93 4
      vertex 154 100 4
    endloop
  endfacet
  facet normal 0 0 1
    outer loop
      vertex 157 93 4
      vertex 153 85 4
      vertex 154.2 85 4
    endloop
  endfacet
  facet normal 0 0 1
    outer loop
      vertex 157 93 4
      vertex 152.902 84.9952 4
      vertex 153 85 4
    endloop
  endfacet
  facet normal 0 0 1
    outer loop
      vertex 157 93 4
      vertex 152.805 84.9808 4
      vertex 152.902 84.9952 4
    endloop
  endfacet
  facet normal 0 -0 1
    outer loop
      vertex 147.583 84.9239 4
      vertex 157 93 4
      vertex 143 93 4
    endloop
  endfacet
  facet normal 0 0 1
    outer loop
      vertex 157 93 4
      vertex 152.71 84.9569 4
      vertex 152.805 84.9808 4
    endloop
  endfacet
  facet normal 0 0 1
    outer loop
      vertex 157 93 4
      vertex 152.617 84.9239 4
      vertex 152.71 84.9569 4
    endloop
  endfacet
  facet normal 0 0 1
    outer loop
      vertex 157 93 4
      vertex 147.583 84.9239 4
      vertex 152.617 84.9239 4
    endloop
  endfacet
  facet normal 0 0 1
    outer loop
      vertex 152.617 84.9239 4
      vertex 147.583 84.9239 4
      vertex 152.529 84.8819 4
    endloop
  endfacet
  facet normal 0 -0 1
    outer loop
      vertex 147.671 84.8819 4
      vertex 152.529 84.8819 4
      vertex 147.583 84.9239 4
    endloop
  endfacet
  facet normal 0 0 1
    outer loop
      vertex 152.529 84.8819 4
      vertex 147.671 84.8819 4
      vertex 152.444 84.8315 4
    endloop
  endfacet
  facet normal 0 -0 1
    outer loop
      vertex 147.756 84.8315 4
      vertex 152.444 84.8315 4
      vertex 147.671 84.8819 4
    endloop
  endfacet
  facet normal 0 0 1
    outer loop
      vertex 152.444 84.8315 4
      vertex 147.756 84.8315 4
      vertex 152.366 84.773 4
    endloop
  endfacet
  facet normal 0 -0 1
    outer loop
      vertex 147.834 84.773 4
      vertex 152.366 84.773 4
      vertex 147.756 84.8315 4
    endloop
  endfacet
  facet normal 0 0 1
    outer loop
      vertex 152.366 84.773 4
      vertex 147.834 84.773 4
      vertex 152.293 84.7071 4
    endloop
  endfacet
  facet normal 0 -0 1
    outer loop
      vertex 147.907 84.7071 4
      vertex 152.293 84.7071 4
      vertex 147.834 84.773 4
    endloop
  endfacet
  facet normal 0 0 1
    outer loop
      vertex 152.227 84.6344 4
      vertex 147.973 84.6344 4
      vertex 152.169 84.5556 4
    endloop
  endfacet
  facet normal 0 0 1
    outer loop
      vertex 148.2 76 4
      vertex 152 76 4
      vertex 152 84 4
    endloop
  endfacet
  facet normal 0 0 1
    outer loop
      vertex 148.181 75.8049 4
      vertex 152 76 4
      vertex 148.195 75.902 4
    endloop
  endfacet
  facet normal -0 -0 1
    outer loop
      vertex 148.195 64.098 4
      vertex 152 64 4
      vertex 148.181 64.1951 4
    endloop
  endfacet
  facet normal 0 0 1
    outer loop
      vertex 148.2 56 4
      vertex 152 56 4
      vertex 148.2 64 4
    endloop
  endfacet
  facet normal 0 0 1
    outer loop
      vertex 148.181 55.8049 4
      vertex 152 56 4
      vertex 148.195 55.902 4
    endloop
  endfacet
  facet normal 0 0 1
    outer loop
      vertex 148.157 55.7097 4
      vertex 152 56 4
      vertex 148.181 55.8049 4
    endloop
  endfacet
  facet normal 0 0 1
    outer loop
      vertex 148.2 76 4
      vertex 152 84 4
      vertex 148.2 84 4
    endloop
  endfacet
  facet normal 0 0 1
    outer loop
      vertex 152.005 84.098 4
      vertex 148.2 84 4
      vertex 152 84 4
    endloop
  endfacet
  facet normal 0 -0 1
    outer loop
      vertex 148.031 84.5556 4
      vertex 152.169 84.5556 4
      vertex 147.973 84.6344 4
    endloop
  endfacet
  facet normal 0 0 1
    outer loop
      vertex 152.005 84.098 4
      vertex 148.195 84.098 4
      vertex 148.2 84 4
    endloop
  endfacet
  facet normal 0 0 1
    outer loop
      vertex 152.005 84.098 4
      vertex 148.181 84.1951 4
      vertex 148.195 84.098 4
    endloop
  endfacet
  facet normal 0 0 1
    outer loop
      vertex 152.019 84.1951 4
      vertex 148.181 84.1951 4
      vertex 152.005 84.098 4
    endloop
  endfacet
  facet normal 0 -0 1
    outer loop
      vertex 148.181 84.1951 4
      vertex 152.019 84.1951 4
      vertex 148.157 84.2903 4
    endloop
  endfacet
  facet normal 0 0 1
    outer loop
      vertex 152.043 84.2903 4
      vertex 148.157 84.2903 4
      vertex 152.019 84.1951 4
    endloop
  endfacet
  facet normal 0 -0 1
    outer loop
      vertex 148.157 84.2903 4
      vertex 152.043 84.2903 4
      vertex 148.124 84.3827 4
    endloop
  endfacet
  facet normal 0 0 1
    outer loop
      vertex 152.076 84.3827 4
      vertex 148.124 84.3827 4
      vertex 152.043 84.2903 4
    endloop
  endfacet
  facet normal 0 -0 1
    outer loop
      vertex 148.124 84.3827 4
      vertex 152.076 84.3827 4
      vertex 148.082 84.4714 4
    endloop
  endfacet
  facet normal 0 0 1
    outer loop
      vertex 152.118 84.4714 4
      vertex 148.082 84.4714 4
      vertex 152.076 84.3827 4
    endloop
  endfacet
  facet normal 0 -0 1
    outer loop
      vertex 148.082 84.4714 4
      vertex 152.118 84.4714 4
      vertex 148.031 84.5556 4
    endloop
  endfacet
  facet normal 0 0 1
    outer loop
      vertex 152.169 84.5556 4
      vertex 148.031 84.5556 4
      vertex 152.118 84.4714 4
    endloop
  endfacet
  facet normal 0 -0 1
    outer loop
      vertex 147.973 84.6344 4
      vertex 152.227 84.6344 4
      vertex 147.907 84.7071 4
    endloop
  endfacet
  facet normal 0 0 1
    outer loop
      vertex 152.293 84.7071 4
      vertex 147.907 84.7071 4
      vertex 152.227 84.6344 4
    endloop
  endfacet
  facet normal 0 0 1
    outer loop
      vertex 147.583 84.9239 4
      vertex 143 93 4
      vertex 147.49 84.9569 4
    endloop
  endfacet
  facet normal 0 0 1
    outer loop
      vertex 147.49 84.9569 4
      vertex 143 93 4
      vertex 147.395 84.9808 4
    endloop
  endfacet
  facet normal 0 0 1
    outer loop
      vertex 147.395 84.9808 4
      vertex 143 93 4
      vertex 147.298 84.9952 4
    endloop
  endfacet
  facet normal 0 0 1
    outer loop
      vertex 147.298 84.9952 4
      vertex 143 93 4
      vertex 147.2 85 4
    endloop
  endfacet
  facet normal 0 0 1
    outer loop
      vertex 147.2 85 4
      vertex 143 93 4
      vertex 146 85 4
    endloop
  endfacet
  facet normal 0 0 1
    outer loop
      vertex 146 85 4
      vertex 143 93 4
      vertex 145.902 84.9952 4
    endloop
  endfacet
  facet normal 0 0 1
    outer loop
      vertex 145.902 84.9952 4
      vertex 143 93 4
      vertex 145.805 84.9808 4
    endloop
  endfacet
  facet normal 0 0 1
    outer loop
      vertex 145.805 84.9808 4
      vertex 143 93 4
      vertex 145.71 84.9569 4
    endloop
  endfacet
  facet normal 0 0 1
    outer loop
      vertex 145.71 84.9569 4
      vertex 143 93 4
      vertex 145.617 84.9239 4
    endloop
  endfacet
  facet normal 0 0 1
    outer loop
      vertex 145.617 84.9239 4
      vertex 143 93 4
      vertex 145.529 84.8819 4
    endloop
  endfacet
  facet normal 0 0 1
    outer loop
      vertex 145.529 84.8819 4
      vertex 143 93 4
      vertex 145.444 84.8315 4
    endloop
  endfacet
  facet normal 0 0 1
    outer loop
      vertex 145.444 84.8315 4
      vertex 143 93 4
      vertex 145.366 84.773 4
    endloop
  endfacet
  facet normal 0 0 1
    outer loop
      vertex 145.366 84.773 4
      vertex 143 93 4
      vertex 145.293 84.7071 4
    endloop
  endfacet
  facet normal 0 0 1
    outer loop
      vertex 145.293 84.7071 4
      vertex 143 93 4
      vertex 145.227 84.6344 4
    endloop
  endfacet
  facet normal 0 0 1
    outer loop
      vertex 145.227 84.6344 4
      vertex 143 93 4
      vertex 145.169 84.5556 4
    endloop
  endfacet
  facet normal 0 0 1
    outer loop
      vertex 143 93 4
      vertex 145 76 4
      vertex 145 84 4
    endloop
  endfacet
  facet normal 0 0 1
    outer loop
      vertex 145 76 4
      vertex 143 93 4
      vertex 145 64 4
    endloop
  endfacet
  facet normal 0 0 1
    outer loop
      vertex 145 64 4
      vertex 143 93 4
      vertex 145 56 4
    endloop
  endfacet
  facet normal 0 0 1
    outer loop
      vertex 145 56 4
      vertex 143 93 4
      vertex 145 44 4
    endloop
  endfacet
  facet normal 0 0 1
    outer loop
      vertex 143 7 4
      vertex 145 44 4
      vertex 143 93 4
    endloop
  endfacet
  facet normal 0 0 1
    outer loop
      vertex 145 44 4
      vertex 143 7 4
      vertex 145 36 4
    endloop
  endfacet
  facet normal 0 0 1
    outer loop
      vertex 145 36 4
      vertex 143 7 4
      vertex 145 24 4
    endloop
  endfacet
  facet normal 0 0 1
    outer loop
      vertex 145.005 84.098 4
      vertex 143 93 4
      vertex 145 84 4
    endloop
  endfacet
  facet normal 0 0 1
    outer loop
      vertex 145.019 84.1951 4
      vertex 143 93 4
      vertex 145.005 84.098 4
    endloop
  endfacet
  facet normal 0 0 1
    outer loop
      vertex 145.043 84.2903 4
      vertex 143 93 4
      vertex 145.019 84.1951 4
    endloop
  endfacet
  facet normal 0 0 1
    outer loop
      vertex 145.076 84.3827 4
      vertex 143 93 4
      vertex 145.043 84.2903 4
    endloop
  endfacet
  facet normal 0 0 1
    outer loop
      vertex 145.118 84.4714 4
      vertex 143 93 4
      vertex 145.076 84.3827 4
    endloop
  endfacet
  facet normal 0 0 1
    outer loop
      vertex 145.169 84.5556 4
      vertex 143 93 4
      vertex 145.118 84.4714 4
    endloop
  endfacet
  facet normal 0 0 1
    outer loop
      vertex 154 100 4
      vertex 140 93 4
      vertex 143 93 4
    endloop
  endfacet
  facet normal 0 0 1
    outer loop
      vertex 133 8 4
      vertex 140 93 4
      vertex 133 93.4 4
    endloop
  endfacet
  facet normal 0 0 1
    outer loop
      vertex 154 100 4
      vertex 133 93.4 4
      vertex 140 93 4
    endloop
  endfacet
  facet normal -0 0 1
    outer loop
      vertex 108.765 96.8477 4
      vertex 133 93.4 4
      vertex 154 100 4
    endloop
  endfacet
  facet normal 0 0 1
    outer loop
      vertex 133 93.4 4
      vertex 109.99 95.196 4
      vertex 110 95 4
    endloop
  endfacet
  facet normal 0 0 1
    outer loop
      vertex 133 93.4 4
      vertex 109.962 95.3902 4
      vertex 109.99 95.196 4
    endloop
  endfacet
  facet normal 0 0 1
    outer loop
      vertex 133 93.4 4
      vertex 109.914 95.5806 4
      vertex 109.962 95.3902 4
    endloop
  endfacet
  facet normal 0 0 1
    outer loop
      vertex 133 93.4 4
      vertex 109.848 95.7654 4
      vertex 109.914 95.5806 4
    endloop
  endfacet
  facet normal 0 0 1
    outer loop
      vertex 133 93.4 4
      vertex 109.764 95.9428 4
      vertex 109.848 95.7654 4
    endloop
  endfacet
  facet normal 0 0 1
    outer loop
      vertex 133 93.4 4
      vertex 109.663 96.1111 4
      vertex 109.764 95.9428 4
    endloop
  endfacet
  facet normal 0 0 1
    outer loop
      vertex 133 93.4 4
      vertex 109.546 96.2688 4
      vertex 109.663 96.1111 4
    endloop
  endfacet
  facet normal 0 0 1
    outer loop
      vertex 133 93.4 4
      vertex 109.414 96.4142 4
      vertex 109.546 96.2688 4
    endloop
  endfacet
  facet normal 0 0 1
    outer loop
      vertex 133 93.4 4
      vertex 109.269 96.546 4
      vertex 109.414 96.4142 4
    endloop
  endfacet
  facet normal 0 0 1
    outer loop
      vertex 133 93.4 4
      vertex 109.111 96.6629 4
      vertex 109.269 96.546 4
    endloop
  endfacet
  facet normal 0 0 1
    outer loop
      vertex 133 93.4 4
      vertex 108.943 96.7638 4
      vertex 109.111 96.6629 4
    endloop
  endfacet
  facet normal 0 0 1
    outer loop
      vertex 133 93.4 4
      vertex 108.765 96.8477 4
      vertex 108.943 96.7638 4
    endloop
  endfacet
  facet normal 0 0 1
    outer loop
      vertex 154 100 4
      vertex 108.581 96.9139 4
      vertex 108.765 96.8477 4
    endloop
  endfacet
  facet normal 0 0 1
    outer loop
      vertex 154 100 4
      vertex 108.39 96.9616 4
      vertex 108.581 96.9139 4
    endloop
  endfacet
  facet normal 0 0 1
    outer loop
      vertex 154 100 4
      vertex 108.196 96.9904 4
      vertex 108.39 96.9616 4
    endloop
  endfacet
  facet normal 0 0 1
    outer loop
      vertex 154 100 4
      vertex 108 97 4
      vertex 108.196 96.9904 4
    endloop
  endfacet
  facet normal 0 0 1
    outer loop
      vertex 154 100 4
      vertex 100 97 4
      vertex 108 97 4
    endloop
  endfacet
  facet normal -0 0 1
    outer loop
      vertex 6 100 4
      vertex 100 97 4
      vertex 154 100 4
    endloop
  endfacet
  facet normal 0 0 1
    outer loop
      vertex 98 95 4
      vertex 42 95 4
      vertex 98 93.4 4
    endloop
  endfacet
  facet normal 0 0 1
    outer loop
      vertex 98.0096 95.196 4
      vertex 42 95 4
      vertex 98 95 4
    endloop
  endfacet
  facet normal 0 0 1
    outer loop
      vertex 41.9904 95.196 4
      vertex 98.0096 95.196 4
      vertex 98.0384 95.3902 4
    endloop
  endfacet
  facet normal 0 0 1
    outer loop
      vertex 41.9616 95.3902 4
      vertex 98.0384 95.3902 4
      vertex 98.0861 95.5806 4
    endloop
  endfacet
  facet normal 0 0 1
    outer loop
      vertex 41.9139 95.5806 4
      vertex 98.0861 95.5806 4
      vertex 98.1522 95.7654 4
    endloop
  endfacet
  facet normal 0 0 1
    outer loop
      vertex 41.8477 95.7654 4
      vertex 98.1522 95.7654 4
      vertex 98.2361 95.9428 4
    endloop
  endfacet
  facet normal 0 0 1
    outer loop
      vertex 41.7638 95.9428 4
      vertex 98.2361 95.9428 4
      vertex 98.3371 96.1111 4
    endloop
  endfacet
  facet normal 0 0 1
    outer loop
      vertex 41.6629 96.1111 4
      vertex 98.3371 96.1111 4
      vertex 98.454 96.2688 4
    endloop
  endfacet
  facet normal 0 0 1
    outer loop
      vertex 41.546 96.2688 4
      vertex 98.454 96.2688 4
      vertex 98.5858 96.4142 4
    endloop
  endfacet
  facet normal 0 0 1
    outer loop
      vertex 41.4142 96.4142 4
      vertex 98.5858 96.4142 4
      vertex 98.7312 96.546 4
    endloop
  endfacet
  facet normal 0 0 1
    outer loop
      vertex 41.2688 96.546 4
      vertex 98.7312 96.546 4
      vertex 98.8889 96.6629 4
    endloop
  endfacet
  facet normal 0 0 1
    outer loop
      vertex 41.1111 96.6629 4
      vertex 98.8889 96.6629 4
      vertex 99.0572 96.7638 4
    endloop
  endfacet
  facet normal 0 0 1
    outer loop
      vertex 40.9428 96.7638 4
      vertex 99.0572 96.7638 4
      vertex 99.2346 96.8477 4
    endloop
  endfacet
  facet normal 0 0 1
    outer loop
      vertex 40.7654 96.8477 4
      vertex 99.2346 96.8477 4
      vertex 99.4194 96.9139 4
    endloop
  endfacet
  facet normal 0 0 1
    outer loop
      vertex 40.5806 96.9139 4
      vertex 99.4194 96.9139 4
      vertex 99.6098 96.9616 4
    endloop
  endfacet
  facet normal 0 0 1
    outer loop
      vertex 40.3902 96.9616 4
      vertex 99.6098 96.9616 4
      vertex 99.804 96.9904 4
    endloop
  endfacet
  facet normal 0 0 1
    outer loop
      vertex 100 97 4
      vertex 6 100 4
      vertex 99.804 96.9904 4
    endloop
  endfacet
  facet normal 0 0 1
    outer loop
      vertex 98.0096 95.196 4
      vertex 41.9904 95.196 4
      vertex 42 95 4
    endloop
  endfacet
  facet normal 0 0 1
    outer loop
      vertex 98.0384 95.3902 4
      vertex 41.9616 95.3902 4
      vertex 41.9904 95.196 4
    endloop
  endfacet
  facet normal 0 0 1
    outer loop
      vertex 98.0861 95.5806 4
      vertex 41.9139 95.5806 4
      vertex 41.9616 95.3902 4
    endloop
  endfacet
  facet normal 0 0 1
    outer loop
      vertex 98.1522 95.7654 4
      vertex 41.8477 95.7654 4
      vertex 41.9139 95.5806 4
    endloop
  endfacet
  facet normal 0 0 1
    outer loop
      vertex 98.2361 95.9428 4
      vertex 41.7638 95.9428 4
      vertex 41.8477 95.7654 4
    endloop
  endfacet
  facet normal 0 0 1
    outer loop
      vertex 98.3371 96.1111 4
      vertex 41.6629 96.1111 4
      vertex 41.7638 95.9428 4
    endloop
  endfacet
  facet normal 0 0 1
    outer loop
      vertex 98.454 96.2688 4
      vertex 41.546 96.2688 4
      vertex 41.6629 96.1111 4
    endloop
  endfacet
  facet normal 0 0 1
    outer loop
      vertex 98.5858 96.4142 4
      vertex 41.4142 96.4142 4
      vertex 41.546 96.2688 4
    endloop
  endfacet
  facet normal 0 0 1
    outer loop
      vertex 98.7312 96.546 4
      vertex 41.2688 96.546 4
      vertex 41.4142 96.4142 4
    endloop
  endfacet
  facet normal 0 0 1
    outer loop
      vertex 98.8889 96.6629 4
      vertex 41.1111 96.6629 4
      vertex 41.2688 96.546 4
    endloop
  endfacet
  facet normal 0 0 1
    outer loop
      vertex 99.0572 96.7638 4
      vertex 40.9428 96.7638 4
      vertex 41.1111 96.6629 4
    endloop
  endfacet
  facet normal 0 0 1
    outer loop
      vertex 99.2346 96.8477 4
      vertex 40.7654 96.8477 4
      vertex 40.9428 96.7638 4
    endloop
  endfacet
  facet normal 0 0 1
    outer loop
      vertex 99.4194 96.9139 4
      vertex 40.5806 96.9139 4
      vertex 40.7654 96.8477 4
    endloop
  endfacet
  facet normal 0 0 1
    outer loop
      vertex 99.6098 96.9616 4
      vertex 40.3902 96.9616 4
      vertex 40.5806 96.9139 4
    endloop
  endfacet
  facet normal 0 0 1
    outer loop
      vertex 99.804 96.9904 4
      vertex 40.196 96.9904 4
      vertex 40.3902 96.9616 4
    endloop
  endfacet
  facet normal 0 0 1
    outer loop
      vertex 99.804 96.9904 4
      vertex 6 100 4
      vertex 40.196 96.9904 4
    endloop
  endfacet
  facet normal 0 0 1
    outer loop
      vertex 40.196 96.9904 4
      vertex 6 100 4
      vertex 40 97 4
    endloop
  endfacet
  facet normal 0 0 1
    outer loop
      vertex 30 95 4
      vertex 8 93.4 4
      vertex 30 93.4 4
    endloop
  endfacet
  facet normal 0 0 1
    outer loop
      vertex 30.0096 95.196 4
      vertex 8 93.4 4
      vertex 30 95 4
    endloop
  endfacet
  facet normal 0 0 1
    outer loop
      vertex 30.0384 95.3902 4
      vertex 8 93.4 4
      vertex 30.0096 95.196 4
    endloop
  endfacet
  facet normal 0 0 1
    outer loop
      vertex 30.0861 95.5806 4
      vertex 8 93.4 4
      vertex 30.0384 95.3902 4
    endloop
  endfacet
  facet normal 0 0 1
    outer loop
      vertex 30.1522 95.7654 4
      vertex 8 93.4 4
      vertex 30.0861 95.5806 4
    endloop
  endfacet
  facet normal 0 0 1
    outer loop
      vertex 6 100 4
      vertex 30.1522 95.7654 4
      vertex 30.2361 95.9428 4
    endloop
  endfacet
  facet normal 0 0 1
    outer loop
      vertex 6 100 4
      vertex 30.2361 95.9428 4
      vertex 30.3371 96.1111 4
    endloop
  endfacet
  facet normal 0 0 1
    outer loop
      vertex 6 100 4
      vertex 30.3371 96.1111 4
      vertex 30.454 96.2688 4
    endloop
  endfacet
  facet normal 0 0 1
    outer loop
      vertex 6 100 4
      vertex 30.454 96.2688 4
      vertex 30.5858 96.4142 4
    endloop
  endfacet
  facet normal 0 0 1
    outer loop
      vertex 6 100 4
      vertex 30.5858 96.4142 4
      vertex 30.7312 96.546 4
    endloop
  endfacet
  facet normal 0 0 1
    outer loop
      vertex 6 100 4
      vertex 30.7312 96.546 4
      vertex 30.8889 96.6629 4
    endloop
  endfacet
  facet normal 0 0 1
    outer loop
      vertex 6 100 4
      vertex 30.8889 96.6629 4
      vertex 31.0572 96.7638 4
    endloop
  endfacet
  facet normal 0 0 1
    outer loop
      vertex 6 100 4
      vertex 31.0572 96.7638 4
      vertex 31.2346 96.8477 4
    endloop
  endfacet
  facet normal 0 0 1
    outer loop
      vertex 6 100 4
      vertex 31.2346 96.8477 4
      vertex 31.4194 96.9139 4
    endloop
  endfacet
  facet normal 0 0 1
    outer loop
      vertex 6 100 4
      vertex 31.4194 96.9139 4
      vertex 31.6098 96.9616 4
    endloop
  endfacet
  facet normal 0 0 1
    outer loop
      vertex 0 94 4
      vertex 8 90.9 4
      vertex 8 93.4 4
    endloop
  endfacet
  facet normal 0 0 1
    outer loop
      vertex 8 90.9 4
      vertex 7.76537 81.8477 4
      vertex 7.94278 81.7638 4
    endloop
  endfacet
  facet normal 0 0 1
    outer loop
      vertex 8 90.9 4
      vertex 7.58057 81.9139 4
      vertex 7.76537 81.8477 4
    endloop
  endfacet
  facet normal 0 0 1
    outer loop
      vertex 8 90.9 4
      vertex 7.39017 81.9616 4
      vertex 7.58057 81.9139 4
    endloop
  endfacet
  facet normal 0 0 1
    outer loop
      vertex 8 90.9 4
      vertex 7.19603 81.9904 4
      vertex 7.39017 81.9616 4
    endloop
  endfacet
  facet normal 0 0 1
    outer loop
      vertex 8 90.9 4
      vertex 7 82 4
      vertex 7.19603 81.9904 4
    endloop
  endfacet
  facet normal 0 0 1
    outer loop
      vertex 40 97 4
      vertex 6 100 4
      vertex 32 97 4
    endloop
  endfacet
  facet normal 0 0 1
    outer loop
      vertex 6 100 4
      vertex 31.804 96.9904 4
      vertex 32 97 4
    endloop
  endfacet
  facet normal 0 0 1
    outer loop
      vertex 6 100 4
      vertex 31.6098 96.9616 4
      vertex 31.804 96.9904 4
    endloop
  endfacet
  facet normal 0 0 1
    outer loop
      vertex 30.1522 95.7654 4
      vertex 6 100 4
      vertex 8 93.4 4
    endloop
  endfacet
  facet normal -0 0 1
    outer loop
      vertex 5.4119 99.9711 4
      vertex 8 93.4 4
      vertex 6 100 4
    endloop
  endfacet
  facet normal -0 0 1
    outer loop
      vertex 4.82945 99.8847 4
      vertex 8 93.4 4
      vertex 5.4119 99.9711 4
    endloop
  endfacet
  facet normal 0 -0 1
    outer loop
      vertex 4.41942 81.9139 4
      vertex 8 90.9 4
      vertex 0 94 4
    endloop
  endfacet
  facet normal -0 0 1
    outer loop
      vertex 4.25829 99.7416 4
      vertex 8 93.4 4
      vertex 4.82945 99.8847 4
    endloop
  endfacet
  facet normal 0 0 1
    outer loop
      vertex 8 90.9 4
      vertex 5 82 4
      vertex 7 82 4
    endloop
  endfacet
  facet normal 0 0 1
    outer loop
      vertex 8 90.9 4
      vertex 4.80396 81.9904 4
      vertex 5 82 4
    endloop
  endfacet
  facet normal 0 0 1
    outer loop
      vertex 8 90.9 4
      vertex 4.60982 81.9616 4
      vertex 4.80396 81.9904 4
    endloop
  endfacet
  facet normal -0 0 1
    outer loop
      vertex 3.70389 99.5433 4
      vertex 8 93.4 4
      vertex 4.25829 99.7416 4
    endloop
  endfacet
  facet normal 0 0 1
    outer loop
      vertex 8 90.9 4
      vertex 4.41942 81.9139 4
      vertex 4.60982 81.9616 4
    endloop
  endfacet
  facet normal 0 0 1
    outer loop
      vertex 4.41942 81.9139 4
      vertex 0 94 4
      vertex 4.23462 81.8477 4
    endloop
  endfacet
  facet normal 0 0 1
    outer loop
      vertex 4.23462 81.8477 4
      vertex 0 94 4
      vertex 4.05721 81.7638 4
    endloop
  endfacet
  facet normal 0 0 1
    outer loop
      vertex 4.05721 81.7638 4
      vertex 0 94 4
      vertex 3.88885 81.6629 4
    endloop
  endfacet
  facet normal -0 0 1
    outer loop
      vertex 3.17162 99.2915 4
      vertex 8 93.4 4
      vertex 3.70389 99.5433 4
    endloop
  endfacet
  facet normal 0 0 1
    outer loop
      vertex 3.88885 81.6629 4
      vertex 0 94 4
      vertex 3.7312 81.546 4
    endloop
  endfacet
  facet normal 0 0 1
    outer loop
      vertex 3.7312 81.546 4
      vertex 0 94 4
      vertex 3.58578 81.4142 4
    endloop
  endfacet
  facet normal 0 0 1
    outer loop
      vertex 3.58578 81.4142 4
      vertex 0 94 4
      vertex 3.45396 81.2688 4
    endloop
  endfacet
  facet normal 0 0 1
    outer loop
      vertex 3.45396 81.2688 4
      vertex 0 94 4
      vertex 3.33705 81.1111 4
    endloop
  endfacet
  facet normal -0 0 1
    outer loop
      vertex 2.66656 98.9888 4
      vertex 8 93.4 4
      vertex 3.17162 99.2915 4
    endloop
  endfacet
  facet normal 0 0 1
    outer loop
      vertex 3.33705 81.1111 4
      vertex 0 94 4
      vertex 3.23615 80.9428 4
    endloop
  endfacet
  facet normal 0 0 1
    outer loop
      vertex 3.23615 80.9428 4
      vertex 0 94 4
      vertex 3.15224 80.7654 4
    endloop
  endfacet
  facet normal 0 0 1
    outer loop
      vertex 3.15224 80.7654 4
      vertex 0 94 4
      vertex 3.08611 80.5806 4
    endloop
  endfacet
  facet normal 0 0 1
    outer loop
      vertex 3.08611 80.5806 4
      vertex 0 94 4
      vertex 3.03842 80.3902 4
    endloop
  endfacet
  facet normal 0 0 1
    outer loop
      vertex 3.03842 80.3902 4
      vertex 0 94 4
      vertex 3.00963 80.196 4
    endloop
  endfacet
  facet normal 0 0 1
    outer loop
      vertex 0 94 4
      vertex 3 68 4
      vertex 3 80 4
    endloop
  endfacet
  facet normal 0 0 1
    outer loop
      vertex 3 68 4
      vertex 0 94 4
      vertex 3 42 4
    endloop
  endfacet
  facet normal 0 0 1
    outer loop
      vertex 3.00963 80.196 4
      vertex 0 94 4
      vertex 3 80 4
    endloop
  endfacet
  facet normal -0 0 1
    outer loop
      vertex 2.19363 98.6381 4
      vertex 8 93.4 4
      vertex 2.66656 98.9888 4
    endloop
  endfacet
  facet normal 0 0 1
    outer loop
      vertex 8.96156 67.6098 4
      vertex 45 90.2 4
      vertex 8.99036 67.804 4
    endloop
  endfacet
  facet normal 0 0 1
    outer loop
      vertex 45 90.2 4
      vertex 8.99036 42.196 4
      vertex 9 42 4
    endloop
  endfacet
  facet normal 0 0 1
    outer loop
      vertex 8.91388 67.4194 4
      vertex 45 90.2 4
      vertex 8.96156 67.6098 4
    endloop
  endfacet
  facet normal 0 0 1
    outer loop
      vertex 45 90.2 4
      vertex 8.96156 42.3902 4
      vertex 8.99036 42.196 4
    endloop
  endfacet
  facet normal 0 0 1
    outer loop
      vertex 8.84775 67.2346 4
      vertex 45 90.2 4
      vertex 8.91388 67.4194 4
    endloop
  endfacet
  facet normal 0 0 1
    outer loop
      vertex 45 90.2 4
      vertex 8.91388 42.5806 4
      vertex 8.96156 42.3902 4
    endloop
  endfacet
  facet normal 0 0 1
    outer loop
      vertex 8.84775 42.7654 4
      vertex 45 90.2 4
      vertex 8.84775 67.2346 4
    endloop
  endfacet
  facet normal 0 0 1
    outer loop
      vertex 45 90.2 4
      vertex 8.84775 42.7654 4
      vertex 8.91388 42.5806 4
    endloop
  endfacet
  facet normal -0 0 1
    outer loop
      vertex 8.76384 67.0572 4
      vertex 8.84775 42.7654 4
      vertex 8.84775 67.2346 4
    endloop
  endfacet
  facet normal 0 0 1
    outer loop
      vertex 8.76384 67.0572 4
      vertex 8.76384 42.9428 4
      vertex 8.84775 42.7654 4
    endloop
  endfacet
  facet normal -0 0 1
    outer loop
      vertex 8.66293 66.8889 4
      vertex 8.76384 42.9428 4
      vertex 8.76384 67.0572 4
    endloop
  endfacet
  facet normal 0 0 1
    outer loop
      vertex 8.66293 66.8889 4
      vertex 8.66293 43.1111 4
      vertex 8.76384 42.9428 4
    endloop
  endfacet
  facet normal -0 0 1
    outer loop
      vertex 8.54602 66.7312 4
      vertex 8.66293 43.1111 4
      vertex 8.66293 66.8889 4
    endloop
  endfacet
  facet normal 0 0 1
    outer loop
      vertex 8.54602 66.7312 4
      vertex 8.54602 43.2688 4
      vertex 8.66293 43.1111 4
    endloop
  endfacet
  facet normal -0 0 1
    outer loop
      vertex 8.4142 66.5858 4
      vertex 8.54602 43.2688 4
      vertex 8.54602 66.7312 4
    endloop
  endfacet
  facet normal 0 0 1
    outer loop
      vertex 8.4142 66.5858 4
      vertex 8.4142 43.4142 4
      vertex 8.54602 43.2688 4
    endloop
  endfacet
  facet normal -0 0 1
    outer loop
      vertex 8.26878 66.454 4
      vertex 8.4142 43.4142 4
      vertex 8.4142 66.5858 4
    endloop
  endfacet
  facet normal 0 0 1
    outer loop
      vertex 8.26878 66.454 4
      vertex 8.26878 43.546 4
      vertex 8.4142 43.4142 4
    endloop
  endfacet
  facet normal -0 0 1
    outer loop
      vertex 8.11113 66.3371 4
      vertex 8.26878 43.546 4
      vertex 8.26878 66.454 4
    endloop
  endfacet
  facet normal 0 0 1
    outer loop
      vertex 8.11113 66.3371 4
      vertex 8.11113 43.6629 4
      vertex 8.26878 43.546 4
    endloop
  endfacet
  facet normal -0 0 1
    outer loop
      vertex 7.94278 66.2361 4
      vertex 8.11113 43.6629 4
      vertex 8.11113 66.3371 4
    endloop
  endfacet
  facet normal 0 0 1
    outer loop
      vertex 7.94278 66.2361 4
      vertex 7.94278 43.7638 4
      vertex 8.11113 43.6629 4
    endloop
  endfacet
  facet normal -0 0 1
    outer loop
      vertex 7.76537 66.1522 4
      vertex 7.94278 43.7638 4
      vertex 7.94278 66.2361 4
    endloop
  endfacet
  facet normal 0 0 1
    outer loop
      vertex 7.76537 66.1522 4
      vertex 7.76537 43.8477 4
      vertex 7.94278 43.7638 4
    endloop
  endfacet
  facet normal -0 0 1
    outer loop
      vertex 7.58057 66.0861 4
      vertex 7.76537 43.8477 4
      vertex 7.76537 66.1522 4
    endloop
  endfacet
  facet normal 0 0 1
    outer loop
      vertex 7.58057 66.0861 4
      vertex 7.58057 43.9139 4
      vertex 7.76537 43.8477 4
    endloop
  endfacet
  facet normal -0 0 1
    outer loop
      vertex 7.39017 66.0384 4
      vertex 7.58057 43.9139 4
      vertex 7.58057 66.0861 4
    endloop
  endfacet
  facet normal 0 0 1
    outer loop
      vertex 7.39017 66.0384 4
      vertex 7.39017 43.9616 4
      vertex 7.58057 43.9139 4
    endloop
  endfacet
  facet normal -0 0 1
    outer loop
      vertex 7.19603 66.0096 4
      vertex 7.39017 43.9616 4
      vertex 7.39017 66.0384 4
    endloop
  endfacet
  facet normal 0 0 1
    outer loop
      vertex 7.19603 66.0096 4
      vertex 7.19603 43.9904 4
      vertex 7.39017 43.9616 4
    endloop
  endfacet
  facet normal -0 0 1
    outer loop
      vertex 7 66 4
      vertex 7.19603 43.9904 4
      vertex 7.19603 66.0096 4
    endloop
  endfacet
  facet normal 0 0 1
    outer loop
      vertex 7 66 4
      vertex 7 44 4
      vertex 7.19603 43.9904 4
    endloop
  endfacet
  facet normal -0 0 1
    outer loop
      vertex 5 66 4
      vertex 7 44 4
      vertex 7 66 4
    endloop
  endfacet
  facet normal 0 0 1
    outer loop
      vertex 5 66 4
      vertex 5 44 4
      vertex 7 44 4
    endloop
  endfacet
  facet normal 0 0 1
    outer loop
      vertex 4.80396 66.0096 4
      vertex 5 44 4
      vertex 5 66 4
    endloop
  endfacet
  facet normal 0 0 1
    outer loop
      vertex 4.80396 66.0096 4
      vertex 4.80396 43.9904 4
      vertex 5 44 4
    endloop
  endfacet
  facet normal 0 0 1
    outer loop
      vertex 4.60982 66.0384 4
      vertex 4.80396 43.9904 4
      vertex 4.80396 66.0096 4
    endloop
  endfacet
  facet normal 0 0 1
    outer loop
      vertex 4.60982 66.0384 4
      vertex 4.60982 43.9616 4
      vertex 4.80396 43.9904 4
    endloop
  endfacet
  facet normal 0 0 1
    outer loop
      vertex 4.41942 66.0861 4
      vertex 4.60982 43.9616 4
      vertex 4.60982 66.0384 4
    endloop
  endfacet
  facet normal 0 0 1
    outer loop
      vertex 4.41942 66.0861 4
      vertex 4.41942 43.9139 4
      vertex 4.60982 43.9616 4
    endloop
  endfacet
  facet normal 0 0 1
    outer loop
      vertex 4.23462 66.1522 4
      vertex 4.41942 43.9139 4
      vertex 4.41942 66.0861 4
    endloop
  endfacet
  facet normal 0 0 1
    outer loop
      vertex 4.23462 66.1522 4
      vertex 4.23462 43.8477 4
      vertex 4.41942 43.9139 4
    endloop
  endfacet
  facet normal 0 0 1
    outer loop
      vertex 4.05721 66.2361 4
      vertex 4.23462 43.8477 4
      vertex 4.23462 66.1522 4
    endloop
  endfacet
  facet normal 0 0 1
    outer loop
      vertex 4.05721 66.2361 4
      vertex 4.05721 43.7638 4
      vertex 4.23462 43.8477 4
    endloop
  endfacet
  facet normal 0 0 1
    outer loop
      vertex 3.88885 66.3371 4
      vertex 4.05721 43.7638 4
      vertex 4.05721 66.2361 4
    endloop
  endfacet
  facet normal 0 0 1
    outer loop
      vertex 3.88885 66.3371 4
      vertex 3.88885 43.6629 4
      vertex 4.05721 43.7638 4
    endloop
  endfacet
  facet normal 0 0 1
    outer loop
      vertex 3.7312 66.454 4
      vertex 3.88885 43.6629 4
      vertex 3.88885 66.3371 4
    endloop
  endfacet
  facet normal 0 0 1
    outer loop
      vertex 3.7312 66.454 4
      vertex 3.7312 43.546 4
      vertex 3.88885 43.6629 4
    endloop
  endfacet
  facet normal 0 0 1
    outer loop
      vertex 3.58578 66.5858 4
      vertex 3.7312 43.546 4
      vertex 3.7312 66.454 4
    endloop
  endfacet
  facet normal 0 0 1
    outer loop
      vertex 3.58578 66.5858 4
      vertex 3.58578 43.4142 4
      vertex 3.7312 43.546 4
    endloop
  endfacet
  facet normal 0 0 1
    outer loop
      vertex 3.45396 66.7312 4
      vertex 3.58578 43.4142 4
      vertex 3.58578 66.5858 4
    endloop
  endfacet
  facet normal 0 0 1
    outer loop
      vertex 3.45396 66.7312 4
      vertex 3.45396 43.2688 4
      vertex 3.58578 43.4142 4
    endloop
  endfacet
  facet normal 0 0 1
    outer loop
      vertex 3.33705 66.8889 4
      vertex 3.45396 43.2688 4
      vertex 3.45396 66.7312 4
    endloop
  endfacet
  facet normal 0 0 1
    outer loop
      vertex 3.33705 66.8889 4
      vertex 3.33705 43.1111 4
      vertex 3.45396 43.2688 4
    endloop
  endfacet
  facet normal 0 0 1
    outer loop
      vertex 3.23615 67.0572 4
      vertex 3.33705 43.1111 4
      vertex 3.33705 66.8889 4
    endloop
  endfacet
  facet normal 0 0 1
    outer loop
      vertex 3.23615 67.0572 4
      vertex 3.23615 42.9428 4
      vertex 3.33705 43.1111 4
    endloop
  endfacet
  facet normal 0 0 1
    outer loop
      vertex 3.15224 67.2346 4
      vertex 3.23615 42.9428 4
      vertex 3.23615 67.0572 4
    endloop
  endfacet
  facet normal 0 0 1
    outer loop
      vertex 3.15224 67.2346 4
      vertex 3.15224 42.7654 4
      vertex 3.23615 42.9428 4
    endloop
  endfacet
  facet normal 0 0 1
    outer loop
      vertex 3.08611 67.4194 4
      vertex 3.15224 42.7654 4
      vertex 3.15224 67.2346 4
    endloop
  endfacet
  facet normal 0 0 1
    outer loop
      vertex 3.08611 67.4194 4
      vertex 3.08611 42.5806 4
      vertex 3.15224 42.7654 4
    endloop
  endfacet
  facet normal 0 0 1
    outer loop
      vertex 3.03842 67.6098 4
      vertex 3.08611 42.5806 4
      vertex 3.08611 67.4194 4
    endloop
  endfacet
  facet normal 0 0 1
    outer loop
      vertex 3.03842 67.6098 4
      vertex 3.03842 42.3902 4
      vertex 3.08611 42.5806 4
    endloop
  endfacet
  facet normal 0 0 1
    outer loop
      vertex 3.00963 67.804 4
      vertex 3.03842 42.3902 4
      vertex 3.03842 67.6098 4
    endloop
  endfacet
  facet normal 0 0 1
    outer loop
      vertex 3.00963 67.804 4
      vertex 3.00963 42.196 4
      vertex 3.03842 42.3902 4
    endloop
  endfacet
  facet normal 0 0 1
    outer loop
      vertex 3 68 4
      vertex 3.00963 42.196 4
      vertex 3.00963 67.804 4
    endloop
  endfacet
  facet normal 0 0 1
    outer loop
      vertex 3.00963 42.196 4
      vertex 3 68 4
      vertex 3 42 4
    endloop
  endfacet
  facet normal -0 0 1
    outer loop
      vertex 8 90.9 4
      vertex 45 90.2 4
      vertex 45 90.9 4
    endloop
  endfacet
  facet normal 0 0 1
    outer loop
      vertex 45 90.2 4
      vertex 8.99036 80.196 4
      vertex 9 80 4
    endloop
  endfacet
  facet normal 0 0 1
    outer loop
      vertex 45 90.2 4
      vertex 8.96156 80.3902 4
      vertex 8.99036 80.196 4
    endloop
  endfacet
  facet normal 0 0 1
    outer loop
      vertex 45 90.2 4
      vertex 8.91388 80.5806 4
      vertex 8.96156 80.3902 4
    endloop
  endfacet
  facet normal 0 0 1
    outer loop
      vertex 45 90.2 4
      vertex 8.84775 80.7654 4
      vertex 8.91388 80.5806 4
    endloop
  endfacet
  facet normal 0 0 1
    outer loop
      vertex 45 90.2 4
      vertex 8 90.9 4
      vertex 8.84775 80.7654 4
    endloop
  endfacet
  facet normal 0 0 1
    outer loop
      vertex 8.84775 80.7654 4
      vertex 8 90.9 4
      vertex 8.76384 80.9428 4
    endloop
  endfacet
  facet normal 0 0 1
    outer loop
      vertex 8.76384 80.9428 4
      vertex 8 90.9 4
      vertex 8.66293 81.1111 4
    endloop
  endfacet
  facet normal 0 0 1
    outer loop
      vertex 8.66293 81.1111 4
      vertex 8 90.9 4
      vertex 8.54602 81.2688 4
    endloop
  endfacet
  facet normal 0 0 1
    outer loop
      vertex 8.54602 81.2688 4
      vertex 8 90.9 4
      vertex 8.4142 81.4142 4
    endloop
  endfacet
  facet normal 0 0 1
    outer loop
      vertex 8.4142 81.4142 4
      vertex 8 90.9 4
      vertex 8.26878 81.546 4
    endloop
  endfacet
  facet normal 0 0 1
    outer loop
      vertex 8.26878 81.546 4
      vertex 8 90.9 4
      vertex 8.11113 81.6629 4
    endloop
  endfacet
  facet normal 0 0 1
    outer loop
      vertex 8.11113 81.6629 4
      vertex 8 90.9 4
      vertex 7.94278 81.7638 4
    endloop
  endfacet
  facet normal 0 0 1
    outer loop
      vertex 95 8 4
      vertex 55 8 4
      vertex 95 7.8 4
    endloop
  endfacet
  facet normal 0 0 1
    outer loop
      vertex 95 90.9 4
      vertex 55 90.9 4
      vertex 95 90.2 4
    endloop
  endfacet
  facet normal 0 0 1
    outer loop
      vertex 98 7 4
      vertex 95 7.8 4
      vertex 98 5 4
    endloop
  endfacet
  facet normal 0 0 1
    outer loop
      vertex 98.0096 7.19603 4
      vertex 95 7.8 4
      vertex 98 7 4
    endloop
  endfacet
  facet normal 0 0 1
    outer loop
      vertex 98.0384 7.39017 4
      vertex 95 7.8 4
      vertex 98.0096 7.19603 4
    endloop
  endfacet
  facet normal 0 0 1
    outer loop
      vertex 98.0861 7.58057 4
      vertex 95 7.8 4
      vertex 98.0384 7.39017 4
    endloop
  endfacet
  facet normal 0 0 1
    outer loop
      vertex 98.1522 7.76537 4
      vertex 95 7.8 4
      vertex 98.0861 7.58057 4
    endloop
  endfacet
  facet normal -0 0 1
    outer loop
      vertex 95 7.8 4
      vertex 98.1522 7.76537 4
      vertex 98.1686 7.8 4
    endloop
  endfacet
  facet normal 0 0 1
    outer loop
      vertex 133 8 4
      vertex 109.99 7.19603 4
      vertex 110 7 4
    endloop
  endfacet
  facet normal 0 0 1
    outer loop
      vertex 133 8 4
      vertex 109.962 7.39017 4
      vertex 109.99 7.19603 4
    endloop
  endfacet
  facet normal 0 0 1
    outer loop
      vertex 133 8 4
      vertex 109.914 7.58057 4
      vertex 109.962 7.39017 4
    endloop
  endfacet
  facet normal 0 0 1
    outer loop
      vertex 133 8 4
      vertex 109.848 7.76537 4
      vertex 109.914 7.58057 4
    endloop
  endfacet
  facet normal 0 0 1
    outer loop
      vertex 133 8 4
      vertex 109.764 7.94278 4
      vertex 109.848 7.76537 4
    endloop
  endfacet
  facet normal 0 -0 1
    outer loop
      vertex 109.764 7.94278 4
      vertex 133 8 4
      vertex 109.73 8 4
    endloop
  endfacet
  facet normal 0 0 1
    outer loop
      vertex 148.124 35.6173 4
      vertex 152 36 4
      vertex 148.157 35.7097 4
    endloop
  endfacet
  facet normal 0 0 1
    outer loop
      vertex 152 24 4
      vertex 148.2 24 4
      vertex 152 16 4
    endloop
  endfacet
  facet normal -0 -0 1
    outer loop
      vertex 148.195 24.098 4
      vertex 152 24 4
      vertex 148.181 24.1951 4
    endloop
  endfacet
  facet normal 0 -0 1
    outer loop
      vertex 148.2 24 4
      vertex 152 24 4
      vertex 148.195 24.098 4
    endloop
  endfacet
  facet normal 0 0 1
    outer loop
      vertex 148.082 35.5286 4
      vertex 152 36 4
      vertex 148.124 35.6173 4
    endloop
  endfacet
  facet normal 0 0 1
    outer loop
      vertex 152 24 4
      vertex 148.157 24.2903 4
      vertex 148.181 24.1951 4
    endloop
  endfacet
  facet normal 0 0 1
    outer loop
      vertex 148.031 35.4444 4
      vertex 152 36 4
      vertex 148.082 35.5286 4
    endloop
  endfacet
  facet normal 0 0 1
    outer loop
      vertex 152 24 4
      vertex 148.124 24.3827 4
      vertex 148.157 24.2903 4
    endloop
  endfacet
  facet normal 0 0 1
    outer loop
      vertex 147.973 35.3656 4
      vertex 152 36 4
      vertex 148.031 35.4444 4
    endloop
  endfacet
  facet normal 0 0 1
    outer loop
      vertex 152 24 4
      vertex 148.082 24.4714 4
      vertex 148.124 24.3827 4
    endloop
  endfacet
  facet normal 0 0 1
    outer loop
      vertex 147.907 35.2929 4
      vertex 152 36 4
      vertex 147.973 35.3656 4
    endloop
  endfacet
  facet normal 0 0 1
    outer loop
      vertex 152 24 4
      vertex 148.031 24.5556 4
      vertex 148.082 24.4714 4
    endloop
  endfacet
  facet normal 0 0 1
    outer loop
      vertex 147.834 35.227 4
      vertex 152 36 4
      vertex 147.907 35.2929 4
    endloop
  endfacet
  facet normal 0 0 1
    outer loop
      vertex 152 24 4
      vertex 147.973 24.6344 4
      vertex 148.031 24.5556 4
    endloop
  endfacet
  facet normal 0 0 1
    outer loop
      vertex 147.756 35.1685 4
      vertex 152 36 4
      vertex 147.834 35.227 4
    endloop
  endfacet
  facet normal 0 0 1
    outer loop
      vertex 152 24 4
      vertex 147.907 24.7071 4
      vertex 147.973 24.6344 4
    endloop
  endfacet
  facet normal 0 0 1
    outer loop
      vertex 152 36 4
      vertex 147.756 35.1685 4
      vertex 152 24 4
    endloop
  endfacet
  facet normal 0 0 1
    outer loop
      vertex 152 24 4
      vertex 147.834 24.773 4
      vertex 147.907 24.7071 4
    endloop
  endfacet
  facet normal -0 0 1
    outer loop
      vertex 147.756 24.8315 4
      vertex 152 24 4
      vertex 147.756 35.1685 4
    endloop
  endfacet
  facet normal 0 0 1
    outer loop
      vertex 152 24 4
      vertex 147.756 24.8315 4
      vertex 147.834 24.773 4
    endloop
  endfacet
  facet normal -0 0 1
    outer loop
      vertex 147.671 35.1181 4
      vertex 147.756 24.8315 4
      vertex 147.756 35.1685 4
    endloop
  endfacet
  facet normal 0 0 1
    outer loop
      vertex 147.671 35.1181 4
      vertex 147.671 24.8819 4
      vertex 147.756 24.8315 4
    endloop
  endfacet
  facet normal -0 0 1
    outer loop
      vertex 147.583 35.0761 4
      vertex 147.671 24.8819 4
      vertex 147.671 35.1181 4
    endloop
  endfacet
  facet normal 0 0 1
    outer loop
      vertex 147.583 35.0761 4
      vertex 147.583 24.9239 4
      vertex 147.671 24.8819 4
    endloop
  endfacet
  facet normal -0 0 1
    outer loop
      vertex 147.49 35.043 4
      vertex 147.583 24.9239 4
      vertex 147.583 35.0761 4
    endloop
  endfacet
  facet normal 0 0 1
    outer loop
      vertex 147.49 35.043 4
      vertex 147.49 24.9569 4
      vertex 147.583 24.9239 4
    endloop
  endfacet
  facet normal -0 0 1
    outer loop
      vertex 147.395 35.0192 4
      vertex 147.49 24.9569 4
      vertex 147.49 35.043 4
    endloop
  endfacet
  facet normal 0 0 1
    outer loop
      vertex 147.395 35.0192 4
      vertex 147.395 24.9808 4
      vertex 147.49 24.9569 4
    endloop
  endfacet
  facet normal -0 0 1
    outer loop
      vertex 147.298 35.0048 4
      vertex 147.395 24.9808 4
      vertex 147.395 35.0192 4
    endloop
  endfacet
  facet normal 0 0 1
    outer loop
      vertex 147.298 35.0048 4
      vertex 147.298 24.9952 4
      vertex 147.395 24.9808 4
    endloop
  endfacet
  facet normal -0 0 1
    outer loop
      vertex 147.2 35 4
      vertex 147.298 24.9952 4
      vertex 147.298 35.0048 4
    endloop
  endfacet
  facet normal 0 0 1
    outer loop
      vertex 147.2 35 4
      vertex 147.2 25 4
      vertex 147.298 24.9952 4
    endloop
  endfacet
  facet normal -0 0 1
    outer loop
      vertex 146 35 4
      vertex 147.2 25 4
      vertex 147.2 35 4
    endloop
  endfacet
  facet normal 0 0 1
    outer loop
      vertex 146 35 4
      vertex 146 25 4
      vertex 147.2 25 4
    endloop
  endfacet
  facet normal 0 0 1
    outer loop
      vertex 145.902 35.0048 4
      vertex 146 25 4
      vertex 146 35 4
    endloop
  endfacet
  facet normal 0 0 1
    outer loop
      vertex 145.902 35.0048 4
      vertex 145.902 24.9952 4
      vertex 146 25 4
    endloop
  endfacet
  facet normal 0 0 1
    outer loop
      vertex 145.805 35.0192 4
      vertex 145.902 24.9952 4
      vertex 145.902 35.0048 4
    endloop
  endfacet
  facet normal 0 0 1
    outer loop
      vertex 145.805 35.0192 4
      vertex 145.805 24.9808 4
      vertex 145.902 24.9952 4
    endloop
  endfacet
  facet normal 0 0 1
    outer loop
      vertex 145.71 35.043 4
      vertex 145.805 24.9808 4
      vertex 145.805 35.0192 4
    endloop
  endfacet
  facet normal 0 0 1
    outer loop
      vertex 145.71 35.043 4
      vertex 145.71 24.9569 4
      vertex 145.805 24.9808 4
    endloop
  endfacet
  facet normal 0 0 1
    outer loop
      vertex 145.617 35.0761 4
      vertex 145.71 24.9569 4
      vertex 145.71 35.043 4
    endloop
  endfacet
  facet normal 0 0 1
    outer loop
      vertex 145.617 35.0761 4
      vertex 145.617 24.9239 4
      vertex 145.71 24.9569 4
    endloop
  endfacet
  facet normal 0 0 1
    outer loop
      vertex 145.529 35.1181 4
      vertex 145.617 24.9239 4
      vertex 145.617 35.0761 4
    endloop
  endfacet
  facet normal 0 0 1
    outer loop
      vertex 145.529 35.1181 4
      vertex 145.529 24.8819 4
      vertex 145.617 24.9239 4
    endloop
  endfacet
  facet normal 0 0 1
    outer loop
      vertex 145.444 35.1685 4
      vertex 145.529 24.8819 4
      vertex 145.529 35.1181 4
    endloop
  endfacet
  facet normal 0 0 1
    outer loop
      vertex 145.444 35.1685 4
      vertex 145.444 24.8315 4
      vertex 145.529 24.8819 4
    endloop
  endfacet
  facet normal 0 0 1
    outer loop
      vertex 145.366 35.227 4
      vertex 145.444 24.8315 4
      vertex 145.444 35.1685 4
    endloop
  endfacet
  facet normal 0 0 1
    outer loop
      vertex 145.366 35.227 4
      vertex 145.366 24.773 4
      vertex 145.444 24.8315 4
    endloop
  endfacet
  facet normal 0 0 1
    outer loop
      vertex 145.293 35.2929 4
      vertex 145.366 24.773 4
      vertex 145.366 35.227 4
    endloop
  endfacet
  facet normal 0 0 1
    outer loop
      vertex 145.293 35.2929 4
      vertex 145.293 24.7071 4
      vertex 145.366 24.773 4
    endloop
  endfacet
  facet normal 0 0 1
    outer loop
      vertex 145.227 35.3656 4
      vertex 145.293 24.7071 4
      vertex 145.293 35.2929 4
    endloop
  endfacet
  facet normal 0 0 1
    outer loop
      vertex 145.227 35.3656 4
      vertex 145.227 24.6344 4
      vertex 145.293 24.7071 4
    endloop
  endfacet
  facet normal 0 0 1
    outer loop
      vertex 145.169 35.4444 4
      vertex 145.227 24.6344 4
      vertex 145.227 35.3656 4
    endloop
  endfacet
  facet normal 0 0 1
    outer loop
      vertex 145.169 35.4444 4
      vertex 145.169 24.5556 4
      vertex 145.227 24.6344 4
    endloop
  endfacet
  facet normal 0 0 1
    outer loop
      vertex 145.118 35.5286 4
      vertex 145.169 24.5556 4
      vertex 145.169 35.4444 4
    endloop
  endfacet
  facet normal 0 0 1
    outer loop
      vertex 145.118 35.5286 4
      vertex 145.118 24.4714 4
      vertex 145.169 24.5556 4
    endloop
  endfacet
  facet normal 0 0 1
    outer loop
      vertex 145.076 35.6173 4
      vertex 145.118 24.4714 4
      vertex 145.118 35.5286 4
    endloop
  endfacet
  facet normal 0 0 1
    outer loop
      vertex 145.076 35.6173 4
      vertex 145.076 24.3827 4
      vertex 145.118 24.4714 4
    endloop
  endfacet
  facet normal 0 0 1
    outer loop
      vertex 145.043 35.7097 4
      vertex 145.076 24.3827 4
      vertex 145.076 35.6173 4
    endloop
  endfacet
  facet normal 0 0 1
    outer loop
      vertex 145.043 35.7097 4
      vertex 145.043 24.2903 4
      vertex 145.076 24.3827 4
    endloop
  endfacet
  facet normal 0 0 1
    outer loop
      vertex 145.019 35.8049 4
      vertex 145.043 24.2903 4
      vertex 145.043 35.7097 4
    endloop
  endfacet
  facet normal 0 0 1
    outer loop
      vertex 145.019 35.8049 4
      vertex 145.019 24.1951 4
      vertex 145.043 24.2903 4
    endloop
  endfacet
  facet normal 0 0 1
    outer loop
      vertex 145.005 35.902 4
      vertex 145.019 24.1951 4
      vertex 145.019 35.8049 4
    endloop
  endfacet
  facet normal 0 0 1
    outer loop
      vertex 145.005 35.902 4
      vertex 145.005 24.098 4
      vertex 145.019 24.1951 4
    endloop
  endfacet
  facet normal 0 0 1
    outer loop
      vertex 145 36 4
      vertex 145.005 24.098 4
      vertex 145.005 35.902 4
    endloop
  endfacet
  facet normal 0 0 1
    outer loop
      vertex 145.005 24.098 4
      vertex 145 36 4
      vertex 145 24 4
    endloop
  endfacet
  facet normal 0 0 1
    outer loop
      vertex 152 44 4
      vertex 148.2 44 4
      vertex 152 36 4
    endloop
  endfacet
  facet normal 0 0 1
    outer loop
      vertex 148.2 36 4
      vertex 152 36 4
      vertex 148.2 44 4
    endloop
  endfacet
  facet normal -0 -0 1
    outer loop
      vertex 148.195 44.098 4
      vertex 152 44 4
      vertex 148.181 44.1951 4
    endloop
  endfacet
  facet normal 0 -0 1
    outer loop
      vertex 148.2 44 4
      vertex 152 44 4
      vertex 148.195 44.098 4
    endloop
  endfacet
  facet normal 0 0 1
    outer loop
      vertex 148.082 55.5286 4
      vertex 152 56 4
      vertex 148.124 55.6173 4
    endloop
  endfacet
  facet normal 0 0 1
    outer loop
      vertex 152 44 4
      vertex 148.157 44.2903 4
      vertex 148.181 44.1951 4
    endloop
  endfacet
  facet normal 0 0 1
    outer loop
      vertex 148.031 55.4444 4
      vertex 152 56 4
      vertex 148.082 55.5286 4
    endloop
  endfacet
  facet normal 0 0 1
    outer loop
      vertex 152 44 4
      vertex 148.124 44.3827 4
      vertex 148.157 44.2903 4
    endloop
  endfacet
  facet normal 0 0 1
    outer loop
      vertex 147.973 55.3656 4
      vertex 152 56 4
      vertex 148.031 55.4444 4
    endloop
  endfacet
  facet normal 0 0 1
    outer loop
      vertex 152 44 4
      vertex 148.082 44.4714 4
      vertex 148.124 44.3827 4
    endloop
  endfacet
  facet normal 0 0 1
    outer loop
      vertex 147.907 55.2929 4
      vertex 152 56 4
      vertex 147.973 55.3656 4
    endloop
  endfacet
  facet normal 0 0 1
    outer loop
      vertex 152 44 4
      vertex 148.031 44.5556 4
      vertex 148.082 44.4714 4
    endloop
  endfacet
  facet normal 0 0 1
    outer loop
      vertex 147.834 55.227 4
      vertex 152 56 4
      vertex 147.907 55.2929 4
    endloop
  endfacet
  facet normal 0 0 1
    outer loop
      vertex 152 44 4
      vertex 147.973 44.6344 4
      vertex 148.031 44.5556 4
    endloop
  endfacet
  facet normal 0 0 1
    outer loop
      vertex 147.756 55.1685 4
      vertex 152 56 4
      vertex 147.834 55.227 4
    endloop
  endfacet
  facet normal 0 0 1
    outer loop
      vertex 152 44 4
      vertex 147.907 44.7071 4
      vertex 147.973 44.6344 4
    endloop
  endfacet
  facet normal 0 0 1
    outer loop
      vertex 152 56 4
      vertex 147.756 55.1685 4
      vertex 152 44 4
    endloop
  endfacet
  facet normal 0 0 1
    outer loop
      vertex 152 44 4
      vertex 147.834 44.773 4
      vertex 147.907 44.7071 4
    endloop
  endfacet
  facet normal -0 0 1
    outer loop
      vertex 147.756 44.8315 4
      vertex 152 44 4
      vertex 147.756 55.1685 4
    endloop
  endfacet
  facet normal 0 0 1
    outer loop
      vertex 152 44 4
      vertex 147.756 44.8315 4
      vertex 147.834 44.773 4
    endloop
  endfacet
  facet normal -0 0 1
    outer loop
      vertex 147.671 55.1181 4
      vertex 147.756 44.8315 4
      vertex 147.756 55.1685 4
    endloop
  endfacet
  facet normal 0 0 1
    outer loop
      vertex 147.671 55.1181 4
      vertex 147.671 44.8819 4
      vertex 147.756 44.8315 4
    endloop
  endfacet
  facet normal -0 0 1
    outer loop
      vertex 147.583 55.0761 4
      vertex 147.671 44.8819 4
      vertex 147.671 55.1181 4
    endloop
  endfacet
  facet normal 0 0 1
    outer loop
      vertex 147.583 55.0761 4
      vertex 147.583 44.9239 4
      vertex 147.671 44.8819 4
    endloop
  endfacet
  facet normal -0 0 1
    outer loop
      vertex 147.49 55.043 4
      vertex 147.583 44.9239 4
      vertex 147.583 55.0761 4
    endloop
  endfacet
  facet normal 0 0 1
    outer loop
      vertex 147.49 55.043 4
      vertex 147.49 44.9569 4
      vertex 147.583 44.9239 4
    endloop
  endfacet
  facet normal -0 0 1
    outer loop
      vertex 147.395 55.0192 4
      vertex 147.49 44.9569 4
      vertex 147.49 55.043 4
    endloop
  endfacet
  facet normal 0 0 1
    outer loop
      vertex 147.395 55.0192 4
      vertex 147.395 44.9808 4
      vertex 147.49 44.9569 4
    endloop
  endfacet
  facet normal -0 0 1
    outer loop
      vertex 147.298 55.0048 4
      vertex 147.395 44.9808 4
      vertex 147.395 55.0192 4
    endloop
  endfacet
  facet normal 0 0 1
    outer loop
      vertex 147.298 55.0048 4
      vertex 147.298 44.9952 4
      vertex 147.395 44.9808 4
    endloop
  endfacet
  facet normal -0 0 1
    outer loop
      vertex 147.2 55 4
      vertex 147.298 44.9952 4
      vertex 147.298 55.0048 4
    endloop
  endfacet
  facet normal 0 0 1
    outer loop
      vertex 147.2 55 4
      vertex 147.2 45 4
      vertex 147.298 44.9952 4
    endloop
  endfacet
  facet normal -0 0 1
    outer loop
      vertex 146 55 4
      vertex 147.2 45 4
      vertex 147.2 55 4
    endloop
  endfacet
  facet normal 0 0 1
    outer loop
      vertex 146 55 4
      vertex 146 45 4
      vertex 147.2 45 4
    endloop
  endfacet
  facet normal 0 0 1
    outer loop
      vertex 145.902 55.0048 4
      vertex 146 45 4
      vertex 146 55 4
    endloop
  endfacet
  facet normal 0 0 1
    outer loop
      vertex 145.902 55.0048 4
      vertex 145.902 44.9952 4
      vertex 146 45 4
    endloop
  endfacet
  facet normal 0 0 1
    outer loop
      vertex 145.805 55.0192 4
      vertex 145.902 44.9952 4
      vertex 145.902 55.0048 4
    endloop
  endfacet
  facet normal 0 0 1
    outer loop
      vertex 145.805 55.0192 4
      vertex 145.805 44.9808 4
      vertex 145.902 44.9952 4
    endloop
  endfacet
  facet normal 0 0 1
    outer loop
      vertex 145.71 55.043 4
      vertex 145.805 44.9808 4
      vertex 145.805 55.0192 4
    endloop
  endfacet
  facet normal 0 0 1
    outer loop
      vertex 145.71 55.043 4
      vertex 145.71 44.9569 4
      vertex 145.805 44.9808 4
    endloop
  endfacet
  facet normal 0 0 1
    outer loop
      vertex 145.617 55.0761 4
      vertex 145.71 44.9569 4
      vertex 145.71 55.043 4
    endloop
  endfacet
  facet normal 0 0 1
    outer loop
      vertex 145.617 55.0761 4
      vertex 145.617 44.9239 4
      vertex 145.71 44.9569 4
    endloop
  endfacet
  facet normal 0 0 1
    outer loop
      vertex 145.529 55.1181 4
      vertex 145.617 44.9239 4
      vertex 145.617 55.0761 4
    endloop
  endfacet
  facet normal 0 0 1
    outer loop
      vertex 145.529 55.1181 4
      vertex 145.529 44.8819 4
      vertex 145.617 44.9239 4
    endloop
  endfacet
  facet normal 0 0 1
    outer loop
      vertex 145.444 55.1685 4
      vertex 145.529 44.8819 4
      vertex 145.529 55.1181 4
    endloop
  endfacet
  facet normal 0 0 1
    outer loop
      vertex 145.444 55.1685 4
      vertex 145.444 44.8315 4
      vertex 145.529 44.8819 4
    endloop
  endfacet
  facet normal 0 0 1
    outer loop
      vertex 145.366 55.227 4
      vertex 145.444 44.8315 4
      vertex 145.444 55.1685 4
    endloop
  endfacet
  facet normal 0 0 1
    outer loop
      vertex 145.366 55.227 4
      vertex 145.366 44.773 4
      vertex 145.444 44.8315 4
    endloop
  endfacet
  facet normal 0 0 1
    outer loop
      vertex 145.293 55.2929 4
      vertex 145.366 44.773 4
      vertex 145.366 55.227 4
    endloop
  endfacet
  facet normal 0 0 1
    outer loop
      vertex 145.293 55.2929 4
      vertex 145.293 44.7071 4
      vertex 145.366 44.773 4
    endloop
  endfacet
  facet normal 0 0 1
    outer loop
      vertex 145.227 55.3656 4
      vertex 145.293 44.7071 4
      vertex 145.293 55.2929 4
    endloop
  endfacet
  facet normal 0 0 1
    outer loop
      vertex 145.227 55.3656 4
      vertex 145.227 44.6344 4
      vertex 145.293 44.7071 4
    endloop
  endfacet
  facet normal 0 0 1
    outer loop
      vertex 145.169 55.4444 4
      vertex 145.227 44.6344 4
      vertex 145.227 55.3656 4
    endloop
  endfacet
  facet normal 0 0 1
    outer loop
      vertex 145.169 55.4444 4
      vertex 145.169 44.5556 4
      vertex 145.227 44.6344 4
    endloop
  endfacet
  facet normal 0 0 1
    outer loop
      vertex 145.118 55.5286 4
      vertex 145.169 44.5556 4
      vertex 145.169 55.4444 4
    endloop
  endfacet
  facet normal 0 0 1
    outer loop
      vertex 145.118 55.5286 4
      vertex 145.118 44.4714 4
      vertex 145.169 44.5556 4
    endloop
  endfacet
  facet normal 0 0 1
    outer loop
      vertex 145.076 55.6173 4
      vertex 145.118 44.4714 4
      vertex 145.118 55.5286 4
    endloop
  endfacet
  facet normal 0 0 1
    outer loop
      vertex 145.076 55.6173 4
      vertex 145.076 44.3827 4
      vertex 145.118 44.4714 4
    endloop
  endfacet
  facet normal 0 0 1
    outer loop
      vertex 145.043 55.7097 4
      vertex 145.076 44.3827 4
      vertex 145.076 55.6173 4
    endloop
  endfacet
  facet normal 0 0 1
    outer loop
      vertex 145.043 55.7097 4
      vertex 145.043 44.2903 4
      vertex 145.076 44.3827 4
    endloop
  endfacet
  facet normal 0 0 1
    outer loop
      vertex 145.019 55.8049 4
      vertex 145.043 44.2903 4
      vertex 145.043 55.7097 4
    endloop
  endfacet
  facet normal 0 0 1
    outer loop
      vertex 145.019 55.8049 4
      vertex 145.019 44.1951 4
      vertex 145.043 44.2903 4
    endloop
  endfacet
  facet normal 0 0 1
    outer loop
      vertex 145.005 55.902 4
      vertex 145.019 44.1951 4
      vertex 145.019 55.8049 4
    endloop
  endfacet
  facet normal 0 0 1
    outer loop
      vertex 145.005 55.902 4
      vertex 145.005 44.098 4
      vertex 145.019 44.1951 4
    endloop
  endfacet
  facet normal 0 0 1
    outer loop
      vertex 145 56 4
      vertex 145.005 44.098 4
      vertex 145.005 55.902 4
    endloop
  endfacet
  facet normal 0 0 1
    outer loop
      vertex 145.005 44.098 4
      vertex 145 56 4
      vertex 145 44 4
    endloop
  endfacet
  facet normal 0 0 1
    outer loop
      vertex 148.157 75.7097 4
      vertex 152 76 4
      vertex 148.181 75.8049 4
    endloop
  endfacet
  facet normal 0 0 1
    outer loop
      vertex 152 64 4
      vertex 148.2 64 4
      vertex 152 56 4
    endloop
  endfacet
  facet normal 0 0 1
    outer loop
      vertex 148.124 75.6173 4
      vertex 152 76 4
      vertex 148.157 75.7097 4
    endloop
  endfacet
  facet normal 0 -0 1
    outer loop
      vertex 148.2 64 4
      vertex 152 64 4
      vertex 148.195 64.098 4
    endloop
  endfacet
  facet normal 0 0 1
    outer loop
      vertex 148.082 75.5286 4
      vertex 152 76 4
      vertex 148.124 75.6173 4
    endloop
  endfacet
  facet normal 0 0 1
    outer loop
      vertex 152 64 4
      vertex 148.157 64.2903 4
      vertex 148.181 64.1951 4
    endloop
  endfacet
  facet normal 0 0 1
    outer loop
      vertex 148.031 75.4444 4
      vertex 152 76 4
      vertex 148.082 75.5286 4
    endloop
  endfacet
  facet normal 0 0 1
    outer loop
      vertex 152 64 4
      vertex 148.124 64.3827 4
      vertex 148.157 64.2903 4
    endloop
  endfacet
  facet normal 0 0 1
    outer loop
      vertex 147.973 75.3656 4
      vertex 152 76 4
      vertex 148.031 75.4444 4
    endloop
  endfacet
  facet normal 0 0 1
    outer loop
      vertex 152 64 4
      vertex 148.082 64.4714 4
      vertex 148.124 64.3827 4
    endloop
  endfacet
  facet normal 0 0 1
    outer loop
      vertex 147.907 75.2929 4
      vertex 152 76 4
      vertex 147.973 75.3656 4
    endloop
  endfacet
  facet normal 0 0 1
    outer loop
      vertex 152 64 4
      vertex 148.031 64.5556 4
      vertex 148.082 64.4714 4
    endloop
  endfacet
  facet normal 0 0 1
    outer loop
      vertex 147.834 75.227 4
      vertex 152 76 4
      vertex 147.907 75.2929 4
    endloop
  endfacet
  facet normal 0 0 1
    outer loop
      vertex 152 64 4
      vertex 147.973 64.6344 4
      vertex 148.031 64.5556 4
    endloop
  endfacet
  facet normal 0 0 1
    outer loop
      vertex 147.756 75.1685 4
      vertex 152 76 4
      vertex 147.834 75.227 4
    endloop
  endfacet
  facet normal 0 0 1
    outer loop
      vertex 152 64 4
      vertex 147.907 64.7071 4
      vertex 147.973 64.6344 4
    endloop
  endfacet
  facet normal 0 0 1
    outer loop
      vertex 152 76 4
      vertex 147.756 75.1685 4
      vertex 152 64 4
    endloop
  endfacet
  facet normal 0 0 1
    outer loop
      vertex 152 64 4
      vertex 147.834 64.773 4
      vertex 147.907 64.7071 4
    endloop
  endfacet
  facet normal -0 0 1
    outer loop
      vertex 147.756 64.8315 4
      vertex 152 64 4
      vertex 147.756 75.1685 4
    endloop
  endfacet
  facet normal 0 0 1
    outer loop
      vertex 152 64 4
      vertex 147.756 64.8315 4
      vertex 147.834 64.773 4
    endloop
  endfacet
  facet normal -0 0 1
    outer loop
      vertex 147.671 75.1181 4
      vertex 147.756 64.8315 4
      vertex 147.756 75.1685 4
    endloop
  endfacet
  facet normal 0 0 1
    outer loop
      vertex 147.671 75.1181 4
      vertex 147.671 64.8819 4
      vertex 147.756 64.8315 4
    endloop
  endfacet
  facet normal -0 0 1
    outer loop
      vertex 147.583 75.0761 4
      vertex 147.671 64.8819 4
      vertex 147.671 75.1181 4
    endloop
  endfacet
  facet normal 0 0 1
    outer loop
      vertex 147.583 75.0761 4
      vertex 147.583 64.9239 4
      vertex 147.671 64.8819 4
    endloop
  endfacet
  facet normal -0 0 1
    outer loop
      vertex 147.49 75.043 4
      vertex 147.583 64.9239 4
      vertex 147.583 75.0761 4
    endloop
  endfacet
  facet normal 0 0 1
    outer loop
      vertex 147.49 75.043 4
      vertex 147.49 64.9569 4
      vertex 147.583 64.9239 4
    endloop
  endfacet
  facet normal -0 0 1
    outer loop
      vertex 147.395 75.0192 4
      vertex 147.49 64.9569 4
      vertex 147.49 75.043 4
    endloop
  endfacet
  facet normal 0 0 1
    outer loop
      vertex 147.395 75.0192 4
      vertex 147.395 64.9808 4
      vertex 147.49 64.9569 4
    endloop
  endfacet
  facet normal -0 0 1
    outer loop
      vertex 147.298 75.0048 4
      vertex 147.395 64.9808 4
      vertex 147.395 75.0192 4
    endloop
  endfacet
  facet normal 0 0 1
    outer loop
      vertex 147.298 75.0048 4
      vertex 147.298 64.9952 4
      vertex 147.395 64.9808 4
    endloop
  endfacet
  facet normal -0 0 1
    outer loop
      vertex 147.2 75 4
      vertex 147.298 64.9952 4
      vertex 147.298 75.0048 4
    endloop
  endfacet
  facet normal 0 0 1
    outer loop
      vertex 147.2 75 4
      vertex 147.2 65 4
      vertex 147.298 64.9952 4
    endloop
  endfacet
  facet normal -0 0 1
    outer loop
      vertex 146 75 4
      vertex 147.2 65 4
      vertex 147.2 75 4
    endloop
  endfacet
  facet normal 0 0 1
    outer loop
      vertex 146 75 4
      vertex 146 65 4
      vertex 147.2 65 4
    endloop
  endfacet
  facet normal 0 0 1
    outer loop
      vertex 145.902 75.0048 4
      vertex 146 65 4
      vertex 146 75 4
    endloop
  endfacet
  facet normal 0 0 1
    outer loop
      vertex 145.902 75.0048 4
      vertex 145.902 64.9952 4
      vertex 146 65 4
    endloop
  endfacet
  facet normal 0 0 1
    outer loop
      vertex 145.805 75.0192 4
      vertex 145.902 64.9952 4
      vertex 145.902 75.0048 4
    endloop
  endfacet
  facet normal 0 0 1
    outer loop
      vertex 145.805 75.0192 4
      vertex 145.805 64.9808 4
      vertex 145.902 64.9952 4
    endloop
  endfacet
  facet normal 0 0 1
    outer loop
      vertex 145.71 75.043 4
      vertex 145.805 64.9808 4
      vertex 145.805 75.0192 4
    endloop
  endfacet
  facet normal 0 0 1
    outer loop
      vertex 145.71 75.043 4
      vertex 145.71 64.9569 4
      vertex 145.805 64.9808 4
    endloop
  endfacet
  facet normal 0 0 1
    outer loop
      vertex 145.617 75.0761 4
      vertex 145.71 64.9569 4
      vertex 145.71 75.043 4
    endloop
  endfacet
  facet normal 0 0 1
    outer loop
      vertex 145.617 75.0761 4
      vertex 145.617 64.9239 4
      vertex 145.71 64.9569 4
    endloop
  endfacet
  facet normal 0 0 1
    outer loop
      vertex 145.529 75.1181 4
      vertex 145.617 64.9239 4
      vertex 145.617 75.0761 4
    endloop
  endfacet
  facet normal 0 0 1
    outer loop
      vertex 145.529 75.1181 4
      vertex 145.529 64.8819 4
      vertex 145.617 64.9239 4
    endloop
  endfacet
  facet normal 0 0 1
    outer loop
      vertex 145.444 75.1685 4
      vertex 145.529 64.8819 4
      vertex 145.529 75.1181 4
    endloop
  endfacet
  facet normal 0 0 1
    outer loop
      vertex 145.444 75.1685 4
      vertex 145.444 64.8315 4
      vertex 145.529 64.8819 4
    endloop
  endfacet
  facet normal 0 0 1
    outer loop
      vertex 145.366 75.227 4
      vertex 145.444 64.8315 4
      vertex 145.444 75.1685 4
    endloop
  endfacet
  facet normal 0 0 1
    outer loop
      vertex 145.366 75.227 4
      vertex 145.366 64.773 4
      vertex 145.444 64.8315 4
    endloop
  endfacet
  facet normal 0 0 1
    outer loop
      vertex 145.293 75.2929 4
      vertex 145.366 64.773 4
      vertex 145.366 75.227 4
    endloop
  endfacet
  facet normal 0 0 1
    outer loop
      vertex 145.293 75.2929 4
      vertex 145.293 64.7071 4
      vertex 145.366 64.773 4
    endloop
  endfacet
  facet normal 0 0 1
    outer loop
      vertex 145.227 75.3656 4
      vertex 145.293 64.7071 4
      vertex 145.293 75.2929 4
    endloop
  endfacet
  facet normal 0 0 1
    outer loop
      vertex 145.227 75.3656 4
      vertex 145.227 64.6344 4
      vertex 145.293 64.7071 4
    endloop
  endfacet
  facet normal 0 0 1
    outer loop
      vertex 145.169 75.4444 4
      vertex 145.227 64.6344 4
      vertex 145.227 75.3656 4
    endloop
  endfacet
  facet normal 0 0 1
    outer loop
      vertex 145.169 75.4444 4
      vertex 145.169 64.5556 4
      vertex 145.227 64.6344 4
    endloop
  endfacet
  facet normal 0 0 1
    outer loop
      vertex 145.118 75.5286 4
      vertex 145.169 64.5556 4
      vertex 145.169 75.4444 4
    endloop
  endfacet
  facet normal 0 0 1
    outer loop
      vertex 145.118 75.5286 4
      vertex 145.118 64.4714 4
      vertex 145.169 64.5556 4
    endloop
  endfacet
  facet normal 0 0 1
    outer loop
      vertex 145.076 75.6173 4
      vertex 145.118 64.4714 4
      vertex 145.118 75.5286 4
    endloop
  endfacet
  facet normal 0 0 1
    outer loop
      vertex 145.076 75.6173 4
      vertex 145.076 64.3827 4
      vertex 145.118 64.4714 4
    endloop
  endfacet
  facet normal 0 0 1
    outer loop
      vertex 145.043 75.7097 4
      vertex 145.076 64.3827 4
      vertex 145.076 75.6173 4
    endloop
  endfacet
  facet normal 0 0 1
    outer loop
      vertex 145.043 75.7097 4
      vertex 145.043 64.2903 4
      vertex 145.076 64.3827 4
    endloop
  endfacet
  facet normal 0 0 1
    outer loop
      vertex 145.019 75.8049 4
      vertex 145.043 64.2903 4
      vertex 145.043 75.7097 4
    endloop
  endfacet
  facet normal 0 0 1
    outer loop
      vertex 145.019 75.8049 4
      vertex 145.019 64.1951 4
      vertex 145.043 64.2903 4
    endloop
  endfacet
  facet normal 0 0 1
    outer loop
      vertex 145.005 75.902 4
      vertex 145.019 64.1951 4
      vertex 145.019 75.8049 4
    endloop
  endfacet
  facet normal 0 0 1
    outer loop
      vertex 145.005 75.902 4
      vertex 145.005 64.098 4
      vertex 145.019 64.1951 4
    endloop
  endfacet
  facet normal 0 0 1
    outer loop
      vertex 145 76 4
      vertex 145.005 64.098 4
      vertex 145.005 75.902 4
    endloop
  endfacet
  facet normal 0 0 1
    outer loop
      vertex 145.005 64.098 4
      vertex 145 76 4
      vertex 145 64 4
    endloop
  endfacet
  facet normal -0 0 1
    outer loop
      vertex 155.195 35.902 4
      vertex 155.2 24 4
      vertex 155.2 36 4
    endloop
  endfacet
  facet normal 0 0 1
    outer loop
      vertex 155.195 35.902 4
      vertex 155.195 24.098 4
      vertex 155.2 24 4
    endloop
  endfacet
  facet normal -0 0 1
    outer loop
      vertex 155.181 35.8049 4
      vertex 155.195 24.098 4
      vertex 155.195 35.902 4
    endloop
  endfacet
  facet normal 0 0 1
    outer loop
      vertex 155.181 35.8049 4
      vertex 155.181 24.1951 4
      vertex 155.195 24.098 4
    endloop
  endfacet
  facet normal -0 0 1
    outer loop
      vertex 155.157 35.7097 4
      vertex 155.181 24.1951 4
      vertex 155.181 35.8049 4
    endloop
  endfacet
  facet normal 0 0 1
    outer loop
      vertex 155.157 35.7097 4
      vertex 155.157 24.2903 4
      vertex 155.181 24.1951 4
    endloop
  endfacet
  facet normal -0 0 1
    outer loop
      vertex 155.124 35.6173 4
      vertex 155.157 24.2903 4
      vertex 155.157 35.7097 4
    endloop
  endfacet
  facet normal 0 0 1
    outer loop
      vertex 155.124 35.6173 4
      vertex 155.124 24.3827 4
      vertex 155.157 24.2903 4
    endloop
  endfacet
  facet normal -0 0 1
    outer loop
      vertex 155.082 35.5286 4
      vertex 155.124 24.3827 4
      vertex 155.124 35.6173 4
    endloop
  endfacet
  facet normal 0 0 1
    outer loop
      vertex 155.082 35.5286 4
      vertex 155.082 24.4714 4
      vertex 155.124 24.3827 4
    endloop
  endfacet
  facet normal -0 0 1
    outer loop
      vertex 155.031 35.4444 4
      vertex 155.082 24.4714 4
      vertex 155.082 35.5286 4
    endloop
  endfacet
  facet normal 0 0 1
    outer loop
      vertex 155.031 35.4444 4
      vertex 155.031 24.5556 4
      vertex 155.082 24.4714 4
    endloop
  endfacet
  facet normal -0 0 1
    outer loop
      vertex 154.973 35.3656 4
      vertex 155.031 24.5556 4
      vertex 155.031 35.4444 4
    endloop
  endfacet
  facet normal 0 0 1
    outer loop
      vertex 154.973 35.3656 4
      vertex 154.973 24.6344 4
      vertex 155.031 24.5556 4
    endloop
  endfacet
  facet normal -0 0 1
    outer loop
      vertex 154.907 35.2929 4
      vertex 154.973 24.6344 4
      vertex 154.973 35.3656 4
    endloop
  endfacet
  facet normal 0 0 1
    outer loop
      vertex 154.907 35.2929 4
      vertex 154.907 24.7071 4
      vertex 154.973 24.6344 4
    endloop
  endfacet
  facet normal -0 0 1
    outer loop
      vertex 154.834 35.227 4
      vertex 154.907 24.7071 4
      vertex 154.907 35.2929 4
    endloop
  endfacet
  facet normal 0 0 1
    outer loop
      vertex 154.834 35.227 4
      vertex 154.834 24.773 4
      vertex 154.907 24.7071 4
    endloop
  endfacet
  facet normal -0 0 1
    outer loop
      vertex 154.756 35.1685 4
      vertex 154.834 24.773 4
      vertex 154.834 35.227 4
    endloop
  endfacet
  facet normal 0 0 1
    outer loop
      vertex 154.756 35.1685 4
      vertex 154.756 24.8315 4
      vertex 154.834 24.773 4
    endloop
  endfacet
  facet normal -0 0 1
    outer loop
      vertex 154.671 35.1181 4
      vertex 154.756 24.8315 4
      vertex 154.756 35.1685 4
    endloop
  endfacet
  facet normal 0 0 1
    outer loop
      vertex 154.671 35.1181 4
      vertex 154.671 24.8819 4
      vertex 154.756 24.8315 4
    endloop
  endfacet
  facet normal -0 0 1
    outer loop
      vertex 154.583 35.0761 4
      vertex 154.671 24.8819 4
      vertex 154.671 35.1181 4
    endloop
  endfacet
  facet normal 0 0 1
    outer loop
      vertex 154.583 35.0761 4
      vertex 154.583 24.9239 4
      vertex 154.671 24.8819 4
    endloop
  endfacet
  facet normal -0 0 1
    outer loop
      vertex 154.49 35.043 4
      vertex 154.583 24.9239 4
      vertex 154.583 35.0761 4
    endloop
  endfacet
  facet normal 0 0 1
    outer loop
      vertex 154.49 35.043 4
      vertex 154.49 24.9569 4
      vertex 154.583 24.9239 4
    endloop
  endfacet
  facet normal -0 0 1
    outer loop
      vertex 154.395 35.0192 4
      vertex 154.49 24.9569 4
      vertex 154.49 35.043 4
    endloop
  endfacet
  facet normal 0 0 1
    outer loop
      vertex 154.395 35.0192 4
      vertex 154.395 24.9808 4
      vertex 154.49 24.9569 4
    endloop
  endfacet
  facet normal -0 0 1
    outer loop
      vertex 154.298 35.0048 4
      vertex 154.395 24.9808 4
      vertex 154.395 35.0192 4
    endloop
  endfacet
  facet normal 0 0 1
    outer loop
      vertex 154.298 35.0048 4
      vertex 154.298 24.9952 4
      vertex 154.395 24.9808 4
    endloop
  endfacet
  facet normal -0 0 1
    outer loop
      vertex 154.2 35 4
      vertex 154.298 24.9952 4
      vertex 154.298 35.0048 4
    endloop
  endfacet
  facet normal 0 0 1
    outer loop
      vertex 154.2 35 4
      vertex 154.2 25 4
      vertex 154.298 24.9952 4
    endloop
  endfacet
  facet normal -0 0 1
    outer loop
      vertex 153 35 4
      vertex 154.2 25 4
      vertex 154.2 35 4
    endloop
  endfacet
  facet normal 0 0 1
    outer loop
      vertex 153 35 4
      vertex 153 25 4
      vertex 154.2 25 4
    endloop
  endfacet
  facet normal 0 0 1
    outer loop
      vertex 152.902 35.0048 4
      vertex 153 25 4
      vertex 153 35 4
    endloop
  endfacet
  facet normal 0 0 1
    outer loop
      vertex 152.902 35.0048 4
      vertex 152.902 24.9952 4
      vertex 153 25 4
    endloop
  endfacet
  facet normal 0 0 1
    outer loop
      vertex 152.805 35.0192 4
      vertex 152.902 24.9952 4
      vertex 152.902 35.0048 4
    endloop
  endfacet
  facet normal 0 0 1
    outer loop
      vertex 152.805 35.0192 4
      vertex 152.805 24.9808 4
      vertex 152.902 24.9952 4
    endloop
  endfacet
  facet normal 0 0 1
    outer loop
      vertex 152.71 35.043 4
      vertex 152.805 24.9808 4
      vertex 152.805 35.0192 4
    endloop
  endfacet
  facet normal 0 0 1
    outer loop
      vertex 152.71 35.043 4
      vertex 152.71 24.9569 4
      vertex 152.805 24.9808 4
    endloop
  endfacet
  facet normal 0 0 1
    outer loop
      vertex 152.617 35.0761 4
      vertex 152.71 24.9569 4
      vertex 152.71 35.043 4
    endloop
  endfacet
  facet normal 0 0 1
    outer loop
      vertex 152.617 35.0761 4
      vertex 152.617 24.9239 4
      vertex 152.71 24.9569 4
    endloop
  endfacet
  facet normal 0 0 1
    outer loop
      vertex 152.529 35.1181 4
      vertex 152.617 24.9239 4
      vertex 152.617 35.0761 4
    endloop
  endfacet
  facet normal 0 0 1
    outer loop
      vertex 152.529 35.1181 4
      vertex 152.529 24.8819 4
      vertex 152.617 24.9239 4
    endloop
  endfacet
  facet normal 0 0 1
    outer loop
      vertex 152.444 35.1685 4
      vertex 152.529 24.8819 4
      vertex 152.529 35.1181 4
    endloop
  endfacet
  facet normal 0 0 1
    outer loop
      vertex 152.444 35.1685 4
      vertex 152.444 24.8315 4
      vertex 152.529 24.8819 4
    endloop
  endfacet
  facet normal 0 0 1
    outer loop
      vertex 152.366 35.227 4
      vertex 152.444 24.8315 4
      vertex 152.444 35.1685 4
    endloop
  endfacet
  facet normal 0 0 1
    outer loop
      vertex 152.366 35.227 4
      vertex 152.366 24.773 4
      vertex 152.444 24.8315 4
    endloop
  endfacet
  facet normal 0 0 1
    outer loop
      vertex 152.293 35.2929 4
      vertex 152.366 24.773 4
      vertex 152.366 35.227 4
    endloop
  endfacet
  facet normal 0 0 1
    outer loop
      vertex 152.293 35.2929 4
      vertex 152.293 24.7071 4
      vertex 152.366 24.773 4
    endloop
  endfacet
  facet normal 0 0 1
    outer loop
      vertex 152.227 35.3656 4
      vertex 152.293 24.7071 4
      vertex 152.293 35.2929 4
    endloop
  endfacet
  facet normal 0 0 1
    outer loop
      vertex 152.227 35.3656 4
      vertex 152.227 24.6344 4
      vertex 152.293 24.7071 4
    endloop
  endfacet
  facet normal 0 0 1
    outer loop
      vertex 152.169 35.4444 4
      vertex 152.227 24.6344 4
      vertex 152.227 35.3656 4
    endloop
  endfacet
  facet normal 0 0 1
    outer loop
      vertex 152.169 35.4444 4
      vertex 152.169 24.5556 4
      vertex 152.227 24.6344 4
    endloop
  endfacet
  facet normal 0 0 1
    outer loop
      vertex 152.118 35.5286 4
      vertex 152.169 24.5556 4
      vertex 152.169 35.4444 4
    endloop
  endfacet
  facet normal 0 0 1
    outer loop
      vertex 152.118 35.5286 4
      vertex 152.118 24.4714 4
      vertex 152.169 24.5556 4
    endloop
  endfacet
  facet normal 0 0 1
    outer loop
      vertex 152.076 35.6173 4
      vertex 152.118 24.4714 4
      vertex 152.118 35.5286 4
    endloop
  endfacet
  facet normal 0 0 1
    outer loop
      vertex 152.076 35.6173 4
      vertex 152.076 24.3827 4
      vertex 152.118 24.4714 4
    endloop
  endfacet
  facet normal 0 0 1
    outer loop
      vertex 152.043 35.7097 4
      vertex 152.076 24.3827 4
      vertex 152.076 35.6173 4
    endloop
  endfacet
  facet normal 0 0 1
    outer loop
      vertex 152.043 35.7097 4
      vertex 152.043 24.2903 4
      vertex 152.076 24.3827 4
    endloop
  endfacet
  facet normal 0 0 1
    outer loop
      vertex 152.019 35.8049 4
      vertex 152.043 24.2903 4
      vertex 152.043 35.7097 4
    endloop
  endfacet
  facet normal 0 0 1
    outer loop
      vertex 152.019 35.8049 4
      vertex 152.019 24.1951 4
      vertex 152.043 24.2903 4
    endloop
  endfacet
  facet normal 0 0 1
    outer loop
      vertex 152.005 35.902 4
      vertex 152.019 24.1951 4
      vertex 152.019 35.8049 4
    endloop
  endfacet
  facet normal 0 0 1
    outer loop
      vertex 152.005 35.902 4
      vertex 152.005 24.098 4
      vertex 152.019 24.1951 4
    endloop
  endfacet
  facet normal 0 0 1
    outer loop
      vertex 152 36 4
      vertex 152.005 24.098 4
      vertex 152.005 35.902 4
    endloop
  endfacet
  facet normal 0 0 1
    outer loop
      vertex 152.005 24.098 4
      vertex 152 36 4
      vertex 152 24 4
    endloop
  endfacet
  facet normal -0 0 1
    outer loop
      vertex 155.195 55.902 4
      vertex 155.2 44 4
      vertex 155.2 56 4
    endloop
  endfacet
  facet normal 0 0 1
    outer loop
      vertex 155.195 55.902 4
      vertex 155.195 44.098 4
      vertex 155.2 44 4
    endloop
  endfacet
  facet normal -0 0 1
    outer loop
      vertex 155.181 55.8049 4
      vertex 155.195 44.098 4
      vertex 155.195 55.902 4
    endloop
  endfacet
  facet normal 0 0 1
    outer loop
      vertex 155.181 55.8049 4
      vertex 155.181 44.1951 4
      vertex 155.195 44.098 4
    endloop
  endfacet
  facet normal -0 0 1
    outer loop
      vertex 155.157 55.7097 4
      vertex 155.181 44.1951 4
      vertex 155.181 55.8049 4
    endloop
  endfacet
  facet normal 0 0 1
    outer loop
      vertex 155.157 55.7097 4
      vertex 155.157 44.2903 4
      vertex 155.181 44.1951 4
    endloop
  endfacet
  facet normal -0 0 1
    outer loop
      vertex 155.124 55.6173 4
      vertex 155.157 44.2903 4
      vertex 155.157 55.7097 4
    endloop
  endfacet
  facet normal 0 0 1
    outer loop
      vertex 155.124 55.6173 4
      vertex 155.124 44.3827 4
      vertex 155.157 44.2903 4
    endloop
  endfacet
  facet normal -0 0 1
    outer loop
      vertex 155.082 55.5286 4
      vertex 155.124 44.3827 4
      vertex 155.124 55.6173 4
    endloop
  endfacet
  facet normal 0 0 1
    outer loop
      vertex 155.082 55.5286 4
      vertex 155.082 44.4714 4
      vertex 155.124 44.3827 4
    endloop
  endfacet
  facet normal -0 0 1
    outer loop
      vertex 155.031 55.4444 4
      vertex 155.082 44.4714 4
      vertex 155.082 55.5286 4
    endloop
  endfacet
  facet normal 0 0 1
    outer loop
      vertex 155.031 55.4444 4
      vertex 155.031 44.5556 4
      vertex 155.082 44.4714 4
    endloop
  endfacet
  facet normal -0 0 1
    outer loop
      vertex 154.973 55.3656 4
      vertex 155.031 44.5556 4
      vertex 155.031 55.4444 4
    endloop
  endfacet
  facet normal 0 0 1
    outer loop
      vertex 154.973 55.3656 4
      vertex 154.973 44.6344 4
      vertex 155.031 44.5556 4
    endloop
  endfacet
  facet normal -0 0 1
    outer loop
      vertex 154.907 55.2929 4
      vertex 154.973 44.6344 4
      vertex 154.973 55.3656 4
    endloop
  endfacet
  facet normal 0 0 1
    outer loop
      vertex 154.907 55.2929 4
      vertex 154.907 44.7071 4
      vertex 154.973 44.6344 4
    endloop
  endfacet
  facet normal -0 0 1
    outer loop
      vertex 154.834 55.227 4
      vertex 154.907 44.7071 4
      vertex 154.907 55.2929 4
    endloop
  endfacet
  facet normal 0 0 1
    outer loop
      vertex 154.834 55.227 4
      vertex 154.834 44.773 4
      vertex 154.907 44.7071 4
    endloop
  endfacet
  facet normal -0 0 1
    outer loop
      vertex 154.756 55.1685 4
      vertex 154.834 44.773 4
      vertex 154.834 55.227 4
    endloop
  endfacet
  facet normal 0 0 1
    outer loop
      vertex 154.756 55.1685 4
      vertex 154.756 44.8315 4
      vertex 154.834 44.773 4
    endloop
  endfacet
  facet normal -0 0 1
    outer loop
      vertex 154.671 55.1181 4
      vertex 154.756 44.8315 4
      vertex 154.756 55.1685 4
    endloop
  endfacet
  facet normal 0 0 1
    outer loop
      vertex 154.671 55.1181 4
      vertex 154.671 44.8819 4
      vertex 154.756 44.8315 4
    endloop
  endfacet
  facet normal -0 0 1
    outer loop
      vertex 154.583 55.0761 4
      vertex 154.671 44.8819 4
      vertex 154.671 55.1181 4
    endloop
  endfacet
  facet normal 0 0 1
    outer loop
      vertex 154.583 55.0761 4
      vertex 154.583 44.9239 4
      vertex 154.671 44.8819 4
    endloop
  endfacet
  facet normal -0 0 1
    outer loop
      vertex 154.49 55.043 4
      vertex 154.583 44.9239 4
      vertex 154.583 55.0761 4
    endloop
  endfacet
  facet normal 0 0 1
    outer loop
      vertex 154.49 55.043 4
      vertex 154.49 44.9569 4
      vertex 154.583 44.9239 4
    endloop
  endfacet
  facet normal -0 0 1
    outer loop
      vertex 154.395 55.0192 4
      vertex 154.49 44.9569 4
      vertex 154.49 55.043 4
    endloop
  endfacet
  facet normal 0 0 1
    outer loop
      vertex 154.395 55.0192 4
      vertex 154.395 44.9808 4
      vertex 154.49 44.9569 4
    endloop
  endfacet
  facet normal -0 0 1
    outer loop
      vertex 154.298 55.0048 4
      vertex 154.395 44.9808 4
      vertex 154.395 55.0192 4
    endloop
  endfacet
  facet normal 0 0 1
    outer loop
      vertex 154.298 55.0048 4
      vertex 154.298 44.9952 4
      vertex 154.395 44.9808 4
    endloop
  endfacet
  facet normal -0 0 1
    outer loop
      vertex 154.2 55 4
      vertex 154.298 44.9952 4
      vertex 154.298 55.0048 4
    endloop
  endfacet
  facet normal 0 0 1
    outer loop
      vertex 154.2 55 4
      vertex 154.2 45 4
      vertex 154.298 44.9952 4
    endloop
  endfacet
  facet normal -0 0 1
    outer loop
      vertex 153 55 4
      vertex 154.2 45 4
      vertex 154.2 55 4
    endloop
  endfacet
  facet normal 0 0 1
    outer loop
      vertex 153 55 4
      vertex 153 45 4
      vertex 154.2 45 4
    endloop
  endfacet
  facet normal 0 0 1
    outer loop
      vertex 152.902 55.0048 4
      vertex 153 45 4
      vertex 153 55 4
    endloop
  endfacet
  facet normal 0 0 1
    outer loop
      vertex 152.902 55.0048 4
      vertex 152.902 44.9952 4
      vertex 153 45 4
    endloop
  endfacet
  facet normal 0 0 1
    outer loop
      vertex 152.805 55.0192 4
      vertex 152.902 44.9952 4
      vertex 152.902 55.0048 4
    endloop
  endfacet
  facet normal 0 0 1
    outer loop
      vertex 152.805 55.0192 4
      vertex 152.805 44.9808 4
      vertex 152.902 44.9952 4
    endloop
  endfacet
  facet normal 0 0 1
    outer loop
      vertex 152.71 55.043 4
      vertex 152.805 44.9808 4
      vertex 152.805 55.0192 4
    endloop
  endfacet
  facet normal 0 0 1
    outer loop
      vertex 152.71 55.043 4
      vertex 152.71 44.9569 4
      vertex 152.805 44.9808 4
    endloop
  endfacet
  facet normal 0 0 1
    outer loop
      vertex 152.617 55.0761 4
      vertex 152.71 44.9569 4
      vertex 152.71 55.043 4
    endloop
  endfacet
  facet normal 0 0 1
    outer loop
      vertex 152.617 55.0761 4
      vertex 152.617 44.9239 4
      vertex 152.71 44.9569 4
    endloop
  endfacet
  facet normal 0 0 1
    outer loop
      vertex 152.529 55.1181 4
      vertex 152.617 44.9239 4
      vertex 152.617 55.0761 4
    endloop
  endfacet
  facet normal 0 0 1
    outer loop
      vertex 152.529 55.1181 4
      vertex 152.529 44.8819 4
      vertex 152.617 44.9239 4
    endloop
  endfacet
  facet normal 0 0 1
    outer loop
      vertex 152.444 55.1685 4
      vertex 152.529 44.8819 4
      vertex 152.529 55.1181 4
    endloop
  endfacet
  facet normal 0 0 1
    outer loop
      vertex 152.444 55.1685 4
      vertex 152.444 44.8315 4
      vertex 152.529 44.8819 4
    endloop
  endfacet
  facet normal 0 0 1
    outer loop
      vertex 152.366 55.227 4
      vertex 152.444 44.8315 4
      vertex 152.444 55.1685 4
    endloop
  endfacet
  facet normal 0 0 1
    outer loop
      vertex 152.366 55.227 4
      vertex 152.366 44.773 4
      vertex 152.444 44.8315 4
    endloop
  endfacet
  facet normal 0 0 1
    outer loop
      vertex 152.293 55.2929 4
      vertex 152.366 44.773 4
      vertex 152.366 55.227 4
    endloop
  endfacet
  facet normal 0 0 1
    outer loop
      vertex 152.293 55.2929 4
      vertex 152.293 44.7071 4
      vertex 152.366 44.773 4
    endloop
  endfacet
  facet normal 0 0 1
    outer loop
      vertex 152.227 55.3656 4
      vertex 152.293 44.7071 4
      vertex 152.293 55.2929 4
    endloop
  endfacet
  facet normal 0 0 1
    outer loop
      vertex 152.227 55.3656 4
      vertex 152.227 44.6344 4
      vertex 152.293 44.7071 4
    endloop
  endfacet
  facet normal 0 0 1
    outer loop
      vertex 152.169 55.4444 4
      vertex 152.227 44.6344 4
      vertex 152.227 55.3656 4
    endloop
  endfacet
  facet normal 0 0 1
    outer loop
      vertex 152.169 55.4444 4
      vertex 152.169 44.5556 4
      vertex 152.227 44.6344 4
    endloop
  endfacet
  facet normal 0 0 1
    outer loop
      vertex 152.118 55.5286 4
      vertex 152.169 44.5556 4
      vertex 152.169 55.4444 4
    endloop
  endfacet
  facet normal 0 0 1
    outer loop
      vertex 152.118 55.5286 4
      vertex 152.118 44.4714 4
      vertex 152.169 44.5556 4
    endloop
  endfacet
  facet normal 0 0 1
    outer loop
      vertex 152.076 55.6173 4
      vertex 152.118 44.4714 4
      vertex 152.118 55.5286 4
    endloop
  endfacet
  facet normal 0 0 1
    outer loop
      vertex 152.076 55.6173 4
      vertex 152.076 44.3827 4
      vertex 152.118 44.4714 4
    endloop
  endfacet
  facet normal 0 0 1
    outer loop
      vertex 152.043 55.7097 4
      vertex 152.076 44.3827 4
      vertex 152.076 55.6173 4
    endloop
  endfacet
  facet normal 0 0 1
    outer loop
      vertex 152.043 55.7097 4
      vertex 152.043 44.2903 4
      vertex 152.076 44.3827 4
    endloop
  endfacet
  facet normal 0 0 1
    outer loop
      vertex 152.019 55.8049 4
      vertex 152.043 44.2903 4
      vertex 152.043 55.7097 4
    endloop
  endfacet
  facet normal 0 0 1
    outer loop
      vertex 152.019 55.8049 4
      vertex 152.019 44.1951 4
      vertex 152.043 44.2903 4
    endloop
  endfacet
  facet normal 0 0 1
    outer loop
      vertex 152.005 55.902 4
      vertex 152.019 44.1951 4
      vertex 152.019 55.8049 4
    endloop
  endfacet
  facet normal 0 0 1
    outer loop
      vertex 152.005 55.902 4
      vertex 152.005 44.098 4
      vertex 152.019 44.1951 4
    endloop
  endfacet
  facet normal 0 0 1
    outer loop
      vertex 152 56 4
      vertex 152.005 44.098 4
      vertex 152.005 55.902 4
    endloop
  endfacet
  facet normal 0 0 1
    outer loop
      vertex 152.005 44.098 4
      vertex 152 56 4
      vertex 152 44 4
    endloop
  endfacet
  facet normal -0 0 1
    outer loop
      vertex 155.195 75.902 4
      vertex 155.2 64 4
      vertex 155.2 76 4
    endloop
  endfacet
  facet normal 0 0 1
    outer loop
      vertex 155.195 75.902 4
      vertex 155.195 64.098 4
      vertex 155.2 64 4
    endloop
  endfacet
  facet normal -0 0 1
    outer loop
      vertex 155.181 75.8049 4
      vertex 155.195 64.098 4
      vertex 155.195 75.902 4
    endloop
  endfacet
  facet normal 0 0 1
    outer loop
      vertex 155.181 75.8049 4
      vertex 155.181 64.1951 4
      vertex 155.195 64.098 4
    endloop
  endfacet
  facet normal -0 0 1
    outer loop
      vertex 155.157 75.7097 4
      vertex 155.181 64.1951 4
      vertex 155.181 75.8049 4
    endloop
  endfacet
  facet normal 0 0 1
    outer loop
      vertex 155.157 75.7097 4
      vertex 155.157 64.2903 4
      vertex 155.181 64.1951 4
    endloop
  endfacet
  facet normal -0 0 1
    outer loop
      vertex 155.124 75.6173 4
      vertex 155.157 64.2903 4
      vertex 155.157 75.7097 4
    endloop
  endfacet
  facet normal 0 0 1
    outer loop
      vertex 155.124 75.6173 4
      vertex 155.124 64.3827 4
      vertex 155.157 64.2903 4
    endloop
  endfacet
  facet normal -0 0 1
    outer loop
      vertex 155.082 75.5286 4
      vertex 155.124 64.3827 4
      vertex 155.124 75.6173 4
    endloop
  endfacet
  facet normal 0 0 1
    outer loop
      vertex 155.082 75.5286 4
      vertex 155.082 64.4714 4
      vertex 155.124 64.3827 4
    endloop
  endfacet
  facet normal -0 0 1
    outer loop
      vertex 155.031 75.4444 4
      vertex 155.082 64.4714 4
      vertex 155.082 75.5286 4
    endloop
  endfacet
  facet normal 0 0 1
    outer loop
      vertex 155.031 75.4444 4
      vertex 155.031 64.5556 4
      vertex 155.082 64.4714 4
    endloop
  endfacet
  facet normal -0 0 1
    outer loop
      vertex 154.973 75.3656 4
      vertex 155.031 64.5556 4
      vertex 155.031 75.4444 4
    endloop
  endfacet
  facet normal 0 0 1
    outer loop
      vertex 154.973 75.3656 4
      vertex 154.973 64.6344 4
      vertex 155.031 64.5556 4
    endloop
  endfacet
  facet normal -0 0 1
    outer loop
      vertex 154.907 75.2929 4
      vertex 154.973 64.6344 4
      vertex 154.973 75.3656 4
    endloop
  endfacet
  facet normal 0 0 1
    outer loop
      vertex 154.907 75.2929 4
      vertex 154.907 64.7071 4
      vertex 154.973 64.6344 4
    endloop
  endfacet
  facet normal -0 0 1
    outer loop
      vertex 154.834 75.227 4
      vertex 154.907 64.7071 4
      vertex 154.907 75.2929 4
    endloop
  endfacet
  facet normal 0 0 1
    outer loop
      vertex 154.834 75.227 4
      vertex 154.834 64.773 4
      vertex 154.907 64.7071 4
    endloop
  endfacet
  facet normal -0 0 1
    outer loop
      vertex 154.756 75.1685 4
      vertex 154.834 64.773 4
      vertex 154.834 75.227 4
    endloop
  endfacet
  facet normal 0 0 1
    outer loop
      vertex 154.756 75.1685 4
      vertex 154.756 64.8315 4
      vertex 154.834 64.773 4
    endloop
  endfacet
  facet normal -0 0 1
    outer loop
      vertex 154.671 75.1181 4
      vertex 154.756 64.8315 4
      vertex 154.756 75.1685 4
    endloop
  endfacet
  facet normal 0 0 1
    outer loop
      vertex 154.671 75.1181 4
      vertex 154.671 64.8819 4
      vertex 154.756 64.8315 4
    endloop
  endfacet
  facet normal -0 0 1
    outer loop
      vertex 154.583 75.0761 4
      vertex 154.671 64.8819 4
      vertex 154.671 75.1181 4
    endloop
  endfacet
  facet normal 0 0 1
    outer loop
      vertex 154.583 75.0761 4
      vertex 154.583 64.9239 4
      vertex 154.671 64.8819 4
    endloop
  endfacet
  facet normal -0 0 1
    outer loop
      vertex 154.49 75.043 4
      vertex 154.583 64.9239 4
      vertex 154.583 75.0761 4
    endloop
  endfacet
  facet normal 0 0 1
    outer loop
      vertex 154.49 75.043 4
      vertex 154.49 64.9569 4
      vertex 154.583 64.9239 4
    endloop
  endfacet
  facet normal -0 0 1
    outer loop
      vertex 154.395 75.0192 4
      vertex 154.49 64.9569 4
      vertex 154.49 75.043 4
    endloop
  endfacet
  facet normal 0 0 1
    outer loop
      vertex 154.395 75.0192 4
      vertex 154.395 64.9808 4
      vertex 154.49 64.9569 4
    endloop
  endfacet
  facet normal -0 0 1
    outer loop
      vertex 154.298 75.0048 4
      vertex 154.395 64.9808 4
      vertex 154.395 75.0192 4
    endloop
  endfacet
  facet normal 0 0 1
    outer loop
      vertex 154.298 75.0048 4
      vertex 154.298 64.9952 4
      vertex 154.395 64.9808 4
    endloop
  endfacet
  facet normal -0 0 1
    outer loop
      vertex 154.2 75 4
      vertex 154.298 64.9952 4
      vertex 154.298 75.0048 4
    endloop
  endfacet
  facet normal 0 0 1
    outer loop
      vertex 154.2 75 4
      vertex 154.2 65 4
      vertex 154.298 64.9952 4
    endloop
  endfacet
  facet normal -0 0 1
    outer loop
      vertex 153 75 4
      vertex 154.2 65 4
      vertex 154.2 75 4
    endloop
  endfacet
  facet normal 0 0 1
    outer loop
      vertex 153 75 4
      vertex 153 65 4
      vertex 154.2 65 4
    endloop
  endfacet
  facet normal 0 0 1
    outer loop
      vertex 152.902 75.0048 4
      vertex 153 65 4
      vertex 153 75 4
    endloop
  endfacet
  facet normal 0 0 1
    outer loop
      vertex 152.902 75.0048 4
      vertex 152.902 64.9952 4
      vertex 153 65 4
    endloop
  endfacet
  facet normal 0 0 1
    outer loop
      vertex 152.805 75.0192 4
      vertex 152.902 64.9952 4
      vertex 152.902 75.0048 4
    endloop
  endfacet
  facet normal 0 0 1
    outer loop
      vertex 152.805 75.0192 4
      vertex 152.805 64.9808 4
      vertex 152.902 64.9952 4
    endloop
  endfacet
  facet normal 0 0 1
    outer loop
      vertex 152.71 75.043 4
      vertex 152.805 64.9808 4
      vertex 152.805 75.0192 4
    endloop
  endfacet
  facet normal 0 0 1
    outer loop
      vertex 152.71 75.043 4
      vertex 152.71 64.9569 4
      vertex 152.805 64.9808 4
    endloop
  endfacet
  facet normal 0 0 1
    outer loop
      vertex 152.617 75.0761 4
      vertex 152.71 64.9569 4
      vertex 152.71 75.043 4
    endloop
  endfacet
  facet normal 0 0 1
    outer loop
      vertex 152.617 75.0761 4
      vertex 152.617 64.9239 4
      vertex 152.71 64.9569 4
    endloop
  endfacet
  facet normal 0 0 1
    outer loop
      vertex 152.529 75.1181 4
      vertex 152.617 64.9239 4
      vertex 152.617 75.0761 4
    endloop
  endfacet
  facet normal 0 0 1
    outer loop
      vertex 152.529 75.1181 4
      vertex 152.529 64.8819 4
      vertex 152.617 64.9239 4
    endloop
  endfacet
  facet normal 0 0 1
    outer loop
      vertex 152.444 75.1685 4
      vertex 152.529 64.8819 4
      vertex 152.529 75.1181 4
    endloop
  endfacet
  facet normal 0 0 1
    outer loop
      vertex 152.444 75.1685 4
      vertex 152.444 64.8315 4
      vertex 152.529 64.8819 4
    endloop
  endfacet
  facet normal 0 0 1
    outer loop
      vertex 152.366 75.227 4
      vertex 152.444 64.8315 4
      vertex 152.444 75.1685 4
    endloop
  endfacet
  facet normal 0 0 1
    outer loop
      vertex 152.366 75.227 4
      vertex 152.366 64.773 4
      vertex 152.444 64.8315 4
    endloop
  endfacet
  facet normal 0 0 1
    outer loop
      vertex 152.293 75.2929 4
      vertex 152.366 64.773 4
      vertex 152.366 75.227 4
    endloop
  endfacet
  facet normal 0 0 1
    outer loop
      vertex 152.293 75.2929 4
      vertex 152.293 64.7071 4
      vertex 152.366 64.773 4
    endloop
  endfacet
  facet normal 0 0 1
    outer loop
      vertex 152.227 75.3656 4
      vertex 152.293 64.7071 4
      vertex 152.293 75.2929 4
    endloop
  endfacet
  facet normal 0 0 1
    outer loop
      vertex 152.227 75.3656 4
      vertex 152.227 64.6344 4
      vertex 152.293 64.7071 4
    endloop
  endfacet
  facet normal 0 0 1
    outer loop
      vertex 152.169 75.4444 4
      vertex 152.227 64.6344 4
      vertex 152.227 75.3656 4
    endloop
  endfacet
  facet normal 0 0 1
    outer loop
      vertex 152.169 75.4444 4
      vertex 152.169 64.5556 4
      vertex 152.227 64.6344 4
    endloop
  endfacet
  facet normal 0 0 1
    outer loop
      vertex 152.118 75.5286 4
      vertex 152.169 64.5556 4
      vertex 152.169 75.4444 4
    endloop
  endfacet
  facet normal 0 0 1
    outer loop
      vertex 152.118 75.5286 4
      vertex 152.118 64.4714 4
      vertex 152.169 64.5556 4
    endloop
  endfacet
  facet normal 0 0 1
    outer loop
      vertex 152.076 75.6173 4
      vertex 152.118 64.4714 4
      vertex 152.118 75.5286 4
    endloop
  endfacet
  facet normal 0 0 1
    outer loop
      vertex 152.076 75.6173 4
      vertex 152.076 64.3827 4
      vertex 152.118 64.4714 4
    endloop
  endfacet
  facet normal 0 0 1
    outer loop
      vertex 152.043 75.7097 4
      vertex 152.076 64.3827 4
      vertex 152.076 75.6173 4
    endloop
  endfacet
  facet normal 0 0 1
    outer loop
      vertex 152.043 75.7097 4
      vertex 152.043 64.2903 4
      vertex 152.076 64.3827 4
    endloop
  endfacet
  facet normal 0 0 1
    outer loop
      vertex 152.019 75.8049 4
      vertex 152.043 64.2903 4
      vertex 152.043 75.7097 4
    endloop
  endfacet
  facet normal 0 0 1
    outer loop
      vertex 152.019 75.8049 4
      vertex 152.019 64.1951 4
      vertex 152.043 64.2903 4
    endloop
  endfacet
  facet normal 0 0 1
    outer loop
      vertex 152.005 75.902 4
      vertex 152.019 64.1951 4
      vertex 152.019 75.8049 4
    endloop
  endfacet
  facet normal 0 0 1
    outer loop
      vertex 152.005 75.902 4
      vertex 152.005 64.098 4
      vertex 152.019 64.1951 4
    endloop
  endfacet
  facet normal 0 0 1
    outer loop
      vertex 152 76 4
      vertex 152.005 64.098 4
      vertex 152.005 75.902 4
    endloop
  endfacet
  facet normal 0 0 1
    outer loop
      vertex 152.005 64.098 4
      vertex 152 76 4
      vertex 152 64 4
    endloop
  endfacet
  facet normal 0 0 1
    outer loop
      vertex 157 93 4
      vertex 155.2 76 4
      vertex 155.2 64 4
    endloop
  endfacet
  facet normal -0 0 1
    outer loop
      vertex 155.2 36 4
      vertex 157 7 4
      vertex 155.2 44 4
    endloop
  endfacet
  facet normal -0 0 1
    outer loop
      vertex 155.2 24 4
      vertex 157 7 4
      vertex 155.2 36 4
    endloop
  endfacet
  facet normal -0 0 1
    outer loop
      vertex 155.2 16 4
      vertex 157 7 4
      vertex 155.2 24 4
    endloop
  endfacet
  facet normal -0 0 1
    outer loop
      vertex 155.195 15.902 4
      vertex 157 7 4
      vertex 155.2 16 4
    endloop
  endfacet
  facet normal -0 0 1
    outer loop
      vertex 155.181 15.8049 4
      vertex 157 7 4
      vertex 155.195 15.902 4
    endloop
  endfacet
  facet normal -0 0 1
    outer loop
      vertex 155.157 15.7097 4
      vertex 157 7 4
      vertex 155.181 15.8049 4
    endloop
  endfacet
  facet normal -0 0 1
    outer loop
      vertex 155.124 15.6173 4
      vertex 157 7 4
      vertex 155.157 15.7097 4
    endloop
  endfacet
  facet normal -0 0 1
    outer loop
      vertex 155.082 15.5286 4
      vertex 157 7 4
      vertex 155.124 15.6173 4
    endloop
  endfacet
  facet normal -0 0 1
    outer loop
      vertex 155.031 15.4444 4
      vertex 157 7 4
      vertex 155.082 15.5286 4
    endloop
  endfacet
  facet normal -0 0 1
    outer loop
      vertex 154.973 15.3656 4
      vertex 157 7 4
      vertex 155.031 15.4444 4
    endloop
  endfacet
  facet normal -0 0 1
    outer loop
      vertex 154.907 15.2929 4
      vertex 157 7 4
      vertex 154.973 15.3656 4
    endloop
  endfacet
  facet normal -0 0 1
    outer loop
      vertex 154.834 15.227 4
      vertex 157 7 4
      vertex 154.907 15.2929 4
    endloop
  endfacet
  facet normal -0 0 1
    outer loop
      vertex 154.756 15.1685 4
      vertex 157 7 4
      vertex 154.834 15.227 4
    endloop
  endfacet
  facet normal -0 0 1
    outer loop
      vertex 154.671 15.1181 4
      vertex 157 7 4
      vertex 154.756 15.1685 4
    endloop
  endfacet
  facet normal -0 0 1
    outer loop
      vertex 154.583 15.0761 4
      vertex 157 7 4
      vertex 154.671 15.1181 4
    endloop
  endfacet
  facet normal -0 0 1
    outer loop
      vertex 154.49 15.043 4
      vertex 157 7 4
      vertex 154.583 15.0761 4
    endloop
  endfacet
  facet normal -0 0 1
    outer loop
      vertex 154.395 15.0192 4
      vertex 157 7 4
      vertex 154.49 15.043 4
    endloop
  endfacet
  facet normal -0 0 1
    outer loop
      vertex 154.298 15.0048 4
      vertex 157 7 4
      vertex 154.395 15.0192 4
    endloop
  endfacet
  facet normal -0 0 1
    outer loop
      vertex 154.2 15 4
      vertex 157 7 4
      vertex 154.298 15.0048 4
    endloop
  endfacet
  facet normal -0 0 1
    outer loop
      vertex 153 15 4
      vertex 157 7 4
      vertex 154.2 15 4
    endloop
  endfacet
  facet normal 0 -0 1
    outer loop
      vertex 154.588 0.0288849 4
      vertex 157 7 4
      vertex 154 0 4
    endloop
  endfacet
  facet normal 0 0 1
    outer loop
      vertex 157 7 4
      vertex 156.296 0.456711 4
      vertex 156.828 0.708466 4
    endloop
  endfacet
  facet normal 0 0 1
    outer loop
      vertex 157 7 4
      vertex 155.742 0.258347 4
      vertex 156.296 0.456711 4
    endloop
  endfacet
  facet normal 0 0 1
    outer loop
      vertex 157 7 4
      vertex 155.171 0.11528 4
      vertex 155.742 0.258347 4
    endloop
  endfacet
  facet normal 0 0 1
    outer loop
      vertex 157 7 4
      vertex 154.588 0.0288849 4
      vertex 155.171 0.11528 4
    endloop
  endfacet
  facet normal 0 0 1
    outer loop
      vertex 152.902 15.0048 4
      vertex 157 7 4
      vertex 153 15 4
    endloop
  endfacet
  facet normal 0 0 1
    outer loop
      vertex 152.805 15.0192 4
      vertex 157 7 4
      vertex 152.902 15.0048 4
    endloop
  endfacet
  facet normal 0 0 1
    outer loop
      vertex 152.71 15.043 4
      vertex 157 7 4
      vertex 152.805 15.0192 4
    endloop
  endfacet
  facet normal 0 0 1
    outer loop
      vertex 152.617 15.0761 4
      vertex 157 7 4
      vertex 152.71 15.043 4
    endloop
  endfacet
  facet normal -0 0 1
    outer loop
      vertex 147.583 15.0761 4
      vertex 157 7 4
      vertex 152.617 15.0761 4
    endloop
  endfacet
  facet normal 0 0 1
    outer loop
      vertex 147.583 15.0761 4
      vertex 152.617 15.0761 4
      vertex 152.529 15.1181 4
    endloop
  endfacet
  facet normal 0 0 1
    outer loop
      vertex 147.671 15.1181 4
      vertex 152.529 15.1181 4
      vertex 152.444 15.1685 4
    endloop
  endfacet
  facet normal 0 0 1
    outer loop
      vertex 147.756 15.1685 4
      vertex 152.444 15.1685 4
      vertex 152.366 15.227 4
    endloop
  endfacet
  facet normal 0 0 1
    outer loop
      vertex 147.834 15.227 4
      vertex 152.366 15.227 4
      vertex 152.293 15.2929 4
    endloop
  endfacet
  facet normal 0 0 1
    outer loop
      vertex 147.907 15.2929 4
      vertex 152.293 15.2929 4
      vertex 152.227 15.3656 4
    endloop
  endfacet
  facet normal 0 0 1
    outer loop
      vertex 147.973 15.3656 4
      vertex 152.227 15.3656 4
      vertex 152.169 15.4444 4
    endloop
  endfacet
  facet normal 0 0 1
    outer loop
      vertex 148.031 15.4444 4
      vertex 152.169 15.4444 4
      vertex 152.118 15.5286 4
    endloop
  endfacet
  facet normal 0 0 1
    outer loop
      vertex 148.082 15.5286 4
      vertex 152.118 15.5286 4
      vertex 152.076 15.6173 4
    endloop
  endfacet
  facet normal 0 0 1
    outer loop
      vertex 148.124 15.6173 4
      vertex 152.076 15.6173 4
      vertex 152.043 15.7097 4
    endloop
  endfacet
  facet normal 0 0 1
    outer loop
      vertex 148.157 15.7097 4
      vertex 152.043 15.7097 4
      vertex 152.019 15.8049 4
    endloop
  endfacet
  facet normal 0 0 1
    outer loop
      vertex 148.181 15.8049 4
      vertex 152.019 15.8049 4
      vertex 152.005 15.902 4
    endloop
  endfacet
  facet normal 0 0 1
    outer loop
      vertex 152 76 4
      vertex 148.2 76 4
      vertex 148.195 75.902 4
    endloop
  endfacet
  facet normal 0 0 1
    outer loop
      vertex 148.195 55.902 4
      vertex 152 56 4
      vertex 148.2 56 4
    endloop
  endfacet
  facet normal 0 0 1
    outer loop
      vertex 148.124 55.6173 4
      vertex 152 56 4
      vertex 148.157 55.7097 4
    endloop
  endfacet
  facet normal 0 0 1
    outer loop
      vertex 148.195 35.902 4
      vertex 152 36 4
      vertex 148.2 36 4
    endloop
  endfacet
  facet normal 0 0 1
    outer loop
      vertex 148.181 35.8049 4
      vertex 152 36 4
      vertex 148.195 35.902 4
    endloop
  endfacet
  facet normal 0 0 1
    outer loop
      vertex 148.157 35.7097 4
      vertex 152 36 4
      vertex 148.181 35.8049 4
    endloop
  endfacet
  facet normal 0 0 1
    outer loop
      vertex 148.2 16 4
      vertex 152 16 4
      vertex 148.2 24 4
    endloop
  endfacet
  facet normal 0 0 1
    outer loop
      vertex 152 16 4
      vertex 148.2 16 4
      vertex 152.005 15.902 4
    endloop
  endfacet
  facet normal 0 0 1
    outer loop
      vertex 148.195 15.902 4
      vertex 152.005 15.902 4
      vertex 148.2 16 4
    endloop
  endfacet
  facet normal 0 0 1
    outer loop
      vertex 148.181 15.8049 4
      vertex 152.005 15.902 4
      vertex 148.195 15.902 4
    endloop
  endfacet
  facet normal 0 0 1
    outer loop
      vertex 152.019 15.8049 4
      vertex 148.181 15.8049 4
      vertex 148.157 15.7097 4
    endloop
  endfacet
  facet normal 0 0 1
    outer loop
      vertex 152.043 15.7097 4
      vertex 148.157 15.7097 4
      vertex 148.124 15.6173 4
    endloop
  endfacet
  facet normal 0 0 1
    outer loop
      vertex 152.076 15.6173 4
      vertex 148.124 15.6173 4
      vertex 148.082 15.5286 4
    endloop
  endfacet
  facet normal 0 0 1
    outer loop
      vertex 152.118 15.5286 4
      vertex 148.082 15.5286 4
      vertex 148.031 15.4444 4
    endloop
  endfacet
  facet normal 0 0 1
    outer loop
      vertex 152.169 15.4444 4
      vertex 148.031 15.4444 4
      vertex 147.973 15.3656 4
    endloop
  endfacet
  facet normal 0 0 1
    outer loop
      vertex 152.227 15.3656 4
      vertex 147.973 15.3656 4
      vertex 147.907 15.2929 4
    endloop
  endfacet
  facet normal 0 0 1
    outer loop
      vertex 152.293 15.2929 4
      vertex 147.907 15.2929 4
      vertex 147.834 15.227 4
    endloop
  endfacet
  facet normal 0 0 1
    outer loop
      vertex 152.366 15.227 4
      vertex 147.834 15.227 4
      vertex 147.756 15.1685 4
    endloop
  endfacet
  facet normal 0 0 1
    outer loop
      vertex 152.444 15.1685 4
      vertex 147.756 15.1685 4
      vertex 147.671 15.1181 4
    endloop
  endfacet
  facet normal 0 0 1
    outer loop
      vertex 152.529 15.1181 4
      vertex 147.671 15.1181 4
      vertex 147.583 15.0761 4
    endloop
  endfacet
  facet normal 0 0 1
    outer loop
      vertex 157 7 4
      vertex 147.583 15.0761 4
      vertex 143 7 4
    endloop
  endfacet
  facet normal 0 0 1
    outer loop
      vertex 143 7 4
      vertex 147.583 15.0761 4
      vertex 147.49 15.043 4
    endloop
  endfacet
  facet normal 0 0 1
    outer loop
      vertex 143 7 4
      vertex 147.49 15.043 4
      vertex 147.395 15.0192 4
    endloop
  endfacet
  facet normal 0 0 1
    outer loop
      vertex 143 7 4
      vertex 147.395 15.0192 4
      vertex 147.298 15.0048 4
    endloop
  endfacet
  facet normal 0 0 1
    outer loop
      vertex 143 7 4
      vertex 147.298 15.0048 4
      vertex 147.2 15 4
    endloop
  endfacet
  facet normal 0 0 1
    outer loop
      vertex 143 7 4
      vertex 147.2 15 4
      vertex 146 15 4
    endloop
  endfacet
  facet normal 0 0 1
    outer loop
      vertex 143 7 4
      vertex 146 15 4
      vertex 145.902 15.0048 4
    endloop
  endfacet
  facet normal 0 0 1
    outer loop
      vertex 143 7 4
      vertex 145.902 15.0048 4
      vertex 145.805 15.0192 4
    endloop
  endfacet
  facet normal 0 0 1
    outer loop
      vertex 143 7 4
      vertex 145.805 15.0192 4
      vertex 145.71 15.043 4
    endloop
  endfacet
  facet normal 0 0 1
    outer loop
      vertex 143 7 4
      vertex 145.71 15.043 4
      vertex 145.617 15.0761 4
    endloop
  endfacet
  facet normal 0 0 1
    outer loop
      vertex 143 7 4
      vertex 145.617 15.0761 4
      vertex 145.529 15.1181 4
    endloop
  endfacet
  facet normal 0 0 1
    outer loop
      vertex 143 7 4
      vertex 145.529 15.1181 4
      vertex 145.444 15.1685 4
    endloop
  endfacet
  facet normal 0 0 1
    outer loop
      vertex 143 7 4
      vertex 145.444 15.1685 4
      vertex 145.366 15.227 4
    endloop
  endfacet
  facet normal 0 0 1
    outer loop
      vertex 143 7 4
      vertex 145.366 15.227 4
      vertex 145.293 15.2929 4
    endloop
  endfacet
  facet normal 0 0 1
    outer loop
      vertex 143 7 4
      vertex 145.293 15.2929 4
      vertex 145.227 15.3656 4
    endloop
  endfacet
  facet normal 0 0 1
    outer loop
      vertex 143 7 4
      vertex 145.227 15.3656 4
      vertex 145.169 15.4444 4
    endloop
  endfacet
  facet normal 0 0 1
    outer loop
      vertex 143 7 4
      vertex 145.169 15.4444 4
      vertex 145.118 15.5286 4
    endloop
  endfacet
  facet normal 0 0 1
    outer loop
      vertex 145 24 4
      vertex 143 7 4
      vertex 145 16 4
    endloop
  endfacet
  facet normal 0 0 1
    outer loop
      vertex 143 7 4
      vertex 145.005 15.902 4
      vertex 145 16 4
    endloop
  endfacet
  facet normal 0 0 1
    outer loop
      vertex 143 7 4
      vertex 145.019 15.8049 4
      vertex 145.005 15.902 4
    endloop
  endfacet
  facet normal 0 0 1
    outer loop
      vertex 143 7 4
      vertex 145.043 15.7097 4
      vertex 145.019 15.8049 4
    endloop
  endfacet
  facet normal 0 0 1
    outer loop
      vertex 143 7 4
      vertex 145.076 15.6173 4
      vertex 145.043 15.7097 4
    endloop
  endfacet
  facet normal 0 0 1
    outer loop
      vertex 143 7 4
      vertex 145.118 15.5286 4
      vertex 145.076 15.6173 4
    endloop
  endfacet
  facet normal 0 0 1
    outer loop
      vertex 157 7 4
      vertex 143 7 4
      vertex 154 0 4
    endloop
  endfacet
  facet normal -0 0 1
    outer loop
      vertex 140 7 4
      vertex 154 0 4
      vertex 143 7 4
    endloop
  endfacet
  facet normal 0 0 1
    outer loop
      vertex 140 93 4
      vertex 133 8 4
      vertex 140 7 4
    endloop
  endfacet
  facet normal 0 0 1
    outer loop
      vertex 133 8 4
      vertex 154 0 4
      vertex 140 7 4
    endloop
  endfacet
  facet normal 0 0 1
    outer loop
      vertex 110 5 4
      vertex 133 8 4
      vertex 110 7 4
    endloop
  endfacet
  facet normal 0 0 1
    outer loop
      vertex 109.99 4.80396 4
      vertex 133 8 4
      vertex 110 5 4
    endloop
  endfacet
  facet normal 0 0 1
    outer loop
      vertex 109.962 4.60982 4
      vertex 133 8 4
      vertex 109.99 4.80396 4
    endloop
  endfacet
  facet normal 0 0 1
    outer loop
      vertex 109.914 4.41942 4
      vertex 133 8 4
      vertex 109.962 4.60982 4
    endloop
  endfacet
  facet normal 0 0 1
    outer loop
      vertex 109.848 4.23462 4
      vertex 133 8 4
      vertex 109.914 4.41942 4
    endloop
  endfacet
  facet normal 0 0 1
    outer loop
      vertex 109.764 4.05721 4
      vertex 133 8 4
      vertex 109.848 4.23462 4
    endloop
  endfacet
  facet normal 0 0 1
    outer loop
      vertex 109.663 3.88885 4
      vertex 133 8 4
      vertex 109.764 4.05721 4
    endloop
  endfacet
  facet normal 0 0 1
    outer loop
      vertex 109.546 3.7312 4
      vertex 133 8 4
      vertex 109.663 3.88885 4
    endloop
  endfacet
  facet normal 0 0 1
    outer loop
      vertex 109.414 3.58578 4
      vertex 133 8 4
      vertex 109.546 3.7312 4
    endloop
  endfacet
  facet normal 0 0 1
    outer loop
      vertex 109.269 3.45396 4
      vertex 133 8 4
      vertex 109.414 3.58578 4
    endloop
  endfacet
  facet normal 0 0 1
    outer loop
      vertex 109.111 3.33705 4
      vertex 133 8 4
      vertex 109.269 3.45396 4
    endloop
  endfacet
  facet normal 0 0 1
    outer loop
      vertex 108.943 3.23615 4
      vertex 133 8 4
      vertex 109.111 3.33705 4
    endloop
  endfacet
  facet normal 0 0 1
    outer loop
      vertex 133 8 4
      vertex 108.943 3.23615 4
      vertex 154 0 4
    endloop
  endfacet
  facet normal -0 0 1
    outer loop
      vertex 108.765 3.15224 4
      vertex 154 0 4
      vertex 108.943 3.23615 4
    endloop
  endfacet
  facet normal -0 0 1
    outer loop
      vertex 108.581 3.08611 4
      vertex 154 0 4
      vertex 108.765 3.15224 4
    endloop
  endfacet
  facet normal -0 0 1
    outer loop
      vertex 108.39 3.03842 4
      vertex 154 0 4
      vertex 108.581 3.08611 4
    endloop
  endfacet
  facet normal -0 0 1
    outer loop
      vertex 108.196 3.00963 4
      vertex 154 0 4
      vertex 108.39 3.03842 4
    endloop
  endfacet
  facet normal -0 0 1
    outer loop
      vertex 108 3 4
      vertex 154 0 4
      vertex 108.196 3.00963 4
    endloop
  endfacet
  facet normal -0 0 1
    outer loop
      vertex 100 3 4
      vertex 154 0 4
      vertex 108 3 4
    endloop
  endfacet
  facet normal 0 0 1
    outer loop
      vertex 6 0 4
      vertex 100 3 4
      vertex 99.804 3.00963 4
    endloop
  endfacet
  facet normal 0 0 1
    outer loop
      vertex 95 7.8 4
      vertex 98.0096 4.80396 4
      vertex 98 5 4
    endloop
  endfacet
  facet normal 0 0 1
    outer loop
      vertex 95 7.8 4
      vertex 98.0384 4.60982 4
      vertex 98.0096 4.80396 4
    endloop
  endfacet
  facet normal 0 0 1
    outer loop
      vertex 95 7.8 4
      vertex 98.0861 4.41942 4
      vertex 98.0384 4.60982 4
    endloop
  endfacet
  facet normal 0 0 1
    outer loop
      vertex 95 7.8 4
      vertex 98.1522 4.23462 4
      vertex 98.0861 4.41942 4
    endloop
  endfacet
  facet normal 0 0 1
    outer loop
      vertex 95 7.8 4
      vertex 98.2361 4.05721 4
      vertex 98.1522 4.23462 4
    endloop
  endfacet
  facet normal 0 0 1
    outer loop
      vertex 95 7.8 4
      vertex 98.3371 3.88885 4
      vertex 98.2361 4.05721 4
    endloop
  endfacet
  facet normal -0 0 1
    outer loop
      vertex 55 7.8 4
      vertex 98.3371 3.88885 4
      vertex 95 7.8 4
    endloop
  endfacet
  facet normal 0 0 1
    outer loop
      vertex 55 7.8 4
      vertex 95 7.8 4
      vertex 55 8 4
    endloop
  endfacet
  facet normal 0 0 1
    outer loop
      vertex 98.3371 3.88885 4
      vertex 55 7.8 4
      vertex 98.454 3.7312 4
    endloop
  endfacet
  facet normal 0 0 1
    outer loop
      vertex 98.454 3.7312 4
      vertex 55 7.8 4
      vertex 98.5858 3.58578 4
    endloop
  endfacet
  facet normal 0 0 1
    outer loop
      vertex 98.5858 3.58578 4
      vertex 55 7.8 4
      vertex 98.7312 3.45396 4
    endloop
  endfacet
  facet normal 0 0 1
    outer loop
      vertex 98.7312 3.45396 4
      vertex 55 7.8 4
      vertex 98.8889 3.33705 4
    endloop
  endfacet
  facet normal 0 0 1
    outer loop
      vertex 98.8889 3.33705 4
      vertex 55 7.8 4
      vertex 99.0572 3.23615 4
    endloop
  endfacet
  facet normal 0 0 1
    outer loop
      vertex 99.0572 3.23615 4
      vertex 55 7.8 4
      vertex 99.2346 3.15224 4
    endloop
  endfacet
  facet normal 0 0 1
    outer loop
      vertex 40.7654 3.15224 4
      vertex 99.2346 3.15224 4
      vertex 55 7.8 4
    endloop
  endfacet
  facet normal 0 0 1
    outer loop
      vertex 99.2346 3.15224 4
      vertex 40.7654 3.15224 4
      vertex 99.4194 3.08611 4
    endloop
  endfacet
  facet normal 0 0 1
    outer loop
      vertex 40.5806 3.08611 4
      vertex 99.4194 3.08611 4
      vertex 40.7654 3.15224 4
    endloop
  endfacet
  facet normal 0 0 1
    outer loop
      vertex 41.7638 4.05721 4
      vertex 55 7.8 4
      vertex 45 7.8 4
    endloop
  endfacet
  facet normal 0 0 1
    outer loop
      vertex 42 5 4
      vertex 45 7.8 4
      vertex 42 7 4
    endloop
  endfacet
  facet normal 0 0 1
    outer loop
      vertex 41.9904 4.80396 4
      vertex 45 7.8 4
      vertex 42 5 4
    endloop
  endfacet
  facet normal 0 0 1
    outer loop
      vertex 41.9616 4.60982 4
      vertex 45 7.8 4
      vertex 41.9904 4.80396 4
    endloop
  endfacet
  facet normal 0 0 1
    outer loop
      vertex 41.9139 4.41942 4
      vertex 45 7.8 4
      vertex 41.9616 4.60982 4
    endloop
  endfacet
  facet normal 0 0 1
    outer loop
      vertex 41.8477 4.23462 4
      vertex 45 7.8 4
      vertex 41.9139 4.41942 4
    endloop
  endfacet
  facet normal 0 0 1
    outer loop
      vertex 41.7638 4.05721 4
      vertex 45 7.8 4
      vertex 41.8477 4.23462 4
    endloop
  endfacet
  facet normal 0 0 1
    outer loop
      vertex 55 7.8 4
      vertex 41.7638 4.05721 4
      vertex 41.6629 3.88885 4
    endloop
  endfacet
  facet normal 0 0 1
    outer loop
      vertex 41.546 3.7312 4
      vertex 55 7.8 4
      vertex 41.6629 3.88885 4
    endloop
  endfacet
  facet normal 0 0 1
    outer loop
      vertex 41.4142 3.58578 4
      vertex 55 7.8 4
      vertex 41.546 3.7312 4
    endloop
  endfacet
  facet normal 0 0 1
    outer loop
      vertex 41.2688 3.45396 4
      vertex 55 7.8 4
      vertex 41.4142 3.58578 4
    endloop
  endfacet
  facet normal 0 0 1
    outer loop
      vertex 41.1111 3.33705 4
      vertex 55 7.8 4
      vertex 41.2688 3.45396 4
    endloop
  endfacet
  facet normal 0 0 1
    outer loop
      vertex 40.9428 3.23615 4
      vertex 55 7.8 4
      vertex 41.1111 3.33705 4
    endloop
  endfacet
  facet normal 0 0 1
    outer loop
      vertex 40.7654 3.15224 4
      vertex 55 7.8 4
      vertex 40.9428 3.23615 4
    endloop
  endfacet
  facet normal 0 0 1
    outer loop
      vertex 99.4194 3.08611 4
      vertex 40.5806 3.08611 4
      vertex 99.6098 3.03842 4
    endloop
  endfacet
  facet normal 0 0 1
    outer loop
      vertex 40.3902 3.03842 4
      vertex 99.6098 3.03842 4
      vertex 40.5806 3.08611 4
    endloop
  endfacet
  facet normal 0 0 1
    outer loop
      vertex 99.6098 3.03842 4
      vertex 40.3902 3.03842 4
      vertex 99.804 3.00963 4
    endloop
  endfacet
  facet normal 0 0 1
    outer loop
      vertex 40.196 3.00963 4
      vertex 99.804 3.00963 4
      vertex 40.3902 3.03842 4
    endloop
  endfacet
  facet normal 0 0 1
    outer loop
      vertex 6 0 4
      vertex 99.804 3.00963 4
      vertex 40.196 3.00963 4
    endloop
  endfacet
  facet normal 0 0 1
    outer loop
      vertex 6 0 4
      vertex 40.196 3.00963 4
      vertex 40 3 4
    endloop
  endfacet
  facet normal 0 0 1
    outer loop
      vertex 6 0 4
      vertex 40 3 4
      vertex 32 3 4
    endloop
  endfacet
  facet normal 0 0 1
    outer loop
      vertex 8 8 4
      vertex 30.0096 4.80396 4
      vertex 30 5 4
    endloop
  endfacet
  facet normal 0 0 1
    outer loop
      vertex 8 8 4
      vertex 30.0384 4.60982 4
      vertex 30.0096 4.80396 4
    endloop
  endfacet
  facet normal 0 0 1
    outer loop
      vertex 8 8 4
      vertex 30.0861 4.41942 4
      vertex 30.0384 4.60982 4
    endloop
  endfacet
  facet normal 0 0 1
    outer loop
      vertex 6 0 4
      vertex 30.0861 4.41942 4
      vertex 8 8 4
    endloop
  endfacet
  facet normal 0 0 1
    outer loop
      vertex 30.0861 4.41942 4
      vertex 6 0 4
      vertex 30.1522 4.23462 4
    endloop
  endfacet
  facet normal 0 0 1
    outer loop
      vertex 30.1522 4.23462 4
      vertex 6 0 4
      vertex 30.2361 4.05721 4
    endloop
  endfacet
  facet normal 0 0 1
    outer loop
      vertex 30.2361 4.05721 4
      vertex 6 0 4
      vertex 30.3371 3.88885 4
    endloop
  endfacet
  facet normal 0 0 1
    outer loop
      vertex 30.3371 3.88885 4
      vertex 6 0 4
      vertex 30.454 3.7312 4
    endloop
  endfacet
  facet normal 0 0 1
    outer loop
      vertex 30.454 3.7312 4
      vertex 6 0 4
      vertex 30.5858 3.58578 4
    endloop
  endfacet
  facet normal 0 0 1
    outer loop
      vertex 30.5858 3.58578 4
      vertex 6 0 4
      vertex 30.7312 3.45396 4
    endloop
  endfacet
  facet normal 0 0 1
    outer loop
      vertex 30.7312 3.45396 4
      vertex 6 0 4
      vertex 30.8889 3.33705 4
    endloop
  endfacet
  facet normal 0 0 1
    outer loop
      vertex 30.8889 3.33705 4
      vertex 6 0 4
      vertex 31.0572 3.23615 4
    endloop
  endfacet
  facet normal 0 0 1
    outer loop
      vertex 31.0572 3.23615 4
      vertex 6 0 4
      vertex 31.2346 3.15224 4
    endloop
  endfacet
  facet normal 0 0 1
    outer loop
      vertex 31.2346 3.15224 4
      vertex 6 0 4
      vertex 31.4194 3.08611 4
    endloop
  endfacet
  facet normal -0 0 1
    outer loop
      vertex 7.58057 28.0861 4
      vertex 8 10.5 4
      vertex 7.76537 28.1522 4
    endloop
  endfacet
  facet normal -0 0 1
    outer loop
      vertex 7.39017 28.0384 4
      vertex 8 10.5 4
      vertex 7.58057 28.0861 4
    endloop
  endfacet
  facet normal -0 0 1
    outer loop
      vertex 7.19603 28.0096 4
      vertex 8 10.5 4
      vertex 7.39017 28.0384 4
    endloop
  endfacet
  facet normal -0 0 1
    outer loop
      vertex 7 28 4
      vertex 8 10.5 4
      vertex 7.19603 28.0096 4
    endloop
  endfacet
  facet normal -0 0 1
    outer loop
      vertex 5 28 4
      vertex 8 10.5 4
      vertex 7 28 4
    endloop
  endfacet
  facet normal 0 0 1
    outer loop
      vertex 100 3 4
      vertex 6 0 4
      vertex 154 0 4
    endloop
  endfacet
  facet normal 0 0 1
    outer loop
      vertex 31.804 3.00963 4
      vertex 6 0 4
      vertex 32 3 4
    endloop
  endfacet
  facet normal 0 0 1
    outer loop
      vertex 31.6098 3.03842 4
      vertex 6 0 4
      vertex 31.804 3.00963 4
    endloop
  endfacet
  facet normal 0 0 1
    outer loop
      vertex 31.4194 3.08611 4
      vertex 6 0 4
      vertex 31.6098 3.03842 4
    endloop
  endfacet
  facet normal 0 0 1
    outer loop
      vertex 4.80396 28.0096 4
      vertex 8 10.5 4
      vertex 5 28 4
    endloop
  endfacet
  facet normal 0 -0 1
    outer loop
      vertex 0.0288849 5.4119 4
      vertex 8 8 4
      vertex 0 6 4
    endloop
  endfacet
  facet normal 0 0 1
    outer loop
      vertex 4.60982 28.0384 4
      vertex 8 10.5 4
      vertex 4.80396 28.0096 4
    endloop
  endfacet
  facet normal 0 0 1
    outer loop
      vertex 8 8 4
      vertex 5.4119 0.0288849 4
      vertex 6 0 4
    endloop
  endfacet
  facet normal 0 0 1
    outer loop
      vertex 4.41942 28.0861 4
      vertex 8 10.5 4
      vertex 4.60982 28.0384 4
    endloop
  endfacet
  facet normal 0 0 1
    outer loop
      vertex 4.23462 28.1522 4
      vertex 8 10.5 4
      vertex 4.41942 28.0861 4
    endloop
  endfacet
  facet normal 0 0 1
    outer loop
      vertex 8 10.5 4
      vertex 0 6 4
      vertex 8 8 4
    endloop
  endfacet
  facet normal 0 0 1
    outer loop
      vertex 8 8 4
      vertex 4.82945 0.11528 4
      vertex 5.4119 0.0288849 4
    endloop
  endfacet
  facet normal 0 0 1
    outer loop
      vertex 4.05721 28.2361 4
      vertex 8 10.5 4
      vertex 4.23462 28.1522 4
    endloop
  endfacet
  facet normal 0 0 1
    outer loop
      vertex 8 10.5 4
      vertex 4.05721 28.2361 4
      vertex 0 6 4
    endloop
  endfacet
  facet normal 0 0 1
    outer loop
      vertex 0 6 4
      vertex 4.05721 28.2361 4
      vertex 3.88885 28.3371 4
    endloop
  endfacet
  facet normal 0 0 1
    outer loop
      vertex 0 6 4
      vertex 3.88885 28.3371 4
      vertex 3.7312 28.454 4
    endloop
  endfacet
  facet normal 0 0 1
    outer loop
      vertex 8 8 4
      vertex 4.25829 0.258347 4
      vertex 4.82945 0.11528 4
    endloop
  endfacet
  facet normal 0 0 1
    outer loop
      vertex 0 6 4
      vertex 3.7312 28.454 4
      vertex 3.58578 28.5858 4
    endloop
  endfacet
  facet normal 0 0 1
    outer loop
      vertex 0 6 4
      vertex 3.58578 28.5858 4
      vertex 3.45396 28.7312 4
    endloop
  endfacet
  facet normal 0 0 1
    outer loop
      vertex 0 6 4
      vertex 3.45396 28.7312 4
      vertex 3.33705 28.8889 4
    endloop
  endfacet
  facet normal 0 0 1
    outer loop
      vertex 0 6 4
      vertex 3.33705 28.8889 4
      vertex 3.23615 29.0572 4
    endloop
  endfacet
  facet normal 0 0 1
    outer loop
      vertex 8 8 4
      vertex 3.70389 0.456711 4
      vertex 4.25829 0.258347 4
    endloop
  endfacet
  facet normal 0 0 1
    outer loop
      vertex 0 6 4
      vertex 3.23615 29.0572 4
      vertex 3.15224 29.2346 4
    endloop
  endfacet
  facet normal 0 0 1
    outer loop
      vertex 0 6 4
      vertex 3.15224 29.2346 4
      vertex 3.08611 29.4194 4
    endloop
  endfacet
  facet normal 0 0 1
    outer loop
      vertex 0 6 4
      vertex 3.08611 29.4194 4
      vertex 3.03842 29.6098 4
    endloop
  endfacet
  facet normal 0 0 1
    outer loop
      vertex 0 6 4
      vertex 3.03842 29.6098 4
      vertex 3.00963 29.804 4
    endloop
  endfacet
  facet normal 0 0 1
    outer loop
      vertex 0 6 4
      vertex 3.00963 29.804 4
      vertex 3 30 4
    endloop
  endfacet
  facet normal 0 0 1
    outer loop
      vertex 8 8 4
      vertex 3.17162 0.708466 4
      vertex 3.70389 0.456711 4
    endloop
  endfacet
  facet normal 0 0 1
    outer loop
      vertex 0 6 4
      vertex 3 42 4
      vertex 0 94 4
    endloop
  endfacet
  facet normal -0 0 1
    outer loop
      vertex 1.75735 98.2426 4
      vertex 8 93.4 4
      vertex 2.19363 98.6381 4
    endloop
  endfacet
  facet normal 0 0 1
    outer loop
      vertex 3 42 4
      vertex 0 6 4
      vertex 3 30 4
    endloop
  endfacet
  facet normal -0 0 1
    outer loop
      vertex 1.36192 97.8064 4
      vertex 8 93.4 4
      vertex 1.75735 98.2426 4
    endloop
  endfacet
  facet normal 0 0 1
    outer loop
      vertex 8 8 4
      vertex 2.66656 1.01117 4
      vertex 3.17162 0.708466 4
    endloop
  endfacet
  facet normal -0 0 1
    outer loop
      vertex 1.01117 97.3334 4
      vertex 8 93.4 4
      vertex 1.36192 97.8064 4
    endloop
  endfacet
  facet normal 0 0 1
    outer loop
      vertex 8 8 4
      vertex 2.19363 1.36192 4
      vertex 2.66656 1.01117 4
    endloop
  endfacet
  facet normal -0 0 1
    outer loop
      vertex 0.708466 96.8284 4
      vertex 8 93.4 4
      vertex 1.01117 97.3334 4
    endloop
  endfacet
  facet normal 0 0 1
    outer loop
      vertex 8 8 4
      vertex 1.75735 1.75735 4
      vertex 2.19363 1.36192 4
    endloop
  endfacet
  facet normal -0 0 1
    outer loop
      vertex 0.456711 96.2961 4
      vertex 8 93.4 4
      vertex 0.708466 96.8284 4
    endloop
  endfacet
  facet normal 0 0 1
    outer loop
      vertex 8 8 4
      vertex 1.36192 2.19363 4
      vertex 1.75735 1.75735 4
    endloop
  endfacet
  facet normal -0 0 1
    outer loop
      vertex 0.258347 95.7417 4
      vertex 8 93.4 4
      vertex 0.456711 96.2961 4
    endloop
  endfacet
  facet normal 0 0 1
    outer loop
      vertex 8 8 4
      vertex 1.01117 2.66656 4
      vertex 1.36192 2.19363 4
    endloop
  endfacet
  facet normal -0 0 1
    outer loop
      vertex 0.11528 95.1705 4
      vertex 8 93.4 4
      vertex 0.258347 95.7417 4
    endloop
  endfacet
  facet normal 0 0 1
    outer loop
      vertex 8 8 4
      vertex 0.708466 3.17162 4
      vertex 1.01117 2.66656 4
    endloop
  endfacet
  facet normal -0 0 1
    outer loop
      vertex 0.0288849 94.5881 4
      vertex 8 93.4 4
      vertex 0.11528 95.1705 4
    endloop
  endfacet
  facet normal 0 0 1
    outer loop
      vertex 8 8 4
      vertex 0.456711 3.70389 4
      vertex 0.708466 3.17162 4
    endloop
  endfacet
  facet normal 0 0 1
    outer loop
      vertex 8 93.4 4
      vertex 0.0288849 94.5881 4
      vertex 0 94 4
    endloop
  endfacet
  facet normal 0 0 1
    outer loop
      vertex 8 8 4
      vertex 0.258347 4.25829 4
      vertex 0.456711 3.70389 4
    endloop
  endfacet
  facet normal 0 0 1
    outer loop
      vertex 8 8 4
      vertex 0.11528 4.82945 4
      vertex 0.258347 4.25829 4
    endloop
  endfacet
  facet normal 0 0 1
    outer loop
      vertex 8 8 4
      vertex 0.0288849 5.4119 4
      vertex 0.11528 4.82945 4
    endloop
  endfacet
  facet normal 0 0 1
    outer loop
      vertex 133 93.4 4
      vertex 110 95 4
      vertex 110 93.4 4
    endloop
  endfacet
  facet normal 0 0 1
    outer loop
      vertex 105 90.2 4
      vertex 130 90.9 4
      vertex 105 90.9 4
    endloop
  endfacet
  facet normal 0 0 1
    outer loop
      vertex 130 90.9 4
      vertex 105 90.2 4
      vertex 130 10.5 4
    endloop
  endfacet
  facet normal -0 0 1
    outer loop
      vertex 95 90.2 4
      vertex 130 10.5 4
      vertex 105 90.2 4
    endloop
  endfacet
  facet normal 0 0 1
    outer loop
      vertex 55 90.2 4
      vertex 95 90.2 4
      vertex 55 90.9 4
    endloop
  endfacet
  facet normal 0 0 1
    outer loop
      vertex 95 90.2 4
      vertex 55 90.2 4
      vertex 130 10.5 4
    endloop
  endfacet
  facet normal 0 0 1
    outer loop
      vertex 9 42 4
      vertex 55 90.2 4
      vertex 45 90.2 4
    endloop
  endfacet
  facet normal 0 0 1
    outer loop
      vertex 9 68 4
      vertex 45 90.2 4
      vertex 9 80 4
    endloop
  endfacet
  facet normal 0 0 1
    outer loop
      vertex 8.99036 67.804 4
      vertex 45 90.2 4
      vertex 9 68 4
    endloop
  endfacet
  facet normal 0 0 1
    outer loop
      vertex 55 90.2 4
      vertex 9 42 4
      vertex 9 30 4
    endloop
  endfacet
  facet normal 0 0 1
    outer loop
      vertex 55 90.2 4
      vertex 9 30 4
      vertex 130 10.5 4
    endloop
  endfacet
  facet normal -0 0 1
    outer loop
      vertex 8.99036 29.804 4
      vertex 130 10.5 4
      vertex 9 30 4
    endloop
  endfacet
  facet normal -0 0 1
    outer loop
      vertex 8.96156 29.6098 4
      vertex 130 10.5 4
      vertex 8.99036 29.804 4
    endloop
  endfacet
  facet normal 0 0 1
    outer loop
      vertex 8 10.5 4
      vertex 8.96156 29.6098 4
      vertex 8.91388 29.4194 4
    endloop
  endfacet
  facet normal 0 0 1
    outer loop
      vertex 8 10.5 4
      vertex 8.91388 29.4194 4
      vertex 8.84775 29.2346 4
    endloop
  endfacet
  facet normal 0 0 1
    outer loop
      vertex 8 10.5 4
      vertex 8.84775 29.2346 4
      vertex 8.76384 29.0572 4
    endloop
  endfacet
  facet normal 0 0 1
    outer loop
      vertex 8 10.5 4
      vertex 8.76384 29.0572 4
      vertex 8.66293 28.8889 4
    endloop
  endfacet
  facet normal 0 0 1
    outer loop
      vertex 8 10.5 4
      vertex 8.66293 28.8889 4
      vertex 8.54602 28.7312 4
    endloop
  endfacet
  facet normal 0 0 1
    outer loop
      vertex 8 10.5 4
      vertex 8.54602 28.7312 4
      vertex 8.4142 28.5858 4
    endloop
  endfacet
  facet normal 0 0 1
    outer loop
      vertex 8 10.5 4
      vertex 8.4142 28.5858 4
      vertex 8.26878 28.454 4
    endloop
  endfacet
  facet normal 0 0 1
    outer loop
      vertex 8 10.5 4
      vertex 8.26878 28.454 4
      vertex 8.11113 28.3371 4
    endloop
  endfacet
  facet normal 0 0 1
    outer loop
      vertex 8.96156 29.6098 4
      vertex 8 10.5 4
      vertex 130 10.5 4
    endloop
  endfacet
  facet normal -0 0 1
    outer loop
      vertex 7.76537 28.1522 4
      vertex 8 10.5 4
      vertex 7.94278 28.2361 4
    endloop
  endfacet
  facet normal -0 0 1
    outer loop
      vertex 7.94278 28.2361 4
      vertex 8 10.5 4
      vertex 8.11113 28.3371 4
    endloop
  endfacet
  facet normal 0 0 1
    outer loop
      vertex 30 7 4
      vertex 8 8 4
      vertex 30 5 4
    endloop
  endfacet
  facet normal 0 0 1
    outer loop
      vertex 30.0096 7.19603 4
      vertex 8 8 4
      vertex 30 7 4
    endloop
  endfacet
  facet normal 0 0 1
    outer loop
      vertex 30.0384 7.39017 4
      vertex 8 8 4
      vertex 30.0096 7.19603 4
    endloop
  endfacet
  facet normal 0 0 1
    outer loop
      vertex 30.0861 7.58057 4
      vertex 8 8 4
      vertex 30.0384 7.39017 4
    endloop
  endfacet
  facet normal 0 0 1
    outer loop
      vertex 30.1522 7.76537 4
      vertex 8 8 4
      vertex 30.0861 7.58057 4
    endloop
  endfacet
  facet normal 0 0 1
    outer loop
      vertex 30.2361 7.94278 4
      vertex 8 8 4
      vertex 30.1522 7.76537 4
    endloop
  endfacet
  facet normal -0 0 1
    outer loop
      vertex 8 8 4
      vertex 30.2361 7.94278 4
      vertex 30.2704 8 4
    endloop
  endfacet
  facet normal 0 0 1
    outer loop
      vertex 41.9139 7.58057 4
      vertex 45 7.8 4
      vertex 45 8 4
    endloop
  endfacet
  facet normal 0 0 1
    outer loop
      vertex 45 7.8 4
      vertex 41.9904 7.19603 4
      vertex 42 7 4
    endloop
  endfacet
  facet normal 0 0 1
    outer loop
      vertex 45 7.8 4
      vertex 41.9616 7.39017 4
      vertex 41.9904 7.19603 4
    endloop
  endfacet
  facet normal 0 0 1
    outer loop
      vertex 45 7.8 4
      vertex 41.9139 7.58057 4
      vertex 41.9616 7.39017 4
    endloop
  endfacet
  facet normal 0 0 1
    outer loop
      vertex 45 8 4
      vertex 41.8477 7.76537 4
      vertex 41.9139 7.58057 4
    endloop
  endfacet
  facet normal 0 0 1
    outer loop
      vertex 45 8 4
      vertex 41.7638 7.94278 4
      vertex 41.8477 7.76537 4
    endloop
  endfacet
  facet normal 0 -0 1
    outer loop
      vertex 41.7638 7.94278 4
      vertex 45 8 4
      vertex 41.7295 8 4
    endloop
  endfacet
  facet normal 0 0 1
    outer loop
      vertex 98 93.4 4
      vertex 42 95 4
      vertex 42 93.4 4
    endloop
  endfacet
  facet normal 0 -1 0
    outer loop
      vertex 109.73 8 4.1
      vertex 105 8 8
      vertex 105 8 4.1
    endloop
  endfacet
  facet normal 0 -1 0
    outer loop
      vertex 130 8 8
      vertex 133 8 10
      vertex 130 8 10
    endloop
  endfacet
  facet normal 0 -1 0
    outer loop
      vertex 105 8 8
      vertex 109.73 8 4.1
      vertex 130 8 8
    endloop
  endfacet
  facet normal 0 -1 0
    outer loop
      vertex 109.73 8 4
      vertex 130 8 8
      vertex 109.73 8 4.1
    endloop
  endfacet
  facet normal 0 -1 0
    outer loop
      vertex 130 8 8
      vertex 133 8 4
      vertex 133 8 10
    endloop
  endfacet
  facet normal 0 -1 0
    outer loop
      vertex 133 8 4
      vertex 130 8 8
      vertex 109.73 8 4
    endloop
  endfacet
  facet normal 0 -1 0
    outer loop
      vertex 8 8 8
      vertex 30.2704 8 4.1
      vertex 45 8 8
    endloop
  endfacet
  facet normal 0 -1 0
    outer loop
      vertex 8 8 4
      vertex 30.2704 8 4.1
      vertex 8 8 8
    endloop
  endfacet
  facet normal 0 -1 -0
    outer loop
      vertex 30.2704 8 4.1
      vertex 8 8 4
      vertex 30.2704 8 4
    endloop
  endfacet
  facet normal 0 -1 0
    outer loop
      vertex 41.7295 8 4.1
      vertex 45 8 8
      vertex 30.2704 8 4.1
    endloop
  endfacet
  facet normal 0 -1 0
    outer loop
      vertex 45 8 4
      vertex 41.7295 8 4.1
      vertex 41.7295 8 4
    endloop
  endfacet
  facet normal 0 -1 0
    outer loop
      vertex 41.7295 8 4.1
      vertex 45 8 4
      vertex 45 8 8
    endloop
  endfacet
  facet normal 0 -1 0
    outer loop
      vertex 55 8 4
      vertex 95 8 8
      vertex 55 8 8
    endloop
  endfacet
  facet normal 0 -1 -0
    outer loop
      vertex 95 8 8
      vertex 55 8 4
      vertex 95 8 4
    endloop
  endfacet
  facet normal -1 0 0
    outer loop
      vertex 8 90.9 4
      vertex 8 93.4 8
      vertex 8 93.4 4
    endloop
  endfacet
  facet normal -1 -0 0
    outer loop
      vertex 8 93.4 8
      vertex 8 90.9 4
      vertex 8 90.9 8
    endloop
  endfacet
  facet normal 0 0 1
    outer loop
      vertex 130 93.4 8
      vertex 105 92 8
      vertex 130 90.9 8
    endloop
  endfacet
  facet normal 0 0 1
    outer loop
      vertex 130 93.4 8
      vertex 103 93.2 8
      vertex 105 92 8
    endloop
  endfacet
  facet normal 0 0 1
    outer loop
      vertex 130 93.4 8
      vertex 97 93.2 8
      vertex 103 93.2 8
    endloop
  endfacet
  facet normal 0 0 1
    outer loop
      vertex 97 93.2 8
      vertex 95 92 8
      vertex 97 92 8
    endloop
  endfacet
  facet normal 0 0 1
    outer loop
      vertex 95 92 8
      vertex 55 92 8
      vertex 95 90.9 8
    endloop
  endfacet
  facet normal 0 0 1
    outer loop
      vertex 97 93.2 8
      vertex 55 92 8
      vertex 95 92 8
    endloop
  endfacet
  facet normal 0 0 1
    outer loop
      vertex 97 93.2 8
      vertex 53 93.2 8
      vertex 55 92 8
    endloop
  endfacet
  facet normal 0 0 1
    outer loop
      vertex 130 93.4 8
      vertex 53 93.2 8
      vertex 97 93.2 8
    endloop
  endfacet
  facet normal 0 0 1
    outer loop
      vertex 130 93.4 8
      vertex 47 93.2 8
      vertex 53 93.2 8
    endloop
  endfacet
  facet normal 0 0 1
    outer loop
      vertex 47 93.2 8
      vertex 45 92 8
      vertex 47 92 8
    endloop
  endfacet
  facet normal -0 0 1
    outer loop
      vertex 8 93.4 8
      vertex 47 93.2 8
      vertex 130 93.4 8
    endloop
  endfacet
  facet normal 0 0 1
    outer loop
      vertex 8 93.4 8
      vertex 45 92 8
      vertex 47 93.2 8
    endloop
  endfacet
  facet normal 0 0 1
    outer loop
      vertex 8 90.9 8
      vertex 45 92 8
      vertex 8 93.4 8
    endloop
  endfacet
  facet normal 0 0 1
    outer loop
      vertex 45 92 8
      vertex 8 90.9 8
      vertex 45 90.9 8
    endloop
  endfacet
  facet normal 0 0 1
    outer loop
      vertex 130 90.9 8
      vertex 105 92 8
      vertex 105 90.9 8
    endloop
  endfacet
  facet normal 0 0 1
    outer loop
      vertex 105 92 8
      vertex 103 93.2 8
      vertex 103 92 8
    endloop
  endfacet
  facet normal 0 0 1
    outer loop
      vertex 95 90.9 8
      vertex 55 92 8
      vertex 55 90.9 8
    endloop
  endfacet
  facet normal 0 0 1
    outer loop
      vertex 55 92 8
      vertex 53 93.2 8
      vertex 53 92 8
    endloop
  endfacet
  facet normal 0 1 -0
    outer loop
      vertex 98 93.4 4
      vertex 42 93.4 4.1
      vertex 98 93.4 4.1
    endloop
  endfacet
  facet normal 0 1 0
    outer loop
      vertex 42 93.4 4.1
      vertex 98 93.4 4
      vertex 42 93.4 4
    endloop
  endfacet
  facet normal 0 1 0
    outer loop
      vertex 133 93.4 10
      vertex 130 93.4 8
      vertex 130 93.4 10
    endloop
  endfacet
  facet normal 0 1 0
    outer loop
      vertex 98 93.4 4.1
      vertex 130 93.4 8
      vertex 110 93.4 4.1
    endloop
  endfacet
  facet normal 0 1 -0
    outer loop
      vertex 133 93.4 4
      vertex 130 93.4 8
      vertex 133 93.4 10
    endloop
  endfacet
  facet normal 0 1 0
    outer loop
      vertex 110 93.4 4
      vertex 130 93.4 8
      vertex 133 93.4 4
    endloop
  endfacet
  facet normal 0 1 0
    outer loop
      vertex 130 93.4 8
      vertex 110 93.4 4
      vertex 110 93.4 4.1
    endloop
  endfacet
  facet normal 0 1 0
    outer loop
      vertex 130 93.4 8
      vertex 98 93.4 4.1
      vertex 8 93.4 8
    endloop
  endfacet
  facet normal 0 1 -0
    outer loop
      vertex 42 93.4 4.1
      vertex 8 93.4 8
      vertex 98 93.4 4.1
    endloop
  endfacet
  facet normal 0 1 -0
    outer loop
      vertex 30 93.4 4.1
      vertex 8 93.4 8
      vertex 42 93.4 4.1
    endloop
  endfacet
  facet normal 0 1 0
    outer loop
      vertex 8 93.4 4
      vertex 30 93.4 4.1
      vertex 30 93.4 4
    endloop
  endfacet
  facet normal 0 1 0
    outer loop
      vertex 30 93.4 4.1
      vertex 8 93.4 4
      vertex 8 93.4 8
    endloop
  endfacet
  facet normal 0 -1 0
    outer loop
      vertex 105 90.9 4
      vertex 130 90.9 8
      vertex 105 90.9 8
    endloop
  endfacet
  facet normal 0 -1 -0
    outer loop
      vertex 130 90.9 8
      vertex 105 90.9 4
      vertex 130 90.9 4
    endloop
  endfacet
  facet normal 0 -1 0
    outer loop
      vertex 8 90.9 4
      vertex 45 90.9 8
      vertex 8 90.9 8
    endloop
  endfacet
  facet normal 0 -1 -0
    outer loop
      vertex 45 90.9 8
      vertex 8 90.9 4
      vertex 45 90.9 4
    endloop
  endfacet
  facet normal 0 -1 0
    outer loop
      vertex 55 90.9 4
      vertex 95 90.9 8
      vertex 55 90.9 8
    endloop
  endfacet
  facet normal 0 -1 -0
    outer loop
      vertex 95 90.9 8
      vertex 55 90.9 4
      vertex 95 90.9 4
    endloop
  endfacet
  facet normal 0 0 -1
    outer loop
      vertex 8.91388 42.5806 0
      vertex 40.3902 91.0384 0
      vertex 8.96156 42.3902 0
    endloop
  endfacet
  facet normal 0 0 -1
    outer loop
      vertex 40.196 91.0096 0
      vertex 8.99036 67.804 0
      vertex 9 68 0
    endloop
  endfacet
  facet normal 0 0 -1
    outer loop
      vertex 40.3902 91.0384 0
      vertex 8.91388 42.5806 0
      vertex 40.196 91.0096 0
    endloop
  endfacet
  facet normal 0 0 -1
    outer loop
      vertex 40.196 91.0096 0
      vertex 8.96156 67.6098 0
      vertex 8.99036 67.804 0
    endloop
  endfacet
  facet normal 0 0 -1
    outer loop
      vertex 8.91388 67.4194 0
      vertex 40.196 91.0096 0
      vertex 8.91388 42.5806 0
    endloop
  endfacet
  facet normal 0 0 -1
    outer loop
      vertex 40.196 91.0096 0
      vertex 8.91388 67.4194 0
      vertex 8.96156 67.6098 0
    endloop
  endfacet
  facet normal 0 0 -1
    outer loop
      vertex 8.84775 42.7654 0
      vertex 8.91388 67.4194 0
      vertex 8.91388 42.5806 0
    endloop
  endfacet
  facet normal 0 0 -1
    outer loop
      vertex 8.84775 42.7654 0
      vertex 8.84775 67.2346 0
      vertex 8.91388 67.4194 0
    endloop
  endfacet
  facet normal 0 0 -1
    outer loop
      vertex 8.76384 42.9428 0
      vertex 8.84775 67.2346 0
      vertex 8.84775 42.7654 0
    endloop
  endfacet
  facet normal 0 0 -1
    outer loop
      vertex 8.76384 42.9428 0
      vertex 8.76384 67.0572 0
      vertex 8.84775 67.2346 0
    endloop
  endfacet
  facet normal 0 0 -1
    outer loop
      vertex 8.66293 43.1111 0
      vertex 8.76384 67.0572 0
      vertex 8.76384 42.9428 0
    endloop
  endfacet
  facet normal 0 0 -1
    outer loop
      vertex 8.66293 43.1111 0
      vertex 8.66293 66.8889 0
      vertex 8.76384 67.0572 0
    endloop
  endfacet
  facet normal 0 0 -1
    outer loop
      vertex 8.54602 43.2688 0
      vertex 8.66293 66.8889 0
      vertex 8.66293 43.1111 0
    endloop
  endfacet
  facet normal 0 0 -1
    outer loop
      vertex 8.54602 43.2688 0
      vertex 8.54602 66.7312 0
      vertex 8.66293 66.8889 0
    endloop
  endfacet
  facet normal 0 0 -1
    outer loop
      vertex 8.4142 43.4142 0
      vertex 8.54602 66.7312 0
      vertex 8.54602 43.2688 0
    endloop
  endfacet
  facet normal 0 0 -1
    outer loop
      vertex 8.4142 43.4142 0
      vertex 8.4142 66.5858 0
      vertex 8.54602 66.7312 0
    endloop
  endfacet
  facet normal 0 0 -1
    outer loop
      vertex 8.26878 43.546 0
      vertex 8.4142 66.5858 0
      vertex 8.4142 43.4142 0
    endloop
  endfacet
  facet normal 0 0 -1
    outer loop
      vertex 8.26878 43.546 0
      vertex 8.26878 66.454 0
      vertex 8.4142 66.5858 0
    endloop
  endfacet
  facet normal 0 0 -1
    outer loop
      vertex 8.11113 43.6629 0
      vertex 8.26878 66.454 0
      vertex 8.26878 43.546 0
    endloop
  endfacet
  facet normal 0 0 -1
    outer loop
      vertex 8.11113 43.6629 0
      vertex 8.11113 66.3371 0
      vertex 8.26878 66.454 0
    endloop
  endfacet
  facet normal 0 0 -1
    outer loop
      vertex 7.94278 43.7638 0
      vertex 8.11113 66.3371 0
      vertex 8.11113 43.6629 0
    endloop
  endfacet
  facet normal 0 0 -1
    outer loop
      vertex 7.94278 43.7638 0
      vertex 7.94278 66.2361 0
      vertex 8.11113 66.3371 0
    endloop
  endfacet
  facet normal 0 0 -1
    outer loop
      vertex 7.76537 43.8477 0
      vertex 7.94278 66.2361 0
      vertex 7.94278 43.7638 0
    endloop
  endfacet
  facet normal 0 0 -1
    outer loop
      vertex 7.76537 43.8477 0
      vertex 7.76537 66.1522 0
      vertex 7.94278 66.2361 0
    endloop
  endfacet
  facet normal 0 0 -1
    outer loop
      vertex 7.58057 43.9139 0
      vertex 7.76537 66.1522 0
      vertex 7.76537 43.8477 0
    endloop
  endfacet
  facet normal 0 0 -1
    outer loop
      vertex 7.58057 43.9139 0
      vertex 7.58057 66.0861 0
      vertex 7.76537 66.1522 0
    endloop
  endfacet
  facet normal 0 0 -1
    outer loop
      vertex 7.39017 43.9616 0
      vertex 7.58057 66.0861 0
      vertex 7.58057 43.9139 0
    endloop
  endfacet
  facet normal 0 0 -1
    outer loop
      vertex 7.39017 43.9616 0
      vertex 7.39017 66.0384 0
      vertex 7.58057 66.0861 0
    endloop
  endfacet
  facet normal 0 0 -1
    outer loop
      vertex 7.19603 43.9904 0
      vertex 7.39017 66.0384 0
      vertex 7.39017 43.9616 0
    endloop
  endfacet
  facet normal 0 0 -1
    outer loop
      vertex 7.19603 43.9904 0
      vertex 7.19603 66.0096 0
      vertex 7.39017 66.0384 0
    endloop
  endfacet
  facet normal 0 0 -1
    outer loop
      vertex 7 44 0
      vertex 7.19603 66.0096 0
      vertex 7.19603 43.9904 0
    endloop
  endfacet
  facet normal 0 0 -1
    outer loop
      vertex 7 44 0
      vertex 7 66 0
      vertex 7.19603 66.0096 0
    endloop
  endfacet
  facet normal 0 0 -1
    outer loop
      vertex 5 44 0
      vertex 7 66 0
      vertex 7 44 0
    endloop
  endfacet
  facet normal 0 0 -1
    outer loop
      vertex 5 44 0
      vertex 5 66 0
      vertex 7 66 0
    endloop
  endfacet
  facet normal 0 0 -1
    outer loop
      vertex 4.80396 43.9904 0
      vertex 5 66 0
      vertex 5 44 0
    endloop
  endfacet
  facet normal 0 0 -1
    outer loop
      vertex 4.80396 43.9904 0
      vertex 4.80396 66.0096 0
      vertex 5 66 0
    endloop
  endfacet
  facet normal 0 0 -1
    outer loop
      vertex 4.60982 43.9616 0
      vertex 4.80396 66.0096 0
      vertex 4.80396 43.9904 0
    endloop
  endfacet
  facet normal 0 0 -1
    outer loop
      vertex 4.60982 43.9616 0
      vertex 4.60982 66.0384 0
      vertex 4.80396 66.0096 0
    endloop
  endfacet
  facet normal 0 0 -1
    outer loop
      vertex 4.41942 43.9139 0
      vertex 4.60982 66.0384 0
      vertex 4.60982 43.9616 0
    endloop
  endfacet
  facet normal 0 0 -1
    outer loop
      vertex 4.41942 43.9139 0
      vertex 4.41942 66.0861 0
      vertex 4.60982 66.0384 0
    endloop
  endfacet
  facet normal 0 0 -1
    outer loop
      vertex 4.23462 43.8477 0
      vertex 4.41942 66.0861 0
      vertex 4.41942 43.9139 0
    endloop
  endfacet
  facet normal 0 0 -1
    outer loop
      vertex 4.23462 43.8477 0
      vertex 4.23462 66.1522 0
      vertex 4.41942 66.0861 0
    endloop
  endfacet
  facet normal 0 0 -1
    outer loop
      vertex 4.05721 43.7638 0
      vertex 4.23462 66.1522 0
      vertex 4.23462 43.8477 0
    endloop
  endfacet
  facet normal 0 0 -1
    outer loop
      vertex 4.05721 43.7638 0
      vertex 4.05721 66.2361 0
      vertex 4.23462 66.1522 0
    endloop
  endfacet
  facet normal 0 0 -1
    outer loop
      vertex 3.88885 43.6629 0
      vertex 4.05721 66.2361 0
      vertex 4.05721 43.7638 0
    endloop
  endfacet
  facet normal 0 0 -1
    outer loop
      vertex 3.88885 43.6629 0
      vertex 3.88885 66.3371 0
      vertex 4.05721 66.2361 0
    endloop
  endfacet
  facet normal 0 0 -1
    outer loop
      vertex 3.7312 43.546 0
      vertex 3.88885 66.3371 0
      vertex 3.88885 43.6629 0
    endloop
  endfacet
  facet normal 0 0 -1
    outer loop
      vertex 3.7312 43.546 0
      vertex 3.7312 66.454 0
      vertex 3.88885 66.3371 0
    endloop
  endfacet
  facet normal 0 0 -1
    outer loop
      vertex 3.58578 43.4142 0
      vertex 3.7312 66.454 0
      vertex 3.7312 43.546 0
    endloop
  endfacet
  facet normal 0 0 -1
    outer loop
      vertex 3.58578 43.4142 0
      vertex 3.58578 66.5858 0
      vertex 3.7312 66.454 0
    endloop
  endfacet
  facet normal 0 0 -1
    outer loop
      vertex 3.45396 43.2688 0
      vertex 3.58578 66.5858 0
      vertex 3.58578 43.4142 0
    endloop
  endfacet
  facet normal 0 0 -1
    outer loop
      vertex 3.45396 43.2688 0
      vertex 3.45396 66.7312 0
      vertex 3.58578 66.5858 0
    endloop
  endfacet
  facet normal 0 0 -1
    outer loop
      vertex 3.33705 43.1111 0
      vertex 3.45396 66.7312 0
      vertex 3.45396 43.2688 0
    endloop
  endfacet
  facet normal 0 0 -1
    outer loop
      vertex 3.33705 43.1111 0
      vertex 3.33705 66.8889 0
      vertex 3.45396 66.7312 0
    endloop
  endfacet
  facet normal 0 0 -1
    outer loop
      vertex 3.23615 42.9428 0
      vertex 3.33705 66.8889 0
      vertex 3.33705 43.1111 0
    endloop
  endfacet
  facet normal 0 0 -1
    outer loop
      vertex 3.23615 42.9428 0
      vertex 3.23615 67.0572 0
      vertex 3.33705 66.8889 0
    endloop
  endfacet
  facet normal 0 0 -1
    outer loop
      vertex 3.15224 42.7654 0
      vertex 3.23615 67.0572 0
      vertex 3.23615 42.9428 0
    endloop
  endfacet
  facet normal 0 0 -1
    outer loop
      vertex 3.15224 42.7654 0
      vertex 3.15224 67.2346 0
      vertex 3.23615 67.0572 0
    endloop
  endfacet
  facet normal 0 0 -1
    outer loop
      vertex 3.08611 42.5806 0
      vertex 3.15224 67.2346 0
      vertex 3.15224 42.7654 0
    endloop
  endfacet
  facet normal 0 0 -1
    outer loop
      vertex 3.08611 42.5806 0
      vertex 3.08611 67.4194 0
      vertex 3.15224 67.2346 0
    endloop
  endfacet
  facet normal 0 0 -1
    outer loop
      vertex 3.03842 42.3902 0
      vertex 3.08611 67.4194 0
      vertex 3.08611 42.5806 0
    endloop
  endfacet
  facet normal 0 0 -1
    outer loop
      vertex 3.03842 42.3902 0
      vertex 3.03842 67.6098 0
      vertex 3.08611 67.4194 0
    endloop
  endfacet
  facet normal 0 0 -1
    outer loop
      vertex 3.00963 42.196 0
      vertex 3.03842 67.6098 0
      vertex 3.03842 42.3902 0
    endloop
  endfacet
  facet normal 0 0 -1
    outer loop
      vertex 3.00963 42.196 0
      vertex 3.00963 67.804 0
      vertex 3.03842 67.6098 0
    endloop
  endfacet
  facet normal 0 0 -1
    outer loop
      vertex 3 42 0
      vertex 3.00963 67.804 0
      vertex 3.00963 42.196 0
    endloop
  endfacet
  facet normal -0 0 -1
    outer loop
      vertex 3.00963 67.804 0
      vertex 3 42 0
      vertex 3 68 0
    endloop
  endfacet
  facet normal 0 0 -1
    outer loop
      vertex 98.3371 8.11113 0
      vertex 41.6629 8.11113 0
      vertex 98.454 8.26878 0
    endloop
  endfacet
  facet normal 0 0 -1
    outer loop
      vertex 98.8889 91.3371 0
      vertex 41.9904 92.804 0
      vertex 42 93 0
    endloop
  endfacet
  facet normal 0 0 -1
    outer loop
      vertex 41.546 8.26878 0
      vertex 98.454 8.26878 0
      vertex 41.6629 8.11113 0
    endloop
  endfacet
  facet normal 0 0 -1
    outer loop
      vertex 98.8889 91.3371 0
      vertex 41.9616 92.6098 0
      vertex 41.9904 92.804 0
    endloop
  endfacet
  facet normal 0 0 -1
    outer loop
      vertex 98.454 8.26878 0
      vertex 41.546 8.26878 0
      vertex 98.5858 8.4142 0
    endloop
  endfacet
  facet normal 0 0 -1
    outer loop
      vertex 98.8889 91.3371 0
      vertex 41.9139 92.4194 0
      vertex 41.9616 92.6098 0
    endloop
  endfacet
  facet normal 0 0 -1
    outer loop
      vertex 41.4142 8.4142 0
      vertex 98.5858 8.4142 0
      vertex 41.546 8.26878 0
    endloop
  endfacet
  facet normal 0 0 -1
    outer loop
      vertex 98.8889 91.3371 0
      vertex 41.8477 92.2346 0
      vertex 41.9139 92.4194 0
    endloop
  endfacet
  facet normal 0 0 -1
    outer loop
      vertex 98.5858 8.4142 0
      vertex 41.4142 8.4142 0
      vertex 98.7312 8.54602 0
    endloop
  endfacet
  facet normal 0 0 -1
    outer loop
      vertex 98.8889 91.3371 0
      vertex 41.7638 92.0572 0
      vertex 41.8477 92.2346 0
    endloop
  endfacet
  facet normal 0 0 -1
    outer loop
      vertex 41.2688 8.54602 0
      vertex 98.7312 8.54602 0
      vertex 41.4142 8.4142 0
    endloop
  endfacet
  facet normal 0 0 -1
    outer loop
      vertex 98.8889 91.3371 0
      vertex 41.6629 91.8889 0
      vertex 41.7638 92.0572 0
    endloop
  endfacet
  facet normal 0 0 -1
    outer loop
      vertex 98.7312 8.54602 0
      vertex 41.2688 8.54602 0
      vertex 98.8889 8.66293 0
    endloop
  endfacet
  facet normal 0 0 -1
    outer loop
      vertex 98.8889 91.3371 0
      vertex 41.546 91.7312 0
      vertex 41.6629 91.8889 0
    endloop
  endfacet
  facet normal 0 0 -1
    outer loop
      vertex 41.1111 8.66293 0
      vertex 98.8889 8.66293 0
      vertex 41.2688 8.54602 0
    endloop
  endfacet
  facet normal 0 0 -1
    outer loop
      vertex 98.8889 91.3371 0
      vertex 41.4142 91.5858 0
      vertex 41.546 91.7312 0
    endloop
  endfacet
  facet normal 0 0 -1
    outer loop
      vertex 98.8889 8.66293 0
      vertex 41.1111 8.66293 0
      vertex 98.8889 91.3371 0
    endloop
  endfacet
  facet normal 0 0 -1
    outer loop
      vertex 98.8889 91.3371 0
      vertex 41.2688 91.454 0
      vertex 41.4142 91.5858 0
    endloop
  endfacet
  facet normal 0 0 -1
    outer loop
      vertex 41.1111 91.3371 0
      vertex 98.8889 91.3371 0
      vertex 41.1111 8.66293 0
    endloop
  endfacet
  facet normal 0 0 -1
    outer loop
      vertex 98.8889 91.3371 0
      vertex 41.1111 91.3371 0
      vertex 41.2688 91.454 0
    endloop
  endfacet
  facet normal 0 0 -1
    outer loop
      vertex 40.9428 8.76384 0
      vertex 41.1111 91.3371 0
      vertex 41.1111 8.66293 0
    endloop
  endfacet
  facet normal 0 0 -1
    outer loop
      vertex 40.9428 8.76384 0
      vertex 40.9428 91.2361 0
      vertex 41.1111 91.3371 0
    endloop
  endfacet
  facet normal 0 0 -1
    outer loop
      vertex 40.7654 8.84775 0
      vertex 40.9428 91.2361 0
      vertex 40.9428 8.76384 0
    endloop
  endfacet
  facet normal 0 0 -1
    outer loop
      vertex 40.7654 8.84775 0
      vertex 40.7654 91.1522 0
      vertex 40.9428 91.2361 0
    endloop
  endfacet
  facet normal 0 0 -1
    outer loop
      vertex 40.5806 8.91388 0
      vertex 40.7654 91.1522 0
      vertex 40.7654 8.84775 0
    endloop
  endfacet
  facet normal 0 0 -1
    outer loop
      vertex 40.5806 8.91388 0
      vertex 40.5806 91.0861 0
      vertex 40.7654 91.1522 0
    endloop
  endfacet
  facet normal 0 0 -1
    outer loop
      vertex 40.3902 8.96156 0
      vertex 40.5806 91.0861 0
      vertex 40.5806 8.91388 0
    endloop
  endfacet
  facet normal 0 0 -1
    outer loop
      vertex 40.3902 8.96156 0
      vertex 40.3902 91.0384 0
      vertex 40.5806 91.0861 0
    endloop
  endfacet
  facet normal 0 0 -1
    outer loop
      vertex 8.99036 42.196 0
      vertex 40.196 8.99036 0
      vertex 9 42 0
    endloop
  endfacet
  facet normal 0 0 -1
    outer loop
      vertex 40.196 8.99036 0
      vertex 8.99036 42.196 0
      vertex 40.3902 8.96156 0
    endloop
  endfacet
  facet normal 0 0 -1
    outer loop
      vertex 9 42 0
      vertex 40.196 8.99036 0
      vertex 40 9 0
    endloop
  endfacet
  facet normal 0 0 -1
    outer loop
      vertex 8.96156 42.3902 0
      vertex 40.3902 8.96156 0
      vertex 8.99036 42.196 0
    endloop
  endfacet
  facet normal 0 0 -1
    outer loop
      vertex 9 42 0
      vertex 40 9 0
      vertex 32 9 0
    endloop
  endfacet
  facet normal 0 0 -1
    outer loop
      vertex 40.3902 8.96156 0
      vertex 8.96156 42.3902 0
      vertex 40.3902 91.0384 0
    endloop
  endfacet
  facet normal 0 0 -1
    outer loop
      vertex 9 30 0
      vertex 32 9 0
      vertex 31.804 8.99036 0
    endloop
  endfacet
  facet normal 0 0 -1
    outer loop
      vertex 40.196 91.0096 0
      vertex 9 68 0
      vertex 40 91 0
    endloop
  endfacet
  facet normal 0 0 -1
    outer loop
      vertex 8.99036 29.804 0
      vertex 31.804 8.99036 0
      vertex 31.6098 8.96156 0
    endloop
  endfacet
  facet normal -0 0 -1
    outer loop
      vertex 40 91 0
      vertex 9 68 0
      vertex 32 91 0
    endloop
  endfacet
  facet normal 0 0 -1
    outer loop
      vertex 8.96156 29.6098 0
      vertex 31.6098 8.96156 0
      vertex 31.4194 8.91388 0
    endloop
  endfacet
  facet normal -0 0 -1
    outer loop
      vertex 32 91 0
      vertex 9 68 0
      vertex 31.804 91.0096 0
    endloop
  endfacet
  facet normal 0 0 -1
    outer loop
      vertex 8.91388 29.4194 0
      vertex 31.4194 8.91388 0
      vertex 31.2346 8.84775 0
    endloop
  endfacet
  facet normal -0 0 -1
    outer loop
      vertex 31.804 91.0096 0
      vertex 9 68 0
      vertex 31.6098 91.0384 0
    endloop
  endfacet
  facet normal 0 0 -1
    outer loop
      vertex 8.84775 29.2346 0
      vertex 31.2346 8.84775 0
      vertex 31.0572 8.76384 0
    endloop
  endfacet
  facet normal -0 0 -1
    outer loop
      vertex 31.6098 91.0384 0
      vertex 9 68 0
      vertex 31.4194 91.0861 0
    endloop
  endfacet
  facet normal 0 0 -1
    outer loop
      vertex 8.76384 29.0572 0
      vertex 31.0572 8.76384 0
      vertex 30.8889 8.66293 0
    endloop
  endfacet
  facet normal 0 0 -1
    outer loop
      vertex 9 80 0
      vertex 31.4194 91.0861 0
      vertex 9 68 0
    endloop
  endfacet
  facet normal 0 0 -1
    outer loop
      vertex 8.66293 28.8889 0
      vertex 30.8889 8.66293 0
      vertex 30.7312 8.54602 0
    endloop
  endfacet
  facet normal -0 0 -1
    outer loop
      vertex 31.4194 91.0861 0
      vertex 9 80 0
      vertex 31.2346 91.1522 0
    endloop
  endfacet
  facet normal 0 0 -1
    outer loop
      vertex 8.54602 28.7312 0
      vertex 30.7312 8.54602 0
      vertex 30.5858 8.4142 0
    endloop
  endfacet
  facet normal -0 0 -1
    outer loop
      vertex 31.2346 91.1522 0
      vertex 9 80 0
      vertex 31.0572 91.2361 0
    endloop
  endfacet
  facet normal 0 0 -1
    outer loop
      vertex 8.4142 28.5858 0
      vertex 30.5858 8.4142 0
      vertex 30.454 8.26878 0
    endloop
  endfacet
  facet normal -0 0 -1
    outer loop
      vertex 31.0572 91.2361 0
      vertex 9 80 0
      vertex 30.8889 91.3371 0
    endloop
  endfacet
  facet normal 0 0 -1
    outer loop
      vertex 8.26878 28.454 0
      vertex 30.454 8.26878 0
      vertex 30.3371 8.11113 0
    endloop
  endfacet
  facet normal -0 0 -1
    outer loop
      vertex 30.8889 91.3371 0
      vertex 9 80 0
      vertex 30.7312 91.454 0
    endloop
  endfacet
  facet normal 0 0 -1
    outer loop
      vertex 8.11113 28.3371 0
      vertex 30.3371 8.11113 0
      vertex 30.2361 7.94278 0
    endloop
  endfacet
  facet normal 0 0 -1
    outer loop
      vertex 8.99036 80.196 0
      vertex 30.7312 91.454 0
      vertex 9 80 0
    endloop
  endfacet
  facet normal 0 0 -1
    outer loop
      vertex 7.94278 28.2361 0
      vertex 30.2361 7.94278 0
      vertex 30.1522 7.76537 0
    endloop
  endfacet
  facet normal -0 0 -1
    outer loop
      vertex 30.7312 91.454 0
      vertex 8.99036 80.196 0
      vertex 30.5858 91.5858 0
    endloop
  endfacet
  facet normal 0 0 -1
    outer loop
      vertex 6 0 0
      vertex 30.1522 7.76537 0
      vertex 30.0861 7.58057 0
    endloop
  endfacet
  facet normal 0 0 -1
    outer loop
      vertex 8.96156 80.3902 0
      vertex 30.5858 91.5858 0
      vertex 8.99036 80.196 0
    endloop
  endfacet
  facet normal 0 0 -1
    outer loop
      vertex 6 0 0
      vertex 30.0861 7.58057 0
      vertex 30.0384 7.39017 0
    endloop
  endfacet
  facet normal -0 0 -1
    outer loop
      vertex 30.5858 91.5858 0
      vertex 8.96156 80.3902 0
      vertex 30.454 91.7312 0
    endloop
  endfacet
  facet normal 0 0 -1
    outer loop
      vertex 6 0 0
      vertex 30.0384 7.39017 0
      vertex 30.0096 7.19603 0
    endloop
  endfacet
  facet normal 0 0 -1
    outer loop
      vertex 8.91388 80.5806 0
      vertex 30.454 91.7312 0
      vertex 8.96156 80.3902 0
    endloop
  endfacet
  facet normal 0 0 -1
    outer loop
      vertex 6 0 0
      vertex 30.0096 7.19603 0
      vertex 30 7 0
    endloop
  endfacet
  facet normal -0 0 -1
    outer loop
      vertex 30.454 91.7312 0
      vertex 8.91388 80.5806 0
      vertex 30.3371 91.8889 0
    endloop
  endfacet
  facet normal -0 0 -1
    outer loop
      vertex 145 24 0
      vertex 109.269 8.54602 0
      vertex 145.005 24.098 0
    endloop
  endfacet
  facet normal 0 0 -1
    outer loop
      vertex 145.005 55.902 0
      vertex 109.99 92.804 0
      vertex 110 93 0
    endloop
  endfacet
  facet normal 0 0 -1
    outer loop
      vertex 109.111 8.66293 0
      vertex 145.005 24.098 0
      vertex 109.269 8.54602 0
    endloop
  endfacet
  facet normal 0 0 -1
    outer loop
      vertex 145.005 55.902 0
      vertex 109.962 92.6098 0
      vertex 109.99 92.804 0
    endloop
  endfacet
  facet normal -0 0 -1
    outer loop
      vertex 145.005 24.098 0
      vertex 109.111 8.66293 0
      vertex 145.019 24.1951 0
    endloop
  endfacet
  facet normal 0 0 -1
    outer loop
      vertex 145.005 55.902 0
      vertex 109.914 92.4194 0
      vertex 109.962 92.6098 0
    endloop
  endfacet
  facet normal 0 0 -1
    outer loop
      vertex 108.943 8.76384 0
      vertex 145.019 24.1951 0
      vertex 109.111 8.66293 0
    endloop
  endfacet
  facet normal 0 0 -1
    outer loop
      vertex 145.005 55.902 0
      vertex 109.848 92.2346 0
      vertex 109.914 92.4194 0
    endloop
  endfacet
  facet normal -0 0 -1
    outer loop
      vertex 145.019 24.1951 0
      vertex 108.943 8.76384 0
      vertex 145.019 35.8049 0
    endloop
  endfacet
  facet normal 0 0 -1
    outer loop
      vertex 145.005 55.902 0
      vertex 109.764 92.0572 0
      vertex 109.848 92.2346 0
    endloop
  endfacet
  facet normal -0 0 -1
    outer loop
      vertex 145.019 35.8049 0
      vertex 108.943 8.76384 0
      vertex 145.005 35.902 0
    endloop
  endfacet
  facet normal 0 0 -1
    outer loop
      vertex 145.005 55.902 0
      vertex 109.663 91.8889 0
      vertex 109.764 92.0572 0
    endloop
  endfacet
  facet normal 0 0 -1
    outer loop
      vertex 108.765 8.84775 0
      vertex 145.005 35.902 0
      vertex 108.943 8.76384 0
    endloop
  endfacet
  facet normal 0 0 -1
    outer loop
      vertex 145.005 55.902 0
      vertex 109.546 91.7312 0
      vertex 109.663 91.8889 0
    endloop
  endfacet
  facet normal -0 0 -1
    outer loop
      vertex 145.005 35.902 0
      vertex 108.765 8.84775 0
      vertex 145 36 0
    endloop
  endfacet
  facet normal 0 0 -1
    outer loop
      vertex 145.005 55.902 0
      vertex 109.414 91.5858 0
      vertex 109.546 91.7312 0
    endloop
  endfacet
  facet normal 0 0 -1
    outer loop
      vertex 108.581 8.91388 0
      vertex 145 36 0
      vertex 108.765 8.84775 0
    endloop
  endfacet
  facet normal 0 0 -1
    outer loop
      vertex 145.005 55.902 0
      vertex 109.269 91.454 0
      vertex 109.414 91.5858 0
    endloop
  endfacet
  facet normal 0 0 -1
    outer loop
      vertex 108.39 8.96156 0
      vertex 145 36 0
      vertex 108.581 8.91388 0
    endloop
  endfacet
  facet normal 0 0 -1
    outer loop
      vertex 145.005 55.902 0
      vertex 109.111 91.3371 0
      vertex 109.269 91.454 0
    endloop
  endfacet
  facet normal -0 0 -1
    outer loop
      vertex 145 36 0
      vertex 108.39 8.96156 0
      vertex 145 44 0
    endloop
  endfacet
  facet normal 0 0 -1
    outer loop
      vertex 145.005 55.902 0
      vertex 108.943 91.2361 0
      vertex 109.111 91.3371 0
    endloop
  endfacet
  facet normal 0 0 -1
    outer loop
      vertex 108.196 8.99036 0
      vertex 145 44 0
      vertex 108.39 8.96156 0
    endloop
  endfacet
  facet normal 0 0 -1
    outer loop
      vertex 145.005 55.902 0
      vertex 108.765 91.1522 0
      vertex 108.943 91.2361 0
    endloop
  endfacet
  facet normal 0 0 -1
    outer loop
      vertex 108 9 0
      vertex 145 44 0
      vertex 108.196 8.99036 0
    endloop
  endfacet
  facet normal 0 0 -1
    outer loop
      vertex 145.005 55.902 0
      vertex 108.581 91.0861 0
      vertex 108.765 91.1522 0
    endloop
  endfacet
  facet normal -0 0 -1
    outer loop
      vertex 145 44 0
      vertex 108 9 0
      vertex 145.005 44.098 0
    endloop
  endfacet
  facet normal 0 0 -1
    outer loop
      vertex 145.005 55.902 0
      vertex 108.39 91.0384 0
      vertex 108.581 91.0861 0
    endloop
  endfacet
  facet normal -0 0 -1
    outer loop
      vertex 145.005 44.098 0
      vertex 108 9 0
      vertex 145.005 55.902 0
    endloop
  endfacet
  facet normal 0 0 -1
    outer loop
      vertex 145.005 55.902 0
      vertex 108.196 91.0096 0
      vertex 108.39 91.0384 0
    endloop
  endfacet
  facet normal 0 0 -1
    outer loop
      vertex 108 91 0
      vertex 145.005 55.902 0
      vertex 108 9 0
    endloop
  endfacet
  facet normal 0 0 -1
    outer loop
      vertex 145.005 55.902 0
      vertex 108 91 0
      vertex 108.196 91.0096 0
    endloop
  endfacet
  facet normal 0 0 -1
    outer loop
      vertex 100 9 0
      vertex 108 91 0
      vertex 108 9 0
    endloop
  endfacet
  facet normal 0 0 -1
    outer loop
      vertex 100 9 0
      vertex 100 91 0
      vertex 108 91 0
    endloop
  endfacet
  facet normal 0 0 -1
    outer loop
      vertex 99.804 8.99036 0
      vertex 100 91 0
      vertex 100 9 0
    endloop
  endfacet
  facet normal 0 0 -1
    outer loop
      vertex 99.804 8.99036 0
      vertex 99.804 91.0096 0
      vertex 100 91 0
    endloop
  endfacet
  facet normal 0 0 -1
    outer loop
      vertex 99.6098 8.96156 0
      vertex 99.804 91.0096 0
      vertex 99.804 8.99036 0
    endloop
  endfacet
  facet normal 0 0 -1
    outer loop
      vertex 99.6098 8.96156 0
      vertex 99.6098 91.0384 0
      vertex 99.804 91.0096 0
    endloop
  endfacet
  facet normal 0 0 -1
    outer loop
      vertex 99.4194 8.91388 0
      vertex 99.6098 91.0384 0
      vertex 99.6098 8.96156 0
    endloop
  endfacet
  facet normal 0 0 -1
    outer loop
      vertex 99.4194 8.91388 0
      vertex 99.4194 91.0861 0
      vertex 99.6098 91.0384 0
    endloop
  endfacet
  facet normal 0 0 -1
    outer loop
      vertex 99.2346 8.84775 0
      vertex 99.4194 91.0861 0
      vertex 99.4194 8.91388 0
    endloop
  endfacet
  facet normal 0 0 -1
    outer loop
      vertex 99.2346 8.84775 0
      vertex 99.2346 91.1522 0
      vertex 99.4194 91.0861 0
    endloop
  endfacet
  facet normal 0 0 -1
    outer loop
      vertex 99.0572 8.76384 0
      vertex 99.2346 91.1522 0
      vertex 99.2346 8.84775 0
    endloop
  endfacet
  facet normal 0 0 -1
    outer loop
      vertex 99.0572 8.76384 0
      vertex 99.0572 91.2361 0
      vertex 99.2346 91.1522 0
    endloop
  endfacet
  facet normal 0 0 -1
    outer loop
      vertex 98.8889 8.66293 0
      vertex 99.0572 91.2361 0
      vertex 99.0572 8.76384 0
    endloop
  endfacet
  facet normal 0 0 -1
    outer loop
      vertex 98.8889 8.66293 0
      vertex 98.8889 91.3371 0
      vertex 99.0572 91.2361 0
    endloop
  endfacet
  facet normal 0 0 -1
    outer loop
      vertex 41.7638 7.94278 0
      vertex 98.2361 7.94278 0
      vertex 41.8477 7.76537 0
    endloop
  endfacet
  facet normal 0 0 -1
    outer loop
      vertex 98.2361 7.94278 0
      vertex 41.7638 7.94278 0
      vertex 98.3371 8.11113 0
    endloop
  endfacet
  facet normal 0 0 -1
    outer loop
      vertex 98.1522 7.76537 0
      vertex 41.8477 7.76537 0
      vertex 98.2361 7.94278 0
    endloop
  endfacet
  facet normal 0 0 -1
    outer loop
      vertex 41.6629 8.11113 0
      vertex 98.3371 8.11113 0
      vertex 41.7638 7.94278 0
    endloop
  endfacet
  facet normal 0 0 -1
    outer loop
      vertex 41.8477 7.76537 0
      vertex 98.1522 7.76537 0
      vertex 41.9139 7.58057 0
    endloop
  endfacet
  facet normal 0 0 -1
    outer loop
      vertex 98.8889 91.3371 0
      vertex 42 93 0
      vertex 98.7312 91.454 0
    endloop
  endfacet
  facet normal 0 0 -1
    outer loop
      vertex 98.0861 7.58057 0
      vertex 41.9139 7.58057 0
      vertex 98.1522 7.76537 0
    endloop
  endfacet
  facet normal 0 0 -1
    outer loop
      vertex 98.7312 91.454 0
      vertex 42 93 0
      vertex 98.5858 91.5858 0
    endloop
  endfacet
  facet normal 0 0 -1
    outer loop
      vertex 41.9139 7.58057 0
      vertex 98.0861 7.58057 0
      vertex 41.9616 7.39017 0
    endloop
  endfacet
  facet normal 0 0 -1
    outer loop
      vertex 98.5858 91.5858 0
      vertex 42 93 0
      vertex 98.454 91.7312 0
    endloop
  endfacet
  facet normal 0 0 -1
    outer loop
      vertex 98.0384 7.39017 0
      vertex 41.9616 7.39017 0
      vertex 98.0861 7.58057 0
    endloop
  endfacet
  facet normal 0 0 -1
    outer loop
      vertex 98.454 91.7312 0
      vertex 42 93 0
      vertex 98.3371 91.8889 0
    endloop
  endfacet
  facet normal 0 0 -1
    outer loop
      vertex 41.9616 7.39017 0
      vertex 98.0384 7.39017 0
      vertex 41.9904 7.19603 0
    endloop
  endfacet
  facet normal 0 0 -1
    outer loop
      vertex 98.3371 91.8889 0
      vertex 42 93 0
      vertex 98.2361 92.0572 0
    endloop
  endfacet
  facet normal 0 0 -1
    outer loop
      vertex 98.0096 7.19603 0
      vertex 41.9904 7.19603 0
      vertex 98.0384 7.39017 0
    endloop
  endfacet
  facet normal 0 0 -1
    outer loop
      vertex 98.2361 92.0572 0
      vertex 42 93 0
      vertex 98.1522 92.2346 0
    endloop
  endfacet
  facet normal 0 0 -1
    outer loop
      vertex 41.9904 7.19603 0
      vertex 98.0096 7.19603 0
      vertex 42 7 0
    endloop
  endfacet
  facet normal 0 0 -1
    outer loop
      vertex 98.1522 92.2346 0
      vertex 42 93 0
      vertex 98.0861 92.4194 0
    endloop
  endfacet
  facet normal 0 0 -1
    outer loop
      vertex 42 7 0
      vertex 98.0096 7.19603 0
      vertex 98 7 0
    endloop
  endfacet
  facet normal 0 0 -1
    outer loop
      vertex 98.0861 92.4194 0
      vertex 42 93 0
      vertex 98.0384 92.6098 0
    endloop
  endfacet
  facet normal 0 0 -1
    outer loop
      vertex 152.227 64.6344 0
      vertex 147.973 64.6344 0
      vertex 152.293 64.7071 0
    endloop
  endfacet
  facet normal 0 0 -1
    outer loop
      vertex 152.444 75.1685 0
      vertex 148.195 75.902 0
      vertex 148.2 76 0
    endloop
  endfacet
  facet normal 0 0 -1
    outer loop
      vertex 147.907 64.7071 0
      vertex 152.293 64.7071 0
      vertex 147.973 64.6344 0
    endloop
  endfacet
  facet normal 0 0 -1
    outer loop
      vertex 152.444 75.1685 0
      vertex 148.181 75.8049 0
      vertex 148.195 75.902 0
    endloop
  endfacet
  facet normal 0 0 -1
    outer loop
      vertex 152.293 64.7071 0
      vertex 147.907 64.7071 0
      vertex 152.366 64.773 0
    endloop
  endfacet
  facet normal 0 0 -1
    outer loop
      vertex 152.444 75.1685 0
      vertex 148.157 75.7097 0
      vertex 148.181 75.8049 0
    endloop
  endfacet
  facet normal 0 0 -1
    outer loop
      vertex 147.834 64.773 0
      vertex 152.366 64.773 0
      vertex 147.907 64.7071 0
    endloop
  endfacet
  facet normal 0 0 -1
    outer loop
      vertex 152.444 75.1685 0
      vertex 148.124 75.6173 0
      vertex 148.157 75.7097 0
    endloop
  endfacet
  facet normal 0 0 -1
    outer loop
      vertex 152.366 64.773 0
      vertex 147.834 64.773 0
      vertex 152.444 64.8315 0
    endloop
  endfacet
  facet normal 0 0 -1
    outer loop
      vertex 152.444 75.1685 0
      vertex 148.082 75.5286 0
      vertex 148.124 75.6173 0
    endloop
  endfacet
  facet normal 0 0 -1
    outer loop
      vertex 147.756 64.8315 0
      vertex 152.444 64.8315 0
      vertex 147.834 64.773 0
    endloop
  endfacet
  facet normal 0 0 -1
    outer loop
      vertex 152.444 75.1685 0
      vertex 148.031 75.4444 0
      vertex 148.082 75.5286 0
    endloop
  endfacet
  facet normal 0 0 -1
    outer loop
      vertex 152.444 64.8315 0
      vertex 147.756 64.8315 0
      vertex 152.529 64.8819 0
    endloop
  endfacet
  facet normal 0 0 -1
    outer loop
      vertex 152.444 75.1685 0
      vertex 147.973 75.3656 0
      vertex 148.031 75.4444 0
    endloop
  endfacet
  facet normal 0 0 -1
    outer loop
      vertex 147.671 64.8819 0
      vertex 152.529 64.8819 0
      vertex 147.756 64.8315 0
    endloop
  endfacet
  facet normal 0 0 -1
    outer loop
      vertex 152.444 75.1685 0
      vertex 147.907 75.2929 0
      vertex 147.973 75.3656 0
    endloop
  endfacet
  facet normal 0 0 -1
    outer loop
      vertex 152.529 64.8819 0
      vertex 147.671 64.8819 0
      vertex 152.529 75.1181 0
    endloop
  endfacet
  facet normal 0 0 -1
    outer loop
      vertex 152.444 75.1685 0
      vertex 147.834 75.227 0
      vertex 147.907 75.2929 0
    endloop
  endfacet
  facet normal 0 0 -1
    outer loop
      vertex 147.671 75.1181 0
      vertex 152.529 75.1181 0
      vertex 147.671 64.8819 0
    endloop
  endfacet
  facet normal 0 0 -1
    outer loop
      vertex 152.444 75.1685 0
      vertex 147.756 75.1685 0
      vertex 147.834 75.227 0
    endloop
  endfacet
  facet normal 0 0 -1
    outer loop
      vertex 152.529 75.1181 0
      vertex 147.671 75.1181 0
      vertex 152.444 75.1685 0
    endloop
  endfacet
  facet normal -0 0 -1
    outer loop
      vertex 152.444 75.1685 0
      vertex 147.671 75.1181 0
      vertex 147.756 75.1685 0
    endloop
  endfacet
  facet normal 0 0 -1
    outer loop
      vertex 147.583 64.9239 0
      vertex 147.671 75.1181 0
      vertex 147.671 64.8819 0
    endloop
  endfacet
  facet normal 0 0 -1
    outer loop
      vertex 147.583 64.9239 0
      vertex 147.583 75.0761 0
      vertex 147.671 75.1181 0
    endloop
  endfacet
  facet normal 0 0 -1
    outer loop
      vertex 147.49 64.9569 0
      vertex 147.583 75.0761 0
      vertex 147.583 64.9239 0
    endloop
  endfacet
  facet normal 0 0 -1
    outer loop
      vertex 147.49 64.9569 0
      vertex 147.49 75.043 0
      vertex 147.583 75.0761 0
    endloop
  endfacet
  facet normal 0 0 -1
    outer loop
      vertex 147.395 64.9808 0
      vertex 147.49 75.043 0
      vertex 147.49 64.9569 0
    endloop
  endfacet
  facet normal 0 0 -1
    outer loop
      vertex 147.395 64.9808 0
      vertex 147.395 75.0192 0
      vertex 147.49 75.043 0
    endloop
  endfacet
  facet normal 0 0 -1
    outer loop
      vertex 147.298 64.9952 0
      vertex 147.395 75.0192 0
      vertex 147.395 64.9808 0
    endloop
  endfacet
  facet normal 0 0 -1
    outer loop
      vertex 147.298 64.9952 0
      vertex 147.298 75.0048 0
      vertex 147.395 75.0192 0
    endloop
  endfacet
  facet normal 0 0 -1
    outer loop
      vertex 147.2 65 0
      vertex 147.298 75.0048 0
      vertex 147.298 64.9952 0
    endloop
  endfacet
  facet normal 0 0 -1
    outer loop
      vertex 147.2 65 0
      vertex 147.2 75 0
      vertex 147.298 75.0048 0
    endloop
  endfacet
  facet normal 0 0 -1
    outer loop
      vertex 146 65 0
      vertex 147.2 75 0
      vertex 147.2 65 0
    endloop
  endfacet
  facet normal 0 0 -1
    outer loop
      vertex 146 65 0
      vertex 146 75 0
      vertex 147.2 75 0
    endloop
  endfacet
  facet normal 0 0 -1
    outer loop
      vertex 145.902 64.9952 0
      vertex 146 75 0
      vertex 146 65 0
    endloop
  endfacet
  facet normal 0 0 -1
    outer loop
      vertex 145.902 64.9952 0
      vertex 145.902 75.0048 0
      vertex 146 75 0
    endloop
  endfacet
  facet normal 0 0 -1
    outer loop
      vertex 145.805 64.9808 0
      vertex 145.902 75.0048 0
      vertex 145.902 64.9952 0
    endloop
  endfacet
  facet normal 0 0 -1
    outer loop
      vertex 145.805 64.9808 0
      vertex 145.805 75.0192 0
      vertex 145.902 75.0048 0
    endloop
  endfacet
  facet normal 0 0 -1
    outer loop
      vertex 145.71 64.9569 0
      vertex 145.805 75.0192 0
      vertex 145.805 64.9808 0
    endloop
  endfacet
  facet normal 0 0 -1
    outer loop
      vertex 145.71 64.9569 0
      vertex 145.71 75.043 0
      vertex 145.805 75.0192 0
    endloop
  endfacet
  facet normal 0 0 -1
    outer loop
      vertex 145.617 64.9239 0
      vertex 145.71 75.043 0
      vertex 145.71 64.9569 0
    endloop
  endfacet
  facet normal 0 0 -1
    outer loop
      vertex 145.617 64.9239 0
      vertex 145.617 75.0761 0
      vertex 145.71 75.043 0
    endloop
  endfacet
  facet normal 0 0 -1
    outer loop
      vertex 145.529 64.8819 0
      vertex 145.617 75.0761 0
      vertex 145.617 64.9239 0
    endloop
  endfacet
  facet normal 0 0 -1
    outer loop
      vertex 145.529 64.8819 0
      vertex 145.529 75.1181 0
      vertex 145.617 75.0761 0
    endloop
  endfacet
  facet normal 0 0 -1
    outer loop
      vertex 145.444 64.8315 0
      vertex 145.529 75.1181 0
      vertex 145.529 64.8819 0
    endloop
  endfacet
  facet normal 0 0 -1
    outer loop
      vertex 145.444 64.8315 0
      vertex 145.444 75.1685 0
      vertex 145.529 75.1181 0
    endloop
  endfacet
  facet normal 0 0 -1
    outer loop
      vertex 145.366 64.773 0
      vertex 145.444 75.1685 0
      vertex 145.444 64.8315 0
    endloop
  endfacet
  facet normal 0 0 -1
    outer loop
      vertex 145.366 64.773 0
      vertex 145.366 75.227 0
      vertex 145.444 75.1685 0
    endloop
  endfacet
  facet normal 0 0 -1
    outer loop
      vertex 145.293 64.7071 0
      vertex 145.366 75.227 0
      vertex 145.366 64.773 0
    endloop
  endfacet
  facet normal 0 0 -1
    outer loop
      vertex 145.293 64.7071 0
      vertex 145.293 75.2929 0
      vertex 145.366 75.227 0
    endloop
  endfacet
  facet normal 0 0 -1
    outer loop
      vertex 145.227 64.6344 0
      vertex 145.293 75.2929 0
      vertex 145.293 64.7071 0
    endloop
  endfacet
  facet normal 0 0 -1
    outer loop
      vertex 145.227 64.6344 0
      vertex 145.227 75.3656 0
      vertex 145.293 75.2929 0
    endloop
  endfacet
  facet normal 0 0 -1
    outer loop
      vertex 145.169 64.5556 0
      vertex 145.227 75.3656 0
      vertex 145.227 64.6344 0
    endloop
  endfacet
  facet normal 0 0 -1
    outer loop
      vertex 145.169 64.5556 0
      vertex 145.169 75.4444 0
      vertex 145.227 75.3656 0
    endloop
  endfacet
  facet normal 0 0 -1
    outer loop
      vertex 145.118 64.4714 0
      vertex 145.169 75.4444 0
      vertex 145.169 64.5556 0
    endloop
  endfacet
  facet normal 0 0 -1
    outer loop
      vertex 145.118 64.4714 0
      vertex 145.118 75.5286 0
      vertex 145.169 75.4444 0
    endloop
  endfacet
  facet normal 0 0 -1
    outer loop
      vertex 145.076 64.3827 0
      vertex 145.118 75.5286 0
      vertex 145.118 64.4714 0
    endloop
  endfacet
  facet normal 0 0 -1
    outer loop
      vertex 145.076 64.3827 0
      vertex 145.076 75.6173 0
      vertex 145.118 75.5286 0
    endloop
  endfacet
  facet normal 0 0 -1
    outer loop
      vertex 145.043 64.2903 0
      vertex 145.076 75.6173 0
      vertex 145.076 64.3827 0
    endloop
  endfacet
  facet normal 0 0 -1
    outer loop
      vertex 145.043 64.2903 0
      vertex 145.043 75.7097 0
      vertex 145.076 75.6173 0
    endloop
  endfacet
  facet normal 0 0 -1
    outer loop
      vertex 145.019 64.1951 0
      vertex 145.043 75.7097 0
      vertex 145.043 64.2903 0
    endloop
  endfacet
  facet normal 0 0 -1
    outer loop
      vertex 145.019 64.1951 0
      vertex 145.019 75.8049 0
      vertex 145.043 75.7097 0
    endloop
  endfacet
  facet normal 0 0 -1
    outer loop
      vertex 110 93 0
      vertex 145.019 64.1951 0
      vertex 145.005 64.098 0
    endloop
  endfacet
  facet normal 0 0 -1
    outer loop
      vertex 145.019 64.1951 0
      vertex 110 93 0
      vertex 145.019 75.8049 0
    endloop
  endfacet
  facet normal 0 0 -1
    outer loop
      vertex 110 93 0
      vertex 145.005 64.098 0
      vertex 145 64 0
    endloop
  endfacet
  facet normal 0 0 -1
    outer loop
      vertex 145.019 75.8049 0
      vertex 110 93 0
      vertex 145.005 75.902 0
    endloop
  endfacet
  facet normal 0 0 -1
    outer loop
      vertex 152.227 44.6344 0
      vertex 147.973 44.6344 0
      vertex 152.293 44.7071 0
    endloop
  endfacet
  facet normal 0 0 -1
    outer loop
      vertex 152.444 55.1685 0
      vertex 148.195 55.902 0
      vertex 148.2 56 0
    endloop
  endfacet
  facet normal 0 0 -1
    outer loop
      vertex 147.907 44.7071 0
      vertex 152.293 44.7071 0
      vertex 147.973 44.6344 0
    endloop
  endfacet
  facet normal 0 0 -1
    outer loop
      vertex 152.444 55.1685 0
      vertex 148.181 55.8049 0
      vertex 148.195 55.902 0
    endloop
  endfacet
  facet normal 0 0 -1
    outer loop
      vertex 152.293 44.7071 0
      vertex 147.907 44.7071 0
      vertex 152.366 44.773 0
    endloop
  endfacet
  facet normal 0 0 -1
    outer loop
      vertex 152.444 55.1685 0
      vertex 148.157 55.7097 0
      vertex 148.181 55.8049 0
    endloop
  endfacet
  facet normal 0 0 -1
    outer loop
      vertex 147.834 44.773 0
      vertex 152.366 44.773 0
      vertex 147.907 44.7071 0
    endloop
  endfacet
  facet normal 0 0 -1
    outer loop
      vertex 152.444 55.1685 0
      vertex 148.124 55.6173 0
      vertex 148.157 55.7097 0
    endloop
  endfacet
  facet normal 0 0 -1
    outer loop
      vertex 152.366 44.773 0
      vertex 147.834 44.773 0
      vertex 152.444 44.8315 0
    endloop
  endfacet
  facet normal 0 0 -1
    outer loop
      vertex 152.444 55.1685 0
      vertex 148.082 55.5286 0
      vertex 148.124 55.6173 0
    endloop
  endfacet
  facet normal 0 0 -1
    outer loop
      vertex 147.756 44.8315 0
      vertex 152.444 44.8315 0
      vertex 147.834 44.773 0
    endloop
  endfacet
  facet normal 0 0 -1
    outer loop
      vertex 152.444 55.1685 0
      vertex 148.031 55.4444 0
      vertex 148.082 55.5286 0
    endloop
  endfacet
  facet normal 0 0 -1
    outer loop
      vertex 152.444 44.8315 0
      vertex 147.756 44.8315 0
      vertex 152.529 44.8819 0
    endloop
  endfacet
  facet normal 0 0 -1
    outer loop
      vertex 152.444 55.1685 0
      vertex 147.973 55.3656 0
      vertex 148.031 55.4444 0
    endloop
  endfacet
  facet normal 0 0 -1
    outer loop
      vertex 147.671 44.8819 0
      vertex 152.529 44.8819 0
      vertex 147.756 44.8315 0
    endloop
  endfacet
  facet normal 0 0 -1
    outer loop
      vertex 152.444 55.1685 0
      vertex 147.907 55.2929 0
      vertex 147.973 55.3656 0
    endloop
  endfacet
  facet normal 0 0 -1
    outer loop
      vertex 152.529 44.8819 0
      vertex 147.671 44.8819 0
      vertex 152.529 55.1181 0
    endloop
  endfacet
  facet normal 0 0 -1
    outer loop
      vertex 152.444 55.1685 0
      vertex 147.834 55.227 0
      vertex 147.907 55.2929 0
    endloop
  endfacet
  facet normal 0 0 -1
    outer loop
      vertex 147.671 55.1181 0
      vertex 152.529 55.1181 0
      vertex 147.671 44.8819 0
    endloop
  endfacet
  facet normal 0 0 -1
    outer loop
      vertex 152.444 55.1685 0
      vertex 147.756 55.1685 0
      vertex 147.834 55.227 0
    endloop
  endfacet
  facet normal 0 0 -1
    outer loop
      vertex 152.529 55.1181 0
      vertex 147.671 55.1181 0
      vertex 152.444 55.1685 0
    endloop
  endfacet
  facet normal -0 0 -1
    outer loop
      vertex 152.444 55.1685 0
      vertex 147.671 55.1181 0
      vertex 147.756 55.1685 0
    endloop
  endfacet
  facet normal 0 0 -1
    outer loop
      vertex 147.583 44.9239 0
      vertex 147.671 55.1181 0
      vertex 147.671 44.8819 0
    endloop
  endfacet
  facet normal 0 0 -1
    outer loop
      vertex 147.583 44.9239 0
      vertex 147.583 55.0761 0
      vertex 147.671 55.1181 0
    endloop
  endfacet
  facet normal 0 0 -1
    outer loop
      vertex 147.49 44.9569 0
      vertex 147.583 55.0761 0
      vertex 147.583 44.9239 0
    endloop
  endfacet
  facet normal 0 0 -1
    outer loop
      vertex 147.49 44.9569 0
      vertex 147.49 55.043 0
      vertex 147.583 55.0761 0
    endloop
  endfacet
  facet normal 0 0 -1
    outer loop
      vertex 147.395 44.9808 0
      vertex 147.49 55.043 0
      vertex 147.49 44.9569 0
    endloop
  endfacet
  facet normal 0 0 -1
    outer loop
      vertex 147.395 44.9808 0
      vertex 147.395 55.0192 0
      vertex 147.49 55.043 0
    endloop
  endfacet
  facet normal 0 0 -1
    outer loop
      vertex 147.298 44.9952 0
      vertex 147.395 55.0192 0
      vertex 147.395 44.9808 0
    endloop
  endfacet
  facet normal 0 0 -1
    outer loop
      vertex 147.298 44.9952 0
      vertex 147.298 55.0048 0
      vertex 147.395 55.0192 0
    endloop
  endfacet
  facet normal 0 0 -1
    outer loop
      vertex 147.2 45 0
      vertex 147.298 55.0048 0
      vertex 147.298 44.9952 0
    endloop
  endfacet
  facet normal 0 0 -1
    outer loop
      vertex 147.2 45 0
      vertex 147.2 55 0
      vertex 147.298 55.0048 0
    endloop
  endfacet
  facet normal 0 0 -1
    outer loop
      vertex 146 45 0
      vertex 147.2 55 0
      vertex 147.2 45 0
    endloop
  endfacet
  facet normal 0 0 -1
    outer loop
      vertex 146 45 0
      vertex 146 55 0
      vertex 147.2 55 0
    endloop
  endfacet
  facet normal 0 0 -1
    outer loop
      vertex 145.902 44.9952 0
      vertex 146 55 0
      vertex 146 45 0
    endloop
  endfacet
  facet normal 0 0 -1
    outer loop
      vertex 145.902 44.9952 0
      vertex 145.902 55.0048 0
      vertex 146 55 0
    endloop
  endfacet
  facet normal 0 0 -1
    outer loop
      vertex 145.805 44.9808 0
      vertex 145.902 55.0048 0
      vertex 145.902 44.9952 0
    endloop
  endfacet
  facet normal 0 0 -1
    outer loop
      vertex 145.805 44.9808 0
      vertex 145.805 55.0192 0
      vertex 145.902 55.0048 0
    endloop
  endfacet
  facet normal 0 0 -1
    outer loop
      vertex 145.71 44.9569 0
      vertex 145.805 55.0192 0
      vertex 145.805 44.9808 0
    endloop
  endfacet
  facet normal 0 0 -1
    outer loop
      vertex 145.71 44.9569 0
      vertex 145.71 55.043 0
      vertex 145.805 55.0192 0
    endloop
  endfacet
  facet normal 0 0 -1
    outer loop
      vertex 145.617 44.9239 0
      vertex 145.71 55.043 0
      vertex 145.71 44.9569 0
    endloop
  endfacet
  facet normal 0 0 -1
    outer loop
      vertex 145.617 44.9239 0
      vertex 145.617 55.0761 0
      vertex 145.71 55.043 0
    endloop
  endfacet
  facet normal 0 0 -1
    outer loop
      vertex 145.529 44.8819 0
      vertex 145.617 55.0761 0
      vertex 145.617 44.9239 0
    endloop
  endfacet
  facet normal 0 0 -1
    outer loop
      vertex 145.529 44.8819 0
      vertex 145.529 55.1181 0
      vertex 145.617 55.0761 0
    endloop
  endfacet
  facet normal 0 0 -1
    outer loop
      vertex 145.444 44.8315 0
      vertex 145.529 55.1181 0
      vertex 145.529 44.8819 0
    endloop
  endfacet
  facet normal 0 0 -1
    outer loop
      vertex 145.444 44.8315 0
      vertex 145.444 55.1685 0
      vertex 145.529 55.1181 0
    endloop
  endfacet
  facet normal 0 0 -1
    outer loop
      vertex 145.366 44.773 0
      vertex 145.444 55.1685 0
      vertex 145.444 44.8315 0
    endloop
  endfacet
  facet normal 0 0 -1
    outer loop
      vertex 145.366 44.773 0
      vertex 145.366 55.227 0
      vertex 145.444 55.1685 0
    endloop
  endfacet
  facet normal 0 0 -1
    outer loop
      vertex 145.293 44.7071 0
      vertex 145.366 55.227 0
      vertex 145.366 44.773 0
    endloop
  endfacet
  facet normal 0 0 -1
    outer loop
      vertex 145.293 44.7071 0
      vertex 145.293 55.2929 0
      vertex 145.366 55.227 0
    endloop
  endfacet
  facet normal 0 0 -1
    outer loop
      vertex 145.227 44.6344 0
      vertex 145.293 55.2929 0
      vertex 145.293 44.7071 0
    endloop
  endfacet
  facet normal 0 0 -1
    outer loop
      vertex 145.227 44.6344 0
      vertex 145.227 55.3656 0
      vertex 145.293 55.2929 0
    endloop
  endfacet
  facet normal 0 0 -1
    outer loop
      vertex 145.169 44.5556 0
      vertex 145.227 55.3656 0
      vertex 145.227 44.6344 0
    endloop
  endfacet
  facet normal 0 0 -1
    outer loop
      vertex 145.169 44.5556 0
      vertex 145.169 55.4444 0
      vertex 145.227 55.3656 0
    endloop
  endfacet
  facet normal 0 0 -1
    outer loop
      vertex 145.118 44.4714 0
      vertex 145.169 55.4444 0
      vertex 145.169 44.5556 0
    endloop
  endfacet
  facet normal 0 0 -1
    outer loop
      vertex 145.118 44.4714 0
      vertex 145.118 55.5286 0
      vertex 145.169 55.4444 0
    endloop
  endfacet
  facet normal 0 0 -1
    outer loop
      vertex 145.076 44.3827 0
      vertex 145.118 55.5286 0
      vertex 145.118 44.4714 0
    endloop
  endfacet
  facet normal 0 0 -1
    outer loop
      vertex 145.076 44.3827 0
      vertex 145.076 55.6173 0
      vertex 145.118 55.5286 0
    endloop
  endfacet
  facet normal 0 0 -1
    outer loop
      vertex 145.043 44.2903 0
      vertex 145.076 55.6173 0
      vertex 145.076 44.3827 0
    endloop
  endfacet
  facet normal 0 0 -1
    outer loop
      vertex 145.043 44.2903 0
      vertex 145.043 55.7097 0
      vertex 145.076 55.6173 0
    endloop
  endfacet
  facet normal 0 0 -1
    outer loop
      vertex 145.019 44.1951 0
      vertex 145.043 55.7097 0
      vertex 145.043 44.2903 0
    endloop
  endfacet
  facet normal 0 0 -1
    outer loop
      vertex 145.019 44.1951 0
      vertex 145.019 55.8049 0
      vertex 145.043 55.7097 0
    endloop
  endfacet
  facet normal 0 0 -1
    outer loop
      vertex 145.005 44.098 0
      vertex 145.019 55.8049 0
      vertex 145.019 44.1951 0
    endloop
  endfacet
  facet normal 0 0 -1
    outer loop
      vertex 145.005 44.098 0
      vertex 145.005 55.902 0
      vertex 145.019 55.8049 0
    endloop
  endfacet
  facet normal 0 0 -1
    outer loop
      vertex 109.546 8.26878 0
      vertex 145 24 0
      vertex 109.663 8.11113 0
    endloop
  endfacet
  facet normal 0 0 -1
    outer loop
      vertex 109.414 8.4142 0
      vertex 145 24 0
      vertex 109.546 8.26878 0
    endloop
  endfacet
  facet normal 0 0 -1
    outer loop
      vertex 152.227 24.6344 0
      vertex 147.973 24.6344 0
      vertex 152.293 24.7071 0
    endloop
  endfacet
  facet normal 0 0 -1
    outer loop
      vertex 152.444 35.1685 0
      vertex 148.195 35.902 0
      vertex 148.2 36 0
    endloop
  endfacet
  facet normal 0 0 -1
    outer loop
      vertex 147.907 24.7071 0
      vertex 152.293 24.7071 0
      vertex 147.973 24.6344 0
    endloop
  endfacet
  facet normal 0 0 -1
    outer loop
      vertex 152.444 35.1685 0
      vertex 148.181 35.8049 0
      vertex 148.195 35.902 0
    endloop
  endfacet
  facet normal 0 0 -1
    outer loop
      vertex 152.293 24.7071 0
      vertex 147.907 24.7071 0
      vertex 152.366 24.773 0
    endloop
  endfacet
  facet normal 0 0 -1
    outer loop
      vertex 152.444 35.1685 0
      vertex 148.157 35.7097 0
      vertex 148.181 35.8049 0
    endloop
  endfacet
  facet normal 0 0 -1
    outer loop
      vertex 147.834 24.773 0
      vertex 152.366 24.773 0
      vertex 147.907 24.7071 0
    endloop
  endfacet
  facet normal 0 0 -1
    outer loop
      vertex 152.444 35.1685 0
      vertex 148.124 35.6173 0
      vertex 148.157 35.7097 0
    endloop
  endfacet
  facet normal 0 0 -1
    outer loop
      vertex 152.366 24.773 0
      vertex 147.834 24.773 0
      vertex 152.444 24.8315 0
    endloop
  endfacet
  facet normal 0 0 -1
    outer loop
      vertex 152.444 35.1685 0
      vertex 148.082 35.5286 0
      vertex 148.124 35.6173 0
    endloop
  endfacet
  facet normal 0 0 -1
    outer loop
      vertex 147.756 24.8315 0
      vertex 152.444 24.8315 0
      vertex 147.834 24.773 0
    endloop
  endfacet
  facet normal 0 0 -1
    outer loop
      vertex 152.444 35.1685 0
      vertex 148.031 35.4444 0
      vertex 148.082 35.5286 0
    endloop
  endfacet
  facet normal 0 0 -1
    outer loop
      vertex 152.444 24.8315 0
      vertex 147.756 24.8315 0
      vertex 152.529 24.8819 0
    endloop
  endfacet
  facet normal 0 0 -1
    outer loop
      vertex 152.444 35.1685 0
      vertex 147.973 35.3656 0
      vertex 148.031 35.4444 0
    endloop
  endfacet
  facet normal 0 0 -1
    outer loop
      vertex 147.671 24.8819 0
      vertex 152.529 24.8819 0
      vertex 147.756 24.8315 0
    endloop
  endfacet
  facet normal 0 0 -1
    outer loop
      vertex 152.444 35.1685 0
      vertex 147.907 35.2929 0
      vertex 147.973 35.3656 0
    endloop
  endfacet
  facet normal 0 0 -1
    outer loop
      vertex 152.529 24.8819 0
      vertex 147.671 24.8819 0
      vertex 152.529 35.1181 0
    endloop
  endfacet
  facet normal 0 0 -1
    outer loop
      vertex 152.444 35.1685 0
      vertex 147.834 35.227 0
      vertex 147.907 35.2929 0
    endloop
  endfacet
  facet normal 0 0 -1
    outer loop
      vertex 147.671 35.1181 0
      vertex 152.529 35.1181 0
      vertex 147.671 24.8819 0
    endloop
  endfacet
  facet normal 0 0 -1
    outer loop
      vertex 152.444 35.1685 0
      vertex 147.756 35.1685 0
      vertex 147.834 35.227 0
    endloop
  endfacet
  facet normal 0 0 -1
    outer loop
      vertex 152.529 35.1181 0
      vertex 147.671 35.1181 0
      vertex 152.444 35.1685 0
    endloop
  endfacet
  facet normal -0 0 -1
    outer loop
      vertex 152.444 35.1685 0
      vertex 147.671 35.1181 0
      vertex 147.756 35.1685 0
    endloop
  endfacet
  facet normal 0 0 -1
    outer loop
      vertex 147.583 24.9239 0
      vertex 147.671 35.1181 0
      vertex 147.671 24.8819 0
    endloop
  endfacet
  facet normal 0 0 -1
    outer loop
      vertex 147.583 24.9239 0
      vertex 147.583 35.0761 0
      vertex 147.671 35.1181 0
    endloop
  endfacet
  facet normal 0 0 -1
    outer loop
      vertex 147.49 24.9569 0
      vertex 147.583 35.0761 0
      vertex 147.583 24.9239 0
    endloop
  endfacet
  facet normal 0 0 -1
    outer loop
      vertex 147.49 24.9569 0
      vertex 147.49 35.043 0
      vertex 147.583 35.0761 0
    endloop
  endfacet
  facet normal 0 0 -1
    outer loop
      vertex 147.395 24.9808 0
      vertex 147.49 35.043 0
      vertex 147.49 24.9569 0
    endloop
  endfacet
  facet normal 0 0 -1
    outer loop
      vertex 147.395 24.9808 0
      vertex 147.395 35.0192 0
      vertex 147.49 35.043 0
    endloop
  endfacet
  facet normal 0 0 -1
    outer loop
      vertex 147.298 24.9952 0
      vertex 147.395 35.0192 0
      vertex 147.395 24.9808 0
    endloop
  endfacet
  facet normal 0 0 -1
    outer loop
      vertex 147.298 24.9952 0
      vertex 147.298 35.0048 0
      vertex 147.395 35.0192 0
    endloop
  endfacet
  facet normal 0 0 -1
    outer loop
      vertex 147.2 25 0
      vertex 147.298 35.0048 0
      vertex 147.298 24.9952 0
    endloop
  endfacet
  facet normal 0 0 -1
    outer loop
      vertex 147.2 25 0
      vertex 147.2 35 0
      vertex 147.298 35.0048 0
    endloop
  endfacet
  facet normal 0 0 -1
    outer loop
      vertex 146 25 0
      vertex 147.2 35 0
      vertex 147.2 25 0
    endloop
  endfacet
  facet normal 0 0 -1
    outer loop
      vertex 146 25 0
      vertex 146 35 0
      vertex 147.2 35 0
    endloop
  endfacet
  facet normal 0 0 -1
    outer loop
      vertex 145.902 24.9952 0
      vertex 146 35 0
      vertex 146 25 0
    endloop
  endfacet
  facet normal 0 0 -1
    outer loop
      vertex 145.902 24.9952 0
      vertex 145.902 35.0048 0
      vertex 146 35 0
    endloop
  endfacet
  facet normal 0 0 -1
    outer loop
      vertex 145.805 24.9808 0
      vertex 145.902 35.0048 0
      vertex 145.902 24.9952 0
    endloop
  endfacet
  facet normal 0 0 -1
    outer loop
      vertex 145.805 24.9808 0
      vertex 145.805 35.0192 0
      vertex 145.902 35.0048 0
    endloop
  endfacet
  facet normal 0 0 -1
    outer loop
      vertex 145.71 24.9569 0
      vertex 145.805 35.0192 0
      vertex 145.805 24.9808 0
    endloop
  endfacet
  facet normal 0 0 -1
    outer loop
      vertex 145.71 24.9569 0
      vertex 145.71 35.043 0
      vertex 145.805 35.0192 0
    endloop
  endfacet
  facet normal 0 0 -1
    outer loop
      vertex 145.617 24.9239 0
      vertex 145.71 35.043 0
      vertex 145.71 24.9569 0
    endloop
  endfacet
  facet normal 0 0 -1
    outer loop
      vertex 145.617 24.9239 0
      vertex 145.617 35.0761 0
      vertex 145.71 35.043 0
    endloop
  endfacet
  facet normal 0 0 -1
    outer loop
      vertex 145.529 24.8819 0
      vertex 145.617 35.0761 0
      vertex 145.617 24.9239 0
    endloop
  endfacet
  facet normal 0 0 -1
    outer loop
      vertex 145.529 24.8819 0
      vertex 145.529 35.1181 0
      vertex 145.617 35.0761 0
    endloop
  endfacet
  facet normal 0 0 -1
    outer loop
      vertex 145.444 24.8315 0
      vertex 145.529 35.1181 0
      vertex 145.529 24.8819 0
    endloop
  endfacet
  facet normal 0 0 -1
    outer loop
      vertex 145.444 24.8315 0
      vertex 145.444 35.1685 0
      vertex 145.529 35.1181 0
    endloop
  endfacet
  facet normal 0 0 -1
    outer loop
      vertex 145.366 24.773 0
      vertex 145.444 35.1685 0
      vertex 145.444 24.8315 0
    endloop
  endfacet
  facet normal 0 0 -1
    outer loop
      vertex 145.366 24.773 0
      vertex 145.366 35.227 0
      vertex 145.444 35.1685 0
    endloop
  endfacet
  facet normal 0 0 -1
    outer loop
      vertex 145.293 24.7071 0
      vertex 145.366 35.227 0
      vertex 145.366 24.773 0
    endloop
  endfacet
  facet normal 0 0 -1
    outer loop
      vertex 145.293 24.7071 0
      vertex 145.293 35.2929 0
      vertex 145.366 35.227 0
    endloop
  endfacet
  facet normal 0 0 -1
    outer loop
      vertex 145.227 24.6344 0
      vertex 145.293 35.2929 0
      vertex 145.293 24.7071 0
    endloop
  endfacet
  facet normal 0 0 -1
    outer loop
      vertex 145.227 24.6344 0
      vertex 145.227 35.3656 0
      vertex 145.293 35.2929 0
    endloop
  endfacet
  facet normal 0 0 -1
    outer loop
      vertex 145.169 24.5556 0
      vertex 145.227 35.3656 0
      vertex 145.227 24.6344 0
    endloop
  endfacet
  facet normal 0 0 -1
    outer loop
      vertex 145.169 24.5556 0
      vertex 145.169 35.4444 0
      vertex 145.227 35.3656 0
    endloop
  endfacet
  facet normal 0 0 -1
    outer loop
      vertex 145.118 24.4714 0
      vertex 145.169 35.4444 0
      vertex 145.169 24.5556 0
    endloop
  endfacet
  facet normal 0 0 -1
    outer loop
      vertex 145.118 24.4714 0
      vertex 145.118 35.5286 0
      vertex 145.169 35.4444 0
    endloop
  endfacet
  facet normal 0 0 -1
    outer loop
      vertex 145.076 24.3827 0
      vertex 145.118 35.5286 0
      vertex 145.118 24.4714 0
    endloop
  endfacet
  facet normal 0 0 -1
    outer loop
      vertex 145.076 24.3827 0
      vertex 145.076 35.6173 0
      vertex 145.118 35.5286 0
    endloop
  endfacet
  facet normal 0 0 -1
    outer loop
      vertex 145.043 24.2903 0
      vertex 145.076 35.6173 0
      vertex 145.076 24.3827 0
    endloop
  endfacet
  facet normal 0 0 -1
    outer loop
      vertex 145.043 24.2903 0
      vertex 145.043 35.7097 0
      vertex 145.076 35.6173 0
    endloop
  endfacet
  facet normal 0 0 -1
    outer loop
      vertex 145.019 24.1951 0
      vertex 145.043 35.7097 0
      vertex 145.043 24.2903 0
    endloop
  endfacet
  facet normal 0 0 -1
    outer loop
      vertex 145.019 24.1951 0
      vertex 145.019 35.8049 0
      vertex 145.043 35.7097 0
    endloop
  endfacet
  facet normal 0 0 -1
    outer loop
      vertex 109.848 7.76537 0
      vertex 145.005 15.902 0
      vertex 109.914 7.58057 0
    endloop
  endfacet
  facet normal -0 0 -1
    outer loop
      vertex 145.005 15.902 0
      vertex 109.848 7.76537 0
      vertex 145 16 0
    endloop
  endfacet
  facet normal -0 0 -1
    outer loop
      vertex 145.019 15.8049 0
      vertex 109.914 7.58057 0
      vertex 145.005 15.902 0
    endloop
  endfacet
  facet normal 0 0 -1
    outer loop
      vertex 109.764 7.94278 0
      vertex 145 16 0
      vertex 109.848 7.76537 0
    endloop
  endfacet
  facet normal 0 0 -1
    outer loop
      vertex 155.195 75.902 0
      vertex 160 94 0
      vertex 155.195 64.098 0
    endloop
  endfacet
  facet normal 0 0 -1
    outer loop
      vertex 160 94 0
      vertex 155.195 75.902 0
      vertex 155.2 76 0
    endloop
  endfacet
  facet normal 0 0 -1
    outer loop
      vertex 155.181 64.1951 0
      vertex 155.195 75.902 0
      vertex 155.195 64.098 0
    endloop
  endfacet
  facet normal 0 0 -1
    outer loop
      vertex 155.181 64.1951 0
      vertex 155.181 75.8049 0
      vertex 155.195 75.902 0
    endloop
  endfacet
  facet normal 0 0 -1
    outer loop
      vertex 155.157 64.2903 0
      vertex 155.181 75.8049 0
      vertex 155.181 64.1951 0
    endloop
  endfacet
  facet normal 0 0 -1
    outer loop
      vertex 155.157 64.2903 0
      vertex 155.157 75.7097 0
      vertex 155.181 75.8049 0
    endloop
  endfacet
  facet normal 0 0 -1
    outer loop
      vertex 155.124 64.3827 0
      vertex 155.157 75.7097 0
      vertex 155.157 64.2903 0
    endloop
  endfacet
  facet normal 0 0 -1
    outer loop
      vertex 155.124 64.3827 0
      vertex 155.124 75.6173 0
      vertex 155.157 75.7097 0
    endloop
  endfacet
  facet normal 0 0 -1
    outer loop
      vertex 155.082 64.4714 0
      vertex 155.124 75.6173 0
      vertex 155.124 64.3827 0
    endloop
  endfacet
  facet normal 0 0 -1
    outer loop
      vertex 155.082 64.4714 0
      vertex 155.082 75.5286 0
      vertex 155.124 75.6173 0
    endloop
  endfacet
  facet normal 0 0 -1
    outer loop
      vertex 155.031 64.5556 0
      vertex 155.082 75.5286 0
      vertex 155.082 64.4714 0
    endloop
  endfacet
  facet normal 0 0 -1
    outer loop
      vertex 155.031 64.5556 0
      vertex 155.031 75.4444 0
      vertex 155.082 75.5286 0
    endloop
  endfacet
  facet normal 0 0 -1
    outer loop
      vertex 154.973 64.6344 0
      vertex 155.031 75.4444 0
      vertex 155.031 64.5556 0
    endloop
  endfacet
  facet normal 0 0 -1
    outer loop
      vertex 154.973 64.6344 0
      vertex 154.973 75.3656 0
      vertex 155.031 75.4444 0
    endloop
  endfacet
  facet normal 0 0 -1
    outer loop
      vertex 154.907 64.7071 0
      vertex 154.973 75.3656 0
      vertex 154.973 64.6344 0
    endloop
  endfacet
  facet normal 0 0 -1
    outer loop
      vertex 154.907 64.7071 0
      vertex 154.907 75.2929 0
      vertex 154.973 75.3656 0
    endloop
  endfacet
  facet normal 0 0 -1
    outer loop
      vertex 154.834 64.773 0
      vertex 154.907 75.2929 0
      vertex 154.907 64.7071 0
    endloop
  endfacet
  facet normal 0 0 -1
    outer loop
      vertex 154.834 64.773 0
      vertex 154.834 75.227 0
      vertex 154.907 75.2929 0
    endloop
  endfacet
  facet normal 0 0 -1
    outer loop
      vertex 154.756 64.8315 0
      vertex 154.834 75.227 0
      vertex 154.834 64.773 0
    endloop
  endfacet
  facet normal 0 0 -1
    outer loop
      vertex 154.756 64.8315 0
      vertex 154.756 75.1685 0
      vertex 154.834 75.227 0
    endloop
  endfacet
  facet normal 0 0 -1
    outer loop
      vertex 154.671 64.8819 0
      vertex 154.756 75.1685 0
      vertex 154.756 64.8315 0
    endloop
  endfacet
  facet normal 0 0 -1
    outer loop
      vertex 154.671 64.8819 0
      vertex 154.671 75.1181 0
      vertex 154.756 75.1685 0
    endloop
  endfacet
  facet normal 0 0 -1
    outer loop
      vertex 154.583 64.9239 0
      vertex 154.671 75.1181 0
      vertex 154.671 64.8819 0
    endloop
  endfacet
  facet normal 0 0 -1
    outer loop
      vertex 154.583 64.9239 0
      vertex 154.583 75.0761 0
      vertex 154.671 75.1181 0
    endloop
  endfacet
  facet normal 0 0 -1
    outer loop
      vertex 154.49 64.9569 0
      vertex 154.583 75.0761 0
      vertex 154.583 64.9239 0
    endloop
  endfacet
  facet normal 0 0 -1
    outer loop
      vertex 154.49 64.9569 0
      vertex 154.49 75.043 0
      vertex 154.583 75.0761 0
    endloop
  endfacet
  facet normal 0 0 -1
    outer loop
      vertex 154.395 64.9808 0
      vertex 154.49 75.043 0
      vertex 154.49 64.9569 0
    endloop
  endfacet
  facet normal 0 0 -1
    outer loop
      vertex 154.395 64.9808 0
      vertex 154.395 75.0192 0
      vertex 154.49 75.043 0
    endloop
  endfacet
  facet normal 0 0 -1
    outer loop
      vertex 154.298 64.9952 0
      vertex 154.395 75.0192 0
      vertex 154.395 64.9808 0
    endloop
  endfacet
  facet normal 0 0 -1
    outer loop
      vertex 154.298 64.9952 0
      vertex 154.298 75.0048 0
      vertex 154.395 75.0192 0
    endloop
  endfacet
  facet normal 0 0 -1
    outer loop
      vertex 154.2 65 0
      vertex 154.298 75.0048 0
      vertex 154.298 64.9952 0
    endloop
  endfacet
  facet normal 0 0 -1
    outer loop
      vertex 154.2 65 0
      vertex 154.2 75 0
      vertex 154.298 75.0048 0
    endloop
  endfacet
  facet normal 0 0 -1
    outer loop
      vertex 153 65 0
      vertex 154.2 75 0
      vertex 154.2 65 0
    endloop
  endfacet
  facet normal 0 0 -1
    outer loop
      vertex 153 65 0
      vertex 153 75 0
      vertex 154.2 75 0
    endloop
  endfacet
  facet normal 0 0 -1
    outer loop
      vertex 152.902 64.9952 0
      vertex 153 75 0
      vertex 153 65 0
    endloop
  endfacet
  facet normal 0 0 -1
    outer loop
      vertex 152.902 64.9952 0
      vertex 152.902 75.0048 0
      vertex 153 75 0
    endloop
  endfacet
  facet normal 0 0 -1
    outer loop
      vertex 152.805 64.9808 0
      vertex 152.902 75.0048 0
      vertex 152.902 64.9952 0
    endloop
  endfacet
  facet normal 0 0 -1
    outer loop
      vertex 152.805 64.9808 0
      vertex 152.805 75.0192 0
      vertex 152.902 75.0048 0
    endloop
  endfacet
  facet normal 0 0 -1
    outer loop
      vertex 152.71 64.9569 0
      vertex 152.805 75.0192 0
      vertex 152.805 64.9808 0
    endloop
  endfacet
  facet normal 0 0 -1
    outer loop
      vertex 152.71 64.9569 0
      vertex 152.71 75.043 0
      vertex 152.805 75.0192 0
    endloop
  endfacet
  facet normal 0 0 -1
    outer loop
      vertex 152.617 64.9239 0
      vertex 152.71 75.043 0
      vertex 152.71 64.9569 0
    endloop
  endfacet
  facet normal 0 0 -1
    outer loop
      vertex 152.617 64.9239 0
      vertex 152.617 75.0761 0
      vertex 152.71 75.043 0
    endloop
  endfacet
  facet normal 0 0 -1
    outer loop
      vertex 152.529 64.8819 0
      vertex 152.617 75.0761 0
      vertex 152.617 64.9239 0
    endloop
  endfacet
  facet normal 0 0 -1
    outer loop
      vertex 152.529 64.8819 0
      vertex 152.529 75.1181 0
      vertex 152.617 75.0761 0
    endloop
  endfacet
  facet normal 0 0 -1
    outer loop
      vertex 152.169 64.5556 0
      vertex 148.031 64.5556 0
      vertex 152.227 64.6344 0
    endloop
  endfacet
  facet normal 0 0 -1
    outer loop
      vertex 147.973 64.6344 0
      vertex 152.227 64.6344 0
      vertex 148.031 64.5556 0
    endloop
  endfacet
  facet normal 0 0 -1
    outer loop
      vertex 148.082 64.4714 0
      vertex 152.118 64.4714 0
      vertex 148.124 64.3827 0
    endloop
  endfacet
  facet normal 0 0 -1
    outer loop
      vertex 152.118 64.4714 0
      vertex 148.082 64.4714 0
      vertex 152.169 64.5556 0
    endloop
  endfacet
  facet normal 0 0 -1
    outer loop
      vertex 152.076 64.3827 0
      vertex 148.124 64.3827 0
      vertex 152.118 64.4714 0
    endloop
  endfacet
  facet normal 0 0 -1
    outer loop
      vertex 148.031 64.5556 0
      vertex 152.169 64.5556 0
      vertex 148.082 64.4714 0
    endloop
  endfacet
  facet normal 0 0 -1
    outer loop
      vertex 148.124 64.3827 0
      vertex 152.076 64.3827 0
      vertex 148.157 64.2903 0
    endloop
  endfacet
  facet normal 0 0 -1
    outer loop
      vertex 152.444 75.1685 0
      vertex 148.2 76 0
      vertex 152.366 75.227 0
    endloop
  endfacet
  facet normal 0 0 -1
    outer loop
      vertex 152.043 64.2903 0
      vertex 148.157 64.2903 0
      vertex 152.076 64.3827 0
    endloop
  endfacet
  facet normal 0 0 -1
    outer loop
      vertex 152.366 75.227 0
      vertex 148.2 76 0
      vertex 152.293 75.2929 0
    endloop
  endfacet
  facet normal 0 0 -1
    outer loop
      vertex 148.157 64.2903 0
      vertex 152.043 64.2903 0
      vertex 148.181 64.1951 0
    endloop
  endfacet
  facet normal 0 0 -1
    outer loop
      vertex 152.293 75.2929 0
      vertex 148.2 76 0
      vertex 152.227 75.3656 0
    endloop
  endfacet
  facet normal 0 0 -1
    outer loop
      vertex 152.019 64.1951 0
      vertex 148.181 64.1951 0
      vertex 152.043 64.2903 0
    endloop
  endfacet
  facet normal 0 0 -1
    outer loop
      vertex 152.227 75.3656 0
      vertex 148.2 76 0
      vertex 152.169 75.4444 0
    endloop
  endfacet
  facet normal 0 0 -1
    outer loop
      vertex 148.181 64.1951 0
      vertex 152.019 64.1951 0
      vertex 148.195 64.098 0
    endloop
  endfacet
  facet normal 0 0 -1
    outer loop
      vertex 152.169 75.4444 0
      vertex 148.2 76 0
      vertex 152.118 75.5286 0
    endloop
  endfacet
  facet normal 0 0 -1
    outer loop
      vertex 152.005 64.098 0
      vertex 148.195 64.098 0
      vertex 152.019 64.1951 0
    endloop
  endfacet
  facet normal 0 0 -1
    outer loop
      vertex 152.118 75.5286 0
      vertex 148.2 76 0
      vertex 152.076 75.6173 0
    endloop
  endfacet
  facet normal 0 0 -1
    outer loop
      vertex 148.195 64.098 0
      vertex 152.005 64.098 0
      vertex 148.2 64 0
    endloop
  endfacet
  facet normal 0 0 -1
    outer loop
      vertex 152.076 75.6173 0
      vertex 148.2 76 0
      vertex 152.043 75.7097 0
    endloop
  endfacet
  facet normal 0 0 -1
    outer loop
      vertex 148.2 64 0
      vertex 152.005 64.098 0
      vertex 152 64 0
    endloop
  endfacet
  facet normal 0 0 -1
    outer loop
      vertex 152.043 75.7097 0
      vertex 148.2 76 0
      vertex 152.019 75.8049 0
    endloop
  endfacet
  facet normal 0 0 -1
    outer loop
      vertex 155.195 44.098 0
      vertex 155.2 56 0
      vertex 155.2 44 0
    endloop
  endfacet
  facet normal 0 0 -1
    outer loop
      vertex 155.195 44.098 0
      vertex 155.195 55.902 0
      vertex 155.2 56 0
    endloop
  endfacet
  facet normal 0 0 -1
    outer loop
      vertex 155.181 44.1951 0
      vertex 155.195 55.902 0
      vertex 155.195 44.098 0
    endloop
  endfacet
  facet normal 0 0 -1
    outer loop
      vertex 155.181 44.1951 0
      vertex 155.181 55.8049 0
      vertex 155.195 55.902 0
    endloop
  endfacet
  facet normal 0 0 -1
    outer loop
      vertex 155.157 44.2903 0
      vertex 155.181 55.8049 0
      vertex 155.181 44.1951 0
    endloop
  endfacet
  facet normal 0 0 -1
    outer loop
      vertex 155.157 44.2903 0
      vertex 155.157 55.7097 0
      vertex 155.181 55.8049 0
    endloop
  endfacet
  facet normal 0 0 -1
    outer loop
      vertex 155.124 44.3827 0
      vertex 155.157 55.7097 0
      vertex 155.157 44.2903 0
    endloop
  endfacet
  facet normal 0 0 -1
    outer loop
      vertex 155.124 44.3827 0
      vertex 155.124 55.6173 0
      vertex 155.157 55.7097 0
    endloop
  endfacet
  facet normal 0 0 -1
    outer loop
      vertex 155.082 44.4714 0
      vertex 155.124 55.6173 0
      vertex 155.124 44.3827 0
    endloop
  endfacet
  facet normal 0 0 -1
    outer loop
      vertex 155.082 44.4714 0
      vertex 155.082 55.5286 0
      vertex 155.124 55.6173 0
    endloop
  endfacet
  facet normal 0 0 -1
    outer loop
      vertex 155.031 44.5556 0
      vertex 155.082 55.5286 0
      vertex 155.082 44.4714 0
    endloop
  endfacet
  facet normal 0 0 -1
    outer loop
      vertex 155.031 44.5556 0
      vertex 155.031 55.4444 0
      vertex 155.082 55.5286 0
    endloop
  endfacet
  facet normal 0 0 -1
    outer loop
      vertex 154.973 44.6344 0
      vertex 155.031 55.4444 0
      vertex 155.031 44.5556 0
    endloop
  endfacet
  facet normal 0 0 -1
    outer loop
      vertex 154.973 44.6344 0
      vertex 154.973 55.3656 0
      vertex 155.031 55.4444 0
    endloop
  endfacet
  facet normal 0 0 -1
    outer loop
      vertex 154.907 44.7071 0
      vertex 154.973 55.3656 0
      vertex 154.973 44.6344 0
    endloop
  endfacet
  facet normal 0 0 -1
    outer loop
      vertex 154.907 44.7071 0
      vertex 154.907 55.2929 0
      vertex 154.973 55.3656 0
    endloop
  endfacet
  facet normal 0 0 -1
    outer loop
      vertex 154.834 44.773 0
      vertex 154.907 55.2929 0
      vertex 154.907 44.7071 0
    endloop
  endfacet
  facet normal 0 0 -1
    outer loop
      vertex 154.834 44.773 0
      vertex 154.834 55.227 0
      vertex 154.907 55.2929 0
    endloop
  endfacet
  facet normal 0 0 -1
    outer loop
      vertex 154.756 44.8315 0
      vertex 154.834 55.227 0
      vertex 154.834 44.773 0
    endloop
  endfacet
  facet normal 0 0 -1
    outer loop
      vertex 154.756 44.8315 0
      vertex 154.756 55.1685 0
      vertex 154.834 55.227 0
    endloop
  endfacet
  facet normal 0 0 -1
    outer loop
      vertex 154.671 44.8819 0
      vertex 154.756 55.1685 0
      vertex 154.756 44.8315 0
    endloop
  endfacet
  facet normal 0 0 -1
    outer loop
      vertex 154.671 44.8819 0
      vertex 154.671 55.1181 0
      vertex 154.756 55.1685 0
    endloop
  endfacet
  facet normal 0 0 -1
    outer loop
      vertex 154.583 44.9239 0
      vertex 154.671 55.1181 0
      vertex 154.671 44.8819 0
    endloop
  endfacet
  facet normal 0 0 -1
    outer loop
      vertex 154.583 44.9239 0
      vertex 154.583 55.0761 0
      vertex 154.671 55.1181 0
    endloop
  endfacet
  facet normal 0 0 -1
    outer loop
      vertex 154.49 44.9569 0
      vertex 154.583 55.0761 0
      vertex 154.583 44.9239 0
    endloop
  endfacet
  facet normal 0 0 -1
    outer loop
      vertex 154.49 44.9569 0
      vertex 154.49 55.043 0
      vertex 154.583 55.0761 0
    endloop
  endfacet
  facet normal 0 0 -1
    outer loop
      vertex 154.395 44.9808 0
      vertex 154.49 55.043 0
      vertex 154.49 44.9569 0
    endloop
  endfacet
  facet normal 0 0 -1
    outer loop
      vertex 154.395 44.9808 0
      vertex 154.395 55.0192 0
      vertex 154.49 55.043 0
    endloop
  endfacet
  facet normal 0 0 -1
    outer loop
      vertex 154.298 44.9952 0
      vertex 154.395 55.0192 0
      vertex 154.395 44.9808 0
    endloop
  endfacet
  facet normal 0 0 -1
    outer loop
      vertex 154.298 44.9952 0
      vertex 154.298 55.0048 0
      vertex 154.395 55.0192 0
    endloop
  endfacet
  facet normal 0 0 -1
    outer loop
      vertex 154.2 45 0
      vertex 154.298 55.0048 0
      vertex 154.298 44.9952 0
    endloop
  endfacet
  facet normal 0 0 -1
    outer loop
      vertex 154.2 45 0
      vertex 154.2 55 0
      vertex 154.298 55.0048 0
    endloop
  endfacet
  facet normal 0 0 -1
    outer loop
      vertex 153 45 0
      vertex 154.2 55 0
      vertex 154.2 45 0
    endloop
  endfacet
  facet normal 0 0 -1
    outer loop
      vertex 153 45 0
      vertex 153 55 0
      vertex 154.2 55 0
    endloop
  endfacet
  facet normal 0 0 -1
    outer loop
      vertex 152.902 44.9952 0
      vertex 153 55 0
      vertex 153 45 0
    endloop
  endfacet
  facet normal 0 0 -1
    outer loop
      vertex 152.902 44.9952 0
      vertex 152.902 55.0048 0
      vertex 153 55 0
    endloop
  endfacet
  facet normal 0 0 -1
    outer loop
      vertex 152.805 44.9808 0
      vertex 152.902 55.0048 0
      vertex 152.902 44.9952 0
    endloop
  endfacet
  facet normal 0 0 -1
    outer loop
      vertex 152.805 44.9808 0
      vertex 152.805 55.0192 0
      vertex 152.902 55.0048 0
    endloop
  endfacet
  facet normal 0 0 -1
    outer loop
      vertex 152.71 44.9569 0
      vertex 152.805 55.0192 0
      vertex 152.805 44.9808 0
    endloop
  endfacet
  facet normal 0 0 -1
    outer loop
      vertex 152.71 44.9569 0
      vertex 152.71 55.043 0
      vertex 152.805 55.0192 0
    endloop
  endfacet
  facet normal 0 0 -1
    outer loop
      vertex 152.617 44.9239 0
      vertex 152.71 55.043 0
      vertex 152.71 44.9569 0
    endloop
  endfacet
  facet normal 0 0 -1
    outer loop
      vertex 152.617 44.9239 0
      vertex 152.617 55.0761 0
      vertex 152.71 55.043 0
    endloop
  endfacet
  facet normal 0 0 -1
    outer loop
      vertex 152.529 44.8819 0
      vertex 152.617 55.0761 0
      vertex 152.617 44.9239 0
    endloop
  endfacet
  facet normal 0 0 -1
    outer loop
      vertex 152.529 44.8819 0
      vertex 152.529 55.1181 0
      vertex 152.617 55.0761 0
    endloop
  endfacet
  facet normal 0 0 -1
    outer loop
      vertex 152.169 44.5556 0
      vertex 148.031 44.5556 0
      vertex 152.227 44.6344 0
    endloop
  endfacet
  facet normal 0 0 -1
    outer loop
      vertex 147.973 44.6344 0
      vertex 152.227 44.6344 0
      vertex 148.031 44.5556 0
    endloop
  endfacet
  facet normal 0 0 -1
    outer loop
      vertex 148.082 44.4714 0
      vertex 152.118 44.4714 0
      vertex 148.124 44.3827 0
    endloop
  endfacet
  facet normal 0 0 -1
    outer loop
      vertex 152.118 44.4714 0
      vertex 148.082 44.4714 0
      vertex 152.169 44.5556 0
    endloop
  endfacet
  facet normal 0 0 -1
    outer loop
      vertex 152.076 44.3827 0
      vertex 148.124 44.3827 0
      vertex 152.118 44.4714 0
    endloop
  endfacet
  facet normal 0 0 -1
    outer loop
      vertex 148.031 44.5556 0
      vertex 152.169 44.5556 0
      vertex 148.082 44.4714 0
    endloop
  endfacet
  facet normal 0 0 -1
    outer loop
      vertex 148.124 44.3827 0
      vertex 152.076 44.3827 0
      vertex 148.157 44.2903 0
    endloop
  endfacet
  facet normal 0 0 -1
    outer loop
      vertex 152.444 55.1685 0
      vertex 148.2 56 0
      vertex 152.366 55.227 0
    endloop
  endfacet
  facet normal 0 0 -1
    outer loop
      vertex 152.043 44.2903 0
      vertex 148.157 44.2903 0
      vertex 152.076 44.3827 0
    endloop
  endfacet
  facet normal 0 0 -1
    outer loop
      vertex 152.366 55.227 0
      vertex 148.2 56 0
      vertex 152.293 55.2929 0
    endloop
  endfacet
  facet normal 0 0 -1
    outer loop
      vertex 148.157 44.2903 0
      vertex 152.043 44.2903 0
      vertex 148.181 44.1951 0
    endloop
  endfacet
  facet normal 0 0 -1
    outer loop
      vertex 152.293 55.2929 0
      vertex 148.2 56 0
      vertex 152.227 55.3656 0
    endloop
  endfacet
  facet normal 0 0 -1
    outer loop
      vertex 152.019 44.1951 0
      vertex 148.181 44.1951 0
      vertex 152.043 44.2903 0
    endloop
  endfacet
  facet normal 0 0 -1
    outer loop
      vertex 152.227 55.3656 0
      vertex 148.2 56 0
      vertex 152.169 55.4444 0
    endloop
  endfacet
  facet normal 0 0 -1
    outer loop
      vertex 148.181 44.1951 0
      vertex 152.019 44.1951 0
      vertex 148.195 44.098 0
    endloop
  endfacet
  facet normal 0 0 -1
    outer loop
      vertex 152.169 55.4444 0
      vertex 148.2 56 0
      vertex 152.118 55.5286 0
    endloop
  endfacet
  facet normal 0 0 -1
    outer loop
      vertex 152.005 44.098 0
      vertex 148.195 44.098 0
      vertex 152.019 44.1951 0
    endloop
  endfacet
  facet normal 0 0 -1
    outer loop
      vertex 152.118 55.5286 0
      vertex 148.2 56 0
      vertex 152.076 55.6173 0
    endloop
  endfacet
  facet normal 0 0 -1
    outer loop
      vertex 148.195 44.098 0
      vertex 152.005 44.098 0
      vertex 148.2 44 0
    endloop
  endfacet
  facet normal 0 0 -1
    outer loop
      vertex 152.076 55.6173 0
      vertex 148.2 56 0
      vertex 152.043 55.7097 0
    endloop
  endfacet
  facet normal 0 0 -1
    outer loop
      vertex 148.2 44 0
      vertex 152.005 44.098 0
      vertex 152 44 0
    endloop
  endfacet
  facet normal 0 0 -1
    outer loop
      vertex 152.043 55.7097 0
      vertex 148.2 56 0
      vertex 152.019 55.8049 0
    endloop
  endfacet
  facet normal 0 0 -1
    outer loop
      vertex 155.195 35.902 0
      vertex 160 6 0
      vertex 155.195 24.098 0
    endloop
  endfacet
  facet normal 0 0 -1
    outer loop
      vertex 160 6 0
      vertex 155.195 35.902 0
      vertex 155.2 36 0
    endloop
  endfacet
  facet normal 0 0 -1
    outer loop
      vertex 155.181 24.1951 0
      vertex 155.195 35.902 0
      vertex 155.195 24.098 0
    endloop
  endfacet
  facet normal 0 0 -1
    outer loop
      vertex 155.181 24.1951 0
      vertex 155.181 35.8049 0
      vertex 155.195 35.902 0
    endloop
  endfacet
  facet normal 0 0 -1
    outer loop
      vertex 155.157 24.2903 0
      vertex 155.181 35.8049 0
      vertex 155.181 24.1951 0
    endloop
  endfacet
  facet normal 0 0 -1
    outer loop
      vertex 155.157 24.2903 0
      vertex 155.157 35.7097 0
      vertex 155.181 35.8049 0
    endloop
  endfacet
  facet normal 0 0 -1
    outer loop
      vertex 155.124 24.3827 0
      vertex 155.157 35.7097 0
      vertex 155.157 24.2903 0
    endloop
  endfacet
  facet normal 0 0 -1
    outer loop
      vertex 155.124 24.3827 0
      vertex 155.124 35.6173 0
      vertex 155.157 35.7097 0
    endloop
  endfacet
  facet normal 0 0 -1
    outer loop
      vertex 155.082 24.4714 0
      vertex 155.124 35.6173 0
      vertex 155.124 24.3827 0
    endloop
  endfacet
  facet normal 0 0 -1
    outer loop
      vertex 155.082 24.4714 0
      vertex 155.082 35.5286 0
      vertex 155.124 35.6173 0
    endloop
  endfacet
  facet normal 0 0 -1
    outer loop
      vertex 155.031 24.5556 0
      vertex 155.082 35.5286 0
      vertex 155.082 24.4714 0
    endloop
  endfacet
  facet normal 0 0 -1
    outer loop
      vertex 155.031 24.5556 0
      vertex 155.031 35.4444 0
      vertex 155.082 35.5286 0
    endloop
  endfacet
  facet normal 0 0 -1
    outer loop
      vertex 154.973 24.6344 0
      vertex 155.031 35.4444 0
      vertex 155.031 24.5556 0
    endloop
  endfacet
  facet normal 0 0 -1
    outer loop
      vertex 154.973 24.6344 0
      vertex 154.973 35.3656 0
      vertex 155.031 35.4444 0
    endloop
  endfacet
  facet normal 0 0 -1
    outer loop
      vertex 154.907 24.7071 0
      vertex 154.973 35.3656 0
      vertex 154.973 24.6344 0
    endloop
  endfacet
  facet normal 0 0 -1
    outer loop
      vertex 154.907 24.7071 0
      vertex 154.907 35.2929 0
      vertex 154.973 35.3656 0
    endloop
  endfacet
  facet normal 0 0 -1
    outer loop
      vertex 154.834 24.773 0
      vertex 154.907 35.2929 0
      vertex 154.907 24.7071 0
    endloop
  endfacet
  facet normal 0 0 -1
    outer loop
      vertex 154.834 24.773 0
      vertex 154.834 35.227 0
      vertex 154.907 35.2929 0
    endloop
  endfacet
  facet normal 0 0 -1
    outer loop
      vertex 154.756 24.8315 0
      vertex 154.834 35.227 0
      vertex 154.834 24.773 0
    endloop
  endfacet
  facet normal 0 0 -1
    outer loop
      vertex 154.756 24.8315 0
      vertex 154.756 35.1685 0
      vertex 154.834 35.227 0
    endloop
  endfacet
  facet normal 0 0 -1
    outer loop
      vertex 154.671 24.8819 0
      vertex 154.756 35.1685 0
      vertex 154.756 24.8315 0
    endloop
  endfacet
  facet normal 0 0 -1
    outer loop
      vertex 154.671 24.8819 0
      vertex 154.671 35.1181 0
      vertex 154.756 35.1685 0
    endloop
  endfacet
  facet normal 0 0 -1
    outer loop
      vertex 154.583 24.9239 0
      vertex 154.671 35.1181 0
      vertex 154.671 24.8819 0
    endloop
  endfacet
  facet normal 0 0 -1
    outer loop
      vertex 154.583 24.9239 0
      vertex 154.583 35.0761 0
      vertex 154.671 35.1181 0
    endloop
  endfacet
  facet normal 0 0 -1
    outer loop
      vertex 154.49 24.9569 0
      vertex 154.583 35.0761 0
      vertex 154.583 24.9239 0
    endloop
  endfacet
  facet normal 0 0 -1
    outer loop
      vertex 154.49 24.9569 0
      vertex 154.49 35.043 0
      vertex 154.583 35.0761 0
    endloop
  endfacet
  facet normal 0 0 -1
    outer loop
      vertex 154.395 24.9808 0
      vertex 154.49 35.043 0
      vertex 154.49 24.9569 0
    endloop
  endfacet
  facet normal 0 0 -1
    outer loop
      vertex 154.395 24.9808 0
      vertex 154.395 35.0192 0
      vertex 154.49 35.043 0
    endloop
  endfacet
  facet normal 0 0 -1
    outer loop
      vertex 154.298 24.9952 0
      vertex 154.395 35.0192 0
      vertex 154.395 24.9808 0
    endloop
  endfacet
  facet normal 0 0 -1
    outer loop
      vertex 154.298 24.9952 0
      vertex 154.298 35.0048 0
      vertex 154.395 35.0192 0
    endloop
  endfacet
  facet normal 0 0 -1
    outer loop
      vertex 154.2 25 0
      vertex 154.298 35.0048 0
      vertex 154.298 24.9952 0
    endloop
  endfacet
  facet normal 0 0 -1
    outer loop
      vertex 154.2 25 0
      vertex 154.2 35 0
      vertex 154.298 35.0048 0
    endloop
  endfacet
  facet normal 0 0 -1
    outer loop
      vertex 153 25 0
      vertex 154.2 35 0
      vertex 154.2 25 0
    endloop
  endfacet
  facet normal 0 0 -1
    outer loop
      vertex 153 25 0
      vertex 153 35 0
      vertex 154.2 35 0
    endloop
  endfacet
  facet normal 0 0 -1
    outer loop
      vertex 152.902 24.9952 0
      vertex 153 35 0
      vertex 153 25 0
    endloop
  endfacet
  facet normal 0 0 -1
    outer loop
      vertex 152.902 24.9952 0
      vertex 152.902 35.0048 0
      vertex 153 35 0
    endloop
  endfacet
  facet normal 0 0 -1
    outer loop
      vertex 152.805 24.9808 0
      vertex 152.902 35.0048 0
      vertex 152.902 24.9952 0
    endloop
  endfacet
  facet normal 0 0 -1
    outer loop
      vertex 152.805 24.9808 0
      vertex 152.805 35.0192 0
      vertex 152.902 35.0048 0
    endloop
  endfacet
  facet normal 0 0 -1
    outer loop
      vertex 152.71 24.9569 0
      vertex 152.805 35.0192 0
      vertex 152.805 24.9808 0
    endloop
  endfacet
  facet normal 0 0 -1
    outer loop
      vertex 152.71 24.9569 0
      vertex 152.71 35.043 0
      vertex 152.805 35.0192 0
    endloop
  endfacet
  facet normal 0 0 -1
    outer loop
      vertex 152.617 24.9239 0
      vertex 152.71 35.043 0
      vertex 152.71 24.9569 0
    endloop
  endfacet
  facet normal 0 0 -1
    outer loop
      vertex 152.617 24.9239 0
      vertex 152.617 35.0761 0
      vertex 152.71 35.043 0
    endloop
  endfacet
  facet normal 0 0 -1
    outer loop
      vertex 152.529 24.8819 0
      vertex 152.617 35.0761 0
      vertex 152.617 24.9239 0
    endloop
  endfacet
  facet normal 0 0 -1
    outer loop
      vertex 152.529 24.8819 0
      vertex 152.529 35.1181 0
      vertex 152.617 35.0761 0
    endloop
  endfacet
  facet normal 0 0 -1
    outer loop
      vertex 152.169 24.5556 0
      vertex 148.031 24.5556 0
      vertex 152.227 24.6344 0
    endloop
  endfacet
  facet normal 0 0 -1
    outer loop
      vertex 147.973 24.6344 0
      vertex 152.227 24.6344 0
      vertex 148.031 24.5556 0
    endloop
  endfacet
  facet normal 0 0 -1
    outer loop
      vertex 148.082 24.4714 0
      vertex 152.118 24.4714 0
      vertex 148.124 24.3827 0
    endloop
  endfacet
  facet normal 0 0 -1
    outer loop
      vertex 152.118 24.4714 0
      vertex 148.082 24.4714 0
      vertex 152.169 24.5556 0
    endloop
  endfacet
  facet normal 0 0 -1
    outer loop
      vertex 152.076 24.3827 0
      vertex 148.124 24.3827 0
      vertex 152.118 24.4714 0
    endloop
  endfacet
  facet normal 0 0 -1
    outer loop
      vertex 148.031 24.5556 0
      vertex 152.169 24.5556 0
      vertex 148.082 24.4714 0
    endloop
  endfacet
  facet normal 0 0 -1
    outer loop
      vertex 148.124 24.3827 0
      vertex 152.076 24.3827 0
      vertex 148.157 24.2903 0
    endloop
  endfacet
  facet normal 0 0 -1
    outer loop
      vertex 152.444 35.1685 0
      vertex 148.2 36 0
      vertex 152.366 35.227 0
    endloop
  endfacet
  facet normal 0 0 -1
    outer loop
      vertex 152.043 24.2903 0
      vertex 148.157 24.2903 0
      vertex 152.076 24.3827 0
    endloop
  endfacet
  facet normal 0 0 -1
    outer loop
      vertex 152.366 35.227 0
      vertex 148.2 36 0
      vertex 152.293 35.2929 0
    endloop
  endfacet
  facet normal 0 0 -1
    outer loop
      vertex 148.157 24.2903 0
      vertex 152.043 24.2903 0
      vertex 148.181 24.1951 0
    endloop
  endfacet
  facet normal 0 0 -1
    outer loop
      vertex 152.293 35.2929 0
      vertex 148.2 36 0
      vertex 152.227 35.3656 0
    endloop
  endfacet
  facet normal 0 0 -1
    outer loop
      vertex 152.019 24.1951 0
      vertex 148.181 24.1951 0
      vertex 152.043 24.2903 0
    endloop
  endfacet
  facet normal 0 0 -1
    outer loop
      vertex 152.227 35.3656 0
      vertex 148.2 36 0
      vertex 152.169 35.4444 0
    endloop
  endfacet
  facet normal 0 0 -1
    outer loop
      vertex 148.181 24.1951 0
      vertex 152.019 24.1951 0
      vertex 148.195 24.098 0
    endloop
  endfacet
  facet normal 0 0 -1
    outer loop
      vertex 152.169 35.4444 0
      vertex 148.2 36 0
      vertex 152.118 35.5286 0
    endloop
  endfacet
  facet normal 0 0 -1
    outer loop
      vertex 152.005 24.098 0
      vertex 148.195 24.098 0
      vertex 152.019 24.1951 0
    endloop
  endfacet
  facet normal 0 0 -1
    outer loop
      vertex 152.118 35.5286 0
      vertex 148.2 36 0
      vertex 152.076 35.6173 0
    endloop
  endfacet
  facet normal 0 0 -1
    outer loop
      vertex 148.195 24.098 0
      vertex 152.005 24.098 0
      vertex 148.2 24 0
    endloop
  endfacet
  facet normal 0 0 -1
    outer loop
      vertex 152.076 35.6173 0
      vertex 148.2 36 0
      vertex 152.043 35.7097 0
    endloop
  endfacet
  facet normal 0 0 -1
    outer loop
      vertex 148.2 24 0
      vertex 152.005 24.098 0
      vertex 152 24 0
    endloop
  endfacet
  facet normal 0 0 -1
    outer loop
      vertex 152.043 35.7097 0
      vertex 148.2 36 0
      vertex 152.019 35.8049 0
    endloop
  endfacet
  facet normal 0 0 -1
    outer loop
      vertex 154 0 0
      vertex 160 6 0
      vertex 159.971 5.4119 0
    endloop
  endfacet
  facet normal 0 0 -1
    outer loop
      vertex 160 6 0
      vertex 155.2 44 0
      vertex 160 94 0
    endloop
  endfacet
  facet normal 0 0 -1
    outer loop
      vertex 154 0 0
      vertex 159.971 5.4119 0
      vertex 159.885 4.82945 0
    endloop
  endfacet
  facet normal 0 0 -1
    outer loop
      vertex 155.2 56 0
      vertex 160 94 0
      vertex 155.2 44 0
    endloop
  endfacet
  facet normal 0 0 -1
    outer loop
      vertex 154 0 0
      vertex 159.885 4.82945 0
      vertex 159.742 4.25829 0
    endloop
  endfacet
  facet normal 0 0 -1
    outer loop
      vertex 155.2 64 0
      vertex 160 94 0
      vertex 155.2 56 0
    endloop
  endfacet
  facet normal 0 0 -1
    outer loop
      vertex 154 0 0
      vertex 159.742 4.25829 0
      vertex 159.543 3.70389 0
    endloop
  endfacet
  facet normal 0 0 -1
    outer loop
      vertex 155.195 64.098 0
      vertex 160 94 0
      vertex 155.2 64 0
    endloop
  endfacet
  facet normal 0 0 -1
    outer loop
      vertex 154 0 0
      vertex 159.543 3.70389 0
      vertex 159.292 3.17162 0
    endloop
  endfacet
  facet normal 0 0 -1
    outer loop
      vertex 155.2 84 0
      vertex 160 94 0
      vertex 155.2 76 0
    endloop
  endfacet
  facet normal 0 0 -1
    outer loop
      vertex 154 0 0
      vertex 159.292 3.17162 0
      vertex 158.989 2.66656 0
    endloop
  endfacet
  facet normal 0 0 -1
    outer loop
      vertex 155.195 84.098 0
      vertex 160 94 0
      vertex 155.2 84 0
    endloop
  endfacet
  facet normal 0 0 -1
    outer loop
      vertex 154 0 0
      vertex 158.989 2.66656 0
      vertex 158.638 2.19363 0
    endloop
  endfacet
  facet normal 0 0 -1
    outer loop
      vertex 155.181 84.1951 0
      vertex 160 94 0
      vertex 155.195 84.098 0
    endloop
  endfacet
  facet normal 0 0 -1
    outer loop
      vertex 154 0 0
      vertex 158.638 2.19363 0
      vertex 158.243 1.75735 0
    endloop
  endfacet
  facet normal 0 0 -1
    outer loop
      vertex 155.157 84.2903 0
      vertex 160 94 0
      vertex 155.181 84.1951 0
    endloop
  endfacet
  facet normal 0 0 -1
    outer loop
      vertex 154 0 0
      vertex 158.243 1.75735 0
      vertex 157.806 1.36192 0
    endloop
  endfacet
  facet normal 0 0 -1
    outer loop
      vertex 155.124 84.3827 0
      vertex 160 94 0
      vertex 155.157 84.2903 0
    endloop
  endfacet
  facet normal 0 0 -1
    outer loop
      vertex 154 0 0
      vertex 157.806 1.36192 0
      vertex 157.333 1.01117 0
    endloop
  endfacet
  facet normal 0 0 -1
    outer loop
      vertex 155.082 84.4714 0
      vertex 160 94 0
      vertex 155.124 84.3827 0
    endloop
  endfacet
  facet normal 0 0 -1
    outer loop
      vertex 154 0 0
      vertex 157.333 1.01117 0
      vertex 156.828 0.708466 0
    endloop
  endfacet
  facet normal 0 0 -1
    outer loop
      vertex 155.031 84.5556 0
      vertex 160 94 0
      vertex 155.082 84.4714 0
    endloop
  endfacet
  facet normal 0 0 -1
    outer loop
      vertex 154 0 0
      vertex 156.828 0.708466 0
      vertex 156.296 0.456711 0
    endloop
  endfacet
  facet normal 0 0 -1
    outer loop
      vertex 154.973 84.6344 0
      vertex 160 94 0
      vertex 155.031 84.5556 0
    endloop
  endfacet
  facet normal 0 0 -1
    outer loop
      vertex 154 0 0
      vertex 156.296 0.456711 0
      vertex 155.742 0.258347 0
    endloop
  endfacet
  facet normal 0 0 -1
    outer loop
      vertex 160 6 0
      vertex 155.2 36 0
      vertex 155.2 44 0
    endloop
  endfacet
  facet normal 0 0 -1
    outer loop
      vertex 160 6 0
      vertex 155.2 16 0
      vertex 155.2 24 0
    endloop
  endfacet
  facet normal 0 0 -1
    outer loop
      vertex 160 6 0
      vertex 155.195 15.902 0
      vertex 155.2 16 0
    endloop
  endfacet
  facet normal 0 0 -1
    outer loop
      vertex 160 6 0
      vertex 155.181 15.8049 0
      vertex 155.195 15.902 0
    endloop
  endfacet
  facet normal 0 0 -1
    outer loop
      vertex 154 0 0
      vertex 155.742 0.258347 0
      vertex 155.171 0.11528 0
    endloop
  endfacet
  facet normal 0 0 -1
    outer loop
      vertex 160 6 0
      vertex 155.157 15.7097 0
      vertex 155.181 15.8049 0
    endloop
  endfacet
  facet normal 0 0 -1
    outer loop
      vertex 160 6 0
      vertex 155.124 15.6173 0
      vertex 155.157 15.7097 0
    endloop
  endfacet
  facet normal 0 0 -1
    outer loop
      vertex 160 6 0
      vertex 155.082 15.5286 0
      vertex 155.124 15.6173 0
    endloop
  endfacet
  facet normal 0 0 -1
    outer loop
      vertex 160 6 0
      vertex 155.031 15.4444 0
      vertex 155.082 15.5286 0
    endloop
  endfacet
  facet normal 0 0 -1
    outer loop
      vertex 160 6 0
      vertex 154.973 15.3656 0
      vertex 155.031 15.4444 0
    endloop
  endfacet
  facet normal 0 0 -1
    outer loop
      vertex 160 6 0
      vertex 154.907 15.2929 0
      vertex 154.973 15.3656 0
    endloop
  endfacet
  facet normal 0 0 -1
    outer loop
      vertex 160 6 0
      vertex 154.834 15.227 0
      vertex 154.907 15.2929 0
    endloop
  endfacet
  facet normal 0 0 -1
    outer loop
      vertex 160 6 0
      vertex 154.756 15.1685 0
      vertex 154.834 15.227 0
    endloop
  endfacet
  facet normal 0 0 -1
    outer loop
      vertex 160 6 0
      vertex 154.671 15.1181 0
      vertex 154.756 15.1685 0
    endloop
  endfacet
  facet normal 0 0 -1
    outer loop
      vertex 154 0 0
      vertex 155.171 0.11528 0
      vertex 154.588 0.0288849 0
    endloop
  endfacet
  facet normal 0 0 -1
    outer loop
      vertex 160 6 0
      vertex 154.583 15.0761 0
      vertex 154.671 15.1181 0
    endloop
  endfacet
  facet normal 0 0 -1
    outer loop
      vertex 160 6 0
      vertex 154.49 15.043 0
      vertex 154.583 15.0761 0
    endloop
  endfacet
  facet normal 0 0 -1
    outer loop
      vertex 160 6 0
      vertex 154.395 15.0192 0
      vertex 154.49 15.043 0
    endloop
  endfacet
  facet normal 0 0 -1
    outer loop
      vertex 160 6 0
      vertex 154.298 15.0048 0
      vertex 154.395 15.0192 0
    endloop
  endfacet
  facet normal 0 0 -1
    outer loop
      vertex 160 6 0
      vertex 154.2 15 0
      vertex 154.298 15.0048 0
    endloop
  endfacet
  facet normal -0 0 -1
    outer loop
      vertex 160 6 0
      vertex 154 0 0
      vertex 153 15 0
    endloop
  endfacet
  facet normal 0 0 -1
    outer loop
      vertex 160 6 0
      vertex 153 15 0
      vertex 154.2 15 0
    endloop
  endfacet
  facet normal 0 0 -1
    outer loop
      vertex 154 0 0
      vertex 152.902 15.0048 0
      vertex 153 15 0
    endloop
  endfacet
  facet normal 0 0 -1
    outer loop
      vertex 154 0 0
      vertex 152.805 15.0192 0
      vertex 152.902 15.0048 0
    endloop
  endfacet
  facet normal 0 0 -1
    outer loop
      vertex 154 0 0
      vertex 152.71 15.043 0
      vertex 152.805 15.0192 0
    endloop
  endfacet
  facet normal 0 0 -1
    outer loop
      vertex 147.49 15.043 0
      vertex 152.71 15.043 0
      vertex 154 0 0
    endloop
  endfacet
  facet normal 0 0 -1
    outer loop
      vertex 152.71 15.043 0
      vertex 147.49 15.043 0
      vertex 152.617 15.0761 0
    endloop
  endfacet
  facet normal 0 -0 -1
    outer loop
      vertex 147.583 15.0761 0
      vertex 152.617 15.0761 0
      vertex 147.49 15.043 0
    endloop
  endfacet
  facet normal 0 0 -1
    outer loop
      vertex 152.617 15.0761 0
      vertex 147.583 15.0761 0
      vertex 152.529 15.1181 0
    endloop
  endfacet
  facet normal 0 -0 -1
    outer loop
      vertex 147.671 15.1181 0
      vertex 152.529 15.1181 0
      vertex 147.583 15.0761 0
    endloop
  endfacet
  facet normal 0 -0 -1
    outer loop
      vertex 147.756 15.1685 0
      vertex 152.444 15.1685 0
      vertex 147.671 15.1181 0
    endloop
  endfacet
  facet normal 0 0 -1
    outer loop
      vertex 152.444 15.1685 0
      vertex 147.756 15.1685 0
      vertex 152.366 15.227 0
    endloop
  endfacet
  facet normal 0 -0 -1
    outer loop
      vertex 147.834 15.227 0
      vertex 152.366 15.227 0
      vertex 147.756 15.1685 0
    endloop
  endfacet
  facet normal 0 0 -1
    outer loop
      vertex 152.366 15.227 0
      vertex 147.834 15.227 0
      vertex 152.293 15.2929 0
    endloop
  endfacet
  facet normal 0 -0 -1
    outer loop
      vertex 147.907 15.2929 0
      vertex 152.293 15.2929 0
      vertex 147.834 15.227 0
    endloop
  endfacet
  facet normal 0 0 -1
    outer loop
      vertex 152.293 15.2929 0
      vertex 147.907 15.2929 0
      vertex 152.227 15.3656 0
    endloop
  endfacet
  facet normal 0 0 -1
    outer loop
      vertex 152.227 15.3656 0
      vertex 147.973 15.3656 0
      vertex 152.169 15.4444 0
    endloop
  endfacet
  facet normal 0 0 -1
    outer loop
      vertex 148.2 24 0
      vertex 152 24 0
      vertex 152 16 0
    endloop
  endfacet
  facet normal 0 0 -1
    outer loop
      vertex 152.019 35.8049 0
      vertex 148.2 36 0
      vertex 152.005 35.902 0
    endloop
  endfacet
  facet normal 0 0 -1
    outer loop
      vertex 152 36 0
      vertex 148.2 36 0
      vertex 152 44 0
    endloop
  endfacet
  facet normal 0 0 -1
    outer loop
      vertex 148.2 44 0
      vertex 152 44 0
      vertex 148.2 36 0
    endloop
  endfacet
  facet normal 0 0 -1
    outer loop
      vertex 152.005 55.902 0
      vertex 148.2 56 0
      vertex 152 56 0
    endloop
  endfacet
  facet normal 0 0 -1
    outer loop
      vertex 152 56 0
      vertex 148.2 56 0
      vertex 152 64 0
    endloop
  endfacet
  facet normal 0 0 -1
    outer loop
      vertex 148.2 24 0
      vertex 152 16 0
      vertex 148.2 16 0
    endloop
  endfacet
  facet normal 0 0 -1
    outer loop
      vertex 152.005 15.902 0
      vertex 148.2 16 0
      vertex 152 16 0
    endloop
  endfacet
  facet normal 0 -0 -1
    outer loop
      vertex 148.031 15.4444 0
      vertex 152.169 15.4444 0
      vertex 147.973 15.3656 0
    endloop
  endfacet
  facet normal 0 0 -1
    outer loop
      vertex 152.005 15.902 0
      vertex 148.195 15.902 0
      vertex 148.2 16 0
    endloop
  endfacet
  facet normal -0 0 -1
    outer loop
      vertex 152.005 15.902 0
      vertex 148.181 15.8049 0
      vertex 148.195 15.902 0
    endloop
  endfacet
  facet normal 0 0 -1
    outer loop
      vertex 152.019 15.8049 0
      vertex 148.181 15.8049 0
      vertex 152.005 15.902 0
    endloop
  endfacet
  facet normal 0 -0 -1
    outer loop
      vertex 148.181 15.8049 0
      vertex 152.019 15.8049 0
      vertex 148.157 15.7097 0
    endloop
  endfacet
  facet normal 0 0 -1
    outer loop
      vertex 152.043 15.7097 0
      vertex 148.157 15.7097 0
      vertex 152.019 15.8049 0
    endloop
  endfacet
  facet normal 0 -0 -1
    outer loop
      vertex 148.157 15.7097 0
      vertex 152.043 15.7097 0
      vertex 148.124 15.6173 0
    endloop
  endfacet
  facet normal 0 0 -1
    outer loop
      vertex 152.076 15.6173 0
      vertex 148.124 15.6173 0
      vertex 152.043 15.7097 0
    endloop
  endfacet
  facet normal 0 -0 -1
    outer loop
      vertex 148.124 15.6173 0
      vertex 152.076 15.6173 0
      vertex 148.082 15.5286 0
    endloop
  endfacet
  facet normal 0 0 -1
    outer loop
      vertex 152.118 15.5286 0
      vertex 148.082 15.5286 0
      vertex 152.076 15.6173 0
    endloop
  endfacet
  facet normal 0 -0 -1
    outer loop
      vertex 148.082 15.5286 0
      vertex 152.118 15.5286 0
      vertex 148.031 15.4444 0
    endloop
  endfacet
  facet normal 0 0 -1
    outer loop
      vertex 152.169 15.4444 0
      vertex 148.031 15.4444 0
      vertex 152.118 15.5286 0
    endloop
  endfacet
  facet normal 0 -0 -1
    outer loop
      vertex 147.973 15.3656 0
      vertex 152.227 15.3656 0
      vertex 147.907 15.2929 0
    endloop
  endfacet
  facet normal 0 0 -1
    outer loop
      vertex 152.529 15.1181 0
      vertex 147.671 15.1181 0
      vertex 152.444 15.1685 0
    endloop
  endfacet
  facet normal 0 0 -1
    outer loop
      vertex 154 0 0
      vertex 147.395 15.0192 0
      vertex 147.49 15.043 0
    endloop
  endfacet
  facet normal 0 0 -1
    outer loop
      vertex 154 0 0
      vertex 147.298 15.0048 0
      vertex 147.395 15.0192 0
    endloop
  endfacet
  facet normal 0 0 -1
    outer loop
      vertex 154 0 0
      vertex 147.2 15 0
      vertex 147.298 15.0048 0
    endloop
  endfacet
  facet normal 0 0 -1
    outer loop
      vertex 154 0 0
      vertex 146 15 0
      vertex 147.2 15 0
    endloop
  endfacet
  facet normal 0 0 -1
    outer loop
      vertex 154 0 0
      vertex 145.902 15.0048 0
      vertex 146 15 0
    endloop
  endfacet
  facet normal 0 0 -1
    outer loop
      vertex 154 0 0
      vertex 145.805 15.0192 0
      vertex 145.902 15.0048 0
    endloop
  endfacet
  facet normal 0 0 -1
    outer loop
      vertex 154 0 0
      vertex 145.71 15.043 0
      vertex 145.805 15.0192 0
    endloop
  endfacet
  facet normal 0 0 -1
    outer loop
      vertex 154 0 0
      vertex 145.617 15.0761 0
      vertex 145.71 15.043 0
    endloop
  endfacet
  facet normal 0 0 -1
    outer loop
      vertex 154 0 0
      vertex 145.529 15.1181 0
      vertex 145.617 15.0761 0
    endloop
  endfacet
  facet normal 0 0 -1
    outer loop
      vertex 154 0 0
      vertex 145.444 15.1685 0
      vertex 145.529 15.1181 0
    endloop
  endfacet
  facet normal 0 0 -1
    outer loop
      vertex 154 0 0
      vertex 145.366 15.227 0
      vertex 145.444 15.1685 0
    endloop
  endfacet
  facet normal 0 0 -1
    outer loop
      vertex 109.914 4.41942 0
      vertex 145.366 15.227 0
      vertex 154 0 0
    endloop
  endfacet
  facet normal -0 0 -1
    outer loop
      vertex 145.366 15.227 0
      vertex 109.914 4.41942 0
      vertex 145.293 15.2929 0
    endloop
  endfacet
  facet normal 0 -0 -1
    outer loop
      vertex 109.962 4.60982 0
      vertex 145.293 15.2929 0
      vertex 109.914 4.41942 0
    endloop
  endfacet
  facet normal -0 0 -1
    outer loop
      vertex 145.293 15.2929 0
      vertex 109.962 4.60982 0
      vertex 145.227 15.3656 0
    endloop
  endfacet
  facet normal 0 0 -1
    outer loop
      vertex 109.914 7.58057 0
      vertex 145.019 15.8049 0
      vertex 109.962 7.39017 0
    endloop
  endfacet
  facet normal 0 0 -1
    outer loop
      vertex 109.663 8.11113 0
      vertex 145 16 0
      vertex 109.764 7.94278 0
    endloop
  endfacet
  facet normal -0 0 -1
    outer loop
      vertex 145 16 0
      vertex 109.663 8.11113 0
      vertex 145 24 0
    endloop
  endfacet
  facet normal 0 0 -1
    outer loop
      vertex 109.269 8.54602 0
      vertex 145 24 0
      vertex 109.414 8.4142 0
    endloop
  endfacet
  facet normal 0 0 -1
    outer loop
      vertex 145.005 55.902 0
      vertex 110 93 0
      vertex 145 56 0
    endloop
  endfacet
  facet normal 0 0 -1
    outer loop
      vertex 145 56 0
      vertex 110 93 0
      vertex 145 64 0
    endloop
  endfacet
  facet normal -0 0 -1
    outer loop
      vertex 145.043 15.7097 0
      vertex 109.962 7.39017 0
      vertex 145.019 15.8049 0
    endloop
  endfacet
  facet normal 0 0 -1
    outer loop
      vertex 109.962 7.39017 0
      vertex 145.043 15.7097 0
      vertex 109.99 7.19603 0
    endloop
  endfacet
  facet normal -0 0 -1
    outer loop
      vertex 145.076 15.6173 0
      vertex 109.99 7.19603 0
      vertex 145.043 15.7097 0
    endloop
  endfacet
  facet normal 0 0 -1
    outer loop
      vertex 109.99 7.19603 0
      vertex 145.076 15.6173 0
      vertex 110 7 0
    endloop
  endfacet
  facet normal -0 0 -1
    outer loop
      vertex 145.118 15.5286 0
      vertex 110 7 0
      vertex 145.076 15.6173 0
    endloop
  endfacet
  facet normal 0 0 -1
    outer loop
      vertex 110 7 0
      vertex 145.118 15.5286 0
      vertex 110 5 0
    endloop
  endfacet
  facet normal 0 -0 -1
    outer loop
      vertex 109.99 4.80396 0
      vertex 145.227 15.3656 0
      vertex 109.962 4.60982 0
    endloop
  endfacet
  facet normal -0 0 -1
    outer loop
      vertex 145.169 15.4444 0
      vertex 110 5 0
      vertex 145.118 15.5286 0
    endloop
  endfacet
  facet normal 0 -0 -1
    outer loop
      vertex 110 5 0
      vertex 145.169 15.4444 0
      vertex 109.99 4.80396 0
    endloop
  endfacet
  facet normal -0 0 -1
    outer loop
      vertex 145.227 15.3656 0
      vertex 109.99 4.80396 0
      vertex 145.169 15.4444 0
    endloop
  endfacet
  facet normal 0 0 -1
    outer loop
      vertex 154 0 0
      vertex 109.848 4.23462 0
      vertex 109.914 4.41942 0
    endloop
  endfacet
  facet normal 0 0 -1
    outer loop
      vertex 154 0 0
      vertex 109.764 4.05721 0
      vertex 109.848 4.23462 0
    endloop
  endfacet
  facet normal 0 0 -1
    outer loop
      vertex 154 0 0
      vertex 109.663 3.88885 0
      vertex 109.764 4.05721 0
    endloop
  endfacet
  facet normal 0 0 -1
    outer loop
      vertex 154 0 0
      vertex 109.546 3.7312 0
      vertex 109.663 3.88885 0
    endloop
  endfacet
  facet normal 0 0 -1
    outer loop
      vertex 154 0 0
      vertex 109.414 3.58578 0
      vertex 109.546 3.7312 0
    endloop
  endfacet
  facet normal 0 0 -1
    outer loop
      vertex 154 0 0
      vertex 109.269 3.45396 0
      vertex 109.414 3.58578 0
    endloop
  endfacet
  facet normal 0 0 -1
    outer loop
      vertex 154 0 0
      vertex 109.111 3.33705 0
      vertex 109.269 3.45396 0
    endloop
  endfacet
  facet normal 0 0 -1
    outer loop
      vertex 154 0 0
      vertex 108.943 3.23615 0
      vertex 109.111 3.33705 0
    endloop
  endfacet
  facet normal 0 0 -1
    outer loop
      vertex 154 0 0
      vertex 108.765 3.15224 0
      vertex 108.943 3.23615 0
    endloop
  endfacet
  facet normal 0 0 -1
    outer loop
      vertex 154 0 0
      vertex 108.581 3.08611 0
      vertex 108.765 3.15224 0
    endloop
  endfacet
  facet normal 0 0 -1
    outer loop
      vertex 154 0 0
      vertex 108.39 3.03842 0
      vertex 108.581 3.08611 0
    endloop
  endfacet
  facet normal 0 0 -1
    outer loop
      vertex 154 0 0
      vertex 108.196 3.00963 0
      vertex 108.39 3.03842 0
    endloop
  endfacet
  facet normal 0 0 -1
    outer loop
      vertex 154 0 0
      vertex 108 3 0
      vertex 108.196 3.00963 0
    endloop
  endfacet
  facet normal 0 0 -1
    outer loop
      vertex 154 0 0
      vertex 100 3 0
      vertex 108 3 0
    endloop
  endfacet
  facet normal 0 0 -1
    outer loop
      vertex 6 0 0
      vertex 100 3 0
      vertex 154 0 0
    endloop
  endfacet
  facet normal 0 0 -1
    outer loop
      vertex 42 7 0
      vertex 98 7 0
      vertex 98 5 0
    endloop
  endfacet
  facet normal 0 0 -1
    outer loop
      vertex 98.0384 92.6098 0
      vertex 42 93 0
      vertex 98.0096 92.804 0
    endloop
  endfacet
  facet normal 0 0 -1
    outer loop
      vertex 42 7 0
      vertex 98 5 0
      vertex 42 5 0
    endloop
  endfacet
  facet normal 0 0 -1
    outer loop
      vertex 98.0096 4.80396 0
      vertex 42 5 0
      vertex 98 5 0
    endloop
  endfacet
  facet normal 0 0 -1
    outer loop
      vertex 41.9904 4.80396 0
      vertex 98.0096 4.80396 0
      vertex 98.0384 4.60982 0
    endloop
  endfacet
  facet normal 0 0 -1
    outer loop
      vertex 41.9616 4.60982 0
      vertex 98.0384 4.60982 0
      vertex 98.0861 4.41942 0
    endloop
  endfacet
  facet normal 0 0 -1
    outer loop
      vertex 41.9139 4.41942 0
      vertex 98.0861 4.41942 0
      vertex 98.1522 4.23462 0
    endloop
  endfacet
  facet normal 0 0 -1
    outer loop
      vertex 41.8477 4.23462 0
      vertex 98.1522 4.23462 0
      vertex 98.2361 4.05721 0
    endloop
  endfacet
  facet normal 0 0 -1
    outer loop
      vertex 41.7638 4.05721 0
      vertex 98.2361 4.05721 0
      vertex 98.3371 3.88885 0
    endloop
  endfacet
  facet normal 0 0 -1
    outer loop
      vertex 41.6629 3.88885 0
      vertex 98.3371 3.88885 0
      vertex 98.454 3.7312 0
    endloop
  endfacet
  facet normal 0 0 -1
    outer loop
      vertex 41.546 3.7312 0
      vertex 98.454 3.7312 0
      vertex 98.5858 3.58578 0
    endloop
  endfacet
  facet normal 0 0 -1
    outer loop
      vertex 41.4142 3.58578 0
      vertex 98.5858 3.58578 0
      vertex 98.7312 3.45396 0
    endloop
  endfacet
  facet normal 0 0 -1
    outer loop
      vertex 41.2688 3.45396 0
      vertex 98.7312 3.45396 0
      vertex 98.8889 3.33705 0
    endloop
  endfacet
  facet normal 0 0 -1
    outer loop
      vertex 41.1111 3.33705 0
      vertex 98.8889 3.33705 0
      vertex 99.0572 3.23615 0
    endloop
  endfacet
  facet normal 0 0 -1
    outer loop
      vertex 40.9428 3.23615 0
      vertex 99.0572 3.23615 0
      vertex 99.2346 3.15224 0
    endloop
  endfacet
  facet normal 0 0 -1
    outer loop
      vertex 40.7654 3.15224 0
      vertex 99.2346 3.15224 0
      vertex 99.4194 3.08611 0
    endloop
  endfacet
  facet normal 0 0 -1
    outer loop
      vertex 40.5806 3.08611 0
      vertex 99.4194 3.08611 0
      vertex 99.6098 3.03842 0
    endloop
  endfacet
  facet normal 0 0 -1
    outer loop
      vertex 40.3902 3.03842 0
      vertex 99.6098 3.03842 0
      vertex 99.804 3.00963 0
    endloop
  endfacet
  facet normal -0 0 -1
    outer loop
      vertex 100 3 0
      vertex 6 0 0
      vertex 99.804 3.00963 0
    endloop
  endfacet
  facet normal 0 0 -1
    outer loop
      vertex 98.0096 4.80396 0
      vertex 41.9904 4.80396 0
      vertex 42 5 0
    endloop
  endfacet
  facet normal 0 0 -1
    outer loop
      vertex 98.0384 4.60982 0
      vertex 41.9616 4.60982 0
      vertex 41.9904 4.80396 0
    endloop
  endfacet
  facet normal 0 0 -1
    outer loop
      vertex 98.0861 4.41942 0
      vertex 41.9139 4.41942 0
      vertex 41.9616 4.60982 0
    endloop
  endfacet
  facet normal 0 0 -1
    outer loop
      vertex 98.1522 4.23462 0
      vertex 41.8477 4.23462 0
      vertex 41.9139 4.41942 0
    endloop
  endfacet
  facet normal 0 0 -1
    outer loop
      vertex 98.2361 4.05721 0
      vertex 41.7638 4.05721 0
      vertex 41.8477 4.23462 0
    endloop
  endfacet
  facet normal 0 0 -1
    outer loop
      vertex 98.3371 3.88885 0
      vertex 41.6629 3.88885 0
      vertex 41.7638 4.05721 0
    endloop
  endfacet
  facet normal 0 0 -1
    outer loop
      vertex 98.454 3.7312 0
      vertex 41.546 3.7312 0
      vertex 41.6629 3.88885 0
    endloop
  endfacet
  facet normal 0 0 -1
    outer loop
      vertex 98.5858 3.58578 0
      vertex 41.4142 3.58578 0
      vertex 41.546 3.7312 0
    endloop
  endfacet
  facet normal 0 0 -1
    outer loop
      vertex 98.7312 3.45396 0
      vertex 41.2688 3.45396 0
      vertex 41.4142 3.58578 0
    endloop
  endfacet
  facet normal 0 0 -1
    outer loop
      vertex 98.8889 3.33705 0
      vertex 41.1111 3.33705 0
      vertex 41.2688 3.45396 0
    endloop
  endfacet
  facet normal 0 0 -1
    outer loop
      vertex 99.0572 3.23615 0
      vertex 40.9428 3.23615 0
      vertex 41.1111 3.33705 0
    endloop
  endfacet
  facet normal 0 0 -1
    outer loop
      vertex 99.2346 3.15224 0
      vertex 40.7654 3.15224 0
      vertex 40.9428 3.23615 0
    endloop
  endfacet
  facet normal 0 0 -1
    outer loop
      vertex 99.4194 3.08611 0
      vertex 40.5806 3.08611 0
      vertex 40.7654 3.15224 0
    endloop
  endfacet
  facet normal 0 0 -1
    outer loop
      vertex 99.6098 3.03842 0
      vertex 40.3902 3.03842 0
      vertex 40.5806 3.08611 0
    endloop
  endfacet
  facet normal 0 0 -1
    outer loop
      vertex 99.804 3.00963 0
      vertex 40.196 3.00963 0
      vertex 40.3902 3.03842 0
    endloop
  endfacet
  facet normal -0 0 -1
    outer loop
      vertex 99.804 3.00963 0
      vertex 6 0 0
      vertex 40.196 3.00963 0
    endloop
  endfacet
  facet normal 0 0 -1
    outer loop
      vertex 40.196 3.00963 0
      vertex 6 0 0
      vertex 40 3 0
    endloop
  endfacet
  facet normal 0 0 -1
    outer loop
      vertex 6 0 0
      vertex 30 7 0
      vertex 30 5 0
    endloop
  endfacet
  facet normal 0 0 -1
    outer loop
      vertex 8.84775 80.7654 0
      vertex 30.3371 91.8889 0
      vertex 8.91388 80.5806 0
    endloop
  endfacet
  facet normal 0 0 -1
    outer loop
      vertex 32 9 0
      vertex 9 30 0
      vertex 9 42 0
    endloop
  endfacet
  facet normal 0 0 -1
    outer loop
      vertex 6 0 0
      vertex 30 5 0
      vertex 30.0096 4.80396 0
    endloop
  endfacet
  facet normal 0 0 -1
    outer loop
      vertex 6 0 0
      vertex 30.0096 4.80396 0
      vertex 30.0384 4.60982 0
    endloop
  endfacet
  facet normal 0 0 -1
    outer loop
      vertex 6 0 0
      vertex 30.0384 4.60982 0
      vertex 30.0861 4.41942 0
    endloop
  endfacet
  facet normal 0 0 -1
    outer loop
      vertex 6 0 0
      vertex 30.0861 4.41942 0
      vertex 30.1522 4.23462 0
    endloop
  endfacet
  facet normal 0 0 -1
    outer loop
      vertex 6 0 0
      vertex 30.1522 4.23462 0
      vertex 30.2361 4.05721 0
    endloop
  endfacet
  facet normal 0 0 -1
    outer loop
      vertex 6 0 0
      vertex 30.2361 4.05721 0
      vertex 30.3371 3.88885 0
    endloop
  endfacet
  facet normal 0 0 -1
    outer loop
      vertex 6 0 0
      vertex 30.3371 3.88885 0
      vertex 30.454 3.7312 0
    endloop
  endfacet
  facet normal 0 0 -1
    outer loop
      vertex 31.804 8.99036 0
      vertex 8.99036 29.804 0
      vertex 9 30 0
    endloop
  endfacet
  facet normal 0 0 -1
    outer loop
      vertex 31.6098 8.96156 0
      vertex 8.96156 29.6098 0
      vertex 8.99036 29.804 0
    endloop
  endfacet
  facet normal 0 0 -1
    outer loop
      vertex 31.4194 8.91388 0
      vertex 8.91388 29.4194 0
      vertex 8.96156 29.6098 0
    endloop
  endfacet
  facet normal 0 0 -1
    outer loop
      vertex 31.2346 8.84775 0
      vertex 8.84775 29.2346 0
      vertex 8.91388 29.4194 0
    endloop
  endfacet
  facet normal 0 0 -1
    outer loop
      vertex 31.0572 8.76384 0
      vertex 8.76384 29.0572 0
      vertex 8.84775 29.2346 0
    endloop
  endfacet
  facet normal 0 0 -1
    outer loop
      vertex 30.8889 8.66293 0
      vertex 8.66293 28.8889 0
      vertex 8.76384 29.0572 0
    endloop
  endfacet
  facet normal 0 0 -1
    outer loop
      vertex 30.7312 8.54602 0
      vertex 8.54602 28.7312 0
      vertex 8.66293 28.8889 0
    endloop
  endfacet
  facet normal 0 0 -1
    outer loop
      vertex 30.5858 8.4142 0
      vertex 8.4142 28.5858 0
      vertex 8.54602 28.7312 0
    endloop
  endfacet
  facet normal 0 0 -1
    outer loop
      vertex 30.454 8.26878 0
      vertex 8.26878 28.454 0
      vertex 8.4142 28.5858 0
    endloop
  endfacet
  facet normal 0 0 -1
    outer loop
      vertex 30.3371 8.11113 0
      vertex 8.11113 28.3371 0
      vertex 8.26878 28.454 0
    endloop
  endfacet
  facet normal 0 0 -1
    outer loop
      vertex 6 0 0
      vertex 30.454 3.7312 0
      vertex 30.5858 3.58578 0
    endloop
  endfacet
  facet normal 0 0 -1
    outer loop
      vertex 30.2361 7.94278 0
      vertex 7.94278 28.2361 0
      vertex 8.11113 28.3371 0
    endloop
  endfacet
  facet normal -0 0 -1
    outer loop
      vertex 30.1522 7.76537 0
      vertex 6 0 0
      vertex 7.94278 28.2361 0
    endloop
  endfacet
  facet normal 0 0 -1
    outer loop
      vertex 7.94278 28.2361 0
      vertex 6 0 0
      vertex 7.76537 28.1522 0
    endloop
  endfacet
  facet normal 0 0 -1
    outer loop
      vertex 0 6 0
      vertex 7.76537 28.1522 0
      vertex 6 0 0
    endloop
  endfacet
  facet normal 0 0 -1
    outer loop
      vertex 7.76537 28.1522 0
      vertex 0 6 0
      vertex 7.58057 28.0861 0
    endloop
  endfacet
  facet normal 0 0 -1
    outer loop
      vertex 7.58057 28.0861 0
      vertex 0 6 0
      vertex 7.39017 28.0384 0
    endloop
  endfacet
  facet normal -0 0 -1
    outer loop
      vertex 40 3 0
      vertex 6 0 0
      vertex 32 3 0
    endloop
  endfacet
  facet normal 0 0 -1
    outer loop
      vertex 6 0 0
      vertex 31.804 3.00963 0
      vertex 32 3 0
    endloop
  endfacet
  facet normal 0 0 -1
    outer loop
      vertex 6 0 0
      vertex 31.6098 3.03842 0
      vertex 31.804 3.00963 0
    endloop
  endfacet
  facet normal 0 0 -1
    outer loop
      vertex 6 0 0
      vertex 31.4194 3.08611 0
      vertex 31.6098 3.03842 0
    endloop
  endfacet
  facet normal 0 0 -1
    outer loop
      vertex 6 0 0
      vertex 31.2346 3.15224 0
      vertex 31.4194 3.08611 0
    endloop
  endfacet
  facet normal 0 0 -1
    outer loop
      vertex 6 0 0
      vertex 31.0572 3.23615 0
      vertex 31.2346 3.15224 0
    endloop
  endfacet
  facet normal 0 0 -1
    outer loop
      vertex 6 0 0
      vertex 30.8889 3.33705 0
      vertex 31.0572 3.23615 0
    endloop
  endfacet
  facet normal 0 0 -1
    outer loop
      vertex 6 0 0
      vertex 30.7312 3.45396 0
      vertex 30.8889 3.33705 0
    endloop
  endfacet
  facet normal 0 0 -1
    outer loop
      vertex 6 0 0
      vertex 30.5858 3.58578 0
      vertex 30.7312 3.45396 0
    endloop
  endfacet
  facet normal 0 0 -1
    outer loop
      vertex 7.39017 28.0384 0
      vertex 0 6 0
      vertex 7.19603 28.0096 0
    endloop
  endfacet
  facet normal 0 0 -1
    outer loop
      vertex 0 6 0
      vertex 6 0 0
      vertex 5.4119 0.0288849 0
    endloop
  endfacet
  facet normal 0 0 -1
    outer loop
      vertex 7.19603 28.0096 0
      vertex 0 6 0
      vertex 7 28 0
    endloop
  endfacet
  facet normal 0 0 -1
    outer loop
      vertex 0 6 0
      vertex 5.4119 0.0288849 0
      vertex 4.82945 0.11528 0
    endloop
  endfacet
  facet normal -0 0 -1
    outer loop
      vertex 7 28 0
      vertex 0 6 0
      vertex 5 28 0
    endloop
  endfacet
  facet normal -0 0 -1
    outer loop
      vertex 5 28 0
      vertex 0 6 0
      vertex 4.80396 28.0096 0
    endloop
  endfacet
  facet normal -0 0 -1
    outer loop
      vertex 4.80396 28.0096 0
      vertex 0 6 0
      vertex 4.60982 28.0384 0
    endloop
  endfacet
  facet normal 0 0 -1
    outer loop
      vertex 0 6 0
      vertex 4.82945 0.11528 0
      vertex 4.25829 0.258347 0
    endloop
  endfacet
  facet normal -0 0 -1
    outer loop
      vertex 4.60982 28.0384 0
      vertex 0 6 0
      vertex 4.41942 28.0861 0
    endloop
  endfacet
  facet normal -0 0 -1
    outer loop
      vertex 4.41942 28.0861 0
      vertex 0 6 0
      vertex 4.23462 28.1522 0
    endloop
  endfacet
  facet normal -0 0 -1
    outer loop
      vertex 4.23462 28.1522 0
      vertex 0 6 0
      vertex 4.05721 28.2361 0
    endloop
  endfacet
  facet normal -0 0 -1
    outer loop
      vertex 4.05721 28.2361 0
      vertex 0 6 0
      vertex 3.88885 28.3371 0
    endloop
  endfacet
  facet normal 0 0 -1
    outer loop
      vertex 0 6 0
      vertex 4.25829 0.258347 0
      vertex 3.70389 0.456711 0
    endloop
  endfacet
  facet normal -0 0 -1
    outer loop
      vertex 3.88885 28.3371 0
      vertex 0 6 0
      vertex 3.7312 28.454 0
    endloop
  endfacet
  facet normal -0 0 -1
    outer loop
      vertex 3.7312 28.454 0
      vertex 0 6 0
      vertex 3.58578 28.5858 0
    endloop
  endfacet
  facet normal -0 0 -1
    outer loop
      vertex 3.58578 28.5858 0
      vertex 0 6 0
      vertex 3.45396 28.7312 0
    endloop
  endfacet
  facet normal -0 0 -1
    outer loop
      vertex 3.45396 28.7312 0
      vertex 0 6 0
      vertex 3.33705 28.8889 0
    endloop
  endfacet
  facet normal 0 0 -1
    outer loop
      vertex 0 6 0
      vertex 3.70389 0.456711 0
      vertex 3.17162 0.708466 0
    endloop
  endfacet
  facet normal -0 0 -1
    outer loop
      vertex 3.33705 28.8889 0
      vertex 0 6 0
      vertex 3.23615 29.0572 0
    endloop
  endfacet
  facet normal -0 0 -1
    outer loop
      vertex 3.23615 29.0572 0
      vertex 0 6 0
      vertex 3.15224 29.2346 0
    endloop
  endfacet
  facet normal -0 0 -1
    outer loop
      vertex 3.15224 29.2346 0
      vertex 0 6 0
      vertex 3.08611 29.4194 0
    endloop
  endfacet
  facet normal -0 0 -1
    outer loop
      vertex 3.08611 29.4194 0
      vertex 0 6 0
      vertex 3.03842 29.6098 0
    endloop
  endfacet
  facet normal -0 0 -1
    outer loop
      vertex 3.03842 29.6098 0
      vertex 0 6 0
      vertex 3.00963 29.804 0
    endloop
  endfacet
  facet normal 0 0 -1
    outer loop
      vertex 0 6 0
      vertex 3 42 0
      vertex 3 30 0
    endloop
  endfacet
  facet normal 0 0 -1
    outer loop
      vertex 3 42 0
      vertex 0 94 0
      vertex 3 68 0
    endloop
  endfacet
  facet normal -0 0 -1
    outer loop
      vertex 3.00963 29.804 0
      vertex 0 6 0
      vertex 3 30 0
    endloop
  endfacet
  facet normal 0 0 -1
    outer loop
      vertex 0 6 0
      vertex 3.17162 0.708466 0
      vertex 2.66656 1.01117 0
    endloop
  endfacet
  facet normal 0 0 -1
    outer loop
      vertex 155.195 24.098 0
      vertex 160 6 0
      vertex 155.2 24 0
    endloop
  endfacet
  facet normal 0 0 -1
    outer loop
      vertex 154.907 84.7071 0
      vertex 160 94 0
      vertex 154.973 84.6344 0
    endloop
  endfacet
  facet normal 0 0 -1
    outer loop
      vertex 154.834 84.773 0
      vertex 160 94 0
      vertex 154.907 84.7071 0
    endloop
  endfacet
  facet normal 0 0 -1
    outer loop
      vertex 154.756 84.8315 0
      vertex 160 94 0
      vertex 154.834 84.773 0
    endloop
  endfacet
  facet normal 0 0 -1
    outer loop
      vertex 154.671 84.8819 0
      vertex 160 94 0
      vertex 154.756 84.8315 0
    endloop
  endfacet
  facet normal 0 0 -1
    outer loop
      vertex 154.583 84.9239 0
      vertex 160 94 0
      vertex 154.671 84.8819 0
    endloop
  endfacet
  facet normal 0 0 -1
    outer loop
      vertex 154.49 84.9569 0
      vertex 160 94 0
      vertex 154.583 84.9239 0
    endloop
  endfacet
  facet normal 0 0 -1
    outer loop
      vertex 154.395 84.9808 0
      vertex 160 94 0
      vertex 154.49 84.9569 0
    endloop
  endfacet
  facet normal 0 0 -1
    outer loop
      vertex 154.298 84.9952 0
      vertex 160 94 0
      vertex 154.395 84.9808 0
    endloop
  endfacet
  facet normal 0 0 -1
    outer loop
      vertex 154.2 85 0
      vertex 160 94 0
      vertex 154.298 84.9952 0
    endloop
  endfacet
  facet normal 0 0 -1
    outer loop
      vertex 153 85 0
      vertex 160 94 0
      vertex 154.2 85 0
    endloop
  endfacet
  facet normal 0 -0 -1
    outer loop
      vertex 154 100 0
      vertex 160 94 0
      vertex 153 85 0
    endloop
  endfacet
  facet normal 0 0 -1
    outer loop
      vertex 160 94 0
      vertex 154 100 0
      vertex 159.971 94.5881 0
    endloop
  endfacet
  facet normal 0 0 -1
    outer loop
      vertex 159.971 94.5881 0
      vertex 154 100 0
      vertex 159.885 95.1705 0
    endloop
  endfacet
  facet normal 0 0 -1
    outer loop
      vertex 159.885 95.1705 0
      vertex 154 100 0
      vertex 159.742 95.7417 0
    endloop
  endfacet
  facet normal 0 0 -1
    outer loop
      vertex 159.742 95.7417 0
      vertex 154 100 0
      vertex 159.543 96.2961 0
    endloop
  endfacet
  facet normal 0 0 -1
    outer loop
      vertex 159.543 96.2961 0
      vertex 154 100 0
      vertex 159.292 96.8284 0
    endloop
  endfacet
  facet normal 0 0 -1
    outer loop
      vertex 159.292 96.8284 0
      vertex 154 100 0
      vertex 158.989 97.3334 0
    endloop
  endfacet
  facet normal 0 0 -1
    outer loop
      vertex 158.989 97.3334 0
      vertex 154 100 0
      vertex 158.638 97.8064 0
    endloop
  endfacet
  facet normal 0 0 -1
    outer loop
      vertex 158.638 97.8064 0
      vertex 154 100 0
      vertex 158.243 98.2426 0
    endloop
  endfacet
  facet normal 0 0 -1
    outer loop
      vertex 157.806 98.6381 0
      vertex 154 100 0
      vertex 157.333 98.9888 0
    endloop
  endfacet
  facet normal 0 0 -1
    outer loop
      vertex 157.333 98.9888 0
      vertex 154 100 0
      vertex 156.828 99.2915 0
    endloop
  endfacet
  facet normal 0 0 -1
    outer loop
      vertex 156.828 99.2915 0
      vertex 154 100 0
      vertex 156.296 99.5433 0
    endloop
  endfacet
  facet normal 0 0 -1
    outer loop
      vertex 156.296 99.5433 0
      vertex 154 100 0
      vertex 155.742 99.7416 0
    endloop
  endfacet
  facet normal 0 0 -1
    outer loop
      vertex 155.742 99.7416 0
      vertex 154 100 0
      vertex 155.171 99.8847 0
    endloop
  endfacet
  facet normal 0 0 -1
    outer loop
      vertex 155.171 99.8847 0
      vertex 154 100 0
      vertex 154.588 99.9711 0
    endloop
  endfacet
  facet normal 0 0 -1
    outer loop
      vertex 158.243 98.2426 0
      vertex 154 100 0
      vertex 157.806 98.6381 0
    endloop
  endfacet
  facet normal 0 0 -1
    outer loop
      vertex 152.902 84.9952 0
      vertex 154 100 0
      vertex 153 85 0
    endloop
  endfacet
  facet normal 0 0 -1
    outer loop
      vertex 152.805 84.9808 0
      vertex 154 100 0
      vertex 152.902 84.9952 0
    endloop
  endfacet
  facet normal 0 0 -1
    outer loop
      vertex 152.71 84.9569 0
      vertex 154 100 0
      vertex 152.805 84.9808 0
    endloop
  endfacet
  facet normal 0 0 -1
    outer loop
      vertex 147.49 84.9569 0
      vertex 152.71 84.9569 0
      vertex 152.617 84.9239 0
    endloop
  endfacet
  facet normal 0 0 -1
    outer loop
      vertex 147.583 84.9239 0
      vertex 152.617 84.9239 0
      vertex 152.529 84.8819 0
    endloop
  endfacet
  facet normal 0 0 -1
    outer loop
      vertex 147.671 84.8819 0
      vertex 152.529 84.8819 0
      vertex 152.444 84.8315 0
    endloop
  endfacet
  facet normal 0 0 -1
    outer loop
      vertex 147.756 84.8315 0
      vertex 152.444 84.8315 0
      vertex 152.366 84.773 0
    endloop
  endfacet
  facet normal 0 0 -1
    outer loop
      vertex 147.834 84.773 0
      vertex 152.366 84.773 0
      vertex 152.293 84.7071 0
    endloop
  endfacet
  facet normal 0 0 -1
    outer loop
      vertex 147.907 84.7071 0
      vertex 152.293 84.7071 0
      vertex 152.227 84.6344 0
    endloop
  endfacet
  facet normal 0 0 -1
    outer loop
      vertex 147.973 84.6344 0
      vertex 152.227 84.6344 0
      vertex 152.169 84.5556 0
    endloop
  endfacet
  facet normal 0 0 -1
    outer loop
      vertex 148.031 84.5556 0
      vertex 152.169 84.5556 0
      vertex 152.118 84.4714 0
    endloop
  endfacet
  facet normal 0 0 -1
    outer loop
      vertex 148.082 84.4714 0
      vertex 152.118 84.4714 0
      vertex 152.076 84.3827 0
    endloop
  endfacet
  facet normal 0 0 -1
    outer loop
      vertex 148.124 84.3827 0
      vertex 152.076 84.3827 0
      vertex 152.043 84.2903 0
    endloop
  endfacet
  facet normal 0 0 -1
    outer loop
      vertex 148.157 84.2903 0
      vertex 152.043 84.2903 0
      vertex 152.019 84.1951 0
    endloop
  endfacet
  facet normal 0 0 -1
    outer loop
      vertex 148.181 84.1951 0
      vertex 152.019 84.1951 0
      vertex 152.005 84.098 0
    endloop
  endfacet
  facet normal 0 0 -1
    outer loop
      vertex 152.005 35.902 0
      vertex 148.2 36 0
      vertex 152 36 0
    endloop
  endfacet
  facet normal 0 0 -1
    outer loop
      vertex 152.019 55.8049 0
      vertex 148.2 56 0
      vertex 152.005 55.902 0
    endloop
  endfacet
  facet normal 0 0 -1
    outer loop
      vertex 148.2 64 0
      vertex 152 64 0
      vertex 148.2 56 0
    endloop
  endfacet
  facet normal 0 0 -1
    outer loop
      vertex 152.019 75.8049 0
      vertex 148.2 76 0
      vertex 152.005 75.902 0
    endloop
  endfacet
  facet normal 0 0 -1
    outer loop
      vertex 152.005 75.902 0
      vertex 148.2 76 0
      vertex 152 76 0
    endloop
  endfacet
  facet normal 0 0 -1
    outer loop
      vertex 152 76 0
      vertex 148.2 76 0
      vertex 152 84 0
    endloop
  endfacet
  facet normal 0 0 -1
    outer loop
      vertex 148.2 84 0
      vertex 152 84 0
      vertex 148.2 76 0
    endloop
  endfacet
  facet normal 0 0 -1
    outer loop
      vertex 152 84 0
      vertex 148.2 84 0
      vertex 152.005 84.098 0
    endloop
  endfacet
  facet normal 0 0 -1
    outer loop
      vertex 148.195 84.098 0
      vertex 152.005 84.098 0
      vertex 148.2 84 0
    endloop
  endfacet
  facet normal 0 0 -1
    outer loop
      vertex 148.181 84.1951 0
      vertex 152.005 84.098 0
      vertex 148.195 84.098 0
    endloop
  endfacet
  facet normal 0 0 -1
    outer loop
      vertex 152.019 84.1951 0
      vertex 148.181 84.1951 0
      vertex 148.157 84.2903 0
    endloop
  endfacet
  facet normal 0 0 -1
    outer loop
      vertex 152.043 84.2903 0
      vertex 148.157 84.2903 0
      vertex 148.124 84.3827 0
    endloop
  endfacet
  facet normal 0 0 -1
    outer loop
      vertex 152.076 84.3827 0
      vertex 148.124 84.3827 0
      vertex 148.082 84.4714 0
    endloop
  endfacet
  facet normal 0 0 -1
    outer loop
      vertex 152.118 84.4714 0
      vertex 148.082 84.4714 0
      vertex 148.031 84.5556 0
    endloop
  endfacet
  facet normal 0 0 -1
    outer loop
      vertex 152.169 84.5556 0
      vertex 148.031 84.5556 0
      vertex 147.973 84.6344 0
    endloop
  endfacet
  facet normal 0 0 -1
    outer loop
      vertex 152.227 84.6344 0
      vertex 147.973 84.6344 0
      vertex 147.907 84.7071 0
    endloop
  endfacet
  facet normal 0 0 -1
    outer loop
      vertex 152.293 84.7071 0
      vertex 147.907 84.7071 0
      vertex 147.834 84.773 0
    endloop
  endfacet
  facet normal 0 0 -1
    outer loop
      vertex 152.366 84.773 0
      vertex 147.834 84.773 0
      vertex 147.756 84.8315 0
    endloop
  endfacet
  facet normal 0 0 -1
    outer loop
      vertex 152.444 84.8315 0
      vertex 147.756 84.8315 0
      vertex 147.671 84.8819 0
    endloop
  endfacet
  facet normal 0 0 -1
    outer loop
      vertex 152.529 84.8819 0
      vertex 147.671 84.8819 0
      vertex 147.583 84.9239 0
    endloop
  endfacet
  facet normal 0 0 -1
    outer loop
      vertex 152.617 84.9239 0
      vertex 147.583 84.9239 0
      vertex 147.49 84.9569 0
    endloop
  endfacet
  facet normal 0 0 -1
    outer loop
      vertex 152.71 84.9569 0
      vertex 147.49 84.9569 0
      vertex 154 100 0
    endloop
  endfacet
  facet normal 0 0 -1
    outer loop
      vertex 147.395 84.9808 0
      vertex 154 100 0
      vertex 147.49 84.9569 0
    endloop
  endfacet
  facet normal 0 0 -1
    outer loop
      vertex 147.298 84.9952 0
      vertex 154 100 0
      vertex 147.395 84.9808 0
    endloop
  endfacet
  facet normal 0 0 -1
    outer loop
      vertex 147.2 85 0
      vertex 154 100 0
      vertex 147.298 84.9952 0
    endloop
  endfacet
  facet normal 0 0 -1
    outer loop
      vertex 146 85 0
      vertex 154 100 0
      vertex 147.2 85 0
    endloop
  endfacet
  facet normal 0 0 -1
    outer loop
      vertex 145.902 84.9952 0
      vertex 154 100 0
      vertex 146 85 0
    endloop
  endfacet
  facet normal 0 0 -1
    outer loop
      vertex 145.805 84.9808 0
      vertex 154 100 0
      vertex 145.902 84.9952 0
    endloop
  endfacet
  facet normal 0 0 -1
    outer loop
      vertex 145.71 84.9569 0
      vertex 154 100 0
      vertex 145.805 84.9808 0
    endloop
  endfacet
  facet normal 0 0 -1
    outer loop
      vertex 145.617 84.9239 0
      vertex 154 100 0
      vertex 145.71 84.9569 0
    endloop
  endfacet
  facet normal 0 0 -1
    outer loop
      vertex 145.529 84.8819 0
      vertex 154 100 0
      vertex 145.617 84.9239 0
    endloop
  endfacet
  facet normal 0 0 -1
    outer loop
      vertex 145.444 84.8315 0
      vertex 154 100 0
      vertex 145.529 84.8819 0
    endloop
  endfacet
  facet normal 0 0 -1
    outer loop
      vertex 145.366 84.773 0
      vertex 154 100 0
      vertex 145.444 84.8315 0
    endloop
  endfacet
  facet normal 0 0 -1
    outer loop
      vertex 109.914 95.5806 0
      vertex 145.366 84.773 0
      vertex 145.293 84.7071 0
    endloop
  endfacet
  facet normal 0 0 -1
    outer loop
      vertex 109.962 95.3902 0
      vertex 145.293 84.7071 0
      vertex 145.227 84.6344 0
    endloop
  endfacet
  facet normal 0 0 -1
    outer loop
      vertex 109.99 95.196 0
      vertex 145.227 84.6344 0
      vertex 145.169 84.5556 0
    endloop
  endfacet
  facet normal 0 0 -1
    outer loop
      vertex 110 95 0
      vertex 145.169 84.5556 0
      vertex 145.118 84.4714 0
    endloop
  endfacet
  facet normal 0 0 -1
    outer loop
      vertex 145.005 75.902 0
      vertex 110 93 0
      vertex 145 76 0
    endloop
  endfacet
  facet normal 0 0 -1
    outer loop
      vertex 145 76 0
      vertex 110 93 0
      vertex 145 84 0
    endloop
  endfacet
  facet normal 0 0 -1
    outer loop
      vertex 145 84 0
      vertex 110 93 0
      vertex 145.005 84.098 0
    endloop
  endfacet
  facet normal 0 0 -1
    outer loop
      vertex 145.005 84.098 0
      vertex 110 93 0
      vertex 145.019 84.1951 0
    endloop
  endfacet
  facet normal 0 0 -1
    outer loop
      vertex 145.019 84.1951 0
      vertex 110 93 0
      vertex 145.043 84.2903 0
    endloop
  endfacet
  facet normal 0 0 -1
    outer loop
      vertex 145.043 84.2903 0
      vertex 110 93 0
      vertex 145.076 84.3827 0
    endloop
  endfacet
  facet normal 0 0 -1
    outer loop
      vertex 110 93 0
      vertex 145.118 84.4714 0
      vertex 145.076 84.3827 0
    endloop
  endfacet
  facet normal 0 0 -1
    outer loop
      vertex 110 95 0
      vertex 145.118 84.4714 0
      vertex 110 93 0
    endloop
  endfacet
  facet normal 0 0 -1
    outer loop
      vertex 145.169 84.5556 0
      vertex 110 95 0
      vertex 109.99 95.196 0
    endloop
  endfacet
  facet normal 0 0 -1
    outer loop
      vertex 145.227 84.6344 0
      vertex 109.99 95.196 0
      vertex 109.962 95.3902 0
    endloop
  endfacet
  facet normal 0 0 -1
    outer loop
      vertex 145.293 84.7071 0
      vertex 109.962 95.3902 0
      vertex 109.914 95.5806 0
    endloop
  endfacet
  facet normal 0 0 -1
    outer loop
      vertex 145.366 84.773 0
      vertex 109.914 95.5806 0
      vertex 154 100 0
    endloop
  endfacet
  facet normal 0 0 -1
    outer loop
      vertex 109.848 95.7654 0
      vertex 154 100 0
      vertex 109.914 95.5806 0
    endloop
  endfacet
  facet normal 0 0 -1
    outer loop
      vertex 109.764 95.9428 0
      vertex 154 100 0
      vertex 109.848 95.7654 0
    endloop
  endfacet
  facet normal 0 0 -1
    outer loop
      vertex 109.663 96.1111 0
      vertex 154 100 0
      vertex 109.764 95.9428 0
    endloop
  endfacet
  facet normal 0 0 -1
    outer loop
      vertex 109.546 96.2688 0
      vertex 154 100 0
      vertex 109.663 96.1111 0
    endloop
  endfacet
  facet normal 0 0 -1
    outer loop
      vertex 109.414 96.4142 0
      vertex 154 100 0
      vertex 109.546 96.2688 0
    endloop
  endfacet
  facet normal 0 0 -1
    outer loop
      vertex 109.269 96.546 0
      vertex 154 100 0
      vertex 109.414 96.4142 0
    endloop
  endfacet
  facet normal 0 0 -1
    outer loop
      vertex 109.111 96.6629 0
      vertex 154 100 0
      vertex 109.269 96.546 0
    endloop
  endfacet
  facet normal 0 0 -1
    outer loop
      vertex 108.943 96.7638 0
      vertex 154 100 0
      vertex 109.111 96.6629 0
    endloop
  endfacet
  facet normal 0 0 -1
    outer loop
      vertex 108.765 96.8477 0
      vertex 154 100 0
      vertex 108.943 96.7638 0
    endloop
  endfacet
  facet normal 0 0 -1
    outer loop
      vertex 108.581 96.9139 0
      vertex 154 100 0
      vertex 108.765 96.8477 0
    endloop
  endfacet
  facet normal 0 0 -1
    outer loop
      vertex 108.39 96.9616 0
      vertex 154 100 0
      vertex 108.581 96.9139 0
    endloop
  endfacet
  facet normal 0 0 -1
    outer loop
      vertex 108.196 96.9904 0
      vertex 154 100 0
      vertex 108.39 96.9616 0
    endloop
  endfacet
  facet normal 0 0 -1
    outer loop
      vertex 108 97 0
      vertex 154 100 0
      vertex 108.196 96.9904 0
    endloop
  endfacet
  facet normal 0 0 -1
    outer loop
      vertex 100 97 0
      vertex 154 100 0
      vertex 108 97 0
    endloop
  endfacet
  facet normal 0 0 -1
    outer loop
      vertex 6 100 0
      vertex 100 97 0
      vertex 99.804 96.9904 0
    endloop
  endfacet
  facet normal 0 0 -1
    outer loop
      vertex 98.0096 92.804 0
      vertex 42 93 0
      vertex 98 93 0
    endloop
  endfacet
  facet normal 0 0 -1
    outer loop
      vertex 98 93 0
      vertex 42 93 0
      vertex 98 95 0
    endloop
  endfacet
  facet normal 0 0 -1
    outer loop
      vertex 42 95 0
      vertex 98 95 0
      vertex 42 93 0
    endloop
  endfacet
  facet normal 0 0 -1
    outer loop
      vertex 98 95 0
      vertex 42 95 0
      vertex 98.0096 95.196 0
    endloop
  endfacet
  facet normal 0 0 -1
    outer loop
      vertex 41.9904 95.196 0
      vertex 98.0096 95.196 0
      vertex 42 95 0
    endloop
  endfacet
  facet normal 0 0 -1
    outer loop
      vertex 98.0096 95.196 0
      vertex 41.9904 95.196 0
      vertex 98.0384 95.3902 0
    endloop
  endfacet
  facet normal 0 0 -1
    outer loop
      vertex 41.9616 95.3902 0
      vertex 98.0384 95.3902 0
      vertex 41.9904 95.196 0
    endloop
  endfacet
  facet normal 0 0 -1
    outer loop
      vertex 98.0384 95.3902 0
      vertex 41.9616 95.3902 0
      vertex 98.0861 95.5806 0
    endloop
  endfacet
  facet normal 0 0 -1
    outer loop
      vertex 41.9139 95.5806 0
      vertex 98.0861 95.5806 0
      vertex 41.9616 95.3902 0
    endloop
  endfacet
  facet normal 0 0 -1
    outer loop
      vertex 98.0861 95.5806 0
      vertex 41.9139 95.5806 0
      vertex 98.1522 95.7654 0
    endloop
  endfacet
  facet normal 0 0 -1
    outer loop
      vertex 41.8477 95.7654 0
      vertex 98.1522 95.7654 0
      vertex 41.9139 95.5806 0
    endloop
  endfacet
  facet normal 0 0 -1
    outer loop
      vertex 98.1522 95.7654 0
      vertex 41.8477 95.7654 0
      vertex 98.2361 95.9428 0
    endloop
  endfacet
  facet normal 0 0 -1
    outer loop
      vertex 41.7638 95.9428 0
      vertex 98.2361 95.9428 0
      vertex 41.8477 95.7654 0
    endloop
  endfacet
  facet normal 0 0 -1
    outer loop
      vertex 98.2361 95.9428 0
      vertex 41.7638 95.9428 0
      vertex 98.3371 96.1111 0
    endloop
  endfacet
  facet normal 0 0 -1
    outer loop
      vertex 41.6629 96.1111 0
      vertex 98.3371 96.1111 0
      vertex 41.7638 95.9428 0
    endloop
  endfacet
  facet normal 0 0 -1
    outer loop
      vertex 98.3371 96.1111 0
      vertex 41.6629 96.1111 0
      vertex 98.454 96.2688 0
    endloop
  endfacet
  facet normal 0 0 -1
    outer loop
      vertex 41.546 96.2688 0
      vertex 98.454 96.2688 0
      vertex 41.6629 96.1111 0
    endloop
  endfacet
  facet normal 0 0 -1
    outer loop
      vertex 98.454 96.2688 0
      vertex 41.546 96.2688 0
      vertex 98.5858 96.4142 0
    endloop
  endfacet
  facet normal 0 0 -1
    outer loop
      vertex 41.4142 96.4142 0
      vertex 98.5858 96.4142 0
      vertex 41.546 96.2688 0
    endloop
  endfacet
  facet normal 0 0 -1
    outer loop
      vertex 98.5858 96.4142 0
      vertex 41.4142 96.4142 0
      vertex 98.7312 96.546 0
    endloop
  endfacet
  facet normal 0 0 -1
    outer loop
      vertex 41.2688 96.546 0
      vertex 98.7312 96.546 0
      vertex 41.4142 96.4142 0
    endloop
  endfacet
  facet normal 0 0 -1
    outer loop
      vertex 98.7312 96.546 0
      vertex 41.2688 96.546 0
      vertex 98.8889 96.6629 0
    endloop
  endfacet
  facet normal 0 0 -1
    outer loop
      vertex 41.1111 96.6629 0
      vertex 98.8889 96.6629 0
      vertex 41.2688 96.546 0
    endloop
  endfacet
  facet normal 0 0 -1
    outer loop
      vertex 98.8889 96.6629 0
      vertex 41.1111 96.6629 0
      vertex 99.0572 96.7638 0
    endloop
  endfacet
  facet normal 0 0 -1
    outer loop
      vertex 40.9428 96.7638 0
      vertex 99.0572 96.7638 0
      vertex 41.1111 96.6629 0
    endloop
  endfacet
  facet normal 0 0 -1
    outer loop
      vertex 99.0572 96.7638 0
      vertex 40.9428 96.7638 0
      vertex 99.2346 96.8477 0
    endloop
  endfacet
  facet normal 0 0 -1
    outer loop
      vertex 40.7654 96.8477 0
      vertex 99.2346 96.8477 0
      vertex 40.9428 96.7638 0
    endloop
  endfacet
  facet normal 0 0 -1
    outer loop
      vertex 99.2346 96.8477 0
      vertex 40.7654 96.8477 0
      vertex 99.4194 96.9139 0
    endloop
  endfacet
  facet normal 0 0 -1
    outer loop
      vertex 40.5806 96.9139 0
      vertex 99.4194 96.9139 0
      vertex 40.7654 96.8477 0
    endloop
  endfacet
  facet normal 0 0 -1
    outer loop
      vertex 99.4194 96.9139 0
      vertex 40.5806 96.9139 0
      vertex 99.6098 96.9616 0
    endloop
  endfacet
  facet normal 0 0 -1
    outer loop
      vertex 40.3902 96.9616 0
      vertex 99.6098 96.9616 0
      vertex 40.5806 96.9139 0
    endloop
  endfacet
  facet normal 0 0 -1
    outer loop
      vertex 99.6098 96.9616 0
      vertex 40.3902 96.9616 0
      vertex 99.804 96.9904 0
    endloop
  endfacet
  facet normal 0 0 -1
    outer loop
      vertex 40.196 96.9904 0
      vertex 99.804 96.9904 0
      vertex 40.3902 96.9616 0
    endloop
  endfacet
  facet normal 0 0 -1
    outer loop
      vertex 6 100 0
      vertex 99.804 96.9904 0
      vertex 40.196 96.9904 0
    endloop
  endfacet
  facet normal 0 0 -1
    outer loop
      vertex 6 100 0
      vertex 40.196 96.9904 0
      vertex 40 97 0
    endloop
  endfacet
  facet normal 0 0 -1
    outer loop
      vertex 6 100 0
      vertex 40 97 0
      vertex 32 97 0
    endloop
  endfacet
  facet normal -0 0 -1
    outer loop
      vertex 30.3371 91.8889 0
      vertex 8.84775 80.7654 0
      vertex 30.2361 92.0572 0
    endloop
  endfacet
  facet normal 0 0 -1
    outer loop
      vertex 8.76384 80.9428 0
      vertex 30.2361 92.0572 0
      vertex 8.84775 80.7654 0
    endloop
  endfacet
  facet normal -0 0 -1
    outer loop
      vertex 30.2361 92.0572 0
      vertex 8.76384 80.9428 0
      vertex 30.1522 92.2346 0
    endloop
  endfacet
  facet normal 0 0 -1
    outer loop
      vertex 8.66293 81.1111 0
      vertex 30.1522 92.2346 0
      vertex 8.76384 80.9428 0
    endloop
  endfacet
  facet normal -0 0 -1
    outer loop
      vertex 30.1522 92.2346 0
      vertex 8.66293 81.1111 0
      vertex 30.0861 92.4194 0
    endloop
  endfacet
  facet normal 0 0 -1
    outer loop
      vertex 8.54602 81.2688 0
      vertex 30.0861 92.4194 0
      vertex 8.66293 81.1111 0
    endloop
  endfacet
  facet normal -0 0 -1
    outer loop
      vertex 30.0861 92.4194 0
      vertex 8.54602 81.2688 0
      vertex 30.0384 92.6098 0
    endloop
  endfacet
  facet normal 0 0 -1
    outer loop
      vertex 8.4142 81.4142 0
      vertex 30.0384 92.6098 0
      vertex 8.54602 81.2688 0
    endloop
  endfacet
  facet normal -0 0 -1
    outer loop
      vertex 30.0384 92.6098 0
      vertex 8.4142 81.4142 0
      vertex 30.0096 92.804 0
    endloop
  endfacet
  facet normal 0 0 -1
    outer loop
      vertex 8.26878 81.546 0
      vertex 30.0096 92.804 0
      vertex 8.4142 81.4142 0
    endloop
  endfacet
  facet normal 0 0 -1
    outer loop
      vertex 6 100 0
      vertex 30.0096 92.804 0
      vertex 8.26878 81.546 0
    endloop
  endfacet
  facet normal 0 0 -1
    outer loop
      vertex 30.0096 92.804 0
      vertex 6 100 0
      vertex 30 93 0
    endloop
  endfacet
  facet normal 0 0 -1
    outer loop
      vertex 30 93 0
      vertex 6 100 0
      vertex 30 95 0
    endloop
  endfacet
  facet normal 0 0 -1
    outer loop
      vertex 30 95 0
      vertex 6 100 0
      vertex 30.0096 95.196 0
    endloop
  endfacet
  facet normal 0 0 -1
    outer loop
      vertex 30.0096 95.196 0
      vertex 6 100 0
      vertex 30.0384 95.3902 0
    endloop
  endfacet
  facet normal 0 0 -1
    outer loop
      vertex 30.0384 95.3902 0
      vertex 6 100 0
      vertex 30.0861 95.5806 0
    endloop
  endfacet
  facet normal 0 0 -1
    outer loop
      vertex 30.0861 95.5806 0
      vertex 6 100 0
      vertex 30.1522 95.7654 0
    endloop
  endfacet
  facet normal 0 0 -1
    outer loop
      vertex 30.1522 95.7654 0
      vertex 6 100 0
      vertex 30.2361 95.9428 0
    endloop
  endfacet
  facet normal 0 0 -1
    outer loop
      vertex 30.2361 95.9428 0
      vertex 6 100 0
      vertex 30.3371 96.1111 0
    endloop
  endfacet
  facet normal 0 0 -1
    outer loop
      vertex 30.3371 96.1111 0
      vertex 6 100 0
      vertex 30.454 96.2688 0
    endloop
  endfacet
  facet normal 0 0 -1
    outer loop
      vertex 30.454 96.2688 0
      vertex 6 100 0
      vertex 30.5858 96.4142 0
    endloop
  endfacet
  facet normal 0 0 -1
    outer loop
      vertex 30.5858 96.4142 0
      vertex 6 100 0
      vertex 30.7312 96.546 0
    endloop
  endfacet
  facet normal 0 0 -1
    outer loop
      vertex 6 100 0
      vertex 8.26878 81.546 0
      vertex 8.11113 81.6629 0
    endloop
  endfacet
  facet normal 0 0 -1
    outer loop
      vertex 6 100 0
      vertex 8.11113 81.6629 0
      vertex 7.94278 81.7638 0
    endloop
  endfacet
  facet normal 0 0 -1
    outer loop
      vertex 6 100 0
      vertex 7.94278 81.7638 0
      vertex 7.76537 81.8477 0
    endloop
  endfacet
  facet normal 0 0 -1
    outer loop
      vertex 6 100 0
      vertex 7.76537 81.8477 0
      vertex 7.58057 81.9139 0
    endloop
  endfacet
  facet normal 0 0 -1
    outer loop
      vertex 6 100 0
      vertex 7.58057 81.9139 0
      vertex 7.39017 81.9616 0
    endloop
  endfacet
  facet normal 0 0 -1
    outer loop
      vertex 0 94 0
      vertex 7.39017 81.9616 0
      vertex 7.19603 81.9904 0
    endloop
  endfacet
  facet normal 0 0 -1
    outer loop
      vertex 0 94 0
      vertex 7.19603 81.9904 0
      vertex 7 82 0
    endloop
  endfacet
  facet normal 0 0 -1
    outer loop
      vertex 100 97 0
      vertex 6 100 0
      vertex 154 100 0
    endloop
  endfacet
  facet normal 0 0 -1
    outer loop
      vertex 31.804 96.9904 0
      vertex 6 100 0
      vertex 32 97 0
    endloop
  endfacet
  facet normal 0 0 -1
    outer loop
      vertex 31.6098 96.9616 0
      vertex 6 100 0
      vertex 31.804 96.9904 0
    endloop
  endfacet
  facet normal 0 0 -1
    outer loop
      vertex 31.4194 96.9139 0
      vertex 6 100 0
      vertex 31.6098 96.9616 0
    endloop
  endfacet
  facet normal 0 0 -1
    outer loop
      vertex 31.2346 96.8477 0
      vertex 6 100 0
      vertex 31.4194 96.9139 0
    endloop
  endfacet
  facet normal 0 0 -1
    outer loop
      vertex 31.0572 96.7638 0
      vertex 6 100 0
      vertex 31.2346 96.8477 0
    endloop
  endfacet
  facet normal 0 0 -1
    outer loop
      vertex 30.8889 96.6629 0
      vertex 6 100 0
      vertex 31.0572 96.7638 0
    endloop
  endfacet
  facet normal 0 0 -1
    outer loop
      vertex 30.7312 96.546 0
      vertex 6 100 0
      vertex 30.8889 96.6629 0
    endloop
  endfacet
  facet normal 0 0 -1
    outer loop
      vertex 7.39017 81.9616 0
      vertex 0 94 0
      vertex 6 100 0
    endloop
  endfacet
  facet normal 0 0 -1
    outer loop
      vertex 0 94 0
      vertex 7 82 0
      vertex 5 82 0
    endloop
  endfacet
  facet normal 0 0 -1
    outer loop
      vertex 6 100 0
      vertex 0 94 0
      vertex 5.4119 99.9711 0
    endloop
  endfacet
  facet normal 0 0 -1
    outer loop
      vertex 0 94 0
      vertex 5 82 0
      vertex 4.80396 81.9904 0
    endloop
  endfacet
  facet normal 0 0 -1
    outer loop
      vertex 0 94 0
      vertex 4.80396 81.9904 0
      vertex 4.60982 81.9616 0
    endloop
  endfacet
  facet normal 0 0 -1
    outer loop
      vertex 0 94 0
      vertex 4.60982 81.9616 0
      vertex 4.41942 81.9139 0
    endloop
  endfacet
  facet normal 0 0 -1
    outer loop
      vertex 5.4119 99.9711 0
      vertex 0 94 0
      vertex 4.82945 99.8847 0
    endloop
  endfacet
  facet normal 0 0 -1
    outer loop
      vertex 0 94 0
      vertex 4.41942 81.9139 0
      vertex 4.23462 81.8477 0
    endloop
  endfacet
  facet normal 0 0 -1
    outer loop
      vertex 0 94 0
      vertex 4.23462 81.8477 0
      vertex 4.05721 81.7638 0
    endloop
  endfacet
  facet normal 0 0 -1
    outer loop
      vertex 0 94 0
      vertex 4.05721 81.7638 0
      vertex 3.88885 81.6629 0
    endloop
  endfacet
  facet normal 0 0 -1
    outer loop
      vertex 0 94 0
      vertex 3.88885 81.6629 0
      vertex 3.7312 81.546 0
    endloop
  endfacet
  facet normal 0 0 -1
    outer loop
      vertex 4.82945 99.8847 0
      vertex 0 94 0
      vertex 4.25829 99.7416 0
    endloop
  endfacet
  facet normal 0 0 -1
    outer loop
      vertex 0 94 0
      vertex 3.7312 81.546 0
      vertex 3.58578 81.4142 0
    endloop
  endfacet
  facet normal 0 0 -1
    outer loop
      vertex 0 94 0
      vertex 3.58578 81.4142 0
      vertex 3.45396 81.2688 0
    endloop
  endfacet
  facet normal 0 0 -1
    outer loop
      vertex 0 94 0
      vertex 3.45396 81.2688 0
      vertex 3.33705 81.1111 0
    endloop
  endfacet
  facet normal 0 0 -1
    outer loop
      vertex 0 94 0
      vertex 3.33705 81.1111 0
      vertex 3.23615 80.9428 0
    endloop
  endfacet
  facet normal 0 0 -1
    outer loop
      vertex 4.25829 99.7416 0
      vertex 0 94 0
      vertex 3.70389 99.5433 0
    endloop
  endfacet
  facet normal 0 0 -1
    outer loop
      vertex 0 94 0
      vertex 3.23615 80.9428 0
      vertex 3.15224 80.7654 0
    endloop
  endfacet
  facet normal 0 0 -1
    outer loop
      vertex 0 94 0
      vertex 3.15224 80.7654 0
      vertex 3.08611 80.5806 0
    endloop
  endfacet
  facet normal 0 0 -1
    outer loop
      vertex 0 94 0
      vertex 3.08611 80.5806 0
      vertex 3.03842 80.3902 0
    endloop
  endfacet
  facet normal 0 0 -1
    outer loop
      vertex 0 94 0
      vertex 3.03842 80.3902 0
      vertex 3.00963 80.196 0
    endloop
  endfacet
  facet normal 0 0 -1
    outer loop
      vertex 0 94 0
      vertex 3.00963 80.196 0
      vertex 3 80 0
    endloop
  endfacet
  facet normal 0 0 -1
    outer loop
      vertex 3.70389 99.5433 0
      vertex 0 94 0
      vertex 3.17162 99.2915 0
    endloop
  endfacet
  facet normal -0 0 -1
    outer loop
      vertex 3 42 0
      vertex 0 6 0
      vertex 0 94 0
    endloop
  endfacet
  facet normal 0 0 -1
    outer loop
      vertex 0 6 0
      vertex 2.66656 1.01117 0
      vertex 2.19363 1.36192 0
    endloop
  endfacet
  facet normal 0 0 -1
    outer loop
      vertex 3 68 0
      vertex 0 94 0
      vertex 3 80 0
    endloop
  endfacet
  facet normal 0 0 -1
    outer loop
      vertex 0 6 0
      vertex 2.19363 1.36192 0
      vertex 1.75735 1.75735 0
    endloop
  endfacet
  facet normal 0 0 -1
    outer loop
      vertex 3.17162 99.2915 0
      vertex 0 94 0
      vertex 2.66656 98.9888 0
    endloop
  endfacet
  facet normal 0 0 -1
    outer loop
      vertex 0 6 0
      vertex 1.75735 1.75735 0
      vertex 1.36192 2.19363 0
    endloop
  endfacet
  facet normal 0 0 -1
    outer loop
      vertex 2.66656 98.9888 0
      vertex 0 94 0
      vertex 2.19363 98.6381 0
    endloop
  endfacet
  facet normal 0 0 -1
    outer loop
      vertex 0 6 0
      vertex 1.36192 2.19363 0
      vertex 1.01117 2.66656 0
    endloop
  endfacet
  facet normal 0 0 -1
    outer loop
      vertex 2.19363 98.6381 0
      vertex 0 94 0
      vertex 1.75735 98.2426 0
    endloop
  endfacet
  facet normal 0 0 -1
    outer loop
      vertex 0 6 0
      vertex 1.01117 2.66656 0
      vertex 0.708466 3.17162 0
    endloop
  endfacet
  facet normal 0 0 -1
    outer loop
      vertex 1.75735 98.2426 0
      vertex 0 94 0
      vertex 1.36192 97.8064 0
    endloop
  endfacet
  facet normal 0 0 -1
    outer loop
      vertex 0 6 0
      vertex 0.708466 3.17162 0
      vertex 0.456711 3.70389 0
    endloop
  endfacet
  facet normal 0 0 -1
    outer loop
      vertex 1.36192 97.8064 0
      vertex 0 94 0
      vertex 1.01117 97.3334 0
    endloop
  endfacet
  facet normal 0 0 -1
    outer loop
      vertex 0 6 0
      vertex 0.456711 3.70389 0
      vertex 0.258347 4.25829 0
    endloop
  endfacet
  facet normal 0 0 -1
    outer loop
      vertex 1.01117 97.3334 0
      vertex 0 94 0
      vertex 0.708466 96.8284 0
    endloop
  endfacet
  facet normal 0 0 -1
    outer loop
      vertex 0 6 0
      vertex 0.258347 4.25829 0
      vertex 0.11528 4.82945 0
    endloop
  endfacet
  facet normal 0 0 -1
    outer loop
      vertex 0.708466 96.8284 0
      vertex 0 94 0
      vertex 0.456711 96.2961 0
    endloop
  endfacet
  facet normal 0 0 -1
    outer loop
      vertex 0 6 0
      vertex 0.11528 4.82945 0
      vertex 0.0288849 5.4119 0
    endloop
  endfacet
  facet normal 0 0 -1
    outer loop
      vertex 0.456711 96.2961 0
      vertex 0 94 0
      vertex 0.258347 95.7417 0
    endloop
  endfacet
  facet normal 0 0 -1
    outer loop
      vertex 0.258347 95.7417 0
      vertex 0 94 0
      vertex 0.11528 95.1705 0
    endloop
  endfacet
  facet normal 0 0 -1
    outer loop
      vertex 0.11528 95.1705 0
      vertex 0 94 0
      vertex 0.0288849 94.5881 0
    endloop
  endfacet
  facet normal -0.989177 -0.146725 0
    outer loop
      vertex 0.11528 4.82945 0
      vertex 0.0288849 5.4119 4
      vertex 0.0288849 5.4119 0
    endloop
  endfacet
  facet normal -0.989177 -0.146725 0
    outer loop
      vertex 0.0288849 5.4119 4
      vertex 0.11528 4.82945 0
      vertex 0.11528 4.82945 4
    endloop
  endfacet
  facet normal -1 0 0
    outer loop
      vertex 0 6 0
      vertex 0 94 4
      vertex 0 94 0
    endloop
  endfacet
  facet normal -1 -0 0
    outer loop
      vertex 0 94 4
      vertex 0 6 0
      vertex 0 6 4
    endloop
  endfacet
  facet normal 0.998786 0.0492515 0
    outer loop
      vertex 160 94 4
      vertex 159.971 94.5881 0
      vertex 159.971 94.5881 4
    endloop
  endfacet
  facet normal 0.998786 0.0492515 0
    outer loop
      vertex 159.971 94.5881 0
      vertex 160 94 4
      vertex 160 94 0
    endloop
  endfacet
  facet normal -0.998796 -0.0490565 0
    outer loop
      vertex 0.0288849 5.4119 0
      vertex 0 6 4
      vertex 0 6 0
    endloop
  endfacet
  facet normal -0.998796 -0.0490565 0
    outer loop
      vertex 0 6 4
      vertex 0.0288849 5.4119 0
      vertex 0.0288849 5.4119 4
    endloop
  endfacet
  facet normal -0.427631 0.903953 0
    outer loop
      vertex 3.70389 99.5433 0
      vertex 3.17162 99.2915 4
      vertex 3.70389 99.5433 4
    endloop
  endfacet
  facet normal -0.427631 0.903953 0
    outer loop
      vertex 3.17162 99.2915 4
      vertex 3.70389 99.5433 0
      vertex 3.17162 99.2915 0
    endloop
  endfacet
  facet normal 0.0490904 0.998794 -0
    outer loop
      vertex 154.588 99.9711 0
      vertex 154 100 4
      vertex 154.588 99.9711 4
    endloop
  endfacet
  facet normal 0.0490904 0.998794 0
    outer loop
      vertex 154 100 4
      vertex 154.588 99.9711 0
      vertex 154 100 0
    endloop
  endfacet
  facet normal 0 1 -0
    outer loop
      vertex 154 100 0
      vertex 6 100 4
      vertex 154 100 4
    endloop
  endfacet
  facet normal 0 1 0
    outer loop
      vertex 6 100 4
      vertex 154 100 0
      vertex 6 100 0
    endloop
  endfacet
  facet normal -0.998796 0.0490565 0
    outer loop
      vertex 0 94 0
      vertex 0.0288849 94.5881 4
      vertex 0.0288849 94.5881 0
    endloop
  endfacet
  facet normal -0.998796 0.0490565 0
    outer loop
      vertex 0.0288849 94.5881 4
      vertex 0 94 0
      vertex 0 94 4
    endloop
  endfacet
  facet normal 1 0 0
    outer loop
      vertex 160 93 7
      vertex 160 7 7
      vertex 160 93 4
    endloop
  endfacet
  facet normal 1 -0 0
    outer loop
      vertex 160 93 4
      vertex 160 94 0
      vertex 160 94 4
    endloop
  endfacet
  facet normal 1 0 0
    outer loop
      vertex 160 7 4
      vertex 160 93 4
      vertex 160 7 7
    endloop
  endfacet
  facet normal 1 0 0
    outer loop
      vertex 160 93 4
      vertex 160 7 4
      vertex 160 94 0
    endloop
  endfacet
  facet normal 1 0 0
    outer loop
      vertex 160 6 0
      vertex 160 7 4
      vertex 160 6 4
    endloop
  endfacet
  facet normal 1 0 0
    outer loop
      vertex 160 7 4
      vertex 160 6 0
      vertex 160 94 0
    endloop
  endfacet
  facet normal 0 -1 0
    outer loop
      vertex 6 0 0
      vertex 154 0 4
      vertex 6 0 4
    endloop
  endfacet
  facet normal 0 -1 -0
    outer loop
      vertex 154 0 4
      vertex 6 0 0
      vertex 154 0 0
    endloop
  endfacet
  facet normal 0.671024 0.741435 -0
    outer loop
      vertex 158.243 98.2426 0
      vertex 157.806 98.6381 4
      vertex 158.243 98.2426 4
    endloop
  endfacet
  facet normal 0.671024 0.741435 0
    outer loop
      vertex 157.806 98.6381 4
      vertex 158.243 98.2426 0
      vertex 157.806 98.6381 0
    endloop
  endfacet
  facet normal -0.803249 0.595644 0
    outer loop
      vertex 1.01117 97.3334 0
      vertex 1.36192 97.8064 4
      vertex 1.36192 97.8064 0
    endloop
  endfacet
  facet normal -0.803249 0.595644 0
    outer loop
      vertex 1.36192 97.8064 4
      vertex 1.01117 97.3334 0
      vertex 1.01117 97.3334 4
    endloop
  endfacet
  facet normal 0.904487 0.426501 0
    outer loop
      vertex 159.543 96.2961 4
      vertex 159.292 96.8284 0
      vertex 159.292 96.8284 4
    endloop
  endfacet
  facet normal 0.904487 0.426501 0
    outer loop
      vertex 159.292 96.8284 0
      vertex 159.543 96.2961 4
      vertex 159.543 96.2961 0
    endloop
  endfacet
  facet normal 0.427809 0.903869 -0
    outer loop
      vertex 156.828 99.2915 0
      vertex 156.296 99.5433 4
      vertex 156.828 99.2915 4
    endloop
  endfacet
  facet normal 0.427809 0.903869 0
    outer loop
      vertex 156.296 99.5433 4
      vertex 156.828 99.2915 0
      vertex 156.296 99.5433 0
    endloop
  endfacet
  facet normal 0.595589 0.803289 -0
    outer loop
      vertex 157.806 98.6381 0
      vertex 157.333 98.9888 4
      vertex 157.806 98.6381 4
    endloop
  endfacet
  facet normal 0.595589 0.803289 0
    outer loop
      vertex 157.333 98.9888 4
      vertex 157.806 98.6381 0
      vertex 157.333 98.9888 0
    endloop
  endfacet
  facet normal -0.243031 0.970018 0
    outer loop
      vertex 4.82945 99.8847 0
      vertex 4.25829 99.7416 4
      vertex 4.82945 99.8847 4
    endloop
  endfacet
  facet normal -0.243031 0.970018 0
    outer loop
      vertex 4.25829 99.7416 4
      vertex 4.82945 99.8847 0
      vertex 4.25829 99.7416 0
    endloop
  endfacet
  facet normal -0.336788 0.94158 0
    outer loop
      vertex 4.25829 99.7416 0
      vertex 3.70389 99.5433 4
      vertex 4.25829 99.7416 4
    endloop
  endfacet
  facet normal -0.336788 0.94158 0
    outer loop
      vertex 3.70389 99.5433 4
      vertex 4.25829 99.7416 0
      vertex 3.70389 99.5433 0
    endloop
  endfacet
  facet normal -0.595646 0.803247 0
    outer loop
      vertex 2.66656 98.9888 0
      vertex 2.19363 98.6381 4
      vertex 2.66656 98.9888 4
    endloop
  endfacet
  facet normal -0.595646 0.803247 0
    outer loop
      vertex 2.19363 98.6381 4
      vertex 2.66656 98.9888 0
      vertex 2.19363 98.6381 0
    endloop
  endfacet
  facet normal -0.514076 0.857745 0
    outer loop
      vertex 3.17162 99.2915 0
      vertex 2.66656 98.9888 4
      vertex 3.17162 99.2915 4
    endloop
  endfacet
  facet normal -0.514076 0.857745 0
    outer loop
      vertex 2.66656 98.9888 4
      vertex 3.17162 99.2915 0
      vertex 2.66656 98.9888 0
    endloop
  endfacet
  facet normal -0.941546 0.336885 0
    outer loop
      vertex 0.258347 95.7417 0
      vertex 0.456711 96.2961 4
      vertex 0.456711 96.2961 0
    endloop
  endfacet
  facet normal -0.941546 0.336885 0
    outer loop
      vertex 0.456711 96.2961 4
      vertex 0.258347 95.7417 0
      vertex 0.258347 95.7417 4
    endloop
  endfacet
  facet normal -0.989175 0.146737 0
    outer loop
      vertex 0.0288849 94.5881 0
      vertex 0.11528 95.1705 4
      vertex 0.11528 95.1705 0
    endloop
  endfacet
  facet normal -0.989175 0.146737 0
    outer loop
      vertex 0.11528 95.1705 4
      vertex 0.0288849 94.5881 0
      vertex 0.0288849 94.5881 4
    endloop
  endfacet
  facet normal -0.857715 0.514126 0
    outer loop
      vertex 0.708466 96.8284 0
      vertex 1.01117 97.3334 4
      vertex 1.01117 97.3334 0
    endloop
  endfacet
  facet normal -0.857715 0.514126 0
    outer loop
      vertex 1.01117 97.3334 4
      vertex 0.708466 96.8284 0
      vertex 0.708466 96.8284 4
    endloop
  endfacet
  facet normal 0.514126 -0.857715 0
    outer loop
      vertex 156.828 0.708466 0
      vertex 157.333 1.01117 4
      vertex 156.828 0.708466 4
    endloop
  endfacet
  facet normal 0.514126 -0.857715 0
    outer loop
      vertex 157.333 1.01117 4
      vertex 156.828 0.708466 0
      vertex 157.333 1.01117 0
    endloop
  endfacet
  facet normal 0.970059 -0.242871 0
    outer loop
      vertex 159.742 4.25829 4
      vertex 159.885 4.82945 0
      vertex 159.885 4.82945 4
    endloop
  endfacet
  facet normal 0.970059 -0.242871 0
    outer loop
      vertex 159.885 4.82945 0
      vertex 159.742 4.25829 4
      vertex 159.742 4.25829 0
    endloop
  endfacet
  facet normal 0.998786 -0.0492515 0
    outer loop
      vertex 159.971 5.4119 4
      vertex 160 6 0
      vertex 160 6 4
    endloop
  endfacet
  facet normal 0.998786 -0.0492515 0
    outer loop
      vertex 160 6 0
      vertex 159.971 5.4119 4
      vertex 159.971 5.4119 0
    endloop
  endfacet
  facet normal 0.85752 -0.514451 0
    outer loop
      vertex 158.989 2.66656 4
      vertex 159.292 3.17162 0
      vertex 159.292 3.17162 4
    endloop
  endfacet
  facet normal 0.85752 -0.514451 0
    outer loop
      vertex 159.292 3.17162 0
      vertex 158.989 2.66656 4
      vertex 158.989 2.66656 0
    endloop
  endfacet
  facet normal 0.14659 -0.989197 0
    outer loop
      vertex 154.588 0.0288849 0
      vertex 155.171 0.11528 4
      vertex 154.588 0.0288849 4
    endloop
  endfacet
  facet normal 0.14659 -0.989197 0
    outer loop
      vertex 155.171 0.11528 4
      vertex 154.588 0.0288849 0
      vertex 155.171 0.11528 0
    endloop
  endfacet
  facet normal 0.0490648 -0.998796 0
    outer loop
      vertex 154 0 0
      vertex 154.588 0.0288849 4
      vertex 154 0 4
    endloop
  endfacet
  facet normal 0.0490648 -0.998796 0
    outer loop
      vertex 154.588 0.0288849 4
      vertex 154 0 0
      vertex 154.588 0.0288849 0
    endloop
  endfacet
  facet normal 0.3371 -0.941469 0
    outer loop
      vertex 155.742 0.258347 0
      vertex 156.296 0.456711 4
      vertex 155.742 0.258347 4
    endloop
  endfacet
  facet normal 0.3371 -0.941469 0
    outer loop
      vertex 156.296 0.456711 4
      vertex 155.742 0.258347 0
      vertex 156.296 0.456711 0
    endloop
  endfacet
  facet normal -0.427569 -0.903983 0
    outer loop
      vertex 3.17162 0.708466 0
      vertex 3.70389 0.456711 4
      vertex 3.17162 0.708466 4
    endloop
  endfacet
  facet normal -0.427569 -0.903983 -0
    outer loop
      vertex 3.70389 0.456711 4
      vertex 3.17162 0.708466 0
      vertex 3.70389 0.456711 0
    endloop
  endfacet
  facet normal -0.803207 -0.595701 0
    outer loop
      vertex 1.36192 2.19363 0
      vertex 1.01117 2.66656 4
      vertex 1.01117 2.66656 0
    endloop
  endfacet
  facet normal -0.803207 -0.595701 0
    outer loop
      vertex 1.01117 2.66656 4
      vertex 1.36192 2.19363 0
      vertex 1.36192 2.19363 4
    endloop
  endfacet
  facet normal -0.671567 -0.740944 0
    outer loop
      vertex 1.75735 1.75735 0
      vertex 2.19363 1.36192 4
      vertex 1.75735 1.75735 4
    endloop
  endfacet
  facet normal -0.671567 -0.740944 -0
    outer loop
      vertex 2.19363 1.36192 4
      vertex 1.75735 1.75735 0
      vertex 2.19363 1.36192 0
    endloop
  endfacet
  facet normal -0.857742 -0.514081 0
    outer loop
      vertex 1.01117 2.66656 0
      vertex 0.708466 3.17162 4
      vertex 0.708466 3.17162 0
    endloop
  endfacet
  facet normal -0.857742 -0.514081 0
    outer loop
      vertex 0.708466 3.17162 4
      vertex 1.01117 2.66656 0
      vertex 1.01117 2.66656 4
    endloop
  endfacet
  facet normal 0.970063 0.242855 0
    outer loop
      vertex 159.885 95.1705 4
      vertex 159.742 95.7417 0
      vertex 159.742 95.7417 4
    endloop
  endfacet
  facet normal 0.970063 0.242855 0
    outer loop
      vertex 159.742 95.7417 0
      vertex 159.885 95.1705 4
      vertex 159.885 95.1705 0
    endloop
  endfacet
  facet normal 0.989273 0.146081 0
    outer loop
      vertex 159.971 94.5881 4
      vertex 159.885 95.1705 0
      vertex 159.885 95.1705 4
    endloop
  endfacet
  facet normal 0.989273 0.146081 0
    outer loop
      vertex 159.885 95.1705 0
      vertex 159.971 94.5881 4
      vertex 159.971 94.5881 0
    endloop
  endfacet
  facet normal 0.941203 0.337842 0
    outer loop
      vertex 159.742 95.7417 4
      vertex 159.543 96.2961 0
      vertex 159.543 96.2961 4
    endloop
  endfacet
  facet normal 0.941203 0.337842 0
    outer loop
      vertex 159.543 96.2961 0
      vertex 159.742 95.7417 4
      vertex 159.742 95.7417 0
    endloop
  endfacet
  facet normal 0.803046 0.595918 0
    outer loop
      vertex 158.989 97.3334 4
      vertex 158.638 97.8064 0
      vertex 158.638 97.8064 4
    endloop
  endfacet
  facet normal 0.803046 0.595918 0
    outer loop
      vertex 158.638 97.8064 0
      vertex 158.989 97.3334 4
      vertex 158.989 97.3334 0
    endloop
  endfacet
  facet normal 0.741246 0.671234 0
    outer loop
      vertex 158.638 97.8064 4
      vertex 158.243 98.2426 0
      vertex 158.243 98.2426 4
    endloop
  endfacet
  facet normal 0.741246 0.671234 0
    outer loop
      vertex 158.243 98.2426 0
      vertex 158.638 97.8064 4
      vertex 158.638 97.8064 0
    endloop
  endfacet
  facet normal 0.857493 0.514496 0
    outer loop
      vertex 159.292 96.8284 4
      vertex 158.989 97.3334 0
      vertex 158.989 97.3334 4
    endloop
  endfacet
  facet normal 0.857493 0.514496 0
    outer loop
      vertex 158.989 97.3334 0
      vertex 159.292 96.8284 4
      vertex 159.292 96.8284 0
    endloop
  endfacet
  facet normal 0.243095 0.970002 -0
    outer loop
      vertex 155.742 99.7416 0
      vertex 155.171 99.8847 4
      vertex 155.742 99.7416 4
    endloop
  endfacet
  facet normal 0.243095 0.970002 0
    outer loop
      vertex 155.171 99.8847 4
      vertex 155.742 99.7416 0
      vertex 155.171 99.8847 0
    endloop
  endfacet
  facet normal 0.337004 0.941503 -0
    outer loop
      vertex 156.296 99.5433 0
      vertex 155.742 99.7416 4
      vertex 156.296 99.5433 4
    endloop
  endfacet
  facet normal 0.337004 0.941503 0
    outer loop
      vertex 155.742 99.7416 4
      vertex 156.296 99.5433 0
      vertex 155.742 99.7416 0
    endloop
  endfacet
  facet normal 0.146598 0.989196 -0
    outer loop
      vertex 155.171 99.8847 0
      vertex 154.588 99.9711 4
      vertex 155.171 99.8847 4
    endloop
  endfacet
  facet normal 0.146598 0.989196 0
    outer loop
      vertex 154.588 99.9711 4
      vertex 155.171 99.8847 0
      vertex 154.588 99.9711 0
    endloop
  endfacet
  facet normal 0.514121 0.857718 -0
    outer loop
      vertex 157.333 98.9888 0
      vertex 156.828 99.2915 4
      vertex 157.333 98.9888 4
    endloop
  endfacet
  facet normal 0.514121 0.857718 0
    outer loop
      vertex 156.828 99.2915 4
      vertex 157.333 98.9888 0
      vertex 156.828 99.2915 0
    endloop
  endfacet
  facet normal -0.146733 0.989176 0
    outer loop
      vertex 5.4119 99.9711 0
      vertex 4.82945 99.8847 4
      vertex 5.4119 99.9711 4
    endloop
  endfacet
  facet normal -0.146733 0.989176 0
    outer loop
      vertex 4.82945 99.8847 4
      vertex 5.4119 99.9711 0
      vertex 4.82945 99.8847 0
    endloop
  endfacet
  facet normal -0.0490821 0.998795 0
    outer loop
      vertex 6 100 0
      vertex 5.4119 99.9711 4
      vertex 6 100 4
    endloop
  endfacet
  facet normal -0.0490821 0.998795 0
    outer loop
      vertex 5.4119 99.9711 4
      vertex 6 100 0
      vertex 5.4119 99.9711 0
    endloop
  endfacet
  facet normal -0.740882 0.671635 0
    outer loop
      vertex 1.36192 97.8064 0
      vertex 1.75735 98.2426 4
      vertex 1.75735 98.2426 0
    endloop
  endfacet
  facet normal -0.740882 0.671635 0
    outer loop
      vertex 1.75735 98.2426 4
      vertex 1.36192 97.8064 0
      vertex 1.36192 97.8064 4
    endloop
  endfacet
  facet normal -0.671632 0.740884 0
    outer loop
      vertex 2.19363 98.6381 0
      vertex 1.75735 98.2426 4
      vertex 2.19363 98.6381 4
    endloop
  endfacet
  facet normal -0.671632 0.740884 0
    outer loop
      vertex 1.75735 98.2426 4
      vertex 2.19363 98.6381 0
      vertex 1.75735 98.2426 0
    endloop
  endfacet
  facet normal -0.970036 0.242962 0
    outer loop
      vertex 0.11528 95.1705 0
      vertex 0.258347 95.7417 4
      vertex 0.258347 95.7417 0
    endloop
  endfacet
  facet normal -0.970036 0.242962 0
    outer loop
      vertex 0.258347 95.7417 4
      vertex 0.11528 95.1705 0
      vertex 0.11528 95.1705 4
    endloop
  endfacet
  facet normal -0.903992 0.427549 0
    outer loop
      vertex 0.456711 96.2961 0
      vertex 0.708466 96.8284 4
      vertex 0.708466 96.8284 0
    endloop
  endfacet
  facet normal -0.903992 0.427549 0
    outer loop
      vertex 0.708466 96.8284 4
      vertex 0.456711 96.2961 0
      vertex 0.456711 96.2961 4
    endloop
  endfacet
  facet normal 0.595644 -0.803249 0
    outer loop
      vertex 157.333 1.01117 0
      vertex 157.806 1.36192 4
      vertex 157.333 1.01117 4
    endloop
  endfacet
  facet normal 0.595644 -0.803249 0
    outer loop
      vertex 157.806 1.36192 4
      vertex 157.333 1.01117 0
      vertex 157.806 1.36192 0
    endloop
  endfacet
  facet normal 0.670959 -0.741494 0
    outer loop
      vertex 157.806 1.36192 0
      vertex 158.243 1.75735 4
      vertex 157.806 1.36192 4
    endloop
  endfacet
  facet normal 0.670959 -0.741494 0
    outer loop
      vertex 158.243 1.75735 4
      vertex 157.806 1.36192 0
      vertex 158.243 1.75735 0
    endloop
  endfacet
  facet normal 0.803003 -0.595974 0
    outer loop
      vertex 158.638 2.19363 4
      vertex 158.989 2.66656 0
      vertex 158.989 2.66656 4
    endloop
  endfacet
  facet normal 0.803003 -0.595974 0
    outer loop
      vertex 158.989 2.66656 0
      vertex 158.638 2.19363 4
      vertex 158.638 2.19363 0
    endloop
  endfacet
  facet normal 0.741307 -0.671166 0
    outer loop
      vertex 158.243 1.75735 4
      vertex 158.638 2.19363 0
      vertex 158.638 2.19363 4
    endloop
  endfacet
  facet normal 0.741307 -0.671166 0
    outer loop
      vertex 158.638 2.19363 0
      vertex 158.243 1.75735 4
      vertex 158.243 1.75735 0
    endloop
  endfacet
  facet normal 0.989274 -0.146069 0
    outer loop
      vertex 159.885 4.82945 4
      vertex 159.971 5.4119 0
      vertex 159.971 5.4119 4
    endloop
  endfacet
  facet normal 0.989274 -0.146069 0
    outer loop
      vertex 159.971 5.4119 0
      vertex 159.885 4.82945 4
      vertex 159.885 4.82945 0
    endloop
  endfacet
  facet normal 0.941203 -0.337842 0
    outer loop
      vertex 159.543 3.70389 4
      vertex 159.742 4.25829 0
      vertex 159.742 4.25829 4
    endloop
  endfacet
  facet normal 0.941203 -0.337842 0
    outer loop
      vertex 159.742 4.25829 0
      vertex 159.543 3.70389 4
      vertex 159.543 3.70389 0
    endloop
  endfacet
  facet normal 0.427746 -0.903899 0
    outer loop
      vertex 156.296 0.456711 0
      vertex 156.828 0.708466 4
      vertex 156.296 0.456711 4
    endloop
  endfacet
  facet normal 0.427746 -0.903899 0
    outer loop
      vertex 156.828 0.708466 4
      vertex 156.296 0.456711 0
      vertex 156.828 0.708466 0
    endloop
  endfacet
  facet normal -0.595701 -0.803207 0
    outer loop
      vertex 2.19363 1.36192 0
      vertex 2.66656 1.01117 4
      vertex 2.19363 1.36192 4
    endloop
  endfacet
  facet normal -0.595701 -0.803207 -0
    outer loop
      vertex 2.66656 1.01117 4
      vertex 2.19363 1.36192 0
      vertex 2.66656 1.01117 0
    endloop
  endfacet
  facet normal -0.514081 -0.857742 0
    outer loop
      vertex 2.66656 1.01117 0
      vertex 3.17162 0.708466 4
      vertex 2.66656 1.01117 4
    endloop
  endfacet
  facet normal -0.514081 -0.857742 -0
    outer loop
      vertex 3.17162 0.708466 4
      vertex 2.66656 1.01117 0
      vertex 3.17162 0.708466 0
    endloop
  endfacet
  facet normal -0.0490565 -0.998796 0
    outer loop
      vertex 5.4119 0.0288849 0
      vertex 6 0 4
      vertex 5.4119 0.0288849 4
    endloop
  endfacet
  facet normal -0.0490565 -0.998796 -0
    outer loop
      vertex 6 0 4
      vertex 5.4119 0.0288849 0
      vertex 6 0 0
    endloop
  endfacet
  facet normal -0.242978 -0.970032 0
    outer loop
      vertex 4.25829 0.258347 0
      vertex 4.82945 0.11528 4
      vertex 4.25829 0.258347 4
    endloop
  endfacet
  facet normal -0.242978 -0.970032 -0
    outer loop
      vertex 4.82945 0.11528 4
      vertex 4.25829 0.258347 0
      vertex 4.82945 0.11528 0
    endloop
  endfacet
  facet normal -0.146725 -0.989177 0
    outer loop
      vertex 4.82945 0.11528 0
      vertex 5.4119 0.0288849 4
      vertex 4.82945 0.11528 4
    endloop
  endfacet
  facet normal -0.146725 -0.989177 -0
    outer loop
      vertex 5.4119 0.0288849 4
      vertex 4.82945 0.11528 0
      vertex 5.4119 0.0288849 0
    endloop
  endfacet
  facet normal -0.740944 -0.671567 0
    outer loop
      vertex 1.75735 1.75735 0
      vertex 1.36192 2.19363 4
      vertex 1.36192 2.19363 0
    endloop
  endfacet
  facet normal -0.740944 -0.671567 0
    outer loop
      vertex 1.36192 2.19363 4
      vertex 1.75735 1.75735 0
      vertex 1.75735 1.75735 4
    endloop
  endfacet
  facet normal -0.970032 -0.242978 0
    outer loop
      vertex 0.258347 4.25829 0
      vertex 0.11528 4.82945 4
      vertex 0.11528 4.82945 0
    endloop
  endfacet
  facet normal -0.970032 -0.242978 0
    outer loop
      vertex 0.11528 4.82945 4
      vertex 0.258347 4.25829 0
      vertex 0.258347 4.25829 4
    endloop
  endfacet
  facet normal -0.903983 -0.427569 0
    outer loop
      vertex 0.708466 3.17162 0
      vertex 0.456711 3.70389 4
      vertex 0.456711 3.70389 0
    endloop
  endfacet
  facet normal -0.903983 -0.427569 0
    outer loop
      vertex 0.456711 3.70389 4
      vertex 0.708466 3.17162 0
      vertex 0.708466 3.17162 4
    endloop
  endfacet
  facet normal 0.904478 -0.42652 0
    outer loop
      vertex 159.292 3.17162 4
      vertex 159.543 3.70389 0
      vertex 159.543 3.70389 4
    endloop
  endfacet
  facet normal 0.904478 -0.42652 0
    outer loop
      vertex 159.543 3.70389 0
      vertex 159.292 3.17162 4
      vertex 159.292 3.17162 0
    endloop
  endfacet
  facet normal 0.243042 -0.970016 0
    outer loop
      vertex 155.171 0.11528 0
      vertex 155.742 0.258347 4
      vertex 155.171 0.11528 4
    endloop
  endfacet
  facet normal 0.243042 -0.970016 0
    outer loop
      vertex 155.742 0.258347 4
      vertex 155.171 0.11528 0
      vertex 155.742 0.258347 0
    endloop
  endfacet
  facet normal -0.336885 -0.941546 0
    outer loop
      vertex 3.70389 0.456711 0
      vertex 4.25829 0.258347 4
      vertex 3.70389 0.456711 4
    endloop
  endfacet
  facet normal -0.336885 -0.941546 -0
    outer loop
      vertex 4.25829 0.258347 4
      vertex 3.70389 0.456711 0
      vertex 4.25829 0.258347 0
    endloop
  endfacet
  facet normal -0.941546 -0.336885 0
    outer loop
      vertex 0.456711 3.70389 0
      vertex 0.258347 4.25829 4
      vertex 0.258347 4.25829 0
    endloop
  endfacet
  facet normal -0.941546 -0.336885 0
    outer loop
      vertex 0.258347 4.25829 4
      vertex 0.456711 3.70389 0
      vertex 0.456711 3.70389 4
    endloop
  endfacet
  facet normal -0 0 1
    outer loop
      vertex 130 93.4 10
      vertex 133 8 10
      vertex 133 93.4 10
    endloop
  endfacet
  facet normal 0 0 1
    outer loop
      vertex 133 8 10
      vertex 130 93.4 10
      vertex 130 8 10
    endloop
  endfacet
  facet normal 1 -0 0
    outer loop
      vertex 133 8 10
      vertex 133 93.4 4
      vertex 133 93.4 10
    endloop
  endfacet
  facet normal 1 0 0
    outer loop
      vertex 133 93.4 4
      vertex 133 8 10
      vertex 133 8 4
    endloop
  endfacet
  facet normal -1 0 0
    outer loop
      vertex 140 7 4
      vertex 140 93 7
      vertex 140 93 4
    endloop
  endfacet
  facet normal -1 -0 0
    outer loop
      vertex 140 93 7
      vertex 140 7 4
      vertex 140 7 7
    endloop
  endfacet
  facet normal -0 0 1
    outer loop
      vertex 140 93 7
      vertex 143 7 7
      vertex 143 93 7
    endloop
  endfacet
  facet normal 0 0 1
    outer loop
      vertex 143 7 7
      vertex 140 93 7
      vertex 140 7 7
    endloop
  endfacet
  facet normal 1 -0 0
    outer loop
      vertex 143 7 7
      vertex 143 93 4
      vertex 143 93 7
    endloop
  endfacet
  facet normal 1 0 0
    outer loop
      vertex 143 93 4
      vertex 143 7 7
      vertex 143 7 4
    endloop
  endfacet
  facet normal 0 1 -0
    outer loop
      vertex 143 93 4
      vertex 140 93 7
      vertex 143 93 7
    endloop
  endfacet
  facet normal 0 1 0
    outer loop
      vertex 140 93 7
      vertex 143 93 4
      vertex 140 93 4
    endloop
  endfacet
  facet normal 0 -1 0
    outer loop
      vertex 140 7 4
      vertex 143 7 7
      vertex 140 7 7
    endloop
  endfacet
  facet normal 0 -1 -0
    outer loop
      vertex 143 7 7
      vertex 140 7 4
      vertex 143 7 4
    endloop
  endfacet
  facet normal -1 0 0
    outer loop
      vertex 157 7 4
      vertex 157 93 7
      vertex 157 93 4
    endloop
  endfacet
  facet normal -1 -0 0
    outer loop
      vertex 157 93 7
      vertex 157 7 4
      vertex 157 7 7
    endloop
  endfacet
  facet normal -0 0 1
    outer loop
      vertex 157 93 7
      vertex 160 7 7
      vertex 160 93 7
    endloop
  endfacet
  facet normal 0 0 1
    outer loop
      vertex 160 7 7
      vertex 157 93 7
      vertex 157 7 7
    endloop
  endfacet
  facet normal 0 -1 0
    outer loop
      vertex 157 7 4
      vertex 160 7 7
      vertex 157 7 7
    endloop
  endfacet
  facet normal 0 -1 -0
    outer loop
      vertex 160 7 7
      vertex 157 7 4
      vertex 160 7 4
    endloop
  endfacet
  facet normal 0 1 -0
    outer loop
      vertex 160 93 4
      vertex 157 93 7
      vertex 160 93 7
    endloop
  endfacet
  facet normal 0 1 0
    outer loop
      vertex 157 93 7
      vertex 160 93 4
      vertex 157 93 4
    endloop
  endfacet
  facet normal 0.989175 0.146741 0
    outer loop
      vertex 30.0384 4.60982 4
      vertex 30.0096 4.80396 0
      vertex 30.0096 4.80396 4
    endloop
  endfacet
  facet normal 0.989175 0.146741 0
    outer loop
      vertex 30.0096 4.80396 0
      vertex 30.0384 4.60982 4
      vertex 30.0384 4.60982 0
    endloop
  endfacet
  facet normal 0.998803 0.048911 0
    outer loop
      vertex 30.0096 4.80396 4
      vertex 30 5 0
      vertex 30 5 4
    endloop
  endfacet
  facet normal 0.998803 0.048911 0
    outer loop
      vertex 30 5 0
      vertex 30.0096 4.80396 4
      vertex 30.0096 4.80396 0
    endloop
  endfacet
  facet normal 0.970023 0.243015 0
    outer loop
      vertex 30.0861 4.41942 4
      vertex 30.0384 4.60982 0
      vertex 30.0384 4.60982 4
    endloop
  endfacet
  facet normal 0.970023 0.243015 0
    outer loop
      vertex 30.0384 4.60982 0
      vertex 30.0861 4.41942 4
      vertex 30.0861 4.41942 0
    endloop
  endfacet
  facet normal 0.94158 0.336788 0
    outer loop
      vertex 30.1522 4.23462 4
      vertex 30.0861 4.41942 0
      vertex 30.0861 4.41942 4
    endloop
  endfacet
  facet normal 0.94158 0.336788 0
    outer loop
      vertex 30.0861 4.41942 0
      vertex 30.1522 4.23462 4
      vertex 30.1522 4.23462 0
    endloop
  endfacet
  facet normal -0.989175 0.146741 0
    outer loop
      vertex 41.9616 4.60982 0
      vertex 41.9904 4.80396 4
      vertex 41.9904 4.80396 0
    endloop
  endfacet
  facet normal -0.989175 0.146741 0
    outer loop
      vertex 41.9904 4.80396 4
      vertex 41.9616 4.60982 0
      vertex 41.9616 4.60982 4
    endloop
  endfacet
  facet normal 0.42758 0.903977 -0
    outer loop
      vertex 31.2346 3.15224 0
      vertex 31.0572 3.23615 4
      vertex 31.2346 3.15224 4
    endloop
  endfacet
  facet normal 0.42758 0.903977 0
    outer loop
      vertex 31.0572 3.23615 4
      vertex 31.2346 3.15224 0
      vertex 31.0572 3.23615 0
    endloop
  endfacet
  facet normal 0 0 -1
    outer loop
      vertex 41.7295 8 4.1
      vertex 41.546 8.26878 4.1
      vertex 41.6629 8.11113 4.1
    endloop
  endfacet
  facet normal 0 0 -1
    outer loop
      vertex 41.7295 8 4.1
      vertex 41.4142 8.4142 4.1
      vertex 41.546 8.26878 4.1
    endloop
  endfacet
  facet normal 0 0 -1
    outer loop
      vertex 41.7295 8 4.1
      vertex 41.2688 8.54602 4.1
      vertex 41.4142 8.4142 4.1
    endloop
  endfacet
  facet normal 0 0 -1
    outer loop
      vertex 41.7295 8 4.1
      vertex 41.1111 8.66293 4.1
      vertex 41.2688 8.54602 4.1
    endloop
  endfacet
  facet normal 0 0 -1
    outer loop
      vertex 41.7295 8 4.1
      vertex 40.9428 8.76384 4.1
      vertex 41.1111 8.66293 4.1
    endloop
  endfacet
  facet normal 0 0 -1
    outer loop
      vertex 41.7295 8 4.1
      vertex 40.7654 8.84775 4.1
      vertex 40.9428 8.76384 4.1
    endloop
  endfacet
  facet normal 0 0 -1
    outer loop
      vertex 41.7295 8 4.1
      vertex 40.5806 8.91388 4.1
      vertex 40.7654 8.84775 4.1
    endloop
  endfacet
  facet normal 0 0 -1
    outer loop
      vertex 41.7295 8 4.1
      vertex 40.3902 8.96156 4.1
      vertex 40.5806 8.91388 4.1
    endloop
  endfacet
  facet normal 0 0 -1
    outer loop
      vertex 41.7295 8 4.1
      vertex 40.196 8.99036 4.1
      vertex 40.3902 8.96156 4.1
    endloop
  endfacet
  facet normal 0 0 -1
    outer loop
      vertex 41.7295 8 4.1
      vertex 40 9 4.1
      vertex 40.196 8.99036 4.1
    endloop
  endfacet
  facet normal 0 0 -1
    outer loop
      vertex 41.7295 8 4.1
      vertex 32 9 4.1
      vertex 40 9 4.1
    endloop
  endfacet
  facet normal 0 0 -1
    outer loop
      vertex 30.2704 8 4.1
      vertex 32 9 4.1
      vertex 41.7295 8 4.1
    endloop
  endfacet
  facet normal 0 0 -1
    outer loop
      vertex 32 9 4.1
      vertex 30.2704 8 4.1
      vertex 31.804 8.99036 4.1
    endloop
  endfacet
  facet normal 0 0 -1
    outer loop
      vertex 31.804 8.99036 4.1
      vertex 30.2704 8 4.1
      vertex 31.6098 8.96156 4.1
    endloop
  endfacet
  facet normal 0 0 -1
    outer loop
      vertex 31.6098 8.96156 4.1
      vertex 30.2704 8 4.1
      vertex 31.4194 8.91388 4.1
    endloop
  endfacet
  facet normal 0 0 -1
    outer loop
      vertex 31.4194 8.91388 4.1
      vertex 30.2704 8 4.1
      vertex 31.2346 8.84775 4.1
    endloop
  endfacet
  facet normal 0 0 -1
    outer loop
      vertex 31.2346 8.84775 4.1
      vertex 30.2704 8 4.1
      vertex 31.0572 8.76384 4.1
    endloop
  endfacet
  facet normal 0 0 -1
    outer loop
      vertex 31.0572 8.76384 4.1
      vertex 30.2704 8 4.1
      vertex 30.8889 8.66293 4.1
    endloop
  endfacet
  facet normal 0 0 -1
    outer loop
      vertex 30.8889 8.66293 4.1
      vertex 30.2704 8 4.1
      vertex 30.7312 8.54602 4.1
    endloop
  endfacet
  facet normal 0 0 -1
    outer loop
      vertex 30.7312 8.54602 4.1
      vertex 30.2704 8 4.1
      vertex 30.5858 8.4142 4.1
    endloop
  endfacet
  facet normal 0 0 -1
    outer loop
      vertex 30.5858 8.4142 4.1
      vertex 30.2704 8 4.1
      vertex 30.454 8.26878 4.1
    endloop
  endfacet
  facet normal 0 0 -1
    outer loop
      vertex 30.454 8.26878 4.1
      vertex 30.2704 8 4.1
      vertex 30.3371 8.11113 4.1
    endloop
  endfacet
  facet normal 0.94158 -0.336788 0
    outer loop
      vertex 30.0861 7.58057 4
      vertex 30.1522 7.76537 0
      vertex 30.1522 7.76537 4
    endloop
  endfacet
  facet normal 0.94158 -0.336788 0
    outer loop
      vertex 30.1522 7.76537 0
      vertex 30.0861 7.58057 4
      vertex 30.0861 7.58057 0
    endloop
  endfacet
  facet normal 0.671663 -0.740857 0
    outer loop
      vertex 30.5858 8.4142 0
      vertex 30.7312 8.54602 4.1
      vertex 30.5858 8.4142 4.1
    endloop
  endfacet
  facet normal 0.671663 -0.740857 0
    outer loop
      vertex 30.7312 8.54602 4.1
      vertex 30.5858 8.4142 0
      vertex 30.7312 8.54602 0
    endloop
  endfacet
  facet normal 0.146696 -0.989182 0
    outer loop
      vertex 31.6098 8.96156 0
      vertex 31.804 8.99036 4.1
      vertex 31.6098 8.96156 4.1
    endloop
  endfacet
  facet normal 0.146696 -0.989182 0
    outer loop
      vertex 31.804 8.99036 4.1
      vertex 31.6098 8.96156 0
      vertex 31.804 8.99036 0
    endloop
  endfacet
  facet normal -0.970023 0.243015 0
    outer loop
      vertex 41.9139 4.41942 0
      vertex 41.9616 4.60982 4
      vertex 41.9616 4.60982 0
    endloop
  endfacet
  facet normal -0.970023 0.243015 0
    outer loop
      vertex 41.9616 4.60982 4
      vertex 41.9139 4.41942 0
      vertex 41.9139 4.41942 4
    endloop
  endfacet
  facet normal -1 0 0
    outer loop
      vertex 42 5 0
      vertex 42 7 4
      vertex 42 7 0
    endloop
  endfacet
  facet normal -1 -0 0
    outer loop
      vertex 42 7 4
      vertex 42 5 0
      vertex 42 5 4
    endloop
  endfacet
  facet normal 0.0490735 0.998795 -0
    outer loop
      vertex 32 3 0
      vertex 31.804 3.00963 4
      vertex 32 3 4
    endloop
  endfacet
  facet normal 0.0490735 0.998795 0
    outer loop
      vertex 31.804 3.00963 4
      vertex 32 3 0
      vertex 31.804 3.00963 0
    endloop
  endfacet
  facet normal 0.803259 0.59563 0
    outer loop
      vertex 30.454 3.7312 4
      vertex 30.3371 3.88885 0
      vertex 30.3371 3.88885 4
    endloop
  endfacet
  facet normal 0.803259 0.59563 0
    outer loop
      vertex 30.3371 3.88885 0
      vertex 30.454 3.7312 4
      vertex 30.454 3.7312 0
    endloop
  endfacet
  facet normal 1 -0 0
    outer loop
      vertex 30 5 4
      vertex 30 7 0
      vertex 30 7 4
    endloop
  endfacet
  facet normal 1 0 0
    outer loop
      vertex 30 7 0
      vertex 30 5 4
      vertex 30 5 0
    endloop
  endfacet
  facet normal 0.970023 -0.243015 0
    outer loop
      vertex 30.0384 7.39017 4
      vertex 30.0861 7.58057 0
      vertex 30.0861 7.58057 4
    endloop
  endfacet
  facet normal 0.970023 -0.243015 0
    outer loop
      vertex 30.0861 7.58057 0
      vertex 30.0384 7.39017 4
      vertex 30.0384 7.39017 0
    endloop
  endfacet
  facet normal 0.514233 -0.85765 0
    outer loop
      vertex 30.8889 8.66293 0
      vertex 31.0572 8.76384 4.1
      vertex 30.8889 8.66293 4.1
    endloop
  endfacet
  facet normal 0.514233 -0.85765 0
    outer loop
      vertex 31.0572 8.76384 4.1
      vertex 30.8889 8.66293 0
      vertex 31.0572 8.76384 0
    endloop
  endfacet
  facet normal 0.595541 -0.803325 0
    outer loop
      vertex 30.7312 8.54602 0
      vertex 30.8889 8.66293 4.1
      vertex 30.7312 8.54602 4.1
    endloop
  endfacet
  facet normal 0.595541 -0.803325 0
    outer loop
      vertex 30.8889 8.66293 4.1
      vertex 30.7312 8.54602 0
      vertex 30.8889 8.66293 0
    endloop
  endfacet
  facet normal 0.42758 -0.903977 0
    outer loop
      vertex 31.0572 8.76384 0
      vertex 31.2346 8.84775 4.1
      vertex 31.0572 8.76384 4.1
    endloop
  endfacet
  facet normal 0.42758 -0.903977 0
    outer loop
      vertex 31.2346 8.84775 4.1
      vertex 31.0572 8.76384 0
      vertex 31.2346 8.84775 0
    endloop
  endfacet
  facet normal 0.904006 -0.427519 0
    outer loop
      vertex 30.1522 7.76537 4
      vertex 30.2361 7.94278 0
      vertex 30.2361 7.94278 4
    endloop
  endfacet
  facet normal 0.904006 -0.427519 0
    outer loop
      vertex 30.2361 7.94278 0
      vertex 30.1522 7.76537 4
      vertex 30.1522 7.76537 0
    endloop
  endfacet
  facet normal 0.740954 -0.671556 0
    outer loop
      vertex 30.454 8.26878 4.1
      vertex 30.5858 8.4142 0
      vertex 30.5858 8.4142 4.1
    endloop
  endfacet
  facet normal 0.740954 -0.671556 0
    outer loop
      vertex 30.5858 8.4142 0
      vertex 30.454 8.26878 4.1
      vertex 30.454 8.26878 0
    endloop
  endfacet
  facet normal -0.336924 -0.941532 0
    outer loop
      vertex 40.5806 8.91388 0
      vertex 40.7654 8.84775 4.1
      vertex 40.5806 8.91388 4.1
    endloop
  endfacet
  facet normal -0.336924 -0.941532 -0
    outer loop
      vertex 40.7654 8.84775 4.1
      vertex 40.5806 8.91388 0
      vertex 40.7654 8.84775 0
    endloop
  endfacet
  facet normal -0.42758 -0.903977 0
    outer loop
      vertex 40.7654 8.84775 0
      vertex 40.9428 8.76384 4.1
      vertex 40.7654 8.84775 4.1
    endloop
  endfacet
  facet normal -0.42758 -0.903977 -0
    outer loop
      vertex 40.9428 8.76384 4.1
      vertex 40.7654 8.84775 0
      vertex 40.9428 8.76384 0
    endloop
  endfacet
  facet normal -0.803259 -0.59563 0
    outer loop
      vertex 41.6629 8.11113 0
      vertex 41.546 8.26878 4.1
      vertex 41.546 8.26878 0
    endloop
  endfacet
  facet normal -0.803259 -0.59563 0
    outer loop
      vertex 41.546 8.26878 4.1
      vertex 41.6629 8.11113 0
      vertex 41.6629 8.11113 4.1
    endloop
  endfacet
  facet normal 0 -1 0
    outer loop
      vertex 32 9 0
      vertex 40 9 4.1
      vertex 32 9 4.1
    endloop
  endfacet
  facet normal 0 -1 -0
    outer loop
      vertex 40 9 4.1
      vertex 32 9 0
      vertex 40 9 0
    endloop
  endfacet
  facet normal -0.0491243 -0.998793 0
    outer loop
      vertex 40 9 0
      vertex 40.196 8.99036 4.1
      vertex 40 9 4.1
    endloop
  endfacet
  facet normal -0.0491243 -0.998793 -0
    outer loop
      vertex 40.196 8.99036 4.1
      vertex 40 9 0
      vertex 40.196 8.99036 0
    endloop
  endfacet
  facet normal 0.0491243 -0.998793 0
    outer loop
      vertex 31.804 8.99036 0
      vertex 32 9 4.1
      vertex 31.804 8.99036 4.1
    endloop
  endfacet
  facet normal 0.0491243 -0.998793 0
    outer loop
      vertex 32 9 4.1
      vertex 31.804 8.99036 0
      vertex 32 9 0
    endloop
  endfacet
  facet normal -0.970023 -0.243015 0
    outer loop
      vertex 41.9616 7.39017 0
      vertex 41.9139 7.58057 4
      vertex 41.9139 7.58057 0
    endloop
  endfacet
  facet normal -0.970023 -0.243015 0
    outer loop
      vertex 41.9139 7.58057 4
      vertex 41.9616 7.39017 0
      vertex 41.9616 7.39017 4
    endloop
  endfacet
  facet normal -0.941419 0.33724 0
    outer loop
      vertex 41.8477 4.23462 0
      vertex 41.9139 4.41942 4
      vertex 41.9139 4.41942 0
    endloop
  endfacet
  facet normal -0.941419 0.33724 0
    outer loop
      vertex 41.9139 4.41942 4
      vertex 41.8477 4.23462 0
      vertex 41.8477 4.23462 4
    endloop
  endfacet
  facet normal -0.904006 0.427519 0
    outer loop
      vertex 41.7638 4.05721 0
      vertex 41.8477 4.23462 4
      vertex 41.8477 4.23462 0
    endloop
  endfacet
  facet normal -0.904006 0.427519 0
    outer loop
      vertex 41.8477 4.23462 4
      vertex 41.7638 4.05721 0
      vertex 41.7638 4.05721 4
    endloop
  endfacet
  facet normal -0.0490735 0.998795 0
    outer loop
      vertex 40.196 3.00963 0
      vertex 40 3 4
      vertex 40.196 3.00963 4
    endloop
  endfacet
  facet normal -0.0490735 0.998795 0
    outer loop
      vertex 40 3 4
      vertex 40.196 3.00963 0
      vertex 40 3 0
    endloop
  endfacet
  facet normal 0.336924 0.941532 -0
    outer loop
      vertex 31.4194 3.08611 0
      vertex 31.2346 3.15224 4
      vertex 31.4194 3.08611 4
    endloop
  endfacet
  facet normal 0.336924 0.941532 0
    outer loop
      vertex 31.2346 3.15224 4
      vertex 31.4194 3.08611 0
      vertex 31.2346 3.15224 0
    endloop
  endfacet
  facet normal 0.904006 0.427519 0
    outer loop
      vertex 30.2361 4.05721 4
      vertex 30.1522 4.23462 0
      vertex 30.1522 4.23462 4
    endloop
  endfacet
  facet normal 0.904006 0.427519 0
    outer loop
      vertex 30.1522 4.23462 0
      vertex 30.2361 4.05721 4
      vertex 30.2361 4.05721 0
    endloop
  endfacet
  facet normal 0.998803 -0.0489135 0
    outer loop
      vertex 30 7 4
      vertex 30.0096 7.19603 0
      vertex 30.0096 7.19603 4
    endloop
  endfacet
  facet normal 0.998803 -0.0489135 0
    outer loop
      vertex 30.0096 7.19603 0
      vertex 30 7 4
      vertex 30 7 0
    endloop
  endfacet
  facet normal 0.989175 -0.146741 0
    outer loop
      vertex 30.0096 7.19603 4
      vertex 30.0384 7.39017 0
      vertex 30.0384 7.39017 4
    endloop
  endfacet
  facet normal 0.989175 -0.146741 0
    outer loop
      vertex 30.0384 7.39017 0
      vertex 30.0096 7.19603 4
      vertex 30.0096 7.19603 0
    endloop
  endfacet
  facet normal 0.242919 -0.970047 0
    outer loop
      vertex 31.4194 8.91388 0
      vertex 31.6098 8.96156 4.1
      vertex 31.4194 8.91388 4.1
    endloop
  endfacet
  facet normal 0.242919 -0.970047 0
    outer loop
      vertex 31.6098 8.96156 4.1
      vertex 31.4194 8.91388 0
      vertex 31.6098 8.96156 0
    endloop
  endfacet
  facet normal -0.857758 -0.514053 0
    outer loop
      vertex 41.6629 8.11113 0
      vertex 41.7295 8 4
      vertex 41.6629 8.11113 4.1
    endloop
  endfacet
  facet normal -0.85774 -0.514084 -1.15529e-06
    outer loop
      vertex 41.7638 7.94278 0
      vertex 41.7295 8 4
      vertex 41.6629 8.11113 0
    endloop
  endfacet
  facet normal -0.857704 -0.514143 0
    outer loop
      vertex 41.7295 8 4
      vertex 41.7638 7.94278 0
      vertex 41.7638 7.94278 4
    endloop
  endfacet
  facet normal -0.857758 -0.514053 0
    outer loop
      vertex 41.6629 8.11113 4.1
      vertex 41.7295 8 4
      vertex 41.7295 8 4.1
    endloop
  endfacet
  facet normal -0.242919 -0.970047 0
    outer loop
      vertex 40.3902 8.96156 0
      vertex 40.5806 8.91388 4.1
      vertex 40.3902 8.96156 4.1
    endloop
  endfacet
  facet normal -0.242919 -0.970047 -0
    outer loop
      vertex 40.5806 8.91388 4.1
      vertex 40.3902 8.96156 0
      vertex 40.5806 8.91388 0
    endloop
  endfacet
  facet normal -0.595541 -0.803325 0
    outer loop
      vertex 41.1111 8.66293 0
      vertex 41.2688 8.54602 4.1
      vertex 41.1111 8.66293 4.1
    endloop
  endfacet
  facet normal -0.595541 -0.803325 -0
    outer loop
      vertex 41.2688 8.54602 4.1
      vertex 41.1111 8.66293 0
      vertex 41.2688 8.54602 0
    endloop
  endfacet
  facet normal -0.671663 -0.740857 0
    outer loop
      vertex 41.2688 8.54602 0
      vertex 41.4142 8.4142 4.1
      vertex 41.2688 8.54602 4.1
    endloop
  endfacet
  facet normal -0.671663 -0.740857 -0
    outer loop
      vertex 41.4142 8.4142 4.1
      vertex 41.2688 8.54602 0
      vertex 41.4142 8.4142 0
    endloop
  endfacet
  facet normal -0.740954 -0.671556 0
    outer loop
      vertex 41.546 8.26878 0
      vertex 41.4142 8.4142 4.1
      vertex 41.4142 8.4142 0
    endloop
  endfacet
  facet normal -0.740954 -0.671556 0
    outer loop
      vertex 41.4142 8.4142 4.1
      vertex 41.546 8.26878 0
      vertex 41.546 8.26878 4.1
    endloop
  endfacet
  facet normal -0.42758 0.903977 0
    outer loop
      vertex 40.9428 3.23615 0
      vertex 40.7654 3.15224 4
      vertex 40.9428 3.23615 4
    endloop
  endfacet
  facet normal -0.42758 0.903977 0
    outer loop
      vertex 40.7654 3.15224 4
      vertex 40.9428 3.23615 0
      vertex 40.7654 3.15224 0
    endloop
  endfacet
  facet normal -0.998803 0.048911 0
    outer loop
      vertex 41.9904 4.80396 0
      vertex 42 5 4
      vertex 42 5 0
    endloop
  endfacet
  facet normal -0.998803 0.048911 0
    outer loop
      vertex 42 5 4
      vertex 41.9904 4.80396 0
      vertex 41.9904 4.80396 4
    endloop
  endfacet
  facet normal -0.989175 -0.146741 0
    outer loop
      vertex 41.9904 7.19603 0
      vertex 41.9616 7.39017 4
      vertex 41.9616 7.39017 0
    endloop
  endfacet
  facet normal -0.989175 -0.146741 0
    outer loop
      vertex 41.9616 7.39017 4
      vertex 41.9904 7.19603 0
      vertex 41.9904 7.19603 4
    endloop
  endfacet
  facet normal 0 1 -0
    outer loop
      vertex 40 3 0
      vertex 32 3 4
      vertex 40 3 4
    endloop
  endfacet
  facet normal 0 1 0
    outer loop
      vertex 32 3 4
      vertex 40 3 0
      vertex 32 3 0
    endloop
  endfacet
  facet normal 0.242967 0.970035 -0
    outer loop
      vertex 31.6098 3.03842 0
      vertex 31.4194 3.08611 4
      vertex 31.6098 3.03842 4
    endloop
  endfacet
  facet normal 0.242967 0.970035 0
    outer loop
      vertex 31.4194 3.08611 4
      vertex 31.6098 3.03842 0
      vertex 31.4194 3.08611 0
    endloop
  endfacet
  facet normal 0.336924 -0.941532 0
    outer loop
      vertex 31.2346 8.84775 0
      vertex 31.4194 8.91388 4.1
      vertex 31.2346 8.84775 4.1
    endloop
  endfacet
  facet normal 0.336924 -0.941532 0
    outer loop
      vertex 31.4194 8.91388 4.1
      vertex 31.2346 8.84775 0
      vertex 31.4194 8.91388 0
    endloop
  endfacet
  facet normal 0.857418 -0.514621 0
    outer loop
      vertex 30.2704 8 4
      vertex 30.3371 8.11113 4.1
      vertex 30.2704 8 4.1
    endloop
  endfacet
  facet normal 0.857418 -0.514621 0
    outer loop
      vertex 30.3371 8.11113 4.1
      vertex 30.2704 8 4
      vertex 30.3371 8.11113 0
    endloop
  endfacet
  facet normal 0.857704 -0.514143 0
    outer loop
      vertex 30.2361 7.94278 0
      vertex 30.2704 8 4
      vertex 30.2361 7.94278 4
    endloop
  endfacet
  facet normal 0.857515 -0.514458 6.13148e-06
    outer loop
      vertex 30.2704 8 4
      vertex 30.2361 7.94278 0
      vertex 30.3371 8.11113 0
    endloop
  endfacet
  facet normal 0.803259 -0.59563 0
    outer loop
      vertex 30.3371 8.11113 4.1
      vertex 30.454 8.26878 0
      vertex 30.454 8.26878 4.1
    endloop
  endfacet
  facet normal 0.803259 -0.59563 0
    outer loop
      vertex 30.454 8.26878 0
      vertex 30.3371 8.11113 4.1
      vertex 30.3371 8.11113 0
    endloop
  endfacet
  facet normal -0.146696 -0.989182 0
    outer loop
      vertex 40.196 8.99036 0
      vertex 40.3902 8.96156 4.1
      vertex 40.196 8.99036 4.1
    endloop
  endfacet
  facet normal -0.146696 -0.989182 -0
    outer loop
      vertex 40.3902 8.96156 4.1
      vertex 40.196 8.99036 0
      vertex 40.3902 8.96156 0
    endloop
  endfacet
  facet normal -0.514233 -0.85765 0
    outer loop
      vertex 40.9428 8.76384 0
      vertex 41.1111 8.66293 4.1
      vertex 40.9428 8.76384 4.1
    endloop
  endfacet
  facet normal -0.514233 -0.85765 -0
    outer loop
      vertex 41.1111 8.66293 4.1
      vertex 40.9428 8.76384 0
      vertex 41.1111 8.66293 0
    endloop
  endfacet
  facet normal -0.904006 -0.427519 0
    outer loop
      vertex 41.8477 7.76537 0
      vertex 41.7638 7.94278 4
      vertex 41.7638 7.94278 0
    endloop
  endfacet
  facet normal -0.904006 -0.427519 0
    outer loop
      vertex 41.7638 7.94278 4
      vertex 41.8477 7.76537 0
      vertex 41.8477 7.76537 4
    endloop
  endfacet
  facet normal -0.941419 -0.33724 0
    outer loop
      vertex 41.9139 7.58057 0
      vertex 41.8477 7.76537 4
      vertex 41.8477 7.76537 0
    endloop
  endfacet
  facet normal -0.941419 -0.33724 0
    outer loop
      vertex 41.8477 7.76537 4
      vertex 41.9139 7.58057 0
      vertex 41.9139 7.58057 4
    endloop
  endfacet
  facet normal -0.242967 0.970035 0
    outer loop
      vertex 40.5806 3.08611 0
      vertex 40.3902 3.03842 4
      vertex 40.5806 3.08611 4
    endloop
  endfacet
  facet normal -0.242967 0.970035 0
    outer loop
      vertex 40.3902 3.03842 4
      vertex 40.5806 3.08611 0
      vertex 40.3902 3.03842 0
    endloop
  endfacet
  facet normal -0.336924 0.941532 0
    outer loop
      vertex 40.7654 3.15224 0
      vertex 40.5806 3.08611 4
      vertex 40.7654 3.15224 4
    endloop
  endfacet
  facet normal -0.336924 0.941532 0
    outer loop
      vertex 40.5806 3.08611 4
      vertex 40.7654 3.15224 0
      vertex 40.5806 3.08611 0
    endloop
  endfacet
  facet normal -0.803259 0.59563 0
    outer loop
      vertex 41.546 3.7312 0
      vertex 41.6629 3.88885 4
      vertex 41.6629 3.88885 0
    endloop
  endfacet
  facet normal -0.803259 0.59563 0
    outer loop
      vertex 41.6629 3.88885 4
      vertex 41.546 3.7312 0
      vertex 41.546 3.7312 4
    endloop
  endfacet
  facet normal -0.998803 -0.0489135 0
    outer loop
      vertex 42 7 0
      vertex 41.9904 7.19603 4
      vertex 41.9904 7.19603 0
    endloop
  endfacet
  facet normal -0.998803 -0.0489135 0
    outer loop
      vertex 41.9904 7.19603 4
      vertex 42 7 0
      vertex 42 7 4
    endloop
  endfacet
  facet normal 0.146646 0.989189 -0
    outer loop
      vertex 31.804 3.00963 0
      vertex 31.6098 3.03842 4
      vertex 31.804 3.00963 4
    endloop
  endfacet
  facet normal 0.146646 0.989189 0
    outer loop
      vertex 31.6098 3.03842 4
      vertex 31.804 3.00963 0
      vertex 31.6098 3.03842 0
    endloop
  endfacet
  facet normal 0.671663 0.740857 -0
    outer loop
      vertex 30.7312 3.45396 0
      vertex 30.5858 3.58578 4
      vertex 30.7312 3.45396 4
    endloop
  endfacet
  facet normal 0.671663 0.740857 0
    outer loop
      vertex 30.5858 3.58578 4
      vertex 30.7312 3.45396 0
      vertex 30.5858 3.58578 0
    endloop
  endfacet
  facet normal -0.146646 0.989189 0
    outer loop
      vertex 40.3902 3.03842 0
      vertex 40.196 3.00963 4
      vertex 40.3902 3.03842 4
    endloop
  endfacet
  facet normal -0.146646 0.989189 0
    outer loop
      vertex 40.196 3.00963 4
      vertex 40.3902 3.03842 0
      vertex 40.196 3.00963 0
    endloop
  endfacet
  facet normal -0.857754 0.514061 0
    outer loop
      vertex 41.6629 3.88885 0
      vertex 41.7638 4.05721 4
      vertex 41.7638 4.05721 0
    endloop
  endfacet
  facet normal -0.857754 0.514061 0
    outer loop
      vertex 41.7638 4.05721 4
      vertex 41.6629 3.88885 0
      vertex 41.6629 3.88885 4
    endloop
  endfacet
  facet normal -0.671663 0.740857 0
    outer loop
      vertex 41.4142 3.58578 0
      vertex 41.2688 3.45396 4
      vertex 41.4142 3.58578 4
    endloop
  endfacet
  facet normal -0.671663 0.740857 0
    outer loop
      vertex 41.2688 3.45396 4
      vertex 41.4142 3.58578 0
      vertex 41.2688 3.45396 0
    endloop
  endfacet
  facet normal -0.740954 0.671556 0
    outer loop
      vertex 41.4142 3.58578 0
      vertex 41.546 3.7312 4
      vertex 41.546 3.7312 0
    endloop
  endfacet
  facet normal -0.740954 0.671556 0
    outer loop
      vertex 41.546 3.7312 4
      vertex 41.4142 3.58578 0
      vertex 41.4142 3.58578 4
    endloop
  endfacet
  facet normal -0.595541 0.803325 0
    outer loop
      vertex 41.2688 3.45396 0
      vertex 41.1111 3.33705 4
      vertex 41.2688 3.45396 4
    endloop
  endfacet
  facet normal -0.595541 0.803325 0
    outer loop
      vertex 41.1111 3.33705 4
      vertex 41.2688 3.45396 0
      vertex 41.1111 3.33705 0
    endloop
  endfacet
  facet normal -0.514196 0.857673 0
    outer loop
      vertex 41.1111 3.33705 0
      vertex 40.9428 3.23615 4
      vertex 41.1111 3.33705 4
    endloop
  endfacet
  facet normal -0.514196 0.857673 0
    outer loop
      vertex 40.9428 3.23615 4
      vertex 41.1111 3.33705 0
      vertex 40.9428 3.23615 0
    endloop
  endfacet
  facet normal 0.514196 0.857673 -0
    outer loop
      vertex 31.0572 3.23615 0
      vertex 30.8889 3.33705 4
      vertex 31.0572 3.23615 4
    endloop
  endfacet
  facet normal 0.514196 0.857673 0
    outer loop
      vertex 30.8889 3.33705 4
      vertex 31.0572 3.23615 0
      vertex 30.8889 3.33705 0
    endloop
  endfacet
  facet normal 0.595541 0.803325 -0
    outer loop
      vertex 30.8889 3.33705 0
      vertex 30.7312 3.45396 4
      vertex 30.8889 3.33705 4
    endloop
  endfacet
  facet normal 0.595541 0.803325 0
    outer loop
      vertex 30.7312 3.45396 4
      vertex 30.8889 3.33705 0
      vertex 30.7312 3.45396 0
    endloop
  endfacet
  facet normal 0.740954 0.671556 0
    outer loop
      vertex 30.5858 3.58578 4
      vertex 30.454 3.7312 0
      vertex 30.454 3.7312 4
    endloop
  endfacet
  facet normal 0.740954 0.671556 0
    outer loop
      vertex 30.454 3.7312 0
      vertex 30.5858 3.58578 4
      vertex 30.5858 3.58578 0
    endloop
  endfacet
  facet normal 0.857529 0.514436 0
    outer loop
      vertex 30.3371 3.88885 4
      vertex 30.2361 4.05721 0
      vertex 30.2361 4.05721 4
    endloop
  endfacet
  facet normal 0.857529 0.514436 0
    outer loop
      vertex 30.2361 4.05721 0
      vertex 30.3371 3.88885 4
      vertex 30.3371 3.88885 0
    endloop
  endfacet
  facet normal 0.989182 0.146696 0
    outer loop
      vertex 30.0384 92.6098 4.1
      vertex 30.0096 92.804 0
      vertex 30.0096 92.804 4.1
    endloop
  endfacet
  facet normal 0.989182 0.146696 0
    outer loop
      vertex 30.0096 92.804 0
      vertex 30.0384 92.6098 4.1
      vertex 30.0384 92.6098 0
    endloop
  endfacet
  facet normal 0.998803 0.0489209 0
    outer loop
      vertex 30.0096 92.804 4.1
      vertex 30 93 0
      vertex 30 93 4.1
    endloop
  endfacet
  facet normal 0.998803 0.0489209 0
    outer loop
      vertex 30 93 0
      vertex 30.0096 92.804 4.1
      vertex 30.0096 92.804 0
    endloop
  endfacet
  facet normal 0.970023 0.243015 0
    outer loop
      vertex 30.0861 92.4194 4.1
      vertex 30.0384 92.6098 0
      vertex 30.0384 92.6098 4.1
    endloop
  endfacet
  facet normal 0.970023 0.243015 0
    outer loop
      vertex 30.0384 92.6098 0
      vertex 30.0861 92.4194 4.1
      vertex 30.0861 92.4194 0
    endloop
  endfacet
  facet normal 0.94158 0.336788 0
    outer loop
      vertex 30.1522 92.2346 4.1
      vertex 30.0861 92.4194 0
      vertex 30.0861 92.4194 4.1
    endloop
  endfacet
  facet normal 0.94158 0.336788 0
    outer loop
      vertex 30.0861 92.4194 0
      vertex 30.1522 92.2346 4.1
      vertex 30.1522 92.2346 0
    endloop
  endfacet
  facet normal 0 1 -0
    outer loop
      vertex 40 91 0
      vertex 32 91 4.1
      vertex 40 91 4.1
    endloop
  endfacet
  facet normal 0 1 0
    outer loop
      vertex 32 91 4.1
      vertex 40 91 0
      vertex 32 91 0
    endloop
  endfacet
  facet normal 0 0 -1
    outer loop
      vertex 40 91 4.1
      vertex 42 93 4.1
      vertex 41.9904 92.804 4.1
    endloop
  endfacet
  facet normal 0 0 -1
    outer loop
      vertex 40 91 4.1
      vertex 41.9904 92.804 4.1
      vertex 41.9616 92.6098 4.1
    endloop
  endfacet
  facet normal 0 0 -1
    outer loop
      vertex 40 91 4.1
      vertex 41.9616 92.6098 4.1
      vertex 41.9139 92.4194 4.1
    endloop
  endfacet
  facet normal 0 0 -1
    outer loop
      vertex 41.7638 92.0572 4.1
      vertex 41.9139 92.4194 4.1
      vertex 41.8477 92.2346 4.1
    endloop
  endfacet
  facet normal 0 0 -1
    outer loop
      vertex 41.6629 91.8889 4.1
      vertex 41.9139 92.4194 4.1
      vertex 41.7638 92.0572 4.1
    endloop
  endfacet
  facet normal 0 0 -1
    outer loop
      vertex 41.546 91.7312 4.1
      vertex 41.9139 92.4194 4.1
      vertex 41.6629 91.8889 4.1
    endloop
  endfacet
  facet normal 0 0 -1
    outer loop
      vertex 41.4142 91.5858 4.1
      vertex 41.9139 92.4194 4.1
      vertex 41.546 91.7312 4.1
    endloop
  endfacet
  facet normal 0 0 -1
    outer loop
      vertex 41.2688 91.454 4.1
      vertex 41.9139 92.4194 4.1
      vertex 41.4142 91.5858 4.1
    endloop
  endfacet
  facet normal 0 0 -1
    outer loop
      vertex 41.1111 91.3371 4.1
      vertex 41.9139 92.4194 4.1
      vertex 41.2688 91.454 4.1
    endloop
  endfacet
  facet normal 0 0 -1
    outer loop
      vertex 40.9428 91.2361 4.1
      vertex 41.9139 92.4194 4.1
      vertex 41.1111 91.3371 4.1
    endloop
  endfacet
  facet normal 0 0 -1
    outer loop
      vertex 40.7654 91.1522 4.1
      vertex 41.9139 92.4194 4.1
      vertex 40.9428 91.2361 4.1
    endloop
  endfacet
  facet normal 0 0 -1
    outer loop
      vertex 40.5806 91.0861 4.1
      vertex 41.9139 92.4194 4.1
      vertex 40.7654 91.1522 4.1
    endloop
  endfacet
  facet normal 0 0 -1
    outer loop
      vertex 40.3902 91.0384 4.1
      vertex 41.9139 92.4194 4.1
      vertex 40.5806 91.0861 4.1
    endloop
  endfacet
  facet normal 0 0 -1
    outer loop
      vertex 40.196 91.0096 4.1
      vertex 41.9139 92.4194 4.1
      vertex 40.3902 91.0384 4.1
    endloop
  endfacet
  facet normal 0 0 -1
    outer loop
      vertex 40 91 4.1
      vertex 41.9139 92.4194 4.1
      vertex 40.196 91.0096 4.1
    endloop
  endfacet
  facet normal -0 0 -1
    outer loop
      vertex 42 93 4.1
      vertex 40 91 4.1
      vertex 42 93.4 4.1
    endloop
  endfacet
  facet normal 0 0 -1
    outer loop
      vertex 32 91 4.1
      vertex 42 93.4 4.1
      vertex 40 91 4.1
    endloop
  endfacet
  facet normal 0 0 -1
    outer loop
      vertex 30 93 4.1
      vertex 32 91 4.1
      vertex 31.804 91.0096 4.1
    endloop
  endfacet
  facet normal 0 0 -1
    outer loop
      vertex 30 93 4.1
      vertex 31.804 91.0096 4.1
      vertex 31.6098 91.0384 4.1
    endloop
  endfacet
  facet normal 0 0 -1
    outer loop
      vertex 30 93 4.1
      vertex 31.6098 91.0384 4.1
      vertex 31.4194 91.0861 4.1
    endloop
  endfacet
  facet normal 0 0 -1
    outer loop
      vertex 30 93 4.1
      vertex 31.4194 91.0861 4.1
      vertex 31.2346 91.1522 4.1
    endloop
  endfacet
  facet normal 0 0 -1
    outer loop
      vertex 30 93 4.1
      vertex 31.2346 91.1522 4.1
      vertex 31.0572 91.2361 4.1
    endloop
  endfacet
  facet normal 0 0 -1
    outer loop
      vertex 30 93 4.1
      vertex 31.0572 91.2361 4.1
      vertex 30.8889 91.3371 4.1
    endloop
  endfacet
  facet normal 0 0 -1
    outer loop
      vertex 30 93 4.1
      vertex 30.8889 91.3371 4.1
      vertex 30.7312 91.454 4.1
    endloop
  endfacet
  facet normal 0 0 -1
    outer loop
      vertex 30 93 4.1
      vertex 30.7312 91.454 4.1
      vertex 30.5858 91.5858 4.1
    endloop
  endfacet
  facet normal 0 0 -1
    outer loop
      vertex 30 93 4.1
      vertex 30.5858 91.5858 4.1
      vertex 30.454 91.7312 4.1
    endloop
  endfacet
  facet normal 0 0 -1
    outer loop
      vertex 30 93 4.1
      vertex 30.454 91.7312 4.1
      vertex 30.3371 91.8889 4.1
    endloop
  endfacet
  facet normal 0 0 -1
    outer loop
      vertex 30 93 4.1
      vertex 30.3371 91.8889 4.1
      vertex 30.2361 92.0572 4.1
    endloop
  endfacet
  facet normal 0 0 -1
    outer loop
      vertex 30 93 4.1
      vertex 30.2361 92.0572 4.1
      vertex 30.1522 92.2346 4.1
    endloop
  endfacet
  facet normal 0 0 -1
    outer loop
      vertex 30 93 4.1
      vertex 30.1522 92.2346 4.1
      vertex 30.0861 92.4194 4.1
    endloop
  endfacet
  facet normal 0 0 -1
    outer loop
      vertex 30 93 4.1
      vertex 30.0861 92.4194 4.1
      vertex 30.0384 92.6098 4.1
    endloop
  endfacet
  facet normal 0 0 -1
    outer loop
      vertex 30 93 4.1
      vertex 30.0384 92.6098 4.1
      vertex 30.0096 92.804 4.1
    endloop
  endfacet
  facet normal 0 0 -1
    outer loop
      vertex 32 91 4.1
      vertex 30 93 4.1
      vertex 30 93.4 4.1
    endloop
  endfacet
  facet normal 0 0 -1
    outer loop
      vertex 32 91 4.1
      vertex 30 93.4 4.1
      vertex 42 93.4 4.1
    endloop
  endfacet
  facet normal -0.146696 -0.989182 0
    outer loop
      vertex 40.196 96.9904 0
      vertex 40.3902 96.9616 4
      vertex 40.196 96.9904 4
    endloop
  endfacet
  facet normal -0.146696 -0.989182 -0
    outer loop
      vertex 40.3902 96.9616 4
      vertex 40.196 96.9904 0
      vertex 40.3902 96.9616 0
    endloop
  endfacet
  facet normal 0.146696 -0.989182 0
    outer loop
      vertex 31.6098 96.9616 0
      vertex 31.804 96.9904 4
      vertex 31.6098 96.9616 4
    endloop
  endfacet
  facet normal 0.146696 -0.989182 0
    outer loop
      vertex 31.804 96.9904 4
      vertex 31.6098 96.9616 0
      vertex 31.804 96.9904 0
    endloop
  endfacet
  facet normal -0.970023 0.243015 0
    outer loop
      vertex 41.9139 92.4194 0
      vertex 41.9616 92.6098 4.1
      vertex 41.9616 92.6098 0
    endloop
  endfacet
  facet normal -0.970023 0.243015 0
    outer loop
      vertex 41.9616 92.6098 4.1
      vertex 41.9139 92.4194 0
      vertex 41.9139 92.4194 4.1
    endloop
  endfacet
  facet normal -1 0 0
    outer loop
      vertex 42 95 0
      vertex 42 93.4 4
      vertex 42 95 4
    endloop
  endfacet
  facet normal -1 0 0
    outer loop
      vertex 42 93 0
      vertex 42 93.4 4
      vertex 42 95 0
    endloop
  endfacet
  facet normal -1 0 0
    outer loop
      vertex 42 93 4.1
      vertex 42 93.4 4
      vertex 42 93 0
    endloop
  endfacet
  facet normal -1 0 0
    outer loop
      vertex 42 93.4 4
      vertex 42 93 4.1
      vertex 42 93.4 4.1
    endloop
  endfacet
  facet normal 0.0489209 0.998803 -0
    outer loop
      vertex 32 91 0
      vertex 31.804 91.0096 4.1
      vertex 32 91 4.1
    endloop
  endfacet
  facet normal 0.0489209 0.998803 0
    outer loop
      vertex 31.804 91.0096 4.1
      vertex 32 91 0
      vertex 31.804 91.0096 0
    endloop
  endfacet
  facet normal 0.80335 0.595508 0
    outer loop
      vertex 30.454 91.7312 4.1
      vertex 30.3371 91.8889 0
      vertex 30.3371 91.8889 4.1
    endloop
  endfacet
  facet normal 0.80335 0.595508 0
    outer loop
      vertex 30.3371 91.8889 0
      vertex 30.454 91.7312 4.1
      vertex 30.454 91.7312 0
    endloop
  endfacet
  facet normal 1 0 0
    outer loop
      vertex 30 93.4 4.1
      vertex 30 93 4.1
      vertex 30 93.4 4
    endloop
  endfacet
  facet normal 1 -0 0
    outer loop
      vertex 30 93.4 4
      vertex 30 95 0
      vertex 30 95 4
    endloop
  endfacet
  facet normal 1 0 0
    outer loop
      vertex 30 93 0
      vertex 30 93.4 4
      vertex 30 93 4.1
    endloop
  endfacet
  facet normal 1 0 0
    outer loop
      vertex 30 93.4 4
      vertex 30 93 0
      vertex 30 95 0
    endloop
  endfacet
  facet normal 0.998803 -0.0489209 0
    outer loop
      vertex 30 95 4
      vertex 30.0096 95.196 0
      vertex 30.0096 95.196 4
    endloop
  endfacet
  facet normal 0.998803 -0.0489209 0
    outer loop
      vertex 30.0096 95.196 0
      vertex 30 95 4
      vertex 30 95 0
    endloop
  endfacet
  facet normal 0.595508 -0.80335 0
    outer loop
      vertex 30.7312 96.546 0
      vertex 30.8889 96.6629 4
      vertex 30.7312 96.546 4
    endloop
  endfacet
  facet normal 0.595508 -0.80335 0
    outer loop
      vertex 30.8889 96.6629 4
      vertex 30.7312 96.546 0
      vertex 30.8889 96.6629 0
    endloop
  endfacet
  facet normal 0.903997 -0.427539 0
    outer loop
      vertex 30.1522 95.7654 4
      vertex 30.2361 95.9428 0
      vertex 30.2361 95.9428 4
    endloop
  endfacet
  facet normal 0.903997 -0.427539 0
    outer loop
      vertex 30.2361 95.9428 0
      vertex 30.1522 95.7654 4
      vertex 30.1522 95.7654 0
    endloop
  endfacet
  facet normal -0.671607 -0.740908 0
    outer loop
      vertex 41.2688 96.546 0
      vertex 41.4142 96.4142 4
      vertex 41.2688 96.546 4
    endloop
  endfacet
  facet normal -0.671607 -0.740908 -0
    outer loop
      vertex 41.4142 96.4142 4
      vertex 41.2688 96.546 0
      vertex 41.4142 96.4142 0
    endloop
  endfacet
  facet normal 0 -1 0
    outer loop
      vertex 32 97 0
      vertex 40 97 4
      vertex 32 97 4
    endloop
  endfacet
  facet normal 0 -1 -0
    outer loop
      vertex 40 97 4
      vertex 32 97 0
      vertex 40 97 0
    endloop
  endfacet
  facet normal -0.0489209 -0.998803 0
    outer loop
      vertex 40 97 0
      vertex 40.196 96.9904 4
      vertex 40 97 4
    endloop
  endfacet
  facet normal -0.0489209 -0.998803 -0
    outer loop
      vertex 40.196 96.9904 4
      vertex 40 97 0
      vertex 40.196 96.9904 0
    endloop
  endfacet
  facet normal 0.0489209 -0.998803 0
    outer loop
      vertex 31.804 96.9904 0
      vertex 32 97 4
      vertex 31.804 96.9904 4
    endloop
  endfacet
  facet normal 0.0489209 -0.998803 0
    outer loop
      vertex 32 97 4
      vertex 31.804 96.9904 0
      vertex 32 97 0
    endloop
  endfacet
  facet normal -0.970023 -0.243015 0
    outer loop
      vertex 41.9616 95.3902 0
      vertex 41.9139 95.5806 4
      vertex 41.9139 95.5806 0
    endloop
  endfacet
  facet normal -0.970023 -0.243015 0
    outer loop
      vertex 41.9139 95.5806 4
      vertex 41.9616 95.3902 0
      vertex 41.9616 95.3902 4
    endloop
  endfacet
  facet normal -0.941419 0.33724 0
    outer loop
      vertex 41.8477 92.2346 0
      vertex 41.9139 92.4194 4.1
      vertex 41.9139 92.4194 0
    endloop
  endfacet
  facet normal -0.941419 0.33724 0
    outer loop
      vertex 41.9139 92.4194 4.1
      vertex 41.8477 92.2346 0
      vertex 41.8477 92.2346 4.1
    endloop
  endfacet
  facet normal -0.903997 0.427539 0
    outer loop
      vertex 41.7638 92.0572 0
      vertex 41.8477 92.2346 4.1
      vertex 41.8477 92.2346 0
    endloop
  endfacet
  facet normal -0.903997 0.427539 0
    outer loop
      vertex 41.8477 92.2346 4.1
      vertex 41.7638 92.0572 0
      vertex 41.7638 92.0572 4.1
    endloop
  endfacet
  facet normal -0.989182 0.146696 0
    outer loop
      vertex 41.9616 92.6098 0
      vertex 41.9904 92.804 4.1
      vertex 41.9904 92.804 0
    endloop
  endfacet
  facet normal -0.989182 0.146696 0
    outer loop
      vertex 41.9904 92.804 4.1
      vertex 41.9616 92.6098 0
      vertex 41.9616 92.6098 4.1
    endloop
  endfacet
  facet normal 0.903997 0.427539 0
    outer loop
      vertex 30.2361 92.0572 4.1
      vertex 30.1522 92.2346 0
      vertex 30.1522 92.2346 4.1
    endloop
  endfacet
  facet normal 0.903997 0.427539 0
    outer loop
      vertex 30.1522 92.2346 0
      vertex 30.2361 92.0572 4.1
      vertex 30.2361 92.0572 0
    endloop
  endfacet
  facet normal 0.970023 -0.243015 0
    outer loop
      vertex 30.0384 95.3902 4
      vertex 30.0861 95.5806 0
      vertex 30.0861 95.5806 4
    endloop
  endfacet
  facet normal 0.970023 -0.243015 0
    outer loop
      vertex 30.0861 95.5806 0
      vertex 30.0384 95.3902 4
      vertex 30.0384 95.3902 0
    endloop
  endfacet
  facet normal 0.94158 -0.336788 0
    outer loop
      vertex 30.0861 95.5806 4
      vertex 30.1522 95.7654 0
      vertex 30.1522 95.7654 4
    endloop
  endfacet
  facet normal 0.94158 -0.336788 0
    outer loop
      vertex 30.1522 95.7654 0
      vertex 30.0861 95.5806 4
      vertex 30.0861 95.5806 0
    endloop
  endfacet
  facet normal 0.989182 -0.146696 0
    outer loop
      vertex 30.0096 95.196 4
      vertex 30.0384 95.3902 0
      vertex 30.0384 95.3902 4
    endloop
  endfacet
  facet normal 0.989182 -0.146696 0
    outer loop
      vertex 30.0384 95.3902 0
      vertex 30.0096 95.196 4
      vertex 30.0096 95.196 0
    endloop
  endfacet
  facet normal 0.514196 -0.857673 0
    outer loop
      vertex 30.8889 96.6629 0
      vertex 31.0572 96.7638 4
      vertex 30.8889 96.6629 4
    endloop
  endfacet
  facet normal 0.514196 -0.857673 0
    outer loop
      vertex 31.0572 96.7638 4
      vertex 30.8889 96.6629 0
      vertex 31.0572 96.7638 0
    endloop
  endfacet
  facet normal 0.427539 -0.903997 0
    outer loop
      vertex 31.0572 96.7638 0
      vertex 31.2346 96.8477 4
      vertex 31.0572 96.7638 4
    endloop
  endfacet
  facet normal 0.427539 -0.903997 0
    outer loop
      vertex 31.2346 96.8477 4
      vertex 31.0572 96.7638 0
      vertex 31.2346 96.8477 0
    endloop
  endfacet
  facet normal 0.243015 -0.970023 0
    outer loop
      vertex 31.4194 96.9139 0
      vertex 31.6098 96.9616 4
      vertex 31.4194 96.9139 4
    endloop
  endfacet
  facet normal 0.243015 -0.970023 0
    outer loop
      vertex 31.6098 96.9616 4
      vertex 31.4194 96.9139 0
      vertex 31.6098 96.9616 0
    endloop
  endfacet
  facet normal 0.740908 -0.671607 0
    outer loop
      vertex 30.454 96.2688 4
      vertex 30.5858 96.4142 0
      vertex 30.5858 96.4142 4
    endloop
  endfacet
  facet normal 0.740908 -0.671607 0
    outer loop
      vertex 30.5858 96.4142 0
      vertex 30.454 96.2688 4
      vertex 30.454 96.2688 0
    endloop
  endfacet
  facet normal 0.671607 -0.740908 0
    outer loop
      vertex 30.5858 96.4142 0
      vertex 30.7312 96.546 4
      vertex 30.5858 96.4142 4
    endloop
  endfacet
  facet normal 0.671607 -0.740908 0
    outer loop
      vertex 30.7312 96.546 4
      vertex 30.5858 96.4142 0
      vertex 30.7312 96.546 0
    endloop
  endfacet
  facet normal -0.857673 -0.514196 0
    outer loop
      vertex 41.7638 95.9428 0
      vertex 41.6629 96.1111 4
      vertex 41.6629 96.1111 0
    endloop
  endfacet
  facet normal -0.857673 -0.514196 0
    outer loop
      vertex 41.6629 96.1111 4
      vertex 41.7638 95.9428 0
      vertex 41.7638 95.9428 4
    endloop
  endfacet
  facet normal -0.33724 -0.941419 0
    outer loop
      vertex 40.5806 96.9139 0
      vertex 40.7654 96.8477 4
      vertex 40.5806 96.9139 4
    endloop
  endfacet
  facet normal -0.33724 -0.941419 -0
    outer loop
      vertex 40.7654 96.8477 4
      vertex 40.5806 96.9139 0
      vertex 40.7654 96.8477 0
    endloop
  endfacet
  facet normal -0.427539 -0.903997 0
    outer loop
      vertex 40.7654 96.8477 0
      vertex 40.9428 96.7638 4
      vertex 40.7654 96.8477 4
    endloop
  endfacet
  facet normal -0.427539 -0.903997 -0
    outer loop
      vertex 40.9428 96.7638 4
      vertex 40.7654 96.8477 0
      vertex 40.9428 96.7638 0
    endloop
  endfacet
  facet normal -0.80335 -0.595508 0
    outer loop
      vertex 41.6629 96.1111 0
      vertex 41.546 96.2688 4
      vertex 41.546 96.2688 0
    endloop
  endfacet
  facet normal -0.80335 -0.595508 0
    outer loop
      vertex 41.546 96.2688 4
      vertex 41.6629 96.1111 0
      vertex 41.6629 96.1111 4
    endloop
  endfacet
  facet normal -0.671607 0.740908 0
    outer loop
      vertex 41.4142 91.5858 0
      vertex 41.2688 91.454 4.1
      vertex 41.4142 91.5858 4.1
    endloop
  endfacet
  facet normal -0.671607 0.740908 0
    outer loop
      vertex 41.2688 91.454 4.1
      vertex 41.4142 91.5858 0
      vertex 41.2688 91.454 0
    endloop
  endfacet
  facet normal -0.998803 0.0489209 0
    outer loop
      vertex 41.9904 92.804 0
      vertex 42 93 4.1
      vertex 42 93 0
    endloop
  endfacet
  facet normal -0.998803 0.0489209 0
    outer loop
      vertex 42 93 4.1
      vertex 41.9904 92.804 0
      vertex 41.9904 92.804 4.1
    endloop
  endfacet
  facet normal 0.336788 0.94158 -0
    outer loop
      vertex 31.4194 91.0861 0
      vertex 31.2346 91.1522 4.1
      vertex 31.4194 91.0861 4.1
    endloop
  endfacet
  facet normal 0.336788 0.94158 0
    outer loop
      vertex 31.2346 91.1522 4.1
      vertex 31.4194 91.0861 0
      vertex 31.2346 91.1522 0
    endloop
  endfacet
  facet normal 0.33724 -0.941419 0
    outer loop
      vertex 31.2346 96.8477 0
      vertex 31.4194 96.9139 4
      vertex 31.2346 96.8477 4
    endloop
  endfacet
  facet normal 0.33724 -0.941419 0
    outer loop
      vertex 31.4194 96.9139 4
      vertex 31.2346 96.8477 0
      vertex 31.4194 96.9139 0
    endloop
  endfacet
  facet normal 0.857448 -0.514571 0
    outer loop
      vertex 30.2361 95.9428 4
      vertex 30.3371 96.1111 0
      vertex 30.3371 96.1111 4
    endloop
  endfacet
  facet normal 0.857448 -0.514571 0
    outer loop
      vertex 30.3371 96.1111 0
      vertex 30.2361 95.9428 4
      vertex 30.2361 95.9428 0
    endloop
  endfacet
  facet normal 0.80335 -0.595508 0
    outer loop
      vertex 30.3371 96.1111 4
      vertex 30.454 96.2688 0
      vertex 30.454 96.2688 4
    endloop
  endfacet
  facet normal 0.80335 -0.595508 0
    outer loop
      vertex 30.454 96.2688 0
      vertex 30.3371 96.1111 4
      vertex 30.3371 96.1111 0
    endloop
  endfacet
  facet normal -0.243015 -0.970023 0
    outer loop
      vertex 40.3902 96.9616 0
      vertex 40.5806 96.9139 4
      vertex 40.3902 96.9616 4
    endloop
  endfacet
  facet normal -0.243015 -0.970023 -0
    outer loop
      vertex 40.5806 96.9139 4
      vertex 40.3902 96.9616 0
      vertex 40.5806 96.9139 0
    endloop
  endfacet
  facet normal -0.514196 -0.857673 0
    outer loop
      vertex 40.9428 96.7638 0
      vertex 41.1111 96.6629 4
      vertex 40.9428 96.7638 4
    endloop
  endfacet
  facet normal -0.514196 -0.857673 -0
    outer loop
      vertex 41.1111 96.6629 4
      vertex 40.9428 96.7638 0
      vertex 41.1111 96.6629 0
    endloop
  endfacet
  facet normal -0.595508 -0.80335 0
    outer loop
      vertex 41.1111 96.6629 0
      vertex 41.2688 96.546 4
      vertex 41.1111 96.6629 4
    endloop
  endfacet
  facet normal -0.595508 -0.80335 -0
    outer loop
      vertex 41.2688 96.546 4
      vertex 41.1111 96.6629 0
      vertex 41.2688 96.546 0
    endloop
  endfacet
  facet normal -0.740908 -0.671607 0
    outer loop
      vertex 41.546 96.2688 0
      vertex 41.4142 96.4142 4
      vertex 41.4142 96.4142 0
    endloop
  endfacet
  facet normal -0.740908 -0.671607 0
    outer loop
      vertex 41.4142 96.4142 4
      vertex 41.546 96.2688 0
      vertex 41.546 96.2688 4
    endloop
  endfacet
  facet normal -0.903997 -0.427539 0
    outer loop
      vertex 41.8477 95.7654 0
      vertex 41.7638 95.9428 4
      vertex 41.7638 95.9428 0
    endloop
  endfacet
  facet normal -0.903997 -0.427539 0
    outer loop
      vertex 41.7638 95.9428 4
      vertex 41.8477 95.7654 0
      vertex 41.8477 95.7654 4
    endloop
  endfacet
  facet normal -0.941419 -0.33724 0
    outer loop
      vertex 41.9139 95.5806 0
      vertex 41.8477 95.7654 4
      vertex 41.8477 95.7654 0
    endloop
  endfacet
  facet normal -0.941419 -0.33724 0
    outer loop
      vertex 41.8477 95.7654 4
      vertex 41.9139 95.5806 0
      vertex 41.9139 95.5806 4
    endloop
  endfacet
  facet normal -0.243015 0.970023 0
    outer loop
      vertex 40.5806 91.0861 0
      vertex 40.3902 91.0384 4.1
      vertex 40.5806 91.0861 4.1
    endloop
  endfacet
  facet normal -0.243015 0.970023 0
    outer loop
      vertex 40.3902 91.0384 4.1
      vertex 40.5806 91.0861 0
      vertex 40.3902 91.0384 0
    endloop
  endfacet
  facet normal -0.336788 0.94158 0
    outer loop
      vertex 40.7654 91.1522 0
      vertex 40.5806 91.0861 4.1
      vertex 40.7654 91.1522 4.1
    endloop
  endfacet
  facet normal -0.336788 0.94158 0
    outer loop
      vertex 40.5806 91.0861 4.1
      vertex 40.7654 91.1522 0
      vertex 40.5806 91.0861 0
    endloop
  endfacet
  facet normal -0.514571 0.857448 0
    outer loop
      vertex 41.1111 91.3371 0
      vertex 40.9428 91.2361 4.1
      vertex 41.1111 91.3371 4.1
    endloop
  endfacet
  facet normal -0.514571 0.857448 0
    outer loop
      vertex 40.9428 91.2361 4.1
      vertex 41.1111 91.3371 0
      vertex 40.9428 91.2361 0
    endloop
  endfacet
  facet normal -0.80335 0.595508 0
    outer loop
      vertex 41.546 91.7312 0
      vertex 41.6629 91.8889 4.1
      vertex 41.6629 91.8889 0
    endloop
  endfacet
  facet normal -0.80335 0.595508 0
    outer loop
      vertex 41.6629 91.8889 4.1
      vertex 41.546 91.7312 0
      vertex 41.546 91.7312 4.1
    endloop
  endfacet
  facet normal -0.740908 0.671607 0
    outer loop
      vertex 41.4142 91.5858 0
      vertex 41.546 91.7312 4.1
      vertex 41.546 91.7312 0
    endloop
  endfacet
  facet normal -0.740908 0.671607 0
    outer loop
      vertex 41.546 91.7312 4.1
      vertex 41.4142 91.5858 0
      vertex 41.4142 91.5858 4.1
    endloop
  endfacet
  facet normal -0.989182 -0.146696 0
    outer loop
      vertex 41.9904 95.196 0
      vertex 41.9616 95.3902 4
      vertex 41.9616 95.3902 0
    endloop
  endfacet
  facet normal -0.989182 -0.146696 0
    outer loop
      vertex 41.9616 95.3902 4
      vertex 41.9904 95.196 0
      vertex 41.9904 95.196 4
    endloop
  endfacet
  facet normal -0.998803 -0.0489209 0
    outer loop
      vertex 42 95 0
      vertex 41.9904 95.196 4
      vertex 41.9904 95.196 0
    endloop
  endfacet
  facet normal -0.998803 -0.0489209 0
    outer loop
      vertex 41.9904 95.196 4
      vertex 42 95 0
      vertex 42 95 4
    endloop
  endfacet
  facet normal 0.243015 0.970023 -0
    outer loop
      vertex 31.6098 91.0384 0
      vertex 31.4194 91.0861 4.1
      vertex 31.6098 91.0384 4.1
    endloop
  endfacet
  facet normal 0.243015 0.970023 0
    outer loop
      vertex 31.4194 91.0861 4.1
      vertex 31.6098 91.0384 0
      vertex 31.4194 91.0861 0
    endloop
  endfacet
  facet normal 0.427539 0.903997 -0
    outer loop
      vertex 31.2346 91.1522 0
      vertex 31.0572 91.2361 4.1
      vertex 31.2346 91.1522 4.1
    endloop
  endfacet
  facet normal 0.427539 0.903997 0
    outer loop
      vertex 31.0572 91.2361 4.1
      vertex 31.2346 91.1522 0
      vertex 31.0572 91.2361 0
    endloop
  endfacet
  facet normal 0.671607 0.740908 -0
    outer loop
      vertex 30.7312 91.454 0
      vertex 30.5858 91.5858 4.1
      vertex 30.7312 91.454 4.1
    endloop
  endfacet
  facet normal 0.671607 0.740908 0
    outer loop
      vertex 30.5858 91.5858 4.1
      vertex 30.7312 91.454 0
      vertex 30.5858 91.5858 0
    endloop
  endfacet
  facet normal -0.146696 0.989182 0
    outer loop
      vertex 40.3902 91.0384 0
      vertex 40.196 91.0096 4.1
      vertex 40.3902 91.0384 4.1
    endloop
  endfacet
  facet normal -0.146696 0.989182 0
    outer loop
      vertex 40.196 91.0096 4.1
      vertex 40.3902 91.0384 0
      vertex 40.196 91.0096 0
    endloop
  endfacet
  facet normal -0.0489209 0.998803 0
    outer loop
      vertex 40.196 91.0096 0
      vertex 40 91 4.1
      vertex 40.196 91.0096 4.1
    endloop
  endfacet
  facet normal -0.0489209 0.998803 0
    outer loop
      vertex 40 91 4.1
      vertex 40.196 91.0096 0
      vertex 40 91 0
    endloop
  endfacet
  facet normal -0.427539 0.903997 0
    outer loop
      vertex 40.9428 91.2361 0
      vertex 40.7654 91.1522 4.1
      vertex 40.9428 91.2361 4.1
    endloop
  endfacet
  facet normal -0.427539 0.903997 0
    outer loop
      vertex 40.7654 91.1522 4.1
      vertex 40.9428 91.2361 0
      vertex 40.7654 91.1522 0
    endloop
  endfacet
  facet normal -0.857673 0.514196 0
    outer loop
      vertex 41.6629 91.8889 0
      vertex 41.7638 92.0572 4.1
      vertex 41.7638 92.0572 0
    endloop
  endfacet
  facet normal -0.857673 0.514196 0
    outer loop
      vertex 41.7638 92.0572 4.1
      vertex 41.6629 91.8889 0
      vertex 41.6629 91.8889 4.1
    endloop
  endfacet
  facet normal -0.595508 0.80335 0
    outer loop
      vertex 41.2688 91.454 0
      vertex 41.1111 91.3371 4.1
      vertex 41.2688 91.454 4.1
    endloop
  endfacet
  facet normal -0.595508 0.80335 0
    outer loop
      vertex 41.1111 91.3371 4.1
      vertex 41.2688 91.454 0
      vertex 41.1111 91.3371 0
    endloop
  endfacet
  facet normal 0.146696 0.989182 -0
    outer loop
      vertex 31.804 91.0096 0
      vertex 31.6098 91.0384 4.1
      vertex 31.804 91.0096 4.1
    endloop
  endfacet
  facet normal 0.146696 0.989182 0
    outer loop
      vertex 31.6098 91.0384 4.1
      vertex 31.804 91.0096 0
      vertex 31.6098 91.0384 0
    endloop
  endfacet
  facet normal 0.595508 0.80335 -0
    outer loop
      vertex 30.8889 91.3371 0
      vertex 30.7312 91.454 4.1
      vertex 30.8889 91.3371 4.1
    endloop
  endfacet
  facet normal 0.595508 0.80335 0
    outer loop
      vertex 30.7312 91.454 4.1
      vertex 30.8889 91.3371 0
      vertex 30.7312 91.454 0
    endloop
  endfacet
  facet normal 0.514571 0.857448 -0
    outer loop
      vertex 31.0572 91.2361 0
      vertex 30.8889 91.3371 4.1
      vertex 31.0572 91.2361 4.1
    endloop
  endfacet
  facet normal 0.514571 0.857448 0
    outer loop
      vertex 30.8889 91.3371 4.1
      vertex 31.0572 91.2361 0
      vertex 30.8889 91.3371 0
    endloop
  endfacet
  facet normal 0.740908 0.671607 0
    outer loop
      vertex 30.5858 91.5858 4.1
      vertex 30.454 91.7312 0
      vertex 30.454 91.7312 4.1
    endloop
  endfacet
  facet normal 0.740908 0.671607 0
    outer loop
      vertex 30.454 91.7312 0
      vertex 30.5858 91.5858 4.1
      vertex 30.5858 91.5858 0
    endloop
  endfacet
  facet normal 0.857448 0.514571 0
    outer loop
      vertex 30.3371 91.8889 4.1
      vertex 30.2361 92.0572 0
      vertex 30.2361 92.0572 4.1
    endloop
  endfacet
  facet normal 0.857448 0.514571 0
    outer loop
      vertex 30.2361 92.0572 0
      vertex 30.3371 91.8889 4.1
      vertex 30.3371 91.8889 0
    endloop
  endfacet
  facet normal 0.970023 0.243015 0
    outer loop
      vertex 98.0861 4.41942 4
      vertex 98.0384 4.60982 0
      vertex 98.0384 4.60982 4
    endloop
  endfacet
  facet normal 0.970023 0.243015 0
    outer loop
      vertex 98.0384 4.60982 0
      vertex 98.0861 4.41942 4
      vertex 98.0861 4.41942 0
    endloop
  endfacet
  facet normal 0.94158 0.336788 0
    outer loop
      vertex 98.1522 4.23462 4
      vertex 98.0861 4.41942 0
      vertex 98.0861 4.41942 4
    endloop
  endfacet
  facet normal 0.94158 0.336788 0
    outer loop
      vertex 98.0861 4.41942 0
      vertex 98.1522 4.23462 4
      vertex 98.1522 4.23462 0
    endloop
  endfacet
  facet normal -1 0 0
    outer loop
      vertex 110 5 0
      vertex 110 7 4
      vertex 110 7 0
    endloop
  endfacet
  facet normal -1 -0 0
    outer loop
      vertex 110 7 4
      vertex 110 5 0
      vertex 110 5 4
    endloop
  endfacet
  facet normal 0.904062 -0.4274 0
    outer loop
      vertex 98.1686 7.8 4
      vertex 98.2361 7.94278 0
      vertex 98.2361 7.94278 4
    endloop
  endfacet
  facet normal 0.903775 -0.428008 0
    outer loop
      vertex 98.1522 7.76537 0
      vertex 98.1686 7.8 4
      vertex 98.1522 7.76537 4
    endloop
  endfacet
  facet normal 0.904006 -0.427519 -5.18093e-06
    outer loop
      vertex 98.1686 7.8 4
      vertex 98.1522 7.76537 0
      vertex 98.2361 7.94278 0
    endloop
  endfacet
  facet normal -0.856396 -0.516319 0
    outer loop
      vertex 109.663 8.11113 0
      vertex 109.73 8 4
      vertex 109.663 8.11113 4.1
    endloop
  endfacet
  facet normal -0.857515 -0.514458 7.04451e-05
    outer loop
      vertex 109.764 7.94278 0
      vertex 109.73 8 4
      vertex 109.663 8.11113 0
    endloop
  endfacet
  facet normal -0.859686 -0.510823 0
    outer loop
      vertex 109.73 8 4
      vertex 109.764 7.94278 0
      vertex 109.764 7.94278 4
    endloop
  endfacet
  facet normal -0.856396 -0.516319 0
    outer loop
      vertex 109.663 8.11113 4.1
      vertex 109.73 8 4
      vertex 109.73 8 4.1
    endloop
  endfacet
  facet normal -0.969661 0.244452 0
    outer loop
      vertex 109.914 4.41942 0
      vertex 109.962 4.60982 4
      vertex 109.962 4.60982 0
    endloop
  endfacet
  facet normal -0.969661 0.244452 0
    outer loop
      vertex 109.962 4.60982 4
      vertex 109.914 4.41942 0
      vertex 109.914 4.41942 4
    endloop
  endfacet
  facet normal 0.0490735 0.998795 -0
    outer loop
      vertex 100 3 0
      vertex 99.804 3.00963 4
      vertex 100 3 4
    endloop
  endfacet
  facet normal 0.0490735 0.998795 0
    outer loop
      vertex 99.804 3.00963 4
      vertex 100 3 0
      vertex 99.804 3.00963 0
    endloop
  endfacet
  facet normal 0.998803 0.048911 0
    outer loop
      vertex 98.0096 4.80396 4
      vertex 98 5 0
      vertex 98 5 4
    endloop
  endfacet
  facet normal 0.998803 0.048911 0
    outer loop
      vertex 98 5 0
      vertex 98.0096 4.80396 4
      vertex 98.0096 4.80396 0
    endloop
  endfacet
  facet normal 0.989175 0.146741 0
    outer loop
      vertex 98.0384 4.60982 4
      vertex 98.0096 4.80396 0
      vertex 98.0096 4.80396 4
    endloop
  endfacet
  facet normal 0.989175 0.146741 0
    outer loop
      vertex 98.0096 4.80396 0
      vertex 98.0384 4.60982 4
      vertex 98.0384 4.60982 0
    endloop
  endfacet
  facet normal 0 0 -1
    outer loop
      vertex 109.73 8 4.1
      vertex 109.546 8.26878 4.1
      vertex 109.663 8.11113 4.1
    endloop
  endfacet
  facet normal 0 0 -1
    outer loop
      vertex 109.73 8 4.1
      vertex 109.414 8.4142 4.1
      vertex 109.546 8.26878 4.1
    endloop
  endfacet
  facet normal 0 0 -1
    outer loop
      vertex 109.73 8 4.1
      vertex 109.269 8.54602 4.1
      vertex 109.414 8.4142 4.1
    endloop
  endfacet
  facet normal 0 0 -1
    outer loop
      vertex 109.73 8 4.1
      vertex 109.111 8.66293 4.1
      vertex 109.269 8.54602 4.1
    endloop
  endfacet
  facet normal 0 0 -1
    outer loop
      vertex 109.73 8 4.1
      vertex 108.943 8.76384 4.1
      vertex 109.111 8.66293 4.1
    endloop
  endfacet
  facet normal 0 0 -1
    outer loop
      vertex 109.73 8 4.1
      vertex 108.765 8.84775 4.1
      vertex 108.943 8.76384 4.1
    endloop
  endfacet
  facet normal 0 0 -1
    outer loop
      vertex 109.73 8 4.1
      vertex 108.581 8.91388 4.1
      vertex 108.765 8.84775 4.1
    endloop
  endfacet
  facet normal 0 0 -1
    outer loop
      vertex 109.73 8 4.1
      vertex 108.39 8.96156 4.1
      vertex 108.581 8.91388 4.1
    endloop
  endfacet
  facet normal 0 0 -1
    outer loop
      vertex 109.73 8 4.1
      vertex 108.196 8.99036 4.1
      vertex 108.39 8.96156 4.1
    endloop
  endfacet
  facet normal 0 0 -1
    outer loop
      vertex 109.73 8 4.1
      vertex 108 9 4.1
      vertex 108.196 8.99036 4.1
    endloop
  endfacet
  facet normal 0 0 -1
    outer loop
      vertex 105 8 4.1
      vertex 108 9 4.1
      vertex 109.73 8 4.1
    endloop
  endfacet
  facet normal -0 0 -1
    outer loop
      vertex 108 9 4.1
      vertex 105 8 4.1
      vertex 105 9 4.1
    endloop
  endfacet
  facet normal 0.970023 -0.243015 0
    outer loop
      vertex 98.0384 7.39017 4
      vertex 98.0861 7.58057 0
      vertex 98.0861 7.58057 4
    endloop
  endfacet
  facet normal 0.970023 -0.243015 0
    outer loop
      vertex 98.0861 7.58057 0
      vertex 98.0384 7.39017 4
      vertex 98.0384 7.39017 0
    endloop
  endfacet
  facet normal 0.94158 -0.336788 0
    outer loop
      vertex 98.0861 7.58057 4
      vertex 98.1522 7.76537 0
      vertex 98.1522 7.76537 4
    endloop
  endfacet
  facet normal 0.94158 -0.336788 0
    outer loop
      vertex 98.1522 7.76537 0
      vertex 98.0861 7.58057 4
      vertex 98.0861 7.58057 0
    endloop
  endfacet
  facet normal 0.242919 -0.970047 0
    outer loop
      vertex 99.4194 8.91388 0
      vertex 99.6098 8.96156 4
      vertex 99.4194 8.91388 4
    endloop
  endfacet
  facet normal 0.242919 -0.970047 0
    outer loop
      vertex 99.6098 8.96156 4
      vertex 99.4194 8.91388 0
      vertex 99.6098 8.96156 0
    endloop
  endfacet
  facet normal 0.595541 -0.803325 0
    outer loop
      vertex 98.7312 8.54602 0
      vertex 98.8889 8.66293 4
      vertex 98.7312 8.54602 4
    endloop
  endfacet
  facet normal 0.595541 -0.803325 0
    outer loop
      vertex 98.8889 8.66293 4
      vertex 98.7312 8.54602 0
      vertex 98.8889 8.66293 0
    endloop
  endfacet
  facet normal -0.672678 -0.739935 0
    outer loop
      vertex 109.269 8.54602 0
      vertex 109.414 8.4142 4.1
      vertex 109.269 8.54602 4.1
    endloop
  endfacet
  facet normal -0.672678 -0.739935 -0
    outer loop
      vertex 109.414 8.4142 4.1
      vertex 109.269 8.54602 0
      vertex 109.414 8.4142 0
    endloop
  endfacet
  facet normal -0.146844 -0.98916 0
    outer loop
      vertex 108.196 8.99036 0
      vertex 108.39 8.96156 4.1
      vertex 108.196 8.99036 4.1
    endloop
  endfacet
  facet normal -0.146844 -0.98916 -0
    outer loop
      vertex 108.39 8.96156 4.1
      vertex 108.196 8.99036 0
      vertex 108.39 8.96156 0
    endloop
  endfacet
  facet normal 0.146696 -0.989182 0
    outer loop
      vertex 99.6098 8.96156 0
      vertex 99.804 8.99036 4
      vertex 99.6098 8.96156 4
    endloop
  endfacet
  facet normal 0.146696 -0.989182 0
    outer loop
      vertex 99.804 8.99036 4
      vertex 99.6098 8.96156 0
      vertex 99.804 8.99036 0
    endloop
  endfacet
  facet normal 0.0491243 -0.998793 0
    outer loop
      vertex 99.804 8.99036 0
      vertex 100 9 4
      vertex 99.804 8.99036 4
    endloop
  endfacet
  facet normal 0.0491243 -0.998793 0
    outer loop
      vertex 100 9 4
      vertex 99.804 8.99036 0
      vertex 100 9 0
    endloop
  endfacet
  facet normal 0 -1 0
    outer loop
      vertex 100 9 4
      vertex 100 9 0
      vertex 105 9 4
    endloop
  endfacet
  facet normal 0 -1 0
    outer loop
      vertex 105 9 4
      vertex 108 9 4.1
      vertex 105 9 4.1
    endloop
  endfacet
  facet normal 0 -1 0
    outer loop
      vertex 108 9 0
      vertex 105 9 4
      vertex 100 9 0
    endloop
  endfacet
  facet normal 0 -1 0
    outer loop
      vertex 105 9 4
      vertex 108 9 0
      vertex 108 9 4.1
    endloop
  endfacet
  facet normal -0.0491243 -0.998793 0
    outer loop
      vertex 108 9 0
      vertex 108.196 8.99036 4.1
      vertex 108 9 4.1
    endloop
  endfacet
  facet normal -0.0491243 -0.998793 -0
    outer loop
      vertex 108.196 8.99036 4.1
      vertex 108 9 0
      vertex 108.196 8.99036 0
    endloop
  endfacet
  facet normal -0.969661 -0.244452 0
    outer loop
      vertex 109.962 7.39017 0
      vertex 109.914 7.58057 4
      vertex 109.914 7.58057 0
    endloop
  endfacet
  facet normal -0.969661 -0.244452 0
    outer loop
      vertex 109.914 7.58057 4
      vertex 109.962 7.39017 0
      vertex 109.962 7.39017 4
    endloop
  endfacet
  facet normal -0.989759 0.142749 0
    outer loop
      vertex 109.962 4.60982 0
      vertex 109.99 4.80396 4
      vertex 109.99 4.80396 0
    endloop
  endfacet
  facet normal -0.989759 0.142749 0
    outer loop
      vertex 109.99 4.80396 4
      vertex 109.962 4.60982 0
      vertex 109.962 4.60982 4
    endloop
  endfacet
  facet normal -0.0490735 0.998795 0
    outer loop
      vertex 108.196 3.00963 0
      vertex 108 3 4
      vertex 108.196 3.00963 4
    endloop
  endfacet
  facet normal -0.0490735 0.998795 0
    outer loop
      vertex 108 3 4
      vertex 108.196 3.00963 0
      vertex 108 3 0
    endloop
  endfacet
  facet normal 0.857529 0.514436 0
    outer loop
      vertex 98.3371 3.88885 4
      vertex 98.2361 4.05721 0
      vertex 98.2361 4.05721 4
    endloop
  endfacet
  facet normal 0.857529 0.514436 0
    outer loop
      vertex 98.2361 4.05721 0
      vertex 98.3371 3.88885 4
      vertex 98.3371 3.88885 0
    endloop
  endfacet
  facet normal 1 -0 0
    outer loop
      vertex 98 5 4
      vertex 98 7 0
      vertex 98 7 4
    endloop
  endfacet
  facet normal 1 0 0
    outer loop
      vertex 98 7 0
      vertex 98 5 4
      vertex 98 5 0
    endloop
  endfacet
  facet normal 0.740954 -0.671556 0
    outer loop
      vertex 98.454 8.26878 4
      vertex 98.5858 8.4142 0
      vertex 98.5858 8.4142 4
    endloop
  endfacet
  facet normal 0.740954 -0.671556 0
    outer loop
      vertex 98.5858 8.4142 0
      vertex 98.454 8.26878 4
      vertex 98.454 8.26878 0
    endloop
  endfacet
  facet normal 0.671663 -0.740857 0
    outer loop
      vertex 98.5858 8.4142 0
      vertex 98.7312 8.54602 4
      vertex 98.5858 8.4142 4
    endloop
  endfacet
  facet normal 0.671663 -0.740857 0
    outer loop
      vertex 98.7312 8.54602 4
      vertex 98.5858 8.4142 0
      vertex 98.7312 8.54602 0
    endloop
  endfacet
  facet normal 0.42758 -0.903977 0
    outer loop
      vertex 99.0572 8.76384 0
      vertex 99.2346 8.84775 4
      vertex 99.0572 8.76384 4
    endloop
  endfacet
  facet normal 0.42758 -0.903977 0
    outer loop
      vertex 99.2346 8.84775 4
      vertex 99.0572 8.76384 0
      vertex 99.2346 8.84775 0
    endloop
  endfacet
  facet normal 0.514233 -0.85765 0
    outer loop
      vertex 98.8889 8.66293 0
      vertex 99.0572 8.76384 4
      vertex 98.8889 8.66293 4
    endloop
  endfacet
  facet normal 0.514233 -0.85765 0
    outer loop
      vertex 99.0572 8.76384 4
      vertex 98.8889 8.66293 0
      vertex 99.0572 8.76384 0
    endloop
  endfacet
  facet normal -0.941742 -0.336336 0
    outer loop
      vertex 109.914 7.58057 0
      vertex 109.848 7.76537 4
      vertex 109.848 7.76537 0
    endloop
  endfacet
  facet normal -0.941742 -0.336336 0
    outer loop
      vertex 109.848 7.76537 4
      vertex 109.914 7.58057 0
      vertex 109.914 7.58057 4
    endloop
  endfacet
  facet normal -0.803015 -0.595958 0
    outer loop
      vertex 109.663 8.11113 0
      vertex 109.546 8.26878 4.1
      vertex 109.546 8.26878 0
    endloop
  endfacet
  facet normal -0.803015 -0.595958 0
    outer loop
      vertex 109.546 8.26878 4.1
      vertex 109.663 8.11113 0
      vertex 109.663 8.11113 4.1
    endloop
  endfacet
  facet normal -0.426401 -0.904534 0
    outer loop
      vertex 108.765 8.84775 0
      vertex 108.943 8.76384 4.1
      vertex 108.765 8.84775 4.1
    endloop
  endfacet
  facet normal -0.426401 -0.904534 -0
    outer loop
      vertex 108.943 8.76384 4.1
      vertex 108.765 8.84775 0
      vertex 108.943 8.76384 0
    endloop
  endfacet
  facet normal -0.338221 -0.941067 0
    outer loop
      vertex 108.581 8.91388 0
      vertex 108.765 8.84775 4.1
      vertex 108.581 8.91388 4.1
    endloop
  endfacet
  facet normal -0.338221 -0.941067 -0
    outer loop
      vertex 108.765 8.84775 4.1
      vertex 108.581 8.91388 0
      vertex 108.765 8.84775 0
    endloop
  endfacet
  facet normal -0.242249 0.970214 0
    outer loop
      vertex 108.581 3.08611 0
      vertex 108.39 3.03842 4
      vertex 108.581 3.08611 4
    endloop
  endfacet
  facet normal -0.242249 0.970214 0
    outer loop
      vertex 108.39 3.03842 4
      vertex 108.581 3.08611 0
      vertex 108.39 3.03842 0
    endloop
  endfacet
  facet normal -0.998702 0.0509438 0
    outer loop
      vertex 109.99 4.80396 0
      vertex 110 5 4
      vertex 110 5 0
    endloop
  endfacet
  facet normal -0.998702 0.0509438 0
    outer loop
      vertex 110 5 4
      vertex 109.99 4.80396 0
      vertex 109.99 4.80396 4
    endloop
  endfacet
  facet normal 0.336924 0.941532 -0
    outer loop
      vertex 99.4194 3.08611 0
      vertex 99.2346 3.15224 4
      vertex 99.4194 3.08611 4
    endloop
  endfacet
  facet normal 0.336924 0.941532 0
    outer loop
      vertex 99.2346 3.15224 4
      vertex 99.4194 3.08611 0
      vertex 99.2346 3.15224 0
    endloop
  endfacet
  facet normal 0 1 -0
    outer loop
      vertex 108 3 0
      vertex 100 3 4
      vertex 108 3 4
    endloop
  endfacet
  facet normal 0 1 0
    outer loop
      vertex 100 3 4
      vertex 108 3 0
      vertex 100 3 0
    endloop
  endfacet
  facet normal 0.904006 0.427519 0
    outer loop
      vertex 98.2361 4.05721 4
      vertex 98.1522 4.23462 0
      vertex 98.1522 4.23462 4
    endloop
  endfacet
  facet normal 0.904006 0.427519 0
    outer loop
      vertex 98.1522 4.23462 0
      vertex 98.2361 4.05721 4
      vertex 98.2361 4.05721 0
    endloop
  endfacet
  facet normal 0.998803 -0.0489135 0
    outer loop
      vertex 98 7 4
      vertex 98.0096 7.19603 0
      vertex 98.0096 7.19603 4
    endloop
  endfacet
  facet normal 0.998803 -0.0489135 0
    outer loop
      vertex 98.0096 7.19603 0
      vertex 98 7 4
      vertex 98 7 0
    endloop
  endfacet
  facet normal 0.989175 -0.146741 0
    outer loop
      vertex 98.0096 7.19603 4
      vertex 98.0384 7.39017 0
      vertex 98.0384 7.39017 4
    endloop
  endfacet
  facet normal 0.989175 -0.146741 0
    outer loop
      vertex 98.0384 7.39017 0
      vertex 98.0096 7.19603 4
      vertex 98.0096 7.19603 0
    endloop
  endfacet
  facet normal 0.857515 -0.514458 0
    outer loop
      vertex 98.2361 7.94278 4
      vertex 98.3371 8.11113 0
      vertex 98.3371 8.11113 4
    endloop
  endfacet
  facet normal 0.857515 -0.514458 0
    outer loop
      vertex 98.3371 8.11113 0
      vertex 98.2361 7.94278 4
      vertex 98.2361 7.94278 0
    endloop
  endfacet
  facet normal 0.803259 -0.59563 0
    outer loop
      vertex 98.3371 8.11113 4
      vertex 98.454 8.26878 0
      vertex 98.454 8.26878 4
    endloop
  endfacet
  facet normal 0.803259 -0.59563 0
    outer loop
      vertex 98.454 8.26878 0
      vertex 98.3371 8.11113 4
      vertex 98.3371 8.11113 0
    endloop
  endfacet
  facet normal 0.336924 -0.941532 0
    outer loop
      vertex 99.2346 8.84775 0
      vertex 99.4194 8.91388 4
      vertex 99.2346 8.84775 4
    endloop
  endfacet
  facet normal 0.336924 -0.941532 0
    outer loop
      vertex 99.4194 8.91388 4
      vertex 99.2346 8.84775 0
      vertex 99.4194 8.91388 0
    endloop
  endfacet
  facet normal -0.903809 -0.427935 0
    outer loop
      vertex 109.848 7.76537 0
      vertex 109.764 7.94278 4
      vertex 109.764 7.94278 0
    endloop
  endfacet
  facet normal -0.903809 -0.427935 0
    outer loop
      vertex 109.764 7.94278 4
      vertex 109.848 7.76537 0
      vertex 109.848 7.76537 4
    endloop
  endfacet
  facet normal -0.740447 -0.672115 0
    outer loop
      vertex 109.546 8.26878 0
      vertex 109.414 8.4142 4.1
      vertex 109.414 8.4142 0
    endloop
  endfacet
  facet normal -0.740447 -0.672115 0
    outer loop
      vertex 109.414 8.4142 4.1
      vertex 109.546 8.26878 0
      vertex 109.546 8.26878 4.1
    endloop
  endfacet
  facet normal -0.514908 -0.857245 0
    outer loop
      vertex 108.943 8.76384 0
      vertex 109.111 8.66293 4.1
      vertex 108.943 8.76384 4.1
    endloop
  endfacet
  facet normal -0.514908 -0.857245 -0
    outer loop
      vertex 109.111 8.66293 4.1
      vertex 108.943 8.76384 0
      vertex 109.111 8.66293 0
    endloop
  endfacet
  facet normal -0.59481 -0.803866 0
    outer loop
      vertex 109.111 8.66293 0
      vertex 109.269 8.54602 4.1
      vertex 109.111 8.66293 4.1
    endloop
  endfacet
  facet normal -0.59481 -0.803866 -0
    outer loop
      vertex 109.269 8.54602 4.1
      vertex 109.111 8.66293 0
      vertex 109.269 8.54602 0
    endloop
  endfacet
  facet normal -0.242201 -0.970226 0
    outer loop
      vertex 108.39 8.96156 0
      vertex 108.581 8.91388 4.1
      vertex 108.39 8.96156 4.1
    endloop
  endfacet
  facet normal -0.242201 -0.970226 -0
    outer loop
      vertex 108.581 8.91388 4.1
      vertex 108.39 8.96156 0
      vertex 108.581 8.91388 0
    endloop
  endfacet
  facet normal -0.998701 -0.0509464 0
    outer loop
      vertex 110 7 0
      vertex 109.99 7.19603 4
      vertex 109.99 7.19603 0
    endloop
  endfacet
  facet normal -0.998701 -0.0509464 0
    outer loop
      vertex 109.99 7.19603 4
      vertex 110 7 0
      vertex 110 7 4
    endloop
  endfacet
  facet normal -0.989759 -0.142749 0
    outer loop
      vertex 109.99 7.19603 0
      vertex 109.962 7.39017 4
      vertex 109.962 7.39017 0
    endloop
  endfacet
  facet normal -0.989759 -0.142749 0
    outer loop
      vertex 109.962 7.39017 4
      vertex 109.99 7.19603 0
      vertex 109.99 7.19603 4
    endloop
  endfacet
  facet normal -0.514871 0.857268 0
    outer loop
      vertex 109.111 3.33705 0
      vertex 108.943 3.23615 4
      vertex 109.111 3.33705 4
    endloop
  endfacet
  facet normal -0.514871 0.857268 0
    outer loop
      vertex 108.943 3.23615 4
      vertex 109.111 3.33705 0
      vertex 108.943 3.23615 0
    endloop
  endfacet
  facet normal -0.426401 0.904534 0
    outer loop
      vertex 108.943 3.23615 0
      vertex 108.765 3.15224 4
      vertex 108.943 3.23615 4
    endloop
  endfacet
  facet normal -0.426401 0.904534 0
    outer loop
      vertex 108.765 3.15224 4
      vertex 108.943 3.23615 0
      vertex 108.765 3.15224 0
    endloop
  endfacet
  facet normal -0.338221 0.941067 0
    outer loop
      vertex 108.765 3.15224 0
      vertex 108.581 3.08611 4
      vertex 108.765 3.15224 4
    endloop
  endfacet
  facet normal -0.338221 0.941067 0
    outer loop
      vertex 108.581 3.08611 4
      vertex 108.765 3.15224 0
      vertex 108.581 3.08611 0
    endloop
  endfacet
  facet normal -0.672678 0.739935 0
    outer loop
      vertex 109.414 3.58578 0
      vertex 109.269 3.45396 4
      vertex 109.414 3.58578 4
    endloop
  endfacet
  facet normal -0.672678 0.739935 0
    outer loop
      vertex 109.269 3.45396 4
      vertex 109.414 3.58578 0
      vertex 109.269 3.45396 0
    endloop
  endfacet
  facet normal -0.803015 0.595958 0
    outer loop
      vertex 109.546 3.7312 0
      vertex 109.663 3.88885 4
      vertex 109.663 3.88885 0
    endloop
  endfacet
  facet normal -0.803015 0.595958 0
    outer loop
      vertex 109.663 3.88885 4
      vertex 109.546 3.7312 0
      vertex 109.546 3.7312 4
    endloop
  endfacet
  facet normal -0.857529 0.514436 0
    outer loop
      vertex 109.663 3.88885 0
      vertex 109.764 4.05721 4
      vertex 109.764 4.05721 0
    endloop
  endfacet
  facet normal -0.857529 0.514436 0
    outer loop
      vertex 109.764 4.05721 4
      vertex 109.663 3.88885 0
      vertex 109.663 3.88885 4
    endloop
  endfacet
  facet normal 0.671663 0.740857 -0
    outer loop
      vertex 98.7312 3.45396 0
      vertex 98.5858 3.58578 4
      vertex 98.7312 3.45396 4
    endloop
  endfacet
  facet normal 0.671663 0.740857 0
    outer loop
      vertex 98.5858 3.58578 4
      vertex 98.7312 3.45396 0
      vertex 98.5858 3.58578 0
    endloop
  endfacet
  facet normal 0.740954 0.671556 0
    outer loop
      vertex 98.5858 3.58578 4
      vertex 98.454 3.7312 0
      vertex 98.454 3.7312 4
    endloop
  endfacet
  facet normal 0.740954 0.671556 0
    outer loop
      vertex 98.454 3.7312 0
      vertex 98.5858 3.58578 4
      vertex 98.5858 3.58578 0
    endloop
  endfacet
  facet normal 0.803259 0.59563 0
    outer loop
      vertex 98.454 3.7312 4
      vertex 98.3371 3.88885 0
      vertex 98.3371 3.88885 4
    endloop
  endfacet
  facet normal 0.803259 0.59563 0
    outer loop
      vertex 98.3371 3.88885 0
      vertex 98.454 3.7312 4
      vertex 98.454 3.7312 0
    endloop
  endfacet
  facet normal 0.242967 0.970035 -0
    outer loop
      vertex 99.6098 3.03842 0
      vertex 99.4194 3.08611 4
      vertex 99.6098 3.03842 4
    endloop
  endfacet
  facet normal 0.242967 0.970035 0
    outer loop
      vertex 99.4194 3.08611 4
      vertex 99.6098 3.03842 0
      vertex 99.4194 3.08611 0
    endloop
  endfacet
  facet normal 0.146646 0.989189 -0
    outer loop
      vertex 99.804 3.00963 0
      vertex 99.6098 3.03842 4
      vertex 99.804 3.00963 4
    endloop
  endfacet
  facet normal 0.146646 0.989189 0
    outer loop
      vertex 99.6098 3.03842 4
      vertex 99.804 3.00963 0
      vertex 99.6098 3.03842 0
    endloop
  endfacet
  facet normal -0.146794 0.989167 0
    outer loop
      vertex 108.39 3.03842 0
      vertex 108.196 3.00963 4
      vertex 108.39 3.03842 4
    endloop
  endfacet
  facet normal -0.146794 0.989167 0
    outer loop
      vertex 108.196 3.00963 4
      vertex 108.39 3.03842 0
      vertex 108.196 3.00963 0
    endloop
  endfacet
  facet normal -0.59481 0.803866 0
    outer loop
      vertex 109.269 3.45396 0
      vertex 109.111 3.33705 4
      vertex 109.269 3.45396 4
    endloop
  endfacet
  facet normal -0.59481 0.803866 0
    outer loop
      vertex 109.111 3.33705 4
      vertex 109.269 3.45396 0
      vertex 109.111 3.33705 0
    endloop
  endfacet
  facet normal -0.903809 0.427935 0
    outer loop
      vertex 109.764 4.05721 0
      vertex 109.848 4.23462 4
      vertex 109.848 4.23462 0
    endloop
  endfacet
  facet normal -0.903809 0.427935 0
    outer loop
      vertex 109.848 4.23462 4
      vertex 109.764 4.05721 0
      vertex 109.764 4.05721 4
    endloop
  endfacet
  facet normal 0.595541 0.803325 -0
    outer loop
      vertex 98.8889 3.33705 0
      vertex 98.7312 3.45396 4
      vertex 98.8889 3.33705 4
    endloop
  endfacet
  facet normal 0.595541 0.803325 0
    outer loop
      vertex 98.7312 3.45396 4
      vertex 98.8889 3.33705 0
      vertex 98.7312 3.45396 0
    endloop
  endfacet
  facet normal 0.42758 0.903977 -0
    outer loop
      vertex 99.2346 3.15224 0
      vertex 99.0572 3.23615 4
      vertex 99.2346 3.15224 4
    endloop
  endfacet
  facet normal 0.42758 0.903977 0
    outer loop
      vertex 99.0572 3.23615 4
      vertex 99.2346 3.15224 0
      vertex 99.0572 3.23615 0
    endloop
  endfacet
  facet normal 0.514196 0.857673 -0
    outer loop
      vertex 99.0572 3.23615 0
      vertex 98.8889 3.33705 4
      vertex 99.0572 3.23615 4
    endloop
  endfacet
  facet normal 0.514196 0.857673 0
    outer loop
      vertex 98.8889 3.33705 4
      vertex 99.0572 3.23615 0
      vertex 98.8889 3.33705 0
    endloop
  endfacet
  facet normal -0.740447 0.672115 0
    outer loop
      vertex 109.414 3.58578 0
      vertex 109.546 3.7312 4
      vertex 109.546 3.7312 0
    endloop
  endfacet
  facet normal -0.740447 0.672115 0
    outer loop
      vertex 109.546 3.7312 4
      vertex 109.414 3.58578 0
      vertex 109.414 3.58578 4
    endloop
  endfacet
  facet normal -0.941742 0.336336 0
    outer loop
      vertex 109.848 4.23462 0
      vertex 109.914 4.41942 4
      vertex 109.914 4.41942 0
    endloop
  endfacet
  facet normal -0.941742 0.336336 0
    outer loop
      vertex 109.914 4.41942 4
      vertex 109.848 4.23462 0
      vertex 109.848 4.23462 4
    endloop
  endfacet
  facet normal 0.970023 0.243015 0
    outer loop
      vertex 98.0861 92.4194 4.1
      vertex 98.0384 92.6098 0
      vertex 98.0384 92.6098 4.1
    endloop
  endfacet
  facet normal 0.970023 0.243015 0
    outer loop
      vertex 98.0384 92.6098 0
      vertex 98.0861 92.4194 4.1
      vertex 98.0861 92.4194 0
    endloop
  endfacet
  facet normal 0.94158 0.336788 0
    outer loop
      vertex 98.1522 92.2346 4.1
      vertex 98.0861 92.4194 0
      vertex 98.0861 92.4194 4.1
    endloop
  endfacet
  facet normal 0.94158 0.336788 0
    outer loop
      vertex 98.0861 92.4194 0
      vertex 98.1522 92.2346 4.1
      vertex 98.1522 92.2346 0
    endloop
  endfacet
  facet normal -1 0 0
    outer loop
      vertex 110 95 0
      vertex 110 93.4 4
      vertex 110 95 4
    endloop
  endfacet
  facet normal -1 0 0
    outer loop
      vertex 110 93 0
      vertex 110 93.4 4
      vertex 110 95 0
    endloop
  endfacet
  facet normal -1 0 0
    outer loop
      vertex 110 93 4.1
      vertex 110 93.4 4
      vertex 110 93 0
    endloop
  endfacet
  facet normal -1 0 0
    outer loop
      vertex 110 93.4 4
      vertex 110 93 4.1
      vertex 110 93.4 4.1
    endloop
  endfacet
  facet normal 0.903997 -0.427539 0
    outer loop
      vertex 98.1522 95.7654 4
      vertex 98.2361 95.9428 0
      vertex 98.2361 95.9428 4
    endloop
  endfacet
  facet normal 0.903997 -0.427539 0
    outer loop
      vertex 98.2361 95.9428 0
      vertex 98.1522 95.7654 4
      vertex 98.1522 95.7654 0
    endloop
  endfacet
  facet normal 0 0 -1
    outer loop
      vertex 108 91 4.1
      vertex 110 93 4.1
      vertex 109.99 92.804 4.1
    endloop
  endfacet
  facet normal 0 0 -1
    outer loop
      vertex 108 91 4.1
      vertex 109.99 92.804 4.1
      vertex 109.962 92.6098 4.1
    endloop
  endfacet
  facet normal 0 0 -1
    outer loop
      vertex 108 91 4.1
      vertex 109.962 92.6098 4.1
      vertex 109.914 92.4194 4.1
    endloop
  endfacet
  facet normal 0 0 -1
    outer loop
      vertex 109.764 92.0572 4.1
      vertex 109.914 92.4194 4.1
      vertex 109.848 92.2346 4.1
    endloop
  endfacet
  facet normal 0 0 -1
    outer loop
      vertex 109.663 91.8889 4.1
      vertex 109.914 92.4194 4.1
      vertex 109.764 92.0572 4.1
    endloop
  endfacet
  facet normal 0 0 -1
    outer loop
      vertex 109.546 91.7312 4.1
      vertex 109.914 92.4194 4.1
      vertex 109.663 91.8889 4.1
    endloop
  endfacet
  facet normal 0 0 -1
    outer loop
      vertex 109.414 91.5858 4.1
      vertex 109.914 92.4194 4.1
      vertex 109.546 91.7312 4.1
    endloop
  endfacet
  facet normal 0 0 -1
    outer loop
      vertex 109.269 91.454 4.1
      vertex 109.914 92.4194 4.1
      vertex 109.414 91.5858 4.1
    endloop
  endfacet
  facet normal 0 0 -1
    outer loop
      vertex 109.111 91.3371 4.1
      vertex 109.914 92.4194 4.1
      vertex 109.269 91.454 4.1
    endloop
  endfacet
  facet normal 0 0 -1
    outer loop
      vertex 108.943 91.2361 4.1
      vertex 109.914 92.4194 4.1
      vertex 109.111 91.3371 4.1
    endloop
  endfacet
  facet normal 0 0 -1
    outer loop
      vertex 108.765 91.1522 4.1
      vertex 109.914 92.4194 4.1
      vertex 108.943 91.2361 4.1
    endloop
  endfacet
  facet normal 0 0 -1
    outer loop
      vertex 108.581 91.0861 4.1
      vertex 109.914 92.4194 4.1
      vertex 108.765 91.1522 4.1
    endloop
  endfacet
  facet normal 0 0 -1
    outer loop
      vertex 108.39 91.0384 4.1
      vertex 109.914 92.4194 4.1
      vertex 108.581 91.0861 4.1
    endloop
  endfacet
  facet normal 0 0 -1
    outer loop
      vertex 108.196 91.0096 4.1
      vertex 109.914 92.4194 4.1
      vertex 108.39 91.0384 4.1
    endloop
  endfacet
  facet normal 0 0 -1
    outer loop
      vertex 108 91 4.1
      vertex 109.914 92.4194 4.1
      vertex 108.196 91.0096 4.1
    endloop
  endfacet
  facet normal -0 0 -1
    outer loop
      vertex 110 93 4.1
      vertex 108 91 4.1
      vertex 110 93.4 4.1
    endloop
  endfacet
  facet normal 0 0 -1
    outer loop
      vertex 105 92 4.1
      vertex 108 91 4.1
      vertex 105 91 4.1
    endloop
  endfacet
  facet normal 0 0 -1
    outer loop
      vertex 108 91 4.1
      vertex 105 92 4.1
      vertex 110 93.4 4.1
    endloop
  endfacet
  facet normal 0 0 -1
    outer loop
      vertex 98 93.4 4.1
      vertex 105 92 4.1
      vertex 98.2704 92 4.1
    endloop
  endfacet
  facet normal 0 0 -1
    outer loop
      vertex 98.1522 92.2346 4.1
      vertex 98.2704 92 4.1
      vertex 98.2361 92.0572 4.1
    endloop
  endfacet
  facet normal 0 0 -1
    outer loop
      vertex 98.2704 92 4.1
      vertex 98.1522 92.2346 4.1
      vertex 98 93 4.1
    endloop
  endfacet
  facet normal 0 0 -1
    outer loop
      vertex 98 93 4.1
      vertex 98.1522 92.2346 4.1
      vertex 98.0861 92.4194 4.1
    endloop
  endfacet
  facet normal 0 0 -1
    outer loop
      vertex 98 93 4.1
      vertex 98.0861 92.4194 4.1
      vertex 98.0384 92.6098 4.1
    endloop
  endfacet
  facet normal 0 0 -1
    outer loop
      vertex 98 93 4.1
      vertex 98.0384 92.6098 4.1
      vertex 98.0096 92.804 4.1
    endloop
  endfacet
  facet normal 0 0 -1
    outer loop
      vertex 98.2704 92 4.1
      vertex 98 93 4.1
      vertex 98 93.4 4.1
    endloop
  endfacet
  facet normal 0 0 -1
    outer loop
      vertex 105 92 4.1
      vertex 98 93.4 4.1
      vertex 110 93.4 4.1
    endloop
  endfacet
  facet normal -0.740401 0.672166 0
    outer loop
      vertex 109.414 91.5858 0
      vertex 109.546 91.7312 4.1
      vertex 109.546 91.7312 0
    endloop
  endfacet
  facet normal -0.740401 0.672166 0
    outer loop
      vertex 109.546 91.7312 4.1
      vertex 109.414 91.5858 0
      vertex 109.414 91.5858 4.1
    endloop
  endfacet
  facet normal -0.969661 0.244452 0
    outer loop
      vertex 109.914 92.4194 0
      vertex 109.962 92.6098 4.1
      vertex 109.962 92.6098 0
    endloop
  endfacet
  facet normal -0.969661 0.244452 0
    outer loop
      vertex 109.962 92.6098 4.1
      vertex 109.914 92.4194 0
      vertex 109.914 92.4194 4.1
    endloop
  endfacet
  facet normal 0.0489209 0.998803 -0
    outer loop
      vertex 100 91 0
      vertex 99.804 91.0096 4
      vertex 100 91 4
    endloop
  endfacet
  facet normal 0.0489209 0.998803 0
    outer loop
      vertex 99.804 91.0096 4
      vertex 100 91 0
      vertex 99.804 91.0096 0
    endloop
  endfacet
  facet normal 0.998803 0.0489209 0
    outer loop
      vertex 98.0096 92.804 4.1
      vertex 98 93 0
      vertex 98 93 4.1
    endloop
  endfacet
  facet normal 0.998803 0.0489209 0
    outer loop
      vertex 98 93 0
      vertex 98.0096 92.804 4.1
      vertex 98.0096 92.804 0
    endloop
  endfacet
  facet normal 0.989182 0.146696 0
    outer loop
      vertex 98.0384 92.6098 4.1
      vertex 98.0096 92.804 0
      vertex 98.0096 92.804 4.1
    endloop
  endfacet
  facet normal 0.989182 0.146696 0
    outer loop
      vertex 98.0096 92.804 0
      vertex 98.0384 92.6098 4.1
      vertex 98.0384 92.6098 0
    endloop
  endfacet
  facet normal 0.970023 -0.243015 0
    outer loop
      vertex 98.0384 95.3902 4
      vertex 98.0861 95.5806 0
      vertex 98.0861 95.5806 4
    endloop
  endfacet
  facet normal 0.970023 -0.243015 0
    outer loop
      vertex 98.0861 95.5806 0
      vertex 98.0384 95.3902 4
      vertex 98.0384 95.3902 0
    endloop
  endfacet
  facet normal 0.94158 -0.336788 0
    outer loop
      vertex 98.0861 95.5806 4
      vertex 98.1522 95.7654 0
      vertex 98.1522 95.7654 4
    endloop
  endfacet
  facet normal 0.94158 -0.336788 0
    outer loop
      vertex 98.1522 95.7654 0
      vertex 98.0861 95.5806 4
      vertex 98.0861 95.5806 0
    endloop
  endfacet
  facet normal 0.595508 -0.80335 0
    outer loop
      vertex 98.7312 96.546 0
      vertex 98.8889 96.6629 4
      vertex 98.7312 96.546 4
    endloop
  endfacet
  facet normal 0.595508 -0.80335 0
    outer loop
      vertex 98.8889 96.6629 4
      vertex 98.7312 96.546 0
      vertex 98.8889 96.6629 0
    endloop
  endfacet
  facet normal -0.672622 -0.739986 0
    outer loop
      vertex 109.269 96.546 0
      vertex 109.414 96.4142 4
      vertex 109.269 96.546 4
    endloop
  endfacet
  facet normal -0.672622 -0.739986 -0
    outer loop
      vertex 109.414 96.4142 4
      vertex 109.269 96.546 0
      vertex 109.414 96.4142 0
    endloop
  endfacet
  facet normal -0.146844 -0.98916 0
    outer loop
      vertex 108.196 96.9904 0
      vertex 108.39 96.9616 4
      vertex 108.196 96.9904 4
    endloop
  endfacet
  facet normal -0.146844 -0.98916 -0
    outer loop
      vertex 108.39 96.9616 4
      vertex 108.196 96.9904 0
      vertex 108.39 96.9616 0
    endloop
  endfacet
  facet normal 0.146696 -0.989182 0
    outer loop
      vertex 99.6098 96.9616 0
      vertex 99.804 96.9904 4
      vertex 99.6098 96.9616 4
    endloop
  endfacet
  facet normal 0.146696 -0.989182 0
    outer loop
      vertex 99.804 96.9904 4
      vertex 99.6098 96.9616 0
      vertex 99.804 96.9904 0
    endloop
  endfacet
  facet normal 0.0489209 -0.998803 0
    outer loop
      vertex 99.804 96.9904 0
      vertex 100 97 4
      vertex 99.804 96.9904 4
    endloop
  endfacet
  facet normal 0.0489209 -0.998803 0
    outer loop
      vertex 100 97 4
      vertex 99.804 96.9904 0
      vertex 100 97 0
    endloop
  endfacet
  facet normal 0 -1 0
    outer loop
      vertex 100 97 0
      vertex 108 97 4
      vertex 100 97 4
    endloop
  endfacet
  facet normal 0 -1 -0
    outer loop
      vertex 108 97 4
      vertex 100 97 0
      vertex 108 97 0
    endloop
  endfacet
  facet normal -0.0489209 -0.998803 0
    outer loop
      vertex 108 97 0
      vertex 108.196 96.9904 4
      vertex 108 97 4
    endloop
  endfacet
  facet normal -0.0489209 -0.998803 -0
    outer loop
      vertex 108.196 96.9904 4
      vertex 108 97 0
      vertex 108.196 96.9904 0
    endloop
  endfacet
  facet normal -0.969661 -0.244452 0
    outer loop
      vertex 109.962 95.3902 0
      vertex 109.914 95.5806 4
      vertex 109.914 95.5806 0
    endloop
  endfacet
  facet normal -0.969661 -0.244452 0
    outer loop
      vertex 109.914 95.5806 4
      vertex 109.962 95.3902 0
      vertex 109.962 95.3902 4
    endloop
  endfacet
  facet normal -0.989765 0.142706 0
    outer loop
      vertex 109.962 92.6098 0
      vertex 109.99 92.804 4.1
      vertex 109.99 92.804 0
    endloop
  endfacet
  facet normal -0.989765 0.142706 0
    outer loop
      vertex 109.99 92.804 4.1
      vertex 109.962 92.6098 0
      vertex 109.962 92.6098 4.1
    endloop
  endfacet
  facet normal 0.336788 0.94158 -0
    outer loop
      vertex 99.4194 91.0861 0
      vertex 99.2346 91.1522 4
      vertex 99.4194 91.0861 4
    endloop
  endfacet
  facet normal 0.336788 0.94158 0
    outer loop
      vertex 99.2346 91.1522 4
      vertex 99.4194 91.0861 0
      vertex 99.2346 91.1522 0
    endloop
  endfacet
  facet normal -0.0489209 0.998803 0
    outer loop
      vertex 108.196 91.0096 0
      vertex 108 91 4.1
      vertex 108.196 91.0096 4.1
    endloop
  endfacet
  facet normal -0.0489209 0.998803 0
    outer loop
      vertex 108 91 4.1
      vertex 108.196 91.0096 0
      vertex 108 91 0
    endloop
  endfacet
  facet normal 0.903997 0.427539 0
    outer loop
      vertex 98.2361 92.0572 4.1
      vertex 98.1522 92.2346 0
      vertex 98.1522 92.2346 4.1
    endloop
  endfacet
  facet normal 0.903997 0.427539 0
    outer loop
      vertex 98.1522 92.2346 0
      vertex 98.2361 92.0572 4.1
      vertex 98.2361 92.0572 0
    endloop
  endfacet
  facet normal 0.80335 0.595508 0
    outer loop
      vertex 98.454 91.7312 4
      vertex 98.3371 91.8889 0
      vertex 98.3371 91.8889 4
    endloop
  endfacet
  facet normal 0.80335 0.595508 0
    outer loop
      vertex 98.3371 91.8889 0
      vertex 98.454 91.7312 4
      vertex 98.454 91.7312 0
    endloop
  endfacet
  facet normal 0.740908 0.671607 0
    outer loop
      vertex 98.5858 91.5858 4
      vertex 98.454 91.7312 0
      vertex 98.454 91.7312 4
    endloop
  endfacet
  facet normal 0.740908 0.671607 0
    outer loop
      vertex 98.454 91.7312 0
      vertex 98.5858 91.5858 4
      vertex 98.5858 91.5858 0
    endloop
  endfacet
  facet normal 1 0 0
    outer loop
      vertex 98 93.4 4.1
      vertex 98 93 4.1
      vertex 98 93.4 4
    endloop
  endfacet
  facet normal 1 -0 0
    outer loop
      vertex 98 93.4 4
      vertex 98 95 0
      vertex 98 95 4
    endloop
  endfacet
  facet normal 1 0 0
    outer loop
      vertex 98 93 0
      vertex 98 93.4 4
      vertex 98 93 4.1
    endloop
  endfacet
  facet normal 1 0 0
    outer loop
      vertex 98 93.4 4
      vertex 98 93 0
      vertex 98 95 0
    endloop
  endfacet
  facet normal 0.740908 -0.671607 0
    outer loop
      vertex 98.454 96.2688 4
      vertex 98.5858 96.4142 0
      vertex 98.5858 96.4142 4
    endloop
  endfacet
  facet normal 0.740908 -0.671607 0
    outer loop
      vertex 98.5858 96.4142 0
      vertex 98.454 96.2688 4
      vertex 98.454 96.2688 0
    endloop
  endfacet
  facet normal 0.671607 -0.740908 0
    outer loop
      vertex 98.5858 96.4142 0
      vertex 98.7312 96.546 4
      vertex 98.5858 96.4142 4
    endloop
  endfacet
  facet normal 0.671607 -0.740908 0
    outer loop
      vertex 98.7312 96.546 4
      vertex 98.5858 96.4142 0
      vertex 98.7312 96.546 0
    endloop
  endfacet
  facet normal 0.427539 -0.903997 0
    outer loop
      vertex 99.0572 96.7638 0
      vertex 99.2346 96.8477 4
      vertex 99.0572 96.7638 4
    endloop
  endfacet
  facet normal 0.427539 -0.903997 0
    outer loop
      vertex 99.2346 96.8477 4
      vertex 99.0572 96.7638 0
      vertex 99.2346 96.8477 0
    endloop
  endfacet
  facet normal 0.243015 -0.970023 0
    outer loop
      vertex 99.4194 96.9139 0
      vertex 99.6098 96.9616 4
      vertex 99.4194 96.9139 4
    endloop
  endfacet
  facet normal 0.243015 -0.970023 0
    outer loop
      vertex 99.6098 96.9616 4
      vertex 99.4194 96.9139 0
      vertex 99.6098 96.9616 0
    endloop
  endfacet
  facet normal 0.514196 -0.857673 0
    outer loop
      vertex 98.8889 96.6629 0
      vertex 99.0572 96.7638 4
      vertex 98.8889 96.6629 4
    endloop
  endfacet
  facet normal 0.514196 -0.857673 0
    outer loop
      vertex 99.0572 96.7638 4
      vertex 98.8889 96.6629 0
      vertex 99.0572 96.7638 0
    endloop
  endfacet
  facet normal -0.857448 -0.514571 0
    outer loop
      vertex 109.764 95.9428 0
      vertex 109.663 96.1111 4
      vertex 109.663 96.1111 0
    endloop
  endfacet
  facet normal -0.857448 -0.514571 0
    outer loop
      vertex 109.663 96.1111 4
      vertex 109.764 95.9428 0
      vertex 109.764 95.9428 4
    endloop
  endfacet
  facet normal -0.803106 -0.595836 0
    outer loop
      vertex 109.663 96.1111 0
      vertex 109.546 96.2688 4
      vertex 109.546 96.2688 0
    endloop
  endfacet
  facet normal -0.803106 -0.595836 0
    outer loop
      vertex 109.546 96.2688 4
      vertex 109.663 96.1111 0
      vertex 109.663 96.1111 4
    endloop
  endfacet
  facet normal -0.42636 -0.904554 0
    outer loop
      vertex 108.765 96.8477 0
      vertex 108.943 96.7638 4
      vertex 108.765 96.8477 4
    endloop
  endfacet
  facet normal -0.42636 -0.904554 -0
    outer loop
      vertex 108.943 96.7638 4
      vertex 108.765 96.8477 0
      vertex 108.943 96.7638 0
    endloop
  endfacet
  facet normal -0.338538 -0.940953 0
    outer loop
      vertex 108.581 96.9139 0
      vertex 108.765 96.8477 4
      vertex 108.581 96.9139 4
    endloop
  endfacet
  facet normal -0.338538 -0.940953 -0
    outer loop
      vertex 108.765 96.8477 4
      vertex 108.581 96.9139 0
      vertex 108.765 96.8477 0
    endloop
  endfacet
  facet normal -0.242297 0.970202 0
    outer loop
      vertex 108.581 91.0861 0
      vertex 108.39 91.0384 4.1
      vertex 108.581 91.0861 4.1
    endloop
  endfacet
  facet normal -0.242297 0.970202 0
    outer loop
      vertex 108.39 91.0384 4.1
      vertex 108.581 91.0861 0
      vertex 108.39 91.0384 0
    endloop
  endfacet
  facet normal -0.515246 0.857042 0
    outer loop
      vertex 109.111 91.3371 0
      vertex 108.943 91.2361 4.1
      vertex 109.111 91.3371 4.1
    endloop
  endfacet
  facet normal -0.515246 0.857042 0
    outer loop
      vertex 108.943 91.2361 4.1
      vertex 109.111 91.3371 0
      vertex 108.943 91.2361 0
    endloop
  endfacet
  facet normal -0.9038 0.427955 0
    outer loop
      vertex 109.764 92.0572 0
      vertex 109.848 92.2346 4.1
      vertex 109.848 92.2346 0
    endloop
  endfacet
  facet normal -0.9038 0.427955 0
    outer loop
      vertex 109.848 92.2346 4.1
      vertex 109.764 92.0572 0
      vertex 109.764 92.0572 4.1
    endloop
  endfacet
  facet normal -0.803106 0.595836 0
    outer loop
      vertex 109.546 91.7312 0
      vertex 109.663 91.8889 4.1
      vertex 109.663 91.8889 0
    endloop
  endfacet
  facet normal -0.803106 0.595836 0
    outer loop
      vertex 109.663 91.8889 4.1
      vertex 109.546 91.7312 0
      vertex 109.546 91.7312 4.1
    endloop
  endfacet
  facet normal -0.998701 0.0509541 0
    outer loop
      vertex 109.99 92.804 0
      vertex 110 93 4.1
      vertex 110 93 0
    endloop
  endfacet
  facet normal -0.998701 0.0509541 0
    outer loop
      vertex 110 93 4.1
      vertex 109.99 92.804 0
      vertex 109.99 92.804 4.1
    endloop
  endfacet
  facet normal 0 1 0
    outer loop
      vertex 108 91 4.1
      vertex 105 91 4
      vertex 105 91 4.1
    endloop
  endfacet
  facet normal 0 1 -0
    outer loop
      vertex 108 91 0
      vertex 105 91 4
      vertex 108 91 4.1
    endloop
  endfacet
  facet normal 0 1 0
    outer loop
      vertex 100 91 0
      vertex 105 91 4
      vertex 108 91 0
    endloop
  endfacet
  facet normal 0 1 0
    outer loop
      vertex 105 91 4
      vertex 100 91 0
      vertex 100 91 4
    endloop
  endfacet
  facet normal 0.998803 -0.0489209 0
    outer loop
      vertex 98 95 4
      vertex 98.0096 95.196 0
      vertex 98.0096 95.196 4
    endloop
  endfacet
  facet normal 0.998803 -0.0489209 0
    outer loop
      vertex 98.0096 95.196 0
      vertex 98 95 4
      vertex 98 95 0
    endloop
  endfacet
  facet normal 0.989182 -0.146696 0
    outer loop
      vertex 98.0096 95.196 4
      vertex 98.0384 95.3902 0
      vertex 98.0384 95.3902 4
    endloop
  endfacet
  facet normal 0.989182 -0.146696 0
    outer loop
      vertex 98.0384 95.3902 0
      vertex 98.0096 95.196 4
      vertex 98.0096 95.196 0
    endloop
  endfacet
  facet normal 0.857448 -0.514571 0
    outer loop
      vertex 98.2361 95.9428 4
      vertex 98.3371 96.1111 0
      vertex 98.3371 96.1111 4
    endloop
  endfacet
  facet normal 0.857448 -0.514571 0
    outer loop
      vertex 98.3371 96.1111 0
      vertex 98.2361 95.9428 4
      vertex 98.2361 95.9428 0
    endloop
  endfacet
  facet normal 0.80335 -0.595508 0
    outer loop
      vertex 98.3371 96.1111 4
      vertex 98.454 96.2688 0
      vertex 98.454 96.2688 4
    endloop
  endfacet
  facet normal 0.80335 -0.595508 0
    outer loop
      vertex 98.454 96.2688 0
      vertex 98.3371 96.1111 4
      vertex 98.3371 96.1111 0
    endloop
  endfacet
  facet normal 0.33724 -0.941419 0
    outer loop
      vertex 99.2346 96.8477 0
      vertex 99.4194 96.9139 4
      vertex 99.2346 96.8477 4
    endloop
  endfacet
  facet normal 0.33724 -0.941419 0
    outer loop
      vertex 99.4194 96.9139 4
      vertex 99.2346 96.8477 0
      vertex 99.4194 96.9139 0
    endloop
  endfacet
  facet normal -0.9038 -0.427955 0
    outer loop
      vertex 109.848 95.7654 0
      vertex 109.764 95.9428 4
      vertex 109.764 95.9428 0
    endloop
  endfacet
  facet normal -0.9038 -0.427955 0
    outer loop
      vertex 109.764 95.9428 4
      vertex 109.848 95.7654 0
      vertex 109.848 95.7654 4
    endloop
  endfacet
  facet normal -0.941742 -0.336336 0
    outer loop
      vertex 109.914 95.5806 0
      vertex 109.848 95.7654 4
      vertex 109.848 95.7654 0
    endloop
  endfacet
  facet normal -0.941742 -0.336336 0
    outer loop
      vertex 109.848 95.7654 4
      vertex 109.914 95.5806 0
      vertex 109.914 95.5806 4
    endloop
  endfacet
  facet normal -0.740401 -0.672166 0
    outer loop
      vertex 109.546 96.2688 0
      vertex 109.414 96.4142 4
      vertex 109.414 96.4142 0
    endloop
  endfacet
  facet normal -0.740401 -0.672166 0
    outer loop
      vertex 109.414 96.4142 4
      vertex 109.546 96.2688 0
      vertex 109.546 96.2688 4
    endloop
  endfacet
  facet normal -0.514871 -0.857268 0
    outer loop
      vertex 108.943 96.7638 0
      vertex 109.111 96.6629 4
      vertex 108.943 96.7638 4
    endloop
  endfacet
  facet normal -0.514871 -0.857268 -0
    outer loop
      vertex 109.111 96.6629 4
      vertex 108.943 96.7638 0
      vertex 109.111 96.6629 0
    endloop
  endfacet
  facet normal -0.594777 -0.803891 0
    outer loop
      vertex 109.111 96.6629 0
      vertex 109.269 96.546 4
      vertex 109.111 96.6629 4
    endloop
  endfacet
  facet normal -0.594777 -0.803891 -0
    outer loop
      vertex 109.269 96.546 4
      vertex 109.111 96.6629 0
      vertex 109.269 96.546 0
    endloop
  endfacet
  facet normal -0.242297 -0.970202 0
    outer loop
      vertex 108.39 96.9616 0
      vertex 108.581 96.9139 4
      vertex 108.39 96.9616 4
    endloop
  endfacet
  facet normal -0.242297 -0.970202 -0
    outer loop
      vertex 108.581 96.9139 4
      vertex 108.39 96.9616 0
      vertex 108.581 96.9139 0
    endloop
  endfacet
  facet normal -0.989765 -0.142706 0
    outer loop
      vertex 109.99 95.196 0
      vertex 109.962 95.3902 4
      vertex 109.962 95.3902 0
    endloop
  endfacet
  facet normal -0.989765 -0.142706 0
    outer loop
      vertex 109.962 95.3902 4
      vertex 109.99 95.196 0
      vertex 109.99 95.196 4
    endloop
  endfacet
  facet normal -0.998701 -0.0509541 0
    outer loop
      vertex 110 95 0
      vertex 109.99 95.196 4
      vertex 109.99 95.196 0
    endloop
  endfacet
  facet normal -0.998701 -0.0509541 0
    outer loop
      vertex 109.99 95.196 4
      vertex 110 95 0
      vertex 110 95 4
    endloop
  endfacet
  facet normal -0.338085 0.941115 0
    outer loop
      vertex 108.765 91.1522 0
      vertex 108.581 91.0861 4.1
      vertex 108.765 91.1522 4.1
    endloop
  endfacet
  facet normal -0.338085 0.941115 0
    outer loop
      vertex 108.581 91.0861 4.1
      vertex 108.765 91.1522 0
      vertex 108.581 91.0861 0
    endloop
  endfacet
  facet normal -0.146844 0.98916 0
    outer loop
      vertex 108.39 91.0384 0
      vertex 108.196 91.0096 4.1
      vertex 108.39 91.0384 4.1
    endloop
  endfacet
  facet normal -0.146844 0.98916 0
    outer loop
      vertex 108.196 91.0096 4.1
      vertex 108.39 91.0384 0
      vertex 108.196 91.0096 0
    endloop
  endfacet
  facet normal -0.42636 0.904554 0
    outer loop
      vertex 108.943 91.2361 0
      vertex 108.765 91.1522 4.1
      vertex 108.943 91.2361 4.1
    endloop
  endfacet
  facet normal -0.42636 0.904554 0
    outer loop
      vertex 108.765 91.1522 4.1
      vertex 108.943 91.2361 0
      vertex 108.765 91.1522 0
    endloop
  endfacet
  facet normal 0.514571 0.857448 -0
    outer loop
      vertex 99.0572 91.2361 0
      vertex 98.8889 91.3371 4
      vertex 99.0572 91.2361 4
    endloop
  endfacet
  facet normal 0.514571 0.857448 0
    outer loop
      vertex 98.8889 91.3371 4
      vertex 99.0572 91.2361 0
      vertex 98.8889 91.3371 0
    endloop
  endfacet
  facet normal 0.857625 0.514275 -0
    outer loop
      vertex 98.2704 92 4
      vertex 98.2361 92.0572 4.1
      vertex 98.2704 92 4.1
    endloop
  endfacet
  facet normal 0.857625 0.514275 0
    outer loop
      vertex 98.2361 92.0572 4.1
      vertex 98.2704 92 4
      vertex 98.2361 92.0572 0
    endloop
  endfacet
  facet normal 0.857357 0.514723 -0
    outer loop
      vertex 98.3371 91.8889 0
      vertex 98.2704 92 4
      vertex 98.3371 91.8889 4
    endloop
  endfacet
  facet normal 0.857448 0.514571 5.74434e-06
    outer loop
      vertex 98.2704 92 4
      vertex 98.3371 91.8889 0
      vertex 98.2361 92.0572 0
    endloop
  endfacet
  facet normal 0.243015 0.970023 -0
    outer loop
      vertex 99.6098 91.0384 0
      vertex 99.4194 91.0861 4
      vertex 99.6098 91.0384 4
    endloop
  endfacet
  facet normal 0.243015 0.970023 0
    outer loop
      vertex 99.4194 91.0861 4
      vertex 99.6098 91.0384 0
      vertex 99.4194 91.0861 0
    endloop
  endfacet
  facet normal 0.146696 0.989182 -0
    outer loop
      vertex 99.804 91.0096 0
      vertex 99.6098 91.0384 4
      vertex 99.804 91.0096 4
    endloop
  endfacet
  facet normal 0.146696 0.989182 0
    outer loop
      vertex 99.6098 91.0384 4
      vertex 99.804 91.0096 0
      vertex 99.6098 91.0384 0
    endloop
  endfacet
  facet normal -0.672622 0.739986 0
    outer loop
      vertex 109.414 91.5858 0
      vertex 109.269 91.454 4.1
      vertex 109.414 91.5858 4.1
    endloop
  endfacet
  facet normal -0.672622 0.739986 0
    outer loop
      vertex 109.269 91.454 4.1
      vertex 109.414 91.5858 0
      vertex 109.269 91.454 0
    endloop
  endfacet
  facet normal -0.594777 0.803891 0
    outer loop
      vertex 109.269 91.454 0
      vertex 109.111 91.3371 4.1
      vertex 109.269 91.454 4.1
    endloop
  endfacet
  facet normal -0.594777 0.803891 0
    outer loop
      vertex 109.111 91.3371 4.1
      vertex 109.269 91.454 0
      vertex 109.111 91.3371 0
    endloop
  endfacet
  facet normal -0.857448 0.514571 0
    outer loop
      vertex 109.663 91.8889 0
      vertex 109.764 92.0572 4.1
      vertex 109.764 92.0572 0
    endloop
  endfacet
  facet normal -0.857448 0.514571 0
    outer loop
      vertex 109.764 92.0572 4.1
      vertex 109.663 91.8889 0
      vertex 109.663 91.8889 4.1
    endloop
  endfacet
  facet normal -0.941742 0.336336 0
    outer loop
      vertex 109.848 92.2346 0
      vertex 109.914 92.4194 4.1
      vertex 109.914 92.4194 0
    endloop
  endfacet
  facet normal -0.941742 0.336336 0
    outer loop
      vertex 109.914 92.4194 4.1
      vertex 109.848 92.2346 0
      vertex 109.848 92.2346 4.1
    endloop
  endfacet
  facet normal 0.427539 0.903997 -0
    outer loop
      vertex 99.2346 91.1522 0
      vertex 99.0572 91.2361 4
      vertex 99.2346 91.1522 4
    endloop
  endfacet
  facet normal 0.427539 0.903997 0
    outer loop
      vertex 99.0572 91.2361 4
      vertex 99.2346 91.1522 0
      vertex 99.0572 91.2361 0
    endloop
  endfacet
  facet normal 0.595508 0.80335 -0
    outer loop
      vertex 98.8889 91.3371 0
      vertex 98.7312 91.454 4
      vertex 98.8889 91.3371 4
    endloop
  endfacet
  facet normal 0.595508 0.80335 0
    outer loop
      vertex 98.7312 91.454 4
      vertex 98.8889 91.3371 0
      vertex 98.7312 91.454 0
    endloop
  endfacet
  facet normal 0.671607 0.740908 -0
    outer loop
      vertex 98.7312 91.454 0
      vertex 98.5858 91.5858 4
      vertex 98.7312 91.454 4
    endloop
  endfacet
  facet normal 0.671607 0.740908 0
    outer loop
      vertex 98.5858 91.5858 4
      vertex 98.7312 91.454 0
      vertex 98.5858 91.5858 0
    endloop
  endfacet
  facet normal 0.989189 0.146646 0
    outer loop
      vertex 3.03842 29.6098 4
      vertex 3.00963 29.804 0
      vertex 3.00963 29.804 4
    endloop
  endfacet
  facet normal 0.989189 0.146646 0
    outer loop
      vertex 3.00963 29.804 0
      vertex 3.03842 29.6098 4
      vertex 3.03842 29.6098 0
    endloop
  endfacet
  facet normal 0.998795 0.0490735 0
    outer loop
      vertex 3.00963 29.804 4
      vertex 3 30 0
      vertex 3 30 4
    endloop
  endfacet
  facet normal 0.998795 0.0490735 0
    outer loop
      vertex 3 30 0
      vertex 3.00963 29.804 4
      vertex 3.00963 29.804 0
    endloop
  endfacet
  facet normal 0.970035 0.242967 0
    outer loop
      vertex 3.08611 29.4194 4
      vertex 3.03842 29.6098 0
      vertex 3.03842 29.6098 4
    endloop
  endfacet
  facet normal 0.970035 0.242967 0
    outer loop
      vertex 3.03842 29.6098 0
      vertex 3.08611 29.4194 4
      vertex 3.08611 29.4194 0
    endloop
  endfacet
  facet normal 0.941532 0.336924 0
    outer loop
      vertex 3.15224 29.2346 4
      vertex 3.08611 29.4194 0
      vertex 3.08611 29.4194 4
    endloop
  endfacet
  facet normal 0.941532 0.336924 0
    outer loop
      vertex 3.08611 29.4194 0
      vertex 3.15224 29.2346 4
      vertex 3.15224 29.2346 0
    endloop
  endfacet
  facet normal 0.048911 0.998803 -0
    outer loop
      vertex 5 28 0
      vertex 4.80396 28.0096 4
      vertex 5 28 4
    endloop
  endfacet
  facet normal 0.048911 0.998803 0
    outer loop
      vertex 4.80396 28.0096 4
      vertex 5 28 0
      vertex 4.80396 28.0096 0
    endloop
  endfacet
  facet normal -1 0 0
    outer loop
      vertex 9 30 0
      vertex 9 42 4
      vertex 9 42 0
    endloop
  endfacet
  facet normal -1 -0 0
    outer loop
      vertex 9 42 4
      vertex 9 30 0
      vertex 9 30 4
    endloop
  endfacet
  facet normal 1 -0 0
    outer loop
      vertex 3 30 4
      vertex 3 42 0
      vertex 3 42 4
    endloop
  endfacet
  facet normal 1 0 0
    outer loop
      vertex 3 42 0
      vertex 3 30 4
      vertex 3 30 0
    endloop
  endfacet
  facet normal 0.998795 -0.0490735 0
    outer loop
      vertex 3 42 4
      vertex 3.00963 42.196 0
      vertex 3.00963 42.196 4
    endloop
  endfacet
  facet normal 0.998795 -0.0490735 0
    outer loop
      vertex 3.00963 42.196 0
      vertex 3 42 4
      vertex 3 42 0
    endloop
  endfacet
  facet normal -0.0489135 -0.998803 0
    outer loop
      vertex 7 44 0
      vertex 7.19603 43.9904 4
      vertex 7 44 4
    endloop
  endfacet
  facet normal -0.0489135 -0.998803 -0
    outer loop
      vertex 7.19603 43.9904 4
      vertex 7 44 0
      vertex 7.19603 43.9904 0
    endloop
  endfacet
  facet normal -0.970047 -0.242919 0
    outer loop
      vertex 8.96156 42.3902 0
      vertex 8.91388 42.5806 4
      vertex 8.91388 42.5806 0
    endloop
  endfacet
  facet normal -0.970047 -0.242919 0
    outer loop
      vertex 8.91388 42.5806 4
      vertex 8.96156 42.3902 0
      vertex 8.96156 42.3902 4
    endloop
  endfacet
  facet normal 0.740857 0.671663 0
    outer loop
      vertex 3.58578 28.5858 4
      vertex 3.45396 28.7312 0
      vertex 3.45396 28.7312 4
    endloop
  endfacet
  facet normal 0.740857 0.671663 0
    outer loop
      vertex 3.45396 28.7312 0
      vertex 3.58578 28.5858 4
      vertex 3.58578 28.5858 0
    endloop
  endfacet
  facet normal 0.970035 -0.242967 0
    outer loop
      vertex 3.03842 42.3902 4
      vertex 3.08611 42.5806 0
      vertex 3.08611 42.5806 4
    endloop
  endfacet
  facet normal 0.970035 -0.242967 0
    outer loop
      vertex 3.08611 42.5806 0
      vertex 3.03842 42.3902 4
      vertex 3.03842 42.3902 0
    endloop
  endfacet
  facet normal 0.941532 -0.336924 0
    outer loop
      vertex 3.08611 42.5806 4
      vertex 3.15224 42.7654 0
      vertex 3.15224 42.7654 4
    endloop
  endfacet
  facet normal 0.941532 -0.336924 0
    outer loop
      vertex 3.15224 42.7654 0
      vertex 3.08611 42.5806 4
      vertex 3.08611 42.5806 0
    endloop
  endfacet
  facet normal 0.989189 -0.146646 0
    outer loop
      vertex 3.00963 42.196 4
      vertex 3.03842 42.3902 0
      vertex 3.03842 42.3902 4
    endloop
  endfacet
  facet normal 0.989189 -0.146646 0
    outer loop
      vertex 3.03842 42.3902 0
      vertex 3.00963 42.196 4
      vertex 3.00963 42.196 0
    endloop
  endfacet
  facet normal -0.671556 -0.740954 0
    outer loop
      vertex 8.26878 43.546 0
      vertex 8.4142 43.4142 4
      vertex 8.26878 43.546 4
    endloop
  endfacet
  facet normal -0.671556 -0.740954 -0
    outer loop
      vertex 8.4142 43.4142 4
      vertex 8.26878 43.546 0
      vertex 8.4142 43.4142 0
    endloop
  endfacet
  facet normal 0.243015 -0.970023 0
    outer loop
      vertex 4.41942 43.9139 0
      vertex 4.60982 43.9616 4
      vertex 4.41942 43.9139 4
    endloop
  endfacet
  facet normal 0.243015 -0.970023 0
    outer loop
      vertex 4.60982 43.9616 4
      vertex 4.41942 43.9139 0
      vertex 4.60982 43.9616 0
    endloop
  endfacet
  facet normal 0 -1 0
    outer loop
      vertex 5 44 0
      vertex 7 44 4
      vertex 5 44 4
    endloop
  endfacet
  facet normal 0 -1 -0
    outer loop
      vertex 7 44 4
      vertex 5 44 0
      vertex 7 44 0
    endloop
  endfacet
  facet normal -0.998793 0.0491243 0
    outer loop
      vertex 8.99036 29.804 0
      vertex 9 30 4
      vertex 9 30 0
    endloop
  endfacet
  facet normal -0.998793 0.0491243 0
    outer loop
      vertex 9 30 4
      vertex 8.99036 29.804 0
      vertex 8.99036 29.804 4
    endloop
  endfacet
  facet normal -0.989182 0.146696 0
    outer loop
      vertex 8.96156 29.6098 0
      vertex 8.99036 29.804 4
      vertex 8.99036 29.804 0
    endloop
  endfacet
  facet normal -0.989182 0.146696 0
    outer loop
      vertex 8.99036 29.804 4
      vertex 8.96156 29.6098 0
      vertex 8.96156 29.6098 4
    endloop
  endfacet
  facet normal -0.0489135 0.998803 0
    outer loop
      vertex 7.19603 28.0096 0
      vertex 7 28 4
      vertex 7.19603 28.0096 4
    endloop
  endfacet
  facet normal -0.0489135 0.998803 0
    outer loop
      vertex 7 28 4
      vertex 7.19603 28.0096 0
      vertex 7 28 0
    endloop
  endfacet
  facet normal 0 1 -0
    outer loop
      vertex 7 28 0
      vertex 5 28 4
      vertex 7 28 4
    endloop
  endfacet
  facet normal 0 1 0
    outer loop
      vertex 5 28 4
      vertex 7 28 0
      vertex 5 28 0
    endloop
  endfacet
  facet normal 0.146741 0.989175 -0
    outer loop
      vertex 4.80396 28.0096 0
      vertex 4.60982 28.0384 4
      vertex 4.80396 28.0096 4
    endloop
  endfacet
  facet normal 0.146741 0.989175 0
    outer loop
      vertex 4.60982 28.0384 4
      vertex 4.80396 28.0096 0
      vertex 4.60982 28.0384 0
    endloop
  endfacet
  facet normal -0.85765 -0.514233 0
    outer loop
      vertex 8.76384 42.9428 0
      vertex 8.66293 43.1111 4
      vertex 8.66293 43.1111 0
    endloop
  endfacet
  facet normal -0.85765 -0.514233 0
    outer loop
      vertex 8.66293 43.1111 4
      vertex 8.76384 42.9428 0
      vertex 8.76384 42.9428 4
    endloop
  endfacet
  facet normal -0.243015 -0.970023 0
    outer loop
      vertex 7.39017 43.9616 0
      vertex 7.58057 43.9139 4
      vertex 7.39017 43.9616 4
    endloop
  endfacet
  facet normal -0.243015 -0.970023 -0
    outer loop
      vertex 7.58057 43.9139 4
      vertex 7.39017 43.9616 0
      vertex 7.58057 43.9139 0
    endloop
  endfacet
  facet normal -0.33724 -0.941419 0
    outer loop
      vertex 7.58057 43.9139 0
      vertex 7.76537 43.8477 4
      vertex 7.58057 43.9139 4
    endloop
  endfacet
  facet normal -0.33724 -0.941419 -0
    outer loop
      vertex 7.76537 43.8477 4
      vertex 7.58057 43.9139 0
      vertex 7.76537 43.8477 0
    endloop
  endfacet
  facet normal -0.803325 -0.595541 0
    outer loop
      vertex 8.66293 43.1111 0
      vertex 8.54602 43.2688 4
      vertex 8.54602 43.2688 0
    endloop
  endfacet
  facet normal -0.803325 -0.595541 0
    outer loop
      vertex 8.54602 43.2688 4
      vertex 8.66293 43.1111 0
      vertex 8.66293 43.1111 4
    endloop
  endfacet
  facet normal 0.59563 -0.803259 0
    outer loop
      vertex 3.7312 43.546 0
      vertex 3.88885 43.6629 4
      vertex 3.7312 43.546 4
    endloop
  endfacet
  facet normal 0.59563 -0.803259 0
    outer loop
      vertex 3.88885 43.6629 4
      vertex 3.7312 43.546 0
      vertex 3.88885 43.6629 0
    endloop
  endfacet
  facet normal 0.903977 -0.42758 0
    outer loop
      vertex 3.15224 42.7654 4
      vertex 3.23615 42.9428 0
      vertex 3.23615 42.9428 4
    endloop
  endfacet
  facet normal 0.903977 -0.42758 0
    outer loop
      vertex 3.23615 42.9428 0
      vertex 3.15224 42.7654 4
      vertex 3.15224 42.7654 0
    endloop
  endfacet
  facet normal -0.970047 0.242919 0
    outer loop
      vertex 8.91388 29.4194 0
      vertex 8.96156 29.6098 4
      vertex 8.96156 29.6098 0
    endloop
  endfacet
  facet normal -0.970047 0.242919 0
    outer loop
      vertex 8.96156 29.6098 4
      vertex 8.91388 29.4194 0
      vertex 8.91388 29.4194 4
    endloop
  endfacet
  facet normal -0.989182 -0.146696 0
    outer loop
      vertex 8.99036 42.196 0
      vertex 8.96156 42.3902 4
      vertex 8.96156 42.3902 0
    endloop
  endfacet
  facet normal -0.989182 -0.146696 0
    outer loop
      vertex 8.96156 42.3902 4
      vertex 8.99036 42.196 0
      vertex 8.99036 42.196 4
    endloop
  endfacet
  facet normal -0.998793 -0.0491243 0
    outer loop
      vertex 9 42 0
      vertex 8.99036 42.196 4
      vertex 8.99036 42.196 0
    endloop
  endfacet
  facet normal -0.998793 -0.0491243 0
    outer loop
      vertex 8.99036 42.196 4
      vertex 9 42 0
      vertex 9 42 4
    endloop
  endfacet
  facet normal -0.336788 0.94158 0
    outer loop
      vertex 7.76537 28.1522 0
      vertex 7.58057 28.0861 4
      vertex 7.76537 28.1522 4
    endloop
  endfacet
  facet normal -0.336788 0.94158 0
    outer loop
      vertex 7.58057 28.0861 4
      vertex 7.76537 28.1522 0
      vertex 7.58057 28.0861 0
    endloop
  endfacet
  facet normal -0.671556 0.740954 0
    outer loop
      vertex 8.4142 28.5858 0
      vertex 8.26878 28.454 4
      vertex 8.4142 28.5858 4
    endloop
  endfacet
  facet normal -0.671556 0.740954 0
    outer loop
      vertex 8.26878 28.454 4
      vertex 8.4142 28.5858 0
      vertex 8.26878 28.454 0
    endloop
  endfacet
  facet normal -0.803325 0.595541 0
    outer loop
      vertex 8.54602 28.7312 0
      vertex 8.66293 28.8889 4
      vertex 8.66293 28.8889 0
    endloop
  endfacet
  facet normal -0.803325 0.595541 0
    outer loop
      vertex 8.66293 28.8889 4
      vertex 8.54602 28.7312 0
      vertex 8.54602 28.7312 4
    endloop
  endfacet
  facet normal 0.803325 0.595541 0
    outer loop
      vertex 3.45396 28.7312 4
      vertex 3.33705 28.8889 0
      vertex 3.33705 28.8889 4
    endloop
  endfacet
  facet normal 0.803325 0.595541 0
    outer loop
      vertex 3.33705 28.8889 0
      vertex 3.45396 28.7312 4
      vertex 3.45396 28.7312 0
    endloop
  endfacet
  facet normal -0.146741 -0.989175 0
    outer loop
      vertex 7.19603 43.9904 0
      vertex 7.39017 43.9616 4
      vertex 7.19603 43.9904 4
    endloop
  endfacet
  facet normal -0.146741 -0.989175 -0
    outer loop
      vertex 7.39017 43.9616 4
      vertex 7.19603 43.9904 0
      vertex 7.39017 43.9616 0
    endloop
  endfacet
  facet normal -0.514084 -0.85774 0
    outer loop
      vertex 7.94278 43.7638 0
      vertex 8.11113 43.6629 4
      vertex 7.94278 43.7638 4
    endloop
  endfacet
  facet normal -0.514084 -0.85774 -0
    outer loop
      vertex 8.11113 43.6629 4
      vertex 7.94278 43.7638 0
      vertex 8.11113 43.6629 0
    endloop
  endfacet
  facet normal -0.59563 -0.803259 0
    outer loop
      vertex 8.11113 43.6629 0
      vertex 8.26878 43.546 4
      vertex 8.11113 43.6629 4
    endloop
  endfacet
  facet normal -0.59563 -0.803259 -0
    outer loop
      vertex 8.26878 43.546 4
      vertex 8.11113 43.6629 0
      vertex 8.26878 43.546 0
    endloop
  endfacet
  facet normal -0.427519 -0.904006 0
    outer loop
      vertex 7.76537 43.8477 0
      vertex 7.94278 43.7638 4
      vertex 7.76537 43.8477 4
    endloop
  endfacet
  facet normal -0.427519 -0.904006 -0
    outer loop
      vertex 7.94278 43.7638 4
      vertex 7.76537 43.8477 0
      vertex 7.94278 43.7638 0
    endloop
  endfacet
  facet normal -0.740857 -0.671663 0
    outer loop
      vertex 8.54602 43.2688 0
      vertex 8.4142 43.4142 4
      vertex 8.4142 43.4142 0
    endloop
  endfacet
  facet normal -0.740857 -0.671663 0
    outer loop
      vertex 8.4142 43.4142 4
      vertex 8.54602 43.2688 0
      vertex 8.54602 43.2688 4
    endloop
  endfacet
  facet normal -0.903977 -0.42758 0
    outer loop
      vertex 8.84775 42.7654 0
      vertex 8.76384 42.9428 4
      vertex 8.76384 42.9428 0
    endloop
  endfacet
  facet normal -0.903977 -0.42758 0
    outer loop
      vertex 8.76384 42.9428 4
      vertex 8.84775 42.7654 0
      vertex 8.84775 42.7654 4
    endloop
  endfacet
  facet normal -0.941532 -0.336924 0
    outer loop
      vertex 8.91388 42.5806 0
      vertex 8.84775 42.7654 4
      vertex 8.84775 42.7654 0
    endloop
  endfacet
  facet normal -0.941532 -0.336924 0
    outer loop
      vertex 8.84775 42.7654 4
      vertex 8.91388 42.5806 0
      vertex 8.91388 42.5806 4
    endloop
  endfacet
  facet normal 0.146741 -0.989175 0
    outer loop
      vertex 4.60982 43.9616 0
      vertex 4.80396 43.9904 4
      vertex 4.60982 43.9616 4
    endloop
  endfacet
  facet normal 0.146741 -0.989175 0
    outer loop
      vertex 4.80396 43.9904 4
      vertex 4.60982 43.9616 0
      vertex 4.80396 43.9904 0
    endloop
  endfacet
  facet normal 0.048911 -0.998803 0
    outer loop
      vertex 4.80396 43.9904 0
      vertex 5 44 4
      vertex 4.80396 43.9904 4
    endloop
  endfacet
  facet normal 0.048911 -0.998803 0
    outer loop
      vertex 5 44 4
      vertex 4.80396 43.9904 0
      vertex 5 44 0
    endloop
  endfacet
  facet normal 0.514061 -0.857754 0
    outer loop
      vertex 3.88885 43.6629 0
      vertex 4.05721 43.7638 4
      vertex 3.88885 43.6629 4
    endloop
  endfacet
  facet normal 0.514061 -0.857754 0
    outer loop
      vertex 4.05721 43.7638 4
      vertex 3.88885 43.6629 0
      vertex 4.05721 43.7638 0
    endloop
  endfacet
  facet normal 0.427519 -0.904006 0
    outer loop
      vertex 4.05721 43.7638 0
      vertex 4.23462 43.8477 4
      vertex 4.05721 43.7638 4
    endloop
  endfacet
  facet normal 0.427519 -0.904006 0
    outer loop
      vertex 4.23462 43.8477 4
      vertex 4.05721 43.7638 0
      vertex 4.23462 43.8477 0
    endloop
  endfacet
  facet normal 0.33724 -0.941419 0
    outer loop
      vertex 4.23462 43.8477 0
      vertex 4.41942 43.9139 4
      vertex 4.23462 43.8477 4
    endloop
  endfacet
  facet normal 0.33724 -0.941419 0
    outer loop
      vertex 4.41942 43.9139 4
      vertex 4.23462 43.8477 0
      vertex 4.41942 43.9139 0
    endloop
  endfacet
  facet normal 0.740857 -0.671663 0
    outer loop
      vertex 3.45396 43.2688 4
      vertex 3.58578 43.4142 0
      vertex 3.58578 43.4142 4
    endloop
  endfacet
  facet normal 0.740857 -0.671663 0
    outer loop
      vertex 3.58578 43.4142 0
      vertex 3.45396 43.2688 4
      vertex 3.45396 43.2688 0
    endloop
  endfacet
  facet normal 0.671556 -0.740954 0
    outer loop
      vertex 3.58578 43.4142 0
      vertex 3.7312 43.546 4
      vertex 3.58578 43.4142 4
    endloop
  endfacet
  facet normal 0.671556 -0.740954 0
    outer loop
      vertex 3.7312 43.546 4
      vertex 3.58578 43.4142 0
      vertex 3.7312 43.546 0
    endloop
  endfacet
  facet normal 0.857673 -0.514196 0
    outer loop
      vertex 3.23615 42.9428 4
      vertex 3.33705 43.1111 0
      vertex 3.33705 43.1111 4
    endloop
  endfacet
  facet normal 0.857673 -0.514196 0
    outer loop
      vertex 3.33705 43.1111 0
      vertex 3.23615 42.9428 4
      vertex 3.23615 42.9428 0
    endloop
  endfacet
  facet normal 0.803325 -0.595541 0
    outer loop
      vertex 3.33705 43.1111 4
      vertex 3.45396 43.2688 0
      vertex 3.45396 43.2688 4
    endloop
  endfacet
  facet normal 0.803325 -0.595541 0
    outer loop
      vertex 3.45396 43.2688 0
      vertex 3.33705 43.1111 4
      vertex 3.33705 43.1111 0
    endloop
  endfacet
  facet normal -0.146741 0.989175 0
    outer loop
      vertex 7.39017 28.0384 0
      vertex 7.19603 28.0096 4
      vertex 7.39017 28.0384 4
    endloop
  endfacet
  facet normal -0.146741 0.989175 0
    outer loop
      vertex 7.19603 28.0096 4
      vertex 7.39017 28.0384 0
      vertex 7.19603 28.0096 0
    endloop
  endfacet
  facet normal -0.427519 0.904006 0
    outer loop
      vertex 7.94278 28.2361 0
      vertex 7.76537 28.1522 4
      vertex 7.94278 28.2361 4
    endloop
  endfacet
  facet normal -0.427519 0.904006 0
    outer loop
      vertex 7.76537 28.1522 4
      vertex 7.94278 28.2361 0
      vertex 7.76537 28.1522 0
    endloop
  endfacet
  facet normal -0.514458 0.857515 0
    outer loop
      vertex 8.11113 28.3371 0
      vertex 7.94278 28.2361 4
      vertex 8.11113 28.3371 4
    endloop
  endfacet
  facet normal -0.514458 0.857515 0
    outer loop
      vertex 7.94278 28.2361 4
      vertex 8.11113 28.3371 0
      vertex 7.94278 28.2361 0
    endloop
  endfacet
  facet normal 0.243015 0.970023 -0
    outer loop
      vertex 4.60982 28.0384 0
      vertex 4.41942 28.0861 4
      vertex 4.60982 28.0384 4
    endloop
  endfacet
  facet normal 0.243015 0.970023 0
    outer loop
      vertex 4.41942 28.0861 4
      vertex 4.60982 28.0384 0
      vertex 4.41942 28.0861 0
    endloop
  endfacet
  facet normal 0.59563 0.803259 -0
    outer loop
      vertex 3.88885 28.3371 0
      vertex 3.7312 28.454 4
      vertex 3.88885 28.3371 4
    endloop
  endfacet
  facet normal 0.59563 0.803259 0
    outer loop
      vertex 3.7312 28.454 4
      vertex 3.88885 28.3371 0
      vertex 3.7312 28.454 0
    endloop
  endfacet
  facet normal 0.671556 0.740954 -0
    outer loop
      vertex 3.7312 28.454 0
      vertex 3.58578 28.5858 4
      vertex 3.7312 28.454 4
    endloop
  endfacet
  facet normal 0.671556 0.740954 0
    outer loop
      vertex 3.58578 28.5858 4
      vertex 3.7312 28.454 0
      vertex 3.58578 28.5858 0
    endloop
  endfacet
  facet normal -0.903977 0.42758 0
    outer loop
      vertex 8.76384 29.0572 0
      vertex 8.84775 29.2346 4
      vertex 8.84775 29.2346 0
    endloop
  endfacet
  facet normal -0.903977 0.42758 0
    outer loop
      vertex 8.84775 29.2346 4
      vertex 8.76384 29.0572 0
      vertex 8.76384 29.0572 4
    endloop
  endfacet
  facet normal -0.941532 0.336924 0
    outer loop
      vertex 8.84775 29.2346 0
      vertex 8.91388 29.4194 4
      vertex 8.91388 29.4194 0
    endloop
  endfacet
  facet normal -0.941532 0.336924 0
    outer loop
      vertex 8.91388 29.4194 4
      vertex 8.84775 29.2346 0
      vertex 8.84775 29.2346 4
    endloop
  endfacet
  facet normal -0.243015 0.970023 0
    outer loop
      vertex 7.58057 28.0861 0
      vertex 7.39017 28.0384 4
      vertex 7.58057 28.0861 4
    endloop
  endfacet
  facet normal -0.243015 0.970023 0
    outer loop
      vertex 7.39017 28.0384 4
      vertex 7.58057 28.0861 0
      vertex 7.39017 28.0384 0
    endloop
  endfacet
  facet normal -0.59563 0.803259 0
    outer loop
      vertex 8.26878 28.454 0
      vertex 8.11113 28.3371 4
      vertex 8.26878 28.454 4
    endloop
  endfacet
  facet normal -0.59563 0.803259 0
    outer loop
      vertex 8.11113 28.3371 4
      vertex 8.26878 28.454 0
      vertex 8.11113 28.3371 0
    endloop
  endfacet
  facet normal -0.740857 0.671663 0
    outer loop
      vertex 8.4142 28.5858 0
      vertex 8.54602 28.7312 4
      vertex 8.54602 28.7312 0
    endloop
  endfacet
  facet normal -0.740857 0.671663 0
    outer loop
      vertex 8.54602 28.7312 4
      vertex 8.4142 28.5858 0
      vertex 8.4142 28.5858 4
    endloop
  endfacet
  facet normal 0.514436 0.857529 -0
    outer loop
      vertex 4.05721 28.2361 0
      vertex 3.88885 28.3371 4
      vertex 4.05721 28.2361 4
    endloop
  endfacet
  facet normal 0.514436 0.857529 0
    outer loop
      vertex 3.88885 28.3371 4
      vertex 4.05721 28.2361 0
      vertex 3.88885 28.3371 0
    endloop
  endfacet
  facet normal 0.336788 0.94158 -0
    outer loop
      vertex 4.41942 28.0861 0
      vertex 4.23462 28.1522 4
      vertex 4.41942 28.0861 4
    endloop
  endfacet
  facet normal 0.336788 0.94158 0
    outer loop
      vertex 4.23462 28.1522 4
      vertex 4.41942 28.0861 0
      vertex 4.23462 28.1522 0
    endloop
  endfacet
  facet normal 0.427519 0.904006 -0
    outer loop
      vertex 4.23462 28.1522 0
      vertex 4.05721 28.2361 4
      vertex 4.23462 28.1522 4
    endloop
  endfacet
  facet normal 0.427519 0.904006 0
    outer loop
      vertex 4.05721 28.2361 4
      vertex 4.23462 28.1522 0
      vertex 4.05721 28.2361 0
    endloop
  endfacet
  facet normal 0.857673 0.514196 0
    outer loop
      vertex 3.33705 28.8889 4
      vertex 3.23615 29.0572 0
      vertex 3.23615 29.0572 4
    endloop
  endfacet
  facet normal 0.857673 0.514196 0
    outer loop
      vertex 3.23615 29.0572 0
      vertex 3.33705 28.8889 4
      vertex 3.33705 28.8889 0
    endloop
  endfacet
  facet normal 0.903977 0.42758 0
    outer loop
      vertex 3.23615 29.0572 4
      vertex 3.15224 29.2346 0
      vertex 3.15224 29.2346 4
    endloop
  endfacet
  facet normal 0.903977 0.42758 0
    outer loop
      vertex 3.15224 29.2346 0
      vertex 3.23615 29.0572 4
      vertex 3.23615 29.0572 0
    endloop
  endfacet
  facet normal -0.85765 0.514233 0
    outer loop
      vertex 8.66293 28.8889 0
      vertex 8.76384 29.0572 4
      vertex 8.76384 29.0572 0
    endloop
  endfacet
  facet normal -0.85765 0.514233 0
    outer loop
      vertex 8.76384 29.0572 4
      vertex 8.66293 28.8889 0
      vertex 8.66293 28.8889 4
    endloop
  endfacet
  facet normal 0.989189 0.146646 0
    outer loop
      vertex 3.03842 67.6098 4
      vertex 3.00963 67.804 0
      vertex 3.00963 67.804 4
    endloop
  endfacet
  facet normal 0.989189 0.146646 0
    outer loop
      vertex 3.00963 67.804 0
      vertex 3.03842 67.6098 4
      vertex 3.03842 67.6098 0
    endloop
  endfacet
  facet normal 0.998795 0.0490735 0
    outer loop
      vertex 3.00963 67.804 4
      vertex 3 68 0
      vertex 3 68 4
    endloop
  endfacet
  facet normal 0.998795 0.0490735 0
    outer loop
      vertex 3 68 0
      vertex 3.00963 67.804 4
      vertex 3.00963 67.804 0
    endloop
  endfacet
  facet normal 0.970035 0.242967 0
    outer loop
      vertex 3.08611 67.4194 4
      vertex 3.03842 67.6098 0
      vertex 3.03842 67.6098 4
    endloop
  endfacet
  facet normal 0.970035 0.242967 0
    outer loop
      vertex 3.03842 67.6098 0
      vertex 3.08611 67.4194 4
      vertex 3.08611 67.4194 0
    endloop
  endfacet
  facet normal 0.941532 0.336924 0
    outer loop
      vertex 3.15224 67.2346 4
      vertex 3.08611 67.4194 0
      vertex 3.08611 67.4194 4
    endloop
  endfacet
  facet normal 0.941532 0.336924 0
    outer loop
      vertex 3.08611 67.4194 0
      vertex 3.15224 67.2346 4
      vertex 3.15224 67.2346 0
    endloop
  endfacet
  facet normal 0.048911 0.998803 -0
    outer loop
      vertex 5 66 0
      vertex 4.80396 66.0096 4
      vertex 5 66 4
    endloop
  endfacet
  facet normal 0.048911 0.998803 0
    outer loop
      vertex 4.80396 66.0096 4
      vertex 5 66 0
      vertex 4.80396 66.0096 0
    endloop
  endfacet
  facet normal -1 0 0
    outer loop
      vertex 9 68 0
      vertex 9 80 4
      vertex 9 80 0
    endloop
  endfacet
  facet normal -1 -0 0
    outer loop
      vertex 9 80 4
      vertex 9 68 0
      vertex 9 68 4
    endloop
  endfacet
  facet normal 1 -0 0
    outer loop
      vertex 3 68 4
      vertex 3 80 0
      vertex 3 80 4
    endloop
  endfacet
  facet normal 1 0 0
    outer loop
      vertex 3 80 0
      vertex 3 68 4
      vertex 3 68 0
    endloop
  endfacet
  facet normal 0.998795 -0.0490735 0
    outer loop
      vertex 3 80 4
      vertex 3.00963 80.196 0
      vertex 3.00963 80.196 4
    endloop
  endfacet
  facet normal 0.998795 -0.0490735 0
    outer loop
      vertex 3.00963 80.196 0
      vertex 3 80 4
      vertex 3 80 0
    endloop
  endfacet
  facet normal -0.0489135 -0.998803 0
    outer loop
      vertex 7 82 0
      vertex 7.19603 81.9904 4
      vertex 7 82 4
    endloop
  endfacet
  facet normal -0.0489135 -0.998803 -0
    outer loop
      vertex 7.19603 81.9904 4
      vertex 7 82 0
      vertex 7.19603 81.9904 0
    endloop
  endfacet
  facet normal -0.970047 -0.242919 0
    outer loop
      vertex 8.96156 80.3902 0
      vertex 8.91388 80.5806 4
      vertex 8.91388 80.5806 0
    endloop
  endfacet
  facet normal -0.970047 -0.242919 0
    outer loop
      vertex 8.91388 80.5806 4
      vertex 8.96156 80.3902 0
      vertex 8.96156 80.3902 4
    endloop
  endfacet
  facet normal 0.740857 0.671663 0
    outer loop
      vertex 3.58578 66.5858 4
      vertex 3.45396 66.7312 0
      vertex 3.45396 66.7312 4
    endloop
  endfacet
  facet normal 0.740857 0.671663 0
    outer loop
      vertex 3.45396 66.7312 0
      vertex 3.58578 66.5858 4
      vertex 3.58578 66.5858 0
    endloop
  endfacet
  facet normal 0.970035 -0.242967 0
    outer loop
      vertex 3.03842 80.3902 4
      vertex 3.08611 80.5806 0
      vertex 3.08611 80.5806 4
    endloop
  endfacet
  facet normal 0.970035 -0.242967 0
    outer loop
      vertex 3.08611 80.5806 0
      vertex 3.03842 80.3902 4
      vertex 3.03842 80.3902 0
    endloop
  endfacet
  facet normal 0.941532 -0.336924 0
    outer loop
      vertex 3.08611 80.5806 4
      vertex 3.15224 80.7654 0
      vertex 3.15224 80.7654 4
    endloop
  endfacet
  facet normal 0.941532 -0.336924 0
    outer loop
      vertex 3.15224 80.7654 0
      vertex 3.08611 80.5806 4
      vertex 3.08611 80.5806 0
    endloop
  endfacet
  facet normal 0.989189 -0.146646 0
    outer loop
      vertex 3.00963 80.196 4
      vertex 3.03842 80.3902 0
      vertex 3.03842 80.3902 4
    endloop
  endfacet
  facet normal 0.989189 -0.146646 0
    outer loop
      vertex 3.03842 80.3902 0
      vertex 3.00963 80.196 4
      vertex 3.00963 80.196 0
    endloop
  endfacet
  facet normal -0.671556 -0.740954 0
    outer loop
      vertex 8.26878 81.546 0
      vertex 8.4142 81.4142 4
      vertex 8.26878 81.546 4
    endloop
  endfacet
  facet normal -0.671556 -0.740954 -0
    outer loop
      vertex 8.4142 81.4142 4
      vertex 8.26878 81.546 0
      vertex 8.4142 81.4142 0
    endloop
  endfacet
  facet normal 0.243015 -0.970023 0
    outer loop
      vertex 4.41942 81.9139 0
      vertex 4.60982 81.9616 4
      vertex 4.41942 81.9139 4
    endloop
  endfacet
  facet normal 0.243015 -0.970023 0
    outer loop
      vertex 4.60982 81.9616 4
      vertex 4.41942 81.9139 0
      vertex 4.60982 81.9616 0
    endloop
  endfacet
  facet normal 0 -1 0
    outer loop
      vertex 5 82 0
      vertex 7 82 4
      vertex 5 82 4
    endloop
  endfacet
  facet normal 0 -1 -0
    outer loop
      vertex 7 82 4
      vertex 5 82 0
      vertex 7 82 0
    endloop
  endfacet
  facet normal -0.998793 0.0491243 0
    outer loop
      vertex 8.99036 67.804 0
      vertex 9 68 4
      vertex 9 68 0
    endloop
  endfacet
  facet normal -0.998793 0.0491243 0
    outer loop
      vertex 9 68 4
      vertex 8.99036 67.804 0
      vertex 8.99036 67.804 4
    endloop
  endfacet
  facet normal -0.989182 0.146696 0
    outer loop
      vertex 8.96156 67.6098 0
      vertex 8.99036 67.804 4
      vertex 8.99036 67.804 0
    endloop
  endfacet
  facet normal -0.989182 0.146696 0
    outer loop
      vertex 8.99036 67.804 4
      vertex 8.96156 67.6098 0
      vertex 8.96156 67.6098 4
    endloop
  endfacet
  facet normal -0.0489135 0.998803 0
    outer loop
      vertex 7.19603 66.0096 0
      vertex 7 66 4
      vertex 7.19603 66.0096 4
    endloop
  endfacet
  facet normal -0.0489135 0.998803 0
    outer loop
      vertex 7 66 4
      vertex 7.19603 66.0096 0
      vertex 7 66 0
    endloop
  endfacet
  facet normal 0 1 -0
    outer loop
      vertex 7 66 0
      vertex 5 66 4
      vertex 7 66 4
    endloop
  endfacet
  facet normal 0 1 0
    outer loop
      vertex 5 66 4
      vertex 7 66 0
      vertex 5 66 0
    endloop
  endfacet
  facet normal 0.146741 0.989175 -0
    outer loop
      vertex 4.80396 66.0096 0
      vertex 4.60982 66.0384 4
      vertex 4.80396 66.0096 4
    endloop
  endfacet
  facet normal 0.146741 0.989175 0
    outer loop
      vertex 4.60982 66.0384 4
      vertex 4.80396 66.0096 0
      vertex 4.60982 66.0384 0
    endloop
  endfacet
  facet normal -0.85765 -0.514233 0
    outer loop
      vertex 8.76384 80.9428 0
      vertex 8.66293 81.1111 4
      vertex 8.66293 81.1111 0
    endloop
  endfacet
  facet normal -0.85765 -0.514233 0
    outer loop
      vertex 8.66293 81.1111 4
      vertex 8.76384 80.9428 0
      vertex 8.76384 80.9428 4
    endloop
  endfacet
  facet normal -0.243015 -0.970023 0
    outer loop
      vertex 7.39017 81.9616 0
      vertex 7.58057 81.9139 4
      vertex 7.39017 81.9616 4
    endloop
  endfacet
  facet normal -0.243015 -0.970023 -0
    outer loop
      vertex 7.58057 81.9139 4
      vertex 7.39017 81.9616 0
      vertex 7.58057 81.9139 0
    endloop
  endfacet
  facet normal -0.33724 -0.941419 0
    outer loop
      vertex 7.58057 81.9139 0
      vertex 7.76537 81.8477 4
      vertex 7.58057 81.9139 4
    endloop
  endfacet
  facet normal -0.33724 -0.941419 -0
    outer loop
      vertex 7.76537 81.8477 4
      vertex 7.58057 81.9139 0
      vertex 7.76537 81.8477 0
    endloop
  endfacet
  facet normal -0.803325 -0.595541 0
    outer loop
      vertex 8.66293 81.1111 0
      vertex 8.54602 81.2688 4
      vertex 8.54602 81.2688 0
    endloop
  endfacet
  facet normal -0.803325 -0.595541 0
    outer loop
      vertex 8.54602 81.2688 4
      vertex 8.66293 81.1111 0
      vertex 8.66293 81.1111 4
    endloop
  endfacet
  facet normal 0.59563 -0.803259 0
    outer loop
      vertex 3.7312 81.546 0
      vertex 3.88885 81.6629 4
      vertex 3.7312 81.546 4
    endloop
  endfacet
  facet normal 0.59563 -0.803259 0
    outer loop
      vertex 3.88885 81.6629 4
      vertex 3.7312 81.546 0
      vertex 3.88885 81.6629 0
    endloop
  endfacet
  facet normal 0.903977 -0.42758 0
    outer loop
      vertex 3.15224 80.7654 4
      vertex 3.23615 80.9428 0
      vertex 3.23615 80.9428 4
    endloop
  endfacet
  facet normal 0.903977 -0.42758 0
    outer loop
      vertex 3.23615 80.9428 0
      vertex 3.15224 80.7654 4
      vertex 3.15224 80.7654 0
    endloop
  endfacet
  facet normal -0.970047 0.242919 0
    outer loop
      vertex 8.91388 67.4194 0
      vertex 8.96156 67.6098 4
      vertex 8.96156 67.6098 0
    endloop
  endfacet
  facet normal -0.970047 0.242919 0
    outer loop
      vertex 8.96156 67.6098 4
      vertex 8.91388 67.4194 0
      vertex 8.91388 67.4194 4
    endloop
  endfacet
  facet normal -0.989182 -0.146696 0
    outer loop
      vertex 8.99036 80.196 0
      vertex 8.96156 80.3902 4
      vertex 8.96156 80.3902 0
    endloop
  endfacet
  facet normal -0.989182 -0.146696 0
    outer loop
      vertex 8.96156 80.3902 4
      vertex 8.99036 80.196 0
      vertex 8.99036 80.196 4
    endloop
  endfacet
  facet normal -0.998793 -0.0491243 0
    outer loop
      vertex 9 80 0
      vertex 8.99036 80.196 4
      vertex 8.99036 80.196 0
    endloop
  endfacet
  facet normal -0.998793 -0.0491243 0
    outer loop
      vertex 8.99036 80.196 4
      vertex 9 80 0
      vertex 9 80 4
    endloop
  endfacet
  facet normal -0.336788 0.94158 0
    outer loop
      vertex 7.76537 66.1522 0
      vertex 7.58057 66.0861 4
      vertex 7.76537 66.1522 4
    endloop
  endfacet
  facet normal -0.336788 0.94158 0
    outer loop
      vertex 7.58057 66.0861 4
      vertex 7.76537 66.1522 0
      vertex 7.58057 66.0861 0
    endloop
  endfacet
  facet normal -0.671556 0.740954 0
    outer loop
      vertex 8.4142 66.5858 0
      vertex 8.26878 66.454 4
      vertex 8.4142 66.5858 4
    endloop
  endfacet
  facet normal -0.671556 0.740954 0
    outer loop
      vertex 8.26878 66.454 4
      vertex 8.4142 66.5858 0
      vertex 8.26878 66.454 0
    endloop
  endfacet
  facet normal -0.803325 0.595541 0
    outer loop
      vertex 8.54602 66.7312 0
      vertex 8.66293 66.8889 4
      vertex 8.66293 66.8889 0
    endloop
  endfacet
  facet normal -0.803325 0.595541 0
    outer loop
      vertex 8.66293 66.8889 4
      vertex 8.54602 66.7312 0
      vertex 8.54602 66.7312 4
    endloop
  endfacet
  facet normal 0.803325 0.595541 0
    outer loop
      vertex 3.45396 66.7312 4
      vertex 3.33705 66.8889 0
      vertex 3.33705 66.8889 4
    endloop
  endfacet
  facet normal 0.803325 0.595541 0
    outer loop
      vertex 3.33705 66.8889 0
      vertex 3.45396 66.7312 4
      vertex 3.45396 66.7312 0
    endloop
  endfacet
  facet normal -0.146741 -0.989175 0
    outer loop
      vertex 7.19603 81.9904 0
      vertex 7.39017 81.9616 4
      vertex 7.19603 81.9904 4
    endloop
  endfacet
  facet normal -0.146741 -0.989175 -0
    outer loop
      vertex 7.39017 81.9616 4
      vertex 7.19603 81.9904 0
      vertex 7.39017 81.9616 0
    endloop
  endfacet
  facet normal -0.514084 -0.85774 0
    outer loop
      vertex 7.94278 81.7638 0
      vertex 8.11113 81.6629 4
      vertex 7.94278 81.7638 4
    endloop
  endfacet
  facet normal -0.514084 -0.85774 -0
    outer loop
      vertex 8.11113 81.6629 4
      vertex 7.94278 81.7638 0
      vertex 8.11113 81.6629 0
    endloop
  endfacet
  facet normal -0.59563 -0.803259 0
    outer loop
      vertex 8.11113 81.6629 0
      vertex 8.26878 81.546 4
      vertex 8.11113 81.6629 4
    endloop
  endfacet
  facet normal -0.59563 -0.803259 -0
    outer loop
      vertex 8.26878 81.546 4
      vertex 8.11113 81.6629 0
      vertex 8.26878 81.546 0
    endloop
  endfacet
  facet normal -0.427519 -0.904006 0
    outer loop
      vertex 7.76537 81.8477 0
      vertex 7.94278 81.7638 4
      vertex 7.76537 81.8477 4
    endloop
  endfacet
  facet normal -0.427519 -0.904006 -0
    outer loop
      vertex 7.94278 81.7638 4
      vertex 7.76537 81.8477 0
      vertex 7.94278 81.7638 0
    endloop
  endfacet
  facet normal -0.740857 -0.671663 0
    outer loop
      vertex 8.54602 81.2688 0
      vertex 8.4142 81.4142 4
      vertex 8.4142 81.4142 0
    endloop
  endfacet
  facet normal -0.740857 -0.671663 0
    outer loop
      vertex 8.4142 81.4142 4
      vertex 8.54602 81.2688 0
      vertex 8.54602 81.2688 4
    endloop
  endfacet
  facet normal -0.903977 -0.42758 0
    outer loop
      vertex 8.84775 80.7654 0
      vertex 8.76384 80.9428 4
      vertex 8.76384 80.9428 0
    endloop
  endfacet
  facet normal -0.903977 -0.42758 0
    outer loop
      vertex 8.76384 80.9428 4
      vertex 8.84775 80.7654 0
      vertex 8.84775 80.7654 4
    endloop
  endfacet
  facet normal -0.941532 -0.336924 0
    outer loop
      vertex 8.91388 80.5806 0
      vertex 8.84775 80.7654 4
      vertex 8.84775 80.7654 0
    endloop
  endfacet
  facet normal -0.941532 -0.336924 0
    outer loop
      vertex 8.84775 80.7654 4
      vertex 8.91388 80.5806 0
      vertex 8.91388 80.5806 4
    endloop
  endfacet
  facet normal 0.146741 -0.989175 0
    outer loop
      vertex 4.60982 81.9616 0
      vertex 4.80396 81.9904 4
      vertex 4.60982 81.9616 4
    endloop
  endfacet
  facet normal 0.146741 -0.989175 0
    outer loop
      vertex 4.80396 81.9904 4
      vertex 4.60982 81.9616 0
      vertex 4.80396 81.9904 0
    endloop
  endfacet
  facet normal 0.048911 -0.998803 0
    outer loop
      vertex 4.80396 81.9904 0
      vertex 5 82 4
      vertex 4.80396 81.9904 4
    endloop
  endfacet
  facet normal 0.048911 -0.998803 0
    outer loop
      vertex 5 82 4
      vertex 4.80396 81.9904 0
      vertex 5 82 0
    endloop
  endfacet
  facet normal 0.514061 -0.857754 0
    outer loop
      vertex 3.88885 81.6629 0
      vertex 4.05721 81.7638 4
      vertex 3.88885 81.6629 4
    endloop
  endfacet
  facet normal 0.514061 -0.857754 0
    outer loop
      vertex 4.05721 81.7638 4
      vertex 3.88885 81.6629 0
      vertex 4.05721 81.7638 0
    endloop
  endfacet
  facet normal 0.427519 -0.904006 0
    outer loop
      vertex 4.05721 81.7638 0
      vertex 4.23462 81.8477 4
      vertex 4.05721 81.7638 4
    endloop
  endfacet
  facet normal 0.427519 -0.904006 0
    outer loop
      vertex 4.23462 81.8477 4
      vertex 4.05721 81.7638 0
      vertex 4.23462 81.8477 0
    endloop
  endfacet
  facet normal 0.33724 -0.941419 0
    outer loop
      vertex 4.23462 81.8477 0
      vertex 4.41942 81.9139 4
      vertex 4.23462 81.8477 4
    endloop
  endfacet
  facet normal 0.33724 -0.941419 0
    outer loop
      vertex 4.41942 81.9139 4
      vertex 4.23462 81.8477 0
      vertex 4.41942 81.9139 0
    endloop
  endfacet
  facet normal 0.740857 -0.671663 0
    outer loop
      vertex 3.45396 81.2688 4
      vertex 3.58578 81.4142 0
      vertex 3.58578 81.4142 4
    endloop
  endfacet
  facet normal 0.740857 -0.671663 0
    outer loop
      vertex 3.58578 81.4142 0
      vertex 3.45396 81.2688 4
      vertex 3.45396 81.2688 0
    endloop
  endfacet
  facet normal 0.671556 -0.740954 0
    outer loop
      vertex 3.58578 81.4142 0
      vertex 3.7312 81.546 4
      vertex 3.58578 81.4142 4
    endloop
  endfacet
  facet normal 0.671556 -0.740954 0
    outer loop
      vertex 3.7312 81.546 4
      vertex 3.58578 81.4142 0
      vertex 3.7312 81.546 0
    endloop
  endfacet
  facet normal 0.803325 -0.595541 0
    outer loop
      vertex 3.33705 81.1111 4
      vertex 3.45396 81.2688 0
      vertex 3.45396 81.2688 4
    endloop
  endfacet
  facet normal 0.803325 -0.595541 0
    outer loop
      vertex 3.45396 81.2688 0
      vertex 3.33705 81.1111 4
      vertex 3.33705 81.1111 0
    endloop
  endfacet
  facet normal -0.146741 0.989175 0
    outer loop
      vertex 7.39017 66.0384 0
      vertex 7.19603 66.0096 4
      vertex 7.39017 66.0384 4
    endloop
  endfacet
  facet normal -0.146741 0.989175 0
    outer loop
      vertex 7.19603 66.0096 4
      vertex 7.39017 66.0384 0
      vertex 7.19603 66.0096 0
    endloop
  endfacet
  facet normal -0.427519 0.904006 0
    outer loop
      vertex 7.94278 66.2361 0
      vertex 7.76537 66.1522 4
      vertex 7.94278 66.2361 4
    endloop
  endfacet
  facet normal -0.427519 0.904006 0
    outer loop
      vertex 7.76537 66.1522 4
      vertex 7.94278 66.2361 0
      vertex 7.76537 66.1522 0
    endloop
  endfacet
  facet normal -0.514458 0.857515 0
    outer loop
      vertex 8.11113 66.3371 0
      vertex 7.94278 66.2361 4
      vertex 8.11113 66.3371 4
    endloop
  endfacet
  facet normal -0.514458 0.857515 0
    outer loop
      vertex 7.94278 66.2361 4
      vertex 8.11113 66.3371 0
      vertex 7.94278 66.2361 0
    endloop
  endfacet
  facet normal 0.243015 0.970023 -0
    outer loop
      vertex 4.60982 66.0384 0
      vertex 4.41942 66.0861 4
      vertex 4.60982 66.0384 4
    endloop
  endfacet
  facet normal 0.243015 0.970023 0
    outer loop
      vertex 4.41942 66.0861 4
      vertex 4.60982 66.0384 0
      vertex 4.41942 66.0861 0
    endloop
  endfacet
  facet normal 0.59563 0.803259 -0
    outer loop
      vertex 3.88885 66.3371 0
      vertex 3.7312 66.454 4
      vertex 3.88885 66.3371 4
    endloop
  endfacet
  facet normal 0.59563 0.803259 0
    outer loop
      vertex 3.7312 66.454 4
      vertex 3.88885 66.3371 0
      vertex 3.7312 66.454 0
    endloop
  endfacet
  facet normal 0.671556 0.740954 -0
    outer loop
      vertex 3.7312 66.454 0
      vertex 3.58578 66.5858 4
      vertex 3.7312 66.454 4
    endloop
  endfacet
  facet normal 0.671556 0.740954 0
    outer loop
      vertex 3.58578 66.5858 4
      vertex 3.7312 66.454 0
      vertex 3.58578 66.5858 0
    endloop
  endfacet
  facet normal 0.857673 -0.514196 0
    outer loop
      vertex 3.23615 80.9428 4
      vertex 3.33705 81.1111 0
      vertex 3.33705 81.1111 4
    endloop
  endfacet
  facet normal 0.857673 -0.514196 0
    outer loop
      vertex 3.33705 81.1111 0
      vertex 3.23615 80.9428 4
      vertex 3.23615 80.9428 0
    endloop
  endfacet
  facet normal -0.903977 0.42758 0
    outer loop
      vertex 8.76384 67.0572 0
      vertex 8.84775 67.2346 4
      vertex 8.84775 67.2346 0
    endloop
  endfacet
  facet normal -0.903977 0.42758 0
    outer loop
      vertex 8.84775 67.2346 4
      vertex 8.76384 67.0572 0
      vertex 8.76384 67.0572 4
    endloop
  endfacet
  facet normal -0.941532 0.336924 0
    outer loop
      vertex 8.84775 67.2346 0
      vertex 8.91388 67.4194 4
      vertex 8.91388 67.4194 0
    endloop
  endfacet
  facet normal -0.941532 0.336924 0
    outer loop
      vertex 8.91388 67.4194 4
      vertex 8.84775 67.2346 0
      vertex 8.84775 67.2346 4
    endloop
  endfacet
  facet normal -0.243015 0.970023 0
    outer loop
      vertex 7.58057 66.0861 0
      vertex 7.39017 66.0384 4
      vertex 7.58057 66.0861 4
    endloop
  endfacet
  facet normal -0.243015 0.970023 0
    outer loop
      vertex 7.39017 66.0384 4
      vertex 7.58057 66.0861 0
      vertex 7.39017 66.0384 0
    endloop
  endfacet
  facet normal -0.59563 0.803259 0
    outer loop
      vertex 8.26878 66.454 0
      vertex 8.11113 66.3371 4
      vertex 8.26878 66.454 4
    endloop
  endfacet
  facet normal -0.59563 0.803259 0
    outer loop
      vertex 8.11113 66.3371 4
      vertex 8.26878 66.454 0
      vertex 8.11113 66.3371 0
    endloop
  endfacet
  facet normal -0.740857 0.671663 0
    outer loop
      vertex 8.4142 66.5858 0
      vertex 8.54602 66.7312 4
      vertex 8.54602 66.7312 0
    endloop
  endfacet
  facet normal -0.740857 0.671663 0
    outer loop
      vertex 8.54602 66.7312 4
      vertex 8.4142 66.5858 0
      vertex 8.4142 66.5858 4
    endloop
  endfacet
  facet normal 0.514436 0.857529 -0
    outer loop
      vertex 4.05721 66.2361 0
      vertex 3.88885 66.3371 4
      vertex 4.05721 66.2361 4
    endloop
  endfacet
  facet normal 0.514436 0.857529 0
    outer loop
      vertex 3.88885 66.3371 4
      vertex 4.05721 66.2361 0
      vertex 3.88885 66.3371 0
    endloop
  endfacet
  facet normal 0.336788 0.94158 -0
    outer loop
      vertex 4.41942 66.0861 0
      vertex 4.23462 66.1522 4
      vertex 4.41942 66.0861 4
    endloop
  endfacet
  facet normal 0.336788 0.94158 0
    outer loop
      vertex 4.23462 66.1522 4
      vertex 4.41942 66.0861 0
      vertex 4.23462 66.1522 0
    endloop
  endfacet
  facet normal 0.427519 0.904006 -0
    outer loop
      vertex 4.23462 66.1522 0
      vertex 4.05721 66.2361 4
      vertex 4.23462 66.1522 4
    endloop
  endfacet
  facet normal 0.427519 0.904006 0
    outer loop
      vertex 4.05721 66.2361 4
      vertex 4.23462 66.1522 0
      vertex 4.05721 66.2361 0
    endloop
  endfacet
  facet normal 0.857673 0.514196 0
    outer loop
      vertex 3.33705 66.8889 4
      vertex 3.23615 67.0572 0
      vertex 3.23615 67.0572 4
    endloop
  endfacet
  facet normal 0.857673 0.514196 0
    outer loop
      vertex 3.23615 67.0572 0
      vertex 3.33705 66.8889 4
      vertex 3.33705 66.8889 0
    endloop
  endfacet
  facet normal 0.903977 0.42758 0
    outer loop
      vertex 3.23615 67.0572 4
      vertex 3.15224 67.2346 0
      vertex 3.15224 67.2346 4
    endloop
  endfacet
  facet normal 0.903977 0.42758 0
    outer loop
      vertex 3.15224 67.2346 0
      vertex 3.23615 67.0572 4
      vertex 3.23615 67.0572 0
    endloop
  endfacet
  facet normal -0.85765 0.514233 0
    outer loop
      vertex 8.66293 66.8889 0
      vertex 8.76384 67.0572 4
      vertex 8.76384 67.0572 0
    endloop
  endfacet
  facet normal -0.85765 0.514233 0
    outer loop
      vertex 8.76384 67.0572 4
      vertex 8.66293 66.8889 0
      vertex 8.66293 66.8889 4
    endloop
  endfacet
  facet normal 0.989765 0.142706 0
    outer loop
      vertex 145.019 15.8049 4
      vertex 145.005 15.902 0
      vertex 145.005 15.902 4
    endloop
  endfacet
  facet normal 0.989765 0.142706 0
    outer loop
      vertex 145.005 15.902 0
      vertex 145.019 15.8049 4
      vertex 145.019 15.8049 0
    endloop
  endfacet
  facet normal 1 -0 0
    outer loop
      vertex 145 16 4
      vertex 145 24 0
      vertex 145 24 4
    endloop
  endfacet
  facet normal 1 0 0
    outer loop
      vertex 145 24 0
      vertex 145 16 4
      vertex 145 16 0
    endloop
  endfacet
  facet normal -0.998701 -0.0509541 0
    outer loop
      vertex 148.2 24 0
      vertex 148.195 24.098 4
      vertex 148.195 24.098 0
    endloop
  endfacet
  facet normal -0.998701 -0.0509541 0
    outer loop
      vertex 148.195 24.098 4
      vertex 148.2 24 0
      vertex 148.2 24 4
    endloop
  endfacet
  facet normal 0.998701 0.0509541 0
    outer loop
      vertex 145.005 15.902 4
      vertex 145 16 0
      vertex 145 16 4
    endloop
  endfacet
  facet normal 0.998701 0.0509541 0
    outer loop
      vertex 145 16 0
      vertex 145.005 15.902 4
      vertex 145.005 15.902 0
    endloop
  endfacet
  facet normal 0.9038 -0.427955 0
    outer loop
      vertex 145.076 24.3827 4
      vertex 145.118 24.4714 0
      vertex 145.118 24.4714 4
    endloop
  endfacet
  facet normal 0.9038 -0.427955 0
    outer loop
      vertex 145.118 24.4714 0
      vertex 145.076 24.3827 4
      vertex 145.076 24.3827 0
    endloop
  endfacet
  facet normal 0.146844 0.98916 -0
    outer loop
      vertex 145.902 15.0048 0
      vertex 145.805 15.0192 4
      vertex 145.902 15.0048 4
    endloop
  endfacet
  facet normal 0.146844 0.98916 0
    outer loop
      vertex 145.805 15.0192 4
      vertex 145.902 15.0048 0
      vertex 145.805 15.0192 0
    endloop
  endfacet
  facet normal -0.146844 -0.98916 0
    outer loop
      vertex 147.298 24.9952 0
      vertex 147.395 24.9808 4
      vertex 147.298 24.9952 4
    endloop
  endfacet
  facet normal -0.146844 -0.98916 -0
    outer loop
      vertex 147.395 24.9808 4
      vertex 147.298 24.9952 0
      vertex 147.395 24.9808 0
    endloop
  endfacet
  facet normal 0.998701 -0.0509541 0
    outer loop
      vertex 145 24 4
      vertex 145.005 24.098 0
      vertex 145.005 24.098 4
    endloop
  endfacet
  facet normal 0.998701 -0.0509541 0
    outer loop
      vertex 145.005 24.098 0
      vertex 145 24 4
      vertex 145 24 0
    endloop
  endfacet
  facet normal -1 0 0
    outer loop
      vertex 148.2 16 0
      vertex 148.2 24 4
      vertex 148.2 24 0
    endloop
  endfacet
  facet normal -1 -0 0
    outer loop
      vertex 148.2 24 4
      vertex 148.2 16 0
      vertex 148.2 16 4
    endloop
  endfacet
  facet normal -0.740401 -0.672166 0
    outer loop
      vertex 147.973 24.6344 0
      vertex 147.907 24.7071 4
      vertex 147.907 24.7071 0
    endloop
  endfacet
  facet normal -0.740401 -0.672166 0
    outer loop
      vertex 147.907 24.7071 4
      vertex 147.973 24.6344 0
      vertex 147.973 24.6344 4
    endloop
  endfacet
  facet normal 0.243977 -0.969781 0
    outer loop
      vertex 145.71 24.9569 0
      vertex 145.805 24.9808 4
      vertex 145.71 24.9569 4
    endloop
  endfacet
  facet normal 0.243977 -0.969781 0
    outer loop
      vertex 145.805 24.9808 4
      vertex 145.71 24.9569 0
      vertex 145.805 24.9808 0
    endloop
  endfacet
  facet normal 0 -1 0
    outer loop
      vertex 146 25 0
      vertex 147.2 25 4
      vertex 146 25 4
    endloop
  endfacet
  facet normal 0 -1 -0
    outer loop
      vertex 147.2 25 4
      vertex 146 25 0
      vertex 147.2 25 0
    endloop
  endfacet
  facet normal 0.969661 -0.244452 0
    outer loop
      vertex 145.019 24.1951 4
      vertex 145.043 24.2903 0
      vertex 145.043 24.2903 4
    endloop
  endfacet
  facet normal 0.969661 -0.244452 0
    outer loop
      vertex 145.043 24.2903 0
      vertex 145.019 24.1951 4
      vertex 145.019 24.1951 0
    endloop
  endfacet
  facet normal 0.941742 -0.336336 0
    outer loop
      vertex 145.043 24.2903 4
      vertex 145.076 24.3827 0
      vertex 145.076 24.3827 4
    endloop
  endfacet
  facet normal 0.941742 -0.336336 0
    outer loop
      vertex 145.076 24.3827 0
      vertex 145.043 24.2903 4
      vertex 145.043 24.2903 0
    endloop
  endfacet
  facet normal 0.989765 -0.142706 0
    outer loop
      vertex 145.005 24.098 4
      vertex 145.019 24.1951 0
      vertex 145.019 24.1951 4
    endloop
  endfacet
  facet normal 0.989765 -0.142706 0
    outer loop
      vertex 145.019 24.1951 0
      vertex 145.005 24.098 4
      vertex 145.005 24.098 0
    endloop
  endfacet
  facet normal -0.941742 0.336336 0
    outer loop
      vertex 148.124 15.6173 0
      vertex 148.157 15.7097 4
      vertex 148.157 15.7097 0
    endloop
  endfacet
  facet normal -0.941742 0.336336 0
    outer loop
      vertex 148.157 15.7097 4
      vertex 148.124 15.6173 0
      vertex 148.124 15.6173 4
    endloop
  endfacet
  facet normal -0.989765 0.142706 0
    outer loop
      vertex 148.181 15.8049 0
      vertex 148.195 15.902 4
      vertex 148.195 15.902 0
    endloop
  endfacet
  facet normal -0.989765 0.142706 0
    outer loop
      vertex 148.195 15.902 4
      vertex 148.181 15.8049 0
      vertex 148.181 15.8049 4
    endloop
  endfacet
  facet normal -0.941742 -0.336336 0
    outer loop
      vertex 148.157 24.2903 0
      vertex 148.124 24.3827 4
      vertex 148.124 24.3827 0
    endloop
  endfacet
  facet normal -0.941742 -0.336336 0
    outer loop
      vertex 148.124 24.3827 4
      vertex 148.157 24.2903 0
      vertex 148.157 24.2903 4
    endloop
  endfacet
  facet normal -0.43073 -0.902481 0
    outer loop
      vertex 147.583 24.9239 0
      vertex 147.671 24.8819 4
      vertex 147.583 24.9239 4
    endloop
  endfacet
  facet normal -0.43073 -0.902481 -0
    outer loop
      vertex 147.671 24.8819 4
      vertex 147.583 24.9239 0
      vertex 147.671 24.8819 0
    endloop
  endfacet
  facet normal -0.33441 -0.942428 0
    outer loop
      vertex 147.49 24.9569 0
      vertex 147.583 24.9239 4
      vertex 147.49 24.9569 4
    endloop
  endfacet
  facet normal -0.33441 -0.942428 -0
    outer loop
      vertex 147.583 24.9239 4
      vertex 147.49 24.9569 0
      vertex 147.583 24.9239 0
    endloop
  endfacet
  facet normal -0.6 -0.8 0
    outer loop
      vertex 147.756 24.8315 0
      vertex 147.834 24.773 4
      vertex 147.756 24.8315 4
    endloop
  endfacet
  facet normal -0.6 -0.8 -0
    outer loop
      vertex 147.834 24.773 4
      vertex 147.756 24.8315 0
      vertex 147.834 24.773 0
    endloop
  endfacet
  facet normal 0.6 -0.8 0
    outer loop
      vertex 145.366 24.773 0
      vertex 145.444 24.8315 4
      vertex 145.366 24.773 4
    endloop
  endfacet
  facet normal 0.6 -0.8 0
    outer loop
      vertex 145.444 24.8315 4
      vertex 145.366 24.773 0
      vertex 145.444 24.8315 0
    endloop
  endfacet
  facet normal 0.0489209 -0.998803 0
    outer loop
      vertex 145.902 24.9952 0
      vertex 146 25 4
      vertex 145.902 24.9952 4
    endloop
  endfacet
  facet normal 0.0489209 -0.998803 0
    outer loop
      vertex 146 25 4
      vertex 145.902 24.9952 0
      vertex 146 25 0
    endloop
  endfacet
  facet normal -0.0489209 -0.998803 0
    outer loop
      vertex 147.2 25 0
      vertex 147.298 24.9952 4
      vertex 147.2 25 4
    endloop
  endfacet
  facet normal -0.0489209 -0.998803 -0
    outer loop
      vertex 147.298 24.9952 4
      vertex 147.2 25 0
      vertex 147.298 24.9952 0
    endloop
  endfacet
  facet normal -0.969661 0.244452 0
    outer loop
      vertex 148.157 15.7097 0
      vertex 148.181 15.8049 4
      vertex 148.181 15.8049 0
    endloop
  endfacet
  facet normal -0.969661 0.244452 0
    outer loop
      vertex 148.181 15.8049 4
      vertex 148.157 15.7097 0
      vertex 148.157 15.7097 4
    endloop
  endfacet
  facet normal -0.998701 0.0509541 0
    outer loop
      vertex 148.195 15.902 0
      vertex 148.2 16 4
      vertex 148.2 16 0
    endloop
  endfacet
  facet normal -0.998701 0.0509541 0
    outer loop
      vertex 148.2 16 4
      vertex 148.195 15.902 0
      vertex 148.195 15.902 4
    endloop
  endfacet
  facet normal 0.0489209 0.998803 -0
    outer loop
      vertex 146 15 0
      vertex 145.902 15.0048 4
      vertex 146 15 4
    endloop
  endfacet
  facet normal 0.0489209 0.998803 0
    outer loop
      vertex 145.902 15.0048 4
      vertex 146 15 0
      vertex 145.902 15.0048 0
    endloop
  endfacet
  facet normal -0.0489209 0.998803 0
    outer loop
      vertex 147.298 15.0048 0
      vertex 147.2 15 4
      vertex 147.298 15.0048 4
    endloop
  endfacet
  facet normal -0.0489209 0.998803 0
    outer loop
      vertex 147.2 15 4
      vertex 147.298 15.0048 0
      vertex 147.2 15 0
    endloop
  endfacet
  facet normal 0.6 0.8 -0
    outer loop
      vertex 145.444 15.1685 0
      vertex 145.366 15.227 4
      vertex 145.444 15.1685 4
    endloop
  endfacet
  facet normal 0.6 0.8 0
    outer loop
      vertex 145.366 15.227 4
      vertex 145.444 15.1685 0
      vertex 145.366 15.227 0
    endloop
  endfacet
  facet normal 0.335309 0.942108 -0
    outer loop
      vertex 145.71 15.043 0
      vertex 145.617 15.0761 4
      vertex 145.71 15.043 4
    endloop
  endfacet
  facet normal 0.335309 0.942108 0
    outer loop
      vertex 145.617 15.0761 4
      vertex 145.71 15.043 0
      vertex 145.617 15.0761 0
    endloop
  endfacet
  facet normal 0.805364 0.592781 0
    outer loop
      vertex 145.227 15.3656 4
      vertex 145.169 15.4444 0
      vertex 145.169 15.4444 4
    endloop
  endfacet
  facet normal 0.805364 0.592781 0
    outer loop
      vertex 145.169 15.4444 0
      vertex 145.227 15.3656 4
      vertex 145.227 15.3656 0
    endloop
  endfacet
  facet normal 0.670088 0.742282 -0
    outer loop
      vertex 145.366 15.227 0
      vertex 145.293 15.2929 4
      vertex 145.366 15.227 4
    endloop
  endfacet
  facet normal 0.670088 0.742282 0
    outer loop
      vertex 145.293 15.2929 4
      vertex 145.366 15.227 0
      vertex 145.293 15.2929 0
    endloop
  endfacet
  facet normal -0.969661 -0.244452 0
    outer loop
      vertex 148.181 24.1951 0
      vertex 148.157 24.2903 4
      vertex 148.157 24.2903 0
    endloop
  endfacet
  facet normal -0.969661 -0.244452 0
    outer loop
      vertex 148.157 24.2903 4
      vertex 148.181 24.1951 0
      vertex 148.181 24.1951 4
    endloop
  endfacet
  facet normal -0.989765 -0.142706 0
    outer loop
      vertex 148.195 24.098 0
      vertex 148.181 24.1951 4
      vertex 148.181 24.1951 0
    endloop
  endfacet
  facet normal -0.989765 -0.142706 0
    outer loop
      vertex 148.181 24.1951 4
      vertex 148.195 24.098 0
      vertex 148.195 24.098 4
    endloop
  endfacet
  facet normal -0.855334 -0.518077 0
    outer loop
      vertex 148.082 24.4714 0
      vertex 148.031 24.5556 4
      vertex 148.031 24.5556 0
    endloop
  endfacet
  facet normal -0.855334 -0.518077 0
    outer loop
      vertex 148.031 24.5556 4
      vertex 148.082 24.4714 0
      vertex 148.082 24.4714 4
    endloop
  endfacet
  facet normal -0.805364 -0.592781 0
    outer loop
      vertex 148.031 24.5556 0
      vertex 147.973 24.6344 4
      vertex 147.973 24.6344 0
    endloop
  endfacet
  facet normal -0.805364 -0.592781 0
    outer loop
      vertex 147.973 24.6344 4
      vertex 148.031 24.5556 0
      vertex 148.031 24.5556 4
    endloop
  endfacet
  facet normal -0.9038 -0.427955 0
    outer loop
      vertex 148.124 24.3827 0
      vertex 148.082 24.4714 4
      vertex 148.082 24.4714 0
    endloop
  endfacet
  facet normal -0.9038 -0.427955 0
    outer loop
      vertex 148.082 24.4714 4
      vertex 148.124 24.3827 0
      vertex 148.124 24.3827 4
    endloop
  endfacet
  facet normal -0.243977 -0.969781 0
    outer loop
      vertex 147.395 24.9808 0
      vertex 147.49 24.9569 4
      vertex 147.395 24.9808 4
    endloop
  endfacet
  facet normal -0.243977 -0.969781 -0
    outer loop
      vertex 147.49 24.9569 4
      vertex 147.395 24.9808 0
      vertex 147.49 24.9569 0
    endloop
  endfacet
  facet normal -0.510024 -0.86016 0
    outer loop
      vertex 147.671 24.8819 0
      vertex 147.756 24.8315 4
      vertex 147.671 24.8819 4
    endloop
  endfacet
  facet normal -0.510024 -0.86016 -0
    outer loop
      vertex 147.756 24.8315 4
      vertex 147.671 24.8819 0
      vertex 147.756 24.8315 0
    endloop
  endfacet
  facet normal -0.670088 -0.742282 0
    outer loop
      vertex 147.834 24.773 0
      vertex 147.907 24.7071 4
      vertex 147.834 24.773 4
    endloop
  endfacet
  facet normal -0.670088 -0.742282 -0
    outer loop
      vertex 147.907 24.7071 4
      vertex 147.834 24.773 0
      vertex 147.907 24.7071 0
    endloop
  endfacet
  facet normal 0.740401 -0.672166 0
    outer loop
      vertex 145.227 24.6344 4
      vertex 145.293 24.7071 0
      vertex 145.293 24.7071 4
    endloop
  endfacet
  facet normal 0.740401 -0.672166 0
    outer loop
      vertex 145.293 24.7071 0
      vertex 145.227 24.6344 4
      vertex 145.227 24.6344 0
    endloop
  endfacet
  facet normal 0.43073 -0.902481 0
    outer loop
      vertex 145.529 24.8819 0
      vertex 145.617 24.9239 4
      vertex 145.529 24.8819 4
    endloop
  endfacet
  facet normal 0.43073 -0.902481 0
    outer loop
      vertex 145.617 24.9239 4
      vertex 145.529 24.8819 0
      vertex 145.617 24.9239 0
    endloop
  endfacet
  facet normal 0.33441 -0.942428 0
    outer loop
      vertex 145.617 24.9239 0
      vertex 145.71 24.9569 4
      vertex 145.617 24.9239 4
    endloop
  endfacet
  facet normal 0.33441 -0.942428 0
    outer loop
      vertex 145.71 24.9569 4
      vertex 145.617 24.9239 0
      vertex 145.71 24.9569 0
    endloop
  endfacet
  facet normal 0.510024 -0.86016 0
    outer loop
      vertex 145.444 24.8315 0
      vertex 145.529 24.8819 4
      vertex 145.444 24.8315 4
    endloop
  endfacet
  facet normal 0.510024 -0.86016 0
    outer loop
      vertex 145.529 24.8819 4
      vertex 145.444 24.8315 0
      vertex 145.529 24.8819 0
    endloop
  endfacet
  facet normal 0.670088 -0.742282 0
    outer loop
      vertex 145.293 24.7071 0
      vertex 145.366 24.773 4
      vertex 145.293 24.7071 4
    endloop
  endfacet
  facet normal 0.670088 -0.742282 0
    outer loop
      vertex 145.366 24.773 4
      vertex 145.293 24.7071 0
      vertex 145.366 24.773 0
    endloop
  endfacet
  facet normal 0.805364 -0.592781 0
    outer loop
      vertex 145.169 24.5556 4
      vertex 145.227 24.6344 0
      vertex 145.227 24.6344 4
    endloop
  endfacet
  facet normal 0.805364 -0.592781 0
    outer loop
      vertex 145.227 24.6344 0
      vertex 145.169 24.5556 4
      vertex 145.169 24.5556 0
    endloop
  endfacet
  facet normal 0.146844 -0.98916 0
    outer loop
      vertex 145.805 24.9808 0
      vertex 145.902 24.9952 4
      vertex 145.805 24.9808 4
    endloop
  endfacet
  facet normal 0.146844 -0.98916 0
    outer loop
      vertex 145.902 24.9952 4
      vertex 145.805 24.9808 0
      vertex 145.902 24.9952 0
    endloop
  endfacet
  facet normal 0 1 -0
    outer loop
      vertex 147.2 15 0
      vertex 146 15 4
      vertex 147.2 15 4
    endloop
  endfacet
  facet normal 0 1 0
    outer loop
      vertex 146 15 4
      vertex 147.2 15 0
      vertex 146 15 0
    endloop
  endfacet
  facet normal -0.146844 0.98916 0
    outer loop
      vertex 147.395 15.0192 0
      vertex 147.298 15.0048 4
      vertex 147.395 15.0192 4
    endloop
  endfacet
  facet normal -0.146844 0.98916 0
    outer loop
      vertex 147.298 15.0048 4
      vertex 147.395 15.0192 0
      vertex 147.298 15.0048 0
    endloop
  endfacet
  facet normal -0.335309 0.942108 0
    outer loop
      vertex 147.583 15.0761 0
      vertex 147.49 15.043 4
      vertex 147.583 15.0761 4
    endloop
  endfacet
  facet normal -0.335309 0.942108 0
    outer loop
      vertex 147.49 15.043 4
      vertex 147.583 15.0761 0
      vertex 147.49 15.043 0
    endloop
  endfacet
  facet normal -0.510024 0.86016 0
    outer loop
      vertex 147.756 15.1685 0
      vertex 147.671 15.1181 4
      vertex 147.756 15.1685 4
    endloop
  endfacet
  facet normal -0.510024 0.86016 0
    outer loop
      vertex 147.671 15.1181 4
      vertex 147.756 15.1685 0
      vertex 147.671 15.1181 0
    endloop
  endfacet
  facet normal -0.740401 0.672166 0
    outer loop
      vertex 147.907 15.2929 0
      vertex 147.973 15.3656 4
      vertex 147.973 15.3656 0
    endloop
  endfacet
  facet normal -0.740401 0.672166 0
    outer loop
      vertex 147.973 15.3656 4
      vertex 147.907 15.2929 0
      vertex 147.907 15.2929 4
    endloop
  endfacet
  facet normal -0.670088 0.742282 0
    outer loop
      vertex 147.907 15.2929 0
      vertex 147.834 15.227 4
      vertex 147.907 15.2929 4
    endloop
  endfacet
  facet normal -0.670088 0.742282 0
    outer loop
      vertex 147.834 15.227 4
      vertex 147.907 15.2929 0
      vertex 147.834 15.227 0
    endloop
  endfacet
  facet normal -0.805364 0.592781 0
    outer loop
      vertex 147.973 15.3656 0
      vertex 148.031 15.4444 4
      vertex 148.031 15.4444 0
    endloop
  endfacet
  facet normal -0.805364 0.592781 0
    outer loop
      vertex 148.031 15.4444 4
      vertex 147.973 15.3656 0
      vertex 147.973 15.3656 4
    endloop
  endfacet
  facet normal 0.510024 0.86016 -0
    outer loop
      vertex 145.529 15.1181 0
      vertex 145.444 15.1685 4
      vertex 145.529 15.1181 4
    endloop
  endfacet
  facet normal 0.510024 0.86016 0
    outer loop
      vertex 145.444 15.1685 4
      vertex 145.529 15.1181 0
      vertex 145.444 15.1685 0
    endloop
  endfacet
  facet normal 0.243016 0.970022 -0
    outer loop
      vertex 145.805 15.0192 0
      vertex 145.71 15.043 4
      vertex 145.805 15.0192 4
    endloop
  endfacet
  facet normal 0.243016 0.970022 0
    outer loop
      vertex 145.71 15.043 4
      vertex 145.805 15.0192 0
      vertex 145.71 15.043 0
    endloop
  endfacet
  facet normal 0.740401 0.672166 0
    outer loop
      vertex 145.293 15.2929 4
      vertex 145.227 15.3656 0
      vertex 145.227 15.3656 4
    endloop
  endfacet
  facet normal 0.740401 0.672166 0
    outer loop
      vertex 145.227 15.3656 0
      vertex 145.293 15.2929 4
      vertex 145.293 15.2929 0
    endloop
  endfacet
  facet normal 0.9038 0.427955 0
    outer loop
      vertex 145.118 15.5286 4
      vertex 145.076 15.6173 0
      vertex 145.076 15.6173 4
    endloop
  endfacet
  facet normal 0.9038 0.427955 0
    outer loop
      vertex 145.076 15.6173 0
      vertex 145.118 15.5286 4
      vertex 145.118 15.5286 0
    endloop
  endfacet
  facet normal 0.855334 0.518077 0
    outer loop
      vertex 145.169 15.4444 4
      vertex 145.118 15.5286 0
      vertex 145.118 15.5286 4
    endloop
  endfacet
  facet normal 0.855334 0.518077 0
    outer loop
      vertex 145.118 15.5286 0
      vertex 145.169 15.4444 4
      vertex 145.169 15.4444 0
    endloop
  endfacet
  facet normal 0.969661 0.244452 0
    outer loop
      vertex 145.043 15.7097 4
      vertex 145.019 15.8049 0
      vertex 145.019 15.8049 4
    endloop
  endfacet
  facet normal 0.969661 0.244452 0
    outer loop
      vertex 145.019 15.8049 0
      vertex 145.043 15.7097 4
      vertex 145.043 15.7097 0
    endloop
  endfacet
  facet normal 0.855334 -0.518077 0
    outer loop
      vertex 145.118 24.4714 4
      vertex 145.169 24.5556 0
      vertex 145.169 24.5556 4
    endloop
  endfacet
  facet normal 0.855334 -0.518077 0
    outer loop
      vertex 145.169 24.5556 0
      vertex 145.118 24.4714 4
      vertex 145.118 24.4714 0
    endloop
  endfacet
  facet normal -0.243016 0.970022 0
    outer loop
      vertex 147.49 15.043 0
      vertex 147.395 15.0192 4
      vertex 147.49 15.043 4
    endloop
  endfacet
  facet normal -0.243016 0.970022 0
    outer loop
      vertex 147.395 15.0192 4
      vertex 147.49 15.043 0
      vertex 147.395 15.0192 0
    endloop
  endfacet
  facet normal -0.43073 0.902481 0
    outer loop
      vertex 147.671 15.1181 0
      vertex 147.583 15.0761 4
      vertex 147.671 15.1181 4
    endloop
  endfacet
  facet normal -0.43073 0.902481 0
    outer loop
      vertex 147.583 15.0761 4
      vertex 147.671 15.1181 0
      vertex 147.583 15.0761 0
    endloop
  endfacet
  facet normal -0.6 0.8 0
    outer loop
      vertex 147.834 15.227 0
      vertex 147.756 15.1685 4
      vertex 147.834 15.227 4
    endloop
  endfacet
  facet normal -0.6 0.8 0
    outer loop
      vertex 147.756 15.1685 4
      vertex 147.834 15.227 0
      vertex 147.756 15.1685 0
    endloop
  endfacet
  facet normal -0.855334 0.518077 0
    outer loop
      vertex 148.031 15.4444 0
      vertex 148.082 15.5286 4
      vertex 148.082 15.5286 0
    endloop
  endfacet
  facet normal -0.855334 0.518077 0
    outer loop
      vertex 148.082 15.5286 4
      vertex 148.031 15.4444 0
      vertex 148.031 15.4444 4
    endloop
  endfacet
  facet normal 0.43073 0.902481 -0
    outer loop
      vertex 145.617 15.0761 0
      vertex 145.529 15.1181 4
      vertex 145.617 15.0761 4
    endloop
  endfacet
  facet normal 0.43073 0.902481 0
    outer loop
      vertex 145.529 15.1181 4
      vertex 145.617 15.0761 0
      vertex 145.529 15.1181 0
    endloop
  endfacet
  facet normal 0.941742 0.336336 0
    outer loop
      vertex 145.076 15.6173 4
      vertex 145.043 15.7097 0
      vertex 145.043 15.7097 4
    endloop
  endfacet
  facet normal 0.941742 0.336336 0
    outer loop
      vertex 145.043 15.7097 0
      vertex 145.076 15.6173 4
      vertex 145.076 15.6173 0
    endloop
  endfacet
  facet normal -0.9038 0.427955 0
    outer loop
      vertex 148.082 15.5286 0
      vertex 148.124 15.6173 4
      vertex 148.124 15.6173 0
    endloop
  endfacet
  facet normal -0.9038 0.427955 0
    outer loop
      vertex 148.124 15.6173 4
      vertex 148.082 15.5286 0
      vertex 148.082 15.5286 4
    endloop
  endfacet
  facet normal 0.989765 0.142706 0
    outer loop
      vertex 152.019 15.8049 4
      vertex 152.005 15.902 0
      vertex 152.005 15.902 4
    endloop
  endfacet
  facet normal 0.989765 0.142706 0
    outer loop
      vertex 152.005 15.902 0
      vertex 152.019 15.8049 4
      vertex 152.019 15.8049 0
    endloop
  endfacet
  facet normal 1 -0 0
    outer loop
      vertex 152 16 4
      vertex 152 24 0
      vertex 152 24 4
    endloop
  endfacet
  facet normal 1 0 0
    outer loop
      vertex 152 24 0
      vertex 152 16 4
      vertex 152 16 0
    endloop
  endfacet
  facet normal -0.998701 -0.0509541 0
    outer loop
      vertex 155.2 24 0
      vertex 155.195 24.098 4
      vertex 155.195 24.098 0
    endloop
  endfacet
  facet normal -0.998701 -0.0509541 0
    outer loop
      vertex 155.195 24.098 4
      vertex 155.2 24 0
      vertex 155.2 24 4
    endloop
  endfacet
  facet normal 0.998701 0.0509541 0
    outer loop
      vertex 152.005 15.902 4
      vertex 152 16 0
      vertex 152 16 4
    endloop
  endfacet
  facet normal 0.998701 0.0509541 0
    outer loop
      vertex 152 16 0
      vertex 152.005 15.902 4
      vertex 152.005 15.902 0
    endloop
  endfacet
  facet normal 0.9038 -0.427955 0
    outer loop
      vertex 152.076 24.3827 4
      vertex 152.118 24.4714 0
      vertex 152.118 24.4714 4
    endloop
  endfacet
  facet normal 0.9038 -0.427955 0
    outer loop
      vertex 152.118 24.4714 0
      vertex 152.076 24.3827 4
      vertex 152.076 24.3827 0
    endloop
  endfacet
  facet normal 0.146844 0.98916 -0
    outer loop
      vertex 152.902 15.0048 0
      vertex 152.805 15.0192 4
      vertex 152.902 15.0048 4
    endloop
  endfacet
  facet normal 0.146844 0.98916 0
    outer loop
      vertex 152.805 15.0192 4
      vertex 152.902 15.0048 0
      vertex 152.805 15.0192 0
    endloop
  endfacet
  facet normal -0.146844 -0.98916 0
    outer loop
      vertex 154.298 24.9952 0
      vertex 154.395 24.9808 4
      vertex 154.298 24.9952 4
    endloop
  endfacet
  facet normal -0.146844 -0.98916 -0
    outer loop
      vertex 154.395 24.9808 4
      vertex 154.298 24.9952 0
      vertex 154.395 24.9808 0
    endloop
  endfacet
  facet normal 0.998701 -0.0509541 0
    outer loop
      vertex 152 24 4
      vertex 152.005 24.098 0
      vertex 152.005 24.098 4
    endloop
  endfacet
  facet normal 0.998701 -0.0509541 0
    outer loop
      vertex 152.005 24.098 0
      vertex 152 24 4
      vertex 152 24 0
    endloop
  endfacet
  facet normal -1 0 0
    outer loop
      vertex 155.2 16 0
      vertex 155.2 24 4
      vertex 155.2 24 0
    endloop
  endfacet
  facet normal -1 -0 0
    outer loop
      vertex 155.2 24 4
      vertex 155.2 16 0
      vertex 155.2 16 4
    endloop
  endfacet
  facet normal 0.670088 0.742282 -0
    outer loop
      vertex 152.366 15.227 0
      vertex 152.293 15.2929 4
      vertex 152.366 15.227 4
    endloop
  endfacet
  facet normal 0.670088 0.742282 0
    outer loop
      vertex 152.293 15.2929 4
      vertex 152.366 15.227 0
      vertex 152.293 15.2929 0
    endloop
  endfacet
  facet normal -0.740401 -0.672166 0
    outer loop
      vertex 154.973 24.6344 0
      vertex 154.907 24.7071 4
      vertex 154.907 24.7071 0
    endloop
  endfacet
  facet normal -0.740401 -0.672166 0
    outer loop
      vertex 154.907 24.7071 4
      vertex 154.973 24.6344 0
      vertex 154.973 24.6344 4
    endloop
  endfacet
  facet normal 0.243977 -0.969781 0
    outer loop
      vertex 152.71 24.9569 0
      vertex 152.805 24.9808 4
      vertex 152.71 24.9569 4
    endloop
  endfacet
  facet normal 0.243977 -0.969781 0
    outer loop
      vertex 152.805 24.9808 4
      vertex 152.71 24.9569 0
      vertex 152.805 24.9808 0
    endloop
  endfacet
  facet normal 0 -1 0
    outer loop
      vertex 153 25 0
      vertex 154.2 25 4
      vertex 153 25 4
    endloop
  endfacet
  facet normal 0 -1 -0
    outer loop
      vertex 154.2 25 4
      vertex 153 25 0
      vertex 154.2 25 0
    endloop
  endfacet
  facet normal 0.969661 -0.244452 0
    outer loop
      vertex 152.019 24.1951 4
      vertex 152.043 24.2903 0
      vertex 152.043 24.2903 4
    endloop
  endfacet
  facet normal 0.969661 -0.244452 0
    outer loop
      vertex 152.043 24.2903 0
      vertex 152.019 24.1951 4
      vertex 152.019 24.1951 0
    endloop
  endfacet
  facet normal 0.941742 -0.336336 0
    outer loop
      vertex 152.043 24.2903 4
      vertex 152.076 24.3827 0
      vertex 152.076 24.3827 4
    endloop
  endfacet
  facet normal 0.941742 -0.336336 0
    outer loop
      vertex 152.076 24.3827 0
      vertex 152.043 24.2903 4
      vertex 152.043 24.2903 0
    endloop
  endfacet
  facet normal 0.989765 -0.142706 0
    outer loop
      vertex 152.005 24.098 4
      vertex 152.019 24.1951 0
      vertex 152.019 24.1951 4
    endloop
  endfacet
  facet normal 0.989765 -0.142706 0
    outer loop
      vertex 152.019 24.1951 0
      vertex 152.005 24.098 4
      vertex 152.005 24.098 0
    endloop
  endfacet
  facet normal -0.941742 0.336336 0
    outer loop
      vertex 155.124 15.6173 0
      vertex 155.157 15.7097 4
      vertex 155.157 15.7097 0
    endloop
  endfacet
  facet normal -0.941742 0.336336 0
    outer loop
      vertex 155.157 15.7097 4
      vertex 155.124 15.6173 0
      vertex 155.124 15.6173 4
    endloop
  endfacet
  facet normal -0.989765 0.142706 0
    outer loop
      vertex 155.181 15.8049 0
      vertex 155.195 15.902 4
      vertex 155.195 15.902 0
    endloop
  endfacet
  facet normal -0.989765 0.142706 0
    outer loop
      vertex 155.195 15.902 4
      vertex 155.181 15.8049 0
      vertex 155.181 15.8049 4
    endloop
  endfacet
  facet normal -0.941742 -0.336336 0
    outer loop
      vertex 155.157 24.2903 0
      vertex 155.124 24.3827 4
      vertex 155.124 24.3827 0
    endloop
  endfacet
  facet normal -0.941742 -0.336336 0
    outer loop
      vertex 155.124 24.3827 4
      vertex 155.157 24.2903 0
      vertex 155.157 24.2903 4
    endloop
  endfacet
  facet normal -0.43073 -0.902481 0
    outer loop
      vertex 154.583 24.9239 0
      vertex 154.671 24.8819 4
      vertex 154.583 24.9239 4
    endloop
  endfacet
  facet normal -0.43073 -0.902481 -0
    outer loop
      vertex 154.671 24.8819 4
      vertex 154.583 24.9239 0
      vertex 154.671 24.8819 0
    endloop
  endfacet
  facet normal -0.33441 -0.942428 0
    outer loop
      vertex 154.49 24.9569 0
      vertex 154.583 24.9239 4
      vertex 154.49 24.9569 4
    endloop
  endfacet
  facet normal -0.33441 -0.942428 -0
    outer loop
      vertex 154.583 24.9239 4
      vertex 154.49 24.9569 0
      vertex 154.583 24.9239 0
    endloop
  endfacet
  facet normal -0.6 -0.8 0
    outer loop
      vertex 154.756 24.8315 0
      vertex 154.834 24.773 4
      vertex 154.756 24.8315 4
    endloop
  endfacet
  facet normal -0.6 -0.8 -0
    outer loop
      vertex 154.834 24.773 4
      vertex 154.756 24.8315 0
      vertex 154.834 24.773 0
    endloop
  endfacet
  facet normal 0.6 -0.8 0
    outer loop
      vertex 152.366 24.773 0
      vertex 152.444 24.8315 4
      vertex 152.366 24.773 4
    endloop
  endfacet
  facet normal 0.6 -0.8 0
    outer loop
      vertex 152.444 24.8315 4
      vertex 152.366 24.773 0
      vertex 152.444 24.8315 0
    endloop
  endfacet
  facet normal 0.0489209 -0.998803 0
    outer loop
      vertex 152.902 24.9952 0
      vertex 153 25 4
      vertex 152.902 24.9952 4
    endloop
  endfacet
  facet normal 0.0489209 -0.998803 0
    outer loop
      vertex 153 25 4
      vertex 152.902 24.9952 0
      vertex 153 25 0
    endloop
  endfacet
  facet normal -0.0489209 -0.998803 0
    outer loop
      vertex 154.2 25 0
      vertex 154.298 24.9952 4
      vertex 154.2 25 4
    endloop
  endfacet
  facet normal -0.0489209 -0.998803 -0
    outer loop
      vertex 154.298 24.9952 4
      vertex 154.2 25 0
      vertex 154.298 24.9952 0
    endloop
  endfacet
  facet normal -0.969661 0.244452 0
    outer loop
      vertex 155.157 15.7097 0
      vertex 155.181 15.8049 4
      vertex 155.181 15.8049 0
    endloop
  endfacet
  facet normal -0.969661 0.244452 0
    outer loop
      vertex 155.181 15.8049 4
      vertex 155.157 15.7097 0
      vertex 155.157 15.7097 4
    endloop
  endfacet
  facet normal -0.998701 0.0509541 0
    outer loop
      vertex 155.195 15.902 0
      vertex 155.2 16 4
      vertex 155.2 16 0
    endloop
  endfacet
  facet normal -0.998701 0.0509541 0
    outer loop
      vertex 155.2 16 4
      vertex 155.195 15.902 0
      vertex 155.195 15.902 4
    endloop
  endfacet
  facet normal 0.0489209 0.998803 -0
    outer loop
      vertex 153 15 0
      vertex 152.902 15.0048 4
      vertex 153 15 4
    endloop
  endfacet
  facet normal 0.0489209 0.998803 0
    outer loop
      vertex 152.902 15.0048 4
      vertex 153 15 0
      vertex 152.902 15.0048 0
    endloop
  endfacet
  facet normal -0.0489209 0.998803 0
    outer loop
      vertex 154.298 15.0048 0
      vertex 154.2 15 4
      vertex 154.298 15.0048 4
    endloop
  endfacet
  facet normal -0.0489209 0.998803 0
    outer loop
      vertex 154.2 15 4
      vertex 154.298 15.0048 0
      vertex 154.2 15 0
    endloop
  endfacet
  facet normal 0.6 0.8 -0
    outer loop
      vertex 152.444 15.1685 0
      vertex 152.366 15.227 4
      vertex 152.444 15.1685 4
    endloop
  endfacet
  facet normal 0.6 0.8 0
    outer loop
      vertex 152.366 15.227 4
      vertex 152.444 15.1685 0
      vertex 152.366 15.227 0
    endloop
  endfacet
  facet normal 0.335309 0.942108 -0
    outer loop
      vertex 152.71 15.043 0
      vertex 152.617 15.0761 4
      vertex 152.71 15.043 4
    endloop
  endfacet
  facet normal 0.335309 0.942108 0
    outer loop
      vertex 152.617 15.0761 4
      vertex 152.71 15.043 0
      vertex 152.617 15.0761 0
    endloop
  endfacet
  facet normal 0.805364 0.592781 0
    outer loop
      vertex 152.227 15.3656 4
      vertex 152.169 15.4444 0
      vertex 152.169 15.4444 4
    endloop
  endfacet
  facet normal 0.805364 0.592781 0
    outer loop
      vertex 152.169 15.4444 0
      vertex 152.227 15.3656 4
      vertex 152.227 15.3656 0
    endloop
  endfacet
  facet normal -0.969661 -0.244452 0
    outer loop
      vertex 155.181 24.1951 0
      vertex 155.157 24.2903 4
      vertex 155.157 24.2903 0
    endloop
  endfacet
  facet normal -0.969661 -0.244452 0
    outer loop
      vertex 155.157 24.2903 4
      vertex 155.181 24.1951 0
      vertex 155.181 24.1951 4
    endloop
  endfacet
  facet normal -0.989765 -0.142706 0
    outer loop
      vertex 155.195 24.098 0
      vertex 155.181 24.1951 4
      vertex 155.181 24.1951 0
    endloop
  endfacet
  facet normal -0.989765 -0.142706 0
    outer loop
      vertex 155.181 24.1951 4
      vertex 155.195 24.098 0
      vertex 155.195 24.098 4
    endloop
  endfacet
  facet normal -0.855334 -0.518077 0
    outer loop
      vertex 155.082 24.4714 0
      vertex 155.031 24.5556 4
      vertex 155.031 24.5556 0
    endloop
  endfacet
  facet normal -0.855334 -0.518077 0
    outer loop
      vertex 155.031 24.5556 4
      vertex 155.082 24.4714 0
      vertex 155.082 24.4714 4
    endloop
  endfacet
  facet normal -0.805364 -0.592781 0
    outer loop
      vertex 155.031 24.5556 0
      vertex 154.973 24.6344 4
      vertex 154.973 24.6344 0
    endloop
  endfacet
  facet normal -0.805364 -0.592781 0
    outer loop
      vertex 154.973 24.6344 4
      vertex 155.031 24.5556 0
      vertex 155.031 24.5556 4
    endloop
  endfacet
  facet normal -0.9038 -0.427955 0
    outer loop
      vertex 155.124 24.3827 0
      vertex 155.082 24.4714 4
      vertex 155.082 24.4714 0
    endloop
  endfacet
  facet normal -0.9038 -0.427955 0
    outer loop
      vertex 155.082 24.4714 4
      vertex 155.124 24.3827 0
      vertex 155.124 24.3827 4
    endloop
  endfacet
  facet normal -0.243977 -0.969781 0
    outer loop
      vertex 154.395 24.9808 0
      vertex 154.49 24.9569 4
      vertex 154.395 24.9808 4
    endloop
  endfacet
  facet normal -0.243977 -0.969781 -0
    outer loop
      vertex 154.49 24.9569 4
      vertex 154.395 24.9808 0
      vertex 154.49 24.9569 0
    endloop
  endfacet
  facet normal -0.510024 -0.86016 0
    outer loop
      vertex 154.671 24.8819 0
      vertex 154.756 24.8315 4
      vertex 154.671 24.8819 4
    endloop
  endfacet
  facet normal -0.510024 -0.86016 -0
    outer loop
      vertex 154.756 24.8315 4
      vertex 154.671 24.8819 0
      vertex 154.756 24.8315 0
    endloop
  endfacet
  facet normal -0.670088 -0.742282 0
    outer loop
      vertex 154.834 24.773 0
      vertex 154.907 24.7071 4
      vertex 154.834 24.773 4
    endloop
  endfacet
  facet normal -0.670088 -0.742282 -0
    outer loop
      vertex 154.907 24.7071 4
      vertex 154.834 24.773 0
      vertex 154.907 24.7071 0
    endloop
  endfacet
  facet normal 0.740401 -0.672166 0
    outer loop
      vertex 152.227 24.6344 4
      vertex 152.293 24.7071 0
      vertex 152.293 24.7071 4
    endloop
  endfacet
  facet normal 0.740401 -0.672166 0
    outer loop
      vertex 152.293 24.7071 0
      vertex 152.227 24.6344 4
      vertex 152.227 24.6344 0
    endloop
  endfacet
  facet normal 0.43073 -0.902481 0
    outer loop
      vertex 152.529 24.8819 0
      vertex 152.617 24.9239 4
      vertex 152.529 24.8819 4
    endloop
  endfacet
  facet normal 0.43073 -0.902481 0
    outer loop
      vertex 152.617 24.9239 4
      vertex 152.529 24.8819 0
      vertex 152.617 24.9239 0
    endloop
  endfacet
  facet normal 0.33441 -0.942428 0
    outer loop
      vertex 152.617 24.9239 0
      vertex 152.71 24.9569 4
      vertex 152.617 24.9239 4
    endloop
  endfacet
  facet normal 0.33441 -0.942428 0
    outer loop
      vertex 152.71 24.9569 4
      vertex 152.617 24.9239 0
      vertex 152.71 24.9569 0
    endloop
  endfacet
  facet normal 0.510024 -0.86016 0
    outer loop
      vertex 152.444 24.8315 0
      vertex 152.529 24.8819 4
      vertex 152.444 24.8315 4
    endloop
  endfacet
  facet normal 0.510024 -0.86016 0
    outer loop
      vertex 152.529 24.8819 4
      vertex 152.444 24.8315 0
      vertex 152.529 24.8819 0
    endloop
  endfacet
  facet normal 0.670088 -0.742282 0
    outer loop
      vertex 152.293 24.7071 0
      vertex 152.366 24.773 4
      vertex 152.293 24.7071 4
    endloop
  endfacet
  facet normal 0.670088 -0.742282 0
    outer loop
      vertex 152.366 24.773 4
      vertex 152.293 24.7071 0
      vertex 152.366 24.773 0
    endloop
  endfacet
  facet normal 0.805364 -0.592781 0
    outer loop
      vertex 152.169 24.5556 4
      vertex 152.227 24.6344 0
      vertex 152.227 24.6344 4
    endloop
  endfacet
  facet normal 0.805364 -0.592781 0
    outer loop
      vertex 152.227 24.6344 0
      vertex 152.169 24.5556 4
      vertex 152.169 24.5556 0
    endloop
  endfacet
  facet normal 0.146844 -0.98916 0
    outer loop
      vertex 152.805 24.9808 0
      vertex 152.902 24.9952 4
      vertex 152.805 24.9808 4
    endloop
  endfacet
  facet normal 0.146844 -0.98916 0
    outer loop
      vertex 152.902 24.9952 4
      vertex 152.805 24.9808 0
      vertex 152.902 24.9952 0
    endloop
  endfacet
  facet normal 0 1 -0
    outer loop
      vertex 154.2 15 0
      vertex 153 15 4
      vertex 154.2 15 4
    endloop
  endfacet
  facet normal 0 1 0
    outer loop
      vertex 153 15 4
      vertex 154.2 15 0
      vertex 153 15 0
    endloop
  endfacet
  facet normal -0.146844 0.98916 0
    outer loop
      vertex 154.395 15.0192 0
      vertex 154.298 15.0048 4
      vertex 154.395 15.0192 4
    endloop
  endfacet
  facet normal -0.146844 0.98916 0
    outer loop
      vertex 154.298 15.0048 4
      vertex 154.395 15.0192 0
      vertex 154.298 15.0048 0
    endloop
  endfacet
  facet normal -0.335309 0.942108 0
    outer loop
      vertex 154.583 15.0761 0
      vertex 154.49 15.043 4
      vertex 154.583 15.0761 4
    endloop
  endfacet
  facet normal -0.335309 0.942108 0
    outer loop
      vertex 154.49 15.043 4
      vertex 154.583 15.0761 0
      vertex 154.49 15.043 0
    endloop
  endfacet
  facet normal -0.510024 0.86016 0
    outer loop
      vertex 154.756 15.1685 0
      vertex 154.671 15.1181 4
      vertex 154.756 15.1685 4
    endloop
  endfacet
  facet normal -0.510024 0.86016 0
    outer loop
      vertex 154.671 15.1181 4
      vertex 154.756 15.1685 0
      vertex 154.671 15.1181 0
    endloop
  endfacet
  facet normal -0.670088 0.742282 0
    outer loop
      vertex 154.907 15.2929 0
      vertex 154.834 15.227 4
      vertex 154.907 15.2929 4
    endloop
  endfacet
  facet normal -0.670088 0.742282 0
    outer loop
      vertex 154.834 15.227 4
      vertex 154.907 15.2929 0
      vertex 154.834 15.227 0
    endloop
  endfacet
  facet normal -0.805364 0.592781 0
    outer loop
      vertex 154.973 15.3656 0
      vertex 155.031 15.4444 4
      vertex 155.031 15.4444 0
    endloop
  endfacet
  facet normal -0.805364 0.592781 0
    outer loop
      vertex 155.031 15.4444 4
      vertex 154.973 15.3656 0
      vertex 154.973 15.3656 4
    endloop
  endfacet
  facet normal 0.510024 0.86016 -0
    outer loop
      vertex 152.529 15.1181 0
      vertex 152.444 15.1685 4
      vertex 152.529 15.1181 4
    endloop
  endfacet
  facet normal 0.510024 0.86016 0
    outer loop
      vertex 152.444 15.1685 4
      vertex 152.529 15.1181 0
      vertex 152.444 15.1685 0
    endloop
  endfacet
  facet normal 0.243016 0.970022 -0
    outer loop
      vertex 152.805 15.0192 0
      vertex 152.71 15.043 4
      vertex 152.805 15.0192 4
    endloop
  endfacet
  facet normal 0.243016 0.970022 0
    outer loop
      vertex 152.71 15.043 4
      vertex 152.805 15.0192 0
      vertex 152.71 15.043 0
    endloop
  endfacet
  facet normal 0.740401 0.672166 0
    outer loop
      vertex 152.293 15.2929 4
      vertex 152.227 15.3656 0
      vertex 152.227 15.3656 4
    endloop
  endfacet
  facet normal 0.740401 0.672166 0
    outer loop
      vertex 152.227 15.3656 0
      vertex 152.293 15.2929 4
      vertex 152.293 15.2929 0
    endloop
  endfacet
  facet normal 0.9038 0.427955 0
    outer loop
      vertex 152.118 15.5286 4
      vertex 152.076 15.6173 0
      vertex 152.076 15.6173 4
    endloop
  endfacet
  facet normal 0.9038 0.427955 0
    outer loop
      vertex 152.076 15.6173 0
      vertex 152.118 15.5286 4
      vertex 152.118 15.5286 0
    endloop
  endfacet
  facet normal 0.969661 0.244452 0
    outer loop
      vertex 152.043 15.7097 4
      vertex 152.019 15.8049 0
      vertex 152.019 15.8049 4
    endloop
  endfacet
  facet normal 0.969661 0.244452 0
    outer loop
      vertex 152.019 15.8049 0
      vertex 152.043 15.7097 4
      vertex 152.043 15.7097 0
    endloop
  endfacet
  facet normal 0.855334 -0.518077 0
    outer loop
      vertex 152.118 24.4714 4
      vertex 152.169 24.5556 0
      vertex 152.169 24.5556 4
    endloop
  endfacet
  facet normal 0.855334 -0.518077 0
    outer loop
      vertex 152.169 24.5556 0
      vertex 152.118 24.4714 4
      vertex 152.118 24.4714 0
    endloop
  endfacet
  facet normal -0.243016 0.970022 0
    outer loop
      vertex 154.49 15.043 0
      vertex 154.395 15.0192 4
      vertex 154.49 15.043 4
    endloop
  endfacet
  facet normal -0.243016 0.970022 0
    outer loop
      vertex 154.395 15.0192 4
      vertex 154.49 15.043 0
      vertex 154.395 15.0192 0
    endloop
  endfacet
  facet normal -0.43073 0.902481 0
    outer loop
      vertex 154.671 15.1181 0
      vertex 154.583 15.0761 4
      vertex 154.671 15.1181 4
    endloop
  endfacet
  facet normal -0.43073 0.902481 0
    outer loop
      vertex 154.583 15.0761 4
      vertex 154.671 15.1181 0
      vertex 154.583 15.0761 0
    endloop
  endfacet
  facet normal -0.6 0.8 0
    outer loop
      vertex 154.834 15.227 0
      vertex 154.756 15.1685 4
      vertex 154.834 15.227 4
    endloop
  endfacet
  facet normal -0.6 0.8 0
    outer loop
      vertex 154.756 15.1685 4
      vertex 154.834 15.227 0
      vertex 154.756 15.1685 0
    endloop
  endfacet
  facet normal -0.740401 0.672166 0
    outer loop
      vertex 154.907 15.2929 0
      vertex 154.973 15.3656 4
      vertex 154.973 15.3656 0
    endloop
  endfacet
  facet normal -0.740401 0.672166 0
    outer loop
      vertex 154.973 15.3656 4
      vertex 154.907 15.2929 0
      vertex 154.907 15.2929 4
    endloop
  endfacet
  facet normal -0.855334 0.518077 0
    outer loop
      vertex 155.031 15.4444 0
      vertex 155.082 15.5286 4
      vertex 155.082 15.5286 0
    endloop
  endfacet
  facet normal -0.855334 0.518077 0
    outer loop
      vertex 155.082 15.5286 4
      vertex 155.031 15.4444 0
      vertex 155.031 15.4444 4
    endloop
  endfacet
  facet normal 0.43073 0.902481 -0
    outer loop
      vertex 152.617 15.0761 0
      vertex 152.529 15.1181 4
      vertex 152.617 15.0761 4
    endloop
  endfacet
  facet normal 0.43073 0.902481 0
    outer loop
      vertex 152.529 15.1181 4
      vertex 152.617 15.0761 0
      vertex 152.529 15.1181 0
    endloop
  endfacet
  facet normal 0.855334 0.518077 0
    outer loop
      vertex 152.169 15.4444 4
      vertex 152.118 15.5286 0
      vertex 152.118 15.5286 4
    endloop
  endfacet
  facet normal 0.855334 0.518077 0
    outer loop
      vertex 152.118 15.5286 0
      vertex 152.169 15.4444 4
      vertex 152.169 15.4444 0
    endloop
  endfacet
  facet normal 0.941742 0.336336 0
    outer loop
      vertex 152.076 15.6173 4
      vertex 152.043 15.7097 0
      vertex 152.043 15.7097 4
    endloop
  endfacet
  facet normal 0.941742 0.336336 0
    outer loop
      vertex 152.043 15.7097 0
      vertex 152.076 15.6173 4
      vertex 152.076 15.6173 0
    endloop
  endfacet
  facet normal -0.9038 0.427955 0
    outer loop
      vertex 155.082 15.5286 0
      vertex 155.124 15.6173 4
      vertex 155.124 15.6173 0
    endloop
  endfacet
  facet normal -0.9038 0.427955 0
    outer loop
      vertex 155.124 15.6173 4
      vertex 155.082 15.5286 0
      vertex 155.082 15.5286 4
    endloop
  endfacet
  facet normal 0.989765 0.142706 0
    outer loop
      vertex 145.019 35.8049 4
      vertex 145.005 35.902 0
      vertex 145.005 35.902 4
    endloop
  endfacet
  facet normal 0.989765 0.142706 0
    outer loop
      vertex 145.005 35.902 0
      vertex 145.019 35.8049 4
      vertex 145.019 35.8049 0
    endloop
  endfacet
  facet normal 1 -0 0
    outer loop
      vertex 145 36 4
      vertex 145 44 0
      vertex 145 44 4
    endloop
  endfacet
  facet normal 1 0 0
    outer loop
      vertex 145 44 0
      vertex 145 36 4
      vertex 145 36 0
    endloop
  endfacet
  facet normal -0.998701 -0.0509541 0
    outer loop
      vertex 148.2 44 0
      vertex 148.195 44.098 4
      vertex 148.195 44.098 0
    endloop
  endfacet
  facet normal -0.998701 -0.0509541 0
    outer loop
      vertex 148.195 44.098 4
      vertex 148.2 44 0
      vertex 148.2 44 4
    endloop
  endfacet
  facet normal 0.998701 0.0509541 0
    outer loop
      vertex 145.005 35.902 4
      vertex 145 36 0
      vertex 145 36 4
    endloop
  endfacet
  facet normal 0.998701 0.0509541 0
    outer loop
      vertex 145 36 0
      vertex 145.005 35.902 4
      vertex 145.005 35.902 0
    endloop
  endfacet
  facet normal -0.9038 0.427955 0
    outer loop
      vertex 148.082 35.5286 0
      vertex 148.124 35.6173 4
      vertex 148.124 35.6173 0
    endloop
  endfacet
  facet normal -0.9038 0.427955 0
    outer loop
      vertex 148.124 35.6173 4
      vertex 148.082 35.5286 0
      vertex 148.082 35.5286 4
    endloop
  endfacet
  facet normal 0.9038 -0.427955 0
    outer loop
      vertex 145.076 44.3827 4
      vertex 145.118 44.4714 0
      vertex 145.118 44.4714 4
    endloop
  endfacet
  facet normal 0.9038 -0.427955 0
    outer loop
      vertex 145.118 44.4714 0
      vertex 145.076 44.3827 4
      vertex 145.076 44.3827 0
    endloop
  endfacet
  facet normal 0.146844 0.98916 -0
    outer loop
      vertex 145.902 35.0048 0
      vertex 145.805 35.0192 4
      vertex 145.902 35.0048 4
    endloop
  endfacet
  facet normal 0.146844 0.98916 0
    outer loop
      vertex 145.805 35.0192 4
      vertex 145.902 35.0048 0
      vertex 145.805 35.0192 0
    endloop
  endfacet
  facet normal -0.146844 -0.98916 0
    outer loop
      vertex 147.298 44.9952 0
      vertex 147.395 44.9808 4
      vertex 147.298 44.9952 4
    endloop
  endfacet
  facet normal -0.146844 -0.98916 -0
    outer loop
      vertex 147.395 44.9808 4
      vertex 147.298 44.9952 0
      vertex 147.395 44.9808 0
    endloop
  endfacet
  facet normal 0.998701 -0.0509541 0
    outer loop
      vertex 145 44 4
      vertex 145.005 44.098 0
      vertex 145.005 44.098 4
    endloop
  endfacet
  facet normal 0.998701 -0.0509541 0
    outer loop
      vertex 145.005 44.098 0
      vertex 145 44 4
      vertex 145 44 0
    endloop
  endfacet
  facet normal -0.998701 0.0509541 0
    outer loop
      vertex 148.195 35.902 0
      vertex 148.2 36 4
      vertex 148.2 36 0
    endloop
  endfacet
  facet normal -0.998701 0.0509541 0
    outer loop
      vertex 148.2 36 4
      vertex 148.195 35.902 0
      vertex 148.195 35.902 4
    endloop
  endfacet
  facet normal -1 0 0
    outer loop
      vertex 148.2 36 0
      vertex 148.2 44 4
      vertex 148.2 44 0
    endloop
  endfacet
  facet normal -1 -0 0
    outer loop
      vertex 148.2 44 4
      vertex 148.2 36 0
      vertex 148.2 36 4
    endloop
  endfacet
  facet normal 0.670088 0.742282 -0
    outer loop
      vertex 145.366 35.227 0
      vertex 145.293 35.2929 4
      vertex 145.366 35.227 4
    endloop
  endfacet
  facet normal 0.670088 0.742282 0
    outer loop
      vertex 145.293 35.2929 4
      vertex 145.366 35.227 0
      vertex 145.293 35.2929 0
    endloop
  endfacet
  facet normal -0.740401 -0.672166 0
    outer loop
      vertex 147.973 44.6344 0
      vertex 147.907 44.7071 4
      vertex 147.907 44.7071 0
    endloop
  endfacet
  facet normal -0.740401 -0.672166 0
    outer loop
      vertex 147.907 44.7071 4
      vertex 147.973 44.6344 0
      vertex 147.973 44.6344 4
    endloop
  endfacet
  facet normal 0.243977 -0.969781 0
    outer loop
      vertex 145.71 44.9569 0
      vertex 145.805 44.9808 4
      vertex 145.71 44.9569 4
    endloop
  endfacet
  facet normal 0.243977 -0.969781 0
    outer loop
      vertex 145.805 44.9808 4
      vertex 145.71 44.9569 0
      vertex 145.805 44.9808 0
    endloop
  endfacet
  facet normal 0 -1 0
    outer loop
      vertex 146 45 0
      vertex 147.2 45 4
      vertex 146 45 4
    endloop
  endfacet
  facet normal 0 -1 -0
    outer loop
      vertex 147.2 45 4
      vertex 146 45 0
      vertex 147.2 45 0
    endloop
  endfacet
  facet normal 0.969661 -0.244452 0
    outer loop
      vertex 145.019 44.1951 4
      vertex 145.043 44.2903 0
      vertex 145.043 44.2903 4
    endloop
  endfacet
  facet normal 0.969661 -0.244452 0
    outer loop
      vertex 145.043 44.2903 0
      vertex 145.019 44.1951 4
      vertex 145.019 44.1951 0
    endloop
  endfacet
  facet normal 0.941742 -0.336336 0
    outer loop
      vertex 145.043 44.2903 4
      vertex 145.076 44.3827 0
      vertex 145.076 44.3827 4
    endloop
  endfacet
  facet normal 0.941742 -0.336336 0
    outer loop
      vertex 145.076 44.3827 0
      vertex 145.043 44.2903 4
      vertex 145.043 44.2903 0
    endloop
  endfacet
  facet normal 0.989765 -0.142706 0
    outer loop
      vertex 145.005 44.098 4
      vertex 145.019 44.1951 0
      vertex 145.019 44.1951 4
    endloop
  endfacet
  facet normal 0.989765 -0.142706 0
    outer loop
      vertex 145.019 44.1951 0
      vertex 145.005 44.098 4
      vertex 145.005 44.098 0
    endloop
  endfacet
  facet normal -0.941742 0.336336 0
    outer loop
      vertex 148.124 35.6173 0
      vertex 148.157 35.7097 4
      vertex 148.157 35.7097 0
    endloop
  endfacet
  facet normal -0.941742 0.336336 0
    outer loop
      vertex 148.157 35.7097 4
      vertex 148.124 35.6173 0
      vertex 148.124 35.6173 4
    endloop
  endfacet
  facet normal -0.989765 0.142706 0
    outer loop
      vertex 148.181 35.8049 0
      vertex 148.195 35.902 4
      vertex 148.195 35.902 0
    endloop
  endfacet
  facet normal -0.989765 0.142706 0
    outer loop
      vertex 148.195 35.902 4
      vertex 148.181 35.8049 0
      vertex 148.181 35.8049 4
    endloop
  endfacet
  facet normal 0.855334 0.518077 0
    outer loop
      vertex 145.169 35.4444 4
      vertex 145.118 35.5286 0
      vertex 145.118 35.5286 4
    endloop
  endfacet
  facet normal 0.855334 0.518077 0
    outer loop
      vertex 145.118 35.5286 0
      vertex 145.169 35.4444 4
      vertex 145.169 35.4444 0
    endloop
  endfacet
  facet normal -0.941742 -0.336336 0
    outer loop
      vertex 148.157 44.2903 0
      vertex 148.124 44.3827 4
      vertex 148.124 44.3827 0
    endloop
  endfacet
  facet normal -0.941742 -0.336336 0
    outer loop
      vertex 148.124 44.3827 4
      vertex 148.157 44.2903 0
      vertex 148.157 44.2903 4
    endloop
  endfacet
  facet normal -0.43073 -0.902481 0
    outer loop
      vertex 147.583 44.9239 0
      vertex 147.671 44.8819 4
      vertex 147.583 44.9239 4
    endloop
  endfacet
  facet normal -0.43073 -0.902481 -0
    outer loop
      vertex 147.671 44.8819 4
      vertex 147.583 44.9239 0
      vertex 147.671 44.8819 0
    endloop
  endfacet
  facet normal -0.33441 -0.942428 0
    outer loop
      vertex 147.49 44.9569 0
      vertex 147.583 44.9239 4
      vertex 147.49 44.9569 4
    endloop
  endfacet
  facet normal -0.33441 -0.942428 -0
    outer loop
      vertex 147.583 44.9239 4
      vertex 147.49 44.9569 0
      vertex 147.583 44.9239 0
    endloop
  endfacet
  facet normal -0.6 -0.8 0
    outer loop
      vertex 147.756 44.8315 0
      vertex 147.834 44.773 4
      vertex 147.756 44.8315 4
    endloop
  endfacet
  facet normal -0.6 -0.8 -0
    outer loop
      vertex 147.834 44.773 4
      vertex 147.756 44.8315 0
      vertex 147.834 44.773 0
    endloop
  endfacet
  facet normal 0.6 -0.8 0
    outer loop
      vertex 145.366 44.773 0
      vertex 145.444 44.8315 4
      vertex 145.366 44.773 4
    endloop
  endfacet
  facet normal 0.6 -0.8 0
    outer loop
      vertex 145.444 44.8315 4
      vertex 145.366 44.773 0
      vertex 145.444 44.8315 0
    endloop
  endfacet
  facet normal 0.0489209 -0.998803 0
    outer loop
      vertex 145.902 44.9952 0
      vertex 146 45 4
      vertex 145.902 44.9952 4
    endloop
  endfacet
  facet normal 0.0489209 -0.998803 0
    outer loop
      vertex 146 45 4
      vertex 145.902 44.9952 0
      vertex 146 45 0
    endloop
  endfacet
  facet normal -0.0489209 -0.998803 0
    outer loop
      vertex 147.2 45 0
      vertex 147.298 44.9952 4
      vertex 147.2 45 4
    endloop
  endfacet
  facet normal -0.0489209 -0.998803 -0
    outer loop
      vertex 147.298 44.9952 4
      vertex 147.2 45 0
      vertex 147.298 44.9952 0
    endloop
  endfacet
  facet normal -0.969661 0.244452 0
    outer loop
      vertex 148.157 35.7097 0
      vertex 148.181 35.8049 4
      vertex 148.181 35.8049 0
    endloop
  endfacet
  facet normal -0.969661 0.244452 0
    outer loop
      vertex 148.181 35.8049 4
      vertex 148.157 35.7097 0
      vertex 148.157 35.7097 4
    endloop
  endfacet
  facet normal 0.0489209 0.998803 -0
    outer loop
      vertex 146 35 0
      vertex 145.902 35.0048 4
      vertex 146 35 4
    endloop
  endfacet
  facet normal 0.0489209 0.998803 0
    outer loop
      vertex 145.902 35.0048 4
      vertex 146 35 0
      vertex 145.902 35.0048 0
    endloop
  endfacet
  facet normal -0.0489209 0.998803 0
    outer loop
      vertex 147.298 35.0048 0
      vertex 147.2 35 4
      vertex 147.298 35.0048 4
    endloop
  endfacet
  facet normal -0.0489209 0.998803 0
    outer loop
      vertex 147.2 35 4
      vertex 147.298 35.0048 0
      vertex 147.2 35 0
    endloop
  endfacet
  facet normal 0.43073 0.902481 -0
    outer loop
      vertex 145.617 35.0761 0
      vertex 145.529 35.1181 4
      vertex 145.617 35.0761 4
    endloop
  endfacet
  facet normal 0.43073 0.902481 0
    outer loop
      vertex 145.529 35.1181 4
      vertex 145.617 35.0761 0
      vertex 145.529 35.1181 0
    endloop
  endfacet
  facet normal 0.6 0.8 -0
    outer loop
      vertex 145.444 35.1685 0
      vertex 145.366 35.227 4
      vertex 145.444 35.1685 4
    endloop
  endfacet
  facet normal 0.6 0.8 0
    outer loop
      vertex 145.366 35.227 4
      vertex 145.444 35.1685 0
      vertex 145.366 35.227 0
    endloop
  endfacet
  facet normal 0.335309 0.942108 -0
    outer loop
      vertex 145.71 35.043 0
      vertex 145.617 35.0761 4
      vertex 145.71 35.043 4
    endloop
  endfacet
  facet normal 0.335309 0.942108 0
    outer loop
      vertex 145.617 35.0761 4
      vertex 145.71 35.043 0
      vertex 145.617 35.0761 0
    endloop
  endfacet
  facet normal 0.805364 0.592781 0
    outer loop
      vertex 145.227 35.3656 4
      vertex 145.169 35.4444 0
      vertex 145.169 35.4444 4
    endloop
  endfacet
  facet normal 0.805364 0.592781 0
    outer loop
      vertex 145.169 35.4444 0
      vertex 145.227 35.3656 4
      vertex 145.227 35.3656 0
    endloop
  endfacet
  facet normal -0.969661 -0.244452 0
    outer loop
      vertex 148.181 44.1951 0
      vertex 148.157 44.2903 4
      vertex 148.157 44.2903 0
    endloop
  endfacet
  facet normal -0.969661 -0.244452 0
    outer loop
      vertex 148.157 44.2903 4
      vertex 148.181 44.1951 0
      vertex 148.181 44.1951 4
    endloop
  endfacet
  facet normal -0.989765 -0.142706 0
    outer loop
      vertex 148.195 44.098 0
      vertex 148.181 44.1951 4
      vertex 148.181 44.1951 0
    endloop
  endfacet
  facet normal -0.989765 -0.142706 0
    outer loop
      vertex 148.181 44.1951 4
      vertex 148.195 44.098 0
      vertex 148.195 44.098 4
    endloop
  endfacet
  facet normal -0.855334 -0.518077 0
    outer loop
      vertex 148.082 44.4714 0
      vertex 148.031 44.5556 4
      vertex 148.031 44.5556 0
    endloop
  endfacet
  facet normal -0.855334 -0.518077 0
    outer loop
      vertex 148.031 44.5556 4
      vertex 148.082 44.4714 0
      vertex 148.082 44.4714 4
    endloop
  endfacet
  facet normal -0.805364 -0.592781 0
    outer loop
      vertex 148.031 44.5556 0
      vertex 147.973 44.6344 4
      vertex 147.973 44.6344 0
    endloop
  endfacet
  facet normal -0.805364 -0.592781 0
    outer loop
      vertex 147.973 44.6344 4
      vertex 148.031 44.5556 0
      vertex 148.031 44.5556 4
    endloop
  endfacet
  facet normal -0.9038 -0.427955 0
    outer loop
      vertex 148.124 44.3827 0
      vertex 148.082 44.4714 4
      vertex 148.082 44.4714 0
    endloop
  endfacet
  facet normal -0.9038 -0.427955 0
    outer loop
      vertex 148.082 44.4714 4
      vertex 148.124 44.3827 0
      vertex 148.124 44.3827 4
    endloop
  endfacet
  facet normal -0.243977 -0.969781 0
    outer loop
      vertex 147.395 44.9808 0
      vertex 147.49 44.9569 4
      vertex 147.395 44.9808 4
    endloop
  endfacet
  facet normal -0.243977 -0.969781 -0
    outer loop
      vertex 147.49 44.9569 4
      vertex 147.395 44.9808 0
      vertex 147.49 44.9569 0
    endloop
  endfacet
  facet normal -0.510024 -0.86016 0
    outer loop
      vertex 147.671 44.8819 0
      vertex 147.756 44.8315 4
      vertex 147.671 44.8819 4
    endloop
  endfacet
  facet normal -0.510024 -0.86016 -0
    outer loop
      vertex 147.756 44.8315 4
      vertex 147.671 44.8819 0
      vertex 147.756 44.8315 0
    endloop
  endfacet
  facet normal -0.670088 -0.742282 0
    outer loop
      vertex 147.834 44.773 0
      vertex 147.907 44.7071 4
      vertex 147.834 44.773 4
    endloop
  endfacet
  facet normal -0.670088 -0.742282 -0
    outer loop
      vertex 147.907 44.7071 4
      vertex 147.834 44.773 0
      vertex 147.907 44.7071 0
    endloop
  endfacet
  facet normal 0.740401 -0.672166 0
    outer loop
      vertex 145.227 44.6344 4
      vertex 145.293 44.7071 0
      vertex 145.293 44.7071 4
    endloop
  endfacet
  facet normal 0.740401 -0.672166 0
    outer loop
      vertex 145.293 44.7071 0
      vertex 145.227 44.6344 4
      vertex 145.227 44.6344 0
    endloop
  endfacet
  facet normal 0.43073 -0.902481 0
    outer loop
      vertex 145.529 44.8819 0
      vertex 145.617 44.9239 4
      vertex 145.529 44.8819 4
    endloop
  endfacet
  facet normal 0.43073 -0.902481 0
    outer loop
      vertex 145.617 44.9239 4
      vertex 145.529 44.8819 0
      vertex 145.617 44.9239 0
    endloop
  endfacet
  facet normal 0.33441 -0.942428 0
    outer loop
      vertex 145.617 44.9239 0
      vertex 145.71 44.9569 4
      vertex 145.617 44.9239 4
    endloop
  endfacet
  facet normal 0.33441 -0.942428 0
    outer loop
      vertex 145.71 44.9569 4
      vertex 145.617 44.9239 0
      vertex 145.71 44.9569 0
    endloop
  endfacet
  facet normal 0.510024 -0.86016 0
    outer loop
      vertex 145.444 44.8315 0
      vertex 145.529 44.8819 4
      vertex 145.444 44.8315 4
    endloop
  endfacet
  facet normal 0.510024 -0.86016 0
    outer loop
      vertex 145.529 44.8819 4
      vertex 145.444 44.8315 0
      vertex 145.529 44.8819 0
    endloop
  endfacet
  facet normal 0.670088 -0.742282 0
    outer loop
      vertex 145.293 44.7071 0
      vertex 145.366 44.773 4
      vertex 145.293 44.7071 4
    endloop
  endfacet
  facet normal 0.670088 -0.742282 0
    outer loop
      vertex 145.366 44.773 4
      vertex 145.293 44.7071 0
      vertex 145.366 44.773 0
    endloop
  endfacet
  facet normal 0.805364 -0.592781 0
    outer loop
      vertex 145.169 44.5556 4
      vertex 145.227 44.6344 0
      vertex 145.227 44.6344 4
    endloop
  endfacet
  facet normal 0.805364 -0.592781 0
    outer loop
      vertex 145.227 44.6344 0
      vertex 145.169 44.5556 4
      vertex 145.169 44.5556 0
    endloop
  endfacet
  facet normal 0.146844 -0.98916 0
    outer loop
      vertex 145.805 44.9808 0
      vertex 145.902 44.9952 4
      vertex 145.805 44.9808 4
    endloop
  endfacet
  facet normal 0.146844 -0.98916 0
    outer loop
      vertex 145.902 44.9952 4
      vertex 145.805 44.9808 0
      vertex 145.902 44.9952 0
    endloop
  endfacet
  facet normal 0 1 -0
    outer loop
      vertex 147.2 35 0
      vertex 146 35 4
      vertex 147.2 35 4
    endloop
  endfacet
  facet normal 0 1 0
    outer loop
      vertex 146 35 4
      vertex 147.2 35 0
      vertex 146 35 0
    endloop
  endfacet
  facet normal -0.146844 0.98916 0
    outer loop
      vertex 147.395 35.0192 0
      vertex 147.298 35.0048 4
      vertex 147.395 35.0192 4
    endloop
  endfacet
  facet normal -0.146844 0.98916 0
    outer loop
      vertex 147.298 35.0048 4
      vertex 147.395 35.0192 0
      vertex 147.298 35.0048 0
    endloop
  endfacet
  facet normal -0.335309 0.942108 0
    outer loop
      vertex 147.583 35.0761 0
      vertex 147.49 35.043 4
      vertex 147.583 35.0761 4
    endloop
  endfacet
  facet normal -0.335309 0.942108 0
    outer loop
      vertex 147.49 35.043 4
      vertex 147.583 35.0761 0
      vertex 147.49 35.043 0
    endloop
  endfacet
  facet normal -0.510024 0.86016 0
    outer loop
      vertex 147.756 35.1685 0
      vertex 147.671 35.1181 4
      vertex 147.756 35.1685 4
    endloop
  endfacet
  facet normal -0.510024 0.86016 0
    outer loop
      vertex 147.671 35.1181 4
      vertex 147.756 35.1685 0
      vertex 147.671 35.1181 0
    endloop
  endfacet
  facet normal -0.670088 0.742282 0
    outer loop
      vertex 147.907 35.2929 0
      vertex 147.834 35.227 4
      vertex 147.907 35.2929 4
    endloop
  endfacet
  facet normal -0.670088 0.742282 0
    outer loop
      vertex 147.834 35.227 4
      vertex 147.907 35.2929 0
      vertex 147.834 35.227 0
    endloop
  endfacet
  facet normal -0.805364 0.592781 0
    outer loop
      vertex 147.973 35.3656 0
      vertex 148.031 35.4444 4
      vertex 148.031 35.4444 0
    endloop
  endfacet
  facet normal -0.805364 0.592781 0
    outer loop
      vertex 148.031 35.4444 4
      vertex 147.973 35.3656 0
      vertex 147.973 35.3656 4
    endloop
  endfacet
  facet normal 0.510024 0.86016 -0
    outer loop
      vertex 145.529 35.1181 0
      vertex 145.444 35.1685 4
      vertex 145.529 35.1181 4
    endloop
  endfacet
  facet normal 0.510024 0.86016 0
    outer loop
      vertex 145.444 35.1685 4
      vertex 145.529 35.1181 0
      vertex 145.444 35.1685 0
    endloop
  endfacet
  facet normal 0.243016 0.970022 -0
    outer loop
      vertex 145.805 35.0192 0
      vertex 145.71 35.043 4
      vertex 145.805 35.0192 4
    endloop
  endfacet
  facet normal 0.243016 0.970022 0
    outer loop
      vertex 145.71 35.043 4
      vertex 145.805 35.0192 0
      vertex 145.71 35.043 0
    endloop
  endfacet
  facet normal 0.740401 0.672166 0
    outer loop
      vertex 145.293 35.2929 4
      vertex 145.227 35.3656 0
      vertex 145.227 35.3656 4
    endloop
  endfacet
  facet normal 0.740401 0.672166 0
    outer loop
      vertex 145.227 35.3656 0
      vertex 145.293 35.2929 4
      vertex 145.293 35.2929 0
    endloop
  endfacet
  facet normal 0.9038 0.427955 0
    outer loop
      vertex 145.118 35.5286 4
      vertex 145.076 35.6173 0
      vertex 145.076 35.6173 4
    endloop
  endfacet
  facet normal 0.9038 0.427955 0
    outer loop
      vertex 145.076 35.6173 0
      vertex 145.118 35.5286 4
      vertex 145.118 35.5286 0
    endloop
  endfacet
  facet normal 0.969661 0.244452 0
    outer loop
      vertex 145.043 35.7097 4
      vertex 145.019 35.8049 0
      vertex 145.019 35.8049 4
    endloop
  endfacet
  facet normal 0.969661 0.244452 0
    outer loop
      vertex 145.019 35.8049 0
      vertex 145.043 35.7097 4
      vertex 145.043 35.7097 0
    endloop
  endfacet
  facet normal 0.855334 -0.518077 0
    outer loop
      vertex 145.118 44.4714 4
      vertex 145.169 44.5556 0
      vertex 145.169 44.5556 4
    endloop
  endfacet
  facet normal 0.855334 -0.518077 0
    outer loop
      vertex 145.169 44.5556 0
      vertex 145.118 44.4714 4
      vertex 145.118 44.4714 0
    endloop
  endfacet
  facet normal -0.243016 0.970022 0
    outer loop
      vertex 147.49 35.043 0
      vertex 147.395 35.0192 4
      vertex 147.49 35.043 4
    endloop
  endfacet
  facet normal -0.243016 0.970022 0
    outer loop
      vertex 147.395 35.0192 4
      vertex 147.49 35.043 0
      vertex 147.395 35.0192 0
    endloop
  endfacet
  facet normal -0.43073 0.902481 0
    outer loop
      vertex 147.671 35.1181 0
      vertex 147.583 35.0761 4
      vertex 147.671 35.1181 4
    endloop
  endfacet
  facet normal -0.43073 0.902481 0
    outer loop
      vertex 147.583 35.0761 4
      vertex 147.671 35.1181 0
      vertex 147.583 35.0761 0
    endloop
  endfacet
  facet normal -0.6 0.8 0
    outer loop
      vertex 147.834 35.227 0
      vertex 147.756 35.1685 4
      vertex 147.834 35.227 4
    endloop
  endfacet
  facet normal -0.6 0.8 0
    outer loop
      vertex 147.756 35.1685 4
      vertex 147.834 35.227 0
      vertex 147.756 35.1685 0
    endloop
  endfacet
  facet normal -0.740401 0.672166 0
    outer loop
      vertex 147.907 35.2929 0
      vertex 147.973 35.3656 4
      vertex 147.973 35.3656 0
    endloop
  endfacet
  facet normal -0.740401 0.672166 0
    outer loop
      vertex 147.973 35.3656 4
      vertex 147.907 35.2929 0
      vertex 147.907 35.2929 4
    endloop
  endfacet
  facet normal -0.855334 0.518077 0
    outer loop
      vertex 148.031 35.4444 0
      vertex 148.082 35.5286 4
      vertex 148.082 35.5286 0
    endloop
  endfacet
  facet normal -0.855334 0.518077 0
    outer loop
      vertex 148.082 35.5286 4
      vertex 148.031 35.4444 0
      vertex 148.031 35.4444 4
    endloop
  endfacet
  facet normal 0.941742 0.336336 0
    outer loop
      vertex 145.076 35.6173 4
      vertex 145.043 35.7097 0
      vertex 145.043 35.7097 4
    endloop
  endfacet
  facet normal 0.941742 0.336336 0
    outer loop
      vertex 145.043 35.7097 0
      vertex 145.076 35.6173 4
      vertex 145.076 35.6173 0
    endloop
  endfacet
  facet normal 0.989765 0.142706 0
    outer loop
      vertex 152.019 35.8049 4
      vertex 152.005 35.902 0
      vertex 152.005 35.902 4
    endloop
  endfacet
  facet normal 0.989765 0.142706 0
    outer loop
      vertex 152.005 35.902 0
      vertex 152.019 35.8049 4
      vertex 152.019 35.8049 0
    endloop
  endfacet
  facet normal 1 -0 0
    outer loop
      vertex 152 36 4
      vertex 152 44 0
      vertex 152 44 4
    endloop
  endfacet
  facet normal 1 0 0
    outer loop
      vertex 152 44 0
      vertex 152 36 4
      vertex 152 36 0
    endloop
  endfacet
  facet normal -0.998701 -0.0509541 0
    outer loop
      vertex 155.2 44 0
      vertex 155.195 44.098 4
      vertex 155.195 44.098 0
    endloop
  endfacet
  facet normal -0.998701 -0.0509541 0
    outer loop
      vertex 155.195 44.098 4
      vertex 155.2 44 0
      vertex 155.2 44 4
    endloop
  endfacet
  facet normal 0.998701 0.0509541 0
    outer loop
      vertex 152.005 35.902 4
      vertex 152 36 0
      vertex 152 36 4
    endloop
  endfacet
  facet normal 0.998701 0.0509541 0
    outer loop
      vertex 152 36 0
      vertex 152.005 35.902 4
      vertex 152.005 35.902 0
    endloop
  endfacet
  facet normal -0.9038 0.427955 0
    outer loop
      vertex 155.082 35.5286 0
      vertex 155.124 35.6173 4
      vertex 155.124 35.6173 0
    endloop
  endfacet
  facet normal -0.9038 0.427955 0
    outer loop
      vertex 155.124 35.6173 4
      vertex 155.082 35.5286 0
      vertex 155.082 35.5286 4
    endloop
  endfacet
  facet normal 0.9038 -0.427955 0
    outer loop
      vertex 152.076 44.3827 4
      vertex 152.118 44.4714 0
      vertex 152.118 44.4714 4
    endloop
  endfacet
  facet normal 0.9038 -0.427955 0
    outer loop
      vertex 152.118 44.4714 0
      vertex 152.076 44.3827 4
      vertex 152.076 44.3827 0
    endloop
  endfacet
  facet normal -0.146844 -0.98916 0
    outer loop
      vertex 154.298 44.9952 0
      vertex 154.395 44.9808 4
      vertex 154.298 44.9952 4
    endloop
  endfacet
  facet normal -0.146844 -0.98916 -0
    outer loop
      vertex 154.395 44.9808 4
      vertex 154.298 44.9952 0
      vertex 154.395 44.9808 0
    endloop
  endfacet
  facet normal 0.998701 -0.0509541 0
    outer loop
      vertex 152 44 4
      vertex 152.005 44.098 0
      vertex 152.005 44.098 4
    endloop
  endfacet
  facet normal 0.998701 -0.0509541 0
    outer loop
      vertex 152.005 44.098 0
      vertex 152 44 4
      vertex 152 44 0
    endloop
  endfacet
  facet normal -1 0 0
    outer loop
      vertex 155.2 36 0
      vertex 155.2 44 4
      vertex 155.2 44 0
    endloop
  endfacet
  facet normal -1 -0 0
    outer loop
      vertex 155.2 44 4
      vertex 155.2 36 0
      vertex 155.2 36 4
    endloop
  endfacet
  facet normal 0.670088 0.742282 -0
    outer loop
      vertex 152.366 35.227 0
      vertex 152.293 35.2929 4
      vertex 152.366 35.227 4
    endloop
  endfacet
  facet normal 0.670088 0.742282 0
    outer loop
      vertex 152.293 35.2929 4
      vertex 152.366 35.227 0
      vertex 152.293 35.2929 0
    endloop
  endfacet
  facet normal -0.740401 -0.672166 0
    outer loop
      vertex 154.973 44.6344 0
      vertex 154.907 44.7071 4
      vertex 154.907 44.7071 0
    endloop
  endfacet
  facet normal -0.740401 -0.672166 0
    outer loop
      vertex 154.907 44.7071 4
      vertex 154.973 44.6344 0
      vertex 154.973 44.6344 4
    endloop
  endfacet
  facet normal 0.243977 -0.969781 0
    outer loop
      vertex 152.71 44.9569 0
      vertex 152.805 44.9808 4
      vertex 152.71 44.9569 4
    endloop
  endfacet
  facet normal 0.243977 -0.969781 0
    outer loop
      vertex 152.805 44.9808 4
      vertex 152.71 44.9569 0
      vertex 152.805 44.9808 0
    endloop
  endfacet
  facet normal 0 -1 0
    outer loop
      vertex 153 45 0
      vertex 154.2 45 4
      vertex 153 45 4
    endloop
  endfacet
  facet normal 0 -1 -0
    outer loop
      vertex 154.2 45 4
      vertex 153 45 0
      vertex 154.2 45 0
    endloop
  endfacet
  facet normal 0.969661 -0.244452 0
    outer loop
      vertex 152.019 44.1951 4
      vertex 152.043 44.2903 0
      vertex 152.043 44.2903 4
    endloop
  endfacet
  facet normal 0.969661 -0.244452 0
    outer loop
      vertex 152.043 44.2903 0
      vertex 152.019 44.1951 4
      vertex 152.019 44.1951 0
    endloop
  endfacet
  facet normal 0.941742 -0.336336 0
    outer loop
      vertex 152.043 44.2903 4
      vertex 152.076 44.3827 0
      vertex 152.076 44.3827 4
    endloop
  endfacet
  facet normal 0.941742 -0.336336 0
    outer loop
      vertex 152.076 44.3827 0
      vertex 152.043 44.2903 4
      vertex 152.043 44.2903 0
    endloop
  endfacet
  facet normal 0.989765 -0.142706 0
    outer loop
      vertex 152.005 44.098 4
      vertex 152.019 44.1951 0
      vertex 152.019 44.1951 4
    endloop
  endfacet
  facet normal 0.989765 -0.142706 0
    outer loop
      vertex 152.019 44.1951 0
      vertex 152.005 44.098 4
      vertex 152.005 44.098 0
    endloop
  endfacet
  facet normal -0.941742 0.336336 0
    outer loop
      vertex 155.124 35.6173 0
      vertex 155.157 35.7097 4
      vertex 155.157 35.7097 0
    endloop
  endfacet
  facet normal -0.941742 0.336336 0
    outer loop
      vertex 155.157 35.7097 4
      vertex 155.124 35.6173 0
      vertex 155.124 35.6173 4
    endloop
  endfacet
  facet normal -0.989765 0.142706 0
    outer loop
      vertex 155.181 35.8049 0
      vertex 155.195 35.902 4
      vertex 155.195 35.902 0
    endloop
  endfacet
  facet normal -0.989765 0.142706 0
    outer loop
      vertex 155.195 35.902 4
      vertex 155.181 35.8049 0
      vertex 155.181 35.8049 4
    endloop
  endfacet
  facet normal 0.855334 0.518077 0
    outer loop
      vertex 152.169 35.4444 4
      vertex 152.118 35.5286 0
      vertex 152.118 35.5286 4
    endloop
  endfacet
  facet normal 0.855334 0.518077 0
    outer loop
      vertex 152.118 35.5286 0
      vertex 152.169 35.4444 4
      vertex 152.169 35.4444 0
    endloop
  endfacet
  facet normal -0.941742 -0.336336 0
    outer loop
      vertex 155.157 44.2903 0
      vertex 155.124 44.3827 4
      vertex 155.124 44.3827 0
    endloop
  endfacet
  facet normal -0.941742 -0.336336 0
    outer loop
      vertex 155.124 44.3827 4
      vertex 155.157 44.2903 0
      vertex 155.157 44.2903 4
    endloop
  endfacet
  facet normal -0.43073 -0.902481 0
    outer loop
      vertex 154.583 44.9239 0
      vertex 154.671 44.8819 4
      vertex 154.583 44.9239 4
    endloop
  endfacet
  facet normal -0.43073 -0.902481 -0
    outer loop
      vertex 154.671 44.8819 4
      vertex 154.583 44.9239 0
      vertex 154.671 44.8819 0
    endloop
  endfacet
  facet normal -0.33441 -0.942428 0
    outer loop
      vertex 154.49 44.9569 0
      vertex 154.583 44.9239 4
      vertex 154.49 44.9569 4
    endloop
  endfacet
  facet normal -0.33441 -0.942428 -0
    outer loop
      vertex 154.583 44.9239 4
      vertex 154.49 44.9569 0
      vertex 154.583 44.9239 0
    endloop
  endfacet
  facet normal -0.6 -0.8 0
    outer loop
      vertex 154.756 44.8315 0
      vertex 154.834 44.773 4
      vertex 154.756 44.8315 4
    endloop
  endfacet
  facet normal -0.6 -0.8 -0
    outer loop
      vertex 154.834 44.773 4
      vertex 154.756 44.8315 0
      vertex 154.834 44.773 0
    endloop
  endfacet
  facet normal 0.6 -0.8 0
    outer loop
      vertex 152.366 44.773 0
      vertex 152.444 44.8315 4
      vertex 152.366 44.773 4
    endloop
  endfacet
  facet normal 0.6 -0.8 0
    outer loop
      vertex 152.444 44.8315 4
      vertex 152.366 44.773 0
      vertex 152.444 44.8315 0
    endloop
  endfacet
  facet normal 0.0489209 -0.998803 0
    outer loop
      vertex 152.902 44.9952 0
      vertex 153 45 4
      vertex 152.902 44.9952 4
    endloop
  endfacet
  facet normal 0.0489209 -0.998803 0
    outer loop
      vertex 153 45 4
      vertex 152.902 44.9952 0
      vertex 153 45 0
    endloop
  endfacet
  facet normal -0.0489209 -0.998803 0
    outer loop
      vertex 154.2 45 0
      vertex 154.298 44.9952 4
      vertex 154.2 45 4
    endloop
  endfacet
  facet normal -0.0489209 -0.998803 -0
    outer loop
      vertex 154.298 44.9952 4
      vertex 154.2 45 0
      vertex 154.298 44.9952 0
    endloop
  endfacet
  facet normal -0.969661 0.244452 0
    outer loop
      vertex 155.157 35.7097 0
      vertex 155.181 35.8049 4
      vertex 155.181 35.8049 0
    endloop
  endfacet
  facet normal -0.969661 0.244452 0
    outer loop
      vertex 155.181 35.8049 4
      vertex 155.157 35.7097 0
      vertex 155.157 35.7097 4
    endloop
  endfacet
  facet normal -0.998701 0.0509541 0
    outer loop
      vertex 155.195 35.902 0
      vertex 155.2 36 4
      vertex 155.2 36 0
    endloop
  endfacet
  facet normal -0.998701 0.0509541 0
    outer loop
      vertex 155.2 36 4
      vertex 155.195 35.902 0
      vertex 155.195 35.902 4
    endloop
  endfacet
  facet normal 0.0489209 0.998803 -0
    outer loop
      vertex 153 35 0
      vertex 152.902 35.0048 4
      vertex 153 35 4
    endloop
  endfacet
  facet normal 0.0489209 0.998803 0
    outer loop
      vertex 152.902 35.0048 4
      vertex 153 35 0
      vertex 152.902 35.0048 0
    endloop
  endfacet
  facet normal -0.0489209 0.998803 0
    outer loop
      vertex 154.298 35.0048 0
      vertex 154.2 35 4
      vertex 154.298 35.0048 4
    endloop
  endfacet
  facet normal -0.0489209 0.998803 0
    outer loop
      vertex 154.2 35 4
      vertex 154.298 35.0048 0
      vertex 154.2 35 0
    endloop
  endfacet
  facet normal 0.43073 0.902481 -0
    outer loop
      vertex 152.617 35.0761 0
      vertex 152.529 35.1181 4
      vertex 152.617 35.0761 4
    endloop
  endfacet
  facet normal 0.43073 0.902481 0
    outer loop
      vertex 152.529 35.1181 4
      vertex 152.617 35.0761 0
      vertex 152.529 35.1181 0
    endloop
  endfacet
  facet normal 0.6 0.8 -0
    outer loop
      vertex 152.444 35.1685 0
      vertex 152.366 35.227 4
      vertex 152.444 35.1685 4
    endloop
  endfacet
  facet normal 0.6 0.8 0
    outer loop
      vertex 152.366 35.227 4
      vertex 152.444 35.1685 0
      vertex 152.366 35.227 0
    endloop
  endfacet
  facet normal 0.335309 0.942108 -0
    outer loop
      vertex 152.71 35.043 0
      vertex 152.617 35.0761 4
      vertex 152.71 35.043 4
    endloop
  endfacet
  facet normal 0.335309 0.942108 0
    outer loop
      vertex 152.617 35.0761 4
      vertex 152.71 35.043 0
      vertex 152.617 35.0761 0
    endloop
  endfacet
  facet normal 0.805364 0.592781 0
    outer loop
      vertex 152.227 35.3656 4
      vertex 152.169 35.4444 0
      vertex 152.169 35.4444 4
    endloop
  endfacet
  facet normal 0.805364 0.592781 0
    outer loop
      vertex 152.169 35.4444 0
      vertex 152.227 35.3656 4
      vertex 152.227 35.3656 0
    endloop
  endfacet
  facet normal -0.969661 -0.244452 0
    outer loop
      vertex 155.181 44.1951 0
      vertex 155.157 44.2903 4
      vertex 155.157 44.2903 0
    endloop
  endfacet
  facet normal -0.969661 -0.244452 0
    outer loop
      vertex 155.157 44.2903 4
      vertex 155.181 44.1951 0
      vertex 155.181 44.1951 4
    endloop
  endfacet
  facet normal -0.989765 -0.142706 0
    outer loop
      vertex 155.195 44.098 0
      vertex 155.181 44.1951 4
      vertex 155.181 44.1951 0
    endloop
  endfacet
  facet normal -0.989765 -0.142706 0
    outer loop
      vertex 155.181 44.1951 4
      vertex 155.195 44.098 0
      vertex 155.195 44.098 4
    endloop
  endfacet
  facet normal -0.855334 -0.518077 0
    outer loop
      vertex 155.082 44.4714 0
      vertex 155.031 44.5556 4
      vertex 155.031 44.5556 0
    endloop
  endfacet
  facet normal -0.855334 -0.518077 0
    outer loop
      vertex 155.031 44.5556 4
      vertex 155.082 44.4714 0
      vertex 155.082 44.4714 4
    endloop
  endfacet
  facet normal -0.805364 -0.592781 0
    outer loop
      vertex 155.031 44.5556 0
      vertex 154.973 44.6344 4
      vertex 154.973 44.6344 0
    endloop
  endfacet
  facet normal -0.805364 -0.592781 0
    outer loop
      vertex 154.973 44.6344 4
      vertex 155.031 44.5556 0
      vertex 155.031 44.5556 4
    endloop
  endfacet
  facet normal -0.9038 -0.427955 0
    outer loop
      vertex 155.124 44.3827 0
      vertex 155.082 44.4714 4
      vertex 155.082 44.4714 0
    endloop
  endfacet
  facet normal -0.9038 -0.427955 0
    outer loop
      vertex 155.082 44.4714 4
      vertex 155.124 44.3827 0
      vertex 155.124 44.3827 4
    endloop
  endfacet
  facet normal -0.243977 -0.969781 0
    outer loop
      vertex 154.395 44.9808 0
      vertex 154.49 44.9569 4
      vertex 154.395 44.9808 4
    endloop
  endfacet
  facet normal -0.243977 -0.969781 -0
    outer loop
      vertex 154.49 44.9569 4
      vertex 154.395 44.9808 0
      vertex 154.49 44.9569 0
    endloop
  endfacet
  facet normal -0.510024 -0.86016 0
    outer loop
      vertex 154.671 44.8819 0
      vertex 154.756 44.8315 4
      vertex 154.671 44.8819 4
    endloop
  endfacet
  facet normal -0.510024 -0.86016 -0
    outer loop
      vertex 154.756 44.8315 4
      vertex 154.671 44.8819 0
      vertex 154.756 44.8315 0
    endloop
  endfacet
  facet normal -0.670088 -0.742282 0
    outer loop
      vertex 154.834 44.773 0
      vertex 154.907 44.7071 4
      vertex 154.834 44.773 4
    endloop
  endfacet
  facet normal -0.670088 -0.742282 -0
    outer loop
      vertex 154.907 44.7071 4
      vertex 154.834 44.773 0
      vertex 154.907 44.7071 0
    endloop
  endfacet
  facet normal 0.740401 -0.672166 0
    outer loop
      vertex 152.227 44.6344 4
      vertex 152.293 44.7071 0
      vertex 152.293 44.7071 4
    endloop
  endfacet
  facet normal 0.740401 -0.672166 0
    outer loop
      vertex 152.293 44.7071 0
      vertex 152.227 44.6344 4
      vertex 152.227 44.6344 0
    endloop
  endfacet
  facet normal 0.43073 -0.902481 0
    outer loop
      vertex 152.529 44.8819 0
      vertex 152.617 44.9239 4
      vertex 152.529 44.8819 4
    endloop
  endfacet
  facet normal 0.43073 -0.902481 0
    outer loop
      vertex 152.617 44.9239 4
      vertex 152.529 44.8819 0
      vertex 152.617 44.9239 0
    endloop
  endfacet
  facet normal 0.33441 -0.942428 0
    outer loop
      vertex 152.617 44.9239 0
      vertex 152.71 44.9569 4
      vertex 152.617 44.9239 4
    endloop
  endfacet
  facet normal 0.33441 -0.942428 0
    outer loop
      vertex 152.71 44.9569 4
      vertex 152.617 44.9239 0
      vertex 152.71 44.9569 0
    endloop
  endfacet
  facet normal 0.510024 -0.86016 0
    outer loop
      vertex 152.444 44.8315 0
      vertex 152.529 44.8819 4
      vertex 152.444 44.8315 4
    endloop
  endfacet
  facet normal 0.510024 -0.86016 0
    outer loop
      vertex 152.529 44.8819 4
      vertex 152.444 44.8315 0
      vertex 152.529 44.8819 0
    endloop
  endfacet
  facet normal 0.670088 -0.742282 0
    outer loop
      vertex 152.293 44.7071 0
      vertex 152.366 44.773 4
      vertex 152.293 44.7071 4
    endloop
  endfacet
  facet normal 0.670088 -0.742282 0
    outer loop
      vertex 152.366 44.773 4
      vertex 152.293 44.7071 0
      vertex 152.366 44.773 0
    endloop
  endfacet
  facet normal 0.805364 -0.592781 0
    outer loop
      vertex 152.169 44.5556 4
      vertex 152.227 44.6344 0
      vertex 152.227 44.6344 4
    endloop
  endfacet
  facet normal 0.805364 -0.592781 0
    outer loop
      vertex 152.227 44.6344 0
      vertex 152.169 44.5556 4
      vertex 152.169 44.5556 0
    endloop
  endfacet
  facet normal 0.146844 -0.98916 0
    outer loop
      vertex 152.805 44.9808 0
      vertex 152.902 44.9952 4
      vertex 152.805 44.9808 4
    endloop
  endfacet
  facet normal 0.146844 -0.98916 0
    outer loop
      vertex 152.902 44.9952 4
      vertex 152.805 44.9808 0
      vertex 152.902 44.9952 0
    endloop
  endfacet
  facet normal 0 1 -0
    outer loop
      vertex 154.2 35 0
      vertex 153 35 4
      vertex 154.2 35 4
    endloop
  endfacet
  facet normal 0 1 0
    outer loop
      vertex 153 35 4
      vertex 154.2 35 0
      vertex 153 35 0
    endloop
  endfacet
  facet normal -0.146844 0.98916 0
    outer loop
      vertex 154.395 35.0192 0
      vertex 154.298 35.0048 4
      vertex 154.395 35.0192 4
    endloop
  endfacet
  facet normal -0.146844 0.98916 0
    outer loop
      vertex 154.298 35.0048 4
      vertex 154.395 35.0192 0
      vertex 154.298 35.0048 0
    endloop
  endfacet
  facet normal -0.335309 0.942108 0
    outer loop
      vertex 154.583 35.0761 0
      vertex 154.49 35.043 4
      vertex 154.583 35.0761 4
    endloop
  endfacet
  facet normal -0.335309 0.942108 0
    outer loop
      vertex 154.49 35.043 4
      vertex 154.583 35.0761 0
      vertex 154.49 35.043 0
    endloop
  endfacet
  facet normal -0.510024 0.86016 0
    outer loop
      vertex 154.756 35.1685 0
      vertex 154.671 35.1181 4
      vertex 154.756 35.1685 4
    endloop
  endfacet
  facet normal -0.510024 0.86016 0
    outer loop
      vertex 154.671 35.1181 4
      vertex 154.756 35.1685 0
      vertex 154.671 35.1181 0
    endloop
  endfacet
  facet normal -0.670088 0.742282 0
    outer loop
      vertex 154.907 35.2929 0
      vertex 154.834 35.227 4
      vertex 154.907 35.2929 4
    endloop
  endfacet
  facet normal -0.670088 0.742282 0
    outer loop
      vertex 154.834 35.227 4
      vertex 154.907 35.2929 0
      vertex 154.834 35.227 0
    endloop
  endfacet
  facet normal -0.805364 0.592781 0
    outer loop
      vertex 154.973 35.3656 0
      vertex 155.031 35.4444 4
      vertex 155.031 35.4444 0
    endloop
  endfacet
  facet normal -0.805364 0.592781 0
    outer loop
      vertex 155.031 35.4444 4
      vertex 154.973 35.3656 0
      vertex 154.973 35.3656 4
    endloop
  endfacet
  facet normal 0.510024 0.86016 -0
    outer loop
      vertex 152.529 35.1181 0
      vertex 152.444 35.1685 4
      vertex 152.529 35.1181 4
    endloop
  endfacet
  facet normal 0.510024 0.86016 0
    outer loop
      vertex 152.444 35.1685 4
      vertex 152.529 35.1181 0
      vertex 152.444 35.1685 0
    endloop
  endfacet
  facet normal 0.243016 0.970022 -0
    outer loop
      vertex 152.805 35.0192 0
      vertex 152.71 35.043 4
      vertex 152.805 35.0192 4
    endloop
  endfacet
  facet normal 0.243016 0.970022 0
    outer loop
      vertex 152.71 35.043 4
      vertex 152.805 35.0192 0
      vertex 152.71 35.043 0
    endloop
  endfacet
  facet normal 0.740401 0.672166 0
    outer loop
      vertex 152.293 35.2929 4
      vertex 152.227 35.3656 0
      vertex 152.227 35.3656 4
    endloop
  endfacet
  facet normal 0.740401 0.672166 0
    outer loop
      vertex 152.227 35.3656 0
      vertex 152.293 35.2929 4
      vertex 152.293 35.2929 0
    endloop
  endfacet
  facet normal 0.9038 0.427955 0
    outer loop
      vertex 152.118 35.5286 4
      vertex 152.076 35.6173 0
      vertex 152.076 35.6173 4
    endloop
  endfacet
  facet normal 0.9038 0.427955 0
    outer loop
      vertex 152.076 35.6173 0
      vertex 152.118 35.5286 4
      vertex 152.118 35.5286 0
    endloop
  endfacet
  facet normal 0.969661 0.244452 0
    outer loop
      vertex 152.043 35.7097 4
      vertex 152.019 35.8049 0
      vertex 152.019 35.8049 4
    endloop
  endfacet
  facet normal 0.969661 0.244452 0
    outer loop
      vertex 152.019 35.8049 0
      vertex 152.043 35.7097 4
      vertex 152.043 35.7097 0
    endloop
  endfacet
  facet normal 0.855334 -0.518077 0
    outer loop
      vertex 152.118 44.4714 4
      vertex 152.169 44.5556 0
      vertex 152.169 44.5556 4
    endloop
  endfacet
  facet normal 0.855334 -0.518077 0
    outer loop
      vertex 152.169 44.5556 0
      vertex 152.118 44.4714 4
      vertex 152.118 44.4714 0
    endloop
  endfacet
  facet normal -0.243016 0.970022 0
    outer loop
      vertex 154.49 35.043 0
      vertex 154.395 35.0192 4
      vertex 154.49 35.043 4
    endloop
  endfacet
  facet normal -0.243016 0.970022 0
    outer loop
      vertex 154.395 35.0192 4
      vertex 154.49 35.043 0
      vertex 154.395 35.0192 0
    endloop
  endfacet
  facet normal -0.43073 0.902481 0
    outer loop
      vertex 154.671 35.1181 0
      vertex 154.583 35.0761 4
      vertex 154.671 35.1181 4
    endloop
  endfacet
  facet normal -0.43073 0.902481 0
    outer loop
      vertex 154.583 35.0761 4
      vertex 154.671 35.1181 0
      vertex 154.583 35.0761 0
    endloop
  endfacet
  facet normal -0.6 0.8 0
    outer loop
      vertex 154.834 35.227 0
      vertex 154.756 35.1685 4
      vertex 154.834 35.227 4
    endloop
  endfacet
  facet normal -0.6 0.8 0
    outer loop
      vertex 154.756 35.1685 4
      vertex 154.834 35.227 0
      vertex 154.756 35.1685 0
    endloop
  endfacet
  facet normal -0.740401 0.672166 0
    outer loop
      vertex 154.907 35.2929 0
      vertex 154.973 35.3656 4
      vertex 154.973 35.3656 0
    endloop
  endfacet
  facet normal -0.740401 0.672166 0
    outer loop
      vertex 154.973 35.3656 4
      vertex 154.907 35.2929 0
      vertex 154.907 35.2929 4
    endloop
  endfacet
  facet normal -0.855334 0.518077 0
    outer loop
      vertex 155.031 35.4444 0
      vertex 155.082 35.5286 4
      vertex 155.082 35.5286 0
    endloop
  endfacet
  facet normal -0.855334 0.518077 0
    outer loop
      vertex 155.082 35.5286 4
      vertex 155.031 35.4444 0
      vertex 155.031 35.4444 4
    endloop
  endfacet
  facet normal 0.146844 0.98916 -0
    outer loop
      vertex 152.902 35.0048 0
      vertex 152.805 35.0192 4
      vertex 152.902 35.0048 4
    endloop
  endfacet
  facet normal 0.146844 0.98916 0
    outer loop
      vertex 152.805 35.0192 4
      vertex 152.902 35.0048 0
      vertex 152.805 35.0192 0
    endloop
  endfacet
  facet normal 0.941742 0.336336 0
    outer loop
      vertex 152.076 35.6173 4
      vertex 152.043 35.7097 0
      vertex 152.043 35.7097 4
    endloop
  endfacet
  facet normal 0.941742 0.336336 0
    outer loop
      vertex 152.043 35.7097 0
      vertex 152.076 35.6173 4
      vertex 152.076 35.6173 0
    endloop
  endfacet
  facet normal 0.989765 0.142706 0
    outer loop
      vertex 145.019 55.8049 4
      vertex 145.005 55.902 0
      vertex 145.005 55.902 4
    endloop
  endfacet
  facet normal 0.989765 0.142706 0
    outer loop
      vertex 145.005 55.902 0
      vertex 145.019 55.8049 4
      vertex 145.019 55.8049 0
    endloop
  endfacet
  facet normal 1 -0 0
    outer loop
      vertex 145 56 4
      vertex 145 64 0
      vertex 145 64 4
    endloop
  endfacet
  facet normal 1 0 0
    outer loop
      vertex 145 64 0
      vertex 145 56 4
      vertex 145 56 0
    endloop
  endfacet
  facet normal -0.998701 -0.0509541 0
    outer loop
      vertex 148.2 64 0
      vertex 148.195 64.098 4
      vertex 148.195 64.098 0
    endloop
  endfacet
  facet normal -0.998701 -0.0509541 0
    outer loop
      vertex 148.195 64.098 4
      vertex 148.2 64 0
      vertex 148.2 64 4
    endloop
  endfacet
  facet normal 0.998701 0.0509541 0
    outer loop
      vertex 145.005 55.902 4
      vertex 145 56 0
      vertex 145 56 4
    endloop
  endfacet
  facet normal 0.998701 0.0509541 0
    outer loop
      vertex 145 56 0
      vertex 145.005 55.902 4
      vertex 145.005 55.902 0
    endloop
  endfacet
  facet normal 0.9038 -0.427955 0
    outer loop
      vertex 145.076 64.3827 4
      vertex 145.118 64.4714 0
      vertex 145.118 64.4714 4
    endloop
  endfacet
  facet normal 0.9038 -0.427955 0
    outer loop
      vertex 145.118 64.4714 0
      vertex 145.076 64.3827 4
      vertex 145.076 64.3827 0
    endloop
  endfacet
  facet normal -0.146844 -0.98916 0
    outer loop
      vertex 147.298 64.9952 0
      vertex 147.395 64.9808 4
      vertex 147.298 64.9952 4
    endloop
  endfacet
  facet normal -0.146844 -0.98916 -0
    outer loop
      vertex 147.395 64.9808 4
      vertex 147.298 64.9952 0
      vertex 147.395 64.9808 0
    endloop
  endfacet
  facet normal 0.998701 -0.0509541 0
    outer loop
      vertex 145 64 4
      vertex 145.005 64.098 0
      vertex 145.005 64.098 4
    endloop
  endfacet
  facet normal 0.998701 -0.0509541 0
    outer loop
      vertex 145.005 64.098 0
      vertex 145 64 4
      vertex 145 64 0
    endloop
  endfacet
  facet normal -1 0 0
    outer loop
      vertex 148.2 56 0
      vertex 148.2 64 4
      vertex 148.2 64 0
    endloop
  endfacet
  facet normal -1 -0 0
    outer loop
      vertex 148.2 64 4
      vertex 148.2 56 0
      vertex 148.2 56 4
    endloop
  endfacet
  facet normal -0.740401 -0.672166 0
    outer loop
      vertex 147.973 64.6344 0
      vertex 147.907 64.7071 4
      vertex 147.907 64.7071 0
    endloop
  endfacet
  facet normal -0.740401 -0.672166 0
    outer loop
      vertex 147.907 64.7071 4
      vertex 147.973 64.6344 0
      vertex 147.973 64.6344 4
    endloop
  endfacet
  facet normal 0.243977 -0.969781 0
    outer loop
      vertex 145.71 64.9569 0
      vertex 145.805 64.9808 4
      vertex 145.71 64.9569 4
    endloop
  endfacet
  facet normal 0.243977 -0.969781 0
    outer loop
      vertex 145.805 64.9808 4
      vertex 145.71 64.9569 0
      vertex 145.805 64.9808 0
    endloop
  endfacet
  facet normal 0 -1 0
    outer loop
      vertex 146 65 0
      vertex 147.2 65 4
      vertex 146 65 4
    endloop
  endfacet
  facet normal 0 -1 -0
    outer loop
      vertex 147.2 65 4
      vertex 146 65 0
      vertex 147.2 65 0
    endloop
  endfacet
  facet normal 0.969661 -0.244452 0
    outer loop
      vertex 145.019 64.1951 4
      vertex 145.043 64.2903 0
      vertex 145.043 64.2903 4
    endloop
  endfacet
  facet normal 0.969661 -0.244452 0
    outer loop
      vertex 145.043 64.2903 0
      vertex 145.019 64.1951 4
      vertex 145.019 64.1951 0
    endloop
  endfacet
  facet normal 0.941742 -0.336336 0
    outer loop
      vertex 145.043 64.2903 4
      vertex 145.076 64.3827 0
      vertex 145.076 64.3827 4
    endloop
  endfacet
  facet normal 0.941742 -0.336336 0
    outer loop
      vertex 145.076 64.3827 0
      vertex 145.043 64.2903 4
      vertex 145.043 64.2903 0
    endloop
  endfacet
  facet normal 0.989765 -0.142706 0
    outer loop
      vertex 145.005 64.098 4
      vertex 145.019 64.1951 0
      vertex 145.019 64.1951 4
    endloop
  endfacet
  facet normal 0.989765 -0.142706 0
    outer loop
      vertex 145.019 64.1951 0
      vertex 145.005 64.098 4
      vertex 145.005 64.098 0
    endloop
  endfacet
  facet normal -0.941742 0.336336 0
    outer loop
      vertex 148.124 55.6173 0
      vertex 148.157 55.7097 4
      vertex 148.157 55.7097 0
    endloop
  endfacet
  facet normal -0.941742 0.336336 0
    outer loop
      vertex 148.157 55.7097 4
      vertex 148.124 55.6173 0
      vertex 148.124 55.6173 4
    endloop
  endfacet
  facet normal -0.989765 0.142706 0
    outer loop
      vertex 148.181 55.8049 0
      vertex 148.195 55.902 4
      vertex 148.195 55.902 0
    endloop
  endfacet
  facet normal -0.989765 0.142706 0
    outer loop
      vertex 148.195 55.902 4
      vertex 148.181 55.8049 0
      vertex 148.181 55.8049 4
    endloop
  endfacet
  facet normal -0.941742 -0.336336 0
    outer loop
      vertex 148.157 64.2903 0
      vertex 148.124 64.3827 4
      vertex 148.124 64.3827 0
    endloop
  endfacet
  facet normal -0.941742 -0.336336 0
    outer loop
      vertex 148.124 64.3827 4
      vertex 148.157 64.2903 0
      vertex 148.157 64.2903 4
    endloop
  endfacet
  facet normal -0.43073 -0.902481 0
    outer loop
      vertex 147.583 64.9239 0
      vertex 147.671 64.8819 4
      vertex 147.583 64.9239 4
    endloop
  endfacet
  facet normal -0.43073 -0.902481 -0
    outer loop
      vertex 147.671 64.8819 4
      vertex 147.583 64.9239 0
      vertex 147.671 64.8819 0
    endloop
  endfacet
  facet normal -0.33441 -0.942428 0
    outer loop
      vertex 147.49 64.9569 0
      vertex 147.583 64.9239 4
      vertex 147.49 64.9569 4
    endloop
  endfacet
  facet normal -0.33441 -0.942428 -0
    outer loop
      vertex 147.583 64.9239 4
      vertex 147.49 64.9569 0
      vertex 147.583 64.9239 0
    endloop
  endfacet
  facet normal -0.6 -0.8 0
    outer loop
      vertex 147.756 64.8315 0
      vertex 147.834 64.773 4
      vertex 147.756 64.8315 4
    endloop
  endfacet
  facet normal -0.6 -0.8 -0
    outer loop
      vertex 147.834 64.773 4
      vertex 147.756 64.8315 0
      vertex 147.834 64.773 0
    endloop
  endfacet
  facet normal 0.6 -0.8 0
    outer loop
      vertex 145.366 64.773 0
      vertex 145.444 64.8315 4
      vertex 145.366 64.773 4
    endloop
  endfacet
  facet normal 0.6 -0.8 0
    outer loop
      vertex 145.444 64.8315 4
      vertex 145.366 64.773 0
      vertex 145.444 64.8315 0
    endloop
  endfacet
  facet normal 0.0489209 -0.998803 0
    outer loop
      vertex 145.902 64.9952 0
      vertex 146 65 4
      vertex 145.902 64.9952 4
    endloop
  endfacet
  facet normal 0.0489209 -0.998803 0
    outer loop
      vertex 146 65 4
      vertex 145.902 64.9952 0
      vertex 146 65 0
    endloop
  endfacet
  facet normal -0.0489209 -0.998803 0
    outer loop
      vertex 147.2 65 0
      vertex 147.298 64.9952 4
      vertex 147.2 65 4
    endloop
  endfacet
  facet normal -0.0489209 -0.998803 -0
    outer loop
      vertex 147.298 64.9952 4
      vertex 147.2 65 0
      vertex 147.298 64.9952 0
    endloop
  endfacet
  facet normal -0.969661 0.244452 0
    outer loop
      vertex 148.157 55.7097 0
      vertex 148.181 55.8049 4
      vertex 148.181 55.8049 0
    endloop
  endfacet
  facet normal -0.969661 0.244452 0
    outer loop
      vertex 148.181 55.8049 4
      vertex 148.157 55.7097 0
      vertex 148.157 55.7097 4
    endloop
  endfacet
  facet normal -0.998701 0.0509541 0
    outer loop
      vertex 148.195 55.902 0
      vertex 148.2 56 4
      vertex 148.2 56 0
    endloop
  endfacet
  facet normal -0.998701 0.0509541 0
    outer loop
      vertex 148.2 56 4
      vertex 148.195 55.902 0
      vertex 148.195 55.902 4
    endloop
  endfacet
  facet normal 0.0489209 0.998803 -0
    outer loop
      vertex 146 55 0
      vertex 145.902 55.0048 4
      vertex 146 55 4
    endloop
  endfacet
  facet normal 0.0489209 0.998803 0
    outer loop
      vertex 145.902 55.0048 4
      vertex 146 55 0
      vertex 145.902 55.0048 0
    endloop
  endfacet
  facet normal -0.0489209 0.998803 0
    outer loop
      vertex 147.298 55.0048 0
      vertex 147.2 55 4
      vertex 147.298 55.0048 4
    endloop
  endfacet
  facet normal -0.0489209 0.998803 0
    outer loop
      vertex 147.2 55 4
      vertex 147.298 55.0048 0
      vertex 147.2 55 0
    endloop
  endfacet
  facet normal 0.6 0.8 -0
    outer loop
      vertex 145.444 55.1685 0
      vertex 145.366 55.227 4
      vertex 145.444 55.1685 4
    endloop
  endfacet
  facet normal 0.6 0.8 0
    outer loop
      vertex 145.366 55.227 4
      vertex 145.444 55.1685 0
      vertex 145.366 55.227 0
    endloop
  endfacet
  facet normal 0.335309 0.942108 -0
    outer loop
      vertex 145.71 55.043 0
      vertex 145.617 55.0761 4
      vertex 145.71 55.043 4
    endloop
  endfacet
  facet normal 0.335309 0.942108 0
    outer loop
      vertex 145.617 55.0761 4
      vertex 145.71 55.043 0
      vertex 145.617 55.0761 0
    endloop
  endfacet
  facet normal 0.805364 0.592781 0
    outer loop
      vertex 145.227 55.3656 4
      vertex 145.169 55.4444 0
      vertex 145.169 55.4444 4
    endloop
  endfacet
  facet normal 0.805364 0.592781 0
    outer loop
      vertex 145.169 55.4444 0
      vertex 145.227 55.3656 4
      vertex 145.227 55.3656 0
    endloop
  endfacet
  facet normal -0.969661 -0.244452 0
    outer loop
      vertex 148.181 64.1951 0
      vertex 148.157 64.2903 4
      vertex 148.157 64.2903 0
    endloop
  endfacet
  facet normal -0.969661 -0.244452 0
    outer loop
      vertex 148.157 64.2903 4
      vertex 148.181 64.1951 0
      vertex 148.181 64.1951 4
    endloop
  endfacet
  facet normal -0.989765 -0.142706 0
    outer loop
      vertex 148.195 64.098 0
      vertex 148.181 64.1951 4
      vertex 148.181 64.1951 0
    endloop
  endfacet
  facet normal -0.989765 -0.142706 0
    outer loop
      vertex 148.181 64.1951 4
      vertex 148.195 64.098 0
      vertex 148.195 64.098 4
    endloop
  endfacet
  facet normal -0.855334 -0.518077 0
    outer loop
      vertex 148.082 64.4714 0
      vertex 148.031 64.5556 4
      vertex 148.031 64.5556 0
    endloop
  endfacet
  facet normal -0.855334 -0.518077 0
    outer loop
      vertex 148.031 64.5556 4
      vertex 148.082 64.4714 0
      vertex 148.082 64.4714 4
    endloop
  endfacet
  facet normal -0.805364 -0.592781 0
    outer loop
      vertex 148.031 64.5556 0
      vertex 147.973 64.6344 4
      vertex 147.973 64.6344 0
    endloop
  endfacet
  facet normal -0.805364 -0.592781 0
    outer loop
      vertex 147.973 64.6344 4
      vertex 148.031 64.5556 0
      vertex 148.031 64.5556 4
    endloop
  endfacet
  facet normal -0.9038 -0.427955 0
    outer loop
      vertex 148.124 64.3827 0
      vertex 148.082 64.4714 4
      vertex 148.082 64.4714 0
    endloop
  endfacet
  facet normal -0.9038 -0.427955 0
    outer loop
      vertex 148.082 64.4714 4
      vertex 148.124 64.3827 0
      vertex 148.124 64.3827 4
    endloop
  endfacet
  facet normal -0.243977 -0.969781 0
    outer loop
      vertex 147.395 64.9808 0
      vertex 147.49 64.9569 4
      vertex 147.395 64.9808 4
    endloop
  endfacet
  facet normal -0.243977 -0.969781 -0
    outer loop
      vertex 147.49 64.9569 4
      vertex 147.395 64.9808 0
      vertex 147.49 64.9569 0
    endloop
  endfacet
  facet normal -0.510024 -0.86016 0
    outer loop
      vertex 147.671 64.8819 0
      vertex 147.756 64.8315 4
      vertex 147.671 64.8819 4
    endloop
  endfacet
  facet normal -0.510024 -0.86016 -0
    outer loop
      vertex 147.756 64.8315 4
      vertex 147.671 64.8819 0
      vertex 147.756 64.8315 0
    endloop
  endfacet
  facet normal -0.670088 -0.742282 0
    outer loop
      vertex 147.834 64.773 0
      vertex 147.907 64.7071 4
      vertex 147.834 64.773 4
    endloop
  endfacet
  facet normal -0.670088 -0.742282 -0
    outer loop
      vertex 147.907 64.7071 4
      vertex 147.834 64.773 0
      vertex 147.907 64.7071 0
    endloop
  endfacet
  facet normal 0.740401 -0.672166 0
    outer loop
      vertex 145.227 64.6344 4
      vertex 145.293 64.7071 0
      vertex 145.293 64.7071 4
    endloop
  endfacet
  facet normal 0.740401 -0.672166 0
    outer loop
      vertex 145.293 64.7071 0
      vertex 145.227 64.6344 4
      vertex 145.227 64.6344 0
    endloop
  endfacet
  facet normal 0.43073 -0.902481 0
    outer loop
      vertex 145.529 64.8819 0
      vertex 145.617 64.9239 4
      vertex 145.529 64.8819 4
    endloop
  endfacet
  facet normal 0.43073 -0.902481 0
    outer loop
      vertex 145.617 64.9239 4
      vertex 145.529 64.8819 0
      vertex 145.617 64.9239 0
    endloop
  endfacet
  facet normal 0.33441 -0.942428 0
    outer loop
      vertex 145.617 64.9239 0
      vertex 145.71 64.9569 4
      vertex 145.617 64.9239 4
    endloop
  endfacet
  facet normal 0.33441 -0.942428 0
    outer loop
      vertex 145.71 64.9569 4
      vertex 145.617 64.9239 0
      vertex 145.71 64.9569 0
    endloop
  endfacet
  facet normal 0.510024 -0.86016 0
    outer loop
      vertex 145.444 64.8315 0
      vertex 145.529 64.8819 4
      vertex 145.444 64.8315 4
    endloop
  endfacet
  facet normal 0.510024 -0.86016 0
    outer loop
      vertex 145.529 64.8819 4
      vertex 145.444 64.8315 0
      vertex 145.529 64.8819 0
    endloop
  endfacet
  facet normal 0.670088 -0.742282 0
    outer loop
      vertex 145.293 64.7071 0
      vertex 145.366 64.773 4
      vertex 145.293 64.7071 4
    endloop
  endfacet
  facet normal 0.670088 -0.742282 0
    outer loop
      vertex 145.366 64.773 4
      vertex 145.293 64.7071 0
      vertex 145.366 64.773 0
    endloop
  endfacet
  facet normal 0.805364 -0.592781 0
    outer loop
      vertex 145.169 64.5556 4
      vertex 145.227 64.6344 0
      vertex 145.227 64.6344 4
    endloop
  endfacet
  facet normal 0.805364 -0.592781 0
    outer loop
      vertex 145.227 64.6344 0
      vertex 145.169 64.5556 4
      vertex 145.169 64.5556 0
    endloop
  endfacet
  facet normal 0.146844 -0.98916 0
    outer loop
      vertex 145.805 64.9808 0
      vertex 145.902 64.9952 4
      vertex 145.805 64.9808 4
    endloop
  endfacet
  facet normal 0.146844 -0.98916 0
    outer loop
      vertex 145.902 64.9952 4
      vertex 145.805 64.9808 0
      vertex 145.902 64.9952 0
    endloop
  endfacet
  facet normal 0 1 -0
    outer loop
      vertex 147.2 55 0
      vertex 146 55 4
      vertex 147.2 55 4
    endloop
  endfacet
  facet normal 0 1 0
    outer loop
      vertex 146 55 4
      vertex 147.2 55 0
      vertex 146 55 0
    endloop
  endfacet
  facet normal -0.146844 0.98916 0
    outer loop
      vertex 147.395 55.0192 0
      vertex 147.298 55.0048 4
      vertex 147.395 55.0192 4
    endloop
  endfacet
  facet normal -0.146844 0.98916 0
    outer loop
      vertex 147.298 55.0048 4
      vertex 147.395 55.0192 0
      vertex 147.298 55.0048 0
    endloop
  endfacet
  facet normal -0.335309 0.942108 0
    outer loop
      vertex 147.583 55.0761 0
      vertex 147.49 55.043 4
      vertex 147.583 55.0761 4
    endloop
  endfacet
  facet normal -0.335309 0.942108 0
    outer loop
      vertex 147.49 55.043 4
      vertex 147.583 55.0761 0
      vertex 147.49 55.043 0
    endloop
  endfacet
  facet normal -0.510024 0.86016 0
    outer loop
      vertex 147.756 55.1685 0
      vertex 147.671 55.1181 4
      vertex 147.756 55.1685 4
    endloop
  endfacet
  facet normal -0.510024 0.86016 0
    outer loop
      vertex 147.671 55.1181 4
      vertex 147.756 55.1685 0
      vertex 147.671 55.1181 0
    endloop
  endfacet
  facet normal -0.670088 0.742282 0
    outer loop
      vertex 147.907 55.2929 0
      vertex 147.834 55.227 4
      vertex 147.907 55.2929 4
    endloop
  endfacet
  facet normal -0.670088 0.742282 0
    outer loop
      vertex 147.834 55.227 4
      vertex 147.907 55.2929 0
      vertex 147.834 55.227 0
    endloop
  endfacet
  facet normal -0.805364 0.592781 0
    outer loop
      vertex 147.973 55.3656 0
      vertex 148.031 55.4444 4
      vertex 148.031 55.4444 0
    endloop
  endfacet
  facet normal -0.805364 0.592781 0
    outer loop
      vertex 148.031 55.4444 4
      vertex 147.973 55.3656 0
      vertex 147.973 55.3656 4
    endloop
  endfacet
  facet normal 0.510024 0.86016 -0
    outer loop
      vertex 145.529 55.1181 0
      vertex 145.444 55.1685 4
      vertex 145.529 55.1181 4
    endloop
  endfacet
  facet normal 0.510024 0.86016 0
    outer loop
      vertex 145.444 55.1685 4
      vertex 145.529 55.1181 0
      vertex 145.444 55.1685 0
    endloop
  endfacet
  facet normal 0.243016 0.970022 -0
    outer loop
      vertex 145.805 55.0192 0
      vertex 145.71 55.043 4
      vertex 145.805 55.0192 4
    endloop
  endfacet
  facet normal 0.243016 0.970022 0
    outer loop
      vertex 145.71 55.043 4
      vertex 145.805 55.0192 0
      vertex 145.71 55.043 0
    endloop
  endfacet
  facet normal 0.740401 0.672166 0
    outer loop
      vertex 145.293 55.2929 4
      vertex 145.227 55.3656 0
      vertex 145.227 55.3656 4
    endloop
  endfacet
  facet normal 0.740401 0.672166 0
    outer loop
      vertex 145.227 55.3656 0
      vertex 145.293 55.2929 4
      vertex 145.293 55.2929 0
    endloop
  endfacet
  facet normal 0.9038 0.427955 0
    outer loop
      vertex 145.118 55.5286 4
      vertex 145.076 55.6173 0
      vertex 145.076 55.6173 4
    endloop
  endfacet
  facet normal 0.9038 0.427955 0
    outer loop
      vertex 145.076 55.6173 0
      vertex 145.118 55.5286 4
      vertex 145.118 55.5286 0
    endloop
  endfacet
  facet normal 0.969661 0.244452 0
    outer loop
      vertex 145.043 55.7097 4
      vertex 145.019 55.8049 0
      vertex 145.019 55.8049 4
    endloop
  endfacet
  facet normal 0.969661 0.244452 0
    outer loop
      vertex 145.019 55.8049 0
      vertex 145.043 55.7097 4
      vertex 145.043 55.7097 0
    endloop
  endfacet
  facet normal 0.855334 -0.518077 0
    outer loop
      vertex 145.118 64.4714 4
      vertex 145.169 64.5556 0
      vertex 145.169 64.5556 4
    endloop
  endfacet
  facet normal 0.855334 -0.518077 0
    outer loop
      vertex 145.169 64.5556 0
      vertex 145.118 64.4714 4
      vertex 145.118 64.4714 0
    endloop
  endfacet
  facet normal -0.243016 0.970022 0
    outer loop
      vertex 147.49 55.043 0
      vertex 147.395 55.0192 4
      vertex 147.49 55.043 4
    endloop
  endfacet
  facet normal -0.243016 0.970022 0
    outer loop
      vertex 147.395 55.0192 4
      vertex 147.49 55.043 0
      vertex 147.395 55.0192 0
    endloop
  endfacet
  facet normal -0.43073 0.902481 0
    outer loop
      vertex 147.671 55.1181 0
      vertex 147.583 55.0761 4
      vertex 147.671 55.1181 4
    endloop
  endfacet
  facet normal -0.43073 0.902481 0
    outer loop
      vertex 147.583 55.0761 4
      vertex 147.671 55.1181 0
      vertex 147.583 55.0761 0
    endloop
  endfacet
  facet normal -0.6 0.8 0
    outer loop
      vertex 147.834 55.227 0
      vertex 147.756 55.1685 4
      vertex 147.834 55.227 4
    endloop
  endfacet
  facet normal -0.6 0.8 0
    outer loop
      vertex 147.756 55.1685 4
      vertex 147.834 55.227 0
      vertex 147.756 55.1685 0
    endloop
  endfacet
  facet normal -0.740401 0.672166 0
    outer loop
      vertex 147.907 55.2929 0
      vertex 147.973 55.3656 4
      vertex 147.973 55.3656 0
    endloop
  endfacet
  facet normal -0.740401 0.672166 0
    outer loop
      vertex 147.973 55.3656 4
      vertex 147.907 55.2929 0
      vertex 147.907 55.2929 4
    endloop
  endfacet
  facet normal -0.855334 0.518077 0
    outer loop
      vertex 148.031 55.4444 0
      vertex 148.082 55.5286 4
      vertex 148.082 55.5286 0
    endloop
  endfacet
  facet normal -0.855334 0.518077 0
    outer loop
      vertex 148.082 55.5286 4
      vertex 148.031 55.4444 0
      vertex 148.031 55.4444 4
    endloop
  endfacet
  facet normal 0.43073 0.902481 -0
    outer loop
      vertex 145.617 55.0761 0
      vertex 145.529 55.1181 4
      vertex 145.617 55.0761 4
    endloop
  endfacet
  facet normal 0.43073 0.902481 0
    outer loop
      vertex 145.529 55.1181 4
      vertex 145.617 55.0761 0
      vertex 145.529 55.1181 0
    endloop
  endfacet
  facet normal 0.146844 0.98916 -0
    outer loop
      vertex 145.902 55.0048 0
      vertex 145.805 55.0192 4
      vertex 145.902 55.0048 4
    endloop
  endfacet
  facet normal 0.146844 0.98916 0
    outer loop
      vertex 145.805 55.0192 4
      vertex 145.902 55.0048 0
      vertex 145.805 55.0192 0
    endloop
  endfacet
  facet normal 0.670088 0.742282 -0
    outer loop
      vertex 145.366 55.227 0
      vertex 145.293 55.2929 4
      vertex 145.366 55.227 4
    endloop
  endfacet
  facet normal 0.670088 0.742282 0
    outer loop
      vertex 145.293 55.2929 4
      vertex 145.366 55.227 0
      vertex 145.293 55.2929 0
    endloop
  endfacet
  facet normal 0.855334 0.518077 0
    outer loop
      vertex 145.169 55.4444 4
      vertex 145.118 55.5286 0
      vertex 145.118 55.5286 4
    endloop
  endfacet
  facet normal 0.855334 0.518077 0
    outer loop
      vertex 145.118 55.5286 0
      vertex 145.169 55.4444 4
      vertex 145.169 55.4444 0
    endloop
  endfacet
  facet normal 0.941742 0.336336 0
    outer loop
      vertex 145.076 55.6173 4
      vertex 145.043 55.7097 0
      vertex 145.043 55.7097 4
    endloop
  endfacet
  facet normal 0.941742 0.336336 0
    outer loop
      vertex 145.043 55.7097 0
      vertex 145.076 55.6173 4
      vertex 145.076 55.6173 0
    endloop
  endfacet
  facet normal -0.9038 0.427955 0
    outer loop
      vertex 148.082 55.5286 0
      vertex 148.124 55.6173 4
      vertex 148.124 55.6173 0
    endloop
  endfacet
  facet normal -0.9038 0.427955 0
    outer loop
      vertex 148.124 55.6173 4
      vertex 148.082 55.5286 0
      vertex 148.082 55.5286 4
    endloop
  endfacet
  facet normal 0.989765 0.142706 0
    outer loop
      vertex 152.019 55.8049 4
      vertex 152.005 55.902 0
      vertex 152.005 55.902 4
    endloop
  endfacet
  facet normal 0.989765 0.142706 0
    outer loop
      vertex 152.005 55.902 0
      vertex 152.019 55.8049 4
      vertex 152.019 55.8049 0
    endloop
  endfacet
  facet normal 1 -0 0
    outer loop
      vertex 152 56 4
      vertex 152 64 0
      vertex 152 64 4
    endloop
  endfacet
  facet normal 1 0 0
    outer loop
      vertex 152 64 0
      vertex 152 56 4
      vertex 152 56 0
    endloop
  endfacet
  facet normal -0.998701 -0.0509541 0
    outer loop
      vertex 155.2 64 0
      vertex 155.195 64.098 4
      vertex 155.195 64.098 0
    endloop
  endfacet
  facet normal -0.998701 -0.0509541 0
    outer loop
      vertex 155.195 64.098 4
      vertex 155.2 64 0
      vertex 155.2 64 4
    endloop
  endfacet
  facet normal 0.998701 0.0509541 0
    outer loop
      vertex 152.005 55.902 4
      vertex 152 56 0
      vertex 152 56 4
    endloop
  endfacet
  facet normal 0.998701 0.0509541 0
    outer loop
      vertex 152 56 0
      vertex 152.005 55.902 4
      vertex 152.005 55.902 0
    endloop
  endfacet
  facet normal -0.9038 0.427955 0
    outer loop
      vertex 155.082 55.5286 0
      vertex 155.124 55.6173 4
      vertex 155.124 55.6173 0
    endloop
  endfacet
  facet normal -0.9038 0.427955 0
    outer loop
      vertex 155.124 55.6173 4
      vertex 155.082 55.5286 0
      vertex 155.082 55.5286 4
    endloop
  endfacet
  facet normal 0.9038 -0.427955 0
    outer loop
      vertex 152.076 64.3827 4
      vertex 152.118 64.4714 0
      vertex 152.118 64.4714 4
    endloop
  endfacet
  facet normal 0.9038 -0.427955 0
    outer loop
      vertex 152.118 64.4714 0
      vertex 152.076 64.3827 4
      vertex 152.076 64.3827 0
    endloop
  endfacet
  facet normal -0.146844 -0.98916 0
    outer loop
      vertex 154.298 64.9952 0
      vertex 154.395 64.9808 4
      vertex 154.298 64.9952 4
    endloop
  endfacet
  facet normal -0.146844 -0.98916 -0
    outer loop
      vertex 154.395 64.9808 4
      vertex 154.298 64.9952 0
      vertex 154.395 64.9808 0
    endloop
  endfacet
  facet normal 0.998701 -0.0509541 0
    outer loop
      vertex 152 64 4
      vertex 152.005 64.098 0
      vertex 152.005 64.098 4
    endloop
  endfacet
  facet normal 0.998701 -0.0509541 0
    outer loop
      vertex 152.005 64.098 0
      vertex 152 64 4
      vertex 152 64 0
    endloop
  endfacet
  facet normal -0.998701 0.0509541 0
    outer loop
      vertex 155.195 55.902 0
      vertex 155.2 56 4
      vertex 155.2 56 0
    endloop
  endfacet
  facet normal -0.998701 0.0509541 0
    outer loop
      vertex 155.2 56 4
      vertex 155.195 55.902 0
      vertex 155.195 55.902 4
    endloop
  endfacet
  facet normal -1 0 0
    outer loop
      vertex 155.2 56 0
      vertex 155.2 64 4
      vertex 155.2 64 0
    endloop
  endfacet
  facet normal -1 -0 0
    outer loop
      vertex 155.2 64 4
      vertex 155.2 56 0
      vertex 155.2 56 4
    endloop
  endfacet
  facet normal -0.740401 -0.672166 0
    outer loop
      vertex 154.973 64.6344 0
      vertex 154.907 64.7071 4
      vertex 154.907 64.7071 0
    endloop
  endfacet
  facet normal -0.740401 -0.672166 0
    outer loop
      vertex 154.907 64.7071 4
      vertex 154.973 64.6344 0
      vertex 154.973 64.6344 4
    endloop
  endfacet
  facet normal 0.243977 -0.969781 0
    outer loop
      vertex 152.71 64.9569 0
      vertex 152.805 64.9808 4
      vertex 152.71 64.9569 4
    endloop
  endfacet
  facet normal 0.243977 -0.969781 0
    outer loop
      vertex 152.805 64.9808 4
      vertex 152.71 64.9569 0
      vertex 152.805 64.9808 0
    endloop
  endfacet
  facet normal 0 -1 0
    outer loop
      vertex 153 65 0
      vertex 154.2 65 4
      vertex 153 65 4
    endloop
  endfacet
  facet normal 0 -1 -0
    outer loop
      vertex 154.2 65 4
      vertex 153 65 0
      vertex 154.2 65 0
    endloop
  endfacet
  facet normal 0.969661 -0.244452 0
    outer loop
      vertex 152.019 64.1951 4
      vertex 152.043 64.2903 0
      vertex 152.043 64.2903 4
    endloop
  endfacet
  facet normal 0.969661 -0.244452 0
    outer loop
      vertex 152.043 64.2903 0
      vertex 152.019 64.1951 4
      vertex 152.019 64.1951 0
    endloop
  endfacet
  facet normal 0.941742 -0.336336 0
    outer loop
      vertex 152.043 64.2903 4
      vertex 152.076 64.3827 0
      vertex 152.076 64.3827 4
    endloop
  endfacet
  facet normal 0.941742 -0.336336 0
    outer loop
      vertex 152.076 64.3827 0
      vertex 152.043 64.2903 4
      vertex 152.043 64.2903 0
    endloop
  endfacet
  facet normal 0.989765 -0.142706 0
    outer loop
      vertex 152.005 64.098 4
      vertex 152.019 64.1951 0
      vertex 152.019 64.1951 4
    endloop
  endfacet
  facet normal 0.989765 -0.142706 0
    outer loop
      vertex 152.019 64.1951 0
      vertex 152.005 64.098 4
      vertex 152.005 64.098 0
    endloop
  endfacet
  facet normal -0.941742 0.336336 0
    outer loop
      vertex 155.124 55.6173 0
      vertex 155.157 55.7097 4
      vertex 155.157 55.7097 0
    endloop
  endfacet
  facet normal -0.941742 0.336336 0
    outer loop
      vertex 155.157 55.7097 4
      vertex 155.124 55.6173 0
      vertex 155.124 55.6173 4
    endloop
  endfacet
  facet normal -0.989765 0.142706 0
    outer loop
      vertex 155.181 55.8049 0
      vertex 155.195 55.902 4
      vertex 155.195 55.902 0
    endloop
  endfacet
  facet normal -0.989765 0.142706 0
    outer loop
      vertex 155.195 55.902 4
      vertex 155.181 55.8049 0
      vertex 155.181 55.8049 4
    endloop
  endfacet
  facet normal -0.941742 -0.336336 0
    outer loop
      vertex 155.157 64.2903 0
      vertex 155.124 64.3827 4
      vertex 155.124 64.3827 0
    endloop
  endfacet
  facet normal -0.941742 -0.336336 0
    outer loop
      vertex 155.124 64.3827 4
      vertex 155.157 64.2903 0
      vertex 155.157 64.2903 4
    endloop
  endfacet
  facet normal -0.43073 -0.902481 0
    outer loop
      vertex 154.583 64.9239 0
      vertex 154.671 64.8819 4
      vertex 154.583 64.9239 4
    endloop
  endfacet
  facet normal -0.43073 -0.902481 -0
    outer loop
      vertex 154.671 64.8819 4
      vertex 154.583 64.9239 0
      vertex 154.671 64.8819 0
    endloop
  endfacet
  facet normal -0.33441 -0.942428 0
    outer loop
      vertex 154.49 64.9569 0
      vertex 154.583 64.9239 4
      vertex 154.49 64.9569 4
    endloop
  endfacet
  facet normal -0.33441 -0.942428 -0
    outer loop
      vertex 154.583 64.9239 4
      vertex 154.49 64.9569 0
      vertex 154.583 64.9239 0
    endloop
  endfacet
  facet normal -0.6 -0.8 0
    outer loop
      vertex 154.756 64.8315 0
      vertex 154.834 64.773 4
      vertex 154.756 64.8315 4
    endloop
  endfacet
  facet normal -0.6 -0.8 -0
    outer loop
      vertex 154.834 64.773 4
      vertex 154.756 64.8315 0
      vertex 154.834 64.773 0
    endloop
  endfacet
  facet normal 0.6 -0.8 0
    outer loop
      vertex 152.366 64.773 0
      vertex 152.444 64.8315 4
      vertex 152.366 64.773 4
    endloop
  endfacet
  facet normal 0.6 -0.8 0
    outer loop
      vertex 152.444 64.8315 4
      vertex 152.366 64.773 0
      vertex 152.444 64.8315 0
    endloop
  endfacet
  facet normal 0.0489209 -0.998803 0
    outer loop
      vertex 152.902 64.9952 0
      vertex 153 65 4
      vertex 152.902 64.9952 4
    endloop
  endfacet
  facet normal 0.0489209 -0.998803 0
    outer loop
      vertex 153 65 4
      vertex 152.902 64.9952 0
      vertex 153 65 0
    endloop
  endfacet
  facet normal -0.0489209 -0.998803 0
    outer loop
      vertex 154.2 65 0
      vertex 154.298 64.9952 4
      vertex 154.2 65 4
    endloop
  endfacet
  facet normal -0.0489209 -0.998803 -0
    outer loop
      vertex 154.298 64.9952 4
      vertex 154.2 65 0
      vertex 154.298 64.9952 0
    endloop
  endfacet
  facet normal -0.969661 0.244452 0
    outer loop
      vertex 155.157 55.7097 0
      vertex 155.181 55.8049 4
      vertex 155.181 55.8049 0
    endloop
  endfacet
  facet normal -0.969661 0.244452 0
    outer loop
      vertex 155.181 55.8049 4
      vertex 155.157 55.7097 0
      vertex 155.157 55.7097 4
    endloop
  endfacet
  facet normal 0.0489209 0.998803 -0
    outer loop
      vertex 153 55 0
      vertex 152.902 55.0048 4
      vertex 153 55 4
    endloop
  endfacet
  facet normal 0.0489209 0.998803 0
    outer loop
      vertex 152.902 55.0048 4
      vertex 153 55 0
      vertex 152.902 55.0048 0
    endloop
  endfacet
  facet normal -0.0489209 0.998803 0
    outer loop
      vertex 154.298 55.0048 0
      vertex 154.2 55 4
      vertex 154.298 55.0048 4
    endloop
  endfacet
  facet normal -0.0489209 0.998803 0
    outer loop
      vertex 154.2 55 4
      vertex 154.298 55.0048 0
      vertex 154.2 55 0
    endloop
  endfacet
  facet normal 0.6 0.8 -0
    outer loop
      vertex 152.444 55.1685 0
      vertex 152.366 55.227 4
      vertex 152.444 55.1685 4
    endloop
  endfacet
  facet normal 0.6 0.8 0
    outer loop
      vertex 152.366 55.227 4
      vertex 152.444 55.1685 0
      vertex 152.366 55.227 0
    endloop
  endfacet
  facet normal 0.335309 0.942108 -0
    outer loop
      vertex 152.71 55.043 0
      vertex 152.617 55.0761 4
      vertex 152.71 55.043 4
    endloop
  endfacet
  facet normal 0.335309 0.942108 0
    outer loop
      vertex 152.617 55.0761 4
      vertex 152.71 55.043 0
      vertex 152.617 55.0761 0
    endloop
  endfacet
  facet normal 0.805364 0.592781 0
    outer loop
      vertex 152.227 55.3656 4
      vertex 152.169 55.4444 0
      vertex 152.169 55.4444 4
    endloop
  endfacet
  facet normal 0.805364 0.592781 0
    outer loop
      vertex 152.169 55.4444 0
      vertex 152.227 55.3656 4
      vertex 152.227 55.3656 0
    endloop
  endfacet
  facet normal -0.969661 -0.244452 0
    outer loop
      vertex 155.181 64.1951 0
      vertex 155.157 64.2903 4
      vertex 155.157 64.2903 0
    endloop
  endfacet
  facet normal -0.969661 -0.244452 0
    outer loop
      vertex 155.157 64.2903 4
      vertex 155.181 64.1951 0
      vertex 155.181 64.1951 4
    endloop
  endfacet
  facet normal -0.989765 -0.142706 0
    outer loop
      vertex 155.195 64.098 0
      vertex 155.181 64.1951 4
      vertex 155.181 64.1951 0
    endloop
  endfacet
  facet normal -0.989765 -0.142706 0
    outer loop
      vertex 155.181 64.1951 4
      vertex 155.195 64.098 0
      vertex 155.195 64.098 4
    endloop
  endfacet
  facet normal -0.855334 -0.518077 0
    outer loop
      vertex 155.082 64.4714 0
      vertex 155.031 64.5556 4
      vertex 155.031 64.5556 0
    endloop
  endfacet
  facet normal -0.855334 -0.518077 0
    outer loop
      vertex 155.031 64.5556 4
      vertex 155.082 64.4714 0
      vertex 155.082 64.4714 4
    endloop
  endfacet
  facet normal -0.805364 -0.592781 0
    outer loop
      vertex 155.031 64.5556 0
      vertex 154.973 64.6344 4
      vertex 154.973 64.6344 0
    endloop
  endfacet
  facet normal -0.805364 -0.592781 0
    outer loop
      vertex 154.973 64.6344 4
      vertex 155.031 64.5556 0
      vertex 155.031 64.5556 4
    endloop
  endfacet
  facet normal -0.9038 -0.427955 0
    outer loop
      vertex 155.124 64.3827 0
      vertex 155.082 64.4714 4
      vertex 155.082 64.4714 0
    endloop
  endfacet
  facet normal -0.9038 -0.427955 0
    outer loop
      vertex 155.082 64.4714 4
      vertex 155.124 64.3827 0
      vertex 155.124 64.3827 4
    endloop
  endfacet
  facet normal -0.243977 -0.969781 0
    outer loop
      vertex 154.395 64.9808 0
      vertex 154.49 64.9569 4
      vertex 154.395 64.9808 4
    endloop
  endfacet
  facet normal -0.243977 -0.969781 -0
    outer loop
      vertex 154.49 64.9569 4
      vertex 154.395 64.9808 0
      vertex 154.49 64.9569 0
    endloop
  endfacet
  facet normal -0.510024 -0.86016 0
    outer loop
      vertex 154.671 64.8819 0
      vertex 154.756 64.8315 4
      vertex 154.671 64.8819 4
    endloop
  endfacet
  facet normal -0.510024 -0.86016 -0
    outer loop
      vertex 154.756 64.8315 4
      vertex 154.671 64.8819 0
      vertex 154.756 64.8315 0
    endloop
  endfacet
  facet normal -0.670088 -0.742282 0
    outer loop
      vertex 154.834 64.773 0
      vertex 154.907 64.7071 4
      vertex 154.834 64.773 4
    endloop
  endfacet
  facet normal -0.670088 -0.742282 -0
    outer loop
      vertex 154.907 64.7071 4
      vertex 154.834 64.773 0
      vertex 154.907 64.7071 0
    endloop
  endfacet
  facet normal 0.740401 -0.672166 0
    outer loop
      vertex 152.227 64.6344 4
      vertex 152.293 64.7071 0
      vertex 152.293 64.7071 4
    endloop
  endfacet
  facet normal 0.740401 -0.672166 0
    outer loop
      vertex 152.293 64.7071 0
      vertex 152.227 64.6344 4
      vertex 152.227 64.6344 0
    endloop
  endfacet
  facet normal 0.43073 -0.902481 0
    outer loop
      vertex 152.529 64.8819 0
      vertex 152.617 64.9239 4
      vertex 152.529 64.8819 4
    endloop
  endfacet
  facet normal 0.43073 -0.902481 0
    outer loop
      vertex 152.617 64.9239 4
      vertex 152.529 64.8819 0
      vertex 152.617 64.9239 0
    endloop
  endfacet
  facet normal 0.33441 -0.942428 0
    outer loop
      vertex 152.617 64.9239 0
      vertex 152.71 64.9569 4
      vertex 152.617 64.9239 4
    endloop
  endfacet
  facet normal 0.33441 -0.942428 0
    outer loop
      vertex 152.71 64.9569 4
      vertex 152.617 64.9239 0
      vertex 152.71 64.9569 0
    endloop
  endfacet
  facet normal 0.510024 -0.86016 0
    outer loop
      vertex 152.444 64.8315 0
      vertex 152.529 64.8819 4
      vertex 152.444 64.8315 4
    endloop
  endfacet
  facet normal 0.510024 -0.86016 0
    outer loop
      vertex 152.529 64.8819 4
      vertex 152.444 64.8315 0
      vertex 152.529 64.8819 0
    endloop
  endfacet
  facet normal 0.670088 -0.742282 0
    outer loop
      vertex 152.293 64.7071 0
      vertex 152.366 64.773 4
      vertex 152.293 64.7071 4
    endloop
  endfacet
  facet normal 0.670088 -0.742282 0
    outer loop
      vertex 152.366 64.773 4
      vertex 152.293 64.7071 0
      vertex 152.366 64.773 0
    endloop
  endfacet
  facet normal 0.805364 -0.592781 0
    outer loop
      vertex 152.169 64.5556 4
      vertex 152.227 64.6344 0
      vertex 152.227 64.6344 4
    endloop
  endfacet
  facet normal 0.805364 -0.592781 0
    outer loop
      vertex 152.227 64.6344 0
      vertex 152.169 64.5556 4
      vertex 152.169 64.5556 0
    endloop
  endfacet
  facet normal 0.146844 -0.98916 0
    outer loop
      vertex 152.805 64.9808 0
      vertex 152.902 64.9952 4
      vertex 152.805 64.9808 4
    endloop
  endfacet
  facet normal 0.146844 -0.98916 0
    outer loop
      vertex 152.902 64.9952 4
      vertex 152.805 64.9808 0
      vertex 152.902 64.9952 0
    endloop
  endfacet
  facet normal 0 1 -0
    outer loop
      vertex 154.2 55 0
      vertex 153 55 4
      vertex 154.2 55 4
    endloop
  endfacet
  facet normal 0 1 0
    outer loop
      vertex 153 55 4
      vertex 154.2 55 0
      vertex 153 55 0
    endloop
  endfacet
  facet normal -0.146844 0.98916 0
    outer loop
      vertex 154.395 55.0192 0
      vertex 154.298 55.0048 4
      vertex 154.395 55.0192 4
    endloop
  endfacet
  facet normal -0.146844 0.98916 0
    outer loop
      vertex 154.298 55.0048 4
      vertex 154.395 55.0192 0
      vertex 154.298 55.0048 0
    endloop
  endfacet
  facet normal -0.335309 0.942108 0
    outer loop
      vertex 154.583 55.0761 0
      vertex 154.49 55.043 4
      vertex 154.583 55.0761 4
    endloop
  endfacet
  facet normal -0.335309 0.942108 0
    outer loop
      vertex 154.49 55.043 4
      vertex 154.583 55.0761 0
      vertex 154.49 55.043 0
    endloop
  endfacet
  facet normal -0.510024 0.86016 0
    outer loop
      vertex 154.756 55.1685 0
      vertex 154.671 55.1181 4
      vertex 154.756 55.1685 4
    endloop
  endfacet
  facet normal -0.510024 0.86016 0
    outer loop
      vertex 154.671 55.1181 4
      vertex 154.756 55.1685 0
      vertex 154.671 55.1181 0
    endloop
  endfacet
  facet normal -0.670088 0.742282 0
    outer loop
      vertex 154.907 55.2929 0
      vertex 154.834 55.227 4
      vertex 154.907 55.2929 4
    endloop
  endfacet
  facet normal -0.670088 0.742282 0
    outer loop
      vertex 154.834 55.227 4
      vertex 154.907 55.2929 0
      vertex 154.834 55.227 0
    endloop
  endfacet
  facet normal -0.805364 0.592781 0
    outer loop
      vertex 154.973 55.3656 0
      vertex 155.031 55.4444 4
      vertex 155.031 55.4444 0
    endloop
  endfacet
  facet normal -0.805364 0.592781 0
    outer loop
      vertex 155.031 55.4444 4
      vertex 154.973 55.3656 0
      vertex 154.973 55.3656 4
    endloop
  endfacet
  facet normal 0.510024 0.86016 -0
    outer loop
      vertex 152.529 55.1181 0
      vertex 152.444 55.1685 4
      vertex 152.529 55.1181 4
    endloop
  endfacet
  facet normal 0.510024 0.86016 0
    outer loop
      vertex 152.444 55.1685 4
      vertex 152.529 55.1181 0
      vertex 152.444 55.1685 0
    endloop
  endfacet
  facet normal 0.243016 0.970022 -0
    outer loop
      vertex 152.805 55.0192 0
      vertex 152.71 55.043 4
      vertex 152.805 55.0192 4
    endloop
  endfacet
  facet normal 0.243016 0.970022 0
    outer loop
      vertex 152.71 55.043 4
      vertex 152.805 55.0192 0
      vertex 152.71 55.043 0
    endloop
  endfacet
  facet normal 0.740401 0.672166 0
    outer loop
      vertex 152.293 55.2929 4
      vertex 152.227 55.3656 0
      vertex 152.227 55.3656 4
    endloop
  endfacet
  facet normal 0.740401 0.672166 0
    outer loop
      vertex 152.227 55.3656 0
      vertex 152.293 55.2929 4
      vertex 152.293 55.2929 0
    endloop
  endfacet
  facet normal 0.9038 0.427955 0
    outer loop
      vertex 152.118 55.5286 4
      vertex 152.076 55.6173 0
      vertex 152.076 55.6173 4
    endloop
  endfacet
  facet normal 0.9038 0.427955 0
    outer loop
      vertex 152.076 55.6173 0
      vertex 152.118 55.5286 4
      vertex 152.118 55.5286 0
    endloop
  endfacet
  facet normal 0.969661 0.244452 0
    outer loop
      vertex 152.043 55.7097 4
      vertex 152.019 55.8049 0
      vertex 152.019 55.8049 4
    endloop
  endfacet
  facet normal 0.969661 0.244452 0
    outer loop
      vertex 152.019 55.8049 0
      vertex 152.043 55.7097 4
      vertex 152.043 55.7097 0
    endloop
  endfacet
  facet normal 0.855334 -0.518077 0
    outer loop
      vertex 152.118 64.4714 4
      vertex 152.169 64.5556 0
      vertex 152.169 64.5556 4
    endloop
  endfacet
  facet normal 0.855334 -0.518077 0
    outer loop
      vertex 152.169 64.5556 0
      vertex 152.118 64.4714 4
      vertex 152.118 64.4714 0
    endloop
  endfacet
  facet normal -0.243016 0.970022 0
    outer loop
      vertex 154.49 55.043 0
      vertex 154.395 55.0192 4
      vertex 154.49 55.043 4
    endloop
  endfacet
  facet normal -0.243016 0.970022 0
    outer loop
      vertex 154.395 55.0192 4
      vertex 154.49 55.043 0
      vertex 154.395 55.0192 0
    endloop
  endfacet
  facet normal -0.43073 0.902481 0
    outer loop
      vertex 154.671 55.1181 0
      vertex 154.583 55.0761 4
      vertex 154.671 55.1181 4
    endloop
  endfacet
  facet normal -0.43073 0.902481 0
    outer loop
      vertex 154.583 55.0761 4
      vertex 154.671 55.1181 0
      vertex 154.583 55.0761 0
    endloop
  endfacet
  facet normal -0.6 0.8 0
    outer loop
      vertex 154.834 55.227 0
      vertex 154.756 55.1685 4
      vertex 154.834 55.227 4
    endloop
  endfacet
  facet normal -0.6 0.8 0
    outer loop
      vertex 154.756 55.1685 4
      vertex 154.834 55.227 0
      vertex 154.756 55.1685 0
    endloop
  endfacet
  facet normal -0.740401 0.672166 0
    outer loop
      vertex 154.907 55.2929 0
      vertex 154.973 55.3656 4
      vertex 154.973 55.3656 0
    endloop
  endfacet
  facet normal -0.740401 0.672166 0
    outer loop
      vertex 154.973 55.3656 4
      vertex 154.907 55.2929 0
      vertex 154.907 55.2929 4
    endloop
  endfacet
  facet normal -0.855334 0.518077 0
    outer loop
      vertex 155.031 55.4444 0
      vertex 155.082 55.5286 4
      vertex 155.082 55.5286 0
    endloop
  endfacet
  facet normal -0.855334 0.518077 0
    outer loop
      vertex 155.082 55.5286 4
      vertex 155.031 55.4444 0
      vertex 155.031 55.4444 4
    endloop
  endfacet
  facet normal 0.43073 0.902481 -0
    outer loop
      vertex 152.617 55.0761 0
      vertex 152.529 55.1181 4
      vertex 152.617 55.0761 4
    endloop
  endfacet
  facet normal 0.43073 0.902481 0
    outer loop
      vertex 152.529 55.1181 4
      vertex 152.617 55.0761 0
      vertex 152.529 55.1181 0
    endloop
  endfacet
  facet normal 0.146844 0.98916 -0
    outer loop
      vertex 152.902 55.0048 0
      vertex 152.805 55.0192 4
      vertex 152.902 55.0048 4
    endloop
  endfacet
  facet normal 0.146844 0.98916 0
    outer loop
      vertex 152.805 55.0192 4
      vertex 152.902 55.0048 0
      vertex 152.805 55.0192 0
    endloop
  endfacet
  facet normal 0.670088 0.742282 -0
    outer loop
      vertex 152.366 55.227 0
      vertex 152.293 55.2929 4
      vertex 152.366 55.227 4
    endloop
  endfacet
  facet normal 0.670088 0.742282 0
    outer loop
      vertex 152.293 55.2929 4
      vertex 152.366 55.227 0
      vertex 152.293 55.2929 0
    endloop
  endfacet
  facet normal 0.855334 0.518077 0
    outer loop
      vertex 152.169 55.4444 4
      vertex 152.118 55.5286 0
      vertex 152.118 55.5286 4
    endloop
  endfacet
  facet normal 0.855334 0.518077 0
    outer loop
      vertex 152.118 55.5286 0
      vertex 152.169 55.4444 4
      vertex 152.169 55.4444 0
    endloop
  endfacet
  facet normal 0.941742 0.336336 0
    outer loop
      vertex 152.076 55.6173 4
      vertex 152.043 55.7097 0
      vertex 152.043 55.7097 4
    endloop
  endfacet
  facet normal 0.941742 0.336336 0
    outer loop
      vertex 152.043 55.7097 0
      vertex 152.076 55.6173 4
      vertex 152.076 55.6173 0
    endloop
  endfacet
  facet normal 0.989765 0.142706 0
    outer loop
      vertex 145.019 75.8049 4
      vertex 145.005 75.902 0
      vertex 145.005 75.902 4
    endloop
  endfacet
  facet normal 0.989765 0.142706 0
    outer loop
      vertex 145.005 75.902 0
      vertex 145.019 75.8049 4
      vertex 145.019 75.8049 0
    endloop
  endfacet
  facet normal 1 -0 0
    outer loop
      vertex 145 76 4
      vertex 145 84 0
      vertex 145 84 4
    endloop
  endfacet
  facet normal 1 0 0
    outer loop
      vertex 145 84 0
      vertex 145 76 4
      vertex 145 76 0
    endloop
  endfacet
  facet normal -0.998701 -0.0509541 0
    outer loop
      vertex 148.2 84 0
      vertex 148.195 84.098 4
      vertex 148.195 84.098 0
    endloop
  endfacet
  facet normal -0.998701 -0.0509541 0
    outer loop
      vertex 148.195 84.098 4
      vertex 148.2 84 0
      vertex 148.2 84 4
    endloop
  endfacet
  facet normal 0.998701 0.0509541 0
    outer loop
      vertex 145.005 75.902 4
      vertex 145 76 0
      vertex 145 76 4
    endloop
  endfacet
  facet normal 0.998701 0.0509541 0
    outer loop
      vertex 145 76 0
      vertex 145.005 75.902 4
      vertex 145.005 75.902 0
    endloop
  endfacet
  facet normal 0.146844 0.98916 -0
    outer loop
      vertex 145.902 75.0048 0
      vertex 145.805 75.0192 4
      vertex 145.902 75.0048 4
    endloop
  endfacet
  facet normal 0.146844 0.98916 0
    outer loop
      vertex 145.805 75.0192 4
      vertex 145.902 75.0048 0
      vertex 145.805 75.0192 0
    endloop
  endfacet
  facet normal -0.0489209 -0.998803 0
    outer loop
      vertex 147.2 85 0
      vertex 147.298 84.9952 4
      vertex 147.2 85 4
    endloop
  endfacet
  facet normal -0.0489209 -0.998803 -0
    outer loop
      vertex 147.298 84.9952 4
      vertex 147.2 85 0
      vertex 147.298 84.9952 0
    endloop
  endfacet
  facet normal -0.941742 0.336336 0
    outer loop
      vertex 148.124 75.6173 0
      vertex 148.157 75.7097 4
      vertex 148.157 75.7097 0
    endloop
  endfacet
  facet normal -0.941742 0.336336 0
    outer loop
      vertex 148.157 75.7097 4
      vertex 148.124 75.6173 0
      vertex 148.124 75.6173 4
    endloop
  endfacet
  facet normal 0.989765 -0.142706 0
    outer loop
      vertex 145.005 84.098 4
      vertex 145.019 84.1951 0
      vertex 145.019 84.1951 4
    endloop
  endfacet
  facet normal 0.989765 -0.142706 0
    outer loop
      vertex 145.019 84.1951 0
      vertex 145.005 84.098 4
      vertex 145.005 84.098 0
    endloop
  endfacet
  facet normal -1 0 0
    outer loop
      vertex 148.2 76 0
      vertex 148.2 84 4
      vertex 148.2 84 0
    endloop
  endfacet
  facet normal -1 -0 0
    outer loop
      vertex 148.2 84 4
      vertex 148.2 76 0
      vertex 148.2 76 4
    endloop
  endfacet
  facet normal 0.670088 0.742282 -0
    outer loop
      vertex 145.366 75.227 0
      vertex 145.293 75.2929 4
      vertex 145.366 75.227 4
    endloop
  endfacet
  facet normal 0.670088 0.742282 0
    outer loop
      vertex 145.293 75.2929 4
      vertex 145.366 75.227 0
      vertex 145.293 75.2929 0
    endloop
  endfacet
  facet normal 0.243977 -0.969781 0
    outer loop
      vertex 145.71 84.9569 0
      vertex 145.805 84.9808 4
      vertex 145.71 84.9569 4
    endloop
  endfacet
  facet normal 0.243977 -0.969781 0
    outer loop
      vertex 145.805 84.9808 4
      vertex 145.71 84.9569 0
      vertex 145.805 84.9808 0
    endloop
  endfacet
  facet normal 0.941742 -0.336336 0
    outer loop
      vertex 145.043 84.2903 4
      vertex 145.076 84.3827 0
      vertex 145.076 84.3827 4
    endloop
  endfacet
  facet normal 0.941742 -0.336336 0
    outer loop
      vertex 145.076 84.3827 0
      vertex 145.043 84.2903 4
      vertex 145.043 84.2903 0
    endloop
  endfacet
  facet normal 0.998701 -0.0509541 0
    outer loop
      vertex 145 84 4
      vertex 145.005 84.098 0
      vertex 145.005 84.098 4
    endloop
  endfacet
  facet normal 0.998701 -0.0509541 0
    outer loop
      vertex 145.005 84.098 0
      vertex 145 84 4
      vertex 145 84 0
    endloop
  endfacet
  facet normal 0.969661 -0.244452 0
    outer loop
      vertex 145.019 84.1951 4
      vertex 145.043 84.2903 0
      vertex 145.043 84.2903 4
    endloop
  endfacet
  facet normal 0.969661 -0.244452 0
    outer loop
      vertex 145.043 84.2903 0
      vertex 145.019 84.1951 4
      vertex 145.019 84.1951 0
    endloop
  endfacet
  facet normal -0.989765 0.142706 0
    outer loop
      vertex 148.181 75.8049 0
      vertex 148.195 75.902 4
      vertex 148.195 75.902 0
    endloop
  endfacet
  facet normal -0.989765 0.142706 0
    outer loop
      vertex 148.195 75.902 4
      vertex 148.181 75.8049 0
      vertex 148.181 75.8049 4
    endloop
  endfacet
  facet normal 0.855334 0.518077 0
    outer loop
      vertex 145.169 75.4444 4
      vertex 145.118 75.5286 0
      vertex 145.118 75.5286 4
    endloop
  endfacet
  facet normal 0.855334 0.518077 0
    outer loop
      vertex 145.118 75.5286 0
      vertex 145.169 75.4444 4
      vertex 145.169 75.4444 0
    endloop
  endfacet
  facet normal 0 -1 0
    outer loop
      vertex 146 85 0
      vertex 147.2 85 4
      vertex 146 85 4
    endloop
  endfacet
  facet normal 0 -1 -0
    outer loop
      vertex 147.2 85 4
      vertex 146 85 0
      vertex 147.2 85 0
    endloop
  endfacet
  facet normal 0.9038 -0.427955 0
    outer loop
      vertex 145.076 84.3827 4
      vertex 145.118 84.4714 0
      vertex 145.118 84.4714 4
    endloop
  endfacet
  facet normal 0.9038 -0.427955 0
    outer loop
      vertex 145.118 84.4714 0
      vertex 145.076 84.3827 4
      vertex 145.076 84.3827 0
    endloop
  endfacet
  facet normal 0.0489209 -0.998803 0
    outer loop
      vertex 145.902 84.9952 0
      vertex 146 85 4
      vertex 145.902 84.9952 4
    endloop
  endfacet
  facet normal 0.0489209 -0.998803 0
    outer loop
      vertex 146 85 4
      vertex 145.902 84.9952 0
      vertex 146 85 0
    endloop
  endfacet
  facet normal 0.6 -0.8 0
    outer loop
      vertex 145.366 84.773 0
      vertex 145.444 84.8315 4
      vertex 145.366 84.773 4
    endloop
  endfacet
  facet normal 0.6 -0.8 0
    outer loop
      vertex 145.444 84.8315 4
      vertex 145.366 84.773 0
      vertex 145.444 84.8315 0
    endloop
  endfacet
  facet normal -0.969661 0.244452 0
    outer loop
      vertex 148.157 75.7097 0
      vertex 148.181 75.8049 4
      vertex 148.181 75.8049 0
    endloop
  endfacet
  facet normal -0.969661 0.244452 0
    outer loop
      vertex 148.181 75.8049 4
      vertex 148.157 75.7097 0
      vertex 148.157 75.7097 4
    endloop
  endfacet
  facet normal -0.998701 0.0509541 0
    outer loop
      vertex 148.195 75.902 0
      vertex 148.2 76 4
      vertex 148.2 76 0
    endloop
  endfacet
  facet normal -0.998701 0.0509541 0
    outer loop
      vertex 148.2 76 4
      vertex 148.195 75.902 0
      vertex 148.195 75.902 4
    endloop
  endfacet
  facet normal 0.43073 0.902481 -0
    outer loop
      vertex 145.617 75.0761 0
      vertex 145.529 75.1181 4
      vertex 145.617 75.0761 4
    endloop
  endfacet
  facet normal 0.43073 0.902481 0
    outer loop
      vertex 145.529 75.1181 4
      vertex 145.617 75.0761 0
      vertex 145.529 75.1181 0
    endloop
  endfacet
  facet normal 0.6 0.8 -0
    outer loop
      vertex 145.444 75.1685 0
      vertex 145.366 75.227 4
      vertex 145.444 75.1685 4
    endloop
  endfacet
  facet normal 0.6 0.8 0
    outer loop
      vertex 145.366 75.227 4
      vertex 145.444 75.1685 0
      vertex 145.366 75.227 0
    endloop
  endfacet
  facet normal 0.335309 0.942108 -0
    outer loop
      vertex 145.71 75.043 0
      vertex 145.617 75.0761 4
      vertex 145.71 75.043 4
    endloop
  endfacet
  facet normal 0.335309 0.942108 0
    outer loop
      vertex 145.617 75.0761 4
      vertex 145.71 75.043 0
      vertex 145.617 75.0761 0
    endloop
  endfacet
  facet normal 0.805364 0.592781 0
    outer loop
      vertex 145.227 75.3656 4
      vertex 145.169 75.4444 0
      vertex 145.169 75.4444 4
    endloop
  endfacet
  facet normal 0.805364 0.592781 0
    outer loop
      vertex 145.169 75.4444 0
      vertex 145.227 75.3656 4
      vertex 145.227 75.3656 0
    endloop
  endfacet
  facet normal -0.0489209 0.998803 0
    outer loop
      vertex 147.298 75.0048 0
      vertex 147.2 75 4
      vertex 147.298 75.0048 4
    endloop
  endfacet
  facet normal -0.0489209 0.998803 0
    outer loop
      vertex 147.2 75 4
      vertex 147.298 75.0048 0
      vertex 147.2 75 0
    endloop
  endfacet
  facet normal 0.0489209 0.998803 -0
    outer loop
      vertex 146 75 0
      vertex 145.902 75.0048 4
      vertex 146 75 4
    endloop
  endfacet
  facet normal 0.0489209 0.998803 0
    outer loop
      vertex 145.902 75.0048 4
      vertex 146 75 0
      vertex 145.902 75.0048 0
    endloop
  endfacet
  facet normal -0.740401 -0.672166 0
    outer loop
      vertex 147.973 84.6344 0
      vertex 147.907 84.7071 4
      vertex 147.907 84.7071 0
    endloop
  endfacet
  facet normal -0.740401 -0.672166 0
    outer loop
      vertex 147.907 84.7071 4
      vertex 147.973 84.6344 0
      vertex 147.973 84.6344 4
    endloop
  endfacet
  facet normal -0.969661 -0.244452 0
    outer loop
      vertex 148.181 84.1951 0
      vertex 148.157 84.2903 4
      vertex 148.157 84.2903 0
    endloop
  endfacet
  facet normal -0.969661 -0.244452 0
    outer loop
      vertex 148.157 84.2903 4
      vertex 148.181 84.1951 0
      vertex 148.181 84.1951 4
    endloop
  endfacet
  facet normal -0.989765 -0.142706 0
    outer loop
      vertex 148.195 84.098 0
      vertex 148.181 84.1951 4
      vertex 148.181 84.1951 0
    endloop
  endfacet
  facet normal -0.989765 -0.142706 0
    outer loop
      vertex 148.181 84.1951 4
      vertex 148.195 84.098 0
      vertex 148.195 84.098 4
    endloop
  endfacet
  facet normal -0.510024 -0.86016 0
    outer loop
      vertex 147.671 84.8819 0
      vertex 147.756 84.8315 4
      vertex 147.671 84.8819 4
    endloop
  endfacet
  facet normal -0.510024 -0.86016 -0
    outer loop
      vertex 147.756 84.8315 4
      vertex 147.671 84.8819 0
      vertex 147.756 84.8315 0
    endloop
  endfacet
  facet normal -0.33441 -0.942428 0
    outer loop
      vertex 147.49 84.9569 0
      vertex 147.583 84.9239 4
      vertex 147.49 84.9569 4
    endloop
  endfacet
  facet normal -0.33441 -0.942428 -0
    outer loop
      vertex 147.583 84.9239 4
      vertex 147.49 84.9569 0
      vertex 147.583 84.9239 0
    endloop
  endfacet
  facet normal -0.146844 -0.98916 0
    outer loop
      vertex 147.298 84.9952 0
      vertex 147.395 84.9808 4
      vertex 147.298 84.9952 4
    endloop
  endfacet
  facet normal -0.146844 -0.98916 -0
    outer loop
      vertex 147.395 84.9808 4
      vertex 147.298 84.9952 0
      vertex 147.395 84.9808 0
    endloop
  endfacet
  facet normal 0.740401 -0.672166 0
    outer loop
      vertex 145.227 84.6344 4
      vertex 145.293 84.7071 0
      vertex 145.293 84.7071 4
    endloop
  endfacet
  facet normal 0.740401 -0.672166 0
    outer loop
      vertex 145.293 84.7071 0
      vertex 145.227 84.6344 4
      vertex 145.227 84.6344 0
    endloop
  endfacet
  facet normal 0.146844 -0.98916 0
    outer loop
      vertex 145.805 84.9808 0
      vertex 145.902 84.9952 4
      vertex 145.805 84.9808 4
    endloop
  endfacet
  facet normal 0.146844 -0.98916 0
    outer loop
      vertex 145.902 84.9952 4
      vertex 145.805 84.9808 0
      vertex 145.902 84.9952 0
    endloop
  endfacet
  facet normal 0.43073 -0.902481 0
    outer loop
      vertex 145.529 84.8819 0
      vertex 145.617 84.9239 4
      vertex 145.529 84.8819 4
    endloop
  endfacet
  facet normal 0.43073 -0.902481 0
    outer loop
      vertex 145.617 84.9239 4
      vertex 145.529 84.8819 0
      vertex 145.617 84.9239 0
    endloop
  endfacet
  facet normal 0.33441 -0.942428 0
    outer loop
      vertex 145.617 84.9239 0
      vertex 145.71 84.9569 4
      vertex 145.617 84.9239 4
    endloop
  endfacet
  facet normal 0.33441 -0.942428 0
    outer loop
      vertex 145.71 84.9569 4
      vertex 145.617 84.9239 0
      vertex 145.71 84.9569 0
    endloop
  endfacet
  facet normal 0.670088 -0.742282 0
    outer loop
      vertex 145.293 84.7071 0
      vertex 145.366 84.773 4
      vertex 145.293 84.7071 4
    endloop
  endfacet
  facet normal 0.670088 -0.742282 0
    outer loop
      vertex 145.366 84.773 4
      vertex 145.293 84.7071 0
      vertex 145.366 84.773 0
    endloop
  endfacet
  facet normal 0.805364 -0.592781 0
    outer loop
      vertex 145.169 84.5556 4
      vertex 145.227 84.6344 0
      vertex 145.227 84.6344 4
    endloop
  endfacet
  facet normal 0.805364 -0.592781 0
    outer loop
      vertex 145.227 84.6344 0
      vertex 145.169 84.5556 4
      vertex 145.169 84.5556 0
    endloop
  endfacet
  facet normal 0.510024 -0.86016 0
    outer loop
      vertex 145.444 84.8315 0
      vertex 145.529 84.8819 4
      vertex 145.444 84.8315 4
    endloop
  endfacet
  facet normal 0.510024 -0.86016 0
    outer loop
      vertex 145.529 84.8819 4
      vertex 145.444 84.8315 0
      vertex 145.529 84.8819 0
    endloop
  endfacet
  facet normal 0.510024 0.86016 -0
    outer loop
      vertex 145.529 75.1181 0
      vertex 145.444 75.1685 4
      vertex 145.529 75.1181 4
    endloop
  endfacet
  facet normal 0.510024 0.86016 0
    outer loop
      vertex 145.444 75.1685 4
      vertex 145.529 75.1181 0
      vertex 145.444 75.1685 0
    endloop
  endfacet
  facet normal 0.243016 0.970022 -0
    outer loop
      vertex 145.805 75.0192 0
      vertex 145.71 75.043 4
      vertex 145.805 75.0192 4
    endloop
  endfacet
  facet normal 0.243016 0.970022 0
    outer loop
      vertex 145.71 75.043 4
      vertex 145.805 75.0192 0
      vertex 145.71 75.043 0
    endloop
  endfacet
  facet normal 0.740401 0.672166 0
    outer loop
      vertex 145.293 75.2929 4
      vertex 145.227 75.3656 0
      vertex 145.227 75.3656 4
    endloop
  endfacet
  facet normal 0.740401 0.672166 0
    outer loop
      vertex 145.227 75.3656 0
      vertex 145.293 75.2929 4
      vertex 145.293 75.2929 0
    endloop
  endfacet
  facet normal 0.9038 0.427955 0
    outer loop
      vertex 145.118 75.5286 4
      vertex 145.076 75.6173 0
      vertex 145.076 75.6173 4
    endloop
  endfacet
  facet normal 0.9038 0.427955 0
    outer loop
      vertex 145.076 75.6173 0
      vertex 145.118 75.5286 4
      vertex 145.118 75.5286 0
    endloop
  endfacet
  facet normal 0.969661 0.244452 0
    outer loop
      vertex 145.043 75.7097 4
      vertex 145.019 75.8049 0
      vertex 145.019 75.8049 4
    endloop
  endfacet
  facet normal 0.969661 0.244452 0
    outer loop
      vertex 145.019 75.8049 0
      vertex 145.043 75.7097 4
      vertex 145.043 75.7097 0
    endloop
  endfacet
  facet normal -0.146844 0.98916 0
    outer loop
      vertex 147.395 75.0192 0
      vertex 147.298 75.0048 4
      vertex 147.395 75.0192 4
    endloop
  endfacet
  facet normal -0.146844 0.98916 0
    outer loop
      vertex 147.298 75.0048 4
      vertex 147.395 75.0192 0
      vertex 147.298 75.0048 0
    endloop
  endfacet
  facet normal 0 1 -0
    outer loop
      vertex 147.2 75 0
      vertex 146 75 4
      vertex 147.2 75 4
    endloop
  endfacet
  facet normal 0 1 0
    outer loop
      vertex 146 75 4
      vertex 147.2 75 0
      vertex 146 75 0
    endloop
  endfacet
  facet normal -0.510024 0.86016 0
    outer loop
      vertex 147.756 75.1685 0
      vertex 147.671 75.1181 4
      vertex 147.756 75.1685 4
    endloop
  endfacet
  facet normal -0.510024 0.86016 0
    outer loop
      vertex 147.671 75.1181 4
      vertex 147.756 75.1685 0
      vertex 147.671 75.1181 0
    endloop
  endfacet
  facet normal -0.335309 0.942108 0
    outer loop
      vertex 147.583 75.0761 0
      vertex 147.49 75.043 4
      vertex 147.583 75.0761 4
    endloop
  endfacet
  facet normal -0.335309 0.942108 0
    outer loop
      vertex 147.49 75.043 4
      vertex 147.583 75.0761 0
      vertex 147.49 75.043 0
    endloop
  endfacet
  facet normal -0.805364 0.592781 0
    outer loop
      vertex 147.973 75.3656 0
      vertex 148.031 75.4444 4
      vertex 148.031 75.4444 0
    endloop
  endfacet
  facet normal -0.805364 0.592781 0
    outer loop
      vertex 148.031 75.4444 4
      vertex 147.973 75.3656 0
      vertex 147.973 75.3656 4
    endloop
  endfacet
  facet normal -0.670088 0.742282 0
    outer loop
      vertex 147.907 75.2929 0
      vertex 147.834 75.227 4
      vertex 147.907 75.2929 4
    endloop
  endfacet
  facet normal -0.670088 0.742282 0
    outer loop
      vertex 147.834 75.227 4
      vertex 147.907 75.2929 0
      vertex 147.834 75.227 0
    endloop
  endfacet
  facet normal -0.941742 -0.336336 0
    outer loop
      vertex 148.157 84.2903 0
      vertex 148.124 84.3827 4
      vertex 148.124 84.3827 0
    endloop
  endfacet
  facet normal -0.941742 -0.336336 0
    outer loop
      vertex 148.124 84.3827 4
      vertex 148.157 84.2903 0
      vertex 148.157 84.2903 4
    endloop
  endfacet
  facet normal -0.805364 -0.592781 0
    outer loop
      vertex 148.031 84.5556 0
      vertex 147.973 84.6344 4
      vertex 147.973 84.6344 0
    endloop
  endfacet
  facet normal -0.805364 -0.592781 0
    outer loop
      vertex 147.973 84.6344 4
      vertex 148.031 84.5556 0
      vertex 148.031 84.5556 4
    endloop
  endfacet
  facet normal -0.43073 -0.902481 0
    outer loop
      vertex 147.583 84.9239 0
      vertex 147.671 84.8819 4
      vertex 147.583 84.9239 4
    endloop
  endfacet
  facet normal -0.43073 -0.902481 -0
    outer loop
      vertex 147.671 84.8819 4
      vertex 147.583 84.9239 0
      vertex 147.671 84.8819 0
    endloop
  endfacet
  facet normal -0.243977 -0.969781 0
    outer loop
      vertex 147.395 84.9808 0
      vertex 147.49 84.9569 4
      vertex 147.395 84.9808 4
    endloop
  endfacet
  facet normal -0.243977 -0.969781 -0
    outer loop
      vertex 147.49 84.9569 4
      vertex 147.395 84.9808 0
      vertex 147.49 84.9569 0
    endloop
  endfacet
  facet normal 0.855334 -0.518077 0
    outer loop
      vertex 145.118 84.4714 4
      vertex 145.169 84.5556 0
      vertex 145.169 84.5556 4
    endloop
  endfacet
  facet normal 0.855334 -0.518077 0
    outer loop
      vertex 145.169 84.5556 0
      vertex 145.118 84.4714 4
      vertex 145.118 84.4714 0
    endloop
  endfacet
  facet normal 0.941742 0.336336 0
    outer loop
      vertex 145.076 75.6173 4
      vertex 145.043 75.7097 0
      vertex 145.043 75.7097 4
    endloop
  endfacet
  facet normal 0.941742 0.336336 0
    outer loop
      vertex 145.043 75.7097 0
      vertex 145.076 75.6173 4
      vertex 145.076 75.6173 0
    endloop
  endfacet
  facet normal -0.243016 0.970022 0
    outer loop
      vertex 147.49 75.043 0
      vertex 147.395 75.0192 4
      vertex 147.49 75.043 4
    endloop
  endfacet
  facet normal -0.243016 0.970022 0
    outer loop
      vertex 147.395 75.0192 4
      vertex 147.49 75.043 0
      vertex 147.395 75.0192 0
    endloop
  endfacet
  facet normal -0.6 0.8 0
    outer loop
      vertex 147.834 75.227 0
      vertex 147.756 75.1685 4
      vertex 147.834 75.227 4
    endloop
  endfacet
  facet normal -0.6 0.8 0
    outer loop
      vertex 147.756 75.1685 4
      vertex 147.834 75.227 0
      vertex 147.756 75.1685 0
    endloop
  endfacet
  facet normal -0.43073 0.902481 0
    outer loop
      vertex 147.671 75.1181 0
      vertex 147.583 75.0761 4
      vertex 147.671 75.1181 4
    endloop
  endfacet
  facet normal -0.43073 0.902481 0
    outer loop
      vertex 147.583 75.0761 4
      vertex 147.671 75.1181 0
      vertex 147.583 75.0761 0
    endloop
  endfacet
  facet normal -0.740401 0.672166 0
    outer loop
      vertex 147.907 75.2929 0
      vertex 147.973 75.3656 4
      vertex 147.973 75.3656 0
    endloop
  endfacet
  facet normal -0.740401 0.672166 0
    outer loop
      vertex 147.973 75.3656 4
      vertex 147.907 75.2929 0
      vertex 147.907 75.2929 4
    endloop
  endfacet
  facet normal -0.855334 0.518077 0
    outer loop
      vertex 148.031 75.4444 0
      vertex 148.082 75.5286 4
      vertex 148.082 75.5286 0
    endloop
  endfacet
  facet normal -0.855334 0.518077 0
    outer loop
      vertex 148.082 75.5286 4
      vertex 148.031 75.4444 0
      vertex 148.031 75.4444 4
    endloop
  endfacet
  facet normal -0.9038 0.427955 0
    outer loop
      vertex 148.082 75.5286 0
      vertex 148.124 75.6173 4
      vertex 148.124 75.6173 0
    endloop
  endfacet
  facet normal -0.9038 0.427955 0
    outer loop
      vertex 148.124 75.6173 4
      vertex 148.082 75.5286 0
      vertex 148.082 75.5286 4
    endloop
  endfacet
  facet normal -0.9038 -0.427955 0
    outer loop
      vertex 148.124 84.3827 0
      vertex 148.082 84.4714 4
      vertex 148.082 84.4714 0
    endloop
  endfacet
  facet normal -0.9038 -0.427955 0
    outer loop
      vertex 148.082 84.4714 4
      vertex 148.124 84.3827 0
      vertex 148.124 84.3827 4
    endloop
  endfacet
  facet normal -0.855334 -0.518077 0
    outer loop
      vertex 148.082 84.4714 0
      vertex 148.031 84.5556 4
      vertex 148.031 84.5556 0
    endloop
  endfacet
  facet normal -0.855334 -0.518077 0
    outer loop
      vertex 148.031 84.5556 4
      vertex 148.082 84.4714 0
      vertex 148.082 84.4714 4
    endloop
  endfacet
  facet normal -0.6 -0.8 0
    outer loop
      vertex 147.756 84.8315 0
      vertex 147.834 84.773 4
      vertex 147.756 84.8315 4
    endloop
  endfacet
  facet normal -0.6 -0.8 -0
    outer loop
      vertex 147.834 84.773 4
      vertex 147.756 84.8315 0
      vertex 147.834 84.773 0
    endloop
  endfacet
  facet normal -0.670088 -0.742282 0
    outer loop
      vertex 147.834 84.773 0
      vertex 147.907 84.7071 4
      vertex 147.834 84.773 4
    endloop
  endfacet
  facet normal -0.670088 -0.742282 -0
    outer loop
      vertex 147.907 84.7071 4
      vertex 147.834 84.773 0
      vertex 147.907 84.7071 0
    endloop
  endfacet
  facet normal 0.989765 0.142706 0
    outer loop
      vertex 152.019 75.8049 4
      vertex 152.005 75.902 0
      vertex 152.005 75.902 4
    endloop
  endfacet
  facet normal 0.989765 0.142706 0
    outer loop
      vertex 152.005 75.902 0
      vertex 152.019 75.8049 4
      vertex 152.019 75.8049 0
    endloop
  endfacet
  facet normal 1 -0 0
    outer loop
      vertex 152 76 4
      vertex 152 84 0
      vertex 152 84 4
    endloop
  endfacet
  facet normal 1 0 0
    outer loop
      vertex 152 84 0
      vertex 152 76 4
      vertex 152 76 0
    endloop
  endfacet
  facet normal -0.998701 -0.0509541 0
    outer loop
      vertex 155.2 84 0
      vertex 155.195 84.098 4
      vertex 155.195 84.098 0
    endloop
  endfacet
  facet normal -0.998701 -0.0509541 0
    outer loop
      vertex 155.195 84.098 4
      vertex 155.2 84 0
      vertex 155.2 84 4
    endloop
  endfacet
  facet normal 0.998701 0.0509541 0
    outer loop
      vertex 152.005 75.902 4
      vertex 152 76 0
      vertex 152 76 4
    endloop
  endfacet
  facet normal 0.998701 0.0509541 0
    outer loop
      vertex 152 76 0
      vertex 152.005 75.902 4
      vertex 152.005 75.902 0
    endloop
  endfacet
  facet normal 0.9038 -0.427955 0
    outer loop
      vertex 152.076 84.3827 4
      vertex 152.118 84.4714 0
      vertex 152.118 84.4714 4
    endloop
  endfacet
  facet normal 0.9038 -0.427955 0
    outer loop
      vertex 152.118 84.4714 0
      vertex 152.076 84.3827 4
      vertex 152.076 84.3827 0
    endloop
  endfacet
  facet normal -0.146844 -0.98916 0
    outer loop
      vertex 154.298 84.9952 0
      vertex 154.395 84.9808 4
      vertex 154.298 84.9952 4
    endloop
  endfacet
  facet normal -0.146844 -0.98916 -0
    outer loop
      vertex 154.395 84.9808 4
      vertex 154.298 84.9952 0
      vertex 154.395 84.9808 0
    endloop
  endfacet
  facet normal 0.998701 -0.0509541 0
    outer loop
      vertex 152 84 4
      vertex 152.005 84.098 0
      vertex 152.005 84.098 4
    endloop
  endfacet
  facet normal 0.998701 -0.0509541 0
    outer loop
      vertex 152.005 84.098 0
      vertex 152 84 4
      vertex 152 84 0
    endloop
  endfacet
  facet normal -0.998701 0.0509541 0
    outer loop
      vertex 155.195 75.902 0
      vertex 155.2 76 4
      vertex 155.2 76 0
    endloop
  endfacet
  facet normal -0.998701 0.0509541 0
    outer loop
      vertex 155.2 76 4
      vertex 155.195 75.902 0
      vertex 155.195 75.902 4
    endloop
  endfacet
  facet normal -1 0 0
    outer loop
      vertex 155.2 76 0
      vertex 155.2 84 4
      vertex 155.2 84 0
    endloop
  endfacet
  facet normal -1 -0 0
    outer loop
      vertex 155.2 84 4
      vertex 155.2 76 0
      vertex 155.2 76 4
    endloop
  endfacet
  facet normal 0.805364 0.592781 0
    outer loop
      vertex 152.227 75.3656 4
      vertex 152.169 75.4444 0
      vertex 152.169 75.4444 4
    endloop
  endfacet
  facet normal 0.805364 0.592781 0
    outer loop
      vertex 152.169 75.4444 0
      vertex 152.227 75.3656 4
      vertex 152.227 75.3656 0
    endloop
  endfacet
  facet normal -0.9038 -0.427955 0
    outer loop
      vertex 155.124 84.3827 0
      vertex 155.082 84.4714 4
      vertex 155.082 84.4714 0
    endloop
  endfacet
  facet normal -0.9038 -0.427955 0
    outer loop
      vertex 155.082 84.4714 4
      vertex 155.124 84.3827 0
      vertex 155.124 84.3827 4
    endloop
  endfacet
  facet normal -0.243977 -0.969781 0
    outer loop
      vertex 154.395 84.9808 0
      vertex 154.49 84.9569 4
      vertex 154.395 84.9808 4
    endloop
  endfacet
  facet normal -0.243977 -0.969781 -0
    outer loop
      vertex 154.49 84.9569 4
      vertex 154.395 84.9808 0
      vertex 154.49 84.9569 0
    endloop
  endfacet
  facet normal 0.146844 -0.98916 0
    outer loop
      vertex 152.805 84.9808 0
      vertex 152.902 84.9952 4
      vertex 152.805 84.9808 4
    endloop
  endfacet
  facet normal 0.146844 -0.98916 0
    outer loop
      vertex 152.902 84.9952 4
      vertex 152.805 84.9808 0
      vertex 152.902 84.9952 0
    endloop
  endfacet
  facet normal 0.969661 -0.244452 0
    outer loop
      vertex 152.019 84.1951 4
      vertex 152.043 84.2903 0
      vertex 152.043 84.2903 4
    endloop
  endfacet
  facet normal 0.969661 -0.244452 0
    outer loop
      vertex 152.043 84.2903 0
      vertex 152.019 84.1951 4
      vertex 152.019 84.1951 0
    endloop
  endfacet
  facet normal 0.941742 -0.336336 0
    outer loop
      vertex 152.043 84.2903 4
      vertex 152.076 84.3827 0
      vertex 152.076 84.3827 4
    endloop
  endfacet
  facet normal 0.941742 -0.336336 0
    outer loop
      vertex 152.076 84.3827 0
      vertex 152.043 84.2903 4
      vertex 152.043 84.2903 0
    endloop
  endfacet
  facet normal 0.989765 -0.142706 0
    outer loop
      vertex 152.005 84.098 4
      vertex 152.019 84.1951 0
      vertex 152.019 84.1951 4
    endloop
  endfacet
  facet normal 0.989765 -0.142706 0
    outer loop
      vertex 152.019 84.1951 0
      vertex 152.005 84.098 4
      vertex 152.005 84.098 0
    endloop
  endfacet
  facet normal -0.941742 0.336336 0
    outer loop
      vertex 155.124 75.6173 0
      vertex 155.157 75.7097 4
      vertex 155.157 75.7097 0
    endloop
  endfacet
  facet normal -0.941742 0.336336 0
    outer loop
      vertex 155.157 75.7097 4
      vertex 155.124 75.6173 0
      vertex 155.124 75.6173 4
    endloop
  endfacet
  facet normal -0.989765 0.142706 0
    outer loop
      vertex 155.181 75.8049 0
      vertex 155.195 75.902 4
      vertex 155.195 75.902 0
    endloop
  endfacet
  facet normal -0.989765 0.142706 0
    outer loop
      vertex 155.195 75.902 4
      vertex 155.181 75.8049 0
      vertex 155.181 75.8049 4
    endloop
  endfacet
  facet normal -0.0489209 0.998803 0
    outer loop
      vertex 154.298 75.0048 0
      vertex 154.2 75 4
      vertex 154.298 75.0048 4
    endloop
  endfacet
  facet normal -0.0489209 0.998803 0
    outer loop
      vertex 154.2 75 4
      vertex 154.298 75.0048 0
      vertex 154.2 75 0
    endloop
  endfacet
  facet normal -0.805364 0.592781 0
    outer loop
      vertex 154.973 75.3656 0
      vertex 155.031 75.4444 4
      vertex 155.031 75.4444 0
    endloop
  endfacet
  facet normal -0.805364 0.592781 0
    outer loop
      vertex 155.031 75.4444 4
      vertex 154.973 75.3656 0
      vertex 154.973 75.3656 4
    endloop
  endfacet
  facet normal 0.6 0.8 -0
    outer loop
      vertex 152.444 75.1685 0
      vertex 152.366 75.227 4
      vertex 152.444 75.1685 4
    endloop
  endfacet
  facet normal 0.6 0.8 0
    outer loop
      vertex 152.366 75.227 4
      vertex 152.444 75.1685 0
      vertex 152.366 75.227 0
    endloop
  endfacet
  facet normal -0.941742 -0.336336 0
    outer loop
      vertex 155.157 84.2903 0
      vertex 155.124 84.3827 4
      vertex 155.124 84.3827 0
    endloop
  endfacet
  facet normal -0.941742 -0.336336 0
    outer loop
      vertex 155.124 84.3827 4
      vertex 155.157 84.2903 0
      vertex 155.157 84.2903 4
    endloop
  endfacet
  facet normal -0.6 -0.8 0
    outer loop
      vertex 154.756 84.8315 0
      vertex 154.834 84.773 4
      vertex 154.756 84.8315 4
    endloop
  endfacet
  facet normal -0.6 -0.8 -0
    outer loop
      vertex 154.834 84.773 4
      vertex 154.756 84.8315 0
      vertex 154.834 84.773 0
    endloop
  endfacet
  facet normal 0.6 -0.8 0
    outer loop
      vertex 152.366 84.773 0
      vertex 152.444 84.8315 4
      vertex 152.366 84.773 4
    endloop
  endfacet
  facet normal 0.6 -0.8 0
    outer loop
      vertex 152.444 84.8315 4
      vertex 152.366 84.773 0
      vertex 152.444 84.8315 0
    endloop
  endfacet
  facet normal 0 -1 0
    outer loop
      vertex 153 85 0
      vertex 154.2 85 4
      vertex 153 85 4
    endloop
  endfacet
  facet normal 0 -1 -0
    outer loop
      vertex 154.2 85 4
      vertex 153 85 0
      vertex 154.2 85 0
    endloop
  endfacet
  facet normal -0.0489209 -0.998803 0
    outer loop
      vertex 154.2 85 0
      vertex 154.298 84.9952 4
      vertex 154.2 85 4
    endloop
  endfacet
  facet normal -0.0489209 -0.998803 -0
    outer loop
      vertex 154.298 84.9952 4
      vertex 154.2 85 0
      vertex 154.298 84.9952 0
    endloop
  endfacet
  facet normal -0.969661 0.244452 0
    outer loop
      vertex 155.157 75.7097 0
      vertex 155.181 75.8049 4
      vertex 155.181 75.8049 0
    endloop
  endfacet
  facet normal -0.969661 0.244452 0
    outer loop
      vertex 155.181 75.8049 4
      vertex 155.157 75.7097 0
      vertex 155.157 75.7097 4
    endloop
  endfacet
  facet normal 0.0489209 0.998803 -0
    outer loop
      vertex 153 75 0
      vertex 152.902 75.0048 4
      vertex 153 75 4
    endloop
  endfacet
  facet normal 0.0489209 0.998803 0
    outer loop
      vertex 152.902 75.0048 4
      vertex 153 75 0
      vertex 152.902 75.0048 0
    endloop
  endfacet
  facet normal 0 1 -0
    outer loop
      vertex 154.2 75 0
      vertex 153 75 4
      vertex 154.2 75 4
    endloop
  endfacet
  facet normal 0 1 0
    outer loop
      vertex 153 75 4
      vertex 154.2 75 0
      vertex 153 75 0
    endloop
  endfacet
  facet normal 0.335309 0.942108 -0
    outer loop
      vertex 152.71 75.043 0
      vertex 152.617 75.0761 4
      vertex 152.71 75.043 4
    endloop
  endfacet
  facet normal 0.335309 0.942108 0
    outer loop
      vertex 152.617 75.0761 4
      vertex 152.71 75.043 0
      vertex 152.617 75.0761 0
    endloop
  endfacet
  facet normal 0.243016 0.970022 -0
    outer loop
      vertex 152.805 75.0192 0
      vertex 152.71 75.043 4
      vertex 152.805 75.0192 4
    endloop
  endfacet
  facet normal 0.243016 0.970022 0
    outer loop
      vertex 152.71 75.043 4
      vertex 152.805 75.0192 0
      vertex 152.71 75.043 0
    endloop
  endfacet
  facet normal -0.969661 -0.244452 0
    outer loop
      vertex 155.181 84.1951 0
      vertex 155.157 84.2903 4
      vertex 155.157 84.2903 0
    endloop
  endfacet
  facet normal -0.969661 -0.244452 0
    outer loop
      vertex 155.157 84.2903 4
      vertex 155.181 84.1951 0
      vertex 155.181 84.1951 4
    endloop
  endfacet
  facet normal -0.989765 -0.142706 0
    outer loop
      vertex 155.195 84.098 0
      vertex 155.181 84.1951 4
      vertex 155.181 84.1951 0
    endloop
  endfacet
  facet normal -0.989765 -0.142706 0
    outer loop
      vertex 155.181 84.1951 4
      vertex 155.195 84.098 0
      vertex 155.195 84.098 4
    endloop
  endfacet
  facet normal -0.855334 -0.518077 0
    outer loop
      vertex 155.082 84.4714 0
      vertex 155.031 84.5556 4
      vertex 155.031 84.5556 0
    endloop
  endfacet
  facet normal -0.855334 -0.518077 0
    outer loop
      vertex 155.031 84.5556 4
      vertex 155.082 84.4714 0
      vertex 155.082 84.4714 4
    endloop
  endfacet
  facet normal -0.740401 -0.672166 0
    outer loop
      vertex 154.973 84.6344 0
      vertex 154.907 84.7071 4
      vertex 154.907 84.7071 0
    endloop
  endfacet
  facet normal -0.740401 -0.672166 0
    outer loop
      vertex 154.907 84.7071 4
      vertex 154.973 84.6344 0
      vertex 154.973 84.6344 4
    endloop
  endfacet
  facet normal -0.33441 -0.942428 0
    outer loop
      vertex 154.49 84.9569 0
      vertex 154.583 84.9239 4
      vertex 154.49 84.9569 4
    endloop
  endfacet
  facet normal -0.33441 -0.942428 -0
    outer loop
      vertex 154.583 84.9239 4
      vertex 154.49 84.9569 0
      vertex 154.583 84.9239 0
    endloop
  endfacet
  facet normal -0.510024 -0.86016 0
    outer loop
      vertex 154.671 84.8819 0
      vertex 154.756 84.8315 4
      vertex 154.671 84.8819 4
    endloop
  endfacet
  facet normal -0.510024 -0.86016 -0
    outer loop
      vertex 154.756 84.8315 4
      vertex 154.671 84.8819 0
      vertex 154.756 84.8315 0
    endloop
  endfacet
  facet normal -0.670088 -0.742282 0
    outer loop
      vertex 154.834 84.773 0
      vertex 154.907 84.7071 4
      vertex 154.834 84.773 4
    endloop
  endfacet
  facet normal -0.670088 -0.742282 -0
    outer loop
      vertex 154.907 84.7071 4
      vertex 154.834 84.773 0
      vertex 154.907 84.7071 0
    endloop
  endfacet
  facet normal -0.43073 -0.902481 0
    outer loop
      vertex 154.583 84.9239 0
      vertex 154.671 84.8819 4
      vertex 154.583 84.9239 4
    endloop
  endfacet
  facet normal -0.43073 -0.902481 -0
    outer loop
      vertex 154.671 84.8819 4
      vertex 154.583 84.9239 0
      vertex 154.671 84.8819 0
    endloop
  endfacet
  facet normal 0.740401 -0.672166 0
    outer loop
      vertex 152.227 84.6344 4
      vertex 152.293 84.7071 0
      vertex 152.293 84.7071 4
    endloop
  endfacet
  facet normal 0.740401 -0.672166 0
    outer loop
      vertex 152.293 84.7071 0
      vertex 152.227 84.6344 4
      vertex 152.227 84.6344 0
    endloop
  endfacet
  facet normal 0.43073 -0.902481 0
    outer loop
      vertex 152.529 84.8819 0
      vertex 152.617 84.9239 4
      vertex 152.529 84.8819 4
    endloop
  endfacet
  facet normal 0.43073 -0.902481 0
    outer loop
      vertex 152.617 84.9239 4
      vertex 152.529 84.8819 0
      vertex 152.617 84.9239 0
    endloop
  endfacet
  facet normal 0.510024 -0.86016 0
    outer loop
      vertex 152.444 84.8315 0
      vertex 152.529 84.8819 4
      vertex 152.444 84.8315 4
    endloop
  endfacet
  facet normal 0.510024 -0.86016 0
    outer loop
      vertex 152.529 84.8819 4
      vertex 152.444 84.8315 0
      vertex 152.529 84.8819 0
    endloop
  endfacet
  facet normal 0.670088 -0.742282 0
    outer loop
      vertex 152.293 84.7071 0
      vertex 152.366 84.773 4
      vertex 152.293 84.7071 4
    endloop
  endfacet
  facet normal 0.670088 -0.742282 0
    outer loop
      vertex 152.366 84.773 4
      vertex 152.293 84.7071 0
      vertex 152.366 84.773 0
    endloop
  endfacet
  facet normal 0.805364 -0.592781 0
    outer loop
      vertex 152.169 84.5556 4
      vertex 152.227 84.6344 0
      vertex 152.227 84.6344 4
    endloop
  endfacet
  facet normal 0.805364 -0.592781 0
    outer loop
      vertex 152.227 84.6344 0
      vertex 152.169 84.5556 4
      vertex 152.169 84.5556 0
    endloop
  endfacet
  facet normal 0.243977 -0.969781 0
    outer loop
      vertex 152.71 84.9569 0
      vertex 152.805 84.9808 4
      vertex 152.71 84.9569 4
    endloop
  endfacet
  facet normal 0.243977 -0.969781 0
    outer loop
      vertex 152.805 84.9808 4
      vertex 152.71 84.9569 0
      vertex 152.805 84.9808 0
    endloop
  endfacet
  facet normal 0.0489209 -0.998803 0
    outer loop
      vertex 152.902 84.9952 0
      vertex 153 85 4
      vertex 152.902 84.9952 4
    endloop
  endfacet
  facet normal 0.0489209 -0.998803 0
    outer loop
      vertex 153 85 4
      vertex 152.902 84.9952 0
      vertex 153 85 0
    endloop
  endfacet
  facet normal -0.146844 0.98916 0
    outer loop
      vertex 154.395 75.0192 0
      vertex 154.298 75.0048 4
      vertex 154.395 75.0192 4
    endloop
  endfacet
  facet normal -0.146844 0.98916 0
    outer loop
      vertex 154.298 75.0048 4
      vertex 154.395 75.0192 0
      vertex 154.298 75.0048 0
    endloop
  endfacet
  facet normal -0.335309 0.942108 0
    outer loop
      vertex 154.583 75.0761 0
      vertex 154.49 75.043 4
      vertex 154.583 75.0761 4
    endloop
  endfacet
  facet normal -0.335309 0.942108 0
    outer loop
      vertex 154.49 75.043 4
      vertex 154.583 75.0761 0
      vertex 154.49 75.043 0
    endloop
  endfacet
  facet normal -0.510024 0.86016 0
    outer loop
      vertex 154.756 75.1685 0
      vertex 154.671 75.1181 4
      vertex 154.756 75.1685 4
    endloop
  endfacet
  facet normal -0.510024 0.86016 0
    outer loop
      vertex 154.671 75.1181 4
      vertex 154.756 75.1685 0
      vertex 154.671 75.1181 0
    endloop
  endfacet
  facet normal -0.670088 0.742282 0
    outer loop
      vertex 154.907 75.2929 0
      vertex 154.834 75.227 4
      vertex 154.907 75.2929 4
    endloop
  endfacet
  facet normal -0.670088 0.742282 0
    outer loop
      vertex 154.834 75.227 4
      vertex 154.907 75.2929 0
      vertex 154.834 75.227 0
    endloop
  endfacet
  facet normal 0.146844 0.98916 -0
    outer loop
      vertex 152.902 75.0048 0
      vertex 152.805 75.0192 4
      vertex 152.902 75.0048 4
    endloop
  endfacet
  facet normal 0.146844 0.98916 0
    outer loop
      vertex 152.805 75.0192 4
      vertex 152.902 75.0048 0
      vertex 152.805 75.0192 0
    endloop
  endfacet
  facet normal 0.510024 0.86016 -0
    outer loop
      vertex 152.529 75.1181 0
      vertex 152.444 75.1685 4
      vertex 152.529 75.1181 4
    endloop
  endfacet
  facet normal 0.510024 0.86016 0
    outer loop
      vertex 152.444 75.1685 4
      vertex 152.529 75.1181 0
      vertex 152.444 75.1685 0
    endloop
  endfacet
  facet normal 0.670088 0.742282 -0
    outer loop
      vertex 152.366 75.227 0
      vertex 152.293 75.2929 4
      vertex 152.366 75.227 4
    endloop
  endfacet
  facet normal 0.670088 0.742282 0
    outer loop
      vertex 152.293 75.2929 4
      vertex 152.366 75.227 0
      vertex 152.293 75.2929 0
    endloop
  endfacet
  facet normal 0.740401 0.672166 0
    outer loop
      vertex 152.293 75.2929 4
      vertex 152.227 75.3656 0
      vertex 152.227 75.3656 4
    endloop
  endfacet
  facet normal 0.740401 0.672166 0
    outer loop
      vertex 152.227 75.3656 0
      vertex 152.293 75.2929 4
      vertex 152.293 75.2929 0
    endloop
  endfacet
  facet normal 0.9038 0.427955 0
    outer loop
      vertex 152.118 75.5286 4
      vertex 152.076 75.6173 0
      vertex 152.076 75.6173 4
    endloop
  endfacet
  facet normal 0.9038 0.427955 0
    outer loop
      vertex 152.076 75.6173 0
      vertex 152.118 75.5286 4
      vertex 152.118 75.5286 0
    endloop
  endfacet
  facet normal 0.969661 0.244452 0
    outer loop
      vertex 152.043 75.7097 4
      vertex 152.019 75.8049 0
      vertex 152.019 75.8049 4
    endloop
  endfacet
  facet normal 0.969661 0.244452 0
    outer loop
      vertex 152.019 75.8049 0
      vertex 152.043 75.7097 4
      vertex 152.043 75.7097 0
    endloop
  endfacet
  facet normal -0.805364 -0.592781 0
    outer loop
      vertex 155.031 84.5556 0
      vertex 154.973 84.6344 4
      vertex 154.973 84.6344 0
    endloop
  endfacet
  facet normal -0.805364 -0.592781 0
    outer loop
      vertex 154.973 84.6344 4
      vertex 155.031 84.5556 0
      vertex 155.031 84.5556 4
    endloop
  endfacet
  facet normal 0.33441 -0.942428 0
    outer loop
      vertex 152.617 84.9239 0
      vertex 152.71 84.9569 4
      vertex 152.617 84.9239 4
    endloop
  endfacet
  facet normal 0.33441 -0.942428 0
    outer loop
      vertex 152.71 84.9569 4
      vertex 152.617 84.9239 0
      vertex 152.71 84.9569 0
    endloop
  endfacet
  facet normal 0.855334 -0.518077 0
    outer loop
      vertex 152.118 84.4714 4
      vertex 152.169 84.5556 0
      vertex 152.169 84.5556 4
    endloop
  endfacet
  facet normal 0.855334 -0.518077 0
    outer loop
      vertex 152.169 84.5556 0
      vertex 152.118 84.4714 4
      vertex 152.118 84.4714 0
    endloop
  endfacet
  facet normal -0.243016 0.970022 0
    outer loop
      vertex 154.49 75.043 0
      vertex 154.395 75.0192 4
      vertex 154.49 75.043 4
    endloop
  endfacet
  facet normal -0.243016 0.970022 0
    outer loop
      vertex 154.395 75.0192 4
      vertex 154.49 75.043 0
      vertex 154.395 75.0192 0
    endloop
  endfacet
  facet normal -0.855334 0.518077 0
    outer loop
      vertex 155.031 75.4444 0
      vertex 155.082 75.5286 4
      vertex 155.082 75.5286 0
    endloop
  endfacet
  facet normal -0.855334 0.518077 0
    outer loop
      vertex 155.082 75.5286 4
      vertex 155.031 75.4444 0
      vertex 155.031 75.4444 4
    endloop
  endfacet
  facet normal -0.43073 0.902481 0
    outer loop
      vertex 154.671 75.1181 0
      vertex 154.583 75.0761 4
      vertex 154.671 75.1181 4
    endloop
  endfacet
  facet normal -0.43073 0.902481 0
    outer loop
      vertex 154.583 75.0761 4
      vertex 154.671 75.1181 0
      vertex 154.583 75.0761 0
    endloop
  endfacet
  facet normal -0.6 0.8 0
    outer loop
      vertex 154.834 75.227 0
      vertex 154.756 75.1685 4
      vertex 154.834 75.227 4
    endloop
  endfacet
  facet normal -0.6 0.8 0
    outer loop
      vertex 154.756 75.1685 4
      vertex 154.834 75.227 0
      vertex 154.756 75.1685 0
    endloop
  endfacet
  facet normal -0.740401 0.672166 0
    outer loop
      vertex 154.907 75.2929 0
      vertex 154.973 75.3656 4
      vertex 154.973 75.3656 0
    endloop
  endfacet
  facet normal -0.740401 0.672166 0
    outer loop
      vertex 154.973 75.3656 4
      vertex 154.907 75.2929 0
      vertex 154.907 75.2929 4
    endloop
  endfacet
  facet normal 0.43073 0.902481 -0
    outer loop
      vertex 152.617 75.0761 0
      vertex 152.529 75.1181 4
      vertex 152.617 75.0761 4
    endloop
  endfacet
  facet normal 0.43073 0.902481 0
    outer loop
      vertex 152.529 75.1181 4
      vertex 152.617 75.0761 0
      vertex 152.529 75.1181 0
    endloop
  endfacet
  facet normal 0.855334 0.518077 0
    outer loop
      vertex 152.169 75.4444 4
      vertex 152.118 75.5286 0
      vertex 152.118 75.5286 4
    endloop
  endfacet
  facet normal 0.855334 0.518077 0
    outer loop
      vertex 152.118 75.5286 0
      vertex 152.169 75.4444 4
      vertex 152.169 75.4444 0
    endloop
  endfacet
  facet normal 0.941742 0.336336 0
    outer loop
      vertex 152.076 75.6173 4
      vertex 152.043 75.7097 0
      vertex 152.043 75.7097 4
    endloop
  endfacet
  facet normal 0.941742 0.336336 0
    outer loop
      vertex 152.043 75.7097 0
      vertex 152.076 75.6173 4
      vertex 152.076 75.6173 0
    endloop
  endfacet
  facet normal -0.9038 0.427955 0
    outer loop
      vertex 155.082 75.5286 0
      vertex 155.124 75.6173 4
      vertex 155.124 75.6173 0
    endloop
  endfacet
  facet normal -0.9038 0.427955 0
    outer loop
      vertex 155.124 75.6173 4
      vertex 155.082 75.5286 0
      vertex 155.082 75.5286 4
    endloop
  endfacet
  facet normal -1 0 0
    outer loop
      vertex 45 8 4
      vertex 45 7.8 4
      vertex 45 8 8
    endloop
  endfacet
  facet normal -1 0 0
    outer loop
      vertex 45 8 8
      vertex 45 9.6 10.4
      vertex 45 9.6 8
    endloop
  endfacet
  facet normal -1 0 0
    outer loop
      vertex 45 7.8 11.8
      vertex 45 9.6 10.4
      vertex 45 8 8
    endloop
  endfacet
  facet normal -1 0 0
    outer loop
      vertex 45 9.6 10.4
      vertex 45 7.8 11.8
      vertex 45 9.6 11.8
    endloop
  endfacet
  facet normal -1 0 0
    outer loop
      vertex 45 7.8 11.8
      vertex 45 8 8
      vertex 45 7.8 4
    endloop
  endfacet
  facet normal -1 0 0
    outer loop
      vertex 45 9.6 10.4
      vertex 45 10 11.4
      vertex 45 10 10.4
    endloop
  endfacet
  facet normal -1 -0 0
    outer loop
      vertex 45 10 11.4
      vertex 45 9.6 10.4
      vertex 45 9.6 11.8
    endloop
  endfacet
  facet normal 1 0 0
    outer loop
      vertex 55 9.6 10.4
      vertex 55 10 11.4
      vertex 55 9.6 11.8
    endloop
  endfacet
  facet normal 1 0 0
    outer loop
      vertex 55 10 11.4
      vertex 55 9.6 10.4
      vertex 55 10 10.4
    endloop
  endfacet
  facet normal 1 -0 0
    outer loop
      vertex 55 7.8 11.8
      vertex 55 9.6 10.4
      vertex 55 9.6 11.8
    endloop
  endfacet
  facet normal 1 0 0
    outer loop
      vertex 55 9.6 10.4
      vertex 55 8 8
      vertex 55 9.6 8
    endloop
  endfacet
  facet normal 1 0 0
    outer loop
      vertex 55 9.6 10.4
      vertex 55 7.8 11.8
      vertex 55 8 8
    endloop
  endfacet
  facet normal 1 0 0
    outer loop
      vertex 55 7.8 4
      vertex 55 8 8
      vertex 55 7.8 11.8
    endloop
  endfacet
  facet normal 1 0 0
    outer loop
      vertex 55 8 8
      vertex 55 7.8 4
      vertex 55 8 4
    endloop
  endfacet
  facet normal 0 1 -0
    outer loop
      vertex 55 9.6 8
      vertex 45 9.6 10.4
      vertex 55 9.6 10.4
    endloop
  endfacet
  facet normal 0 1 0
    outer loop
      vertex 45 9.6 10.4
      vertex 55 9.6 8
      vertex 45 9.6 8
    endloop
  endfacet
  facet normal 0 -1 0
    outer loop
      vertex 45 7.8 11.8
      vertex 47 7.8 8.3
      vertex 55 7.8 11.8
    endloop
  endfacet
  facet normal 0 -1 0
    outer loop
      vertex 45 7.8 4
      vertex 47 7.8 8.3
      vertex 45 7.8 11.8
    endloop
  endfacet
  facet normal 0 -1 -0
    outer loop
      vertex 47 7.8 5.5
      vertex 45 7.8 4
      vertex 53 7.8 5.5
    endloop
  endfacet
  facet normal 0 -1 -0
    outer loop
      vertex 47 7.8 8.3
      vertex 45 7.8 4
      vertex 47 7.8 5.5
    endloop
  endfacet
  facet normal 0 -1 0
    outer loop
      vertex 53 7.8 8.3
      vertex 55 7.8 11.8
      vertex 47 7.8 8.3
    endloop
  endfacet
  facet normal 0 -1 0
    outer loop
      vertex 55 7.8 4
      vertex 53 7.8 8.3
      vertex 53 7.8 5.5
    endloop
  endfacet
  facet normal 0 -1 0
    outer loop
      vertex 53 7.8 8.3
      vertex 55 7.8 4
      vertex 55 7.8 11.8
    endloop
  endfacet
  facet normal 0 -1 0
    outer loop
      vertex 55 7.8 4
      vertex 53 7.8 5.5
      vertex 45 7.8 4
    endloop
  endfacet
  facet normal -0 0 1
    outer loop
      vertex 45 9.6 11.8
      vertex 55 7.8 11.8
      vertex 55 9.6 11.8
    endloop
  endfacet
  facet normal 0 0 1
    outer loop
      vertex 55 7.8 11.8
      vertex 45 9.6 11.8
      vertex 45 7.8 11.8
    endloop
  endfacet
  facet normal 0 0 -1
    outer loop
      vertex 45 9.6 10.4
      vertex 55 10 10.4
      vertex 55 9.6 10.4
    endloop
  endfacet
  facet normal -0 0 -1
    outer loop
      vertex 55 10 10.4
      vertex 45 9.6 10.4
      vertex 45 10 10.4
    endloop
  endfacet
  facet normal -0 0.707107 0.707107
    outer loop
      vertex 45 10 11.4
      vertex 55 9.6 11.8
      vertex 55 10 11.4
    endloop
  endfacet
  facet normal 0 0.707107 0.707107
    outer loop
      vertex 55 9.6 11.8
      vertex 45 10 11.4
      vertex 45 9.6 11.8
    endloop
  endfacet
  facet normal 0 1 -0
    outer loop
      vertex 55 10 10.4
      vertex 45 10 11.4
      vertex 55 10 11.4
    endloop
  endfacet
  facet normal 0 1 0
    outer loop
      vertex 45 10 11.4
      vertex 55 10 10.4
      vertex 45 10 10.4
    endloop
  endfacet
  facet normal -1 0 0
    outer loop
      vertex 47 6.6 5.5
      vertex 47 7.8 8.3
      vertex 47 7.8 5.5
    endloop
  endfacet
  facet normal -1 -0 0
    outer loop
      vertex 47 7.8 8.3
      vertex 47 6.6 5.5
      vertex 47 6.6 8.3
    endloop
  endfacet
  facet normal -0 0 1
    outer loop
      vertex 47 7.8 8.3
      vertex 53 6.6 8.3
      vertex 53 7.8 8.3
    endloop
  endfacet
  facet normal 0 0 1
    outer loop
      vertex 53 6.6 8.3
      vertex 47 7.8 8.3
      vertex 47 6.6 8.3
    endloop
  endfacet
  facet normal 1 -0 0
    outer loop
      vertex 53 6.6 8.3
      vertex 53 7.8 5.5
      vertex 53 7.8 8.3
    endloop
  endfacet
  facet normal 1 0 0
    outer loop
      vertex 53 7.8 5.5
      vertex 53 6.6 8.3
      vertex 53 6.6 5.5
    endloop
  endfacet
  facet normal 0 0 -1
    outer loop
      vertex 47 6.6 5.5
      vertex 53 7.8 5.5
      vertex 53 6.6 5.5
    endloop
  endfacet
  facet normal -0 0 -1
    outer loop
      vertex 53 7.8 5.5
      vertex 47 6.6 5.5
      vertex 47 7.8 5.5
    endloop
  endfacet
  facet normal 0 -1 0
    outer loop
      vertex 47 6.6 5.5
      vertex 53 6.6 8.3
      vertex 47 6.6 8.3
    endloop
  endfacet
  facet normal 0 -1 -0
    outer loop
      vertex 53 6.6 8.3
      vertex 47 6.6 5.5
      vertex 53 6.6 5.5
    endloop
  endfacet
  facet normal -1 0 0
    outer loop
      vertex 95 8 4
      vertex 95 7.8 4
      vertex 95 8 8
    endloop
  endfacet
  facet normal -1 0 0
    outer loop
      vertex 95 8 8
      vertex 95 9.6 10.4
      vertex 95 9.6 8
    endloop
  endfacet
  facet normal -1 0 0
    outer loop
      vertex 95 7.8 11.8
      vertex 95 9.6 10.4
      vertex 95 8 8
    endloop
  endfacet
  facet normal -1 0 0
    outer loop
      vertex 95 9.6 10.4
      vertex 95 7.8 11.8
      vertex 95 9.6 11.8
    endloop
  endfacet
  facet normal -1 0 0
    outer loop
      vertex 95 7.8 11.8
      vertex 95 8 8
      vertex 95 7.8 4
    endloop
  endfacet
  facet normal -1 0 0
    outer loop
      vertex 95 9.6 10.4
      vertex 95 10 11.4
      vertex 95 10 10.4
    endloop
  endfacet
  facet normal -1 -0 0
    outer loop
      vertex 95 10 11.4
      vertex 95 9.6 10.4
      vertex 95 9.6 11.8
    endloop
  endfacet
  facet normal 1 0 0
    outer loop
      vertex 105 9.6 10.4
      vertex 105 10 11.4
      vertex 105 9.6 11.8
    endloop
  endfacet
  facet normal 1 0 0
    outer loop
      vertex 105 10 11.4
      vertex 105 9.6 10.4
      vertex 105 10 10.4
    endloop
  endfacet
  facet normal 1 -0 0
    outer loop
      vertex 105 7.8 11.8
      vertex 105 9.6 10.4
      vertex 105 9.6 11.8
    endloop
  endfacet
  facet normal 1 0 0
    outer loop
      vertex 105 9.6 10.4
      vertex 105 8 8
      vertex 105 9.6 8
    endloop
  endfacet
  facet normal 1 0 0
    outer loop
      vertex 105 7.8 4
      vertex 105 8 8
      vertex 105 7.8 11.8
    endloop
  endfacet
  facet normal 1 0 0
    outer loop
      vertex 105 9.6 10.4
      vertex 105 7.8 11.8
      vertex 105 8 8
    endloop
  endfacet
  facet normal 1 -0 0
    outer loop
      vertex 105 8 4.1
      vertex 105 9 4
      vertex 105 9 4.1
    endloop
  endfacet
  facet normal 1 0 0
    outer loop
      vertex 105 8 4.1
      vertex 105 7.8 4
      vertex 105 9 4
    endloop
  endfacet
  facet normal 1 0 0
    outer loop
      vertex 105 8 8
      vertex 105 7.8 4
      vertex 105 8 4.1
    endloop
  endfacet
  facet normal 0 1 -0
    outer loop
      vertex 105 9.6 8
      vertex 95 9.6 10.4
      vertex 105 9.6 10.4
    endloop
  endfacet
  facet normal 0 1 0
    outer loop
      vertex 95 9.6 10.4
      vertex 105 9.6 8
      vertex 95 9.6 8
    endloop
  endfacet
  facet normal 0 -1 0
    outer loop
      vertex 95 7.8 11.8
      vertex 97 7.8 8.3
      vertex 105 7.8 11.8
    endloop
  endfacet
  facet normal 0 -1 0
    outer loop
      vertex 95 7.8 4
      vertex 97 7.8 8.3
      vertex 95 7.8 11.8
    endloop
  endfacet
  facet normal 0 -1 0
    outer loop
      vertex 98.1686 7.8 4
      vertex 97 7.8 5.5
      vertex 95 7.8 4
    endloop
  endfacet
  facet normal 0 -1 -0
    outer loop
      vertex 97 7.8 8.3
      vertex 95 7.8 4
      vertex 97 7.8 5.5
    endloop
  endfacet
  facet normal 0 -1 0
    outer loop
      vertex 103 7.8 8.3
      vertex 105 7.8 11.8
      vertex 97 7.8 8.3
    endloop
  endfacet
  facet normal 0 -1 0
    outer loop
      vertex 105 7.8 4
      vertex 103 7.8 8.3
      vertex 103 7.8 5.5
    endloop
  endfacet
  facet normal 0 -1 0
    outer loop
      vertex 97 7.8 5.5
      vertex 98.1686 7.8 4
      vertex 103 7.8 5.5
    endloop
  endfacet
  facet normal 0 -1 0
    outer loop
      vertex 103 7.8 8.3
      vertex 105 7.8 4
      vertex 105 7.8 11.8
    endloop
  endfacet
  facet normal 0 -1 0
    outer loop
      vertex 105 7.8 4
      vertex 103 7.8 5.5
      vertex 98.1686 7.8 4
    endloop
  endfacet
  facet normal -0 0 1
    outer loop
      vertex 95 9.6 11.8
      vertex 105 7.8 11.8
      vertex 105 9.6 11.8
    endloop
  endfacet
  facet normal 0 0 1
    outer loop
      vertex 105 7.8 11.8
      vertex 95 9.6 11.8
      vertex 95 7.8 11.8
    endloop
  endfacet
  facet normal 0 0 -1
    outer loop
      vertex 95 9.6 10.4
      vertex 105 10 10.4
      vertex 105 9.6 10.4
    endloop
  endfacet
  facet normal -0 0 -1
    outer loop
      vertex 105 10 10.4
      vertex 95 9.6 10.4
      vertex 95 10 10.4
    endloop
  endfacet
  facet normal -0 0.707107 0.707107
    outer loop
      vertex 95 10 11.4
      vertex 105 9.6 11.8
      vertex 105 10 11.4
    endloop
  endfacet
  facet normal 0 0.707107 0.707107
    outer loop
      vertex 105 9.6 11.8
      vertex 95 10 11.4
      vertex 95 9.6 11.8
    endloop
  endfacet
  facet normal 0 1 -0
    outer loop
      vertex 105 10 10.4
      vertex 95 10 11.4
      vertex 105 10 11.4
    endloop
  endfacet
  facet normal 0 1 0
    outer loop
      vertex 95 10 11.4
      vertex 105 10 10.4
      vertex 95 10 10.4
    endloop
  endfacet
  facet normal -1 0 0
    outer loop
      vertex 97 6.6 5.5
      vertex 97 7.8 8.3
      vertex 97 7.8 5.5
    endloop
  endfacet
  facet normal -1 -0 0
    outer loop
      vertex 97 7.8 8.3
      vertex 97 6.6 5.5
      vertex 97 6.6 8.3
    endloop
  endfacet
  facet normal -0 0 1
    outer loop
      vertex 97 7.8 8.3
      vertex 103 6.6 8.3
      vertex 103 7.8 8.3
    endloop
  endfacet
  facet normal 0 0 1
    outer loop
      vertex 103 6.6 8.3
      vertex 97 7.8 8.3
      vertex 97 6.6 8.3
    endloop
  endfacet
  facet normal 1 -0 0
    outer loop
      vertex 103 6.6 8.3
      vertex 103 7.8 5.5
      vertex 103 7.8 8.3
    endloop
  endfacet
  facet normal 1 0 0
    outer loop
      vertex 103 7.8 5.5
      vertex 103 6.6 8.3
      vertex 103 6.6 5.5
    endloop
  endfacet
  facet normal 0 0 -1
    outer loop
      vertex 97 6.6 5.5
      vertex 103 7.8 5.5
      vertex 103 6.6 5.5
    endloop
  endfacet
  facet normal -0 0 -1
    outer loop
      vertex 103 7.8 5.5
      vertex 97 6.6 5.5
      vertex 97 7.8 5.5
    endloop
  endfacet
  facet normal 0 -1 0
    outer loop
      vertex 97 6.6 5.5
      vertex 103 6.6 8.3
      vertex 97 6.6 8.3
    endloop
  endfacet
  facet normal 0 -1 -0
    outer loop
      vertex 103 6.6 8.3
      vertex 97 6.6 5.5
      vertex 103 6.6 5.5
    endloop
  endfacet
  facet normal -1 0 0
    outer loop
      vertex 45 90.9 4
      vertex 45 90.2 4
      vertex 45 90.9 8
    endloop
  endfacet
  facet normal -1 0 0
    outer loop
      vertex 45 90.2 10.4
      vertex 45 92 8
      vertex 45 90.9 8
    endloop
  endfacet
  facet normal -1 0 0
    outer loop
      vertex 45 90.2 10.4
      vertex 45 90.9 8
      vertex 45 90.2 4
    endloop
  endfacet
  facet normal -1 0 0
    outer loop
      vertex 45 92 8
      vertex 45 90.2 10.4
      vertex 45 92 11.8
    endloop
  endfacet
  facet normal -1 0 0
    outer loop
      vertex 45 90.2 10.4
      vertex 45 90.2 11.8
      vertex 45 92 11.8
    endloop
  endfacet
  facet normal -1 0 0
    outer loop
      vertex 45 89.8 11.4
      vertex 45 90.2 10.4
      vertex 45 89.8 10.4
    endloop
  endfacet
  facet normal -1 0 0
    outer loop
      vertex 45 90.2 10.4
      vertex 45 89.8 11.4
      vertex 45 90.2 11.8
    endloop
  endfacet
  facet normal 1 -0 0
    outer loop
      vertex 55 89.8 11.4
      vertex 55 90.2 10.4
      vertex 55 90.2 11.8
    endloop
  endfacet
  facet normal 1 0 0
    outer loop
      vertex 55 90.2 10.4
      vertex 55 89.8 11.4
      vertex 55 89.8 10.4
    endloop
  endfacet
  facet normal 1 -0 0
    outer loop
      vertex 55 90.2 10.4
      vertex 55 92 8
      vertex 55 92 11.8
    endloop
  endfacet
  facet normal 1 0 0
    outer loop
      vertex 55 90.2 10.4
      vertex 55 92 11.8
      vertex 55 90.2 11.8
    endloop
  endfacet
  facet normal 1 0 0
    outer loop
      vertex 55 92 8
      vertex 55 90.2 10.4
      vertex 55 90.9 8
    endloop
  endfacet
  facet normal 1 0 0
    outer loop
      vertex 55 90.2 4
      vertex 55 90.9 8
      vertex 55 90.2 10.4
    endloop
  endfacet
  facet normal 1 0 0
    outer loop
      vertex 55 90.9 8
      vertex 55 90.2 4
      vertex 55 90.9 4
    endloop
  endfacet
  facet normal 0 1 0
    outer loop
      vertex 55 92 11.8
      vertex 53 92 8.3
      vertex 45 92 11.8
    endloop
  endfacet
  facet normal 0 1 -0
    outer loop
      vertex 55 92 8
      vertex 53 92 8.3
      vertex 55 92 11.8
    endloop
  endfacet
  facet normal 0 1 0
    outer loop
      vertex 53 92 8.3
      vertex 55 92 8
      vertex 53 92 8
    endloop
  endfacet
  facet normal 0 1 -0
    outer loop
      vertex 47 92 8.3
      vertex 45 92 11.8
      vertex 53 92 8.3
    endloop
  endfacet
  facet normal 0 1 0
    outer loop
      vertex 45 92 8
      vertex 47 92 8.3
      vertex 47 92 8
    endloop
  endfacet
  facet normal 0 1 0
    outer loop
      vertex 47 92 8.3
      vertex 45 92 8
      vertex 45 92 11.8
    endloop
  endfacet
  facet normal 0 -1 0
    outer loop
      vertex 45 90.2 4
      vertex 55 90.2 10.4
      vertex 45 90.2 10.4
    endloop
  endfacet
  facet normal 0 -1 -0
    outer loop
      vertex 55 90.2 10.4
      vertex 45 90.2 4
      vertex 55 90.2 4
    endloop
  endfacet
  facet normal 0 -0.707107 0.707107
    outer loop
      vertex 45 89.8 11.4
      vertex 55 90.2 11.8
      vertex 45 90.2 11.8
    endloop
  endfacet
  facet normal 0 -0.707107 0.707107
    outer loop
      vertex 55 90.2 11.8
      vertex 45 89.8 11.4
      vertex 55 89.8 11.4
    endloop
  endfacet
  facet normal 0 -1 0
    outer loop
      vertex 45 89.8 10.4
      vertex 55 89.8 11.4
      vertex 45 89.8 11.4
    endloop
  endfacet
  facet normal 0 -1 -0
    outer loop
      vertex 55 89.8 11.4
      vertex 45 89.8 10.4
      vertex 55 89.8 10.4
    endloop
  endfacet
  facet normal -0 0 1
    outer loop
      vertex 45 92 11.8
      vertex 55 90.2 11.8
      vertex 55 92 11.8
    endloop
  endfacet
  facet normal 0 0 1
    outer loop
      vertex 55 90.2 11.8
      vertex 45 92 11.8
      vertex 45 90.2 11.8
    endloop
  endfacet
  facet normal 0 0 -1
    outer loop
      vertex 45 89.8 10.4
      vertex 55 90.2 10.4
      vertex 55 89.8 10.4
    endloop
  endfacet
  facet normal -0 0 -1
    outer loop
      vertex 55 90.2 10.4
      vertex 45 89.8 10.4
      vertex 45 90.2 10.4
    endloop
  endfacet
  facet normal -1 0 0
    outer loop
      vertex 47 92 8
      vertex 47 93.2 8.3
      vertex 47 93.2 8
    endloop
  endfacet
  facet normal -1 -0 0
    outer loop
      vertex 47 93.2 8.3
      vertex 47 92 8
      vertex 47 92 8.3
    endloop
  endfacet
  facet normal -0 0 1
    outer loop
      vertex 47 93.2 8.3
      vertex 53 92 8.3
      vertex 53 93.2 8.3
    endloop
  endfacet
  facet normal 0 0 1
    outer loop
      vertex 53 92 8.3
      vertex 47 93.2 8.3
      vertex 47 92 8.3
    endloop
  endfacet
  facet normal 1 -0 0
    outer loop
      vertex 53 92 8.3
      vertex 53 93.2 8
      vertex 53 93.2 8.3
    endloop
  endfacet
  facet normal 1 0 0
    outer loop
      vertex 53 93.2 8
      vertex 53 92 8.3
      vertex 53 92 8
    endloop
  endfacet
  facet normal 0 1 -0
    outer loop
      vertex 53 93.2 8
      vertex 47 93.2 8.3
      vertex 53 93.2 8.3
    endloop
  endfacet
  facet normal 0 1 0
    outer loop
      vertex 47 93.2 8.3
      vertex 53 93.2 8
      vertex 47 93.2 8
    endloop
  endfacet
  facet normal -1 0 0
    outer loop
      vertex 95 90.9 4
      vertex 95 90.2 4
      vertex 95 90.9 8
    endloop
  endfacet
  facet normal -1 0 0
    outer loop
      vertex 95 90.2 10.4
      vertex 95 92 8
      vertex 95 90.9 8
    endloop
  endfacet
  facet normal -1 0 0
    outer loop
      vertex 95 90.2 10.4
      vertex 95 90.9 8
      vertex 95 90.2 4
    endloop
  endfacet
  facet normal -1 0 0
    outer loop
      vertex 95 92 8
      vertex 95 90.2 10.4
      vertex 95 92 11.8
    endloop
  endfacet
  facet normal -1 0 0
    outer loop
      vertex 95 90.2 10.4
      vertex 95 90.2 11.8
      vertex 95 92 11.8
    endloop
  endfacet
  facet normal -1 0 0
    outer loop
      vertex 95 89.8 11.4
      vertex 95 90.2 10.4
      vertex 95 89.8 10.4
    endloop
  endfacet
  facet normal -1 0 0
    outer loop
      vertex 95 90.2 10.4
      vertex 95 89.8 11.4
      vertex 95 90.2 11.8
    endloop
  endfacet
  facet normal 1 -0 0
    outer loop
      vertex 105 89.8 11.4
      vertex 105 90.2 10.4
      vertex 105 90.2 11.8
    endloop
  endfacet
  facet normal 1 0 0
    outer loop
      vertex 105 90.2 10.4
      vertex 105 89.8 11.4
      vertex 105 89.8 10.4
    endloop
  endfacet
  facet normal 1 -0 0
    outer loop
      vertex 105 90.2 10.4
      vertex 105 92 8
      vertex 105 92 11.8
    endloop
  endfacet
  facet normal 1 0 0
    outer loop
      vertex 105 90.2 10.4
      vertex 105 92 11.8
      vertex 105 90.2 11.8
    endloop
  endfacet
  facet normal 1 0 0
    outer loop
      vertex 105 92 8
      vertex 105 90.2 10.4
      vertex 105 90.9 8
    endloop
  endfacet
  facet normal 1 0 0
    outer loop
      vertex 105 90.2 4
      vertex 105 90.9 8
      vertex 105 90.2 10.4
    endloop
  endfacet
  facet normal 1 0 0
    outer loop
      vertex 105 90.9 8
      vertex 105 90.2 4
      vertex 105 90.9 4
    endloop
  endfacet
  facet normal 1 -0 0
    outer loop
      vertex 105 91 4.1
      vertex 105 92 4
      vertex 105 92 4.1
    endloop
  endfacet
  facet normal 1 0 0
    outer loop
      vertex 105 92 4
      vertex 105 91 4.1
      vertex 105 91 4
    endloop
  endfacet
  facet normal 0 1 0
    outer loop
      vertex 105 92 11.8
      vertex 103 92 8.3
      vertex 95 92 11.8
    endloop
  endfacet
  facet normal 0 1 -0
    outer loop
      vertex 105 92 8
      vertex 103 92 8.3
      vertex 105 92 11.8
    endloop
  endfacet
  facet normal 0 1 0
    outer loop
      vertex 103 92 8.3
      vertex 105 92 8
      vertex 103 92 8
    endloop
  endfacet
  facet normal 0 1 -0
    outer loop
      vertex 97 92 8.3
      vertex 95 92 11.8
      vertex 103 92 8.3
    endloop
  endfacet
  facet normal 0 1 0
    outer loop
      vertex 95 92 8
      vertex 97 92 8.3
      vertex 97 92 8
    endloop
  endfacet
  facet normal 0 1 0
    outer loop
      vertex 97 92 8.3
      vertex 95 92 8
      vertex 95 92 11.8
    endloop
  endfacet
  facet normal 0 1 -0
    outer loop
      vertex 105 92 4
      vertex 98.2704 92 4.1
      vertex 105 92 4.1
    endloop
  endfacet
  facet normal 0 1 0
    outer loop
      vertex 98.2704 92 4.1
      vertex 105 92 4
      vertex 98.2704 92 4
    endloop
  endfacet
  facet normal 0 -1 0
    outer loop
      vertex 95 90.2 4
      vertex 105 90.2 10.4
      vertex 95 90.2 10.4
    endloop
  endfacet
  facet normal 0 -1 -0
    outer loop
      vertex 105 90.2 10.4
      vertex 95 90.2 4
      vertex 105 90.2 4
    endloop
  endfacet
  facet normal 0 -0.707107 0.707107
    outer loop
      vertex 95 89.8 11.4
      vertex 105 90.2 11.8
      vertex 95 90.2 11.8
    endloop
  endfacet
  facet normal 0 -0.707107 0.707107
    outer loop
      vertex 105 90.2 11.8
      vertex 95 89.8 11.4
      vertex 105 89.8 11.4
    endloop
  endfacet
  facet normal 0 -1 0
    outer loop
      vertex 95 89.8 10.4
      vertex 105 89.8 11.4
      vertex 95 89.8 11.4
    endloop
  endfacet
  facet normal 0 -1 -0
    outer loop
      vertex 105 89.8 11.4
      vertex 95 89.8 10.4
      vertex 105 89.8 10.4
    endloop
  endfacet
  facet normal -0 0 1
    outer loop
      vertex 95 92 11.8
      vertex 105 90.2 11.8
      vertex 105 92 11.8
    endloop
  endfacet
  facet normal 0 0 1
    outer loop
      vertex 105 90.2 11.8
      vertex 95 92 11.8
      vertex 95 90.2 11.8
    endloop
  endfacet
  facet normal 0 0 -1
    outer loop
      vertex 95 89.8 10.4
      vertex 105 90.2 10.4
      vertex 105 89.8 10.4
    endloop
  endfacet
  facet normal -0 0 -1
    outer loop
      vertex 105 90.2 10.4
      vertex 95 89.8 10.4
      vertex 95 90.2 10.4
    endloop
  endfacet
  facet normal -1 0 0
    outer loop
      vertex 97 92 8
      vertex 97 93.2 8.3
      vertex 97 93.2 8
    endloop
  endfacet
  facet normal -1 -0 0
    outer loop
      vertex 97 93.2 8.3
      vertex 97 92 8
      vertex 97 92 8.3
    endloop
  endfacet
  facet normal -0 0 1
    outer loop
      vertex 97 93.2 8.3
      vertex 103 92 8.3
      vertex 103 93.2 8.3
    endloop
  endfacet
  facet normal 0 0 1
    outer loop
      vertex 103 92 8.3
      vertex 97 93.2 8.3
      vertex 97 92 8.3
    endloop
  endfacet
  facet normal 1 -0 0
    outer loop
      vertex 103 92 8.3
      vertex 103 93.2 8
      vertex 103 93.2 8.3
    endloop
  endfacet
  facet normal 1 0 0
    outer loop
      vertex 103 93.2 8
      vertex 103 92 8.3
      vertex 103 92 8
    endloop
  endfacet
  facet normal 0 1 -0
    outer loop
      vertex 103 93.2 8
      vertex 97 93.2 8.3
      vertex 103 93.2 8.3
    endloop
  endfacet
  facet normal 0 1 0
    outer loop
      vertex 97 93.2 8.3
      vertex 103 93.2 8
      vertex 97 93.2 8
    endloop
  endfacet
endsolid OpenSCAD_Model
