solid OpenSCAD_Model
  facet normal -1 0 0
    outer loop
      vertex 8 11 2
      vertex 8 9 2
      vertex 8 11 5.5
    endloop
  endfacet
  facet normal -1 0 0
    outer loop
      vertex 8 11 5.5
      vertex 8 11.45 6.5
      vertex 8 11.45 5.5
    endloop
  endfacet
  facet normal -1 0 0
    outer loop
      vertex 8 9 6.5
      vertex 8 11 5.5
      vertex 8 9 2
    endloop
  endfacet
  facet normal -1 0 0
    outer loop
      vertex 8 11 5.5
      vertex 8 9 6.5
      vertex 8 11.45 6.5
    endloop
  endfacet
  facet normal -0 0 1
    outer loop
      vertex 8 11.45 6.5
      vertex 10.45 9 6.5
      vertex 10.45 11.45 6.5
    endloop
  endfacet
  facet normal 0 0 1
    outer loop
      vertex 10.45 9 6.5
      vertex 8 11.45 6.5
      vertex 8 9 6.5
    endloop
  endfacet
  facet normal 1 -0 0
    outer loop
      vertex 10 9 5.5
      vertex 10 11 2
      vertex 10 11 5.5
    endloop
  endfacet
  facet normal 1 0 0
    outer loop
      vertex 10 11 2
      vertex 10 9 5.5
      vertex 10 9 2
    endloop
  endfacet
  facet normal 0 1 -0
    outer loop
      vertex 10 11 2
      vertex 8 11 5.5
      vertex 10 11 5.5
    endloop
  endfacet
  facet normal 0 1 0
    outer loop
      vertex 8 11 5.5
      vertex 10 11 2
      vertex 8 11 2
    endloop
  endfacet
  facet normal -0 0 1
    outer loop
      vertex 8 37 2
      vertex 10 11 2
      vertex 10 37 2
    endloop
  endfacet
  facet normal 0 0 1
    outer loop
      vertex 10 11 2
      vertex 8 37 2
      vertex 8 11 2
    endloop
  endfacet
  facet normal -0 0 1
    outer loop
      vertex 10 39 2
      vertex 10.45 38 2
      vertex 10.45 41.2343 2
    endloop
  endfacet
  facet normal 0 0 1
    outer loop
      vertex 10 11 2
      vertex 10.45 38 2
      vertex 10 37 2
    endloop
  endfacet
  facet normal 0 0 1
    outer loop
      vertex 10 39 2
      vertex 10.45 41.2343 2
      vertex 10.292 41.2908 2
    endloop
  endfacet
  facet normal -0 0 1
    outer loop
      vertex 10 9 2
      vertex 10.45 8 2
      vertex 10 11 2
    endloop
  endfacet
  facet normal 0 0 1
    outer loop
      vertex 10 39 2
      vertex 10.292 41.2908 2
      vertex 10.1279 41.3684 2
    endloop
  endfacet
  facet normal 0 0 1
    outer loop
      vertex 10.45 38 2
      vertex 10 11 2
      vertex 10.45 8 2
    endloop
  endfacet
  facet normal 0 0 1
    outer loop
      vertex 10.45 38 2
      vertex 10 39 2
      vertex 10 37 2
    endloop
  endfacet
  facet normal 0 0 1
    outer loop
      vertex 9.97219 41.4618 2
      vertex 10 39 2
      vertex 10.1279 41.3684 2
    endloop
  endfacet
  facet normal 0 0 1
    outer loop
      vertex 8 39 2
      vertex 9.97219 41.4618 2
      vertex 9.82637 41.5699 2
    endloop
  endfacet
  facet normal 0 0 1
    outer loop
      vertex 8 39 2
      vertex 9.82637 41.5699 2
      vertex 9.69185 41.6919 2
    endloop
  endfacet
  facet normal 0 0 1
    outer loop
      vertex 8 39 2
      vertex 9.69185 41.6919 2
      vertex 9.56993 41.8264 2
    endloop
  endfacet
  facet normal 0 0 1
    outer loop
      vertex 8 39 2
      vertex 9.56993 41.8264 2
      vertex 9.46178 41.9722 2
    endloop
  endfacet
  facet normal 0 0 1
    outer loop
      vertex 8 39 2
      vertex 9.46178 41.9722 2
      vertex 9.36845 42.1279 2
    endloop
  endfacet
  facet normal 0 0 1
    outer loop
      vertex 8 39 2
      vertex 9.36845 42.1279 2
      vertex 9.29082 42.292 2
    endloop
  endfacet
  facet normal 0 0 1
    outer loop
      vertex 8 39 2
      vertex 9.29082 42.292 2
      vertex 9.22966 42.463 2
    endloop
  endfacet
  facet normal 0 0 1
    outer loop
      vertex 8 39 2
      vertex 9.22966 42.463 2
      vertex 9.18555 42.6391 2
    endloop
  endfacet
  facet normal 0 0 1
    outer loop
      vertex 9.97219 41.4618 2
      vertex 8 39 2
      vertex 10 39 2
    endloop
  endfacet
  facet normal 0 0 1
    outer loop
      vertex 3 46 2
      vertex 9.18555 42.6391 2
      vertex 9.15891 42.8187 2
    endloop
  endfacet
  facet normal 0 0 1
    outer loop
      vertex 3 46 2
      vertex 9.15891 42.8187 2
      vertex 9.15 43 2
    endloop
  endfacet
  facet normal -0 0 1
    outer loop
      vertex 10.45 38 2
      vertex 11.55 8 2
      vertex 11.55 38 2
    endloop
  endfacet
  facet normal 0 0 1
    outer loop
      vertex 11.55 8 2
      vertex 10.45 38 2
      vertex 10.45 8 2
    endloop
  endfacet
  facet normal -0 0 1
    outer loop
      vertex 12.7703 42.463 2
      vertex 31 28 2
      vertex 12.8145 42.6391 2
    endloop
  endfacet
  facet normal 0 0 1
    outer loop
      vertex 31 18 2
      vertex 12.8411 3.18133 2
      vertex 12.85 3 2
    endloop
  endfacet
  facet normal -0 0 1
    outer loop
      vertex 12.7092 42.292 2
      vertex 31 28 2
      vertex 12.7703 42.463 2
    endloop
  endfacet
  facet normal 0 0 1
    outer loop
      vertex 31 18 2
      vertex 12.8145 3.36092 2
      vertex 12.8411 3.18133 2
    endloop
  endfacet
  facet normal -0 0 1
    outer loop
      vertex 11.55 38 2
      vertex 31 28 2
      vertex 12.7092 42.292 2
    endloop
  endfacet
  facet normal 0 0 1
    outer loop
      vertex 31 18 2
      vertex 12.7703 3.53703 2
      vertex 12.8145 3.36092 2
    endloop
  endfacet
  facet normal 0 0 1
    outer loop
      vertex 31 28 2
      vertex 11.55 38 2
      vertex 31 18 2
    endloop
  endfacet
  facet normal 0 0 1
    outer loop
      vertex 11.55 8 2
      vertex 31 18 2
      vertex 11.55 38 2
    endloop
  endfacet
  facet normal 0 0 1
    outer loop
      vertex 11.55 38 2
      vertex 12.7092 42.292 2
      vertex 12.6316 42.1279 2
    endloop
  endfacet
  facet normal 0 -0 1
    outer loop
      vertex 12.7092 3.70796 2
      vertex 31 18 2
      vertex 11.55 8 2
    endloop
  endfacet
  facet normal 0 0 1
    outer loop
      vertex 11.55 38 2
      vertex 12.6316 42.1279 2
      vertex 12.5382 41.9722 2
    endloop
  endfacet
  facet normal 0 0 1
    outer loop
      vertex 31 18 2
      vertex 12.7092 3.70796 2
      vertex 12.7703 3.53703 2
    endloop
  endfacet
  facet normal 0 0 1
    outer loop
      vertex 11.55 38 2
      vertex 12.5382 41.9722 2
      vertex 12.4301 41.8264 2
    endloop
  endfacet
  facet normal 0 0 1
    outer loop
      vertex 12.7092 3.70796 2
      vertex 11.55 8 2
      vertex 12.6316 3.87208 2
    endloop
  endfacet
  facet normal 0 0 1
    outer loop
      vertex 11.55 38 2
      vertex 12.4301 41.8264 2
      vertex 12.3081 41.6919 2
    endloop
  endfacet
  facet normal 0 0 1
    outer loop
      vertex 12.6316 3.87208 2
      vertex 11.55 8 2
      vertex 12.5382 4.0278 2
    endloop
  endfacet
  facet normal 0 0 1
    outer loop
      vertex 11.55 38 2
      vertex 12.3081 41.6919 2
      vertex 12.1736 41.5699 2
    endloop
  endfacet
  facet normal 0 0 1
    outer loop
      vertex 12.5382 4.0278 2
      vertex 11.55 8 2
      vertex 12.4301 4.17363 2
    endloop
  endfacet
  facet normal 0 0 1
    outer loop
      vertex 11.55 38 2
      vertex 12.1736 41.5699 2
      vertex 12.0278 41.4618 2
    endloop
  endfacet
  facet normal 0 0 1
    outer loop
      vertex 12.4301 4.17363 2
      vertex 11.55 8 2
      vertex 12.3081 4.30815 2
    endloop
  endfacet
  facet normal 0 0 1
    outer loop
      vertex 11.55 38 2
      vertex 12.0278 41.4618 2
      vertex 11.8721 41.3684 2
    endloop
  endfacet
  facet normal 0 0 1
    outer loop
      vertex 12.3081 4.30815 2
      vertex 11.55 8 2
      vertex 12.1736 4.43007 2
    endloop
  endfacet
  facet normal 0 0 1
    outer loop
      vertex 11.55 38 2
      vertex 11.8721 41.3684 2
      vertex 11.708 41.2908 2
    endloop
  endfacet
  facet normal 0 0 1
    outer loop
      vertex 12.1736 4.43007 2
      vertex 11.55 8 2
      vertex 12.0278 4.53822 2
    endloop
  endfacet
  facet normal 0 0 1
    outer loop
      vertex 11.55 38 2
      vertex 11.708 41.2908 2
      vertex 11.55 41.2343 2
    endloop
  endfacet
  facet normal 0 0 1
    outer loop
      vertex 12.0278 4.53822 2
      vertex 11.55 8 2
      vertex 11.8721 4.63155 2
    endloop
  endfacet
  facet normal 0 0 1
    outer loop
      vertex 11.8721 4.63155 2
      vertex 11.55 8 2
      vertex 11.708 4.70918 2
    endloop
  endfacet
  facet normal 0 0 1
    outer loop
      vertex 11.708 4.70918 2
      vertex 11.55 8 2
      vertex 11.55 4.7657 2
    endloop
  endfacet
  facet normal 0 0 1
    outer loop
      vertex 60 11 2
      vertex 72 18 2
      vertex 60 37 2
    endloop
  endfacet
  facet normal 0 0 1
    outer loop
      vertex 72 18 2
      vertex 60 11 2
      vertex 62 11 2
    endloop
  endfacet
  facet normal -0 0 1
    outer loop
      vertex 60 37 2
      vertex 72 30 2
      vertex 62 37 2
    endloop
  endfacet
  facet normal 0 0 1
    outer loop
      vertex 72 30 2
      vertex 60 37 2
      vertex 72 18 2
    endloop
  endfacet
  facet normal -0 0 1
    outer loop
      vertex 8 9 2
      vertex 10.45 8 2
      vertex 10 9 2
    endloop
  endfacet
  facet normal 0 0 1
    outer loop
      vertex 10.45 8 2
      vertex 10.292 4.70918 2
      vertex 10.45 4.7657 2
    endloop
  endfacet
  facet normal 0 0 1
    outer loop
      vertex 10.45 8 2
      vertex 10.1279 4.63155 2
      vertex 10.292 4.70918 2
    endloop
  endfacet
  facet normal 0 -0 1
    outer loop
      vertex 9.97219 4.53822 2
      vertex 10.45 8 2
      vertex 8 9 2
    endloop
  endfacet
  facet normal 0 0 1
    outer loop
      vertex 10.45 8 2
      vertex 9.97219 4.53822 2
      vertex 10.1279 4.63155 2
    endloop
  endfacet
  facet normal 0 0 1
    outer loop
      vertex 9.97219 4.53822 2
      vertex 8 9 2
      vertex 9.82637 4.43007 2
    endloop
  endfacet
  facet normal 0 0 1
    outer loop
      vertex 9.82637 4.43007 2
      vertex 8 9 2
      vertex 9.69185 4.30815 2
    endloop
  endfacet
  facet normal 0 0 1
    outer loop
      vertex 9.69185 4.30815 2
      vertex 8 9 2
      vertex 9.56993 4.17363 2
    endloop
  endfacet
  facet normal 0 0 1
    outer loop
      vertex 9.56993 4.17363 2
      vertex 8 9 2
      vertex 9.46178 4.0278 2
    endloop
  endfacet
  facet normal 0 0 1
    outer loop
      vertex 9.46178 4.0278 2
      vertex 8 9 2
      vertex 9.36845 3.87208 2
    endloop
  endfacet
  facet normal 0 0 1
    outer loop
      vertex 9.36845 3.87208 2
      vertex 8 9 2
      vertex 9.29082 3.70796 2
    endloop
  endfacet
  facet normal 0 0 1
    outer loop
      vertex 9.29082 3.70796 2
      vertex 8 9 2
      vertex 9.22966 3.53703 2
    endloop
  endfacet
  facet normal 0 0 1
    outer loop
      vertex 0 3 2
      vertex 9.22966 3.53703 2
      vertex 8 9 2
    endloop
  endfacet
  facet normal 0 -0 1
    outer loop
      vertex 3 0 2
      vertex 9.18555 3.36092 2
      vertex 0 3 2
    endloop
  endfacet
  facet normal 0 0 1
    outer loop
      vertex 9.22966 3.53703 2
      vertex 0 3 2
      vertex 9.18555 3.36092 2
    endloop
  endfacet
  facet normal 0 0 1
    outer loop
      vertex 80.45 41.2343 2
      vertex 80.292 41.2908 2
      vertex 80.45 38 2
    endloop
  endfacet
  facet normal -0 0 1
    outer loop
      vertex 82.7092 42.292 2
      vertex 87 42 2
      vertex 82.7703 42.463 2
    endloop
  endfacet
  facet normal 0 0 1
    outer loop
      vertex 87 8 2
      vertex 82.8411 3.18133 2
      vertex 82.85 3 2
    endloop
  endfacet
  facet normal 0 0 1
    outer loop
      vertex 87 40 2
      vertex 82 30 2
      vertex 87 8 2
    endloop
  endfacet
  facet normal -0 0 1
    outer loop
      vertex 82 18 2
      vertex 87 8 2
      vertex 82 30 2
    endloop
  endfacet
  facet normal -0 0 1
    outer loop
      vertex 82.6316 42.1279 2
      vertex 87 42 2
      vertex 82.7092 42.292 2
    endloop
  endfacet
  facet normal 0 0 1
    outer loop
      vertex 81.55 8 2
      vertex 87 8 2
      vertex 82 18 2
    endloop
  endfacet
  facet normal 0 0 1
    outer loop
      vertex 87 42 2
      vertex 82.6316 42.1279 2
      vertex 87 40 2
    endloop
  endfacet
  facet normal 0 0 1
    outer loop
      vertex 87 8 2
      vertex 82.8145 3.36092 2
      vertex 82.8411 3.18133 2
    endloop
  endfacet
  facet normal -0 0 1
    outer loop
      vertex 82.5382 41.9722 2
      vertex 87 40 2
      vertex 82.6316 42.1279 2
    endloop
  endfacet
  facet normal 0 0 1
    outer loop
      vertex 87 8 2
      vertex 82.7703 3.53703 2
      vertex 82.8145 3.36092 2
    endloop
  endfacet
  facet normal -0 0 1
    outer loop
      vertex 82.4301 41.8264 2
      vertex 87 40 2
      vertex 82.5382 41.9722 2
    endloop
  endfacet
  facet normal 0 0 1
    outer loop
      vertex 87 8 2
      vertex 82.7092 3.70796 2
      vertex 82.7703 3.53703 2
    endloop
  endfacet
  facet normal -0 0 1
    outer loop
      vertex 82.3082 41.6919 2
      vertex 87 40 2
      vertex 82.4301 41.8264 2
    endloop
  endfacet
  facet normal 0 -0 1
    outer loop
      vertex 82.3082 4.30815 2
      vertex 87 8 2
      vertex 81.55 8 2
    endloop
  endfacet
  facet normal -0 0 1
    outer loop
      vertex 82.1736 41.5699 2
      vertex 87 40 2
      vertex 82.3082 41.6919 2
    endloop
  endfacet
  facet normal 0 0 1
    outer loop
      vertex 87 8 2
      vertex 82.6316 3.87208 2
      vertex 82.7092 3.70796 2
    endloop
  endfacet
  facet normal 0 0 1
    outer loop
      vertex 87 40 2
      vertex 82.1736 41.5699 2
      vertex 81.55 38 2
    endloop
  endfacet
  facet normal 0 0 1
    outer loop
      vertex 87 8 2
      vertex 82.5382 4.0278 2
      vertex 82.6316 3.87208 2
    endloop
  endfacet
  facet normal 0 0 1
    outer loop
      vertex 81.55 38 2
      vertex 82.1736 41.5699 2
      vertex 82.0278 41.4618 2
    endloop
  endfacet
  facet normal 0 0 1
    outer loop
      vertex 87 8 2
      vertex 82.4301 4.17363 2
      vertex 82.5382 4.0278 2
    endloop
  endfacet
  facet normal 0 0 1
    outer loop
      vertex 87 8 2
      vertex 82.3082 4.30815 2
      vertex 82.4301 4.17363 2
    endloop
  endfacet
  facet normal 0 0 1
    outer loop
      vertex 81.55 38 2
      vertex 82.0278 41.4618 2
      vertex 81.8721 41.3684 2
    endloop
  endfacet
  facet normal 0 0 1
    outer loop
      vertex 81.55 38 2
      vertex 81.8721 41.3684 2
      vertex 81.708 41.2908 2
    endloop
  endfacet
  facet normal 0 0 1
    outer loop
      vertex 81.55 38 2
      vertex 81.708 41.2908 2
      vertex 81.55 41.2343 2
    endloop
  endfacet
  facet normal 0 0 1
    outer loop
      vertex 87 40 2
      vertex 81.55 38 2
      vertex 82 30 2
    endloop
  endfacet
  facet normal -0 0 1
    outer loop
      vertex 80.45 38 2
      vertex 82 30 2
      vertex 81.55 38 2
    endloop
  endfacet
  facet normal 0 0 1
    outer loop
      vertex 80.1279 41.3684 2
      vertex 80.45 38 2
      vertex 80.292 41.2908 2
    endloop
  endfacet
  facet normal 0 0 1
    outer loop
      vertex 79.9722 41.4618 2
      vertex 80.45 38 2
      vertex 80.1279 41.3684 2
    endloop
  endfacet
  facet normal 0 0 1
    outer loop
      vertex 79.8264 41.5699 2
      vertex 80.45 38 2
      vertex 79.9722 41.4618 2
    endloop
  endfacet
  facet normal 0 0 1
    outer loop
      vertex 79.6918 41.6919 2
      vertex 80.45 38 2
      vertex 79.8264 41.5699 2
    endloop
  endfacet
  facet normal 0 0 1
    outer loop
      vertex 79.5699 41.8264 2
      vertex 80.45 38 2
      vertex 79.6918 41.6919 2
    endloop
  endfacet
  facet normal 0 0 1
    outer loop
      vertex 79.4618 41.9722 2
      vertex 80.45 38 2
      vertex 79.5699 41.8264 2
    endloop
  endfacet
  facet normal 0 0 1
    outer loop
      vertex 80.45 38 2
      vertex 79.4618 41.9722 2
      vertex 69 40 2
    endloop
  endfacet
  facet normal 0 0 1
    outer loop
      vertex 69 40 2
      vertex 79.4618 41.9722 2
      vertex 79.3684 42.1279 2
    endloop
  endfacet
  facet normal 0 0 1
    outer loop
      vertex 69 40 2
      vertex 79.3684 42.1279 2
      vertex 79.2908 42.292 2
    endloop
  endfacet
  facet normal 0 0 1
    outer loop
      vertex 69 40 2
      vertex 79.2908 42.292 2
      vertex 79.2297 42.463 2
    endloop
  endfacet
  facet normal 0 0 1
    outer loop
      vertex 69 42 2
      vertex 79.2297 42.463 2
      vertex 79.1855 42.6391 2
    endloop
  endfacet
  facet normal 0 0 1
    outer loop
      vertex 80.45 38 2
      vertex 72 30 2
      vertex 82 30 2
    endloop
  endfacet
  facet normal 0 0 1
    outer loop
      vertex 69 42 2
      vertex 79.1855 42.6391 2
      vertex 79.1589 42.8187 2
    endloop
  endfacet
  facet normal 0 0 1
    outer loop
      vertex 69 42 2
      vertex 79.1589 42.8187 2
      vertex 79.15 43 2
    endloop
  endfacet
  facet normal -0 0 1
    outer loop
      vertex 87 40 2
      vertex 89 8 2
      vertex 89 40 2
    endloop
  endfacet
  facet normal 0 0 1
    outer loop
      vertex 89 8 2
      vertex 87 40 2
      vertex 87 8 2
    endloop
  endfacet
  facet normal 0 0 1
    outer loop
      vertex 89 46 2
      vertex 87 42 2
      vertex 89 42 2
    endloop
  endfacet
  facet normal -0 0 1
    outer loop
      vertex 82.8411 42.8187 2
      vertex 87 42 2
      vertex 82.85 43 2
    endloop
  endfacet
  facet normal -0 0 1
    outer loop
      vertex 82.8145 42.6391 2
      vertex 87 42 2
      vertex 82.8411 42.8187 2
    endloop
  endfacet
  facet normal -0 0 1
    outer loop
      vertex 82.7703 42.463 2
      vertex 87 42 2
      vertex 82.8145 42.6391 2
    endloop
  endfacet
  facet normal -0 0 1
    outer loop
      vertex 82.7092 43.708 2
      vertex 87 42 2
      vertex 89 46 2
    endloop
  endfacet
  facet normal 0 0 1
    outer loop
      vertex 87 42 2
      vertex 82.8411 43.1813 2
      vertex 82.85 43 2
    endloop
  endfacet
  facet normal 0 0 1
    outer loop
      vertex 87 42 2
      vertex 82.8145 43.3609 2
      vertex 82.8411 43.1813 2
    endloop
  endfacet
  facet normal 0 0 1
    outer loop
      vertex 87 42 2
      vertex 82.7703 43.537 2
      vertex 82.8145 43.3609 2
    endloop
  endfacet
  facet normal 0 0 1
    outer loop
      vertex 87 42 2
      vertex 82.7092 43.708 2
      vertex 82.7703 43.537 2
    endloop
  endfacet
  facet normal 0 0 1
    outer loop
      vertex 89 46 2
      vertex 82.6316 43.8721 2
      vertex 82.7092 43.708 2
    endloop
  endfacet
  facet normal 0 0 1
    outer loop
      vertex 89 46 2
      vertex 82.5382 44.0278 2
      vertex 82.6316 43.8721 2
    endloop
  endfacet
  facet normal 0 0 1
    outer loop
      vertex 89 46 2
      vertex 82.4301 44.1736 2
      vertex 82.5382 44.0278 2
    endloop
  endfacet
  facet normal 0 0 1
    outer loop
      vertex 89 46 2
      vertex 82.3082 44.3081 2
      vertex 82.4301 44.1736 2
    endloop
  endfacet
  facet normal 0 0 1
    outer loop
      vertex 89 46 2
      vertex 82.1736 44.4301 2
      vertex 82.3082 44.3081 2
    endloop
  endfacet
  facet normal 0 0 1
    outer loop
      vertex 89 46 2
      vertex 82.0278 44.5382 2
      vertex 82.1736 44.4301 2
    endloop
  endfacet
  facet normal 0 0 1
    outer loop
      vertex 89 46 2
      vertex 81.8721 44.6316 2
      vertex 82.0278 44.5382 2
    endloop
  endfacet
  facet normal 0 0 1
    outer loop
      vertex 89 46 2
      vertex 81.708 44.7092 2
      vertex 81.8721 44.6316 2
    endloop
  endfacet
  facet normal 0 0 1
    outer loop
      vertex 89 46 2
      vertex 81.537 44.7703 2
      vertex 81.708 44.7092 2
    endloop
  endfacet
  facet normal 0 0 1
    outer loop
      vertex 89 46 2
      vertex 81.3609 44.8145 2
      vertex 81.537 44.7703 2
    endloop
  endfacet
  facet normal 0 0 1
    outer loop
      vertex 89 46 2
      vertex 81.1813 44.8411 2
      vertex 81.3609 44.8145 2
    endloop
  endfacet
  facet normal 0 0 1
    outer loop
      vertex 89 46 2
      vertex 81 44.85 2
      vertex 81.1813 44.8411 2
    endloop
  endfacet
  facet normal 0 0 1
    outer loop
      vertex 89 46 2
      vertex 80.8187 44.8411 2
      vertex 81 44.85 2
    endloop
  endfacet
  facet normal 0 0 1
    outer loop
      vertex 69 42 2
      vertex 79.15 43 2
      vertex 79.1589 43.1813 2
    endloop
  endfacet
  facet normal 0 0 1
    outer loop
      vertex 69 42 2
      vertex 79.1589 43.1813 2
      vertex 79.1855 43.3609 2
    endloop
  endfacet
  facet normal 0 0 1
    outer loop
      vertex 69 42 2
      vertex 79.1855 43.3609 2
      vertex 79.2297 43.537 2
    endloop
  endfacet
  facet normal 0 0 1
    outer loop
      vertex 69 42 2
      vertex 79.2297 43.537 2
      vertex 79.2908 43.708 2
    endloop
  endfacet
  facet normal 0 0 1
    outer loop
      vertex 69 42 2
      vertex 79.2908 43.708 2
      vertex 79.3684 43.8721 2
    endloop
  endfacet
  facet normal 0 0 1
    outer loop
      vertex 80.45 38 2
      vertex 69 40 2
      vertex 72 30 2
    endloop
  endfacet
  facet normal 0 0 1
    outer loop
      vertex 79.2297 42.463 2
      vertex 69 42 2
      vertex 69 40 2
    endloop
  endfacet
  facet normal 0 0 1
    outer loop
      vertex 79.4618 44.0278 2
      vertex 69 42 2
      vertex 79.3684 43.8721 2
    endloop
  endfacet
  facet normal 0 0 1
    outer loop
      vertex 79.5699 44.1736 2
      vertex 69 42 2
      vertex 79.4618 44.0278 2
    endloop
  endfacet
  facet normal 0 0 1
    outer loop
      vertex 79.6918 44.3081 2
      vertex 69 42 2
      vertex 79.5699 44.1736 2
    endloop
  endfacet
  facet normal 0 0 1
    outer loop
      vertex 79.8264 44.4301 2
      vertex 69 42 2
      vertex 79.6918 44.3081 2
    endloop
  endfacet
  facet normal 0 0 1
    outer loop
      vertex 79.9722 44.5382 2
      vertex 69 42 2
      vertex 79.8264 44.4301 2
    endloop
  endfacet
  facet normal 0 0 1
    outer loop
      vertex 80.1279 44.6316 2
      vertex 69 42 2
      vertex 79.9722 44.5382 2
    endloop
  endfacet
  facet normal 0 0 1
    outer loop
      vertex 80.292 44.7092 2
      vertex 69 42 2
      vertex 80.1279 44.6316 2
    endloop
  endfacet
  facet normal 0 0 1
    outer loop
      vertex 67 42 2
      vertex 80.292 44.7092 2
      vertex 80.463 44.7703 2
    endloop
  endfacet
  facet normal 0 0 1
    outer loop
      vertex 67 42 2
      vertex 80.463 44.7703 2
      vertex 80.6391 44.8145 2
    endloop
  endfacet
  facet normal 0 0 1
    outer loop
      vertex 80.292 44.7092 2
      vertex 67 42 2
      vertex 69 42 2
    endloop
  endfacet
  facet normal 0 0 1
    outer loop
      vertex 62 39 2
      vertex 67 40 2
      vertex 67 42 2
    endloop
  endfacet
  facet normal 0 -0 1
    outer loop
      vertex 67 8 2
      vertex 72 18 2
      vertex 62 11 2
    endloop
  endfacet
  facet normal 0 0 1
    outer loop
      vertex 67 40 2
      vertex 62 39 2
      vertex 62 37 2
    endloop
  endfacet
  facet normal 0 0 1
    outer loop
      vertex 67 42 2
      vertex 60 39 2
      vertex 62 39 2
    endloop
  endfacet
  facet normal 0 0 1
    outer loop
      vertex 41 28 2
      vertex 60 37 2
      vertex 60 39 2
    endloop
  endfacet
  facet normal 0 0 1
    outer loop
      vertex 60 37 2
      vertex 41 28 2
      vertex 60 11 2
    endloop
  endfacet
  facet normal -0 0 1
    outer loop
      vertex 41 18 2
      vertex 60 11 2
      vertex 41 28 2
    endloop
  endfacet
  facet normal 0 0 1
    outer loop
      vertex 12.7092 43.708 2
      vertex 41 28 2
      vertex 60 39 2
    endloop
  endfacet
  facet normal 0 0 1
    outer loop
      vertex 12.0278 44.5382 2
      vertex 60 39 2
      vertex 67 42 2
    endloop
  endfacet
  facet normal -0 0 1
    outer loop
      vertex 12.8411 42.8187 2
      vertex 31 28 2
      vertex 12.85 43 2
    endloop
  endfacet
  facet normal -0 -0 1
    outer loop
      vertex 12.7092 43.708 2
      vertex 60 39 2
      vertex 12.6316 43.8721 2
    endloop
  endfacet
  facet normal -0 0 1
    outer loop
      vertex 11.537 44.7703 2
      vertex 67 42 2
      vertex 80.6391 44.8145 2
    endloop
  endfacet
  facet normal 0 0 1
    outer loop
      vertex 11.3609 44.8145 2
      vertex 80.6391 44.8145 2
      vertex 80.8187 44.8411 2
    endloop
  endfacet
  facet normal 0 0 1
    outer loop
      vertex 11.1813 44.8411 2
      vertex 80.8187 44.8411 2
      vertex 89 46 2
    endloop
  endfacet
  facet normal 0 0 1
    outer loop
      vertex 31 28 2
      vertex 12.8411 43.1813 2
      vertex 12.85 43 2
    endloop
  endfacet
  facet normal 0 0 1
    outer loop
      vertex 31 28 2
      vertex 12.8145 43.3609 2
      vertex 12.8411 43.1813 2
    endloop
  endfacet
  facet normal 0 0 1
    outer loop
      vertex 31 28 2
      vertex 12.7703 43.537 2
      vertex 12.8145 43.3609 2
    endloop
  endfacet
  facet normal 0 0 1
    outer loop
      vertex 31 28 2
      vertex 12.7092 43.708 2
      vertex 12.7703 43.537 2
    endloop
  endfacet
  facet normal 0 0 1
    outer loop
      vertex 41 28 2
      vertex 12.7092 43.708 2
      vertex 31 28 2
    endloop
  endfacet
  facet normal 0 0 1
    outer loop
      vertex 60 39 2
      vertex 12.5382 44.0278 2
      vertex 12.6316 43.8721 2
    endloop
  endfacet
  facet normal 0 0 1
    outer loop
      vertex 60 39 2
      vertex 12.4301 44.1736 2
      vertex 12.5382 44.0278 2
    endloop
  endfacet
  facet normal 0 0 1
    outer loop
      vertex 60 39 2
      vertex 12.3081 44.3081 2
      vertex 12.4301 44.1736 2
    endloop
  endfacet
  facet normal 0 0 1
    outer loop
      vertex 60 39 2
      vertex 12.1736 44.4301 2
      vertex 12.3081 44.3081 2
    endloop
  endfacet
  facet normal 0 0 1
    outer loop
      vertex 60 39 2
      vertex 12.0278 44.5382 2
      vertex 12.1736 44.4301 2
    endloop
  endfacet
  facet normal 0 0 1
    outer loop
      vertex 67 42 2
      vertex 11.8721 44.6316 2
      vertex 12.0278 44.5382 2
    endloop
  endfacet
  facet normal 0 0 1
    outer loop
      vertex 67 42 2
      vertex 11.708 44.7092 2
      vertex 11.8721 44.6316 2
    endloop
  endfacet
  facet normal 0 0 1
    outer loop
      vertex 67 42 2
      vertex 11.537 44.7703 2
      vertex 11.708 44.7092 2
    endloop
  endfacet
  facet normal 0 0 1
    outer loop
      vertex 80.6391 44.8145 2
      vertex 11.3609 44.8145 2
      vertex 11.537 44.7703 2
    endloop
  endfacet
  facet normal 0 0 1
    outer loop
      vertex 80.8187 44.8411 2
      vertex 11.1813 44.8411 2
      vertex 11.3609 44.8145 2
    endloop
  endfacet
  facet normal -0 0 1
    outer loop
      vertex 3 46 2
      vertex 11.1813 44.8411 2
      vertex 89 46 2
    endloop
  endfacet
  facet normal 0 0 1
    outer loop
      vertex 3 46 2
      vertex 9.15 43 2
      vertex 9.15891 43.1813 2
    endloop
  endfacet
  facet normal 0 0 1
    outer loop
      vertex 3 46 2
      vertex 9.15891 43.1813 2
      vertex 9.18555 43.3609 2
    endloop
  endfacet
  facet normal 0 0 1
    outer loop
      vertex 3 46 2
      vertex 9.18555 43.3609 2
      vertex 9.22966 43.537 2
    endloop
  endfacet
  facet normal 0 0 1
    outer loop
      vertex 0 43 2
      vertex 8 37 2
      vertex 8 39 2
    endloop
  endfacet
  facet normal 0 0 1
    outer loop
      vertex 8 37 2
      vertex 0 43 2
      vertex 8 11 2
    endloop
  endfacet
  facet normal -0 0 1
    outer loop
      vertex 0 43 2
      vertex 8 39 2
      vertex 3 46 2
    endloop
  endfacet
  facet normal 0 0 1
    outer loop
      vertex 9.18555 42.6391 2
      vertex 3 46 2
      vertex 8 39 2
    endloop
  endfacet
  facet normal 0 0 1
    outer loop
      vertex 9.29082 43.708 2
      vertex 3 46 2
      vertex 9.22966 43.537 2
    endloop
  endfacet
  facet normal 0 0 1
    outer loop
      vertex 9.36845 43.8721 2
      vertex 3 46 2
      vertex 9.29082 43.708 2
    endloop
  endfacet
  facet normal 0 0 1
    outer loop
      vertex 9.46178 44.0278 2
      vertex 3 46 2
      vertex 9.36845 43.8721 2
    endloop
  endfacet
  facet normal 0 0 1
    outer loop
      vertex 9.56993 44.1736 2
      vertex 3 46 2
      vertex 9.46178 44.0278 2
    endloop
  endfacet
  facet normal 0 0 1
    outer loop
      vertex 9.69185 44.3081 2
      vertex 3 46 2
      vertex 9.56993 44.1736 2
    endloop
  endfacet
  facet normal 0 0 1
    outer loop
      vertex 9.82637 44.4301 2
      vertex 3 46 2
      vertex 9.69185 44.3081 2
    endloop
  endfacet
  facet normal 0 0 1
    outer loop
      vertex 9.97219 44.5382 2
      vertex 3 46 2
      vertex 9.82637 44.4301 2
    endloop
  endfacet
  facet normal 0 0 1
    outer loop
      vertex 10.1279 44.6316 2
      vertex 3 46 2
      vertex 9.97219 44.5382 2
    endloop
  endfacet
  facet normal 0 0 1
    outer loop
      vertex 10.292 44.7092 2
      vertex 3 46 2
      vertex 10.1279 44.6316 2
    endloop
  endfacet
  facet normal 0 0 1
    outer loop
      vertex 10.463 44.7703 2
      vertex 3 46 2
      vertex 10.292 44.7092 2
    endloop
  endfacet
  facet normal 0 0 1
    outer loop
      vertex 10.6391 44.8145 2
      vertex 3 46 2
      vertex 10.463 44.7703 2
    endloop
  endfacet
  facet normal 0 0 1
    outer loop
      vertex 10.8187 44.8411 2
      vertex 3 46 2
      vertex 10.6391 44.8145 2
    endloop
  endfacet
  facet normal 0 0 1
    outer loop
      vertex 11 44.85 2
      vertex 3 46 2
      vertex 10.8187 44.8411 2
    endloop
  endfacet
  facet normal 0 0 1
    outer loop
      vertex 11.1813 44.8411 2
      vertex 3 46 2
      vertex 11 44.85 2
    endloop
  endfacet
  facet normal 0 0 1
    outer loop
      vertex 89 42 2
      vertex 92 43 2
      vertex 91.9855 43.294 2
    endloop
  endfacet
  facet normal 0 0 1
    outer loop
      vertex 92 43 2
      vertex 89 8 2
      vertex 92 3 2
    endloop
  endfacet
  facet normal 0 0 1
    outer loop
      vertex 89 42 2
      vertex 91.9855 43.294 2
      vertex 91.9424 43.5853 2
    endloop
  endfacet
  facet normal -0 0 1
    outer loop
      vertex 89 6 2
      vertex 92 3 2
      vertex 89 8 2
    endloop
  endfacet
  facet normal 0 0 1
    outer loop
      vertex 89 42 2
      vertex 91.9424 43.5853 2
      vertex 91.8708 43.8708 2
    endloop
  endfacet
  facet normal 0 0 1
    outer loop
      vertex 92 3 2
      vertex 89 6 2
      vertex 91.9855 2.70595 2
    endloop
  endfacet
  facet normal 0 0 1
    outer loop
      vertex 89 42 2
      vertex 91.8708 43.8708 2
      vertex 91.7716 44.148 2
    endloop
  endfacet
  facet normal 0 0 1
    outer loop
      vertex 91.9855 2.70595 2
      vertex 89 6 2
      vertex 91.9424 2.41472 2
    endloop
  endfacet
  facet normal 0 0 1
    outer loop
      vertex 89 42 2
      vertex 91.7716 44.148 2
      vertex 91.6458 44.4142 2
    endloop
  endfacet
  facet normal 0 0 1
    outer loop
      vertex 91.9424 2.41472 2
      vertex 89 6 2
      vertex 91.8708 2.12914 2
    endloop
  endfacet
  facet normal 0 0 1
    outer loop
      vertex 89 42 2
      vertex 91.6458 44.4142 2
      vertex 91.4944 44.6667 2
    endloop
  endfacet
  facet normal 0 0 1
    outer loop
      vertex 91.8708 2.12914 2
      vertex 89 6 2
      vertex 91.7716 1.85194 2
    endloop
  endfacet
  facet normal 0 0 1
    outer loop
      vertex 89 42 2
      vertex 91.4944 44.6667 2
      vertex 91.319 44.9032 2
    endloop
  endfacet
  facet normal 0 0 1
    outer loop
      vertex 91.7716 1.85194 2
      vertex 89 6 2
      vertex 91.6458 1.5858 2
    endloop
  endfacet
  facet normal 0 0 1
    outer loop
      vertex 89 42 2
      vertex 91.319 44.9032 2
      vertex 91.1213 45.1213 2
    endloop
  endfacet
  facet normal 0 0 1
    outer loop
      vertex 91.6458 1.5858 2
      vertex 89 6 2
      vertex 91.4944 1.33328 2
    endloop
  endfacet
  facet normal 0 0 1
    outer loop
      vertex 89 42 2
      vertex 91.1213 45.1213 2
      vertex 90.9032 45.319 2
    endloop
  endfacet
  facet normal 0 0 1
    outer loop
      vertex 91.4944 1.33328 2
      vertex 89 6 2
      vertex 91.319 1.09682 2
    endloop
  endfacet
  facet normal 0 0 1
    outer loop
      vertex 89 42 2
      vertex 90.9032 45.319 2
      vertex 90.6667 45.4944 2
    endloop
  endfacet
  facet normal 0 0 1
    outer loop
      vertex 91.319 1.09682 2
      vertex 89 6 2
      vertex 91.1213 0.878677 2
    endloop
  endfacet
  facet normal 0 0 1
    outer loop
      vertex 89 42 2
      vertex 90.6667 45.4944 2
      vertex 90.4142 45.6458 2
    endloop
  endfacet
  facet normal 0 0 1
    outer loop
      vertex 91.1213 0.878677 2
      vertex 89 6 2
      vertex 90.9032 0.680954 2
    endloop
  endfacet
  facet normal 0 0 1
    outer loop
      vertex 89 42 2
      vertex 90.4142 45.6458 2
      vertex 90.148 45.7716 2
    endloop
  endfacet
  facet normal 0 0 1
    outer loop
      vertex 90.9032 0.680954 2
      vertex 89 6 2
      vertex 90.6667 0.505585 2
    endloop
  endfacet
  facet normal 0 0 1
    outer loop
      vertex 89 42 2
      vertex 90.148 45.7716 2
      vertex 89.8708 45.8708 2
    endloop
  endfacet
  facet normal 0 0 1
    outer loop
      vertex 90.6667 0.505585 2
      vertex 89 6 2
      vertex 90.4142 0.354233 2
    endloop
  endfacet
  facet normal 0 0 1
    outer loop
      vertex 89 42 2
      vertex 89.8708 45.8708 2
      vertex 89.5853 45.9424 2
    endloop
  endfacet
  facet normal 0 0 1
    outer loop
      vertex 90.4142 0.354233 2
      vertex 89 6 2
      vertex 90.148 0.228348 2
    endloop
  endfacet
  facet normal 0 0 1
    outer loop
      vertex 89 42 2
      vertex 89.5853 45.9424 2
      vertex 89.294 45.9855 2
    endloop
  endfacet
  facet normal 0 0 1
    outer loop
      vertex 92 43 2
      vertex 89 40 2
      vertex 89 8 2
    endloop
  endfacet
  facet normal 0 0 1
    outer loop
      vertex 89 42 2
      vertex 89.294 45.9855 2
      vertex 89 46 2
    endloop
  endfacet
  facet normal 0 0 1
    outer loop
      vertex 92 43 2
      vertex 89 42 2
      vertex 89 40 2
    endloop
  endfacet
  facet normal 0 0 1
    outer loop
      vertex 90.148 0.228348 2
      vertex 89 6 2
      vertex 89.8708 0.129166 2
    endloop
  endfacet
  facet normal 0 0 1
    outer loop
      vertex 89.8708 0.129166 2
      vertex 89 6 2
      vertex 89.5853 0.0576324 2
    endloop
  endfacet
  facet normal 0 0 1
    outer loop
      vertex 89.5853 0.0576324 2
      vertex 89 6 2
      vertex 89.294 0.0144348 2
    endloop
  endfacet
  facet normal 0 0 1
    outer loop
      vertex 89 6 2
      vertex 89 0 2
      vertex 89.294 0.0144348 2
    endloop
  endfacet
  facet normal -0 0 1
    outer loop
      vertex 87 6 2
      vertex 89 0 2
      vertex 89 6 2
    endloop
  endfacet
  facet normal 0 0 1
    outer loop
      vertex 87 8 2
      vertex 82.85 3 2
      vertex 87 6 2
    endloop
  endfacet
  facet normal 0 0 1
    outer loop
      vertex 82.8411 2.81867 2
      vertex 87 6 2
      vertex 82.85 3 2
    endloop
  endfacet
  facet normal 0 0 1
    outer loop
      vertex 87 6 2
      vertex 82.8411 2.81867 2
      vertex 89 0 2
    endloop
  endfacet
  facet normal -0 0 1
    outer loop
      vertex 82.8145 2.63908 2
      vertex 89 0 2
      vertex 82.8411 2.81867 2
    endloop
  endfacet
  facet normal -0 0 1
    outer loop
      vertex 82.7703 2.46297 2
      vertex 89 0 2
      vertex 82.8145 2.63908 2
    endloop
  endfacet
  facet normal -0 0 1
    outer loop
      vertex 82.7092 2.29204 2
      vertex 89 0 2
      vertex 82.7703 2.46297 2
    endloop
  endfacet
  facet normal -0 0 1
    outer loop
      vertex 82.6316 2.12792 2
      vertex 89 0 2
      vertex 82.7092 2.29204 2
    endloop
  endfacet
  facet normal -0 0 1
    outer loop
      vertex 82.5382 1.97219 2
      vertex 89 0 2
      vertex 82.6316 2.12792 2
    endloop
  endfacet
  facet normal -0 0 1
    outer loop
      vertex 82.4301 1.82637 2
      vertex 89 0 2
      vertex 82.5382 1.97219 2
    endloop
  endfacet
  facet normal -0 0 1
    outer loop
      vertex 82.3082 1.69185 2
      vertex 89 0 2
      vertex 82.4301 1.82637 2
    endloop
  endfacet
  facet normal -0 0 1
    outer loop
      vertex 82.1736 1.56993 2
      vertex 89 0 2
      vertex 82.3082 1.69185 2
    endloop
  endfacet
  facet normal -0 0 1
    outer loop
      vertex 82.0278 1.46178 2
      vertex 89 0 2
      vertex 82.1736 1.56993 2
    endloop
  endfacet
  facet normal -0 0 1
    outer loop
      vertex 81.8721 1.36845 2
      vertex 89 0 2
      vertex 82.0278 1.46178 2
    endloop
  endfacet
  facet normal -0 0 1
    outer loop
      vertex 81.708 1.29082 2
      vertex 89 0 2
      vertex 81.8721 1.36845 2
    endloop
  endfacet
  facet normal -0 0 1
    outer loop
      vertex 81.537 1.22966 2
      vertex 89 0 2
      vertex 81.708 1.29082 2
    endloop
  endfacet
  facet normal -0 0 1
    outer loop
      vertex 81.3609 1.18555 2
      vertex 89 0 2
      vertex 81.537 1.22966 2
    endloop
  endfacet
  facet normal -0 0 1
    outer loop
      vertex 81.1813 1.15891 2
      vertex 89 0 2
      vertex 81.3609 1.18555 2
    endloop
  endfacet
  facet normal -0 0 1
    outer loop
      vertex 81 1.15 2
      vertex 89 0 2
      vertex 81.1813 1.15891 2
    endloop
  endfacet
  facet normal 0 0 1
    outer loop
      vertex 80.8187 1.15891 2
      vertex 89 0 2
      vertex 81 1.15 2
    endloop
  endfacet
  facet normal 0 0 1
    outer loop
      vertex 79.1855 3.36092 2
      vertex 69 6 2
      vertex 79.1589 3.18133 2
    endloop
  endfacet
  facet normal 0 0 1
    outer loop
      vertex 79.1589 3.18133 2
      vertex 69 6 2
      vertex 79.15 3 2
    endloop
  endfacet
  facet normal 0 0 1
    outer loop
      vertex 79.15 3 2
      vertex 69 6 2
      vertex 79.1589 2.81867 2
    endloop
  endfacet
  facet normal 0 0 1
    outer loop
      vertex 79.1589 2.81867 2
      vertex 69 6 2
      vertex 79.1855 2.63908 2
    endloop
  endfacet
  facet normal -0 0 1
    outer loop
      vertex 67 40 2
      vertex 72 30 2
      vertex 69 40 2
    endloop
  endfacet
  facet normal -0 0 1
    outer loop
      vertex 62 37 2
      vertex 72 30 2
      vertex 67 40 2
    endloop
  endfacet
  facet normal 0 0 1
    outer loop
      vertex 79.1855 2.63908 2
      vertex 69 6 2
      vertex 79.2297 2.46297 2
    endloop
  endfacet
  facet normal 0 0 1
    outer loop
      vertex 79.2297 2.46297 2
      vertex 69 6 2
      vertex 79.2908 2.29204 2
    endloop
  endfacet
  facet normal 0 0 1
    outer loop
      vertex 79.2908 2.29204 2
      vertex 69 6 2
      vertex 79.3684 2.12792 2
    endloop
  endfacet
  facet normal 0 0 1
    outer loop
      vertex 79.3684 2.12792 2
      vertex 69 6 2
      vertex 79.4618 1.97219 2
    endloop
  endfacet
  facet normal 0 0 1
    outer loop
      vertex 79.4618 1.97219 2
      vertex 69 6 2
      vertex 79.5699 1.82637 2
    endloop
  endfacet
  facet normal 0 0 1
    outer loop
      vertex 79.5699 1.82637 2
      vertex 69 6 2
      vertex 79.6918 1.69185 2
    endloop
  endfacet
  facet normal 0 0 1
    outer loop
      vertex 79.6918 1.69185 2
      vertex 69 6 2
      vertex 79.8264 1.56993 2
    endloop
  endfacet
  facet normal -0 0 1
    outer loop
      vertex 67 6 2
      vertex 79.8264 1.56993 2
      vertex 69 6 2
    endloop
  endfacet
  facet normal 0 0 1
    outer loop
      vertex 79.8264 1.56993 2
      vertex 67 6 2
      vertex 79.9722 1.46178 2
    endloop
  endfacet
  facet normal 0 0 1
    outer loop
      vertex 79.9722 1.46178 2
      vertex 67 6 2
      vertex 80.1279 1.36845 2
    endloop
  endfacet
  facet normal 0 0 1
    outer loop
      vertex 80.1279 1.36845 2
      vertex 67 6 2
      vertex 80.292 1.29082 2
    endloop
  endfacet
  facet normal 0 0 1
    outer loop
      vertex 11.708 1.29082 2
      vertex 80.292 1.29082 2
      vertex 67 6 2
    endloop
  endfacet
  facet normal 0 0 1
    outer loop
      vertex 72 18 2
      vertex 67 8 2
      vertex 69 8 2
    endloop
  endfacet
  facet normal -0 0 1
    outer loop
      vertex 62 9 2
      vertex 67 8 2
      vertex 62 11 2
    endloop
  endfacet
  facet normal 0 0 1
    outer loop
      vertex 67 8 2
      vertex 62 9 2
      vertex 67 6 2
    endloop
  endfacet
  facet normal -0 0 1
    outer loop
      vertex 60 9 2
      vertex 67 6 2
      vertex 62 9 2
    endloop
  endfacet
  facet normal 0 0 1
    outer loop
      vertex 60 11 2
      vertex 41 18 2
      vertex 60 9 2
    endloop
  endfacet
  facet normal 0 0 1
    outer loop
      vertex 12.7092 2.29204 2
      vertex 41 18 2
      vertex 31 18 2
    endloop
  endfacet
  facet normal 0 0 1
    outer loop
      vertex 12.6316 2.12792 2
      vertex 41 18 2
      vertex 12.7092 2.29204 2
    endloop
  endfacet
  facet normal 0 0 1
    outer loop
      vertex 12.5382 1.97219 2
      vertex 60 9 2
      vertex 12.6316 2.12792 2
    endloop
  endfacet
  facet normal -0 0 1
    outer loop
      vertex 12.8145 42.6391 2
      vertex 31 28 2
      vertex 12.8411 42.8187 2
    endloop
  endfacet
  facet normal 0 0 1
    outer loop
      vertex 12.8411 2.81867 2
      vertex 31 18 2
      vertex 12.85 3 2
    endloop
  endfacet
  facet normal 0 0 1
    outer loop
      vertex 12.8145 2.63908 2
      vertex 31 18 2
      vertex 12.8411 2.81867 2
    endloop
  endfacet
  facet normal 0 0 1
    outer loop
      vertex 12.7703 2.46297 2
      vertex 31 18 2
      vertex 12.8145 2.63908 2
    endloop
  endfacet
  facet normal 0 0 1
    outer loop
      vertex 12.7092 2.29204 2
      vertex 31 18 2
      vertex 12.7703 2.46297 2
    endloop
  endfacet
  facet normal 0 0 1
    outer loop
      vertex 41 18 2
      vertex 12.6316 2.12792 2
      vertex 60 9 2
    endloop
  endfacet
  facet normal 0 0 1
    outer loop
      vertex 12.4301 1.82637 2
      vertex 60 9 2
      vertex 12.5382 1.97219 2
    endloop
  endfacet
  facet normal 0 0 1
    outer loop
      vertex 12.3081 1.69185 2
      vertex 60 9 2
      vertex 12.4301 1.82637 2
    endloop
  endfacet
  facet normal 0 0 1
    outer loop
      vertex 12.1736 1.56993 2
      vertex 60 9 2
      vertex 12.3081 1.69185 2
    endloop
  endfacet
  facet normal 0 0 1
    outer loop
      vertex 60 9 2
      vertex 12.1736 1.56993 2
      vertex 67 6 2
    endloop
  endfacet
  facet normal 0 0 1
    outer loop
      vertex 12.0278 1.46178 2
      vertex 67 6 2
      vertex 12.1736 1.56993 2
    endloop
  endfacet
  facet normal 0 0 1
    outer loop
      vertex 11.8721 1.36845 2
      vertex 67 6 2
      vertex 12.0278 1.46178 2
    endloop
  endfacet
  facet normal 0 0 1
    outer loop
      vertex 11.708 1.29082 2
      vertex 67 6 2
      vertex 11.8721 1.36845 2
    endloop
  endfacet
  facet normal 0 0 1
    outer loop
      vertex 80.292 1.29082 2
      vertex 11.708 1.29082 2
      vertex 80.463 1.22966 2
    endloop
  endfacet
  facet normal 0 0 1
    outer loop
      vertex 11.537 1.22966 2
      vertex 80.463 1.22966 2
      vertex 11.708 1.29082 2
    endloop
  endfacet
  facet normal 0 0 1
    outer loop
      vertex 80.463 1.22966 2
      vertex 11.537 1.22966 2
      vertex 80.6391 1.18555 2
    endloop
  endfacet
  facet normal 0 0 1
    outer loop
      vertex 11.3609 1.18555 2
      vertex 80.6391 1.18555 2
      vertex 11.537 1.22966 2
    endloop
  endfacet
  facet normal 0 0 1
    outer loop
      vertex 80.6391 1.18555 2
      vertex 11.3609 1.18555 2
      vertex 80.8187 1.15891 2
    endloop
  endfacet
  facet normal 0 0 1
    outer loop
      vertex 11.1813 1.15891 2
      vertex 80.8187 1.15891 2
      vertex 11.3609 1.18555 2
    endloop
  endfacet
  facet normal 0 0 1
    outer loop
      vertex 80.8187 1.15891 2
      vertex 11.1813 1.15891 2
      vertex 89 0 2
    endloop
  endfacet
  facet normal 0 0 1
    outer loop
      vertex 3 0 2
      vertex 11.1813 1.15891 2
      vertex 11 1.15 2
    endloop
  endfacet
  facet normal 0 0 1
    outer loop
      vertex 9.18555 3.36092 2
      vertex 3 0 2
      vertex 9.15891 3.18133 2
    endloop
  endfacet
  facet normal 0 0 1
    outer loop
      vertex 9.15891 3.18133 2
      vertex 3 0 2
      vertex 9.15 3 2
    endloop
  endfacet
  facet normal 0 0 1
    outer loop
      vertex 11.1813 1.15891 2
      vertex 3 0 2
      vertex 89 0 2
    endloop
  endfacet
  facet normal 0 0 1
    outer loop
      vertex 10.8187 1.15891 2
      vertex 3 0 2
      vertex 11 1.15 2
    endloop
  endfacet
  facet normal 0 0 1
    outer loop
      vertex 10.6391 1.18555 2
      vertex 3 0 2
      vertex 10.8187 1.15891 2
    endloop
  endfacet
  facet normal 0 0 1
    outer loop
      vertex 10.463 1.22966 2
      vertex 3 0 2
      vertex 10.6391 1.18555 2
    endloop
  endfacet
  facet normal 0 0 1
    outer loop
      vertex 10.292 1.29082 2
      vertex 3 0 2
      vertex 10.463 1.22966 2
    endloop
  endfacet
  facet normal 0 0 1
    outer loop
      vertex 10.1279 1.36845 2
      vertex 3 0 2
      vertex 10.292 1.29082 2
    endloop
  endfacet
  facet normal 0 0 1
    outer loop
      vertex 9.97219 1.46178 2
      vertex 3 0 2
      vertex 10.1279 1.36845 2
    endloop
  endfacet
  facet normal 0 0 1
    outer loop
      vertex 9.82637 1.56993 2
      vertex 3 0 2
      vertex 9.97219 1.46178 2
    endloop
  endfacet
  facet normal 0 0 1
    outer loop
      vertex 9.69185 1.69185 2
      vertex 3 0 2
      vertex 9.82637 1.56993 2
    endloop
  endfacet
  facet normal 0 0 1
    outer loop
      vertex 9.56993 1.82637 2
      vertex 3 0 2
      vertex 9.69185 1.69185 2
    endloop
  endfacet
  facet normal 0 0 1
    outer loop
      vertex 9.46178 1.97219 2
      vertex 3 0 2
      vertex 9.56993 1.82637 2
    endloop
  endfacet
  facet normal 0 0 1
    outer loop
      vertex 9.36845 2.12792 2
      vertex 3 0 2
      vertex 9.46178 1.97219 2
    endloop
  endfacet
  facet normal 0 0 1
    outer loop
      vertex 9.29082 2.29204 2
      vertex 3 0 2
      vertex 9.36845 2.12792 2
    endloop
  endfacet
  facet normal 0 0 1
    outer loop
      vertex 9.22966 2.46297 2
      vertex 3 0 2
      vertex 9.29082 2.29204 2
    endloop
  endfacet
  facet normal 0 0 1
    outer loop
      vertex 9.18555 2.63908 2
      vertex 3 0 2
      vertex 9.22966 2.46297 2
    endloop
  endfacet
  facet normal 0 0 1
    outer loop
      vertex 9.15 3 2
      vertex 3 0 2
      vertex 9.15891 2.81867 2
    endloop
  endfacet
  facet normal 0 0 1
    outer loop
      vertex 0 3 2
      vertex 8 11 2
      vertex 0 43 2
    endloop
  endfacet
  facet normal 0 0 1
    outer loop
      vertex 0 43 2
      vertex 3 46 2
      vertex 2.70595 45.9855 2
    endloop
  endfacet
  facet normal 0 0 1
    outer loop
      vertex 8 11 2
      vertex 0 3 2
      vertex 8 9 2
    endloop
  endfacet
  facet normal 0 0 1
    outer loop
      vertex 0 43 2
      vertex 2.70595 45.9855 2
      vertex 2.41472 45.9424 2
    endloop
  endfacet
  facet normal 0 0 1
    outer loop
      vertex 9.15891 2.81867 2
      vertex 3 0 2
      vertex 9.18555 2.63908 2
    endloop
  endfacet
  facet normal 0 0 1
    outer loop
      vertex 0 43 2
      vertex 2.41472 45.9424 2
      vertex 2.12914 45.8708 2
    endloop
  endfacet
  facet normal 0 0 1
    outer loop
      vertex 3 0 2
      vertex 0 3 2
      vertex 2.70595 0.0144348 2
    endloop
  endfacet
  facet normal 0 0 1
    outer loop
      vertex 0 43 2
      vertex 2.12914 45.8708 2
      vertex 1.85194 45.7716 2
    endloop
  endfacet
  facet normal 0 0 1
    outer loop
      vertex 2.70595 0.0144348 2
      vertex 0 3 2
      vertex 2.41472 0.0576324 2
    endloop
  endfacet
  facet normal 0 0 1
    outer loop
      vertex 0 43 2
      vertex 1.85194 45.7716 2
      vertex 1.5858 45.6458 2
    endloop
  endfacet
  facet normal 0 0 1
    outer loop
      vertex 2.41472 0.0576324 2
      vertex 0 3 2
      vertex 2.12914 0.129166 2
    endloop
  endfacet
  facet normal 0 0 1
    outer loop
      vertex 0 43 2
      vertex 1.5858 45.6458 2
      vertex 1.33328 45.4944 2
    endloop
  endfacet
  facet normal 0 0 1
    outer loop
      vertex 2.12914 0.129166 2
      vertex 0 3 2
      vertex 1.85194 0.228348 2
    endloop
  endfacet
  facet normal 0 0 1
    outer loop
      vertex 0 43 2
      vertex 1.33328 45.4944 2
      vertex 1.09682 45.319 2
    endloop
  endfacet
  facet normal 0 0 1
    outer loop
      vertex 1.85194 0.228348 2
      vertex 0 3 2
      vertex 1.5858 0.354233 2
    endloop
  endfacet
  facet normal 0 0 1
    outer loop
      vertex 0 43 2
      vertex 1.09682 45.319 2
      vertex 0.878677 45.1213 2
    endloop
  endfacet
  facet normal 0 0 1
    outer loop
      vertex 1.5858 0.354233 2
      vertex 0 3 2
      vertex 1.33328 0.505585 2
    endloop
  endfacet
  facet normal 0 0 1
    outer loop
      vertex 0 43 2
      vertex 0.878677 45.1213 2
      vertex 0.680954 44.9032 2
    endloop
  endfacet
  facet normal 0 0 1
    outer loop
      vertex 1.33328 0.505585 2
      vertex 0 3 2
      vertex 1.09682 0.680954 2
    endloop
  endfacet
  facet normal 0 0 1
    outer loop
      vertex 0 43 2
      vertex 0.680954 44.9032 2
      vertex 0.505585 44.6667 2
    endloop
  endfacet
  facet normal 0 0 1
    outer loop
      vertex 1.09682 0.680954 2
      vertex 0 3 2
      vertex 0.878677 0.878677 2
    endloop
  endfacet
  facet normal 0 0 1
    outer loop
      vertex 0 43 2
      vertex 0.505585 44.6667 2
      vertex 0.354233 44.4142 2
    endloop
  endfacet
  facet normal 0 0 1
    outer loop
      vertex 0.878677 0.878677 2
      vertex 0 3 2
      vertex 0.680954 1.09682 2
    endloop
  endfacet
  facet normal 0 0 1
    outer loop
      vertex 0 43 2
      vertex 0.354233 44.4142 2
      vertex 0.228348 44.148 2
    endloop
  endfacet
  facet normal 0 0 1
    outer loop
      vertex 0.680954 1.09682 2
      vertex 0 3 2
      vertex 0.505585 1.33328 2
    endloop
  endfacet
  facet normal 0 0 1
    outer loop
      vertex 0 43 2
      vertex 0.228348 44.148 2
      vertex 0.129166 43.8708 2
    endloop
  endfacet
  facet normal 0 0 1
    outer loop
      vertex 0.505585 1.33328 2
      vertex 0 3 2
      vertex 0.354233 1.5858 2
    endloop
  endfacet
  facet normal 0 0 1
    outer loop
      vertex 0 43 2
      vertex 0.129166 43.8708 2
      vertex 0.0576324 43.5853 2
    endloop
  endfacet
  facet normal 0 0 1
    outer loop
      vertex 0.354233 1.5858 2
      vertex 0 3 2
      vertex 0.228348 1.85194 2
    endloop
  endfacet
  facet normal 0 0 1
    outer loop
      vertex 0 43 2
      vertex 0.0576324 43.5853 2
      vertex 0.0144348 43.294 2
    endloop
  endfacet
  facet normal 0 0 1
    outer loop
      vertex 0.228348 1.85194 2
      vertex 0 3 2
      vertex 0.129166 2.12914 2
    endloop
  endfacet
  facet normal 0 0 1
    outer loop
      vertex 0.129166 2.12914 2
      vertex 0 3 2
      vertex 0.0576324 2.41472 2
    endloop
  endfacet
  facet normal 0 0 1
    outer loop
      vertex 0.0576324 2.41472 2
      vertex 0 3 2
      vertex 0.0144348 2.70595 2
    endloop
  endfacet
  facet normal 0 0 1
    outer loop
      vertex 82.3082 4.30815 2
      vertex 81.55 8 2
      vertex 82.1736 4.43007 2
    endloop
  endfacet
  facet normal 0 0 1
    outer loop
      vertex 82.1736 4.43007 2
      vertex 81.55 8 2
      vertex 82.0278 4.53822 2
    endloop
  endfacet
  facet normal 0 0 1
    outer loop
      vertex 82.0278 4.53822 2
      vertex 81.55 8 2
      vertex 81.8721 4.63155 2
    endloop
  endfacet
  facet normal 0 0 1
    outer loop
      vertex 81.8721 4.63155 2
      vertex 81.55 8 2
      vertex 81.708 4.70918 2
    endloop
  endfacet
  facet normal 0 0 1
    outer loop
      vertex 82 18 2
      vertex 80.45 8 2
      vertex 81.55 8 2
    endloop
  endfacet
  facet normal 0 0 1
    outer loop
      vertex 80.45 8 2
      vertex 80.292 4.70918 2
      vertex 80.45 4.7657 2
    endloop
  endfacet
  facet normal 0 0 1
    outer loop
      vertex 80.45 8 2
      vertex 80.1279 4.63155 2
      vertex 80.292 4.70918 2
    endloop
  endfacet
  facet normal 0 0 1
    outer loop
      vertex 80.45 8 2
      vertex 79.9722 4.53822 2
      vertex 80.1279 4.63155 2
    endloop
  endfacet
  facet normal 0 0 1
    outer loop
      vertex 80.45 8 2
      vertex 79.8264 4.43007 2
      vertex 79.9722 4.53822 2
    endloop
  endfacet
  facet normal -0 0 1
    outer loop
      vertex 72 18 2
      vertex 80.45 8 2
      vertex 82 18 2
    endloop
  endfacet
  facet normal 0 0 1
    outer loop
      vertex 69 8 2
      vertex 80.45 8 2
      vertex 72 18 2
    endloop
  endfacet
  facet normal 0 0 1
    outer loop
      vertex 80.45 8 2
      vertex 79.6918 4.30815 2
      vertex 79.8264 4.43007 2
    endloop
  endfacet
  facet normal 0 0 1
    outer loop
      vertex 80.45 8 2
      vertex 79.5699 4.17363 2
      vertex 79.6918 4.30815 2
    endloop
  endfacet
  facet normal 0 0 1
    outer loop
      vertex 80.45 8 2
      vertex 79.4618 4.0278 2
      vertex 79.5699 4.17363 2
    endloop
  endfacet
  facet normal -0 0 1
    outer loop
      vertex 69 8 2
      vertex 79.4618 4.0278 2
      vertex 80.45 8 2
    endloop
  endfacet
  facet normal -0 0 1
    outer loop
      vertex 69 6 2
      vertex 79.4618 4.0278 2
      vertex 69 8 2
    endloop
  endfacet
  facet normal 0 0 1
    outer loop
      vertex 79.4618 4.0278 2
      vertex 69 6 2
      vertex 79.3684 3.87208 2
    endloop
  endfacet
  facet normal 0 0 1
    outer loop
      vertex 79.2297 3.53703 2
      vertex 69 6 2
      vertex 79.1855 3.36092 2
    endloop
  endfacet
  facet normal 0 0 1
    outer loop
      vertex 79.2908 3.70796 2
      vertex 69 6 2
      vertex 79.2297 3.53703 2
    endloop
  endfacet
  facet normal 0 0 1
    outer loop
      vertex 79.3684 3.87208 2
      vertex 69 6 2
      vertex 79.2908 3.70796 2
    endloop
  endfacet
  facet normal 0 0 1
    outer loop
      vertex 81.708 4.70918 2
      vertex 81.55 8 2
      vertex 81.55 4.7657 2
    endloop
  endfacet
  facet normal 0 -1 0
    outer loop
      vertex 8 9 6.5
      vertex 10 9 5.5
      vertex 10.45 9 6.5
    endloop
  endfacet
  facet normal 0 -1 0
    outer loop
      vertex 8 9 2
      vertex 10 9 5.5
      vertex 8 9 6.5
    endloop
  endfacet
  facet normal 0 -1 -0
    outer loop
      vertex 10 9 5.5
      vertex 8 9 2
      vertex 10 9 2
    endloop
  endfacet
  facet normal 0 -1 -0
    outer loop
      vertex 10.45 9 6.5
      vertex 10 9 5.5
      vertex 10.45 9 5.5
    endloop
  endfacet
  facet normal 1 -0 0
    outer loop
      vertex 10.45 9 6.5
      vertex 10.45 11.45 5.5
      vertex 10.45 11.45 6.5
    endloop
  endfacet
  facet normal 1 0 0
    outer loop
      vertex 10.45 11.45 5.5
      vertex 10.45 9 6.5
      vertex 10.45 9 5.5
    endloop
  endfacet
  facet normal 0 0 -1
    outer loop
      vertex 10 11 5.5
      vertex 10.45 9 5.5
      vertex 10 9 5.5
    endloop
  endfacet
  facet normal 0 0 -1
    outer loop
      vertex 10.45 9 5.5
      vertex 10 11 5.5
      vertex 10.45 11.45 5.5
    endloop
  endfacet
  facet normal 0 0 -1
    outer loop
      vertex 8 11.45 5.5
      vertex 10 11 5.5
      vertex 8 11 5.5
    endloop
  endfacet
  facet normal 0 0 -1
    outer loop
      vertex 10 11 5.5
      vertex 8 11.45 5.5
      vertex 10.45 11.45 5.5
    endloop
  endfacet
  facet normal 0 1 -0
    outer loop
      vertex 10.45 11.45 5.5
      vertex 8 11.45 6.5
      vertex 10.45 11.45 6.5
    endloop
  endfacet
  facet normal 0 1 0
    outer loop
      vertex 8 11.45 6.5
      vertex 10.45 11.45 5.5
      vertex 8 11.45 5.5
    endloop
  endfacet
  facet normal -1 0 0
    outer loop
      vertex 60 9 2
      vertex 60 11 5.5
      vertex 60 11 2
    endloop
  endfacet
  facet normal -1 -0 0
    outer loop
      vertex 60 11 5.5
      vertex 60 9 2
      vertex 60 9 5.5
    endloop
  endfacet
  facet normal -0 0 1
    outer loop
      vertex 59.55 11.45 6.5
      vertex 62 9 6.5
      vertex 62 11.45 6.5
    endloop
  endfacet
  facet normal 0 0 1
    outer loop
      vertex 62 9 6.5
      vertex 59.55 11.45 6.5
      vertex 59.55 9 6.5
    endloop
  endfacet
  facet normal 1 0 0
    outer loop
      vertex 62 11.45 6.5
      vertex 62 11 5.5
      vertex 62 11.45 5.5
    endloop
  endfacet
  facet normal 1 -0 0
    outer loop
      vertex 62 9 6.5
      vertex 62 11 5.5
      vertex 62 11.45 6.5
    endloop
  endfacet
  facet normal 1 0 0
    outer loop
      vertex 62 9 2
      vertex 62 11 5.5
      vertex 62 9 6.5
    endloop
  endfacet
  facet normal 1 0 0
    outer loop
      vertex 62 11 5.5
      vertex 62 9 2
      vertex 62 11 2
    endloop
  endfacet
  facet normal 0 -1 0
    outer loop
      vertex 60 9 5.5
      vertex 59.55 9 6.5
      vertex 59.55 9 5.5
    endloop
  endfacet
  facet normal 0 -1 0
    outer loop
      vertex 59.55 9 6.5
      vertex 60 9 5.5
      vertex 62 9 6.5
    endloop
  endfacet
  facet normal 0 -1 0
    outer loop
      vertex 62 9 2
      vertex 60 9 5.5
      vertex 60 9 2
    endloop
  endfacet
  facet normal 0 -1 0
    outer loop
      vertex 60 9 5.5
      vertex 62 9 2
      vertex 62 9 6.5
    endloop
  endfacet
  facet normal 0 1 -0
    outer loop
      vertex 62 11 2
      vertex 60 11 5.5
      vertex 62 11 5.5
    endloop
  endfacet
  facet normal 0 1 0
    outer loop
      vertex 60 11 5.5
      vertex 62 11 2
      vertex 60 11 2
    endloop
  endfacet
  facet normal -1 0 0
    outer loop
      vertex 59.55 9 5.5
      vertex 59.55 11.45 6.5
      vertex 59.55 11.45 5.5
    endloop
  endfacet
  facet normal -1 -0 0
    outer loop
      vertex 59.55 11.45 6.5
      vertex 59.55 9 5.5
      vertex 59.55 9 6.5
    endloop
  endfacet
  facet normal 0 1 -0
    outer loop
      vertex 62 11.45 5.5
      vertex 59.55 11.45 6.5
      vertex 62 11.45 6.5
    endloop
  endfacet
  facet normal 0 1 0
    outer loop
      vertex 59.55 11.45 6.5
      vertex 62 11.45 5.5
      vertex 59.55 11.45 5.5
    endloop
  endfacet
  facet normal 0 0 -1
    outer loop
      vertex 60 9 5.5
      vertex 59.55 9 5.5
      vertex 60 11 5.5
    endloop
  endfacet
  facet normal 0 0 -1
    outer loop
      vertex 60 11 5.5
      vertex 62 11.45 5.5
      vertex 62 11 5.5
    endloop
  endfacet
  facet normal 0 0 -1
    outer loop
      vertex 60 11 5.5
      vertex 59.55 11.45 5.5
      vertex 62 11.45 5.5
    endloop
  endfacet
  facet normal 0 0 -1
    outer loop
      vertex 59.55 11.45 5.5
      vertex 60 11 5.5
      vertex 59.55 9 5.5
    endloop
  endfacet
  facet normal -1 0 0
    outer loop
      vertex 8 37 5.5
      vertex 8 39 2
      vertex 8 37 2
    endloop
  endfacet
  facet normal -1 0 0
    outer loop
      vertex 8 39 2
      vertex 8 37 5.5
      vertex 8 39 6.5
    endloop
  endfacet
  facet normal -1 0 0
    outer loop
      vertex 8 36.55 6.5
      vertex 8 37 5.5
      vertex 8 36.55 5.5
    endloop
  endfacet
  facet normal -1 0 0
    outer loop
      vertex 8 37 5.5
      vertex 8 36.55 6.5
      vertex 8 39 6.5
    endloop
  endfacet
  facet normal -0 0 1
    outer loop
      vertex 8 39 6.5
      vertex 10.45 36.55 6.5
      vertex 10.45 39 6.5
    endloop
  endfacet
  facet normal 0 0 1
    outer loop
      vertex 10.45 36.55 6.5
      vertex 8 39 6.5
      vertex 8 36.55 6.5
    endloop
  endfacet
  facet normal 1 -0 0
    outer loop
      vertex 10 37 5.5
      vertex 10 39 2
      vertex 10 39 5.5
    endloop
  endfacet
  facet normal 1 0 0
    outer loop
      vertex 10 39 2
      vertex 10 37 5.5
      vertex 10 37 2
    endloop
  endfacet
  facet normal 0 1 0
    outer loop
      vertex 10 39 5.5
      vertex 10.45 39 6.5
      vertex 10.45 39 5.5
    endloop
  endfacet
  facet normal 0 1 0
    outer loop
      vertex 10.45 39 6.5
      vertex 10 39 5.5
      vertex 8 39 6.5
    endloop
  endfacet
  facet normal 0 1 0
    outer loop
      vertex 8 39 2
      vertex 10 39 5.5
      vertex 10 39 2
    endloop
  endfacet
  facet normal 0 1 0
    outer loop
      vertex 10 39 5.5
      vertex 8 39 2
      vertex 8 39 6.5
    endloop
  endfacet
  facet normal 0 -1 0
    outer loop
      vertex 8 37 2
      vertex 10 37 5.5
      vertex 8 37 5.5
    endloop
  endfacet
  facet normal 0 -1 -0
    outer loop
      vertex 10 37 5.5
      vertex 8 37 2
      vertex 10 37 2
    endloop
  endfacet
  facet normal 1 -0 0
    outer loop
      vertex 10.45 36.55 6.5
      vertex 10.45 39 5.5
      vertex 10.45 39 6.5
    endloop
  endfacet
  facet normal 1 0 0
    outer loop
      vertex 10.45 39 5.5
      vertex 10.45 36.55 6.5
      vertex 10.45 36.55 5.5
    endloop
  endfacet
  facet normal 0 0 -1
    outer loop
      vertex 10.45 36.55 5.5
      vertex 10 37 5.5
      vertex 10.45 39 5.5
    endloop
  endfacet
  facet normal 0 0 -1
    outer loop
      vertex 8 36.55 5.5
      vertex 10 37 5.5
      vertex 10.45 36.55 5.5
    endloop
  endfacet
  facet normal -0 0 -1
    outer loop
      vertex 10 37 5.5
      vertex 8 36.55 5.5
      vertex 8 37 5.5
    endloop
  endfacet
  facet normal -0 0 -1
    outer loop
      vertex 10.45 39 5.5
      vertex 10 37 5.5
      vertex 10 39 5.5
    endloop
  endfacet
  facet normal 0 -1 0
    outer loop
      vertex 8 36.55 5.5
      vertex 10.45 36.55 6.5
      vertex 8 36.55 6.5
    endloop
  endfacet
  facet normal 0 -1 -0
    outer loop
      vertex 10.45 36.55 6.5
      vertex 8 36.55 5.5
      vertex 10.45 36.55 5.5
    endloop
  endfacet
  facet normal -1 0 0
    outer loop
      vertex 60 37 2
      vertex 60 39 5.5
      vertex 60 39 2
    endloop
  endfacet
  facet normal -1 -0 0
    outer loop
      vertex 60 39 5.5
      vertex 60 37 2
      vertex 60 37 5.5
    endloop
  endfacet
  facet normal -0 0 1
    outer loop
      vertex 59.55 39 6.5
      vertex 62 36.55 6.5
      vertex 62 39 6.5
    endloop
  endfacet
  facet normal 0 0 1
    outer loop
      vertex 62 36.55 6.5
      vertex 59.55 39 6.5
      vertex 59.55 36.55 6.5
    endloop
  endfacet
  facet normal 1 0 0
    outer loop
      vertex 62 39 6.5
      vertex 62 37 5.5
      vertex 62 39 2
    endloop
  endfacet
  facet normal 1 -0 0
    outer loop
      vertex 62 36.55 6.5
      vertex 62 37 5.5
      vertex 62 39 6.5
    endloop
  endfacet
  facet normal 1 0 0
    outer loop
      vertex 62 37 5.5
      vertex 62 36.55 6.5
      vertex 62 36.55 5.5
    endloop
  endfacet
  facet normal 1 0 0
    outer loop
      vertex 62 39 2
      vertex 62 37 5.5
      vertex 62 37 2
    endloop
  endfacet
  facet normal 0 -1 0
    outer loop
      vertex 60 37 2
      vertex 62 37 5.5
      vertex 60 37 5.5
    endloop
  endfacet
  facet normal 0 -1 -0
    outer loop
      vertex 62 37 5.5
      vertex 60 37 2
      vertex 62 37 2
    endloop
  endfacet
  facet normal 0 1 0
    outer loop
      vertex 62 39 6.5
      vertex 60 39 5.5
      vertex 59.55 39 6.5
    endloop
  endfacet
  facet normal 0 1 -0
    outer loop
      vertex 62 39 2
      vertex 60 39 5.5
      vertex 62 39 6.5
    endloop
  endfacet
  facet normal 0 1 0
    outer loop
      vertex 60 39 5.5
      vertex 62 39 2
      vertex 60 39 2
    endloop
  endfacet
  facet normal 0 1 0
    outer loop
      vertex 59.55 39 6.5
      vertex 60 39 5.5
      vertex 59.55 39 5.5
    endloop
  endfacet
  facet normal -1 0 0
    outer loop
      vertex 59.55 36.55 5.5
      vertex 59.55 39 6.5
      vertex 59.55 39 5.5
    endloop
  endfacet
  facet normal -1 -0 0
    outer loop
      vertex 59.55 39 6.5
      vertex 59.55 36.55 5.5
      vertex 59.55 36.55 6.5
    endloop
  endfacet
  facet normal 0 0 -1
    outer loop
      vertex 62 36.55 5.5
      vertex 60 37 5.5
      vertex 62 37 5.5
    endloop
  endfacet
  facet normal 0 0 -1
    outer loop
      vertex 59.55 36.55 5.5
      vertex 60 37 5.5
      vertex 62 36.55 5.5
    endloop
  endfacet
  facet normal 0 0 -1
    outer loop
      vertex 59.55 39 5.5
      vertex 60 37 5.5
      vertex 59.55 36.55 5.5
    endloop
  endfacet
  facet normal 0 0 -1
    outer loop
      vertex 60 37 5.5
      vertex 59.55 39 5.5
      vertex 60 39 5.5
    endloop
  endfacet
  facet normal 0 -1 0
    outer loop
      vertex 59.55 36.55 5.5
      vertex 62 36.55 6.5
      vertex 59.55 36.55 6.5
    endloop
  endfacet
  facet normal 0 -1 -0
    outer loop
      vertex 62 36.55 6.5
      vertex 59.55 36.55 5.5
      vertex 62 36.55 5.5
    endloop
  endfacet
  facet normal -1 0 0
    outer loop
      vertex 67 8 2
      vertex 67 6 2
      vertex 67 8 5.5
    endloop
  endfacet
  facet normal -1 0 0
    outer loop
      vertex 67 8 5.5
      vertex 67 8.45 6.5
      vertex 67 8.45 5.5
    endloop
  endfacet
  facet normal -1 0 0
    outer loop
      vertex 67 6 6.5
      vertex 67 8 5.5
      vertex 67 6 2
    endloop
  endfacet
  facet normal -1 0 0
    outer loop
      vertex 67 8 5.5
      vertex 67 6 6.5
      vertex 67 8.45 6.5
    endloop
  endfacet
  facet normal -0 0 1
    outer loop
      vertex 67 8.45 6.5
      vertex 69.45 6 6.5
      vertex 69.45 8.45 6.5
    endloop
  endfacet
  facet normal 0 0 1
    outer loop
      vertex 69.45 6 6.5
      vertex 67 8.45 6.5
      vertex 67 6 6.5
    endloop
  endfacet
  facet normal 1 -0 0
    outer loop
      vertex 69 6 5.5
      vertex 69 8 2
      vertex 69 8 5.5
    endloop
  endfacet
  facet normal 1 0 0
    outer loop
      vertex 69 8 2
      vertex 69 6 5.5
      vertex 69 6 2
    endloop
  endfacet
  facet normal 0 1 -0
    outer loop
      vertex 69 8 2
      vertex 67 8 5.5
      vertex 69 8 5.5
    endloop
  endfacet
  facet normal 0 1 0
    outer loop
      vertex 67 8 5.5
      vertex 69 8 2
      vertex 67 8 2
    endloop
  endfacet
  facet normal 0 -1 0
    outer loop
      vertex 67 6 6.5
      vertex 69 6 5.5
      vertex 69.45 6 6.5
    endloop
  endfacet
  facet normal 0 -1 0
    outer loop
      vertex 67 6 2
      vertex 69 6 5.5
      vertex 67 6 6.5
    endloop
  endfacet
  facet normal 0 -1 -0
    outer loop
      vertex 69 6 5.5
      vertex 67 6 2
      vertex 69 6 2
    endloop
  endfacet
  facet normal 0 -1 -0
    outer loop
      vertex 69.45 6 6.5
      vertex 69 6 5.5
      vertex 69.45 6 5.5
    endloop
  endfacet
  facet normal 1 -0 0
    outer loop
      vertex 69.45 6 6.5
      vertex 69.45 8.45 5.5
      vertex 69.45 8.45 6.5
    endloop
  endfacet
  facet normal 1 0 0
    outer loop
      vertex 69.45 8.45 5.5
      vertex 69.45 6 6.5
      vertex 69.45 6 5.5
    endloop
  endfacet
  facet normal 0 1 -0
    outer loop
      vertex 69.45 8.45 5.5
      vertex 67 8.45 6.5
      vertex 69.45 8.45 6.5
    endloop
  endfacet
  facet normal 0 1 0
    outer loop
      vertex 67 8.45 6.5
      vertex 69.45 8.45 5.5
      vertex 67 8.45 5.5
    endloop
  endfacet
  facet normal 0 0 -1
    outer loop
      vertex 69 8 5.5
      vertex 69.45 6 5.5
      vertex 69 6 5.5
    endloop
  endfacet
  facet normal 0 0 -1
    outer loop
      vertex 69.45 6 5.5
      vertex 69 8 5.5
      vertex 69.45 8.45 5.5
    endloop
  endfacet
  facet normal 0 0 -1
    outer loop
      vertex 67 8.45 5.5
      vertex 69 8 5.5
      vertex 67 8 5.5
    endloop
  endfacet
  facet normal 0 0 -1
    outer loop
      vertex 69 8 5.5
      vertex 67 8.45 5.5
      vertex 69.45 8.45 5.5
    endloop
  endfacet
  facet normal -1 0 0
    outer loop
      vertex 87 6 2
      vertex 87 8 5.5
      vertex 87 8 2
    endloop
  endfacet
  facet normal -1 -0 0
    outer loop
      vertex 87 8 5.5
      vertex 87 6 2
      vertex 87 6 5.5
    endloop
  endfacet
  facet normal -0 0 1
    outer loop
      vertex 86.55 8.45 6.5
      vertex 89 6 6.5
      vertex 89 8.45 6.5
    endloop
  endfacet
  facet normal 0 0 1
    outer loop
      vertex 89 6 6.5
      vertex 86.55 8.45 6.5
      vertex 86.55 6 6.5
    endloop
  endfacet
  facet normal 1 0 0
    outer loop
      vertex 89 8.45 6.5
      vertex 89 8 5.5
      vertex 89 8.45 5.5
    endloop
  endfacet
  facet normal 1 -0 0
    outer loop
      vertex 89 6 6.5
      vertex 89 8 5.5
      vertex 89 8.45 6.5
    endloop
  endfacet
  facet normal 1 0 0
    outer loop
      vertex 89 6 2
      vertex 89 8 5.5
      vertex 89 6 6.5
    endloop
  endfacet
  facet normal 1 0 0
    outer loop
      vertex 89 8 5.5
      vertex 89 6 2
      vertex 89 8 2
    endloop
  endfacet
  facet normal 0 -1 0
    outer loop
      vertex 87 6 5.5
      vertex 86.55 6 6.5
      vertex 86.55 6 5.5
    endloop
  endfacet
  facet normal 0 -1 0
    outer loop
      vertex 86.55 6 6.5
      vertex 87 6 5.5
      vertex 89 6 6.5
    endloop
  endfacet
  facet normal 0 -1 0
    outer loop
      vertex 89 6 2
      vertex 87 6 5.5
      vertex 87 6 2
    endloop
  endfacet
  facet normal 0 -1 0
    outer loop
      vertex 87 6 5.5
      vertex 89 6 2
      vertex 89 6 6.5
    endloop
  endfacet
  facet normal 0 1 -0
    outer loop
      vertex 89 8 2
      vertex 87 8 5.5
      vertex 89 8 5.5
    endloop
  endfacet
  facet normal 0 1 0
    outer loop
      vertex 87 8 5.5
      vertex 89 8 2
      vertex 87 8 2
    endloop
  endfacet
  facet normal -1 0 0
    outer loop
      vertex 86.55 6 5.5
      vertex 86.55 8.45 6.5
      vertex 86.55 8.45 5.5
    endloop
  endfacet
  facet normal -1 -0 0
    outer loop
      vertex 86.55 8.45 6.5
      vertex 86.55 6 5.5
      vertex 86.55 6 6.5
    endloop
  endfacet
  facet normal 0 1 -0
    outer loop
      vertex 89 8.45 5.5
      vertex 86.55 8.45 6.5
      vertex 89 8.45 6.5
    endloop
  endfacet
  facet normal 0 1 0
    outer loop
      vertex 86.55 8.45 6.5
      vertex 89 8.45 5.5
      vertex 86.55 8.45 5.5
    endloop
  endfacet
  facet normal 0 0 -1
    outer loop
      vertex 87 6 5.5
      vertex 86.55 6 5.5
      vertex 87 8 5.5
    endloop
  endfacet
  facet normal 0 0 -1
    outer loop
      vertex 87 8 5.5
      vertex 89 8.45 5.5
      vertex 89 8 5.5
    endloop
  endfacet
  facet normal 0 0 -1
    outer loop
      vertex 87 8 5.5
      vertex 86.55 8.45 5.5
      vertex 89 8.45 5.5
    endloop
  endfacet
  facet normal 0 0 -1
    outer loop
      vertex 86.55 8.45 5.5
      vertex 87 8 5.5
      vertex 86.55 6 5.5
    endloop
  endfacet
  facet normal -1 0 0
    outer loop
      vertex 67 40 5.5
      vertex 67 42 2
      vertex 67 40 2
    endloop
  endfacet
  facet normal -1 0 0
    outer loop
      vertex 67 42 2
      vertex 67 40 5.5
      vertex 67 42 6.5
    endloop
  endfacet
  facet normal -1 0 0
    outer loop
      vertex 67 39.55 6.5
      vertex 67 40 5.5
      vertex 67 39.55 5.5
    endloop
  endfacet
  facet normal -1 0 0
    outer loop
      vertex 67 40 5.5
      vertex 67 39.55 6.5
      vertex 67 42 6.5
    endloop
  endfacet
  facet normal -0 0 1
    outer loop
      vertex 67 42 6.5
      vertex 69.45 39.55 6.5
      vertex 69.45 42 6.5
    endloop
  endfacet
  facet normal 0 0 1
    outer loop
      vertex 69.45 39.55 6.5
      vertex 67 42 6.5
      vertex 67 39.55 6.5
    endloop
  endfacet
  facet normal 1 -0 0
    outer loop
      vertex 69 40 5.5
      vertex 69 42 2
      vertex 69 42 5.5
    endloop
  endfacet
  facet normal 1 0 0
    outer loop
      vertex 69 42 2
      vertex 69 40 5.5
      vertex 69 40 2
    endloop
  endfacet
  facet normal 0 -1 0
    outer loop
      vertex 67 40 2
      vertex 69 40 5.5
      vertex 67 40 5.5
    endloop
  endfacet
  facet normal 0 -1 -0
    outer loop
      vertex 69 40 5.5
      vertex 67 40 2
      vertex 69 40 2
    endloop
  endfacet
  facet normal 0 1 0
    outer loop
      vertex 69 42 5.5
      vertex 69.45 42 6.5
      vertex 69.45 42 5.5
    endloop
  endfacet
  facet normal 0 1 0
    outer loop
      vertex 69.45 42 6.5
      vertex 69 42 5.5
      vertex 67 42 6.5
    endloop
  endfacet
  facet normal 0 1 0
    outer loop
      vertex 67 42 2
      vertex 69 42 5.5
      vertex 69 42 2
    endloop
  endfacet
  facet normal 0 1 0
    outer loop
      vertex 69 42 5.5
      vertex 67 42 2
      vertex 67 42 6.5
    endloop
  endfacet
  facet normal 1 -0 0
    outer loop
      vertex 69.45 39.55 6.5
      vertex 69.45 42 5.5
      vertex 69.45 42 6.5
    endloop
  endfacet
  facet normal 1 0 0
    outer loop
      vertex 69.45 42 5.5
      vertex 69.45 39.55 6.5
      vertex 69.45 39.55 5.5
    endloop
  endfacet
  facet normal 0 0 -1
    outer loop
      vertex 69.45 39.55 5.5
      vertex 69 40 5.5
      vertex 69.45 42 5.5
    endloop
  endfacet
  facet normal 0 0 -1
    outer loop
      vertex 67 39.55 5.5
      vertex 69 40 5.5
      vertex 69.45 39.55 5.5
    endloop
  endfacet
  facet normal -0 0 -1
    outer loop
      vertex 69 40 5.5
      vertex 67 39.55 5.5
      vertex 67 40 5.5
    endloop
  endfacet
  facet normal -0 0 -1
    outer loop
      vertex 69.45 42 5.5
      vertex 69 40 5.5
      vertex 69 42 5.5
    endloop
  endfacet
  facet normal 0 -1 0
    outer loop
      vertex 67 39.55 5.5
      vertex 69.45 39.55 6.5
      vertex 67 39.55 6.5
    endloop
  endfacet
  facet normal 0 -1 -0
    outer loop
      vertex 69.45 39.55 6.5
      vertex 67 39.55 5.5
      vertex 69.45 39.55 5.5
    endloop
  endfacet
  facet normal -1 0 0
    outer loop
      vertex 87 40 2
      vertex 87 42 5.5
      vertex 87 42 2
    endloop
  endfacet
  facet normal -1 -0 0
    outer loop
      vertex 87 42 5.5
      vertex 87 40 2
      vertex 87 40 5.5
    endloop
  endfacet
  facet normal -0 0 1
    outer loop
      vertex 86.55 42 6.5
      vertex 89 39.55 6.5
      vertex 89 42 6.5
    endloop
  endfacet
  facet normal 0 0 1
    outer loop
      vertex 89 39.55 6.5
      vertex 86.55 42 6.5
      vertex 86.55 39.55 6.5
    endloop
  endfacet
  facet normal 1 0 0
    outer loop
      vertex 89 42 6.5
      vertex 89 40 5.5
      vertex 89 42 2
    endloop
  endfacet
  facet normal 1 -0 0
    outer loop
      vertex 89 39.55 6.5
      vertex 89 40 5.5
      vertex 89 42 6.5
    endloop
  endfacet
  facet normal 1 0 0
    outer loop
      vertex 89 40 5.5
      vertex 89 39.55 6.5
      vertex 89 39.55 5.5
    endloop
  endfacet
  facet normal 1 0 0
    outer loop
      vertex 89 42 2
      vertex 89 40 5.5
      vertex 89 40 2
    endloop
  endfacet
  facet normal 0 -1 0
    outer loop
      vertex 87 40 2
      vertex 89 40 5.5
      vertex 87 40 5.5
    endloop
  endfacet
  facet normal 0 -1 -0
    outer loop
      vertex 89 40 5.5
      vertex 87 40 2
      vertex 89 40 2
    endloop
  endfacet
  facet normal 0 1 0
    outer loop
      vertex 89 42 6.5
      vertex 87 42 5.5
      vertex 86.55 42 6.5
    endloop
  endfacet
  facet normal 0 1 -0
    outer loop
      vertex 89 42 2
      vertex 87 42 5.5
      vertex 89 42 6.5
    endloop
  endfacet
  facet normal 0 1 0
    outer loop
      vertex 87 42 5.5
      vertex 89 42 2
      vertex 87 42 2
    endloop
  endfacet
  facet normal 0 1 0
    outer loop
      vertex 86.55 42 6.5
      vertex 87 42 5.5
      vertex 86.55 42 5.5
    endloop
  endfacet
  facet normal -1 0 0
    outer loop
      vertex 86.55 39.55 5.5
      vertex 86.55 42 6.5
      vertex 86.55 42 5.5
    endloop
  endfacet
  facet normal -1 -0 0
    outer loop
      vertex 86.55 42 6.5
      vertex 86.55 39.55 5.5
      vertex 86.55 39.55 6.5
    endloop
  endfacet
  facet normal 0 0 -1
    outer loop
      vertex 89 39.55 5.5
      vertex 87 40 5.5
      vertex 89 40 5.5
    endloop
  endfacet
  facet normal 0 0 -1
    outer loop
      vertex 86.55 39.55 5.5
      vertex 87 40 5.5
      vertex 89 39.55 5.5
    endloop
  endfacet
  facet normal 0 0 -1
    outer loop
      vertex 86.55 42 5.5
      vertex 87 40 5.5
      vertex 86.55 39.55 5.5
    endloop
  endfacet
  facet normal 0 0 -1
    outer loop
      vertex 87 40 5.5
      vertex 86.55 42 5.5
      vertex 87 42 5.5
    endloop
  endfacet
  facet normal 0 -1 0
    outer loop
      vertex 86.55 39.55 5.5
      vertex 89 39.55 6.5
      vertex 86.55 39.55 6.5
    endloop
  endfacet
  facet normal 0 -1 -0
    outer loop
      vertex 89 39.55 6.5
      vertex 86.55 39.55 5.5
      vertex 89 39.55 5.5
    endloop
  endfacet
  facet normal 0 0 -1
    outer loop
      vertex 10.292 4.70918 0
      vertex 10.45 8 0
      vertex 10.45 4.7657 0
    endloop
  endfacet
  facet normal 0 0 -1
    outer loop
      vertex 10.1279 4.63155 0
      vertex 10.45 8 0
      vertex 10.292 4.70918 0
    endloop
  endfacet
  facet normal -0 0 -1
    outer loop
      vertex 10.45 8 0
      vertex 0 3 0
      vertex 10.45 38 0
    endloop
  endfacet
  facet normal 0 0 -1
    outer loop
      vertex 10.45 38 0
      vertex 10.292 41.2908 0
      vertex 10.45 41.2343 0
    endloop
  endfacet
  facet normal 0 0 -1
    outer loop
      vertex 9.97219 4.53822 0
      vertex 10.45 8 0
      vertex 10.1279 4.63155 0
    endloop
  endfacet
  facet normal 0 0 -1
    outer loop
      vertex 0 43 0
      vertex 10.45 38 0
      vertex 0 3 0
    endloop
  endfacet
  facet normal 0 0 -1
    outer loop
      vertex 9.82637 4.43007 0
      vertex 10.45 8 0
      vertex 9.97219 4.53822 0
    endloop
  endfacet
  facet normal -0 -0 -1
    outer loop
      vertex 9.46178 41.9722 0
      vertex 10.45 38 0
      vertex 0 43 0
    endloop
  endfacet
  facet normal 0 0 -1
    outer loop
      vertex 9.69185 4.30815 0
      vertex 10.45 8 0
      vertex 9.82637 4.43007 0
    endloop
  endfacet
  facet normal 0 0 -1
    outer loop
      vertex 10.45 38 0
      vertex 10.1279 41.3684 0
      vertex 10.292 41.2908 0
    endloop
  endfacet
  facet normal 0 0 -1
    outer loop
      vertex 9.56993 4.17363 0
      vertex 10.45 8 0
      vertex 9.69185 4.30815 0
    endloop
  endfacet
  facet normal 0 0 -1
    outer loop
      vertex 10.45 38 0
      vertex 9.97219 41.4618 0
      vertex 10.1279 41.3684 0
    endloop
  endfacet
  facet normal 0 0 -1
    outer loop
      vertex 9.46178 4.0278 0
      vertex 10.45 8 0
      vertex 9.56993 4.17363 0
    endloop
  endfacet
  facet normal 0 0 -1
    outer loop
      vertex 10.45 38 0
      vertex 9.82637 41.5699 0
      vertex 9.97219 41.4618 0
    endloop
  endfacet
  facet normal 0 0 -1
    outer loop
      vertex 10.45 8 0
      vertex 9.46178 4.0278 0
      vertex 0 3 0
    endloop
  endfacet
  facet normal 0 0 -1
    outer loop
      vertex 10.45 38 0
      vertex 9.69185 41.6919 0
      vertex 9.82637 41.5699 0
    endloop
  endfacet
  facet normal 0 0 -1
    outer loop
      vertex 0 3 0
      vertex 9.46178 4.0278 0
      vertex 9.36845 3.87208 0
    endloop
  endfacet
  facet normal 0 0 -1
    outer loop
      vertex 10.45 38 0
      vertex 9.56993 41.8264 0
      vertex 9.69185 41.6919 0
    endloop
  endfacet
  facet normal 0 0 -1
    outer loop
      vertex 0 3 0
      vertex 9.36845 3.87208 0
      vertex 9.29082 3.70796 0
    endloop
  endfacet
  facet normal 0 0 -1
    outer loop
      vertex 10.45 38 0
      vertex 9.46178 41.9722 0
      vertex 9.56993 41.8264 0
    endloop
  endfacet
  facet normal 0 0 -1
    outer loop
      vertex 0 3 0
      vertex 9.29082 3.70796 0
      vertex 9.22966 3.53703 0
    endloop
  endfacet
  facet normal 0 0 -1
    outer loop
      vertex 9.46178 41.9722 0
      vertex 0 43 0
      vertex 9.36845 42.1279 0
    endloop
  endfacet
  facet normal 0 0 -1
    outer loop
      vertex 0 3 0
      vertex 9.22966 3.53703 0
      vertex 9.18555 3.36092 0
    endloop
  endfacet
  facet normal 0 0 -1
    outer loop
      vertex 9.36845 42.1279 0
      vertex 0 43 0
      vertex 9.29082 42.292 0
    endloop
  endfacet
  facet normal 0 0 -1
    outer loop
      vertex 3 0 0
      vertex 9.18555 3.36092 0
      vertex 9.15891 3.18133 0
    endloop
  endfacet
  facet normal 0 0 -1
    outer loop
      vertex 9.29082 42.292 0
      vertex 0 43 0
      vertex 9.22966 42.463 0
    endloop
  endfacet
  facet normal 0 0 -1
    outer loop
      vertex 3 0 0
      vertex 9.15891 3.18133 0
      vertex 9.15 3 0
    endloop
  endfacet
  facet normal 0 0 -1
    outer loop
      vertex 9.22966 42.463 0
      vertex 0 43 0
      vertex 9.18555 42.6391 0
    endloop
  endfacet
  facet normal 0 0 -1
    outer loop
      vertex 10.45 8 0
      vertex 11.55 38 0
      vertex 11.55 8 0
    endloop
  endfacet
  facet normal -0 0 -1
    outer loop
      vertex 11.55 38 0
      vertex 10.45 8 0
      vertex 10.45 38 0
    endloop
  endfacet
  facet normal 0 0 -1
    outer loop
      vertex 12.7703 3.53703 0
      vertex 31 18 0
      vertex 12.8145 3.36092 0
    endloop
  endfacet
  facet normal 0 0 -1
    outer loop
      vertex 31 28 0
      vertex 12.8411 42.8187 0
      vertex 12.85 43 0
    endloop
  endfacet
  facet normal 0 0 -1
    outer loop
      vertex 12.7092 3.70796 0
      vertex 31 18 0
      vertex 12.7703 3.53703 0
    endloop
  endfacet
  facet normal 0 0 -1
    outer loop
      vertex 31 28 0
      vertex 12.8145 42.6391 0
      vertex 12.8411 42.8187 0
    endloop
  endfacet
  facet normal 0 0 -1
    outer loop
      vertex 11.55 8 0
      vertex 31 18 0
      vertex 12.7092 3.70796 0
    endloop
  endfacet
  facet normal 0 0 -1
    outer loop
      vertex 31 28 0
      vertex 12.7703 42.463 0
      vertex 12.8145 42.6391 0
    endloop
  endfacet
  facet normal -0 0 -1
    outer loop
      vertex 31 18 0
      vertex 11.55 8 0
      vertex 31 28 0
    endloop
  endfacet
  facet normal 0 0 -1
    outer loop
      vertex 11.55 38 0
      vertex 31 28 0
      vertex 11.55 8 0
    endloop
  endfacet
  facet normal 0 0 -1
    outer loop
      vertex 11.55 8 0
      vertex 12.7092 3.70796 0
      vertex 12.6316 3.87208 0
    endloop
  endfacet
  facet normal 0 -0 -1
    outer loop
      vertex 12.7092 42.292 0
      vertex 31 28 0
      vertex 11.55 38 0
    endloop
  endfacet
  facet normal 0 0 -1
    outer loop
      vertex 11.55 8 0
      vertex 12.6316 3.87208 0
      vertex 12.5382 4.0278 0
    endloop
  endfacet
  facet normal 0 0 -1
    outer loop
      vertex 31 28 0
      vertex 12.7092 42.292 0
      vertex 12.7703 42.463 0
    endloop
  endfacet
  facet normal 0 0 -1
    outer loop
      vertex 11.55 8 0
      vertex 12.5382 4.0278 0
      vertex 12.4301 4.17363 0
    endloop
  endfacet
  facet normal 0 0 -1
    outer loop
      vertex 12.7092 42.292 0
      vertex 11.55 38 0
      vertex 12.6316 42.1279 0
    endloop
  endfacet
  facet normal 0 0 -1
    outer loop
      vertex 11.55 8 0
      vertex 12.4301 4.17363 0
      vertex 12.3081 4.30815 0
    endloop
  endfacet
  facet normal 0 0 -1
    outer loop
      vertex 12.6316 42.1279 0
      vertex 11.55 38 0
      vertex 12.5382 41.9722 0
    endloop
  endfacet
  facet normal 0 0 -1
    outer loop
      vertex 11.55 8 0
      vertex 12.3081 4.30815 0
      vertex 12.1736 4.43007 0
    endloop
  endfacet
  facet normal 0 0 -1
    outer loop
      vertex 12.5382 41.9722 0
      vertex 11.55 38 0
      vertex 12.4301 41.8264 0
    endloop
  endfacet
  facet normal 0 0 -1
    outer loop
      vertex 11.55 8 0
      vertex 12.1736 4.43007 0
      vertex 12.0278 4.53822 0
    endloop
  endfacet
  facet normal 0 0 -1
    outer loop
      vertex 12.4301 41.8264 0
      vertex 11.55 38 0
      vertex 12.3081 41.6919 0
    endloop
  endfacet
  facet normal 0 0 -1
    outer loop
      vertex 11.55 8 0
      vertex 12.0278 4.53822 0
      vertex 11.8721 4.63155 0
    endloop
  endfacet
  facet normal 0 0 -1
    outer loop
      vertex 12.3081 41.6919 0
      vertex 11.55 38 0
      vertex 12.1736 41.5699 0
    endloop
  endfacet
  facet normal 0 0 -1
    outer loop
      vertex 11.55 8 0
      vertex 11.8721 4.63155 0
      vertex 11.708 4.70918 0
    endloop
  endfacet
  facet normal 0 0 -1
    outer loop
      vertex 12.1736 41.5699 0
      vertex 11.55 38 0
      vertex 12.0278 41.4618 0
    endloop
  endfacet
  facet normal 0 0 -1
    outer loop
      vertex 11.55 8 0
      vertex 11.708 4.70918 0
      vertex 11.55 4.7657 0
    endloop
  endfacet
  facet normal 0 0 -1
    outer loop
      vertex 12.0278 41.4618 0
      vertex 11.55 38 0
      vertex 11.8721 41.3684 0
    endloop
  endfacet
  facet normal 0 0 -1
    outer loop
      vertex 11.8721 41.3684 0
      vertex 11.55 38 0
      vertex 11.708 41.2908 0
    endloop
  endfacet
  facet normal 0 0 -1
    outer loop
      vertex 11.708 41.2908 0
      vertex 11.55 38 0
      vertex 11.55 41.2343 0
    endloop
  endfacet
  facet normal -0 0 -1
    outer loop
      vertex 80.45 4.7657 0
      vertex 80.292 4.70918 0
      vertex 80.45 8 0
    endloop
  endfacet
  facet normal 0 0 -1
    outer loop
      vertex 82.7703 3.53703 0
      vertex 92 3 0
      vertex 82.8145 3.36092 0
    endloop
  endfacet
  facet normal -0 0 -1
    outer loop
      vertex 92 43 0
      vertex 82.8411 42.8187 0
      vertex 82.85 43 0
    endloop
  endfacet
  facet normal 0 0 -1
    outer loop
      vertex 92 3 0
      vertex 82 18 0
      vertex 92 43 0
    endloop
  endfacet
  facet normal 0 0 -1
    outer loop
      vertex 82 30 0
      vertex 92 43 0
      vertex 82 18 0
    endloop
  endfacet
  facet normal 0 0 -1
    outer loop
      vertex 82.7092 3.70796 0
      vertex 92 3 0
      vertex 82.7703 3.53703 0
    endloop
  endfacet
  facet normal 0 0 -1
    outer loop
      vertex 81.55 38 0
      vertex 92 43 0
      vertex 82 30 0
    endloop
  endfacet
  facet normal 0 0 -1
    outer loop
      vertex 82.6316 3.87208 0
      vertex 92 3 0
      vertex 82.7092 3.70796 0
    endloop
  endfacet
  facet normal 0 0 -1
    outer loop
      vertex 92 43 0
      vertex 82.8145 42.6391 0
      vertex 82.8411 42.8187 0
    endloop
  endfacet
  facet normal 0 0 -1
    outer loop
      vertex 82.5382 4.0278 0
      vertex 92 3 0
      vertex 82.6316 3.87208 0
    endloop
  endfacet
  facet normal 0 0 -1
    outer loop
      vertex 92 43 0
      vertex 82.7703 42.463 0
      vertex 82.8145 42.6391 0
    endloop
  endfacet
  facet normal 0 0 -1
    outer loop
      vertex 92 3 0
      vertex 82.5382 4.0278 0
      vertex 81.55 8 0
    endloop
  endfacet
  facet normal 0 0 -1
    outer loop
      vertex 92 43 0
      vertex 82.7092 42.292 0
      vertex 82.7703 42.463 0
    endloop
  endfacet
  facet normal 0 0 -1
    outer loop
      vertex 81.55 8 0
      vertex 82.5382 4.0278 0
      vertex 82.4301 4.17363 0
    endloop
  endfacet
  facet normal 0 -0 -1
    outer loop
      vertex 82.5382 41.9722 0
      vertex 92 43 0
      vertex 81.55 38 0
    endloop
  endfacet
  facet normal 0 0 -1
    outer loop
      vertex 81.55 8 0
      vertex 82.4301 4.17363 0
      vertex 82.3082 4.30815 0
    endloop
  endfacet
  facet normal 0 0 -1
    outer loop
      vertex 92 43 0
      vertex 82.6316 42.1279 0
      vertex 82.7092 42.292 0
    endloop
  endfacet
  facet normal 0 0 -1
    outer loop
      vertex 81.55 8 0
      vertex 82.3082 4.30815 0
      vertex 82.1736 4.43007 0
    endloop
  endfacet
  facet normal 0 0 -1
    outer loop
      vertex 92 43 0
      vertex 82.5382 41.9722 0
      vertex 82.6316 42.1279 0
    endloop
  endfacet
  facet normal 0 0 -1
    outer loop
      vertex 81.55 8 0
      vertex 82.1736 4.43007 0
      vertex 82.0278 4.53822 0
    endloop
  endfacet
  facet normal 0 0 -1
    outer loop
      vertex 82.5382 41.9722 0
      vertex 81.55 38 0
      vertex 82.4301 41.8264 0
    endloop
  endfacet
  facet normal 0 0 -1
    outer loop
      vertex 82.4301 41.8264 0
      vertex 81.55 38 0
      vertex 82.3082 41.6919 0
    endloop
  endfacet
  facet normal 0 0 -1
    outer loop
      vertex 81.55 8 0
      vertex 82.0278 4.53822 0
      vertex 81.8721 4.63155 0
    endloop
  endfacet
  facet normal 0 0 -1
    outer loop
      vertex 81.55 8 0
      vertex 81.8721 4.63155 0
      vertex 81.708 4.70918 0
    endloop
  endfacet
  facet normal 0 0 -1
    outer loop
      vertex 81.55 8 0
      vertex 81.708 4.70918 0
      vertex 81.55 4.7657 0
    endloop
  endfacet
  facet normal 0 0 -1
    outer loop
      vertex 92 3 0
      vertex 81.55 8 0
      vertex 82 18 0
    endloop
  endfacet
  facet normal 0 0 -1
    outer loop
      vertex 80.45 8 0
      vertex 82 18 0
      vertex 81.55 8 0
    endloop
  endfacet
  facet normal 0 0 -1
    outer loop
      vertex 80.1279 4.63155 0
      vertex 80.45 8 0
      vertex 80.292 4.70918 0
    endloop
  endfacet
  facet normal 0 0 -1
    outer loop
      vertex 79.9722 4.53822 0
      vertex 80.45 8 0
      vertex 80.1279 4.63155 0
    endloop
  endfacet
  facet normal 0 0 -1
    outer loop
      vertex 79.8264 4.43007 0
      vertex 80.45 8 0
      vertex 79.9722 4.53822 0
    endloop
  endfacet
  facet normal 0 0 -1
    outer loop
      vertex 79.6918 4.30815 0
      vertex 80.45 8 0
      vertex 79.8264 4.43007 0
    endloop
  endfacet
  facet normal 0 0 -1
    outer loop
      vertex 79.5699 4.17363 0
      vertex 80.45 8 0
      vertex 79.6918 4.30815 0
    endloop
  endfacet
  facet normal 0 0 -1
    outer loop
      vertex 79.4618 4.0278 0
      vertex 80.45 8 0
      vertex 79.5699 4.17363 0
    endloop
  endfacet
  facet normal 0 0 -1
    outer loop
      vertex 79.3684 3.87208 0
      vertex 80.45 8 0
      vertex 79.4618 4.0278 0
    endloop
  endfacet
  facet normal -0 0 -1
    outer loop
      vertex 80.45 8 0
      vertex 79.3684 3.87208 0
      vertex 72 18 0
    endloop
  endfacet
  facet normal 0 0 -1
    outer loop
      vertex 72 18 0
      vertex 79.3684 3.87208 0
      vertex 79.2908 3.70796 0
    endloop
  endfacet
  facet normal 0 0 -1
    outer loop
      vertex 72 18 0
      vertex 79.2908 3.70796 0
      vertex 79.2297 3.53703 0
    endloop
  endfacet
  facet normal 0 0 -1
    outer loop
      vertex 72 18 0
      vertex 79.2297 3.53703 0
      vertex 79.1855 3.36092 0
    endloop
  endfacet
  facet normal 0 0 -1
    outer loop
      vertex 80.45 8 0
      vertex 72 18 0
      vertex 82 18 0
    endloop
  endfacet
  facet normal 0 0 -1
    outer loop
      vertex 79.1589 3.18133 0
      vertex 72 18 0
      vertex 79.1855 3.36092 0
    endloop
  endfacet
  facet normal 0 0 -1
    outer loop
      vertex 72 18 0
      vertex 79.1589 3.18133 0
      vertex 79.15 3 0
    endloop
  endfacet
  facet normal 0 0 -1
    outer loop
      vertex 89 0 0
      vertex 92 3 0
      vertex 91.9855 2.70595 0
    endloop
  endfacet
  facet normal 0 0 -1
    outer loop
      vertex 82.8145 3.36092 0
      vertex 89 0 0
      vertex 82.8411 3.18133 0
    endloop
  endfacet
  facet normal 0 0 -1
    outer loop
      vertex 89 0 0
      vertex 91.9855 2.70595 0
      vertex 91.9424 2.41472 0
    endloop
  endfacet
  facet normal 0 0 -1
    outer loop
      vertex 89 0 0
      vertex 82.8145 3.36092 0
      vertex 92 3 0
    endloop
  endfacet
  facet normal 0 0 -1
    outer loop
      vertex 89 0 0
      vertex 91.9424 2.41472 0
      vertex 91.8708 2.12914 0
    endloop
  endfacet
  facet normal 0 -0 -1
    outer loop
      vertex 89 46 0
      vertex 92 43 0
      vertex 82.85 43 0
    endloop
  endfacet
  facet normal 0 0 -1
    outer loop
      vertex 89 0 0
      vertex 91.8708 2.12914 0
      vertex 91.7716 1.85194 0
    endloop
  endfacet
  facet normal 0 0 -1
    outer loop
      vertex 92 43 0
      vertex 89 46 0
      vertex 91.9855 43.294 0
    endloop
  endfacet
  facet normal 0 0 -1
    outer loop
      vertex 89 0 0
      vertex 91.7716 1.85194 0
      vertex 91.6458 1.5858 0
    endloop
  endfacet
  facet normal 0 0 -1
    outer loop
      vertex 91.9855 43.294 0
      vertex 89 46 0
      vertex 91.9424 43.5853 0
    endloop
  endfacet
  facet normal 0 0 -1
    outer loop
      vertex 89 0 0
      vertex 91.6458 1.5858 0
      vertex 91.4944 1.33328 0
    endloop
  endfacet
  facet normal 0 0 -1
    outer loop
      vertex 91.9424 43.5853 0
      vertex 89 46 0
      vertex 91.8708 43.8708 0
    endloop
  endfacet
  facet normal 0 0 -1
    outer loop
      vertex 89 0 0
      vertex 91.4944 1.33328 0
      vertex 91.319 1.09682 0
    endloop
  endfacet
  facet normal 0 0 -1
    outer loop
      vertex 91.8708 43.8708 0
      vertex 89 46 0
      vertex 91.7716 44.148 0
    endloop
  endfacet
  facet normal 0 0 -1
    outer loop
      vertex 89 0 0
      vertex 91.319 1.09682 0
      vertex 91.1213 0.878677 0
    endloop
  endfacet
  facet normal 0 0 -1
    outer loop
      vertex 91.7716 44.148 0
      vertex 89 46 0
      vertex 91.6458 44.4142 0
    endloop
  endfacet
  facet normal 0 0 -1
    outer loop
      vertex 89 0 0
      vertex 91.1213 0.878677 0
      vertex 90.9032 0.680954 0
    endloop
  endfacet
  facet normal 0 0 -1
    outer loop
      vertex 91.6458 44.4142 0
      vertex 89 46 0
      vertex 91.4944 44.6667 0
    endloop
  endfacet
  facet normal 0 0 -1
    outer loop
      vertex 89 0 0
      vertex 90.9032 0.680954 0
      vertex 90.6667 0.505585 0
    endloop
  endfacet
  facet normal 0 0 -1
    outer loop
      vertex 91.4944 44.6667 0
      vertex 89 46 0
      vertex 91.319 44.9032 0
    endloop
  endfacet
  facet normal 0 0 -1
    outer loop
      vertex 89 0 0
      vertex 90.6667 0.505585 0
      vertex 90.4142 0.354233 0
    endloop
  endfacet
  facet normal 0 0 -1
    outer loop
      vertex 91.319 44.9032 0
      vertex 89 46 0
      vertex 91.1213 45.1213 0
    endloop
  endfacet
  facet normal 0 0 -1
    outer loop
      vertex 89 0 0
      vertex 90.4142 0.354233 0
      vertex 90.148 0.228348 0
    endloop
  endfacet
  facet normal 0 0 -1
    outer loop
      vertex 91.1213 45.1213 0
      vertex 89 46 0
      vertex 90.9032 45.319 0
    endloop
  endfacet
  facet normal 0 0 -1
    outer loop
      vertex 89 0 0
      vertex 90.148 0.228348 0
      vertex 89.8708 0.129166 0
    endloop
  endfacet
  facet normal 0 0 -1
    outer loop
      vertex 90.9032 45.319 0
      vertex 89 46 0
      vertex 90.6667 45.4944 0
    endloop
  endfacet
  facet normal 0 0 -1
    outer loop
      vertex 89 0 0
      vertex 89.8708 0.129166 0
      vertex 89.5853 0.0576324 0
    endloop
  endfacet
  facet normal 0 0 -1
    outer loop
      vertex 90.6667 45.4944 0
      vertex 89 46 0
      vertex 90.4142 45.6458 0
    endloop
  endfacet
  facet normal 0 0 -1
    outer loop
      vertex 89 0 0
      vertex 89.5853 0.0576324 0
      vertex 89.294 0.0144348 0
    endloop
  endfacet
  facet normal 0 0 -1
    outer loop
      vertex 90.4142 45.6458 0
      vertex 89 46 0
      vertex 90.148 45.7716 0
    endloop
  endfacet
  facet normal 0 0 -1
    outer loop
      vertex 82.8411 3.18133 0
      vertex 89 0 0
      vertex 82.85 3 0
    endloop
  endfacet
  facet normal 0 0 -1
    outer loop
      vertex 90.148 45.7716 0
      vertex 89 46 0
      vertex 89.8708 45.8708 0
    endloop
  endfacet
  facet normal 0 0 -1
    outer loop
      vertex 89.8708 45.8708 0
      vertex 89 46 0
      vertex 89.5853 45.9424 0
    endloop
  endfacet
  facet normal 0 0 -1
    outer loop
      vertex 89 0 0
      vertex 82.8411 2.81867 0
      vertex 82.85 3 0
    endloop
  endfacet
  facet normal 0 0 -1
    outer loop
      vertex 89 0 0
      vertex 82.8145 2.63908 0
      vertex 82.8411 2.81867 0
    endloop
  endfacet
  facet normal 0 0 -1
    outer loop
      vertex 89 0 0
      vertex 82.7703 2.46297 0
      vertex 82.8145 2.63908 0
    endloop
  endfacet
  facet normal 0 0 -1
    outer loop
      vertex 89 0 0
      vertex 82.7092 2.29204 0
      vertex 82.7703 2.46297 0
    endloop
  endfacet
  facet normal 0 0 -1
    outer loop
      vertex 89 0 0
      vertex 82.6316 2.12792 0
      vertex 82.7092 2.29204 0
    endloop
  endfacet
  facet normal 0 0 -1
    outer loop
      vertex 89 0 0
      vertex 82.5382 1.97219 0
      vertex 82.6316 2.12792 0
    endloop
  endfacet
  facet normal 0 0 -1
    outer loop
      vertex 89 0 0
      vertex 82.4301 1.82637 0
      vertex 82.5382 1.97219 0
    endloop
  endfacet
  facet normal 0 0 -1
    outer loop
      vertex 89 0 0
      vertex 82.3082 1.69185 0
      vertex 82.4301 1.82637 0
    endloop
  endfacet
  facet normal 0 0 -1
    outer loop
      vertex 89 0 0
      vertex 82.1736 1.56993 0
      vertex 82.3082 1.69185 0
    endloop
  endfacet
  facet normal 0 0 -1
    outer loop
      vertex 89 0 0
      vertex 82.0278 1.46178 0
      vertex 82.1736 1.56993 0
    endloop
  endfacet
  facet normal 0 0 -1
    outer loop
      vertex 89 0 0
      vertex 81.8721 1.36845 0
      vertex 82.0278 1.46178 0
    endloop
  endfacet
  facet normal 0 0 -1
    outer loop
      vertex 89 0 0
      vertex 81.708 1.29082 0
      vertex 81.8721 1.36845 0
    endloop
  endfacet
  facet normal 0 0 -1
    outer loop
      vertex 89 0 0
      vertex 81.537 1.22966 0
      vertex 81.708 1.29082 0
    endloop
  endfacet
  facet normal 0 0 -1
    outer loop
      vertex 89 0 0
      vertex 81.3609 1.18555 0
      vertex 81.537 1.22966 0
    endloop
  endfacet
  facet normal 0 0 -1
    outer loop
      vertex 89 0 0
      vertex 81.1813 1.15891 0
      vertex 81.3609 1.18555 0
    endloop
  endfacet
  facet normal 0 0 -1
    outer loop
      vertex 89 0 0
      vertex 81 1.15 0
      vertex 81.1813 1.15891 0
    endloop
  endfacet
  facet normal 0 0 -1
    outer loop
      vertex 89 0 0
      vertex 80.8187 1.15891 0
      vertex 81 1.15 0
    endloop
  endfacet
  facet normal 0 0 -1
    outer loop
      vertex 79.1589 2.81867 0
      vertex 72 18 0
      vertex 79.15 3 0
    endloop
  endfacet
  facet normal 0 0 -1
    outer loop
      vertex 41 18 0
      vertex 79.1589 2.81867 0
      vertex 79.1855 2.63908 0
    endloop
  endfacet
  facet normal 0 0 -1
    outer loop
      vertex 41 18 0
      vertex 79.1855 2.63908 0
      vertex 79.2297 2.46297 0
    endloop
  endfacet
  facet normal 0 0 -1
    outer loop
      vertex 41 18 0
      vertex 79.2297 2.46297 0
      vertex 79.2908 2.29204 0
    endloop
  endfacet
  facet normal 0 0 -1
    outer loop
      vertex 41 28 0
      vertex 72 18 0
      vertex 41 18 0
    endloop
  endfacet
  facet normal 0 0 -1
    outer loop
      vertex 79.1589 2.81867 0
      vertex 41 18 0
      vertex 72 18 0
    endloop
  endfacet
  facet normal 0 0 -1
    outer loop
      vertex 79.3684 2.12792 0
      vertex 41 18 0
      vertex 79.2908 2.29204 0
    endloop
  endfacet
  facet normal 0 0 -1
    outer loop
      vertex 79.4618 1.97219 0
      vertex 41 18 0
      vertex 79.3684 2.12792 0
    endloop
  endfacet
  facet normal 0 0 -1
    outer loop
      vertex 79.5699 1.82637 0
      vertex 41 18 0
      vertex 79.4618 1.97219 0
    endloop
  endfacet
  facet normal 0 0 -1
    outer loop
      vertex 12.4301 1.82637 0
      vertex 79.5699 1.82637 0
      vertex 79.6918 1.69185 0
    endloop
  endfacet
  facet normal 0 0 -1
    outer loop
      vertex 12.3081 1.69185 0
      vertex 79.6918 1.69185 0
      vertex 79.8264 1.56993 0
    endloop
  endfacet
  facet normal 0 0 -1
    outer loop
      vertex 12.1736 1.56993 0
      vertex 79.8264 1.56993 0
      vertex 79.9722 1.46178 0
    endloop
  endfacet
  facet normal 0 0 -1
    outer loop
      vertex 12.0278 1.46178 0
      vertex 79.9722 1.46178 0
      vertex 80.1279 1.36845 0
    endloop
  endfacet
  facet normal 0 0 -1
    outer loop
      vertex 11.8721 1.36845 0
      vertex 80.1279 1.36845 0
      vertex 80.292 1.29082 0
    endloop
  endfacet
  facet normal 0 0 -1
    outer loop
      vertex 79.5699 1.82637 0
      vertex 12.4301 1.82637 0
      vertex 41 18 0
    endloop
  endfacet
  facet normal 0 0 -1
    outer loop
      vertex 11.708 1.29082 0
      vertex 80.292 1.29082 0
      vertex 80.463 1.22966 0
    endloop
  endfacet
  facet normal 0 0 -1
    outer loop
      vertex 12.8411 3.18133 0
      vertex 31 18 0
      vertex 12.85 3 0
    endloop
  endfacet
  facet normal 0 -0 -1
    outer loop
      vertex 12.7092 2.29204 0
      vertex 41 18 0
      vertex 12.6316 2.12792 0
    endloop
  endfacet
  facet normal 0 0 -1
    outer loop
      vertex 11.537 1.22966 0
      vertex 80.463 1.22966 0
      vertex 80.6391 1.18555 0
    endloop
  endfacet
  facet normal 0 0 -1
    outer loop
      vertex 11.3609 1.18555 0
      vertex 80.6391 1.18555 0
      vertex 80.8187 1.15891 0
    endloop
  endfacet
  facet normal 0 0 -1
    outer loop
      vertex 11.1813 1.15891 0
      vertex 80.8187 1.15891 0
      vertex 89 0 0
    endloop
  endfacet
  facet normal 0 0 -1
    outer loop
      vertex 31 18 0
      vertex 12.8411 2.81867 0
      vertex 12.85 3 0
    endloop
  endfacet
  facet normal 0 0 -1
    outer loop
      vertex 31 18 0
      vertex 12.8145 2.63908 0
      vertex 12.8411 2.81867 0
    endloop
  endfacet
  facet normal 0 0 -1
    outer loop
      vertex 31 18 0
      vertex 12.7703 2.46297 0
      vertex 12.8145 2.63908 0
    endloop
  endfacet
  facet normal 0 0 -1
    outer loop
      vertex 31 18 0
      vertex 12.7092 2.29204 0
      vertex 12.7703 2.46297 0
    endloop
  endfacet
  facet normal -0 0 -1
    outer loop
      vertex 41 18 0
      vertex 12.7092 2.29204 0
      vertex 31 18 0
    endloop
  endfacet
  facet normal 0 0 -1
    outer loop
      vertex 41 18 0
      vertex 12.5382 1.97219 0
      vertex 12.6316 2.12792 0
    endloop
  endfacet
  facet normal 0 0 -1
    outer loop
      vertex 41 18 0
      vertex 12.4301 1.82637 0
      vertex 12.5382 1.97219 0
    endloop
  endfacet
  facet normal 0 0 -1
    outer loop
      vertex 79.6918 1.69185 0
      vertex 12.3081 1.69185 0
      vertex 12.4301 1.82637 0
    endloop
  endfacet
  facet normal 0 0 -1
    outer loop
      vertex 79.8264 1.56993 0
      vertex 12.1736 1.56993 0
      vertex 12.3081 1.69185 0
    endloop
  endfacet
  facet normal 0 0 -1
    outer loop
      vertex 79.9722 1.46178 0
      vertex 12.0278 1.46178 0
      vertex 12.1736 1.56993 0
    endloop
  endfacet
  facet normal 0 0 -1
    outer loop
      vertex 80.1279 1.36845 0
      vertex 11.8721 1.36845 0
      vertex 12.0278 1.46178 0
    endloop
  endfacet
  facet normal 0 0 -1
    outer loop
      vertex 80.292 1.29082 0
      vertex 11.708 1.29082 0
      vertex 11.8721 1.36845 0
    endloop
  endfacet
  facet normal 0 0 -1
    outer loop
      vertex 80.463 1.22966 0
      vertex 11.537 1.22966 0
      vertex 11.708 1.29082 0
    endloop
  endfacet
  facet normal 0 0 -1
    outer loop
      vertex 80.6391 1.18555 0
      vertex 11.3609 1.18555 0
      vertex 11.537 1.22966 0
    endloop
  endfacet
  facet normal 0 0 -1
    outer loop
      vertex 80.8187 1.15891 0
      vertex 11.1813 1.15891 0
      vertex 11.3609 1.18555 0
    endloop
  endfacet
  facet normal 0 0 -1
    outer loop
      vertex 3 0 0
      vertex 11.1813 1.15891 0
      vertex 89 0 0
    endloop
  endfacet
  facet normal 0 0 -1
    outer loop
      vertex 9.18555 3.36092 0
      vertex 3 0 0
      vertex 0 3 0
    endloop
  endfacet
  facet normal -0 0 -1
    outer loop
      vertex 9.15891 2.81867 0
      vertex 3 0 0
      vertex 9.15 3 0
    endloop
  endfacet
  facet normal -0 0 -1
    outer loop
      vertex 9.18555 2.63908 0
      vertex 3 0 0
      vertex 9.15891 2.81867 0
    endloop
  endfacet
  facet normal -0 0 -1
    outer loop
      vertex 9.22966 2.46297 0
      vertex 3 0 0
      vertex 9.18555 2.63908 0
    endloop
  endfacet
  facet normal -0 0 -1
    outer loop
      vertex 9.29082 2.29204 0
      vertex 3 0 0
      vertex 9.22966 2.46297 0
    endloop
  endfacet
  facet normal -0 0 -1
    outer loop
      vertex 9.36845 2.12792 0
      vertex 3 0 0
      vertex 9.29082 2.29204 0
    endloop
  endfacet
  facet normal -0 0 -1
    outer loop
      vertex 9.46178 1.97219 0
      vertex 3 0 0
      vertex 9.36845 2.12792 0
    endloop
  endfacet
  facet normal -0 0 -1
    outer loop
      vertex 9.56993 1.82637 0
      vertex 3 0 0
      vertex 9.46178 1.97219 0
    endloop
  endfacet
  facet normal -0 0 -1
    outer loop
      vertex 9.69185 1.69185 0
      vertex 3 0 0
      vertex 9.56993 1.82637 0
    endloop
  endfacet
  facet normal -0 0 -1
    outer loop
      vertex 9.82637 1.56993 0
      vertex 3 0 0
      vertex 9.69185 1.69185 0
    endloop
  endfacet
  facet normal -0 0 -1
    outer loop
      vertex 9.97219 1.46178 0
      vertex 3 0 0
      vertex 9.82637 1.56993 0
    endloop
  endfacet
  facet normal -0 0 -1
    outer loop
      vertex 10.1279 1.36845 0
      vertex 3 0 0
      vertex 9.97219 1.46178 0
    endloop
  endfacet
  facet normal -0 0 -1
    outer loop
      vertex 10.292 1.29082 0
      vertex 3 0 0
      vertex 10.1279 1.36845 0
    endloop
  endfacet
  facet normal -0 0 -1
    outer loop
      vertex 10.463 1.22966 0
      vertex 3 0 0
      vertex 10.292 1.29082 0
    endloop
  endfacet
  facet normal -0 0 -1
    outer loop
      vertex 10.6391 1.18555 0
      vertex 3 0 0
      vertex 10.463 1.22966 0
    endloop
  endfacet
  facet normal -0 0 -1
    outer loop
      vertex 10.8187 1.15891 0
      vertex 3 0 0
      vertex 10.6391 1.18555 0
    endloop
  endfacet
  facet normal -0 0 -1
    outer loop
      vertex 11 1.15 0
      vertex 3 0 0
      vertex 10.8187 1.15891 0
    endloop
  endfacet
  facet normal 0 0 -1
    outer loop
      vertex 11.1813 1.15891 0
      vertex 3 0 0
      vertex 11 1.15 0
    endloop
  endfacet
  facet normal 0 0 -1
    outer loop
      vertex 89.5853 45.9424 0
      vertex 89 46 0
      vertex 89.294 45.9855 0
    endloop
  endfacet
  facet normal 0 0 -1
    outer loop
      vertex 82.8411 43.1813 0
      vertex 89 46 0
      vertex 82.85 43 0
    endloop
  endfacet
  facet normal 0 0 -1
    outer loop
      vertex 82.8145 43.3609 0
      vertex 89 46 0
      vertex 82.8411 43.1813 0
    endloop
  endfacet
  facet normal 0 0 -1
    outer loop
      vertex 82.7703 43.537 0
      vertex 89 46 0
      vertex 82.8145 43.3609 0
    endloop
  endfacet
  facet normal 0 0 -1
    outer loop
      vertex 82.7092 43.708 0
      vertex 89 46 0
      vertex 82.7703 43.537 0
    endloop
  endfacet
  facet normal 0 0 -1
    outer loop
      vertex 82.6316 43.8721 0
      vertex 89 46 0
      vertex 82.7092 43.708 0
    endloop
  endfacet
  facet normal 0 0 -1
    outer loop
      vertex 82.5382 44.0278 0
      vertex 89 46 0
      vertex 82.6316 43.8721 0
    endloop
  endfacet
  facet normal 0 0 -1
    outer loop
      vertex 82.4301 44.1736 0
      vertex 89 46 0
      vertex 82.5382 44.0278 0
    endloop
  endfacet
  facet normal 0 0 -1
    outer loop
      vertex 82.3082 44.3081 0
      vertex 89 46 0
      vertex 82.4301 44.1736 0
    endloop
  endfacet
  facet normal 0 0 -1
    outer loop
      vertex 82.1736 44.4301 0
      vertex 89 46 0
      vertex 82.3082 44.3081 0
    endloop
  endfacet
  facet normal 0 0 -1
    outer loop
      vertex 82.0278 44.5382 0
      vertex 89 46 0
      vertex 82.1736 44.4301 0
    endloop
  endfacet
  facet normal 0 0 -1
    outer loop
      vertex 81.8721 44.6316 0
      vertex 89 46 0
      vertex 82.0278 44.5382 0
    endloop
  endfacet
  facet normal 0 0 -1
    outer loop
      vertex 81.708 44.7092 0
      vertex 89 46 0
      vertex 81.8721 44.6316 0
    endloop
  endfacet
  facet normal 0 0 -1
    outer loop
      vertex 81.537 44.7703 0
      vertex 89 46 0
      vertex 81.708 44.7092 0
    endloop
  endfacet
  facet normal 0 0 -1
    outer loop
      vertex 81.3609 44.8145 0
      vertex 89 46 0
      vertex 81.537 44.7703 0
    endloop
  endfacet
  facet normal 0 0 -1
    outer loop
      vertex 81.1813 44.8411 0
      vertex 89 46 0
      vertex 81.3609 44.8145 0
    endloop
  endfacet
  facet normal 0 0 -1
    outer loop
      vertex 81 44.85 0
      vertex 89 46 0
      vertex 81.1813 44.8411 0
    endloop
  endfacet
  facet normal 0 0 -1
    outer loop
      vertex 80.8187 44.8411 0
      vertex 89 46 0
      vertex 81 44.85 0
    endloop
  endfacet
  facet normal 0 0 -1
    outer loop
      vertex 72 30 0
      vertex 79.1589 43.1813 0
      vertex 79.15 43 0
    endloop
  endfacet
  facet normal 0 0 -1
    outer loop
      vertex 72 30 0
      vertex 79.1855 43.3609 0
      vertex 79.1589 43.1813 0
    endloop
  endfacet
  facet normal 0 0 -1
    outer loop
      vertex 41 28 0
      vertex 79.1855 43.3609 0
      vertex 72 30 0
    endloop
  endfacet
  facet normal -0 0 -1
    outer loop
      vertex 79.1855 43.3609 0
      vertex 41 28 0
      vertex 79.2297 43.537 0
    endloop
  endfacet
  facet normal -0 0 -1
    outer loop
      vertex 79.2297 43.537 0
      vertex 41 28 0
      vertex 79.2908 43.708 0
    endloop
  endfacet
  facet normal 0 0 -1
    outer loop
      vertex 72 18 0
      vertex 41 28 0
      vertex 72 30 0
    endloop
  endfacet
  facet normal -0 0 -1
    outer loop
      vertex 79.2908 43.708 0
      vertex 41 28 0
      vertex 79.3684 43.8721 0
    endloop
  endfacet
  facet normal -0 0 -1
    outer loop
      vertex 79.3684 43.8721 0
      vertex 41 28 0
      vertex 79.4618 44.0278 0
    endloop
  endfacet
  facet normal -0 0 -1
    outer loop
      vertex 79.4618 44.0278 0
      vertex 41 28 0
      vertex 79.5699 44.1736 0
    endloop
  endfacet
  facet normal 0 0 -1
    outer loop
      vertex 12.4301 44.1736 0
      vertex 79.5699 44.1736 0
      vertex 41 28 0
    endloop
  endfacet
  facet normal 0 0 -1
    outer loop
      vertex 79.5699 44.1736 0
      vertex 12.4301 44.1736 0
      vertex 79.6918 44.3081 0
    endloop
  endfacet
  facet normal 0 0 -1
    outer loop
      vertex 12.3081 44.3081 0
      vertex 79.6918 44.3081 0
      vertex 12.4301 44.1736 0
    endloop
  endfacet
  facet normal 0 0 -1
    outer loop
      vertex 79.6918 44.3081 0
      vertex 12.3081 44.3081 0
      vertex 79.8264 44.4301 0
    endloop
  endfacet
  facet normal 0 0 -1
    outer loop
      vertex 12.1736 44.4301 0
      vertex 79.8264 44.4301 0
      vertex 12.3081 44.3081 0
    endloop
  endfacet
  facet normal 0 0 -1
    outer loop
      vertex 12.7092 43.708 0
      vertex 41 28 0
      vertex 31 28 0
    endloop
  endfacet
  facet normal 0 0 -1
    outer loop
      vertex 12.5382 44.0278 0
      vertex 41 28 0
      vertex 12.6316 43.8721 0
    endloop
  endfacet
  facet normal 0 0 -1
    outer loop
      vertex 12.8145 3.36092 0
      vertex 31 18 0
      vertex 12.8411 3.18133 0
    endloop
  endfacet
  facet normal 0 0 -1
    outer loop
      vertex 12.8411 43.1813 0
      vertex 31 28 0
      vertex 12.85 43 0
    endloop
  endfacet
  facet normal 0 0 -1
    outer loop
      vertex 12.8145 43.3609 0
      vertex 31 28 0
      vertex 12.8411 43.1813 0
    endloop
  endfacet
  facet normal 0 0 -1
    outer loop
      vertex 12.7703 43.537 0
      vertex 31 28 0
      vertex 12.8145 43.3609 0
    endloop
  endfacet
  facet normal 0 0 -1
    outer loop
      vertex 12.7092 43.708 0
      vertex 31 28 0
      vertex 12.7703 43.537 0
    endloop
  endfacet
  facet normal 0 0 -1
    outer loop
      vertex 41 28 0
      vertex 12.7092 43.708 0
      vertex 12.6316 43.8721 0
    endloop
  endfacet
  facet normal 0 0 -1
    outer loop
      vertex 12.4301 44.1736 0
      vertex 41 28 0
      vertex 12.5382 44.0278 0
    endloop
  endfacet
  facet normal 0 0 -1
    outer loop
      vertex 79.8264 44.4301 0
      vertex 12.1736 44.4301 0
      vertex 79.9722 44.5382 0
    endloop
  endfacet
  facet normal 0 0 -1
    outer loop
      vertex 12.0278 44.5382 0
      vertex 79.9722 44.5382 0
      vertex 12.1736 44.4301 0
    endloop
  endfacet
  facet normal 0 0 -1
    outer loop
      vertex 79.9722 44.5382 0
      vertex 12.0278 44.5382 0
      vertex 80.1279 44.6316 0
    endloop
  endfacet
  facet normal 0 0 -1
    outer loop
      vertex 11.8721 44.6316 0
      vertex 80.1279 44.6316 0
      vertex 12.0278 44.5382 0
    endloop
  endfacet
  facet normal 0 0 -1
    outer loop
      vertex 80.1279 44.6316 0
      vertex 11.8721 44.6316 0
      vertex 80.292 44.7092 0
    endloop
  endfacet
  facet normal 0 0 -1
    outer loop
      vertex 11.708 44.7092 0
      vertex 80.292 44.7092 0
      vertex 11.8721 44.6316 0
    endloop
  endfacet
  facet normal 0 0 -1
    outer loop
      vertex 80.292 44.7092 0
      vertex 11.708 44.7092 0
      vertex 80.463 44.7703 0
    endloop
  endfacet
  facet normal 0 0 -1
    outer loop
      vertex 11.537 44.7703 0
      vertex 80.463 44.7703 0
      vertex 11.708 44.7092 0
    endloop
  endfacet
  facet normal 0 0 -1
    outer loop
      vertex 80.463 44.7703 0
      vertex 11.537 44.7703 0
      vertex 80.6391 44.8145 0
    endloop
  endfacet
  facet normal 0 0 -1
    outer loop
      vertex 11.3609 44.8145 0
      vertex 80.6391 44.8145 0
      vertex 11.537 44.7703 0
    endloop
  endfacet
  facet normal 0 0 -1
    outer loop
      vertex 80.6391 44.8145 0
      vertex 11.3609 44.8145 0
      vertex 80.8187 44.8411 0
    endloop
  endfacet
  facet normal 0 0 -1
    outer loop
      vertex 11.1813 44.8411 0
      vertex 80.8187 44.8411 0
      vertex 11.3609 44.8145 0
    endloop
  endfacet
  facet normal 0 0 -1
    outer loop
      vertex 80.8187 44.8411 0
      vertex 11.1813 44.8411 0
      vertex 89 46 0
    endloop
  endfacet
  facet normal 0 0 -1
    outer loop
      vertex 3 46 0
      vertex 11.1813 44.8411 0
      vertex 11 44.85 0
    endloop
  endfacet
  facet normal 0 -0 -1
    outer loop
      vertex 3 46 0
      vertex 9.18555 42.6391 0
      vertex 0 43 0
    endloop
  endfacet
  facet normal 0 0 -1
    outer loop
      vertex 11.1813 44.8411 0
      vertex 3 46 0
      vertex 89 46 0
    endloop
  endfacet
  facet normal 0 0 -1
    outer loop
      vertex 10.8187 44.8411 0
      vertex 3 46 0
      vertex 11 44.85 0
    endloop
  endfacet
  facet normal 0 0 -1
    outer loop
      vertex 10.6391 44.8145 0
      vertex 3 46 0
      vertex 10.8187 44.8411 0
    endloop
  endfacet
  facet normal 0 0 -1
    outer loop
      vertex 10.463 44.7703 0
      vertex 3 46 0
      vertex 10.6391 44.8145 0
    endloop
  endfacet
  facet normal 0 0 -1
    outer loop
      vertex 10.292 44.7092 0
      vertex 3 46 0
      vertex 10.463 44.7703 0
    endloop
  endfacet
  facet normal 0 0 -1
    outer loop
      vertex 10.1279 44.6316 0
      vertex 3 46 0
      vertex 10.292 44.7092 0
    endloop
  endfacet
  facet normal 0 0 -1
    outer loop
      vertex 9.97219 44.5382 0
      vertex 3 46 0
      vertex 10.1279 44.6316 0
    endloop
  endfacet
  facet normal 0 0 -1
    outer loop
      vertex 9.82637 44.4301 0
      vertex 3 46 0
      vertex 9.97219 44.5382 0
    endloop
  endfacet
  facet normal 0 0 -1
    outer loop
      vertex 9.69185 44.3081 0
      vertex 3 46 0
      vertex 9.82637 44.4301 0
    endloop
  endfacet
  facet normal 0 0 -1
    outer loop
      vertex 9.56993 44.1736 0
      vertex 3 46 0
      vertex 9.69185 44.3081 0
    endloop
  endfacet
  facet normal 0 0 -1
    outer loop
      vertex 9.46178 44.0278 0
      vertex 3 46 0
      vertex 9.56993 44.1736 0
    endloop
  endfacet
  facet normal 0 0 -1
    outer loop
      vertex 9.36845 43.8721 0
      vertex 3 46 0
      vertex 9.46178 44.0278 0
    endloop
  endfacet
  facet normal 0 0 -1
    outer loop
      vertex 9.29082 43.708 0
      vertex 3 46 0
      vertex 9.36845 43.8721 0
    endloop
  endfacet
  facet normal 0 0 -1
    outer loop
      vertex 9.22966 43.537 0
      vertex 3 46 0
      vertex 9.29082 43.708 0
    endloop
  endfacet
  facet normal 0 0 -1
    outer loop
      vertex 9.18555 43.3609 0
      vertex 3 46 0
      vertex 9.22966 43.537 0
    endloop
  endfacet
  facet normal 0 0 -1
    outer loop
      vertex 9.15891 43.1813 0
      vertex 3 46 0
      vertex 9.18555 43.3609 0
    endloop
  endfacet
  facet normal 0 0 -1
    outer loop
      vertex 9.18555 42.6391 0
      vertex 3 46 0
      vertex 9.15891 42.8187 0
    endloop
  endfacet
  facet normal 0 0 -1
    outer loop
      vertex 0 3 0
      vertex 3 0 0
      vertex 2.70595 0.0144348 0
    endloop
  endfacet
  facet normal 0 0 -1
    outer loop
      vertex 9.15891 42.8187 0
      vertex 3 46 0
      vertex 9.15 43 0
    endloop
  endfacet
  facet normal 0 0 -1
    outer loop
      vertex 0 3 0
      vertex 2.70595 0.0144348 0
      vertex 2.41472 0.0576324 0
    endloop
  endfacet
  facet normal 0 0 -1
    outer loop
      vertex 9.15 43 0
      vertex 3 46 0
      vertex 9.15891 43.1813 0
    endloop
  endfacet
  facet normal 0 0 -1
    outer loop
      vertex 0 3 0
      vertex 2.41472 0.0576324 0
      vertex 2.12914 0.129166 0
    endloop
  endfacet
  facet normal 0 0 -1
    outer loop
      vertex 3 46 0
      vertex 0 43 0
      vertex 2.70595 45.9855 0
    endloop
  endfacet
  facet normal 0 0 -1
    outer loop
      vertex 0 3 0
      vertex 2.12914 0.129166 0
      vertex 1.85194 0.228348 0
    endloop
  endfacet
  facet normal 0 0 -1
    outer loop
      vertex 2.70595 45.9855 0
      vertex 0 43 0
      vertex 2.41472 45.9424 0
    endloop
  endfacet
  facet normal 0 0 -1
    outer loop
      vertex 0 3 0
      vertex 1.85194 0.228348 0
      vertex 1.5858 0.354233 0
    endloop
  endfacet
  facet normal 0 0 -1
    outer loop
      vertex 2.41472 45.9424 0
      vertex 0 43 0
      vertex 2.12914 45.8708 0
    endloop
  endfacet
  facet normal 0 0 -1
    outer loop
      vertex 0 3 0
      vertex 1.5858 0.354233 0
      vertex 1.33328 0.505585 0
    endloop
  endfacet
  facet normal 0 0 -1
    outer loop
      vertex 2.12914 45.8708 0
      vertex 0 43 0
      vertex 1.85194 45.7716 0
    endloop
  endfacet
  facet normal 0 0 -1
    outer loop
      vertex 0 3 0
      vertex 1.33328 0.505585 0
      vertex 1.09682 0.680954 0
    endloop
  endfacet
  facet normal 0 0 -1
    outer loop
      vertex 1.85194 45.7716 0
      vertex 0 43 0
      vertex 1.5858 45.6458 0
    endloop
  endfacet
  facet normal 0 0 -1
    outer loop
      vertex 0 3 0
      vertex 1.09682 0.680954 0
      vertex 0.878677 0.878677 0
    endloop
  endfacet
  facet normal 0 0 -1
    outer loop
      vertex 1.5858 45.6458 0
      vertex 0 43 0
      vertex 1.33328 45.4944 0
    endloop
  endfacet
  facet normal 0 0 -1
    outer loop
      vertex 0 3 0
      vertex 0.878677 0.878677 0
      vertex 0.680954 1.09682 0
    endloop
  endfacet
  facet normal 0 0 -1
    outer loop
      vertex 1.33328 45.4944 0
      vertex 0 43 0
      vertex 1.09682 45.319 0
    endloop
  endfacet
  facet normal 0 0 -1
    outer loop
      vertex 0 3 0
      vertex 0.680954 1.09682 0
      vertex 0.505585 1.33328 0
    endloop
  endfacet
  facet normal 0 0 -1
    outer loop
      vertex 1.09682 45.319 0
      vertex 0 43 0
      vertex 0.878677 45.1213 0
    endloop
  endfacet
  facet normal 0 0 -1
    outer loop
      vertex 0 3 0
      vertex 0.505585 1.33328 0
      vertex 0.354233 1.5858 0
    endloop
  endfacet
  facet normal 0 0 -1
    outer loop
      vertex 0.878677 45.1213 0
      vertex 0 43 0
      vertex 0.680954 44.9032 0
    endloop
  endfacet
  facet normal 0 0 -1
    outer loop
      vertex 0 3 0
      vertex 0.354233 1.5858 0
      vertex 0.228348 1.85194 0
    endloop
  endfacet
  facet normal 0 0 -1
    outer loop
      vertex 0.680954 44.9032 0
      vertex 0 43 0
      vertex 0.505585 44.6667 0
    endloop
  endfacet
  facet normal 0 0 -1
    outer loop
      vertex 0 3 0
      vertex 0.228348 1.85194 0
      vertex 0.129166 2.12914 0
    endloop
  endfacet
  facet normal 0 0 -1
    outer loop
      vertex 0.505585 44.6667 0
      vertex 0 43 0
      vertex 0.354233 44.4142 0
    endloop
  endfacet
  facet normal 0 0 -1
    outer loop
      vertex 0 3 0
      vertex 0.129166 2.12914 0
      vertex 0.0576324 2.41472 0
    endloop
  endfacet
  facet normal 0 0 -1
    outer loop
      vertex 0.354233 44.4142 0
      vertex 0 43 0
      vertex 0.228348 44.148 0
    endloop
  endfacet
  facet normal 0 0 -1
    outer loop
      vertex 0 3 0
      vertex 0.0576324 2.41472 0
      vertex 0.0144348 2.70595 0
    endloop
  endfacet
  facet normal 0 0 -1
    outer loop
      vertex 0.228348 44.148 0
      vertex 0 43 0
      vertex 0.129166 43.8708 0
    endloop
  endfacet
  facet normal 0 0 -1
    outer loop
      vertex 0.129166 43.8708 0
      vertex 0 43 0
      vertex 0.0576324 43.5853 0
    endloop
  endfacet
  facet normal 0 0 -1
    outer loop
      vertex 0.0576324 43.5853 0
      vertex 0 43 0
      vertex 0.0144348 43.294 0
    endloop
  endfacet
  facet normal 0 0 -1
    outer loop
      vertex 82.3082 41.6919 0
      vertex 81.55 38 0
      vertex 82.1736 41.5699 0
    endloop
  endfacet
  facet normal 0 0 -1
    outer loop
      vertex 82.1736 41.5699 0
      vertex 81.55 38 0
      vertex 82.0278 41.4618 0
    endloop
  endfacet
  facet normal 0 0 -1
    outer loop
      vertex 82.0278 41.4618 0
      vertex 81.55 38 0
      vertex 81.8721 41.3684 0
    endloop
  endfacet
  facet normal 0 0 -1
    outer loop
      vertex 81.8721 41.3684 0
      vertex 81.55 38 0
      vertex 81.708 41.2908 0
    endloop
  endfacet
  facet normal 0 0 -1
    outer loop
      vertex 82 30 0
      vertex 80.45 38 0
      vertex 81.55 38 0
    endloop
  endfacet
  facet normal 0 0 -1
    outer loop
      vertex 80.45 38 0
      vertex 80.292 41.2908 0
      vertex 80.45 41.2343 0
    endloop
  endfacet
  facet normal 0 0 -1
    outer loop
      vertex 80.45 38 0
      vertex 80.1279 41.3684 0
      vertex 80.292 41.2908 0
    endloop
  endfacet
  facet normal 0 0 -1
    outer loop
      vertex 80.45 38 0
      vertex 79.9722 41.4618 0
      vertex 80.1279 41.3684 0
    endloop
  endfacet
  facet normal 0 0 -1
    outer loop
      vertex 80.45 38 0
      vertex 79.8264 41.5699 0
      vertex 79.9722 41.4618 0
    endloop
  endfacet
  facet normal 0 0 -1
    outer loop
      vertex 80.45 38 0
      vertex 79.6918 41.6919 0
      vertex 79.8264 41.5699 0
    endloop
  endfacet
  facet normal 0 0 -1
    outer loop
      vertex 72 30 0
      vertex 80.45 38 0
      vertex 82 30 0
    endloop
  endfacet
  facet normal 0 -0 -1
    outer loop
      vertex 79.3684 42.1279 0
      vertex 80.45 38 0
      vertex 72 30 0
    endloop
  endfacet
  facet normal 0 0 -1
    outer loop
      vertex 80.45 38 0
      vertex 79.5699 41.8264 0
      vertex 79.6918 41.6919 0
    endloop
  endfacet
  facet normal 0 0 -1
    outer loop
      vertex 80.45 38 0
      vertex 79.4618 41.9722 0
      vertex 79.5699 41.8264 0
    endloop
  endfacet
  facet normal 0 0 -1
    outer loop
      vertex 80.45 38 0
      vertex 79.3684 42.1279 0
      vertex 79.4618 41.9722 0
    endloop
  endfacet
  facet normal -0 0 -1
    outer loop
      vertex 79.3684 42.1279 0
      vertex 72 30 0
      vertex 79.2908 42.292 0
    endloop
  endfacet
  facet normal -0 0 -1
    outer loop
      vertex 79.2908 42.292 0
      vertex 72 30 0
      vertex 79.2297 42.463 0
    endloop
  endfacet
  facet normal -0 0 -1
    outer loop
      vertex 79.1589 42.8187 0
      vertex 72 30 0
      vertex 79.15 43 0
    endloop
  endfacet
  facet normal -0 0 -1
    outer loop
      vertex 79.1855 42.6391 0
      vertex 72 30 0
      vertex 79.1589 42.8187 0
    endloop
  endfacet
  facet normal -0 0 -1
    outer loop
      vertex 79.2297 42.463 0
      vertex 72 30 0
      vertex 79.1855 42.6391 0
    endloop
  endfacet
  facet normal 0 0 -1
    outer loop
      vertex 81.708 41.2908 0
      vertex 81.55 38 0
      vertex 81.55 41.2343 0
    endloop
  endfacet
  facet normal -0.989178 -0.146723 0
    outer loop
      vertex 0.0576324 2.41472 0
      vertex 0.0144348 2.70595 2
      vertex 0.0144348 2.70595 0
    endloop
  endfacet
  facet normal -0.989178 -0.146723 0
    outer loop
      vertex 0.0144348 2.70595 2
      vertex 0.0576324 2.41472 0
      vertex 0.0576324 2.41472 2
    endloop
  endfacet
  facet normal -1 0 0
    outer loop
      vertex 0 3 0
      vertex 0 43 2
      vertex 0 43 0
    endloop
  endfacet
  facet normal -1 -0 0
    outer loop
      vertex 0 43 2
      vertex 0 3 0
      vertex 0 3 2
    endloop
  endfacet
  facet normal 0.998786 0.0492599 0
    outer loop
      vertex 92 43 2
      vertex 91.9855 43.294 0
      vertex 91.9855 43.294 2
    endloop
  endfacet
  facet normal 0.998786 0.0492599 0
    outer loop
      vertex 91.9855 43.294 0
      vertex 92 43 2
      vertex 92 43 0
    endloop
  endfacet
  facet normal -0.998797 -0.0490306 0
    outer loop
      vertex 0.0144348 2.70595 0
      vertex 0 3 2
      vertex 0 3 0
    endloop
  endfacet
  facet normal -0.998797 -0.0490306 0
    outer loop
      vertex 0 3 2
      vertex 0.0144348 2.70595 0
      vertex 0.0144348 2.70595 2
    endloop
  endfacet
  facet normal -0.336939 0.941527 0
    outer loop
      vertex 2.12914 45.8708 0
      vertex 1.85194 45.7716 2
      vertex 2.12914 45.8708 2
    endloop
  endfacet
  facet normal -0.336939 0.941527 0
    outer loop
      vertex 1.85194 45.7716 2
      vertex 2.12914 45.8708 0
      vertex 1.85194 45.7716 0
    endloop
  endfacet
  facet normal 0.0492599 0.998786 -0
    outer loop
      vertex 89.294 45.9855 0
      vertex 89 46 2
      vertex 89.294 45.9855 2
    endloop
  endfacet
  facet normal 0.0492599 0.998786 0
    outer loop
      vertex 89 46 2
      vertex 89.294 45.9855 0
      vertex 89 46 0
    endloop
  endfacet
  facet normal 0 1 -0
    outer loop
      vertex 89 46 0
      vertex 3 46 2
      vertex 89 46 2
    endloop
  endfacet
  facet normal 0 1 0
    outer loop
      vertex 3 46 2
      vertex 89 46 0
      vertex 3 46 0
    endloop
  endfacet
  facet normal -0.998797 0.0490389 0
    outer loop
      vertex 0 43 0
      vertex 0.0144348 43.294 2
      vertex 0.0144348 43.294 0
    endloop
  endfacet
  facet normal -0.998797 0.0490389 0
    outer loop
      vertex 0.0144348 43.294 2
      vertex 0 43 0
      vertex 0 43 2
    endloop
  endfacet
  facet normal 1 -0 0
    outer loop
      vertex 92 3 2
      vertex 92 43 0
      vertex 92 43 2
    endloop
  endfacet
  facet normal 1 0 0
    outer loop
      vertex 92 43 0
      vertex 92 3 2
      vertex 92 3 0
    endloop
  endfacet
  facet normal 0 -1 0
    outer loop
      vertex 3 0 0
      vertex 89 0 2
      vertex 3 0 2
    endloop
  endfacet
  facet normal 0 -1 -0
    outer loop
      vertex 89 0 2
      vertex 3 0 0
      vertex 89 0 0
    endloop
  endfacet
  facet normal 0.671607 0.740908 -0
    outer loop
      vertex 91.1213 45.1213 0
      vertex 90.9032 45.319 2
      vertex 91.1213 45.1213 2
    endloop
  endfacet
  facet normal 0.671607 0.740908 0
    outer loop
      vertex 90.9032 45.319 2
      vertex 91.1213 45.1213 0
      vertex 90.9032 45.319 0
    endloop
  endfacet
  facet normal -0.803258 0.595631 0
    outer loop
      vertex 0.505585 44.6667 0
      vertex 0.680954 44.9032 2
      vertex 0.680954 44.9032 0
    endloop
  endfacet
  facet normal -0.803258 0.595631 0
    outer loop
      vertex 0.680954 44.9032 2
      vertex 0.505585 44.6667 0
      vertex 0.505585 44.6667 2
    endloop
  endfacet
  facet normal 0.904125 0.427269 0
    outer loop
      vertex 91.7716 44.148 2
      vertex 91.6458 44.4142 0
      vertex 91.6458 44.4142 2
    endloop
  endfacet
  facet normal 0.904125 0.427269 0
    outer loop
      vertex 91.6458 44.4142 0
      vertex 91.7716 44.148 2
      vertex 91.7716 44.148 0
    endloop
  endfacet
  facet normal 0.336939 0.941527 -0
    outer loop
      vertex 90.148 45.7716 0
      vertex 89.8708 45.8708 2
      vertex 90.148 45.7716 2
    endloop
  endfacet
  facet normal 0.336939 0.941527 0
    outer loop
      vertex 89.8708 45.8708 2
      vertex 90.148 45.7716 0
      vertex 89.8708 45.8708 0
    endloop
  endfacet
  facet normal 0.243255 0.969962 -0
    outer loop
      vertex 89.8708 45.8708 0
      vertex 89.5853 45.9424 2
      vertex 89.8708 45.8708 2
    endloop
  endfacet
  facet normal 0.243255 0.969962 0
    outer loop
      vertex 89.5853 45.9424 2
      vertex 89.8708 45.8708 0
      vertex 89.5853 45.9424 0
    endloop
  endfacet
  facet normal 0.514246 0.857643 -0
    outer loop
      vertex 90.6667 45.4944 0
      vertex 90.4142 45.6458 2
      vertex 90.6667 45.4944 2
    endloop
  endfacet
  facet normal 0.514246 0.857643 0
    outer loop
      vertex 90.4142 45.6458 2
      vertex 90.6667 45.4944 0
      vertex 90.4142 45.6458 0
    endloop
  endfacet
  facet normal -0.146398 0.989226 0
    outer loop
      vertex 2.70595 45.9855 0
      vertex 2.41472 45.9424 2
      vertex 2.70595 45.9855 2
    endloop
  endfacet
  facet normal -0.146398 0.989226 0
    outer loop
      vertex 2.41472 45.9424 2
      vertex 2.70595 45.9855 0
      vertex 2.41472 45.9424 0
    endloop
  endfacet
  facet normal -0.0492515 0.998786 0
    outer loop
      vertex 3 46 0
      vertex 2.70595 45.9855 2
      vertex 3 46 2
    endloop
  endfacet
  facet normal -0.0492515 0.998786 0
    outer loop
      vertex 2.70595 45.9855 2
      vertex 3 46 0
      vertex 2.70595 45.9855 0
    endloop
  endfacet
  facet normal -0.243191 0.969978 0
    outer loop
      vertex 2.41472 45.9424 0
      vertex 2.12914 45.8708 2
      vertex 2.41472 45.9424 2
    endloop
  endfacet
  facet normal -0.243191 0.969978 0
    outer loop
      vertex 2.12914 45.8708 2
      vertex 2.41472 45.9424 0
      vertex 2.12914 45.8708 0
    endloop
  endfacet
  facet normal -0.595764 0.80316 0
    outer loop
      vertex 1.33328 45.4944 0
      vertex 1.09682 45.319 2
      vertex 1.33328 45.4944 2
    endloop
  endfacet
  facet normal -0.595764 0.80316 0
    outer loop
      vertex 1.09682 45.319 2
      vertex 1.33328 45.4944 0
      vertex 1.09682 45.319 0
    endloop
  endfacet
  facet normal -0.941546 0.336885 0
    outer loop
      vertex 0.129166 43.8708 0
      vertex 0.228348 44.148 2
      vertex 0.228348 44.148 0
    endloop
  endfacet
  facet normal -0.941546 0.336885 0
    outer loop
      vertex 0.228348 44.148 2
      vertex 0.129166 43.8708 0
      vertex 0.129166 43.8708 2
    endloop
  endfacet
  facet normal -0.989183 0.146688 0
    outer loop
      vertex 0.0144348 43.294 0
      vertex 0.0576324 43.5853 2
      vertex 0.0576324 43.5853 0
    endloop
  endfacet
  facet normal -0.989183 0.146688 0
    outer loop
      vertex 0.0576324 43.5853 2
      vertex 0.0144348 43.294 0
      vertex 0.0144348 43.294 2
    endloop
  endfacet
  facet normal -0.857715 0.514126 0
    outer loop
      vertex 0.354233 44.4142 0
      vertex 0.505585 44.6667 2
      vertex 0.505585 44.6667 0
    endloop
  endfacet
  facet normal -0.857715 0.514126 0
    outer loop
      vertex 0.505585 44.6667 2
      vertex 0.354233 44.4142 0
      vertex 0.354233 44.4142 2
    endloop
  endfacet
  facet normal 0.969978 -0.243191 0
    outer loop
      vertex 91.8708 2.12914 2
      vertex 91.9424 2.41472 0
      vertex 91.9424 2.41472 2
    endloop
  endfacet
  facet normal 0.969978 -0.243191 0
    outer loop
      vertex 91.9424 2.41472 0
      vertex 91.8708 2.12914 2
      vertex 91.8708 2.12914 0
    endloop
  endfacet
  facet normal 0.998786 -0.0492515 0
    outer loop
      vertex 91.9855 2.70595 2
      vertex 92 3 0
      vertex 92 3 2
    endloop
  endfacet
  facet normal 0.998786 -0.0492515 0
    outer loop
      vertex 92 3 0
      vertex 91.9855 2.70595 2
      vertex 91.9855 2.70595 0
    endloop
  endfacet
  facet normal 0.857661 -0.514216 0
    outer loop
      vertex 91.4944 1.33328 2
      vertex 91.6458 1.5858 0
      vertex 91.6458 1.5858 2
    endloop
  endfacet
  facet normal 0.857661 -0.514216 0
    outer loop
      vertex 91.6458 1.5858 0
      vertex 91.4944 1.33328 2
      vertex 91.4944 1.33328 0
    endloop
  endfacet
  facet normal 0.0490389 -0.998797 0
    outer loop
      vertex 89 0 0
      vertex 89.294 0.0144348 2
      vertex 89 0 2
    endloop
  endfacet
  facet normal 0.0490389 -0.998797 0
    outer loop
      vertex 89.294 0.0144348 2
      vertex 89 0 0
      vertex 89.294 0.0144348 0
    endloop
  endfacet
  facet normal 0.243043 -0.970016 0
    outer loop
      vertex 89.5853 0.0576324 0
      vertex 89.8708 0.129166 2
      vertex 89.5853 0.0576324 2
    endloop
  endfacet
  facet normal 0.243043 -0.970016 0
    outer loop
      vertex 89.8708 0.129166 2
      vertex 89.5853 0.0576324 0
      vertex 89.8708 0.129166 0
    endloop
  endfacet
  facet normal -0.427583 -0.903976 0
    outer loop
      vertex 1.5858 0.354233 0
      vertex 1.85194 0.228348 2
      vertex 1.5858 0.354233 2
    endloop
  endfacet
  facet normal -0.427583 -0.903976 -0
    outer loop
      vertex 1.85194 0.228348 2
      vertex 1.5858 0.354233 0
      vertex 1.85194 0.228348 0
    endloop
  endfacet
  facet normal -0.80321 -0.595696 0
    outer loop
      vertex 0.680954 1.09682 0
      vertex 0.505585 1.33328 2
      vertex 0.505585 1.33328 0
    endloop
  endfacet
  facet normal -0.80321 -0.595696 0
    outer loop
      vertex 0.505585 1.33328 2
      vertex 0.680954 1.09682 0
      vertex 0.680954 1.09682 2
    endloop
  endfacet
  facet normal -0.671577 -0.740935 0
    outer loop
      vertex 0.878677 0.878677 0
      vertex 1.09682 0.680954 2
      vertex 0.878677 0.878677 2
    endloop
  endfacet
  facet normal -0.671577 -0.740935 -0
    outer loop
      vertex 1.09682 0.680954 2
      vertex 0.878677 0.878677 0
      vertex 1.09682 0.680954 0
    endloop
  endfacet
  facet normal -0.857733 -0.514096 0
    outer loop
      vertex 0.505585 1.33328 0
      vertex 0.354233 1.5858 2
      vertex 0.354233 1.5858 0
    endloop
  endfacet
  facet normal -0.857733 -0.514096 0
    outer loop
      vertex 0.354233 1.5858 2
      vertex 0.505585 1.33328 0
      vertex 0.505585 1.33328 2
    endloop
  endfacet
  facet normal 0.969962 0.243255 0
    outer loop
      vertex 91.9424 43.5853 2
      vertex 91.8708 43.8708 0
      vertex 91.8708 43.8708 2
    endloop
  endfacet
  facet normal 0.969962 0.243255 0
    outer loop
      vertex 91.8708 43.8708 0
      vertex 91.9424 43.5853 2
      vertex 91.9424 43.5853 0
    endloop
  endfacet
  facet normal 0.989231 0.146364 0
    outer loop
      vertex 91.9855 43.294 2
      vertex 91.9424 43.5853 0
      vertex 91.9424 43.5853 2
    endloop
  endfacet
  facet normal 0.989231 0.146364 0
    outer loop
      vertex 91.9424 43.5853 0
      vertex 91.9855 43.294 2
      vertex 91.9855 43.294 0
    endloop
  endfacet
  facet normal 0.941527 0.336939 0
    outer loop
      vertex 91.8708 43.8708 2
      vertex 91.7716 44.148 0
      vertex 91.7716 44.148 2
    endloop
  endfacet
  facet normal 0.941527 0.336939 0
    outer loop
      vertex 91.7716 44.148 0
      vertex 91.8708 43.8708 2
      vertex 91.8708 43.8708 0
    endloop
  endfacet
  facet normal 0.803208 0.595699 0
    outer loop
      vertex 91.4944 44.6667 2
      vertex 91.319 44.9032 0
      vertex 91.319 44.9032 2
    endloop
  endfacet
  facet normal 0.803208 0.595699 0
    outer loop
      vertex 91.319 44.9032 0
      vertex 91.4944 44.6667 2
      vertex 91.4944 44.6667 0
    endloop
  endfacet
  facet normal 0.740908 0.671607 0
    outer loop
      vertex 91.319 44.9032 2
      vertex 91.1213 45.1213 0
      vertex 91.1213 45.1213 2
    endloop
  endfacet
  facet normal 0.740908 0.671607 0
    outer loop
      vertex 91.1213 45.1213 0
      vertex 91.319 44.9032 2
      vertex 91.319 44.9032 0
    endloop
  endfacet
  facet normal 0.857643 0.514246 0
    outer loop
      vertex 91.6458 44.4142 2
      vertex 91.4944 44.6667 0
      vertex 91.4944 44.6667 2
    endloop
  endfacet
  facet normal 0.857643 0.514246 0
    outer loop
      vertex 91.4944 44.6667 0
      vertex 91.6458 44.4142 2
      vertex 91.6458 44.4142 0
    endloop
  endfacet
  facet normal 0.146364 0.989231 -0
    outer loop
      vertex 89.5853 45.9424 0
      vertex 89.294 45.9855 2
      vertex 89.5853 45.9424 2
    endloop
  endfacet
  facet normal 0.146364 0.989231 0
    outer loop
      vertex 89.294 45.9855 2
      vertex 89.5853 45.9424 0
      vertex 89.294 45.9855 0
    endloop
  endfacet
  facet normal 0.427269 0.904125 -0
    outer loop
      vertex 90.4142 45.6458 0
      vertex 90.148 45.7716 2
      vertex 90.4142 45.6458 2
    endloop
  endfacet
  facet normal 0.427269 0.904125 0
    outer loop
      vertex 90.148 45.7716 2
      vertex 90.4142 45.6458 0
      vertex 90.148 45.7716 0
    endloop
  endfacet
  facet normal 0.595699 0.803208 -0
    outer loop
      vertex 90.9032 45.319 0
      vertex 90.6667 45.4944 2
      vertex 90.9032 45.319 2
    endloop
  endfacet
  facet normal 0.595699 0.803208 0
    outer loop
      vertex 90.6667 45.4944 2
      vertex 90.9032 45.319 0
      vertex 90.6667 45.4944 0
    endloop
  endfacet
  facet normal -0.514216 0.857661 0
    outer loop
      vertex 1.5858 45.6458 0
      vertex 1.33328 45.4944 2
      vertex 1.5858 45.6458 2
    endloop
  endfacet
  facet normal -0.514216 0.857661 0
    outer loop
      vertex 1.33328 45.4944 2
      vertex 1.5858 45.6458 0
      vertex 1.33328 45.4944 0
    endloop
  endfacet
  facet normal -0.427347 0.904088 0
    outer loop
      vertex 1.85194 45.7716 0
      vertex 1.5858 45.6458 2
      vertex 1.85194 45.7716 2
    endloop
  endfacet
  facet normal -0.427347 0.904088 0
    outer loop
      vertex 1.5858 45.6458 2
      vertex 1.85194 45.7716 0
      vertex 1.5858 45.6458 0
    endloop
  endfacet
  facet normal -0.740869 0.67165 0
    outer loop
      vertex 0.680954 44.9032 0
      vertex 0.878677 45.1213 2
      vertex 0.878677 45.1213 0
    endloop
  endfacet
  facet normal -0.740869 0.67165 0
    outer loop
      vertex 0.878677 45.1213 2
      vertex 0.680954 44.9032 0
      vertex 0.680954 44.9032 2
    endloop
  endfacet
  facet normal -0.904013 0.427505 0
    outer loop
      vertex 0.228348 44.148 0
      vertex 0.354233 44.4142 2
      vertex 0.354233 44.4142 0
    endloop
  endfacet
  facet normal -0.904013 0.427505 0
    outer loop
      vertex 0.354233 44.4142 2
      vertex 0.228348 44.148 0
      vertex 0.228348 44.148 2
    endloop
  endfacet
  facet normal 0.595631 -0.803258 0
    outer loop
      vertex 90.6667 0.505585 0
      vertex 90.9032 0.680954 2
      vertex 90.6667 0.505585 2
    endloop
  endfacet
  facet normal 0.595631 -0.803258 0
    outer loop
      vertex 90.9032 0.680954 2
      vertex 90.6667 0.505585 0
      vertex 90.9032 0.680954 0
    endloop
  endfacet
  facet normal 0.427505 -0.904013 0
    outer loop
      vertex 90.148 0.228348 0
      vertex 90.4142 0.354233 2
      vertex 90.148 0.228348 2
    endloop
  endfacet
  facet normal 0.427505 -0.904013 0
    outer loop
      vertex 90.4142 0.354233 2
      vertex 90.148 0.228348 0
      vertex 90.4142 0.354233 0
    endloop
  endfacet
  facet normal 0.514126 -0.857715 0
    outer loop
      vertex 90.4142 0.354233 0
      vertex 90.6667 0.505585 2
      vertex 90.4142 0.354233 2
    endloop
  endfacet
  facet normal 0.514126 -0.857715 0
    outer loop
      vertex 90.6667 0.505585 2
      vertex 90.4142 0.354233 0
      vertex 90.6667 0.505585 0
    endloop
  endfacet
  facet normal 0.67165 -0.740869 0
    outer loop
      vertex 90.9032 0.680954 0
      vertex 91.1213 0.878677 2
      vertex 90.9032 0.680954 2
    endloop
  endfacet
  facet normal 0.67165 -0.740869 0
    outer loop
      vertex 91.1213 0.878677 2
      vertex 90.9032 0.680954 0
      vertex 91.1213 0.878677 0
    endloop
  endfacet
  facet normal 0.80316 -0.595764 0
    outer loop
      vertex 91.319 1.09682 2
      vertex 91.4944 1.33328 0
      vertex 91.4944 1.33328 2
    endloop
  endfacet
  facet normal 0.80316 -0.595764 0
    outer loop
      vertex 91.4944 1.33328 0
      vertex 91.319 1.09682 2
      vertex 91.319 1.09682 0
    endloop
  endfacet
  facet normal 0.740974 -0.671534 0
    outer loop
      vertex 91.1213 0.878677 2
      vertex 91.319 1.09682 0
      vertex 91.319 1.09682 2
    endloop
  endfacet
  facet normal 0.740974 -0.671534 0
    outer loop
      vertex 91.319 1.09682 0
      vertex 91.1213 0.878677 2
      vertex 91.1213 0.878677 0
    endloop
  endfacet
  facet normal 0.989226 -0.146398 0
    outer loop
      vertex 91.9424 2.41472 2
      vertex 91.9855 2.70595 0
      vertex 91.9855 2.70595 2
    endloop
  endfacet
  facet normal 0.989226 -0.146398 0
    outer loop
      vertex 91.9855 2.70595 0
      vertex 91.9424 2.41472 2
      vertex 91.9424 2.41472 0
    endloop
  endfacet
  facet normal 0.941527 -0.336939 0
    outer loop
      vertex 91.7716 1.85194 2
      vertex 91.8708 2.12914 0
      vertex 91.8708 2.12914 2
    endloop
  endfacet
  facet normal 0.941527 -0.336939 0
    outer loop
      vertex 91.8708 2.12914 0
      vertex 91.7716 1.85194 2
      vertex 91.7716 1.85194 0
    endloop
  endfacet
  facet normal 0.904088 -0.427347 0
    outer loop
      vertex 91.6458 1.5858 2
      vertex 91.7716 1.85194 0
      vertex 91.7716 1.85194 2
    endloop
  endfacet
  facet normal 0.904088 -0.427347 0
    outer loop
      vertex 91.7716 1.85194 0
      vertex 91.6458 1.5858 2
      vertex 91.6458 1.5858 0
    endloop
  endfacet
  facet normal 0.146688 -0.989183 0
    outer loop
      vertex 89.294 0.0144348 0
      vertex 89.5853 0.0576324 2
      vertex 89.294 0.0144348 2
    endloop
  endfacet
  facet normal 0.146688 -0.989183 0
    outer loop
      vertex 89.5853 0.0576324 2
      vertex 89.294 0.0144348 0
      vertex 89.5853 0.0576324 0
    endloop
  endfacet
  facet normal 0.336885 -0.941546 0
    outer loop
      vertex 89.8708 0.129166 0
      vertex 90.148 0.228348 2
      vertex 89.8708 0.129166 2
    endloop
  endfacet
  facet normal 0.336885 -0.941546 0
    outer loop
      vertex 90.148 0.228348 2
      vertex 89.8708 0.129166 0
      vertex 90.148 0.228348 0
    endloop
  endfacet
  facet normal -0.595696 -0.80321 0
    outer loop
      vertex 1.09682 0.680954 0
      vertex 1.33328 0.505585 2
      vertex 1.09682 0.680954 2
    endloop
  endfacet
  facet normal -0.595696 -0.80321 -0
    outer loop
      vertex 1.33328 0.505585 2
      vertex 1.09682 0.680954 0
      vertex 1.33328 0.505585 0
    endloop
  endfacet
  facet normal -0.514096 -0.857733 0
    outer loop
      vertex 1.33328 0.505585 0
      vertex 1.5858 0.354233 2
      vertex 1.33328 0.505585 2
    endloop
  endfacet
  facet normal -0.514096 -0.857733 -0
    outer loop
      vertex 1.5858 0.354233 2
      vertex 1.33328 0.505585 0
      vertex 1.5858 0.354233 0
    endloop
  endfacet
  facet normal -0.0490306 -0.998797 0
    outer loop
      vertex 2.70595 0.0144348 0
      vertex 3 0 2
      vertex 2.70595 0.0144348 2
    endloop
  endfacet
  facet normal -0.0490306 -0.998797 -0
    outer loop
      vertex 3 0 2
      vertex 2.70595 0.0144348 0
      vertex 3 0 0
    endloop
  endfacet
  facet normal -0.242979 -0.970032 0
    outer loop
      vertex 2.12914 0.129166 0
      vertex 2.41472 0.0576324 2
      vertex 2.12914 0.129166 2
    endloop
  endfacet
  facet normal -0.242979 -0.970032 -0
    outer loop
      vertex 2.41472 0.0576324 2
      vertex 2.12914 0.129166 0
      vertex 2.41472 0.0576324 0
    endloop
  endfacet
  facet normal -0.146723 -0.989178 0
    outer loop
      vertex 2.41472 0.0576324 0
      vertex 2.70595 0.0144348 2
      vertex 2.41472 0.0576324 2
    endloop
  endfacet
  facet normal -0.146723 -0.989178 -0
    outer loop
      vertex 2.70595 0.0144348 2
      vertex 2.41472 0.0576324 0
      vertex 2.70595 0.0144348 0
    endloop
  endfacet
  facet normal -0.740935 -0.671577 0
    outer loop
      vertex 0.878677 0.878677 0
      vertex 0.680954 1.09682 2
      vertex 0.680954 1.09682 0
    endloop
  endfacet
  facet normal -0.740935 -0.671577 0
    outer loop
      vertex 0.680954 1.09682 2
      vertex 0.878677 0.878677 0
      vertex 0.878677 0.878677 2
    endloop
  endfacet
  facet normal -0.970032 -0.242979 0
    outer loop
      vertex 0.129166 2.12914 0
      vertex 0.0576324 2.41472 2
      vertex 0.0576324 2.41472 0
    endloop
  endfacet
  facet normal -0.970032 -0.242979 0
    outer loop
      vertex 0.0576324 2.41472 2
      vertex 0.129166 2.12914 0
      vertex 0.129166 2.12914 2
    endloop
  endfacet
  facet normal -0.903976 -0.427583 0
    outer loop
      vertex 0.354233 1.5858 0
      vertex 0.228348 1.85194 2
      vertex 0.228348 1.85194 0
    endloop
  endfacet
  facet normal -0.903976 -0.427583 0
    outer loop
      vertex 0.228348 1.85194 2
      vertex 0.354233 1.5858 0
      vertex 0.354233 1.5858 2
    endloop
  endfacet
  facet normal -0.941546 -0.336885 0
    outer loop
      vertex 0.228348 1.85194 0
      vertex 0.129166 2.12914 2
      vertex 0.129166 2.12914 0
    endloop
  endfacet
  facet normal -0.941546 -0.336885 0
    outer loop
      vertex 0.129166 2.12914 2
      vertex 0.228348 1.85194 0
      vertex 0.228348 1.85194 2
    endloop
  endfacet
  facet normal -0.671534 0.740974 0
    outer loop
      vertex 1.09682 45.319 0
      vertex 0.878677 45.1213 2
      vertex 1.09682 45.319 2
    endloop
  endfacet
  facet normal -0.671534 0.740974 0
    outer loop
      vertex 0.878677 45.1213 2
      vertex 1.09682 45.319 0
      vertex 0.878677 45.1213 0
    endloop
  endfacet
  facet normal -0.970016 0.243043 0
    outer loop
      vertex 0.0576324 43.5853 0
      vertex 0.129166 43.8708 2
      vertex 0.129166 43.8708 0
    endloop
  endfacet
  facet normal -0.970016 0.243043 0
    outer loop
      vertex 0.129166 43.8708 2
      vertex 0.0576324 43.5853 0
      vertex 0.0576324 43.5853 2
    endloop
  endfacet
  facet normal -0.336885 -0.941546 0
    outer loop
      vertex 1.85194 0.228348 0
      vertex 2.12914 0.129166 2
      vertex 1.85194 0.228348 2
    endloop
  endfacet
  facet normal -0.336885 -0.941546 -0
    outer loop
      vertex 2.12914 0.129166 2
      vertex 1.85194 0.228348 0
      vertex 2.12914 0.129166 0
    endloop
  endfacet
  facet normal -0.595761 -0.803162 0
    outer loop
      vertex 12.0278 4.53822 0
      vertex 12.1736 4.43007 2
      vertex 12.0278 4.53822 2
    endloop
  endfacet
  facet normal -0.595761 -0.803162 -0
    outer loop
      vertex 12.1736 4.43007 2
      vertex 12.0278 4.53822 0
      vertex 12.1736 4.43007 0
    endloop
  endfacet
  facet normal -0.969919 0.24343 0
    outer loop
      vertex 12.7703 2.46297 0
      vertex 12.8145 2.63908 2
      vertex 12.8145 2.63908 0
    endloop
  endfacet
  facet normal -0.969919 0.24343 0
    outer loop
      vertex 12.8145 2.63908 2
      vertex 12.7703 2.46297 0
      vertex 12.7703 2.46297 2
    endloop
  endfacet
  facet normal -0.514131 -0.857712 0
    outer loop
      vertex 11.8721 4.63155 0
      vertex 12.0278 4.53822 2
      vertex 11.8721 4.63155 2
    endloop
  endfacet
  facet normal -0.514131 -0.857712 -0
    outer loop
      vertex 12.0278 4.53822 2
      vertex 11.8721 4.63155 0
      vertex 12.0278 4.53822 0
    endloop
  endfacet
  facet normal 0.427629 -0.903954 0
    outer loop
      vertex 10.1279 4.63155 0
      vertex 10.292 4.70918 2
      vertex 10.1279 4.63155 2
    endloop
  endfacet
  facet normal 0.427629 -0.903954 0
    outer loop
      vertex 10.292 4.70918 2
      vertex 10.1279 4.63155 0
      vertex 10.292 4.70918 0
    endloop
  endfacet
  facet normal 0.941544 -0.336891 0
    outer loop
      vertex 9.22966 3.53703 2
      vertex 9.29082 3.70796 0
      vertex 9.29082 3.70796 2
    endloop
  endfacet
  facet normal 0.941544 -0.336891 0
    outer loop
      vertex 9.29082 3.70796 0
      vertex 9.22966 3.53703 2
      vertex 9.22966 3.53703 0
    endloop
  endfacet
  facet normal 0.857755 0.514058 0
    outer loop
      vertex 9.46178 1.97219 2
      vertex 9.36845 2.12792 0
      vertex 9.36845 2.12792 2
    endloop
  endfacet
  facet normal 0.857755 0.514058 0
    outer loop
      vertex 9.36845 2.12792 0
      vertex 9.46178 1.97219 2
      vertex 9.46178 1.97219 0
    endloop
  endfacet
  facet normal -0.969919 -0.24343 0
    outer loop
      vertex 12.8145 3.36092 0
      vertex 12.7703 3.53703 2
      vertex 12.7703 3.53703 0
    endloop
  endfacet
  facet normal -0.969919 -0.24343 0
    outer loop
      vertex 12.7703 3.53703 2
      vertex 12.8145 3.36092 0
      vertex 12.8145 3.36092 2
    endloop
  endfacet
  facet normal -0.941648 -0.336598 0
    outer loop
      vertex 12.7703 3.53703 0
      vertex 12.7092 3.70796 2
      vertex 12.7092 3.70796 0
    endloop
  endfacet
  facet normal -0.941648 -0.336598 0
    outer loop
      vertex 12.7092 3.70796 2
      vertex 12.7703 3.53703 0
      vertex 12.7703 3.53703 2
    endloop
  endfacet
  facet normal -0.740737 -0.671795 0
    outer loop
      vertex 12.4301 4.17363 0
      vertex 12.3081 4.30815 2
      vertex 12.3081 4.30815 0
    endloop
  endfacet
  facet normal -0.740737 -0.671795 0
    outer loop
      vertex 12.3081 4.30815 2
      vertex 12.4301 4.17363 0
      vertex 12.4301 4.17363 2
    endloop
  endfacet
  facet normal -0.427629 -0.903954 0
    outer loop
      vertex 11.708 4.70918 0
      vertex 11.8721 4.63155 2
      vertex 11.708 4.70918 2
    endloop
  endfacet
  facet normal -0.427629 -0.903954 -0
    outer loop
      vertex 11.8721 4.63155 2
      vertex 11.708 4.70918 0
      vertex 11.8721 4.63155 0
    endloop
  endfacet
  facet normal 0.998795 0.0490777 0
    outer loop
      vertex 9.15891 2.81867 2
      vertex 9.15 3 0
      vertex 9.15 3 2
    endloop
  endfacet
  facet normal 0.998795 0.0490777 0
    outer loop
      vertex 9.15 3 0
      vertex 9.15891 2.81867 2
      vertex 9.15891 2.81867 0
    endloop
  endfacet
  facet normal 0.671553 -0.740956 0
    outer loop
      vertex 9.69185 4.30815 0
      vertex 9.82637 4.43007 2
      vertex 9.69185 4.30815 2
    endloop
  endfacet
  facet normal 0.671553 -0.740956 0
    outer loop
      vertex 9.82637 4.43007 2
      vertex 9.69185 4.30815 0
      vertex 9.82637 4.43007 0
    endloop
  endfacet
  facet normal -0.803333 0.595531 0
    outer loop
      vertex 12.4301 1.82637 0
      vertex 12.5382 1.97219 2
      vertex 12.5382 1.97219 0
    endloop
  endfacet
  facet normal -0.803333 0.595531 0
    outer loop
      vertex 12.5382 1.97219 2
      vertex 12.4301 1.82637 0
      vertex 12.4301 1.82637 2
    endloop
  endfacet
  facet normal -0.336769 0.941587 0
    outer loop
      vertex 11.708 1.29082 0
      vertex 11.537 1.22966 2
      vertex 11.708 1.29082 2
    endloop
  endfacet
  facet normal -0.336769 0.941587 0
    outer loop
      vertex 11.537 1.22966 2
      vertex 11.708 1.29082 0
      vertex 11.537 1.22966 0
    endloop
  endfacet
  facet normal -0.740737 0.671795 0
    outer loop
      vertex 12.3081 1.69185 0
      vertex 12.4301 1.82637 2
      vertex 12.4301 1.82637 0
    endloop
  endfacet
  facet normal -0.740737 0.671795 0
    outer loop
      vertex 12.4301 1.82637 2
      vertex 12.3081 1.69185 0
      vertex 12.3081 1.69185 2
    endloop
  endfacet
  facet normal -0.0490858 0.998795 0
    outer loop
      vertex 11.1813 1.15891 0
      vertex 11 1.15 2
      vertex 11.1813 1.15891 2
    endloop
  endfacet
  facet normal -0.0490858 0.998795 0
    outer loop
      vertex 11 1.15 2
      vertex 11.1813 1.15891 0
      vertex 11 1.15 0
    endloop
  endfacet
  facet normal 0.427629 0.903954 -0
    outer loop
      vertex 10.292 1.29082 0
      vertex 10.1279 1.36845 2
      vertex 10.292 1.29082 2
    endloop
  endfacet
  facet normal 0.427629 0.903954 0
    outer loop
      vertex 10.1279 1.36845 2
      vertex 10.292 1.29082 0
      vertex 10.1279 1.36845 0
    endloop
  endfacet
  facet normal 0.514107 0.857726 -0
    outer loop
      vertex 10.1279 1.36845 0
      vertex 9.97219 1.46178 2
      vertex 10.1279 1.36845 2
    endloop
  endfacet
  facet normal 0.514107 0.857726 0
    outer loop
      vertex 9.97219 1.46178 2
      vertex 10.1279 1.36845 0
      vertex 9.97219 1.46178 0
    endloop
  endfacet
  facet normal 0.903974 0.427587 0
    outer loop
      vertex 9.36845 2.12792 2
      vertex 9.29082 2.29204 0
      vertex 9.29082 2.29204 2
    endloop
  endfacet
  facet normal 0.903974 0.427587 0
    outer loop
      vertex 9.29082 2.29204 0
      vertex 9.36845 2.12792 2
      vertex 9.36845 2.12792 0
    endloop
  endfacet
  facet normal -0.989208 -0.146517 0
    outer loop
      vertex 12.8411 3.18133 0
      vertex 12.8145 3.36092 2
      vertex 12.8145 3.36092 0
    endloop
  endfacet
  facet normal -0.989208 -0.146517 0
    outer loop
      vertex 12.8145 3.36092 2
      vertex 12.8411 3.18133 0
      vertex 12.8411 3.18133 2
    endloop
  endfacet
  facet normal -0.904038 -0.427452 0
    outer loop
      vertex 12.7092 3.70796 0
      vertex 12.6316 3.87208 2
      vertex 12.6316 3.87208 0
    endloop
  endfacet
  facet normal -0.904038 -0.427452 0
    outer loop
      vertex 12.6316 3.87208 2
      vertex 12.7092 3.70796 0
      vertex 12.7092 3.70796 2
    endloop
  endfacet
  facet normal -0.857571 -0.514366 0
    outer loop
      vertex 12.6316 3.87208 0
      vertex 12.5382 4.0278 2
      vertex 12.5382 4.0278 0
    endloop
  endfacet
  facet normal -0.857571 -0.514366 0
    outer loop
      vertex 12.5382 4.0278 2
      vertex 12.6316 3.87208 0
      vertex 12.6316 3.87208 2
    endloop
  endfacet
  facet normal -0.803352 -0.595504 0
    outer loop
      vertex 12.5382 4.0278 0
      vertex 12.4301 4.17363 2
      vertex 12.4301 4.17363 0
    endloop
  endfacet
  facet normal -0.803352 -0.595504 0
    outer loop
      vertex 12.4301 4.17363 2
      vertex 12.5382 4.0278 0
      vertex 12.5382 4.0278 2
    endloop
  endfacet
  facet normal -0.671608 -0.740906 0
    outer loop
      vertex 12.1736 4.43007 0
      vertex 12.3081 4.30815 2
      vertex 12.1736 4.43007 2
    endloop
  endfacet
  facet normal -0.671608 -0.740906 -0
    outer loop
      vertex 12.3081 4.30815 2
      vertex 12.1736 4.43007 0
      vertex 12.3081 4.30815 0
    endloop
  endfacet
  facet normal -0.33682 -0.941569 0
    outer loop
      vertex 11.55 4.7657 0
      vertex 11.708 4.70918 2
      vertex 11.55 4.7657 2
    endloop
  endfacet
  facet normal -0.33682 -0.941569 -0
    outer loop
      vertex 11.708 4.70918 2
      vertex 11.55 4.7657 0
      vertex 11.708 4.70918 0
    endloop
  endfacet
  facet normal 0.989176 -0.146732 0
    outer loop
      vertex 9.15891 3.18133 2
      vertex 9.18555 3.36092 0
      vertex 9.18555 3.36092 2
    endloop
  endfacet
  facet normal 0.989176 -0.146732 0
    outer loop
      vertex 9.18555 3.36092 0
      vertex 9.15891 3.18133 2
      vertex 9.15891 3.18133 0
    endloop
  endfacet
  facet normal 0.80322 -0.595682 0
    outer loop
      vertex 9.46178 4.0278 2
      vertex 9.56993 4.17363 0
      vertex 9.56993 4.17363 2
    endloop
  endfacet
  facet normal 0.80322 -0.595682 0
    outer loop
      vertex 9.56993 4.17363 0
      vertex 9.46178 4.0278 2
      vertex 9.46178 4.0278 0
    endloop
  endfacet
  facet normal 0.857741 -0.514083 0
    outer loop
      vertex 9.36845 3.87208 2
      vertex 9.46178 4.0278 0
      vertex 9.46178 4.0278 2
    endloop
  endfacet
  facet normal 0.857741 -0.514083 0
    outer loop
      vertex 9.46178 4.0278 0
      vertex 9.36845 3.87208 2
      vertex 9.36845 3.87208 0
    endloop
  endfacet
  facet normal 0.514107 -0.857726 0
    outer loop
      vertex 9.97219 4.53822 0
      vertex 10.1279 4.63155 2
      vertex 9.97219 4.53822 2
    endloop
  endfacet
  facet normal 0.514107 -0.857726 0
    outer loop
      vertex 10.1279 4.63155 2
      vertex 9.97219 4.53822 0
      vertex 10.1279 4.63155 0
    endloop
  endfacet
  facet normal 0.595708 -0.803201 0
    outer loop
      vertex 9.82637 4.43007 0
      vertex 9.97219 4.53822 2
      vertex 9.82637 4.43007 2
    endloop
  endfacet
  facet normal 0.595708 -0.803201 0
    outer loop
      vertex 9.97219 4.53822 2
      vertex 9.82637 4.43007 0
      vertex 9.97219 4.53822 0
    endloop
  endfacet
  facet normal 0.740956 -0.671553 0
    outer loop
      vertex 9.56993 4.17363 2
      vertex 9.69185 4.30815 0
      vertex 9.69185 4.30815 2
    endloop
  endfacet
  facet normal 0.740956 -0.671553 0
    outer loop
      vertex 9.69185 4.30815 0
      vertex 9.56993 4.17363 2
      vertex 9.56993 4.17363 0
    endloop
  endfacet
  facet normal -0.998798 -0.0490228 0
    outer loop
      vertex 12.85 3 0
      vertex 12.8411 3.18133 2
      vertex 12.8411 3.18133 0
    endloop
  endfacet
  facet normal -0.998798 -0.0490228 0
    outer loop
      vertex 12.8411 3.18133 2
      vertex 12.85 3 0
      vertex 12.85 3 2
    endloop
  endfacet
  facet normal -0.146724 0.989177 0
    outer loop
      vertex 11.3609 1.18555 0
      vertex 11.1813 1.15891 2
      vertex 11.3609 1.18555 2
    endloop
  endfacet
  facet normal -0.146724 0.989177 0
    outer loop
      vertex 11.1813 1.15891 2
      vertex 11.3609 1.18555 0
      vertex 11.1813 1.15891 0
    endloop
  endfacet
  facet normal -0.941648 0.336598 0
    outer loop
      vertex 12.7092 2.29204 0
      vertex 12.7703 2.46297 2
      vertex 12.7703 2.46297 0
    endloop
  endfacet
  facet normal -0.941648 0.336598 0
    outer loop
      vertex 12.7703 2.46297 2
      vertex 12.7092 2.29204 0
      vertex 12.7092 2.29204 2
    endloop
  endfacet
  facet normal -0.242976 0.970032 0
    outer loop
      vertex 11.537 1.22966 0
      vertex 11.3609 1.18555 2
      vertex 11.537 1.22966 2
    endloop
  endfacet
  facet normal -0.242976 0.970032 0
    outer loop
      vertex 11.3609 1.18555 2
      vertex 11.537 1.22966 0
      vertex 11.3609 1.18555 0
    endloop
  endfacet
  facet normal -0.514131 0.857712 0
    outer loop
      vertex 12.0278 1.46178 0
      vertex 11.8721 1.36845 2
      vertex 12.0278 1.46178 2
    endloop
  endfacet
  facet normal -0.514131 0.857712 0
    outer loop
      vertex 11.8721 1.36845 2
      vertex 12.0278 1.46178 0
      vertex 11.8721 1.36845 0
    endloop
  endfacet
  facet normal -0.671608 0.740906 0
    outer loop
      vertex 12.3081 1.69185 0
      vertex 12.1736 1.56993 2
      vertex 12.3081 1.69185 2
    endloop
  endfacet
  facet normal -0.671608 0.740906 0
    outer loop
      vertex 12.1736 1.56993 2
      vertex 12.3081 1.69185 0
      vertex 12.1736 1.56993 0
    endloop
  endfacet
  facet normal 0.146724 0.989177 -0
    outer loop
      vertex 10.8187 1.15891 0
      vertex 10.6391 1.18555 2
      vertex 10.8187 1.15891 2
    endloop
  endfacet
  facet normal 0.146724 0.989177 0
    outer loop
      vertex 10.6391 1.18555 2
      vertex 10.8187 1.15891 0
      vertex 10.6391 1.18555 0
    endloop
  endfacet
  facet normal 0.242976 0.970032 -0
    outer loop
      vertex 10.6391 1.18555 0
      vertex 10.463 1.22966 2
      vertex 10.6391 1.18555 2
    endloop
  endfacet
  facet normal 0.242976 0.970032 0
    outer loop
      vertex 10.463 1.22966 2
      vertex 10.6391 1.18555 0
      vertex 10.463 1.22966 0
    endloop
  endfacet
  facet normal 0.0490858 0.998795 -0
    outer loop
      vertex 11 1.15 0
      vertex 10.8187 1.15891 2
      vertex 11 1.15 2
    endloop
  endfacet
  facet normal 0.0490858 0.998795 0
    outer loop
      vertex 10.8187 1.15891 2
      vertex 11 1.15 0
      vertex 10.8187 1.15891 0
    endloop
  endfacet
  facet normal 0.336769 0.941587 -0
    outer loop
      vertex 10.463 1.22966 0
      vertex 10.292 1.29082 2
      vertex 10.463 1.22966 2
    endloop
  endfacet
  facet normal 0.336769 0.941587 0
    outer loop
      vertex 10.292 1.29082 2
      vertex 10.463 1.22966 0
      vertex 10.292 1.29082 0
    endloop
  endfacet
  facet normal 0.595708 0.803201 -0
    outer loop
      vertex 9.97219 1.46178 0
      vertex 9.82637 1.56993 2
      vertex 9.97219 1.46178 2
    endloop
  endfacet
  facet normal 0.595708 0.803201 0
    outer loop
      vertex 9.82637 1.56993 2
      vertex 9.97219 1.46178 0
      vertex 9.82637 1.56993 0
    endloop
  endfacet
  facet normal 0.941544 0.336891 0
    outer loop
      vertex 9.29082 2.29204 2
      vertex 9.22966 2.46297 0
      vertex 9.22966 2.46297 2
    endloop
  endfacet
  facet normal 0.941544 0.336891 0
    outer loop
      vertex 9.22966 2.46297 0
      vertex 9.29082 2.29204 2
      vertex 9.29082 2.29204 0
    endloop
  endfacet
  facet normal 0.989176 0.146732 0
    outer loop
      vertex 9.18555 2.63908 2
      vertex 9.15891 2.81867 0
      vertex 9.15891 2.81867 2
    endloop
  endfacet
  facet normal 0.989176 0.146732 0
    outer loop
      vertex 9.15891 2.81867 0
      vertex 9.18555 2.63908 2
      vertex 9.18555 2.63908 0
    endloop
  endfacet
  facet normal 0.740956 0.671553 0
    outer loop
      vertex 9.69185 1.69185 2
      vertex 9.56993 1.82637 0
      vertex 9.56993 1.82637 2
    endloop
  endfacet
  facet normal 0.740956 0.671553 0
    outer loop
      vertex 9.56993 1.82637 0
      vertex 9.69185 1.69185 2
      vertex 9.69185 1.69185 0
    endloop
  endfacet
  facet normal 0.671553 0.740956 -0
    outer loop
      vertex 9.82637 1.56993 0
      vertex 9.69185 1.69185 2
      vertex 9.82637 1.56993 2
    endloop
  endfacet
  facet normal 0.671553 0.740956 0
    outer loop
      vertex 9.69185 1.69185 2
      vertex 9.82637 1.56993 0
      vertex 9.69185 1.69185 0
    endloop
  endfacet
  facet normal 0.803201 0.595708 0
    outer loop
      vertex 9.56993 1.82637 2
      vertex 9.46178 1.97219 0
      vertex 9.46178 1.97219 2
    endloop
  endfacet
  facet normal 0.803201 0.595708 0
    outer loop
      vertex 9.46178 1.97219 0
      vertex 9.56993 1.82637 2
      vertex 9.56993 1.82637 0
    endloop
  endfacet
  facet normal 0.998795 -0.0490777 0
    outer loop
      vertex 9.15 3 2
      vertex 9.15891 3.18133 0
      vertex 9.15891 3.18133 2
    endloop
  endfacet
  facet normal 0.998795 -0.0490777 0
    outer loop
      vertex 9.15891 3.18133 0
      vertex 9.15 3 2
      vertex 9.15 3 0
    endloop
  endfacet
  facet normal 0.970035 -0.242963 0
    outer loop
      vertex 9.18555 3.36092 2
      vertex 9.22966 3.53703 0
      vertex 9.22966 3.53703 2
    endloop
  endfacet
  facet normal 0.970035 -0.242963 0
    outer loop
      vertex 9.22966 3.53703 0
      vertex 9.18555 3.36092 2
      vertex 9.18555 3.36092 0
    endloop
  endfacet
  facet normal 0.903974 -0.427587 0
    outer loop
      vertex 9.29082 3.70796 2
      vertex 9.36845 3.87208 0
      vertex 9.36845 3.87208 2
    endloop
  endfacet
  facet normal 0.903974 -0.427587 0
    outer loop
      vertex 9.36845 3.87208 0
      vertex 9.29082 3.70796 2
      vertex 9.29082 3.70796 0
    endloop
  endfacet
  facet normal 0.33682 -0.941569 0
    outer loop
      vertex 10.292 4.70918 0
      vertex 10.45 4.7657 2
      vertex 10.292 4.70918 2
    endloop
  endfacet
  facet normal 0.33682 -0.941569 0
    outer loop
      vertex 10.45 4.7657 2
      vertex 10.292 4.70918 0
      vertex 10.45 4.7657 0
    endloop
  endfacet
  facet normal -0.989208 0.146517 0
    outer loop
      vertex 12.8145 2.63908 0
      vertex 12.8411 2.81867 2
      vertex 12.8411 2.81867 0
    endloop
  endfacet
  facet normal -0.989208 0.146517 0
    outer loop
      vertex 12.8411 2.81867 2
      vertex 12.8145 2.63908 0
      vertex 12.8145 2.63908 2
    endloop
  endfacet
  facet normal -0.998798 0.0490228 0
    outer loop
      vertex 12.8411 2.81867 0
      vertex 12.85 3 2
      vertex 12.85 3 0
    endloop
  endfacet
  facet normal -0.998798 0.0490228 0
    outer loop
      vertex 12.85 3 2
      vertex 12.8411 2.81867 0
      vertex 12.8411 2.81867 2
    endloop
  endfacet
  facet normal -0.857585 0.514342 0
    outer loop
      vertex 12.5382 1.97219 0
      vertex 12.6316 2.12792 2
      vertex 12.6316 2.12792 0
    endloop
  endfacet
  facet normal -0.857585 0.514342 0
    outer loop
      vertex 12.6316 2.12792 2
      vertex 12.5382 1.97219 0
      vertex 12.5382 1.97219 2
    endloop
  endfacet
  facet normal -0.427629 0.903954 0
    outer loop
      vertex 11.8721 1.36845 0
      vertex 11.708 1.29082 2
      vertex 11.8721 1.36845 2
    endloop
  endfacet
  facet normal -0.427629 0.903954 0
    outer loop
      vertex 11.708 1.29082 2
      vertex 11.8721 1.36845 0
      vertex 11.708 1.29082 0
    endloop
  endfacet
  facet normal -0.595761 0.803162 0
    outer loop
      vertex 12.1736 1.56993 0
      vertex 12.0278 1.46178 2
      vertex 12.1736 1.56993 2
    endloop
  endfacet
  facet normal -0.595761 0.803162 0
    outer loop
      vertex 12.0278 1.46178 2
      vertex 12.1736 1.56993 0
      vertex 12.0278 1.46178 0
    endloop
  endfacet
  facet normal 0.970035 0.242963 0
    outer loop
      vertex 9.22966 2.46297 2
      vertex 9.18555 2.63908 0
      vertex 9.18555 2.63908 2
    endloop
  endfacet
  facet normal 0.970035 0.242963 0
    outer loop
      vertex 9.18555 2.63908 0
      vertex 9.22966 2.46297 2
      vertex 9.22966 2.46297 0
    endloop
  endfacet
  facet normal -0.904038 0.427452 0
    outer loop
      vertex 12.6316 2.12792 0
      vertex 12.7092 2.29204 2
      vertex 12.7092 2.29204 0
    endloop
  endfacet
  facet normal -0.904038 0.427452 0
    outer loop
      vertex 12.7092 2.29204 2
      vertex 12.6316 2.12792 0
      vertex 12.6316 2.12792 2
    endloop
  endfacet
  facet normal 1 -0 0
    outer loop
      vertex 10.45 4.7657 2
      vertex 10.45 8 0
      vertex 10.45 8 2
    endloop
  endfacet
  facet normal 1 0 0
    outer loop
      vertex 10.45 8 0
      vertex 10.45 4.7657 2
      vertex 10.45 4.7657 0
    endloop
  endfacet
  facet normal -1 0 0
    outer loop
      vertex 11.55 4.7657 0
      vertex 11.55 8 2
      vertex 11.55 8 0
    endloop
  endfacet
  facet normal -1 -0 0
    outer loop
      vertex 11.55 8 2
      vertex 11.55 4.7657 0
      vertex 11.55 4.7657 2
    endloop
  endfacet
  facet normal 0 -1 0
    outer loop
      vertex 10.45 8 0
      vertex 11.55 8 2
      vertex 10.45 8 2
    endloop
  endfacet
  facet normal 0 -1 -0
    outer loop
      vertex 11.55 8 2
      vertex 10.45 8 0
      vertex 11.55 8 0
    endloop
  endfacet
  facet normal -0.998797 -0.0490309 0
    outer loop
      vertex 12.85 43 0
      vertex 12.8411 43.1813 2
      vertex 12.8411 43.1813 0
    endloop
  endfacet
  facet normal -0.998797 -0.0490309 0
    outer loop
      vertex 12.8411 43.1813 2
      vertex 12.85 43 0
      vertex 12.85 43 2
    endloop
  endfacet
  facet normal 0.0490309 -0.998797 0
    outer loop
      vertex 10.8187 44.8411 0
      vertex 11 44.85 2
      vertex 10.8187 44.8411 2
    endloop
  endfacet
  facet normal 0.0490309 -0.998797 0
    outer loop
      vertex 11 44.85 2
      vertex 10.8187 44.8411 0
      vertex 11 44.85 0
    endloop
  endfacet
  facet normal -0.67185 -0.740687 0
    outer loop
      vertex 12.1736 44.4301 0
      vertex 12.3081 44.3081 2
      vertex 12.1736 44.4301 2
    endloop
  endfacet
  facet normal -0.67185 -0.740687 -0
    outer loop
      vertex 12.3081 44.3081 2
      vertex 12.1736 44.4301 0
      vertex 12.3081 44.3081 0
    endloop
  endfacet
  facet normal 0.740906 -0.671608 0
    outer loop
      vertex 9.56993 44.1736 2
      vertex 9.69185 44.3081 0
      vertex 9.69185 44.3081 2
    endloop
  endfacet
  facet normal 0.740906 -0.671608 0
    outer loop
      vertex 9.69185 44.3081 0
      vertex 9.56993 44.1736 2
      vertex 9.56993 44.1736 0
    endloop
  endfacet
  facet normal 0.427494 -0.904018 0
    outer loop
      vertex 10.1279 44.6316 0
      vertex 10.292 44.7092 2
      vertex 10.1279 44.6316 2
    endloop
  endfacet
  facet normal 0.427494 -0.904018 0
    outer loop
      vertex 10.292 44.7092 2
      vertex 10.1279 44.6316 0
      vertex 10.292 44.7092 0
    endloop
  endfacet
  facet normal 0.941587 0.336769 0
    outer loop
      vertex 9.29082 42.292 2
      vertex 9.22966 42.463 0
      vertex 9.22966 42.463 2
    endloop
  endfacet
  facet normal 0.941587 0.336769 0
    outer loop
      vertex 9.22966 42.463 0
      vertex 9.29082 42.292 2
      vertex 9.29082 42.292 0
    endloop
  endfacet
  facet normal -0.904018 -0.427494 0
    outer loop
      vertex 12.7092 43.708 0
      vertex 12.6316 43.8721 2
      vertex 12.6316 43.8721 0
    endloop
  endfacet
  facet normal -0.904018 -0.427494 0
    outer loop
      vertex 12.6316 43.8721 2
      vertex 12.7092 43.708 0
      vertex 12.7092 43.708 2
    endloop
  endfacet
  facet normal -0.336476 -0.941692 0
    outer loop
      vertex 11.537 44.7703 0
      vertex 11.708 44.7092 2
      vertex 11.537 44.7703 2
    endloop
  endfacet
  facet normal -0.336476 -0.941692 -0
    outer loop
      vertex 11.708 44.7092 2
      vertex 11.537 44.7703 0
      vertex 11.708 44.7092 0
    endloop
  endfacet
  facet normal 0.903954 -0.427629 0
    outer loop
      vertex 9.29082 43.708 2
      vertex 9.36845 43.8721 0
      vertex 9.36845 43.8721 2
    endloop
  endfacet
  facet normal 0.903954 -0.427629 0
    outer loop
      vertex 9.36845 43.8721 0
      vertex 9.29082 43.708 2
      vertex 9.29082 43.708 0
    endloop
  endfacet
  facet normal 0.857712 -0.514131 0
    outer loop
      vertex 9.36845 43.8721 2
      vertex 9.46178 44.0278 0
      vertex 9.46178 44.0278 2
    endloop
  endfacet
  facet normal 0.857712 -0.514131 0
    outer loop
      vertex 9.46178 44.0278 0
      vertex 9.36845 43.8721 2
      vertex 9.36845 43.8721 0
    endloop
  endfacet
  facet normal 0.243443 -0.969915 0
    outer loop
      vertex 10.463 44.7703 0
      vertex 10.6391 44.8145 2
      vertex 10.463 44.7703 2
    endloop
  endfacet
  facet normal 0.243443 -0.969915 0
    outer loop
      vertex 10.6391 44.8145 2
      vertex 10.463 44.7703 0
      vertex 10.6391 44.8145 0
    endloop
  endfacet
  facet normal -0.904018 0.427494 0
    outer loop
      vertex 12.6316 42.1279 0
      vertex 12.7092 42.292 2
      vertex 12.7092 42.292 0
    endloop
  endfacet
  facet normal -0.904018 0.427494 0
    outer loop
      vertex 12.7092 42.292 2
      vertex 12.6316 42.1279 0
      vertex 12.6316 42.1279 2
    endloop
  endfacet
  facet normal -0.336714 0.941607 0
    outer loop
      vertex 11.708 41.2908 0
      vertex 11.55 41.2343 2
      vertex 11.708 41.2908 2
    endloop
  endfacet
  facet normal -0.336714 0.941607 0
    outer loop
      vertex 11.55 41.2343 2
      vertex 11.708 41.2908 0
      vertex 11.55 41.2343 0
    endloop
  endfacet
  facet normal -0.740687 0.67185 0
    outer loop
      vertex 12.3081 41.6919 0
      vertex 12.4301 41.8264 2
      vertex 12.4301 41.8264 0
    endloop
  endfacet
  facet normal -0.740687 0.67185 0
    outer loop
      vertex 12.4301 41.8264 2
      vertex 12.3081 41.6919 0
      vertex 12.3081 41.6919 2
    endloop
  endfacet
  facet normal 0.740906 0.671608 0
    outer loop
      vertex 9.69185 41.6919 2
      vertex 9.56993 41.8264 0
      vertex 9.56993 41.8264 2
    endloop
  endfacet
  facet normal 0.740906 0.671608 0
    outer loop
      vertex 9.56993 41.8264 0
      vertex 9.69185 41.6919 2
      vertex 9.69185 41.6919 0
    endloop
  endfacet
  facet normal -0.969915 -0.243443 0
    outer loop
      vertex 12.8145 43.3609 0
      vertex 12.7703 43.537 2
      vertex 12.7703 43.537 0
    endloop
  endfacet
  facet normal -0.969915 -0.243443 0
    outer loop
      vertex 12.7703 43.537 2
      vertex 12.8145 43.3609 0
      vertex 12.8145 43.3609 2
    endloop
  endfacet
  facet normal -0.989209 -0.146509 0
    outer loop
      vertex 12.8411 43.1813 0
      vertex 12.8145 43.3609 2
      vertex 12.8145 43.3609 0
    endloop
  endfacet
  facet normal -0.989209 -0.146509 0
    outer loop
      vertex 12.8145 43.3609 2
      vertex 12.8411 43.1813 0
      vertex 12.8411 43.1813 2
    endloop
  endfacet
  facet normal -0.941692 -0.336476 0
    outer loop
      vertex 12.7703 43.537 0
      vertex 12.7092 43.708 2
      vertex 12.7092 43.708 0
    endloop
  endfacet
  facet normal -0.941692 -0.336476 0
    outer loop
      vertex 12.7092 43.708 2
      vertex 12.7703 43.537 0
      vertex 12.7703 43.537 2
    endloop
  endfacet
  facet normal -0.803294 -0.595583 0
    outer loop
      vertex 12.5382 44.0278 0
      vertex 12.4301 44.1736 2
      vertex 12.4301 44.1736 0
    endloop
  endfacet
  facet normal -0.803294 -0.595583 0
    outer loop
      vertex 12.4301 44.1736 2
      vertex 12.5382 44.0278 0
      vertex 12.5382 44.0278 2
    endloop
  endfacet
  facet normal -0.857542 -0.514415 0
    outer loop
      vertex 12.6316 43.8721 0
      vertex 12.5382 44.0278 2
      vertex 12.5382 44.0278 0
    endloop
  endfacet
  facet normal -0.857542 -0.514415 0
    outer loop
      vertex 12.5382 44.0278 2
      vertex 12.6316 43.8721 0
      vertex 12.6316 43.8721 2
    endloop
  endfacet
  facet normal -0.146509 -0.989209 0
    outer loop
      vertex 11.1813 44.8411 0
      vertex 11.3609 44.8145 2
      vertex 11.1813 44.8411 2
    endloop
  endfacet
  facet normal -0.146509 -0.989209 -0
    outer loop
      vertex 11.3609 44.8145 2
      vertex 11.1813 44.8411 0
      vertex 11.3609 44.8145 0
    endloop
  endfacet
  facet normal -0.0490309 -0.998797 0
    outer loop
      vertex 11 44.85 0
      vertex 11.1813 44.8411 2
      vertex 11 44.85 2
    endloop
  endfacet
  facet normal -0.0490309 -0.998797 -0
    outer loop
      vertex 11.1813 44.8411 2
      vertex 11 44.85 0
      vertex 11.1813 44.8411 0
    endloop
  endfacet
  facet normal -0.514415 -0.857542 0
    outer loop
      vertex 11.8721 44.6316 0
      vertex 12.0278 44.5382 2
      vertex 11.8721 44.6316 2
    endloop
  endfacet
  facet normal -0.514415 -0.857542 -0
    outer loop
      vertex 12.0278 44.5382 2
      vertex 11.8721 44.6316 0
      vertex 12.0278 44.5382 0
    endloop
  endfacet
  facet normal -0.595583 -0.803294 0
    outer loop
      vertex 12.0278 44.5382 0
      vertex 12.1736 44.4301 2
      vertex 12.0278 44.5382 2
    endloop
  endfacet
  facet normal -0.595583 -0.803294 -0
    outer loop
      vertex 12.1736 44.4301 2
      vertex 12.0278 44.5382 0
      vertex 12.1736 44.4301 0
    endloop
  endfacet
  facet normal 0.989177 -0.146724 0
    outer loop
      vertex 9.15891 43.1813 2
      vertex 9.18555 43.3609 0
      vertex 9.18555 43.3609 2
    endloop
  endfacet
  facet normal 0.989177 -0.146724 0
    outer loop
      vertex 9.18555 43.3609 0
      vertex 9.15891 43.1813 2
      vertex 9.15891 43.1813 0
    endloop
  endfacet
  facet normal 0.803162 -0.595761 0
    outer loop
      vertex 9.46178 44.0278 2
      vertex 9.56993 44.1736 0
      vertex 9.56993 44.1736 2
    endloop
  endfacet
  facet normal 0.803162 -0.595761 0
    outer loop
      vertex 9.56993 44.1736 0
      vertex 9.46178 44.0278 2
      vertex 9.46178 44.0278 0
    endloop
  endfacet
  facet normal 0.941587 -0.336769 0
    outer loop
      vertex 9.22966 43.537 2
      vertex 9.29082 43.708 0
      vertex 9.29082 43.708 2
    endloop
  endfacet
  facet normal 0.941587 -0.336769 0
    outer loop
      vertex 9.29082 43.708 0
      vertex 9.22966 43.537 2
      vertex 9.22966 43.537 0
    endloop
  endfacet
  facet normal 0.998795 -0.0490858 0
    outer loop
      vertex 9.15 43 2
      vertex 9.15891 43.1813 0
      vertex 9.15891 43.1813 2
    endloop
  endfacet
  facet normal 0.998795 -0.0490858 0
    outer loop
      vertex 9.15891 43.1813 0
      vertex 9.15 43 2
      vertex 9.15 43 0
    endloop
  endfacet
  facet normal 0.51439 -0.857556 0
    outer loop
      vertex 9.97219 44.5382 0
      vertex 10.1279 44.6316 2
      vertex 9.97219 44.5382 2
    endloop
  endfacet
  facet normal 0.51439 -0.857556 0
    outer loop
      vertex 10.1279 44.6316 2
      vertex 9.97219 44.5382 0
      vertex 10.1279 44.6316 0
    endloop
  endfacet
  facet normal 0.595531 -0.803333 0
    outer loop
      vertex 9.82637 44.4301 0
      vertex 9.97219 44.5382 2
      vertex 9.82637 44.4301 2
    endloop
  endfacet
  facet normal 0.595531 -0.803333 0
    outer loop
      vertex 9.97219 44.5382 2
      vertex 9.82637 44.4301 0
      vertex 9.97219 44.5382 0
    endloop
  endfacet
  facet normal 0.336476 -0.941692 0
    outer loop
      vertex 10.292 44.7092 0
      vertex 10.463 44.7703 2
      vertex 10.292 44.7092 2
    endloop
  endfacet
  facet normal 0.336476 -0.941692 0
    outer loop
      vertex 10.463 44.7703 2
      vertex 10.292 44.7092 0
      vertex 10.463 44.7703 0
    endloop
  endfacet
  facet normal 0.146509 -0.989209 0
    outer loop
      vertex 10.6391 44.8145 0
      vertex 10.8187 44.8411 2
      vertex 10.6391 44.8145 2
    endloop
  endfacet
  facet normal 0.146509 -0.989209 0
    outer loop
      vertex 10.8187 44.8411 2
      vertex 10.6391 44.8145 0
      vertex 10.8187 44.8411 0
    endloop
  endfacet
  facet normal -0.998797 0.0490309 0
    outer loop
      vertex 12.8411 42.8187 0
      vertex 12.85 43 2
      vertex 12.85 43 0
    endloop
  endfacet
  facet normal -0.998797 0.0490309 0
    outer loop
      vertex 12.85 43 2
      vertex 12.8411 42.8187 0
      vertex 12.8411 42.8187 2
    endloop
  endfacet
  facet normal -0.514415 0.857542 0
    outer loop
      vertex 12.0278 41.4618 0
      vertex 11.8721 41.3684 2
      vertex 12.0278 41.4618 2
    endloop
  endfacet
  facet normal -0.514415 0.857542 0
    outer loop
      vertex 11.8721 41.3684 2
      vertex 12.0278 41.4618 0
      vertex 11.8721 41.3684 0
    endloop
  endfacet
  facet normal -0.67185 0.740687 0
    outer loop
      vertex 12.3081 41.6919 0
      vertex 12.1736 41.5699 2
      vertex 12.3081 41.6919 2
    endloop
  endfacet
  facet normal -0.67185 0.740687 0
    outer loop
      vertex 12.1736 41.5699 2
      vertex 12.3081 41.6919 0
      vertex 12.1736 41.5699 0
    endloop
  endfacet
  facet normal -0.595583 0.803294 0
    outer loop
      vertex 12.1736 41.5699 0
      vertex 12.0278 41.4618 2
      vertex 12.1736 41.5699 2
    endloop
  endfacet
  facet normal -0.595583 0.803294 0
    outer loop
      vertex 12.0278 41.4618 2
      vertex 12.1736 41.5699 0
      vertex 12.0278 41.4618 0
    endloop
  endfacet
  facet normal -0.803294 0.595583 0
    outer loop
      vertex 12.4301 41.8264 0
      vertex 12.5382 41.9722 2
      vertex 12.5382 41.9722 0
    endloop
  endfacet
  facet normal -0.803294 0.595583 0
    outer loop
      vertex 12.5382 41.9722 2
      vertex 12.4301 41.8264 0
      vertex 12.4301 41.8264 2
    endloop
  endfacet
  facet normal -0.857542 0.514415 0
    outer loop
      vertex 12.5382 41.9722 0
      vertex 12.6316 42.1279 2
      vertex 12.6316 42.1279 0
    endloop
  endfacet
  facet normal -0.857542 0.514415 0
    outer loop
      vertex 12.6316 42.1279 2
      vertex 12.5382 41.9722 0
      vertex 12.5382 41.9722 2
    endloop
  endfacet
  facet normal -0.989209 0.146509 0
    outer loop
      vertex 12.8145 42.6391 0
      vertex 12.8411 42.8187 2
      vertex 12.8411 42.8187 0
    endloop
  endfacet
  facet normal -0.989209 0.146509 0
    outer loop
      vertex 12.8411 42.8187 2
      vertex 12.8145 42.6391 0
      vertex 12.8145 42.6391 2
    endloop
  endfacet
  facet normal -0.969915 0.243443 0
    outer loop
      vertex 12.7703 42.463 0
      vertex 12.8145 42.6391 2
      vertex 12.8145 42.6391 0
    endloop
  endfacet
  facet normal -0.969915 0.243443 0
    outer loop
      vertex 12.8145 42.6391 2
      vertex 12.7703 42.463 0
      vertex 12.7703 42.463 2
    endloop
  endfacet
  facet normal 0.595531 0.803333 -0
    outer loop
      vertex 9.97219 41.4618 0
      vertex 9.82637 41.5699 2
      vertex 9.97219 41.4618 2
    endloop
  endfacet
  facet normal 0.595531 0.803333 0
    outer loop
      vertex 9.82637 41.5699 2
      vertex 9.97219 41.4618 0
      vertex 9.82637 41.5699 0
    endloop
  endfacet
  facet normal 0.51439 0.857556 -0
    outer loop
      vertex 10.1279 41.3684 0
      vertex 9.97219 41.4618 2
      vertex 10.1279 41.3684 2
    endloop
  endfacet
  facet normal 0.51439 0.857556 0
    outer loop
      vertex 9.97219 41.4618 2
      vertex 10.1279 41.3684 0
      vertex 9.97219 41.4618 0
    endloop
  endfacet
  facet normal 0.427494 0.904018 -0
    outer loop
      vertex 10.292 41.2908 0
      vertex 10.1279 41.3684 2
      vertex 10.292 41.2908 2
    endloop
  endfacet
  facet normal 0.427494 0.904018 0
    outer loop
      vertex 10.1279 41.3684 2
      vertex 10.292 41.2908 0
      vertex 10.1279 41.3684 0
    endloop
  endfacet
  facet normal 0.857712 0.514131 0
    outer loop
      vertex 9.46178 41.9722 2
      vertex 9.36845 42.1279 0
      vertex 9.36845 42.1279 2
    endloop
  endfacet
  facet normal 0.857712 0.514131 0
    outer loop
      vertex 9.36845 42.1279 0
      vertex 9.46178 41.9722 2
      vertex 9.46178 41.9722 0
    endloop
  endfacet
  facet normal 0.989177 0.146724 0
    outer loop
      vertex 9.18555 42.6391 2
      vertex 9.15891 42.8187 0
      vertex 9.15891 42.8187 2
    endloop
  endfacet
  facet normal 0.989177 0.146724 0
    outer loop
      vertex 9.15891 42.8187 0
      vertex 9.18555 42.6391 2
      vertex 9.18555 42.6391 0
    endloop
  endfacet
  facet normal -0.740687 -0.67185 0
    outer loop
      vertex 12.4301 44.1736 0
      vertex 12.3081 44.3081 2
      vertex 12.3081 44.3081 0
    endloop
  endfacet
  facet normal -0.740687 -0.67185 0
    outer loop
      vertex 12.3081 44.3081 2
      vertex 12.4301 44.1736 0
      vertex 12.4301 44.1736 2
    endloop
  endfacet
  facet normal -0.243443 -0.969915 0
    outer loop
      vertex 11.3609 44.8145 0
      vertex 11.537 44.7703 2
      vertex 11.3609 44.8145 2
    endloop
  endfacet
  facet normal -0.243443 -0.969915 -0
    outer loop
      vertex 11.537 44.7703 2
      vertex 11.3609 44.8145 0
      vertex 11.537 44.7703 0
    endloop
  endfacet
  facet normal -0.427494 -0.904018 0
    outer loop
      vertex 11.708 44.7092 0
      vertex 11.8721 44.6316 2
      vertex 11.708 44.7092 2
    endloop
  endfacet
  facet normal -0.427494 -0.904018 -0
    outer loop
      vertex 11.8721 44.6316 2
      vertex 11.708 44.7092 0
      vertex 11.8721 44.6316 0
    endloop
  endfacet
  facet normal 0.970032 -0.242976 0
    outer loop
      vertex 9.18555 43.3609 2
      vertex 9.22966 43.537 0
      vertex 9.22966 43.537 2
    endloop
  endfacet
  facet normal 0.970032 -0.242976 0
    outer loop
      vertex 9.22966 43.537 0
      vertex 9.18555 43.3609 2
      vertex 9.18555 43.3609 0
    endloop
  endfacet
  facet normal 0.998795 0.0490858 0
    outer loop
      vertex 9.15891 42.8187 2
      vertex 9.15 43 0
      vertex 9.15 43 2
    endloop
  endfacet
  facet normal 0.998795 0.0490858 0
    outer loop
      vertex 9.15 43 0
      vertex 9.15891 42.8187 2
      vertex 9.15891 42.8187 0
    endloop
  endfacet
  facet normal 0.671795 -0.740737 0
    outer loop
      vertex 9.69185 44.3081 0
      vertex 9.82637 44.4301 2
      vertex 9.69185 44.3081 2
    endloop
  endfacet
  facet normal 0.671795 -0.740737 0
    outer loop
      vertex 9.82637 44.4301 2
      vertex 9.69185 44.3081 0
      vertex 9.82637 44.4301 0
    endloop
  endfacet
  facet normal -0.427494 0.904018 0
    outer loop
      vertex 11.8721 41.3684 0
      vertex 11.708 41.2908 2
      vertex 11.8721 41.3684 2
    endloop
  endfacet
  facet normal -0.427494 0.904018 0
    outer loop
      vertex 11.708 41.2908 2
      vertex 11.8721 41.3684 0
      vertex 11.708 41.2908 0
    endloop
  endfacet
  facet normal -0.941692 0.336476 0
    outer loop
      vertex 12.7092 42.292 0
      vertex 12.7703 42.463 2
      vertex 12.7703 42.463 0
    endloop
  endfacet
  facet normal -0.941692 0.336476 0
    outer loop
      vertex 12.7703 42.463 2
      vertex 12.7092 42.292 0
      vertex 12.7092 42.292 2
    endloop
  endfacet
  facet normal 0.336714 0.941607 -0
    outer loop
      vertex 10.45 41.2343 0
      vertex 10.292 41.2908 2
      vertex 10.45 41.2343 2
    endloop
  endfacet
  facet normal 0.336714 0.941607 0
    outer loop
      vertex 10.292 41.2908 2
      vertex 10.45 41.2343 0
      vertex 10.292 41.2908 0
    endloop
  endfacet
  facet normal 0.671795 0.740737 -0
    outer loop
      vertex 9.82637 41.5699 0
      vertex 9.69185 41.6919 2
      vertex 9.82637 41.5699 2
    endloop
  endfacet
  facet normal 0.671795 0.740737 0
    outer loop
      vertex 9.69185 41.6919 2
      vertex 9.82637 41.5699 0
      vertex 9.69185 41.6919 0
    endloop
  endfacet
  facet normal 0.803162 0.595761 0
    outer loop
      vertex 9.56993 41.8264 2
      vertex 9.46178 41.9722 0
      vertex 9.46178 41.9722 2
    endloop
  endfacet
  facet normal 0.803162 0.595761 0
    outer loop
      vertex 9.46178 41.9722 0
      vertex 9.56993 41.8264 2
      vertex 9.56993 41.8264 0
    endloop
  endfacet
  facet normal 0.903954 0.427629 0
    outer loop
      vertex 9.36845 42.1279 2
      vertex 9.29082 42.292 0
      vertex 9.29082 42.292 2
    endloop
  endfacet
  facet normal 0.903954 0.427629 0
    outer loop
      vertex 9.29082 42.292 0
      vertex 9.36845 42.1279 2
      vertex 9.36845 42.1279 0
    endloop
  endfacet
  facet normal 0.970032 0.242976 0
    outer loop
      vertex 9.22966 42.463 2
      vertex 9.18555 42.6391 0
      vertex 9.18555 42.6391 2
    endloop
  endfacet
  facet normal 0.970032 0.242976 0
    outer loop
      vertex 9.18555 42.6391 0
      vertex 9.22966 42.463 2
      vertex 9.22966 42.463 0
    endloop
  endfacet
  facet normal 1 -0 0
    outer loop
      vertex 10.45 38 2
      vertex 10.45 41.2343 0
      vertex 10.45 41.2343 2
    endloop
  endfacet
  facet normal 1 0 0
    outer loop
      vertex 10.45 41.2343 0
      vertex 10.45 38 2
      vertex 10.45 38 0
    endloop
  endfacet
  facet normal -1 0 0
    outer loop
      vertex 11.55 38 0
      vertex 11.55 41.2343 2
      vertex 11.55 41.2343 0
    endloop
  endfacet
  facet normal -1 -0 0
    outer loop
      vertex 11.55 41.2343 2
      vertex 11.55 38 0
      vertex 11.55 38 2
    endloop
  endfacet
  facet normal 0 1 -0
    outer loop
      vertex 11.55 38 0
      vertex 10.45 38 2
      vertex 11.55 38 2
    endloop
  endfacet
  facet normal 0 1 0
    outer loop
      vertex 10.45 38 2
      vertex 11.55 38 0
      vertex 10.45 38 0
    endloop
  endfacet
  facet normal -0.595761 -0.803162 0
    outer loop
      vertex 82.0278 4.53822 0
      vertex 82.1736 4.43007 2
      vertex 82.0278 4.53822 2
    endloop
  endfacet
  facet normal -0.595761 -0.803162 -0
    outer loop
      vertex 82.1736 4.43007 2
      vertex 82.0278 4.53822 0
      vertex 82.1736 4.43007 0
    endloop
  endfacet
  facet normal 0.427629 -0.903954 0
    outer loop
      vertex 80.1279 4.63155 0
      vertex 80.292 4.70918 2
      vertex 80.1279 4.63155 2
    endloop
  endfacet
  facet normal 0.427629 -0.903954 0
    outer loop
      vertex 80.292 4.70918 2
      vertex 80.1279 4.63155 0
      vertex 80.292 4.70918 0
    endloop
  endfacet
  facet normal 0.941648 -0.336598 0
    outer loop
      vertex 79.2297 3.53703 2
      vertex 79.2908 3.70796 0
      vertex 79.2908 3.70796 2
    endloop
  endfacet
  facet normal 0.941648 -0.336598 0
    outer loop
      vertex 79.2908 3.70796 0
      vertex 79.2297 3.53703 2
      vertex 79.2297 3.53703 0
    endloop
  endfacet
  facet normal -0.998798 0.0490228 0
    outer loop
      vertex 82.8411 2.81867 0
      vertex 82.85 3 2
      vertex 82.85 3 0
    endloop
  endfacet
  facet normal -0.998798 0.0490228 0
    outer loop
      vertex 82.85 3 2
      vertex 82.8411 2.81867 0
      vertex 82.8411 2.81867 2
    endloop
  endfacet
  facet normal -0.904038 -0.427452 0
    outer loop
      vertex 82.7092 3.70796 0
      vertex 82.6316 3.87208 2
      vertex 82.6316 3.87208 0
    endloop
  endfacet
  facet normal -0.904038 -0.427452 0
    outer loop
      vertex 82.6316 3.87208 2
      vertex 82.7092 3.70796 0
      vertex 82.7092 3.70796 2
    endloop
  endfacet
  facet normal -0.857571 -0.514366 0
    outer loop
      vertex 82.6316 3.87208 0
      vertex 82.5382 4.0278 2
      vertex 82.5382 4.0278 0
    endloop
  endfacet
  facet normal -0.857571 -0.514366 0
    outer loop
      vertex 82.5382 4.0278 2
      vertex 82.6316 3.87208 0
      vertex 82.6316 3.87208 2
    endloop
  endfacet
  facet normal -0.33682 -0.941569 0
    outer loop
      vertex 81.55 4.7657 0
      vertex 81.708 4.70918 2
      vertex 81.55 4.7657 2
    endloop
  endfacet
  facet normal -0.33682 -0.941569 -0
    outer loop
      vertex 81.708 4.70918 2
      vertex 81.55 4.7657 0
      vertex 81.708 4.70918 0
    endloop
  endfacet
  facet normal 0.998798 -0.0490228 0
    outer loop
      vertex 79.15 3 2
      vertex 79.1589 3.18133 0
      vertex 79.1589 3.18133 2
    endloop
  endfacet
  facet normal 0.998798 -0.0490228 0
    outer loop
      vertex 79.1589 3.18133 0
      vertex 79.15 3 2
      vertex 79.15 3 0
    endloop
  endfacet
  facet normal 0.803352 -0.595504 0
    outer loop
      vertex 79.4618 4.0278 2
      vertex 79.5699 4.17363 0
      vertex 79.5699 4.17363 2
    endloop
  endfacet
  facet normal 0.803352 -0.595504 0
    outer loop
      vertex 79.5699 4.17363 0
      vertex 79.4618 4.0278 2
      vertex 79.4618 4.0278 0
    endloop
  endfacet
  facet normal -0.803333 0.595531 0
    outer loop
      vertex 82.4301 1.82637 0
      vertex 82.5382 1.97219 2
      vertex 82.5382 1.97219 0
    endloop
  endfacet
  facet normal -0.803333 0.595531 0
    outer loop
      vertex 82.5382 1.97219 2
      vertex 82.4301 1.82637 0
      vertex 82.4301 1.82637 2
    endloop
  endfacet
  facet normal -0.941648 0.336598 0
    outer loop
      vertex 82.7092 2.29204 0
      vertex 82.7703 2.46297 2
      vertex 82.7703 2.46297 0
    endloop
  endfacet
  facet normal -0.941648 0.336598 0
    outer loop
      vertex 82.7703 2.46297 2
      vertex 82.7092 2.29204 0
      vertex 82.7092 2.29204 2
    endloop
  endfacet
  facet normal 0.0490858 0.998795 -0
    outer loop
      vertex 81 1.15 0
      vertex 80.8187 1.15891 2
      vertex 81 1.15 2
    endloop
  endfacet
  facet normal 0.0490858 0.998795 0
    outer loop
      vertex 80.8187 1.15891 2
      vertex 81 1.15 0
      vertex 80.8187 1.15891 0
    endloop
  endfacet
  facet normal 0.595761 0.803162 -0
    outer loop
      vertex 79.9722 1.46178 0
      vertex 79.8264 1.56993 2
      vertex 79.9722 1.46178 2
    endloop
  endfacet
  facet normal 0.595761 0.803162 0
    outer loop
      vertex 79.8264 1.56993 2
      vertex 79.9722 1.46178 0
      vertex 79.8264 1.56993 0
    endloop
  endfacet
  facet normal -0.989208 -0.146517 0
    outer loop
      vertex 82.8411 3.18133 0
      vertex 82.8145 3.36092 2
      vertex 82.8145 3.36092 0
    endloop
  endfacet
  facet normal -0.989208 -0.146517 0
    outer loop
      vertex 82.8145 3.36092 2
      vertex 82.8411 3.18133 0
      vertex 82.8411 3.18133 2
    endloop
  endfacet
  facet normal -0.969919 -0.24343 0
    outer loop
      vertex 82.8145 3.36092 0
      vertex 82.7703 3.53703 2
      vertex 82.7703 3.53703 0
    endloop
  endfacet
  facet normal -0.969919 -0.24343 0
    outer loop
      vertex 82.7703 3.53703 2
      vertex 82.8145 3.36092 0
      vertex 82.8145 3.36092 2
    endloop
  endfacet
  facet normal -0.941648 -0.336598 0
    outer loop
      vertex 82.7703 3.53703 0
      vertex 82.7092 3.70796 2
      vertex 82.7092 3.70796 0
    endloop
  endfacet
  facet normal -0.941648 -0.336598 0
    outer loop
      vertex 82.7092 3.70796 2
      vertex 82.7703 3.53703 0
      vertex 82.7703 3.53703 2
    endloop
  endfacet
  facet normal -0.741011 -0.671493 0
    outer loop
      vertex 82.4301 4.17363 0
      vertex 82.3082 4.30815 2
      vertex 82.3082 4.30815 0
    endloop
  endfacet
  facet normal -0.741011 -0.671493 0
    outer loop
      vertex 82.3082 4.30815 2
      vertex 82.4301 4.17363 0
      vertex 82.4301 4.17363 2
    endloop
  endfacet
  facet normal -0.803352 -0.595504 0
    outer loop
      vertex 82.5382 4.0278 0
      vertex 82.4301 4.17363 2
      vertex 82.4301 4.17363 0
    endloop
  endfacet
  facet normal -0.803352 -0.595504 0
    outer loop
      vertex 82.4301 4.17363 2
      vertex 82.5382 4.0278 0
      vertex 82.5382 4.0278 2
    endloop
  endfacet
  facet normal -0.671334 -0.741155 0
    outer loop
      vertex 82.1736 4.43007 0
      vertex 82.3082 4.30815 2
      vertex 82.1736 4.43007 2
    endloop
  endfacet
  facet normal -0.671334 -0.741155 -0
    outer loop
      vertex 82.3082 4.30815 2
      vertex 82.1736 4.43007 0
      vertex 82.3082 4.30815 0
    endloop
  endfacet
  facet normal -0.514131 -0.857712 0
    outer loop
      vertex 81.8721 4.63155 0
      vertex 82.0278 4.53822 2
      vertex 81.8721 4.63155 2
    endloop
  endfacet
  facet normal -0.514131 -0.857712 -0
    outer loop
      vertex 82.0278 4.53822 2
      vertex 81.8721 4.63155 0
      vertex 82.0278 4.53822 0
    endloop
  endfacet
  facet normal -0.427629 -0.903954 0
    outer loop
      vertex 81.708 4.70918 0
      vertex 81.8721 4.63155 2
      vertex 81.708 4.70918 2
    endloop
  endfacet
  facet normal -0.427629 -0.903954 -0
    outer loop
      vertex 81.8721 4.63155 2
      vertex 81.708 4.70918 0
      vertex 81.8721 4.63155 0
    endloop
  endfacet
  facet normal 0.969919 -0.24343 0
    outer loop
      vertex 79.1855 3.36092 2
      vertex 79.2297 3.53703 0
      vertex 79.2297 3.53703 2
    endloop
  endfacet
  facet normal 0.969919 -0.24343 0
    outer loop
      vertex 79.2297 3.53703 0
      vertex 79.1855 3.36092 2
      vertex 79.1855 3.36092 0
    endloop
  endfacet
  facet normal 0.989208 -0.146517 0
    outer loop
      vertex 79.1589 3.18133 2
      vertex 79.1855 3.36092 0
      vertex 79.1855 3.36092 2
    endloop
  endfacet
  facet normal 0.989208 -0.146517 0
    outer loop
      vertex 79.1855 3.36092 0
      vertex 79.1589 3.18133 2
      vertex 79.1589 3.18133 0
    endloop
  endfacet
  facet normal 0.904038 -0.427452 0
    outer loop
      vertex 79.2908 3.70796 2
      vertex 79.3684 3.87208 0
      vertex 79.3684 3.87208 2
    endloop
  endfacet
  facet normal 0.904038 -0.427452 0
    outer loop
      vertex 79.3684 3.87208 0
      vertex 79.2908 3.70796 2
      vertex 79.2908 3.70796 0
    endloop
  endfacet
  facet normal 0.857571 -0.514366 0
    outer loop
      vertex 79.3684 3.87208 2
      vertex 79.4618 4.0278 0
      vertex 79.4618 4.0278 2
    endloop
  endfacet
  facet normal 0.857571 -0.514366 0
    outer loop
      vertex 79.4618 4.0278 0
      vertex 79.3684 3.87208 2
      vertex 79.3684 3.87208 0
    endloop
  endfacet
  facet normal 0.33682 -0.941569 0
    outer loop
      vertex 80.292 4.70918 0
      vertex 80.45 4.7657 2
      vertex 80.292 4.70918 2
    endloop
  endfacet
  facet normal 0.33682 -0.941569 0
    outer loop
      vertex 80.45 4.7657 2
      vertex 80.292 4.70918 0
      vertex 80.45 4.7657 0
    endloop
  endfacet
  facet normal 0.595761 -0.803162 0
    outer loop
      vertex 79.8264 4.43007 0
      vertex 79.9722 4.53822 2
      vertex 79.8264 4.43007 2
    endloop
  endfacet
  facet normal 0.595761 -0.803162 0
    outer loop
      vertex 79.9722 4.53822 2
      vertex 79.8264 4.43007 0
      vertex 79.9722 4.53822 0
    endloop
  endfacet
  facet normal 0.671334 -0.741155 0
    outer loop
      vertex 79.6918 4.30815 0
      vertex 79.8264 4.43007 2
      vertex 79.6918 4.30815 2
    endloop
  endfacet
  facet normal 0.671334 -0.741155 0
    outer loop
      vertex 79.8264 4.43007 2
      vertex 79.6918 4.30815 0
      vertex 79.8264 4.43007 0
    endloop
  endfacet
  facet normal 0.514131 -0.857712 0
    outer loop
      vertex 79.9722 4.53822 0
      vertex 80.1279 4.63155 2
      vertex 79.9722 4.53822 2
    endloop
  endfacet
  facet normal 0.514131 -0.857712 0
    outer loop
      vertex 80.1279 4.63155 2
      vertex 79.9722 4.53822 0
      vertex 80.1279 4.63155 0
    endloop
  endfacet
  facet normal 0.741011 -0.671493 0
    outer loop
      vertex 79.5699 4.17363 2
      vertex 79.6918 4.30815 0
      vertex 79.6918 4.30815 2
    endloop
  endfacet
  facet normal 0.741011 -0.671493 0
    outer loop
      vertex 79.6918 4.30815 0
      vertex 79.5699 4.17363 2
      vertex 79.5699 4.17363 0
    endloop
  endfacet
  facet normal -0.998798 -0.0490228 0
    outer loop
      vertex 82.85 3 0
      vertex 82.8411 3.18133 2
      vertex 82.8411 3.18133 0
    endloop
  endfacet
  facet normal -0.998798 -0.0490228 0
    outer loop
      vertex 82.8411 3.18133 2
      vertex 82.85 3 0
      vertex 82.85 3 2
    endloop
  endfacet
  facet normal -0.146724 0.989177 0
    outer loop
      vertex 81.3609 1.18555 0
      vertex 81.1813 1.15891 2
      vertex 81.3609 1.18555 2
    endloop
  endfacet
  facet normal -0.146724 0.989177 0
    outer loop
      vertex 81.1813 1.15891 2
      vertex 81.3609 1.18555 0
      vertex 81.1813 1.15891 0
    endloop
  endfacet
  facet normal -0.969919 0.24343 0
    outer loop
      vertex 82.7703 2.46297 0
      vertex 82.8145 2.63908 2
      vertex 82.8145 2.63908 0
    endloop
  endfacet
  facet normal -0.969919 0.24343 0
    outer loop
      vertex 82.8145 2.63908 2
      vertex 82.7703 2.46297 0
      vertex 82.7703 2.46297 2
    endloop
  endfacet
  facet normal -0.857585 0.514342 0
    outer loop
      vertex 82.5382 1.97219 0
      vertex 82.6316 2.12792 2
      vertex 82.6316 2.12792 0
    endloop
  endfacet
  facet normal -0.857585 0.514342 0
    outer loop
      vertex 82.6316 2.12792 2
      vertex 82.5382 1.97219 0
      vertex 82.5382 1.97219 2
    endloop
  endfacet
  facet normal -0.336769 0.941587 0
    outer loop
      vertex 81.708 1.29082 0
      vertex 81.537 1.22966 2
      vertex 81.708 1.29082 2
    endloop
  endfacet
  facet normal -0.336769 0.941587 0
    outer loop
      vertex 81.537 1.22966 2
      vertex 81.708 1.29082 0
      vertex 81.537 1.22966 0
    endloop
  endfacet
  facet normal -0.741011 0.671493 0
    outer loop
      vertex 82.3082 1.69185 0
      vertex 82.4301 1.82637 2
      vertex 82.4301 1.82637 0
    endloop
  endfacet
  facet normal -0.741011 0.671493 0
    outer loop
      vertex 82.4301 1.82637 2
      vertex 82.3082 1.69185 0
      vertex 82.3082 1.69185 2
    endloop
  endfacet
  facet normal -0.671334 0.741155 0
    outer loop
      vertex 82.3082 1.69185 0
      vertex 82.1736 1.56993 2
      vertex 82.3082 1.69185 2
    endloop
  endfacet
  facet normal -0.671334 0.741155 0
    outer loop
      vertex 82.1736 1.56993 2
      vertex 82.3082 1.69185 0
      vertex 82.1736 1.56993 0
    endloop
  endfacet
  facet normal -0.514131 0.857712 0
    outer loop
      vertex 82.0278 1.46178 0
      vertex 81.8721 1.36845 2
      vertex 82.0278 1.46178 2
    endloop
  endfacet
  facet normal -0.514131 0.857712 0
    outer loop
      vertex 81.8721 1.36845 2
      vertex 82.0278 1.46178 0
      vertex 81.8721 1.36845 0
    endloop
  endfacet
  facet normal 0.242976 0.970032 -0
    outer loop
      vertex 80.6391 1.18555 0
      vertex 80.463 1.22966 2
      vertex 80.6391 1.18555 2
    endloop
  endfacet
  facet normal 0.242976 0.970032 0
    outer loop
      vertex 80.463 1.22966 2
      vertex 80.6391 1.18555 0
      vertex 80.463 1.22966 0
    endloop
  endfacet
  facet normal 0.427629 0.903954 -0
    outer loop
      vertex 80.292 1.29082 0
      vertex 80.1279 1.36845 2
      vertex 80.292 1.29082 2
    endloop
  endfacet
  facet normal 0.427629 0.903954 0
    outer loop
      vertex 80.1279 1.36845 2
      vertex 80.292 1.29082 0
      vertex 80.1279 1.36845 0
    endloop
  endfacet
  facet normal 0.941648 0.336598 0
    outer loop
      vertex 79.2908 2.29204 2
      vertex 79.2297 2.46297 0
      vertex 79.2297 2.46297 2
    endloop
  endfacet
  facet normal 0.941648 0.336598 0
    outer loop
      vertex 79.2297 2.46297 0
      vertex 79.2908 2.29204 2
      vertex 79.2908 2.29204 0
    endloop
  endfacet
  facet normal 0.969919 0.24343 0
    outer loop
      vertex 79.2297 2.46297 2
      vertex 79.1855 2.63908 0
      vertex 79.1855 2.63908 2
    endloop
  endfacet
  facet normal 0.969919 0.24343 0
    outer loop
      vertex 79.1855 2.63908 0
      vertex 79.2297 2.46297 2
      vertex 79.2297 2.46297 0
    endloop
  endfacet
  facet normal 0.989208 0.146517 0
    outer loop
      vertex 79.1855 2.63908 2
      vertex 79.1589 2.81867 0
      vertex 79.1589 2.81867 2
    endloop
  endfacet
  facet normal 0.989208 0.146517 0
    outer loop
      vertex 79.1589 2.81867 0
      vertex 79.1855 2.63908 2
      vertex 79.1855 2.63908 0
    endloop
  endfacet
  facet normal 0.741011 0.671493 0
    outer loop
      vertex 79.6918 1.69185 2
      vertex 79.5699 1.82637 0
      vertex 79.5699 1.82637 2
    endloop
  endfacet
  facet normal 0.741011 0.671493 0
    outer loop
      vertex 79.5699 1.82637 0
      vertex 79.6918 1.69185 2
      vertex 79.6918 1.69185 0
    endloop
  endfacet
  facet normal 0.857585 0.514342 0
    outer loop
      vertex 79.4618 1.97219 2
      vertex 79.3684 2.12792 0
      vertex 79.3684 2.12792 2
    endloop
  endfacet
  facet normal 0.857585 0.514342 0
    outer loop
      vertex 79.3684 2.12792 0
      vertex 79.4618 1.97219 2
      vertex 79.4618 1.97219 0
    endloop
  endfacet
  facet normal 0.998798 0.0490228 0
    outer loop
      vertex 79.1589 2.81867 2
      vertex 79.15 3 0
      vertex 79.15 3 2
    endloop
  endfacet
  facet normal 0.998798 0.0490228 0
    outer loop
      vertex 79.15 3 0
      vertex 79.1589 2.81867 2
      vertex 79.1589 2.81867 0
    endloop
  endfacet
  facet normal -0.989208 0.146517 0
    outer loop
      vertex 82.8145 2.63908 0
      vertex 82.8411 2.81867 2
      vertex 82.8411 2.81867 0
    endloop
  endfacet
  facet normal -0.989208 0.146517 0
    outer loop
      vertex 82.8411 2.81867 2
      vertex 82.8145 2.63908 0
      vertex 82.8145 2.63908 2
    endloop
  endfacet
  facet normal -0.242976 0.970032 0
    outer loop
      vertex 81.537 1.22966 0
      vertex 81.3609 1.18555 2
      vertex 81.537 1.22966 2
    endloop
  endfacet
  facet normal -0.242976 0.970032 0
    outer loop
      vertex 81.3609 1.18555 2
      vertex 81.537 1.22966 0
      vertex 81.3609 1.18555 0
    endloop
  endfacet
  facet normal -0.427629 0.903954 0
    outer loop
      vertex 81.8721 1.36845 0
      vertex 81.708 1.29082 2
      vertex 81.8721 1.36845 2
    endloop
  endfacet
  facet normal -0.427629 0.903954 0
    outer loop
      vertex 81.708 1.29082 2
      vertex 81.8721 1.36845 0
      vertex 81.708 1.29082 0
    endloop
  endfacet
  facet normal -0.595761 0.803162 0
    outer loop
      vertex 82.1736 1.56993 0
      vertex 82.0278 1.46178 2
      vertex 82.1736 1.56993 2
    endloop
  endfacet
  facet normal -0.595761 0.803162 0
    outer loop
      vertex 82.0278 1.46178 2
      vertex 82.1736 1.56993 0
      vertex 82.0278 1.46178 0
    endloop
  endfacet
  facet normal -0.0490858 0.998795 0
    outer loop
      vertex 81.1813 1.15891 0
      vertex 81 1.15 2
      vertex 81.1813 1.15891 2
    endloop
  endfacet
  facet normal -0.0490858 0.998795 0
    outer loop
      vertex 81 1.15 2
      vertex 81.1813 1.15891 0
      vertex 81 1.15 0
    endloop
  endfacet
  facet normal 0.146724 0.989177 -0
    outer loop
      vertex 80.8187 1.15891 0
      vertex 80.6391 1.18555 2
      vertex 80.8187 1.15891 2
    endloop
  endfacet
  facet normal 0.146724 0.989177 0
    outer loop
      vertex 80.6391 1.18555 2
      vertex 80.8187 1.15891 0
      vertex 80.6391 1.18555 0
    endloop
  endfacet
  facet normal 0.336769 0.941587 -0
    outer loop
      vertex 80.463 1.22966 0
      vertex 80.292 1.29082 2
      vertex 80.463 1.22966 2
    endloop
  endfacet
  facet normal 0.336769 0.941587 0
    outer loop
      vertex 80.292 1.29082 2
      vertex 80.463 1.22966 0
      vertex 80.292 1.29082 0
    endloop
  endfacet
  facet normal 0.514131 0.857712 -0
    outer loop
      vertex 80.1279 1.36845 0
      vertex 79.9722 1.46178 2
      vertex 80.1279 1.36845 2
    endloop
  endfacet
  facet normal 0.514131 0.857712 0
    outer loop
      vertex 79.9722 1.46178 2
      vertex 80.1279 1.36845 0
      vertex 79.9722 1.46178 0
    endloop
  endfacet
  facet normal 0.904038 0.427452 0
    outer loop
      vertex 79.3684 2.12792 2
      vertex 79.2908 2.29204 0
      vertex 79.2908 2.29204 2
    endloop
  endfacet
  facet normal 0.904038 0.427452 0
    outer loop
      vertex 79.2908 2.29204 0
      vertex 79.3684 2.12792 2
      vertex 79.3684 2.12792 0
    endloop
  endfacet
  facet normal 0.803333 0.595531 0
    outer loop
      vertex 79.5699 1.82637 2
      vertex 79.4618 1.97219 0
      vertex 79.4618 1.97219 2
    endloop
  endfacet
  facet normal 0.803333 0.595531 0
    outer loop
      vertex 79.4618 1.97219 0
      vertex 79.5699 1.82637 2
      vertex 79.5699 1.82637 0
    endloop
  endfacet
  facet normal 0.671334 0.741155 -0
    outer loop
      vertex 79.8264 1.56993 0
      vertex 79.6918 1.69185 2
      vertex 79.8264 1.56993 2
    endloop
  endfacet
  facet normal 0.671334 0.741155 0
    outer loop
      vertex 79.6918 1.69185 2
      vertex 79.8264 1.56993 0
      vertex 79.6918 1.69185 0
    endloop
  endfacet
  facet normal -0.904038 0.427452 0
    outer loop
      vertex 82.6316 2.12792 0
      vertex 82.7092 2.29204 2
      vertex 82.7092 2.29204 0
    endloop
  endfacet
  facet normal -0.904038 0.427452 0
    outer loop
      vertex 82.7092 2.29204 2
      vertex 82.6316 2.12792 0
      vertex 82.6316 2.12792 2
    endloop
  endfacet
  facet normal 1 -0 0
    outer loop
      vertex 80.45 4.7657 2
      vertex 80.45 8 0
      vertex 80.45 8 2
    endloop
  endfacet
  facet normal 1 0 0
    outer loop
      vertex 80.45 8 0
      vertex 80.45 4.7657 2
      vertex 80.45 4.7657 0
    endloop
  endfacet
  facet normal -1 0 0
    outer loop
      vertex 81.55 4.7657 0
      vertex 81.55 8 2
      vertex 81.55 8 0
    endloop
  endfacet
  facet normal -1 -0 0
    outer loop
      vertex 81.55 8 2
      vertex 81.55 4.7657 0
      vertex 81.55 4.7657 2
    endloop
  endfacet
  facet normal 0 -1 0
    outer loop
      vertex 80.45 8 0
      vertex 81.55 8 2
      vertex 80.45 8 2
    endloop
  endfacet
  facet normal 0 -1 -0
    outer loop
      vertex 81.55 8 2
      vertex 80.45 8 0
      vertex 81.55 8 0
    endloop
  endfacet
  facet normal -0.595583 -0.803294 0
    outer loop
      vertex 82.0278 44.5382 0
      vertex 82.1736 44.4301 2
      vertex 82.0278 44.5382 2
    endloop
  endfacet
  facet normal -0.595583 -0.803294 -0
    outer loop
      vertex 82.1736 44.4301 2
      vertex 82.0278 44.5382 0
      vertex 82.1736 44.4301 0
    endloop
  endfacet
  facet normal 0.427494 -0.904018 0
    outer loop
      vertex 80.1279 44.6316 0
      vertex 80.292 44.7092 2
      vertex 80.1279 44.6316 2
    endloop
  endfacet
  facet normal 0.427494 -0.904018 0
    outer loop
      vertex 80.292 44.7092 2
      vertex 80.1279 44.6316 0
      vertex 80.292 44.7092 0
    endloop
  endfacet
  facet normal 0.941692 -0.336476 0
    outer loop
      vertex 79.2297 43.537 2
      vertex 79.2908 43.708 0
      vertex 79.2908 43.708 2
    endloop
  endfacet
  facet normal 0.941692 -0.336476 0
    outer loop
      vertex 79.2908 43.708 0
      vertex 79.2297 43.537 2
      vertex 79.2297 43.537 0
    endloop
  endfacet
  facet normal -0.998797 0.0490309 0
    outer loop
      vertex 82.8411 42.8187 0
      vertex 82.85 43 2
      vertex 82.85 43 0
    endloop
  endfacet
  facet normal -0.998797 0.0490309 0
    outer loop
      vertex 82.85 43 2
      vertex 82.8411 42.8187 0
      vertex 82.8411 42.8187 2
    endloop
  endfacet
  facet normal 0.336714 0.941607 -0
    outer loop
      vertex 80.45 41.2343 0
      vertex 80.292 41.2908 2
      vertex 80.45 41.2343 2
    endloop
  endfacet
  facet normal 0.336714 0.941607 0
    outer loop
      vertex 80.292 41.2908 2
      vertex 80.45 41.2343 0
      vertex 80.292 41.2908 0
    endloop
  endfacet
  facet normal -0.904018 -0.427494 0
    outer loop
      vertex 82.7092 43.708 0
      vertex 82.6316 43.8721 2
      vertex 82.6316 43.8721 0
    endloop
  endfacet
  facet normal -0.904018 -0.427494 0
    outer loop
      vertex 82.6316 43.8721 2
      vertex 82.7092 43.708 0
      vertex 82.7092 43.708 2
    endloop
  endfacet
  facet normal -0.857542 -0.514415 0
    outer loop
      vertex 82.6316 43.8721 0
      vertex 82.5382 44.0278 2
      vertex 82.5382 44.0278 0
    endloop
  endfacet
  facet normal -0.857542 -0.514415 0
    outer loop
      vertex 82.5382 44.0278 2
      vertex 82.6316 43.8721 0
      vertex 82.6316 43.8721 2
    endloop
  endfacet
  facet normal -0.336476 -0.941692 0
    outer loop
      vertex 81.537 44.7703 0
      vertex 81.708 44.7092 2
      vertex 81.537 44.7703 2
    endloop
  endfacet
  facet normal -0.336476 -0.941692 -0
    outer loop
      vertex 81.708 44.7092 2
      vertex 81.537 44.7703 0
      vertex 81.708 44.7092 0
    endloop
  endfacet
  facet normal -0.0490309 -0.998797 0
    outer loop
      vertex 81 44.85 0
      vertex 81.1813 44.8411 2
      vertex 81 44.85 2
    endloop
  endfacet
  facet normal -0.0490309 -0.998797 -0
    outer loop
      vertex 81.1813 44.8411 2
      vertex 81 44.85 0
      vertex 81.1813 44.8411 0
    endloop
  endfacet
  facet normal 0.998797 -0.0490309 0
    outer loop
      vertex 79.15 43 2
      vertex 79.1589 43.1813 0
      vertex 79.1589 43.1813 2
    endloop
  endfacet
  facet normal 0.998797 -0.0490309 0
    outer loop
      vertex 79.1589 43.1813 0
      vertex 79.15 43 2
      vertex 79.15 43 0
    endloop
  endfacet
  facet normal 0.803294 -0.595583 0
    outer loop
      vertex 79.4618 44.0278 2
      vertex 79.5699 44.1736 0
      vertex 79.5699 44.1736 2
    endloop
  endfacet
  facet normal 0.803294 -0.595583 0
    outer loop
      vertex 79.5699 44.1736 0
      vertex 79.4618 44.0278 2
      vertex 79.4618 44.0278 0
    endloop
  endfacet
  facet normal 0.243443 -0.969915 0
    outer loop
      vertex 80.463 44.7703 0
      vertex 80.6391 44.8145 2
      vertex 80.463 44.7703 2
    endloop
  endfacet
  facet normal 0.243443 -0.969915 0
    outer loop
      vertex 80.6391 44.8145 2
      vertex 80.463 44.7703 0
      vertex 80.6391 44.8145 0
    endloop
  endfacet
  facet normal -0.803294 0.595583 0
    outer loop
      vertex 82.4301 41.8264 0
      vertex 82.5382 41.9722 2
      vertex 82.5382 41.9722 0
    endloop
  endfacet
  facet normal -0.803294 0.595583 0
    outer loop
      vertex 82.5382 41.9722 2
      vertex 82.4301 41.8264 0
      vertex 82.4301 41.8264 2
    endloop
  endfacet
  facet normal -0.941692 0.336476 0
    outer loop
      vertex 82.7092 42.292 0
      vertex 82.7703 42.463 2
      vertex 82.7703 42.463 0
    endloop
  endfacet
  facet normal -0.941692 0.336476 0
    outer loop
      vertex 82.7703 42.463 2
      vertex 82.7092 42.292 0
      vertex 82.7092 42.292 2
    endloop
  endfacet
  facet normal 0.595583 0.803294 -0
    outer loop
      vertex 79.9722 41.4618 0
      vertex 79.8264 41.5699 2
      vertex 79.9722 41.4618 2
    endloop
  endfacet
  facet normal 0.595583 0.803294 0
    outer loop
      vertex 79.8264 41.5699 2
      vertex 79.9722 41.4618 0
      vertex 79.8264 41.5699 0
    endloop
  endfacet
  facet normal 0.969915 0.243443 0
    outer loop
      vertex 79.2297 42.463 2
      vertex 79.1855 42.6391 0
      vertex 79.1855 42.6391 2
    endloop
  endfacet
  facet normal 0.969915 0.243443 0
    outer loop
      vertex 79.1855 42.6391 0
      vertex 79.2297 42.463 2
      vertex 79.2297 42.463 0
    endloop
  endfacet
  facet normal -0.989209 -0.146509 0
    outer loop
      vertex 82.8411 43.1813 0
      vertex 82.8145 43.3609 2
      vertex 82.8145 43.3609 0
    endloop
  endfacet
  facet normal -0.989209 -0.146509 0
    outer loop
      vertex 82.8145 43.3609 2
      vertex 82.8411 43.1813 0
      vertex 82.8411 43.1813 2
    endloop
  endfacet
  facet normal -0.969915 -0.243443 0
    outer loop
      vertex 82.8145 43.3609 0
      vertex 82.7703 43.537 2
      vertex 82.7703 43.537 0
    endloop
  endfacet
  facet normal -0.969915 -0.243443 0
    outer loop
      vertex 82.7703 43.537 2
      vertex 82.8145 43.3609 0
      vertex 82.8145 43.3609 2
    endloop
  endfacet
  facet normal -0.941692 -0.336476 0
    outer loop
      vertex 82.7703 43.537 0
      vertex 82.7092 43.708 2
      vertex 82.7092 43.708 0
    endloop
  endfacet
  facet normal -0.941692 -0.336476 0
    outer loop
      vertex 82.7092 43.708 2
      vertex 82.7703 43.537 0
      vertex 82.7703 43.537 2
    endloop
  endfacet
  facet normal -0.740961 -0.671548 0
    outer loop
      vertex 82.4301 44.1736 0
      vertex 82.3082 44.3081 2
      vertex 82.3082 44.3081 0
    endloop
  endfacet
  facet normal -0.740961 -0.671548 0
    outer loop
      vertex 82.3082 44.3081 2
      vertex 82.4301 44.1736 0
      vertex 82.4301 44.1736 2
    endloop
  endfacet
  facet normal -0.803294 -0.595583 0
    outer loop
      vertex 82.5382 44.0278 0
      vertex 82.4301 44.1736 2
      vertex 82.4301 44.1736 0
    endloop
  endfacet
  facet normal -0.803294 -0.595583 0
    outer loop
      vertex 82.4301 44.1736 2
      vertex 82.5382 44.0278 0
      vertex 82.5382 44.0278 2
    endloop
  endfacet
  facet normal -0.671576 -0.740936 0
    outer loop
      vertex 82.1736 44.4301 0
      vertex 82.3082 44.3081 2
      vertex 82.1736 44.4301 2
    endloop
  endfacet
  facet normal -0.671576 -0.740936 -0
    outer loop
      vertex 82.3082 44.3081 2
      vertex 82.1736 44.4301 0
      vertex 82.3082 44.3081 0
    endloop
  endfacet
  facet normal -0.514415 -0.857542 0
    outer loop
      vertex 81.8721 44.6316 0
      vertex 82.0278 44.5382 2
      vertex 81.8721 44.6316 2
    endloop
  endfacet
  facet normal -0.514415 -0.857542 -0
    outer loop
      vertex 82.0278 44.5382 2
      vertex 81.8721 44.6316 0
      vertex 82.0278 44.5382 0
    endloop
  endfacet
  facet normal 0.0490309 -0.998797 0
    outer loop
      vertex 80.8187 44.8411 0
      vertex 81 44.85 2
      vertex 80.8187 44.8411 2
    endloop
  endfacet
  facet normal 0.0490309 -0.998797 0
    outer loop
      vertex 81 44.85 2
      vertex 80.8187 44.8411 0
      vertex 81 44.85 0
    endloop
  endfacet
  facet normal -0.427494 -0.904018 0
    outer loop
      vertex 81.708 44.7092 0
      vertex 81.8721 44.6316 2
      vertex 81.708 44.7092 2
    endloop
  endfacet
  facet normal -0.427494 -0.904018 -0
    outer loop
      vertex 81.8721 44.6316 2
      vertex 81.708 44.7092 0
      vertex 81.8721 44.6316 0
    endloop
  endfacet
  facet normal -0.243443 -0.969915 0
    outer loop
      vertex 81.3609 44.8145 0
      vertex 81.537 44.7703 2
      vertex 81.3609 44.8145 2
    endloop
  endfacet
  facet normal -0.243443 -0.969915 -0
    outer loop
      vertex 81.537 44.7703 2
      vertex 81.3609 44.8145 0
      vertex 81.537 44.7703 0
    endloop
  endfacet
  facet normal -0.146509 -0.989209 0
    outer loop
      vertex 81.1813 44.8411 0
      vertex 81.3609 44.8145 2
      vertex 81.1813 44.8411 2
    endloop
  endfacet
  facet normal -0.146509 -0.989209 -0
    outer loop
      vertex 81.3609 44.8145 2
      vertex 81.1813 44.8411 0
      vertex 81.3609 44.8145 0
    endloop
  endfacet
  facet normal 0.998797 0.0490309 0
    outer loop
      vertex 79.1589 42.8187 2
      vertex 79.15 43 0
      vertex 79.15 43 2
    endloop
  endfacet
  facet normal 0.998797 0.0490309 0
    outer loop
      vertex 79.15 43 0
      vertex 79.1589 42.8187 2
      vertex 79.1589 42.8187 0
    endloop
  endfacet
  facet normal 0.969915 -0.243443 0
    outer loop
      vertex 79.1855 43.3609 2
      vertex 79.2297 43.537 0
      vertex 79.2297 43.537 2
    endloop
  endfacet
  facet normal 0.969915 -0.243443 0
    outer loop
      vertex 79.2297 43.537 0
      vertex 79.1855 43.3609 2
      vertex 79.1855 43.3609 0
    endloop
  endfacet
  facet normal 0.989209 -0.146509 0
    outer loop
      vertex 79.1589 43.1813 2
      vertex 79.1855 43.3609 0
      vertex 79.1855 43.3609 2
    endloop
  endfacet
  facet normal 0.989209 -0.146509 0
    outer loop
      vertex 79.1855 43.3609 0
      vertex 79.1589 43.1813 2
      vertex 79.1589 43.1813 0
    endloop
  endfacet
  facet normal 0.904018 -0.427494 0
    outer loop
      vertex 79.2908 43.708 2
      vertex 79.3684 43.8721 0
      vertex 79.3684 43.8721 2
    endloop
  endfacet
  facet normal 0.904018 -0.427494 0
    outer loop
      vertex 79.3684 43.8721 0
      vertex 79.2908 43.708 2
      vertex 79.2908 43.708 0
    endloop
  endfacet
  facet normal 0.857542 -0.514415 0
    outer loop
      vertex 79.3684 43.8721 2
      vertex 79.4618 44.0278 0
      vertex 79.4618 44.0278 2
    endloop
  endfacet
  facet normal 0.857542 -0.514415 0
    outer loop
      vertex 79.4618 44.0278 0
      vertex 79.3684 43.8721 2
      vertex 79.3684 43.8721 0
    endloop
  endfacet
  facet normal 0.336476 -0.941692 0
    outer loop
      vertex 80.292 44.7092 0
      vertex 80.463 44.7703 2
      vertex 80.292 44.7092 2
    endloop
  endfacet
  facet normal 0.336476 -0.941692 0
    outer loop
      vertex 80.463 44.7703 2
      vertex 80.292 44.7092 0
      vertex 80.463 44.7703 0
    endloop
  endfacet
  facet normal 0.146509 -0.989209 0
    outer loop
      vertex 80.6391 44.8145 0
      vertex 80.8187 44.8411 2
      vertex 80.6391 44.8145 2
    endloop
  endfacet
  facet normal 0.146509 -0.989209 0
    outer loop
      vertex 80.8187 44.8411 2
      vertex 80.6391 44.8145 0
      vertex 80.8187 44.8411 0
    endloop
  endfacet
  facet normal 0.595583 -0.803294 0
    outer loop
      vertex 79.8264 44.4301 0
      vertex 79.9722 44.5382 2
      vertex 79.8264 44.4301 2
    endloop
  endfacet
  facet normal 0.595583 -0.803294 0
    outer loop
      vertex 79.9722 44.5382 2
      vertex 79.8264 44.4301 0
      vertex 79.9722 44.5382 0
    endloop
  endfacet
  facet normal 0.671576 -0.740936 0
    outer loop
      vertex 79.6918 44.3081 0
      vertex 79.8264 44.4301 2
      vertex 79.6918 44.3081 2
    endloop
  endfacet
  facet normal 0.671576 -0.740936 0
    outer loop
      vertex 79.8264 44.4301 2
      vertex 79.6918 44.3081 0
      vertex 79.8264 44.4301 0
    endloop
  endfacet
  facet normal 0.514415 -0.857542 0
    outer loop
      vertex 79.9722 44.5382 0
      vertex 80.1279 44.6316 2
      vertex 79.9722 44.5382 2
    endloop
  endfacet
  facet normal 0.514415 -0.857542 0
    outer loop
      vertex 80.1279 44.6316 2
      vertex 79.9722 44.5382 0
      vertex 80.1279 44.6316 0
    endloop
  endfacet
  facet normal 0.740961 -0.671548 0
    outer loop
      vertex 79.5699 44.1736 2
      vertex 79.6918 44.3081 0
      vertex 79.6918 44.3081 2
    endloop
  endfacet
  facet normal 0.740961 -0.671548 0
    outer loop
      vertex 79.6918 44.3081 0
      vertex 79.5699 44.1736 2
      vertex 79.5699 44.1736 0
    endloop
  endfacet
  facet normal -0.998797 -0.0490309 0
    outer loop
      vertex 82.85 43 0
      vertex 82.8411 43.1813 2
      vertex 82.8411 43.1813 0
    endloop
  endfacet
  facet normal -0.998797 -0.0490309 0
    outer loop
      vertex 82.8411 43.1813 2
      vertex 82.85 43 0
      vertex 82.85 43 2
    endloop
  endfacet
  facet normal -0.969915 0.243443 0
    outer loop
      vertex 82.7703 42.463 0
      vertex 82.8145 42.6391 2
      vertex 82.8145 42.6391 0
    endloop
  endfacet
  facet normal -0.969915 0.243443 0
    outer loop
      vertex 82.8145 42.6391 2
      vertex 82.7703 42.463 0
      vertex 82.7703 42.463 2
    endloop
  endfacet
  facet normal -0.336714 0.941607 0
    outer loop
      vertex 81.708 41.2908 0
      vertex 81.55 41.2343 2
      vertex 81.708 41.2908 2
    endloop
  endfacet
  facet normal -0.336714 0.941607 0
    outer loop
      vertex 81.55 41.2343 2
      vertex 81.708 41.2908 0
      vertex 81.55 41.2343 0
    endloop
  endfacet
  facet normal -0.671576 0.740936 0
    outer loop
      vertex 82.3082 41.6919 0
      vertex 82.1736 41.5699 2
      vertex 82.3082 41.6919 2
    endloop
  endfacet
  facet normal -0.671576 0.740936 0
    outer loop
      vertex 82.1736 41.5699 2
      vertex 82.3082 41.6919 0
      vertex 82.1736 41.5699 0
    endloop
  endfacet
  facet normal -0.514415 0.857542 0
    outer loop
      vertex 82.0278 41.4618 0
      vertex 81.8721 41.3684 2
      vertex 82.0278 41.4618 2
    endloop
  endfacet
  facet normal -0.514415 0.857542 0
    outer loop
      vertex 81.8721 41.3684 2
      vertex 82.0278 41.4618 0
      vertex 81.8721 41.3684 0
    endloop
  endfacet
  facet normal 0.427494 0.904018 -0
    outer loop
      vertex 80.292 41.2908 0
      vertex 80.1279 41.3684 2
      vertex 80.292 41.2908 2
    endloop
  endfacet
  facet normal 0.427494 0.904018 0
    outer loop
      vertex 80.1279 41.3684 2
      vertex 80.292 41.2908 0
      vertex 80.1279 41.3684 0
    endloop
  endfacet
  facet normal 0.941692 0.336476 0
    outer loop
      vertex 79.2908 42.292 2
      vertex 79.2297 42.463 0
      vertex 79.2297 42.463 2
    endloop
  endfacet
  facet normal 0.941692 0.336476 0
    outer loop
      vertex 79.2297 42.463 0
      vertex 79.2908 42.292 2
      vertex 79.2908 42.292 0
    endloop
  endfacet
  facet normal 0.989209 0.146509 0
    outer loop
      vertex 79.1855 42.6391 2
      vertex 79.1589 42.8187 0
      vertex 79.1589 42.8187 2
    endloop
  endfacet
  facet normal 0.989209 0.146509 0
    outer loop
      vertex 79.1589 42.8187 0
      vertex 79.1855 42.6391 2
      vertex 79.1855 42.6391 0
    endloop
  endfacet
  facet normal 0.740961 0.671548 0
    outer loop
      vertex 79.6918 41.6919 2
      vertex 79.5699 41.8264 0
      vertex 79.5699 41.8264 2
    endloop
  endfacet
  facet normal 0.740961 0.671548 0
    outer loop
      vertex 79.5699 41.8264 0
      vertex 79.6918 41.6919 2
      vertex 79.6918 41.6919 0
    endloop
  endfacet
  facet normal 0.857542 0.514415 0
    outer loop
      vertex 79.4618 41.9722 2
      vertex 79.3684 42.1279 0
      vertex 79.3684 42.1279 2
    endloop
  endfacet
  facet normal 0.857542 0.514415 0
    outer loop
      vertex 79.3684 42.1279 0
      vertex 79.4618 41.9722 2
      vertex 79.4618 41.9722 0
    endloop
  endfacet
  facet normal 0.671576 0.740936 -0
    outer loop
      vertex 79.8264 41.5699 0
      vertex 79.6918 41.6919 2
      vertex 79.8264 41.5699 2
    endloop
  endfacet
  facet normal 0.671576 0.740936 0
    outer loop
      vertex 79.6918 41.6919 2
      vertex 79.8264 41.5699 0
      vertex 79.6918 41.6919 0
    endloop
  endfacet
  facet normal -0.989209 0.146509 0
    outer loop
      vertex 82.8145 42.6391 0
      vertex 82.8411 42.8187 2
      vertex 82.8411 42.8187 0
    endloop
  endfacet
  facet normal -0.989209 0.146509 0
    outer loop
      vertex 82.8411 42.8187 2
      vertex 82.8145 42.6391 0
      vertex 82.8145 42.6391 2
    endloop
  endfacet
  facet normal -0.904018 0.427494 0
    outer loop
      vertex 82.6316 42.1279 0
      vertex 82.7092 42.292 2
      vertex 82.7092 42.292 0
    endloop
  endfacet
  facet normal -0.904018 0.427494 0
    outer loop
      vertex 82.7092 42.292 2
      vertex 82.6316 42.1279 0
      vertex 82.6316 42.1279 2
    endloop
  endfacet
  facet normal -0.857542 0.514415 0
    outer loop
      vertex 82.5382 41.9722 0
      vertex 82.6316 42.1279 2
      vertex 82.6316 42.1279 0
    endloop
  endfacet
  facet normal -0.857542 0.514415 0
    outer loop
      vertex 82.6316 42.1279 2
      vertex 82.5382 41.9722 0
      vertex 82.5382 41.9722 2
    endloop
  endfacet
  facet normal -0.427494 0.904018 0
    outer loop
      vertex 81.8721 41.3684 0
      vertex 81.708 41.2908 2
      vertex 81.8721 41.3684 2
    endloop
  endfacet
  facet normal -0.427494 0.904018 0
    outer loop
      vertex 81.708 41.2908 2
      vertex 81.8721 41.3684 0
      vertex 81.708 41.2908 0
    endloop
  endfacet
  facet normal -0.740961 0.671548 0
    outer loop
      vertex 82.3082 41.6919 0
      vertex 82.4301 41.8264 2
      vertex 82.4301 41.8264 0
    endloop
  endfacet
  facet normal -0.740961 0.671548 0
    outer loop
      vertex 82.4301 41.8264 2
      vertex 82.3082 41.6919 0
      vertex 82.3082 41.6919 2
    endloop
  endfacet
  facet normal -0.595583 0.803294 0
    outer loop
      vertex 82.1736 41.5699 0
      vertex 82.0278 41.4618 2
      vertex 82.1736 41.5699 2
    endloop
  endfacet
  facet normal -0.595583 0.803294 0
    outer loop
      vertex 82.0278 41.4618 2
      vertex 82.1736 41.5699 0
      vertex 82.0278 41.4618 0
    endloop
  endfacet
  facet normal 0.514415 0.857542 -0
    outer loop
      vertex 80.1279 41.3684 0
      vertex 79.9722 41.4618 2
      vertex 80.1279 41.3684 2
    endloop
  endfacet
  facet normal 0.514415 0.857542 0
    outer loop
      vertex 79.9722 41.4618 2
      vertex 80.1279 41.3684 0
      vertex 79.9722 41.4618 0
    endloop
  endfacet
  facet normal 0.904018 0.427494 0
    outer loop
      vertex 79.3684 42.1279 2
      vertex 79.2908 42.292 0
      vertex 79.2908 42.292 2
    endloop
  endfacet
  facet normal 0.904018 0.427494 0
    outer loop
      vertex 79.2908 42.292 0
      vertex 79.3684 42.1279 2
      vertex 79.3684 42.1279 0
    endloop
  endfacet
  facet normal 0.803294 0.595583 0
    outer loop
      vertex 79.5699 41.8264 2
      vertex 79.4618 41.9722 0
      vertex 79.4618 41.9722 2
    endloop
  endfacet
  facet normal 0.803294 0.595583 0
    outer loop
      vertex 79.4618 41.9722 0
      vertex 79.5699 41.8264 2
      vertex 79.5699 41.8264 0
    endloop
  endfacet
  facet normal 1 -0 0
    outer loop
      vertex 80.45 38 2
      vertex 80.45 41.2343 0
      vertex 80.45 41.2343 2
    endloop
  endfacet
  facet normal 1 0 0
    outer loop
      vertex 80.45 41.2343 0
      vertex 80.45 38 2
      vertex 80.45 38 0
    endloop
  endfacet
  facet normal -1 0 0
    outer loop
      vertex 81.55 38 0
      vertex 81.55 41.2343 2
      vertex 81.55 41.2343 0
    endloop
  endfacet
  facet normal -1 -0 0
    outer loop
      vertex 81.55 41.2343 2
      vertex 81.55 38 0
      vertex 81.55 38 2
    endloop
  endfacet
  facet normal 0 1 -0
    outer loop
      vertex 81.55 38 0
      vertex 80.45 38 2
      vertex 81.55 38 2
    endloop
  endfacet
  facet normal 0 1 0
    outer loop
      vertex 80.45 38 2
      vertex 81.55 38 0
      vertex 80.45 38 0
    endloop
  endfacet
  facet normal 1 -0 0
    outer loop
      vertex 31 18 2
      vertex 31 28 0
      vertex 31 28 2
    endloop
  endfacet
  facet normal 1 0 0
    outer loop
      vertex 31 28 0
      vertex 31 18 2
      vertex 31 18 0
    endloop
  endfacet
  facet normal -1 0 0
    outer loop
      vertex 41 18 0
      vertex 41 28 2
      vertex 41 28 0
    endloop
  endfacet
  facet normal -1 -0 0
    outer loop
      vertex 41 28 2
      vertex 41 18 0
      vertex 41 18 2
    endloop
  endfacet
  facet normal 0 1 -0
    outer loop
      vertex 41 18 0
      vertex 31 18 2
      vertex 41 18 2
    endloop
  endfacet
  facet normal 0 1 0
    outer loop
      vertex 31 18 2
      vertex 41 18 0
      vertex 31 18 0
    endloop
  endfacet
  facet normal 0 -1 0
    outer loop
      vertex 31 28 0
      vertex 41 28 2
      vertex 31 28 2
    endloop
  endfacet
  facet normal 0 -1 -0
    outer loop
      vertex 41 28 2
      vertex 31 28 0
      vertex 41 28 0
    endloop
  endfacet
  facet normal 1 -0 0
    outer loop
      vertex 72 18 2
      vertex 72 30 0
      vertex 72 30 2
    endloop
  endfacet
  facet normal 1 0 0
    outer loop
      vertex 72 30 0
      vertex 72 18 2
      vertex 72 18 0
    endloop
  endfacet
  facet normal -1 0 0
    outer loop
      vertex 82 18 0
      vertex 82 30 2
      vertex 82 30 0
    endloop
  endfacet
  facet normal -1 -0 0
    outer loop
      vertex 82 30 2
      vertex 82 18 0
      vertex 82 18 2
    endloop
  endfacet
  facet normal 0 -1 0
    outer loop
      vertex 72 30 0
      vertex 82 30 2
      vertex 72 30 2
    endloop
  endfacet
  facet normal 0 -1 -0
    outer loop
      vertex 82 30 2
      vertex 72 30 0
      vertex 82 30 0
    endloop
  endfacet
  facet normal 0 1 -0
    outer loop
      vertex 82 18 0
      vertex 72 18 2
      vertex 82 18 2
    endloop
  endfacet
  facet normal 0 1 0
    outer loop
      vertex 72 18 2
      vertex 82 18 0
      vertex 72 18 0
    endloop
  endfacet
endsolid OpenSCAD_Model
